bias,cand_sampler,n_voters,n_candidates,time_steps,trial,cyclic_start,condorcet_start,unique_start,intransative_start,cyclic_end,condorcet_end,unique_end,intransative_end,cyclic_true,condorcet_true,unique_true,intransative_true
0.1,Random,51,5,1.,1,false,true,37,false,false,true,39,false,false,true,41,false
0.1,Random,51,5,1.,2,false,true,37,false,false,true,28,false,true,true,37,true
0.1,Random,51,5,1.,3,false,true,37,false,false,true,30,false,false,true,34,false
0.1,Random,81,5,1.,1,false,true,42,false,false,true,16,false,false,true,43,false
0.1,Random,81,5,1.,2,false,true,57,false,false,true,39,false,false,true,52,false
0.1,Random,81,5,1.,3,false,true,52,false,false,true,55,false,false,true,49,false
0.1,Random,111,5,1.,1,false,true,56,false,false,true,31,false,false,true,58,false
0.1,Random,111,5,1.,2,false,true,56,false,false,true,46,false,false,true,56,false
0.1,Random,111,5,1.,3,false,true,57,false,false,true,43,false,false,true,58,false
0.1,Random,51,7,1.,1,false,true,51,false,true,true,51,true,false,true,51,false
0.1,Random,51,7,1.,2,false,true,51,false,true,false,51,true,false,true,48,false
0.1,Random,51,7,1.,3,false,true,50,false,false,true,46,false,true,true,49,true
0.1,Random,81,7,1.,1,false,true,77,false,false,true,74,false,false,true,80,false
0.1,Random,81,7,1.,2,false,true,79,false,false,true,80,false,false,true,77,false
0.1,Random,81,7,1.,3,true,false,80,true,false,true,80,false,true,true,81,true
0.1,Random,111,7,1.,1,false,true,109,false,false,true,68,false,true,true,111,true
0.1,Random,111,7,1.,2,false,true,109,false,false,true,106,false,false,true,111,false
0.1,Random,111,7,1.,3,false,true,107,false,false,true,108,false,false,true,109,false
0.1,Random,51,9,1.,1,true,true,51,true,false,true,51,false,true,false,51,true
0.1,Random,51,9,1.,2,true,true,51,true,false,true,51,false,true,true,51,true
0.1,Random,51,9,1.,3,true,true,51,true,false,true,51,false,false,true,51,false
0.1,Random,81,9,1.,1,true,true,81,true,false,true,80,false,false,true,81,false
0.1,Random,81,9,1.,2,true,true,81,true,true,true,81,true,true,true,81,true
0.1,Random,81,9,1.,3,true,true,81,true,false,true,81,false,false,true,81,false
0.1,Random,111,9,1.,1,false,true,111,false,true,false,110,true,false,true,111,false
0.1,Random,111,9,1.,2,true,true,111,true,false,true,111,false,true,true,111,true
0.1,Random,111,9,1.,3,true,true,111,true,false,true,111,false,false,true,111,false
0.2,Random,51,5,1.,1,false,true,37,false,true,true,35,true,false,true,34,false
0.2,Random,51,5,1.,2,false,true,40,false,false,true,36,false,false,true,39,false
0.2,Random,51,5,1.,3,false,true,36,false,false,true,19,false,false,true,38,false
0.2,Random,81,5,1.,1,false,true,50,false,false,true,17,false,false,true,53,false
0.2,Random,81,5,1.,2,false,true,58,false,false,true,61,false,false,true,56,false
0.2,Random,81,5,1.,3,false,true,51,false,true,true,54,true,false,true,49,false
0.2,Random,111,5,1.,1,false,true,64,false,true,false,60,true,false,true,63,false
0.2,Random,111,5,1.,2,false,true,64,false,true,false,69,true,false,true,58,false
0.2,Random,111,5,1.,3,false,true,60,false,false,true,66,false,false,true,55,false
0.2,Random,51,7,1.,1,false,true,49,false,false,true,49,false,false,true,51,false
0.2,Random,51,7,1.,2,true,true,51,true,false,true,42,false,false,true,51,false
0.2,Random,51,7,1.,3,true,true,51,true,false,true,51,false,true,true,51,true
0.2,Random,81,7,1.,1,false,true,78,false,false,true,78,false,false,true,79,false
0.2,Random,81,7,1.,2,false,true,79,false,false,true,76,false,true,true,79,true
0.2,Random,81,7,1.,3,true,true,80,true,false,true,61,false,false,true,80,false
0.2,Random,111,7,1.,1,true,true,107,true,false,true,106,false,false,true,107,false
0.2,Random,111,7,1.,2,false,true,107,false,true,true,110,true,false,true,103,false
0.2,Random,111,7,1.,3,false,true,104,false,false,true,89,false,false,true,106,false
0.2,Random,51,9,1.,1,true,true,51,true,true,true,51,true,false,true,51,false
0.2,Random,51,9,1.,2,false,true,51,false,false,true,51,false,true,true,51,true
0.2,Random,51,9,1.,3,false,true,51,false,true,true,51,true,false,true,51,false
0.2,Random,81,9,1.,1,false,true,81,false,false,true,81,false,false,true,81,false
0.2,Random,81,9,1.,2,false,true,81,false,false,true,81,false,false,true,81,false
0.2,Random,81,9,1.,3,true,true,81,true,true,true,81,true,false,true,81,false
0.2,Random,111,9,1.,1,false,true,111,false,false,true,111,false,false,true,111,false
0.2,Random,111,9,1.,2,false,true,111,false,false,true,111,false,false,true,111,false
0.2,Random,111,9,1.,3,false,true,111,false,false,true,111,false,false,true,111,false
0.3,Random,51,5,1.,1,false,true,34,false,false,true,20,false,false,true,36,false
0.3,Random,51,5,1.,2,false,true,36,false,false,true,28,false,false,true,38,false
0.3,Random,51,5,1.,3,false,true,37,false,false,true,39,false,false,true,43,false
0.3,Random,81,5,1.,1,false,true,45,false,false,true,15,false,false,true,51,false
0.3,Random,81,5,1.,2,false,true,40,false,false,true,41,false,false,true,39,false
0.3,Random,81,5,1.,3,false,true,60,false,false,true,26,false,false,true,52,false
0.3,Random,111,5,1.,1,false,true,61,false,false,true,49,false,false,true,54,false
0.3,Random,111,5,1.,2,false,true,56,false,false,true,56,false,false,true,56,false
0.3,Random,111,5,1.,3,false,true,72,false,false,true,74,false,true,true,69,true
0.3,Random,51,7,1.,1,false,true,49,false,true,true,50,true,false,true,51,false
0.3,Random,51,7,1.,2,false,true,49,false,true,true,50,true,false,true,50,false
0.3,Random,51,7,1.,3,false,true,49,false,false,true,48,false,false,true,51,false
0.3,Random,81,7,1.,1,false,true,78,false,false,true,77,false,false,true,80,false
0.3,Random,81,7,1.,2,true,true,78,true,false,true,77,false,false,true,77,false
0.3,Random,81,7,1.,3,false,true,76,false,true,false,81,true,false,true,80,false
0.3,Random,111,7,1.,1,false,true,104,false,false,true,98,false,false,true,103,false
0.3,Random,111,7,1.,2,false,true,108,false,true,false,110,true,false,true,107,false
0.3,Random,111,7,1.,3,false,true,105,false,false,true,108,false,false,true,100,false
0.3,Random,51,9,1.,1,true,true,51,true,false,true,51,false,true,true,51,true
0.3,Random,51,9,1.,2,true,false,51,true,true,true,51,true,true,true,51,true
0.3,Random,51,9,1.,3,true,true,51,true,true,true,51,true,true,true,51,true
0.3,Random,81,9,1.,1,false,true,81,false,false,true,78,false,false,true,81,false
0.3,Random,81,9,1.,2,true,true,81,true,true,false,81,true,true,true,81,true
0.3,Random,81,9,1.,3,true,true,81,true,false,true,80,false,false,true,81,false
0.3,Random,111,9,1.,1,false,true,111,false,false,true,111,false,false,true,111,false
0.3,Random,111,9,1.,2,true,true,111,true,false,true,111,false,false,true,111,false
0.3,Random,111,9,1.,3,false,true,111,false,false,true,111,false,false,true,111,false
0.4,Random,51,5,1.,1,false,true,32,false,false,true,25,false,false,true,33,false
0.4,Random,51,5,1.,2,true,false,40,true,false,true,36,false,false,true,40,false
0.4,Random,51,5,1.,3,false,true,34,false,true,false,44,true,false,true,36,false
0.4,Random,81,5,1.,1,false,true,43,false,false,true,32,false,false,true,51,false
0.4,Random,81,5,1.,2,false,true,54,false,false,true,45,false,true,true,55,true
0.4,Random,81,5,1.,3,false,true,57,false,false,true,55,false,false,true,54,false
0.4,Random,111,5,1.,1,false,true,73,false,false,true,38,false,false,true,67,false
0.4,Random,111,5,1.,2,false,true,68,false,true,true,72,true,false,true,65,false
0.4,Random,111,5,1.,3,false,true,58,false,false,true,43,false,false,true,58,false
0.4,Random,51,7,1.,1,true,true,50,true,false,true,46,false,false,true,50,false
0.4,Random,51,7,1.,2,false,true,47,false,false,true,44,false,false,true,49,false
0.4,Random,51,7,1.,3,false,true,50,false,false,true,46,false,false,true,48,false
0.4,Random,81,7,1.,1,false,true,79,false,false,true,74,false,false,true,76,false
0.4,Random,81,7,1.,2,false,true,78,false,false,true,80,false,false,true,80,false
0.4,Random,81,7,1.,3,true,true,80,true,true,true,81,true,false,true,81,false
0.4,Random,111,7,1.,1,false,true,109,false,false,true,107,false,true,true,109,true
0.4,Random,111,7,1.,2,false,true,106,false,false,true,104,false,false,true,103,false
0.4,Random,111,7,1.,3,false,true,106,false,false,true,107,false,false,true,103,false
0.4,Random,51,9,1.,1,false,true,51,false,false,true,50,false,true,true,51,true
0.4,Random,51,9,1.,2,true,true,51,true,false,true,51,false,false,true,51,false
0.4,Random,51,9,1.,3,true,true,51,true,false,true,51,false,true,false,51,true
0.4,Random,81,9,1.,1,true,true,81,true,false,true,81,false,true,true,80,true
0.4,Random,81,9,1.,2,false,true,81,false,false,true,81,false,false,true,81,false
0.4,Random,81,9,1.,3,false,true,81,false,true,true,81,true,false,true,81,false
0.4,Random,111,9,1.,1,false,true,111,false,false,true,111,false,false,true,111,false
0.4,Random,111,9,1.,2,false,true,110,false,false,true,111,false,false,true,111,false
0.4,Random,111,9,1.,3,false,true,111,false,true,true,111,true,false,true,111,false
0.5,Random,51,5,1.,1,false,true,33,false,false,true,24,false,false,true,30,false
0.5,Random,51,5,1.,2,false,true,32,false,false,true,31,false,false,true,39,false
0.5,Random,51,5,1.,3,false,true,37,false,false,true,35,false,false,true,35,false
0.5,Random,81,5,1.,1,false,true,47,false,true,true,51,true,false,true,49,false
0.5,Random,81,5,1.,2,false,true,49,false,false,true,52,false,false,true,47,false
0.5,Random,81,5,1.,3,false,true,54,false,false,true,57,false,false,true,54,false
0.5,Random,111,5,1.,1,false,true,66,false,false,true,69,false,false,true,65,false
0.5,Random,111,5,1.,2,false,true,49,false,false,true,45,false,false,true,57,false
0.5,Random,111,5,1.,3,false,true,55,false,false,true,54,false,false,true,59,false
0.5,Random,51,7,1.,1,false,true,51,false,false,true,51,false,false,true,51,false
0.5,Random,51,7,1.,2,false,true,51,false,false,true,49,false,false,true,50,false
0.5,Random,51,7,1.,3,false,true,49,false,false,true,47,false,false,true,48,false
0.5,Random,81,7,1.,1,false,true,79,false,false,true,74,false,false,true,81,false
0.5,Random,81,7,1.,2,false,true,81,false,true,true,80,true,false,true,79,false
0.5,Random,81,7,1.,3,false,true,77,false,true,false,78,true,false,true,78,false
0.5,Random,111,7,1.,1,false,true,108,false,false,true,84,false,false,true,109,false
0.5,Random,111,7,1.,2,false,true,108,false,false,true,110,false,false,true,109,false
0.5,Random,111,7,1.,3,false,true,109,false,false,true,82,false,false,true,108,false
0.5,Random,51,9,1.,1,false,true,51,false,false,true,51,false,true,true,51,true
0.5,Random,51,9,1.,2,false,true,51,false,true,true,51,true,false,true,51,false
0.5,Random,51,9,1.,3,false,true,51,false,false,true,51,false,false,true,51,false
0.5,Random,81,9,1.,1,false,true,81,false,false,true,81,false,false,true,80,false
0.5,Random,81,9,1.,2,false,true,81,false,true,true,81,true,false,true,81,false
0.5,Random,81,9,1.,3,false,true,81,false,false,true,81,false,false,true,81,false
0.5,Random,111,9,1.,1,false,true,110,false,false,true,109,false,true,true,111,true
0.5,Random,111,9,1.,2,false,true,111,false,false,true,110,false,false,true,111,false
0.5,Random,111,9,1.,3,false,true,111,false,false,true,111,false,false,true,111,false
0.6,Random,51,5,1.,1,false,true,34,false,false,true,22,false,false,true,36,false
0.6,Random,51,5,1.,2,false,true,33,false,false,true,25,false,false,true,32,false
0.6,Random,51,5,1.,3,false,true,40,false,false,true,23,false,false,true,40,false
0.6,Random,81,5,1.,1,false,true,47,false,false,true,58,false,false,true,41,false
0.6,Random,81,5,1.,2,false,true,46,false,true,false,53,true,false,true,55,false
0.6,Random,81,5,1.,3,false,true,53,false,false,true,55,false,false,true,48,false
0.6,Random,111,5,1.,1,false,true,59,false,false,true,73,false,false,true,54,false
0.6,Random,111,5,1.,2,false,true,67,false,false,true,59,false,false,true,68,false
0.6,Random,111,5,1.,3,false,true,62,false,false,true,74,false,false,true,61,false
0.6,Random,51,7,1.,1,false,true,51,false,false,true,49,false,false,true,49,false
0.6,Random,51,7,1.,2,false,true,50,false,false,true,50,false,false,true,50,false
0.6,Random,51,7,1.,3,false,true,51,false,false,true,46,false,false,true,50,false
0.6,Random,81,7,1.,1,false,true,80,false,false,true,77,false,false,true,80,false
0.6,Random,81,7,1.,2,true,true,79,true,false,true,74,false,true,false,77,true
0.6,Random,81,7,1.,3,true,true,74,true,false,true,46,false,false,true,78,false
0.6,Random,111,7,1.,1,false,true,102,false,false,true,88,false,false,true,104,false
0.6,Random,111,7,1.,2,false,true,105,false,false,true,105,false,false,true,106,false
0.6,Random,111,7,1.,3,true,true,107,true,false,true,110,false,false,true,109,false
0.6,Random,51,9,1.,1,false,true,51,false,false,true,51,false,true,true,51,true
0.6,Random,51,9,1.,2,true,true,51,true,false,true,51,false,true,true,51,true
0.6,Random,51,9,1.,3,true,true,51,true,false,true,51,false,false,true,51,false
0.6,Random,81,9,1.,1,true,true,81,true,false,true,80,false,true,true,80,true
0.6,Random,81,9,1.,2,false,true,81,false,false,true,81,false,false,true,81,false
0.6,Random,81,9,1.,3,false,true,81,false,false,true,77,false,false,true,81,false
0.6,Random,111,9,1.,1,false,true,111,false,false,true,111,false,false,true,111,false
0.6,Random,111,9,1.,2,false,true,110,false,false,true,111,false,false,true,111,false
0.6,Random,111,9,1.,3,false,true,111,false,false,true,111,false,false,true,111,false
0.7,Random,51,5,1.,1,false,true,42,false,false,true,35,false,true,true,38,true
0.7,Random,51,5,1.,2,false,true,37,false,false,true,35,false,false,true,38,false
0.7,Random,51,5,1.,3,false,true,36,false,false,true,39,false,false,true,32,false
0.7,Random,81,5,1.,1,false,true,51,false,false,true,43,false,false,true,55,false
0.7,Random,81,5,1.,2,false,true,53,false,false,true,42,false,false,true,40,false
0.7,Random,81,5,1.,3,false,true,46,false,false,true,60,false,false,true,49,false
0.7,Random,111,5,1.,1,false,true,48,false,false,true,40,false,false,true,50,false
0.7,Random,111,5,1.,2,false,true,60,false,false,true,41,false,false,true,55,false
0.7,Random,111,5,1.,3,false,true,56,false,false,true,29,false,false,true,52,false
0.7,Random,51,7,1.,1,true,false,51,true,true,false,50,true,false,true,50,false
0.7,Random,51,7,1.,2,false,true,50,false,false,true,47,false,false,true,49,false
0.7,Random,51,7,1.,3,false,true,50,false,true,true,47,true,false,true,51,false
0.7,Random,81,7,1.,1,true,true,78,true,false,true,79,false,false,true,78,false
0.7,Random,81,7,1.,2,false,true,77,false,false,true,81,false,false,true,76,false
0.7,Random,81,7,1.,3,false,true,79,false,false,true,76,false,false,true,81,false
0.7,Random,111,7,1.,1,false,true,108,false,false,true,92,false,false,true,109,false
0.7,Random,111,7,1.,2,false,true,109,false,false,true,109,false,false,true,110,false
0.7,Random,111,7,1.,3,false,true,105,false,false,true,109,false,false,true,110,false
0.7,Random,51,9,1.,1,false,true,51,false,false,true,51,false,true,true,51,true
0.7,Random,51,9,1.,2,true,true,51,true,true,true,51,true,true,true,51,true
0.7,Random,51,9,1.,3,false,true,50,false,true,true,51,true,false,true,51,false
0.7,Random,81,9,1.,1,true,true,81,true,false,true,81,false,false,true,81,false
0.7,Random,81,9,1.,2,false,true,81,false,false,true,81,false,false,true,80,false
0.7,Random,81,9,1.,3,false,true,81,false,false,true,81,false,true,true,81,true
0.7,Random,111,9,1.,1,false,true,111,false,false,true,106,false,false,true,111,false
0.7,Random,111,9,1.,2,true,true,111,true,true,false,111,true,false,true,111,false
0.7,Random,111,9,1.,3,false,true,111,false,false,true,110,false,false,true,111,false
0.8,Random,51,5,1.,1,false,true,35,false,false,true,26,false,false,true,40,false
0.8,Random,51,5,1.,2,false,true,38,false,false,true,26,false,false,true,34,false
0.8,Random,51,5,1.,3,false,true,41,false,false,true,34,false,true,false,43,true
0.8,Random,81,5,1.,1,false,true,51,false,false,true,26,false,false,true,48,false
0.8,Random,81,5,1.,2,false,true,52,false,false,true,62,false,false,true,58,false
0.8,Random,81,5,1.,3,false,true,57,false,true,false,62,true,false,true,51,false
0.8,Random,111,5,1.,1,false,true,66,false,false,true,47,false,false,true,56,false
0.8,Random,111,5,1.,2,false,true,48,false,false,true,47,false,false,true,50,false
0.8,Random,111,5,1.,3,false,true,54,false,false,true,58,false,false,true,51,false
0.8,Random,51,7,1.,1,false,true,51,false,false,true,50,false,false,true,51,false
0.8,Random,51,7,1.,2,false,true,49,false,false,true,45,false,false,true,51,false
0.8,Random,51,7,1.,3,true,true,51,true,false,true,50,false,false,true,51,false
0.8,Random,81,7,1.,1,false,true,77,false,false,true,78,false,false,true,81,false
0.8,Random,81,7,1.,2,true,true,81,true,false,true,80,false,false,true,80,false
0.8,Random,81,7,1.,3,false,true,77,false,false,true,79,false,false,true,80,false
0.8,Random,111,7,1.,1,false,true,108,false,true,true,108,true,false,true,110,false
0.8,Random,111,7,1.,2,false,true,108,false,true,false,107,true,false,true,107,false
0.8,Random,111,7,1.,3,false,true,110,false,false,true,104,false,false,true,106,false
0.8,Random,51,9,1.,1,true,false,51,true,false,true,50,false,true,true,51,true
0.8,Random,51,9,1.,2,false,true,51,false,false,true,51,false,false,true,51,false
0.8,Random,51,9,1.,3,false,true,51,false,false,true,51,false,true,true,51,true
0.8,Random,81,9,1.,1,false,true,81,false,false,true,81,false,false,true,81,false
0.8,Random,81,9,1.,2,false,true,81,false,false,true,79,false,false,true,81,false
0.8,Random,81,9,1.,3,false,true,81,false,false,true,81,false,false,true,81,false
0.8,Random,111,9,1.,1,true,true,111,true,false,true,111,false,false,true,111,false
0.8,Random,111,9,1.,2,true,true,111,true,false,true,109,false,false,true,111,false
0.8,Random,111,9,1.,3,true,true,111,true,false,true,111,false,true,true,111,true
0.9,Random,51,5,1.,1,false,true,39,false,true,true,36,true,false,true,33,false
0.9,Random,51,5,1.,2,false,true,39,false,false,true,32,false,false,true,36,false
0.9,Random,51,5,1.,3,false,true,39,false,false,true,34,false,false,true,34,false
0.9,Random,81,5,1.,1,false,true,57,false,false,true,49,false,false,true,55,false
0.9,Random,81,5,1.,2,false,true,56,false,true,false,56,true,false,true,49,false
0.9,Random,81,5,1.,3,false,true,46,false,false,true,32,false,false,true,50,false
0.9,Random,111,5,1.,1,false,true,65,false,false,true,58,false,false,true,61,false
0.9,Random,111,5,1.,2,false,true,56,false,false,true,29,false,false,true,59,false
0.9,Random,111,5,1.,3,false,true,61,false,false,true,56,false,false,true,58,false
0.9,Random,51,7,1.,1,false,true,49,false,true,true,51,true,false,true,49,false
0.9,Random,51,7,1.,2,true,true,50,true,false,true,41,false,false,true,48,false
0.9,Random,51,7,1.,3,true,true,47,true,false,true,51,false,true,true,50,true
0.9,Random,81,7,1.,1,false,true,81,false,false,true,73,false,false,true,80,false
0.9,Random,81,7,1.,2,true,true,79,true,false,true,76,false,true,true,75,true
0.9,Random,81,7,1.,3,false,true,80,false,false,true,81,false,false,true,79,false
0.9,Random,111,7,1.,1,false,true,108,false,false,true,110,false,true,true,109,true
0.9,Random,111,7,1.,2,false,true,104,false,false,true,107,false,false,true,107,false
0.9,Random,111,7,1.,3,false,true,103,false,false,true,97,false,false,true,108,false
0.9,Random,51,9,1.,1,false,true,51,false,false,true,51,false,false,true,51,false
0.9,Random,51,9,1.,2,false,true,51,false,true,true,51,true,false,true,51,false
0.9,Random,51,9,1.,3,true,true,51,true,true,false,51,true,true,true,51,true
0.9,Random,81,9,1.,1,true,true,81,true,true,true,81,true,false,true,81,false
0.9,Random,81,9,1.,2,false,true,81,false,false,true,81,false,false,true,81,false
0.9,Random,81,9,1.,3,false,true,81,false,false,true,80,false,true,false,81,true
0.9,Random,111,9,1.,1,false,true,111,false,false,true,111,false,false,true,111,false
0.9,Random,111,9,1.,2,false,true,111,false,false,true,111,false,false,true,111,false
0.9,Random,111,9,1.,3,true,true,111,true,false,true,110,false,true,true,111,true
1.,Random,51,5,1.,1,false,true,37,false,false,true,30,false,false,true,38,false
1.,Random,51,5,1.,2,false,true,38,false,false,true,36,false,true,true,39,true
1.,Random,51,5,1.,3,false,true,40,false,false,true,18,false,true,false,42,true
1.,Random,81,5,1.,1,false,true,51,false,false,true,26,false,false,true,47,false
1.,Random,81,5,1.,2,false,true,56,false,false,true,54,false,false,true,48,false
1.,Random,81,5,1.,3,false,true,56,false,false,true,59,false,true,true,56,true
1.,Random,111,5,1.,1,false,true,63,false,false,true,49,false,false,true,59,false
1.,Random,111,5,1.,2,false,true,59,false,false,true,41,false,false,true,59,false
1.,Random,111,5,1.,3,false,true,54,false,false,true,56,false,false,true,58,false
1.,Random,51,7,1.,1,false,true,51,false,false,true,46,false,false,true,50,false
1.,Random,51,7,1.,2,true,true,51,true,true,false,51,true,true,false,51,true
1.,Random,51,7,1.,3,false,true,47,false,false,true,50,false,false,true,50,false
1.,Random,81,7,1.,1,false,true,80,false,false,true,77,false,false,true,81,false
1.,Random,81,7,1.,2,false,true,81,false,false,true,78,false,false,true,75,false
1.,Random,81,7,1.,3,false,true,77,false,false,true,80,false,false,true,79,false
1.,Random,111,7,1.,1,false,true,110,false,false,true,103,false,false,true,108,false
1.,Random,111,7,1.,2,false,true,109,false,false,true,102,false,false,true,104,false
1.,Random,111,7,1.,3,false,true,106,false,false,true,98,false,false,true,106,false
1.,Random,51,9,1.,1,false,true,51,false,false,true,51,false,false,true,51,false
1.,Random,51,9,1.,2,false,true,51,false,false,true,51,false,false,true,51,false
1.,Random,51,9,1.,3,true,true,51,true,false,true,51,false,true,true,51,true
1.,Random,81,9,1.,1,false,true,81,false,true,true,81,true,true,true,81,true
1.,Random,81,9,1.,2,false,true,81,false,false,true,81,false,false,true,81,false
1.,Random,81,9,1.,3,false,true,81,false,false,true,80,false,true,true,81,true
1.,Random,111,9,1.,1,false,true,111,false,false,true,111,false,true,true,111,true
1.,Random,111,9,1.,2,true,true,111,true,false,true,111,false,false,true,111,false
1.,Random,111,9,1.,3,false,true,111,false,false,true,111,false,false,true,111,false
1.1,Random,51,5,1.,1,false,true,36,false,false,true,22,false,false,true,40,false
1.1,Random,51,5,1.,2,false,true,37,false,false,true,34,false,false,true,40,false
1.1,Random,51,5,1.,3,false,true,34,false,false,true,43,false,false,true,36,false
1.1,Random,81,5,1.,1,false,true,58,false,false,true,41,false,false,true,55,false
1.1,Random,81,5,1.,2,false,true,40,false,false,true,31,false,false,true,39,false
1.1,Random,81,5,1.,3,false,true,52,false,false,true,39,false,false,true,46,false
1.1,Random,111,5,1.,1,false,true,72,false,false,true,54,false,false,true,62,false
1.1,Random,111,5,1.,2,false,true,62,false,false,true,37,false,false,true,63,false
1.1,Random,111,5,1.,3,false,true,57,false,false,true,31,false,false,true,50,false
1.1,Random,51,7,1.,1,false,true,50,false,false,true,50,false,false,true,51,false
1.1,Random,51,7,1.,2,true,true,50,true,false,true,49,false,false,true,51,false
1.1,Random,51,7,1.,3,false,true,49,false,false,true,49,false,false,true,50,false
1.1,Random,81,7,1.,1,false,true,79,false,false,true,80,false,false,true,79,false
1.1,Random,81,7,1.,2,false,true,77,false,false,true,77,false,false,true,77,false
1.1,Random,81,7,1.,3,true,true,80,true,true,true,78,true,false,true,81,false
1.1,Random,111,7,1.,1,false,true,109,false,true,true,108,true,true,true,111,true
1.1,Random,111,7,1.,2,false,true,107,false,false,true,111,false,false,true,106,false
1.1,Random,111,7,1.,3,true,true,110,true,false,true,106,false,true,false,108,true
1.1,Random,51,9,1.,1,false,true,51,false,false,true,51,false,false,true,51,false
1.1,Random,51,9,1.,2,true,false,51,true,true,true,51,true,false,true,51,false
1.1,Random,51,9,1.,3,false,true,50,false,true,true,51,true,true,true,51,true
1.1,Random,81,9,1.,1,false,true,81,false,true,true,81,true,true,true,81,true
1.1,Random,81,9,1.,2,false,true,81,false,false,true,81,false,false,true,81,false
1.1,Random,81,9,1.,3,false,true,81,false,true,true,81,true,false,true,81,false
1.1,Random,111,9,1.,1,true,true,111,true,false,true,111,false,false,true,110,false
1.1,Random,111,9,1.,2,false,true,111,false,false,true,111,false,false,true,111,false
1.1,Random,111,9,1.,3,false,true,110,false,true,false,111,true,true,true,111,true
1.2,Random,51,5,1.,1,false,true,43,false,false,true,22,false,false,true,41,false
1.2,Random,51,5,1.,2,false,true,33,false,false,true,39,false,false,true,37,false
1.2,Random,51,5,1.,3,false,true,40,false,false,true,39,false,false,true,42,false
1.2,Random,81,5,1.,1,false,true,44,false,false,true,51,false,false,true,50,false
1.2,Random,81,5,1.,2,false,true,57,false,false,true,46,false,false,true,59,false
1.2,Random,81,5,1.,3,false,true,53,false,false,true,39,false,false,true,54,false
1.2,Random,111,5,1.,1,false,true,66,false,false,true,38,false,false,true,64,false
1.2,Random,111,5,1.,2,false,true,53,false,false,true,53,false,false,true,59,false
1.2,Random,111,5,1.,3,false,true,66,false,false,true,38,false,false,true,59,false
1.2,Random,51,7,1.,1,false,true,51,false,false,true,51,false,false,true,51,false
1.2,Random,51,7,1.,2,false,true,47,false,false,true,47,false,false,true,49,false
1.2,Random,51,7,1.,3,false,true,51,false,false,true,49,false,false,true,50,false
1.2,Random,81,7,1.,1,true,false,80,true,true,true,81,true,false,true,80,false
1.2,Random,81,7,1.,2,false,true,80,false,false,true,68,false,false,true,80,false
1.2,Random,81,7,1.,3,false,true,79,false,false,true,80,false,true,true,79,true
1.2,Random,111,7,1.,1,true,true,106,true,false,true,99,false,false,true,109,false
1.2,Random,111,7,1.,2,false,true,108,false,true,true,108,true,false,true,107,false
1.2,Random,111,7,1.,3,false,true,110,false,false,true,110,false,true,false,108,true
1.2,Random,51,9,1.,1,false,true,51,false,false,true,51,false,false,true,51,false
1.2,Random,51,9,1.,2,true,false,51,true,false,true,51,false,false,true,51,false
1.2,Random,51,9,1.,3,false,true,51,false,true,false,51,true,false,true,51,false
1.2,Random,81,9,1.,1,false,true,81,false,false,true,81,false,true,true,81,true
1.2,Random,81,9,1.,2,true,true,81,true,false,true,80,false,true,true,81,true
1.2,Random,81,9,1.,3,false,true,81,false,true,true,81,true,false,true,81,false
1.2,Random,111,9,1.,1,false,true,111,false,false,true,110,false,false,true,111,false
1.2,Random,111,9,1.,2,false,true,111,false,false,true,111,false,true,true,111,true
1.2,Random,111,9,1.,3,true,true,111,true,false,true,111,false,true,true,110,true
1.3,Random,51,5,1.,1,false,true,34,false,false,true,29,false,false,true,36,false
1.3,Random,51,5,1.,2,false,true,41,false,false,true,38,false,false,true,39,false
1.3,Random,51,5,1.,3,false,true,45,false,false,true,31,false,false,true,41,false
1.3,Random,81,5,1.,1,false,true,46,false,false,true,41,false,false,true,42,false
1.3,Random,81,5,1.,2,false,true,50,false,false,true,41,false,false,true,50,false
1.3,Random,81,5,1.,3,false,true,50,false,false,true,42,false,false,true,52,false
1.3,Random,111,5,1.,1,false,true,49,false,false,true,33,false,false,true,47,false
1.3,Random,111,5,1.,2,false,true,40,false,false,true,48,false,false,true,42,false
1.3,Random,111,5,1.,3,false,true,74,false,true,false,61,true,false,true,70,false
1.3,Random,51,7,1.,1,true,true,50,true,false,true,48,false,false,true,51,false
1.3,Random,51,7,1.,2,false,true,51,false,false,true,50,false,false,true,49,false
1.3,Random,51,7,1.,3,false,true,50,false,true,true,50,true,false,true,49,false
1.3,Random,81,7,1.,1,false,true,80,false,false,true,72,false,false,true,80,false
1.3,Random,81,7,1.,2,false,true,80,false,false,true,79,false,false,true,81,false
1.3,Random,81,7,1.,3,false,true,77,false,true,false,80,true,true,true,80,true
1.3,Random,111,7,1.,1,false,true,103,false,true,true,111,true,false,true,108,false
1.3,Random,111,7,1.,2,false,true,107,false,false,true,104,false,false,true,108,false
1.3,Random,111,7,1.,3,false,true,105,false,true,true,110,true,false,true,106,false
1.3,Random,51,9,1.,1,true,false,51,true,false,true,50,false,false,true,51,false
1.3,Random,51,9,1.,2,false,true,51,false,false,true,51,false,false,true,51,false
1.3,Random,51,9,1.,3,false,true,51,false,false,true,51,false,true,true,51,true
1.3,Random,81,9,1.,1,true,true,81,true,false,true,81,false,false,true,81,false
1.3,Random,81,9,1.,2,true,true,81,true,false,true,81,false,true,true,80,true
1.3,Random,81,9,1.,3,false,true,81,false,false,true,81,false,false,true,81,false
1.3,Random,111,9,1.,1,true,true,111,true,false,true,111,false,true,true,111,true
1.3,Random,111,9,1.,2,true,true,111,true,true,true,111,true,false,true,111,false
1.3,Random,111,9,1.,3,false,true,111,false,false,true,110,false,false,true,111,false
1.4,Random,51,5,1.,1,false,true,37,false,false,true,37,false,false,true,37,false
1.4,Random,51,5,1.,2,false,true,38,false,false,true,40,false,false,true,41,false
1.4,Random,51,5,1.,3,false,true,35,false,false,true,32,false,false,true,31,false
1.4,Random,81,5,1.,1,false,true,47,false,false,true,44,false,false,true,49,false
1.4,Random,81,5,1.,2,false,true,54,false,false,true,54,false,false,true,54,false
1.4,Random,81,5,1.,3,false,true,42,false,false,true,36,false,false,true,41,false
1.4,Random,111,5,1.,1,false,true,57,false,false,true,45,false,false,true,61,false
1.4,Random,111,5,1.,2,false,true,53,false,false,true,57,false,false,true,48,false
1.4,Random,111,5,1.,3,false,true,57,false,false,true,42,false,false,true,59,false
1.4,Random,51,7,1.,1,false,true,50,false,false,true,47,false,false,true,49,false
1.4,Random,51,7,1.,2,false,true,51,false,false,true,50,false,false,true,50,false
1.4,Random,51,7,1.,3,false,true,51,false,false,true,47,false,false,true,51,false
1.4,Random,81,7,1.,1,false,true,78,false,false,true,74,false,false,true,75,false
1.4,Random,81,7,1.,2,false,true,77,false,false,true,63,false,false,true,78,false
1.4,Random,81,7,1.,3,false,true,80,false,true,false,65,true,false,true,78,false
1.4,Random,111,7,1.,1,false,true,105,false,false,true,109,false,false,true,109,false
1.4,Random,111,7,1.,2,false,true,109,false,true,true,109,true,false,true,111,false
1.4,Random,111,7,1.,3,false,true,106,false,false,true,103,false,false,true,108,false
1.4,Random,51,9,1.,1,false,true,51,false,false,true,51,false,false,true,51,false
1.4,Random,51,9,1.,2,false,true,51,false,true,true,51,true,true,true,51,true
1.4,Random,51,9,1.,3,false,true,51,false,false,true,51,false,true,false,51,true
1.4,Random,81,9,1.,1,true,true,81,true,true,true,81,true,true,false,81,true
1.4,Random,81,9,1.,2,false,true,80,false,false,true,81,false,false,true,81,false
1.4,Random,81,9,1.,3,true,true,81,true,false,true,81,false,true,true,81,true
1.4,Random,111,9,1.,1,false,true,111,false,true,true,111,true,false,true,111,false
1.4,Random,111,9,1.,2,false,true,111,false,false,true,111,false,false,true,111,false
1.4,Random,111,9,1.,3,true,true,111,true,false,true,111,false,false,true,111,false
0.1,Sample,51,5,1.,1,false,true,29,false,false,true,15,false,false,true,24,false
0.1,Sample,51,5,1.,2,false,true,12,false,false,true,7,false,false,true,3,false
0.1,Sample,51,5,1.,3,false,true,14,false,false,true,18,false,false,true,6,false
0.1,Sample,81,5,1.,1,false,true,21,false,true,false,42,true,false,true,15,false
0.1,Sample,81,5,1.,2,false,true,18,false,true,true,21,true,false,true,3,false
0.1,Sample,81,5,1.,3,false,true,14,false,false,true,8,false,false,true,3,false
0.1,Sample,111,5,1.,1,false,true,12,false,false,true,22,false,false,true,4,false
0.1,Sample,111,5,1.,2,false,true,20,false,false,true,32,false,false,true,4,false
0.1,Sample,111,5,1.,3,false,true,17,false,false,true,14,false,false,true,2,false
0.1,Sample,51,7,1.,1,false,true,19,false,false,true,21,false,false,true,6,false
0.1,Sample,51,7,1.,2,false,true,19,false,false,true,32,false,false,true,13,false
0.1,Sample,51,7,1.,3,false,true,44,false,false,true,46,false,false,true,30,false
0.1,Sample,81,7,1.,1,false,true,50,false,false,true,63,false,false,true,37,false
0.1,Sample,81,7,1.,2,false,true,44,false,false,true,61,false,false,true,28,false
0.1,Sample,81,7,1.,3,false,true,35,false,false,true,71,false,false,true,16,false
0.1,Sample,111,7,1.,1,false,true,35,false,false,true,102,false,false,true,15,false
0.1,Sample,111,7,1.,2,false,true,33,false,false,true,61,false,false,true,9,false
0.1,Sample,111,7,1.,3,false,true,33,false,false,true,65,false,false,true,8,false
0.1,Sample,51,9,1.,1,false,true,47,false,false,true,51,false,false,true,38,false
0.1,Sample,51,9,1.,2,false,true,21,false,false,true,20,false,false,true,2,false
0.1,Sample,51,9,1.,3,false,true,40,false,false,true,47,false,false,true,27,false
0.1,Sample,81,9,1.,1,false,true,80,false,false,true,63,false,false,true,75,false
0.1,Sample,81,9,1.,2,false,true,38,false,false,true,78,false,false,true,10,false
0.1,Sample,81,9,1.,3,false,true,68,false,false,true,79,false,false,true,58,false
0.1,Sample,111,9,1.,1,false,true,52,false,false,true,87,false,false,true,27,false
0.1,Sample,111,9,1.,2,false,true,55,false,false,true,104,false,false,true,29,false
0.1,Sample,111,9,1.,3,false,true,58,false,false,true,56,false,false,true,38,false
0.2,Sample,51,5,1.,1,false,true,16,false,false,true,15,false,false,true,7,false
0.2,Sample,51,5,1.,2,false,true,17,false,false,true,22,false,false,true,6,false
0.2,Sample,51,5,1.,3,false,true,10,false,false,true,23,false,false,true,1,false
0.2,Sample,81,5,1.,1,false,true,17,false,false,true,45,false,false,true,3,false
0.2,Sample,81,5,1.,2,false,true,14,false,false,true,31,false,false,true,4,false
0.2,Sample,81,5,1.,3,false,true,21,false,false,true,14,false,false,true,7,false
0.2,Sample,111,5,1.,1,false,true,41,false,false,true,21,false,false,true,19,false
0.2,Sample,111,5,1.,2,false,true,25,false,false,true,43,false,false,true,9,false
0.2,Sample,111,5,1.,3,false,true,33,false,false,true,29,false,false,true,10,false
0.2,Sample,51,7,1.,1,false,true,38,false,false,true,37,false,false,true,32,false
0.2,Sample,51,7,1.,2,false,true,16,false,false,true,37,false,false,true,9,false
0.2,Sample,51,7,1.,3,false,true,33,false,false,true,40,false,false,true,16,false
0.2,Sample,81,7,1.,1,false,true,35,false,false,true,34,false,false,true,16,false
0.2,Sample,81,7,1.,2,false,true,27,false,false,true,48,false,false,true,10,false
0.2,Sample,81,7,1.,3,false,true,23,false,false,true,34,false,false,true,7,false
0.2,Sample,111,7,1.,1,false,true,74,false,false,true,80,false,false,true,56,false
0.2,Sample,111,7,1.,2,false,true,32,false,false,true,48,false,false,true,7,false
0.2,Sample,111,7,1.,3,false,true,30,false,false,true,50,false,false,true,6,false
0.2,Sample,51,9,1.,1,false,true,20,false,false,true,33,false,false,true,6,false
0.2,Sample,51,9,1.,2,false,true,37,false,false,true,47,false,false,true,11,false
0.2,Sample,51,9,1.,3,true,true,49,true,true,true,49,true,false,true,49,false
0.2,Sample,81,9,1.,1,false,true,81,false,false,true,76,false,false,true,76,false
0.2,Sample,81,9,1.,2,false,true,63,false,false,true,81,false,false,true,30,false
0.2,Sample,81,9,1.,3,false,true,48,false,false,true,75,false,false,true,35,false
0.2,Sample,111,9,1.,1,false,true,60,false,false,true,100,false,false,true,28,false
0.2,Sample,111,9,1.,2,false,true,73,false,false,true,100,false,false,true,38,false
0.2,Sample,111,9,1.,3,false,true,54,false,false,true,95,false,false,true,22,false
0.3,Sample,51,5,1.,1,false,true,12,false,false,true,9,false,false,true,4,false
0.3,Sample,51,5,1.,2,false,true,15,false,false,true,21,false,false,true,4,false
0.3,Sample,51,5,1.,3,false,true,17,false,false,true,24,false,false,true,3,false
0.3,Sample,81,5,1.,1,false,true,16,false,false,true,18,false,false,true,2,false
0.3,Sample,81,5,1.,2,false,true,23,false,false,true,45,false,false,true,4,false
0.3,Sample,81,5,1.,3,false,true,20,false,false,true,31,false,false,true,2,false
0.3,Sample,111,5,1.,1,false,true,16,false,false,true,22,false,false,true,6,false
0.3,Sample,111,5,1.,2,false,true,24,false,false,true,40,false,false,true,5,false
0.3,Sample,111,5,1.,3,false,true,19,false,false,true,54,false,false,true,2,false
0.3,Sample,51,7,1.,1,false,true,14,false,false,true,19,false,false,true,3,false
0.3,Sample,51,7,1.,2,false,true,21,false,false,true,23,false,false,true,11,false
0.3,Sample,51,7,1.,3,false,true,22,false,false,true,47,false,false,true,14,false
0.3,Sample,81,7,1.,1,false,true,34,false,false,true,60,false,false,true,13,false
0.3,Sample,81,7,1.,2,false,true,32,false,false,true,39,false,false,true,14,false
0.3,Sample,81,7,1.,3,false,true,43,false,false,true,70,false,false,true,31,false
0.3,Sample,111,7,1.,1,false,true,52,false,false,true,51,false,false,true,21,false
0.3,Sample,111,7,1.,2,false,true,27,false,false,true,63,false,false,true,8,false
0.3,Sample,111,7,1.,3,false,true,38,false,false,true,71,false,false,true,8,false
0.3,Sample,51,9,1.,1,false,true,41,false,false,true,40,false,false,true,25,false
0.3,Sample,51,9,1.,2,false,true,47,false,false,true,51,false,false,true,44,false
0.3,Sample,51,9,1.,3,false,true,31,false,false,true,40,false,false,true,24,false
0.3,Sample,81,9,1.,1,false,true,73,false,false,true,77,false,false,true,58,false
0.3,Sample,81,9,1.,2,false,true,60,false,true,true,80,true,false,true,48,false
0.3,Sample,81,9,1.,3,false,true,33,false,false,true,76,false,false,true,17,false
0.3,Sample,111,9,1.,1,false,true,94,false,false,true,104,false,false,true,84,false
0.3,Sample,111,9,1.,2,false,true,52,false,false,true,78,false,false,true,17,false
0.3,Sample,111,9,1.,3,false,true,47,false,false,true,33,false,false,true,12,false
0.4,Sample,51,5,1.,1,false,true,13,false,false,true,12,false,false,true,4,false
0.4,Sample,51,5,1.,2,false,true,13,false,false,true,16,false,false,true,4,false
0.4,Sample,51,5,1.,3,false,true,18,false,false,true,24,false,false,true,2,false
0.4,Sample,81,5,1.,1,false,true,15,false,false,true,30,false,false,true,9,false
0.4,Sample,81,5,1.,2,false,true,15,false,false,true,15,false,false,true,4,false
0.4,Sample,81,5,1.,3,false,true,27,false,false,true,29,false,false,true,13,false
0.4,Sample,111,5,1.,1,false,true,22,false,false,true,32,false,false,true,7,false
0.4,Sample,111,5,1.,2,false,true,22,false,false,true,23,false,false,true,8,false
0.4,Sample,111,5,1.,3,false,true,16,false,false,true,12,false,false,true,6,false
0.4,Sample,51,7,1.,1,false,true,26,false,false,true,36,false,false,true,12,false
0.4,Sample,51,7,1.,2,false,true,27,false,false,true,29,false,false,true,9,false
0.4,Sample,51,7,1.,3,false,true,18,false,false,true,23,false,false,true,4,false
0.4,Sample,81,7,1.,1,false,true,20,false,false,true,21,false,false,true,2,false
0.4,Sample,81,7,1.,2,false,true,47,false,true,true,75,true,false,true,19,false
0.4,Sample,81,7,1.,3,false,true,28,false,false,true,35,false,false,true,10,false
0.4,Sample,111,7,1.,1,false,true,39,false,false,true,38,false,false,true,18,false
0.4,Sample,111,7,1.,2,false,true,37,false,true,true,70,true,false,true,10,false
0.4,Sample,111,7,1.,3,false,true,50,false,false,true,105,false,false,true,24,false
0.4,Sample,51,9,1.,1,false,true,49,false,false,true,49,false,false,true,42,false
0.4,Sample,51,9,1.,2,false,true,27,false,false,true,37,false,false,true,15,false
0.4,Sample,51,9,1.,3,false,true,37,false,false,true,48,false,false,true,24,false
0.4,Sample,81,9,1.,1,false,true,53,false,true,true,77,true,false,true,32,false
0.4,Sample,81,9,1.,2,false,true,60,false,true,true,78,true,false,true,53,false
0.4,Sample,81,9,1.,3,false,true,43,false,false,true,49,false,false,true,31,false
0.4,Sample,111,9,1.,1,false,true,64,false,false,true,100,false,false,true,32,false
0.4,Sample,111,9,1.,2,false,true,79,false,false,true,105,false,false,true,56,false
0.4,Sample,111,9,1.,3,false,true,62,false,false,true,94,false,false,true,42,false
0.5,Sample,51,5,1.,1,false,true,12,false,false,true,11,false,false,true,2,false
0.5,Sample,51,5,1.,2,false,true,14,false,false,true,33,false,false,true,3,false
0.5,Sample,51,5,1.,3,false,true,11,false,false,true,22,false,false,true,2,false
0.5,Sample,81,5,1.,1,false,true,17,false,false,true,16,false,false,true,4,false
0.5,Sample,81,5,1.,2,false,true,11,false,false,true,19,false,false,true,2,false
0.5,Sample,81,5,1.,3,false,true,10,false,true,true,35,true,false,true,6,false
0.5,Sample,111,5,1.,1,false,true,21,false,false,true,28,false,false,true,7,false
0.5,Sample,111,5,1.,2,false,true,19,false,false,true,26,false,false,true,2,false
0.5,Sample,111,5,1.,3,false,true,28,false,false,true,42,false,false,true,8,false
0.5,Sample,51,7,1.,1,false,true,17,false,false,true,28,false,false,true,8,false
0.5,Sample,51,7,1.,2,false,true,27,false,false,true,37,false,false,true,11,false
0.5,Sample,51,7,1.,3,false,true,22,false,true,true,49,true,false,true,10,false
0.5,Sample,81,7,1.,1,false,true,29,false,false,true,72,false,false,true,8,false
0.5,Sample,81,7,1.,2,false,true,43,false,false,true,54,false,false,true,19,false
0.5,Sample,81,7,1.,3,false,true,38,false,false,true,53,false,false,true,19,false
0.5,Sample,111,7,1.,1,false,true,37,false,true,true,87,true,false,true,6,false
0.5,Sample,111,7,1.,2,false,true,38,false,false,true,82,false,false,true,14,false
0.5,Sample,111,7,1.,3,false,true,56,false,false,true,51,false,false,true,32,false
0.5,Sample,51,9,1.,1,false,true,37,false,false,true,35,false,false,true,24,false
0.5,Sample,51,9,1.,2,false,true,28,false,false,true,43,false,false,true,15,false
0.5,Sample,51,9,1.,3,false,true,30,false,false,true,45,false,false,true,13,false
0.5,Sample,81,9,1.,1,false,true,43,false,false,true,67,false,false,true,18,false
0.5,Sample,81,9,1.,2,false,true,53,false,false,true,68,false,false,true,34,false
0.5,Sample,81,9,1.,3,false,true,53,false,false,true,57,false,false,true,42,false
0.5,Sample,111,9,1.,1,false,true,67,false,false,true,106,false,false,true,35,false
0.5,Sample,111,9,1.,2,false,true,62,false,true,true,68,true,false,true,30,false
0.5,Sample,111,9,1.,3,false,true,75,false,false,true,106,false,false,true,45,false
0.6,Sample,51,5,1.,1,false,true,7,false,false,true,12,false,false,true,1,false
0.6,Sample,51,5,1.,2,false,true,11,false,false,true,23,false,false,true,3,false
0.6,Sample,51,5,1.,3,false,true,11,false,false,true,11,false,false,true,4,false
0.6,Sample,81,5,1.,1,false,true,14,false,false,true,30,false,false,true,2,false
0.6,Sample,81,5,1.,2,false,true,16,false,false,true,47,false,false,true,2,false
0.6,Sample,81,5,1.,3,false,true,24,false,false,true,20,false,false,true,12,false
0.6,Sample,111,5,1.,1,false,true,18,false,false,true,27,false,false,true,3,false
0.6,Sample,111,5,1.,2,false,true,16,false,false,true,18,false,false,true,5,false
0.6,Sample,111,5,1.,3,false,true,28,false,true,true,55,true,false,true,13,false
0.6,Sample,51,7,1.,1,false,true,28,false,false,true,34,false,false,true,18,false
0.6,Sample,51,7,1.,2,false,true,24,false,false,true,32,false,false,true,16,false
0.6,Sample,51,7,1.,3,false,true,13,false,false,true,33,false,false,true,2,false
0.6,Sample,81,7,1.,1,false,true,22,false,false,true,67,false,false,true,13,false
0.6,Sample,81,7,1.,2,false,true,27,false,false,true,48,false,false,true,14,false
0.6,Sample,81,7,1.,3,false,true,38,false,false,true,79,false,false,true,13,false
0.6,Sample,111,7,1.,1,false,true,37,false,false,true,68,false,false,true,15,false
0.6,Sample,111,7,1.,2,false,true,27,false,false,true,58,false,false,true,5,false
0.6,Sample,111,7,1.,3,false,true,53,false,false,true,73,false,false,true,24,false
0.6,Sample,51,9,1.,1,false,true,37,false,false,true,44,false,false,true,28,false
0.6,Sample,51,9,1.,2,false,true,45,false,false,true,51,false,false,true,36,false
0.6,Sample,51,9,1.,3,false,true,47,false,false,true,51,false,false,true,37,false
0.6,Sample,81,9,1.,1,false,true,41,false,true,false,63,true,false,true,23,false
0.6,Sample,81,9,1.,2,false,true,64,false,false,true,80,false,false,true,58,false
0.6,Sample,81,9,1.,3,false,true,35,false,false,true,48,false,false,true,14,false
0.6,Sample,111,9,1.,1,false,true,75,false,false,true,101,false,false,true,45,false
0.6,Sample,111,9,1.,2,false,true,88,false,false,true,100,false,false,true,68,false
0.6,Sample,111,9,1.,3,false,true,60,false,false,true,90,false,false,true,26,false
0.7,Sample,51,5,1.,1,false,true,14,false,false,true,15,false,false,true,2,false
0.7,Sample,51,5,1.,2,false,true,14,false,false,true,25,false,false,true,2,false
0.7,Sample,51,5,1.,3,false,true,10,false,false,true,10,false,false,true,2,false
0.7,Sample,81,5,1.,1,false,true,14,false,false,true,21,false,false,true,4,false
0.7,Sample,81,5,1.,2,false,true,20,false,false,true,30,false,false,true,7,false
0.7,Sample,81,5,1.,3,false,true,19,false,false,true,14,false,false,true,3,false
0.7,Sample,111,5,1.,1,false,true,31,false,false,true,50,false,false,true,18,false
0.7,Sample,111,5,1.,2,false,true,13,false,false,true,14,false,false,true,4,false
0.7,Sample,111,5,1.,3,false,true,15,false,false,true,26,false,false,true,3,false
0.7,Sample,51,7,1.,1,false,true,14,false,false,true,19,false,false,true,7,false
0.7,Sample,51,7,1.,2,false,true,18,false,false,true,18,false,false,true,7,false
0.7,Sample,51,7,1.,3,false,true,27,false,true,true,43,true,false,true,14,false
0.7,Sample,81,7,1.,1,false,true,48,false,false,true,43,false,false,true,25,false
0.7,Sample,81,7,1.,2,false,true,50,false,false,true,48,false,false,true,37,false
0.7,Sample,81,7,1.,3,false,true,36,false,false,true,50,false,false,true,14,false
0.7,Sample,111,7,1.,1,false,true,49,false,false,true,67,false,false,true,10,false
0.7,Sample,111,7,1.,2,false,true,42,false,false,true,76,false,false,true,19,false
0.7,Sample,111,7,1.,3,false,true,53,false,false,true,55,false,false,true,21,false
0.7,Sample,51,9,1.,1,false,true,30,false,true,true,48,true,false,true,8,false
0.7,Sample,51,9,1.,2,false,true,30,false,false,true,33,false,false,true,18,false
0.7,Sample,51,9,1.,3,false,true,34,false,true,true,43,true,false,true,22,false
0.7,Sample,81,9,1.,1,false,true,44,false,false,true,52,false,false,true,25,false
0.7,Sample,81,9,1.,2,false,true,56,false,false,true,81,false,false,true,37,false
0.7,Sample,81,9,1.,3,false,true,62,false,false,true,71,false,false,true,55,false
0.7,Sample,111,9,1.,1,false,true,78,false,false,true,75,false,false,true,45,false
0.7,Sample,111,9,1.,2,false,true,45,false,true,true,79,true,false,true,12,false
0.7,Sample,111,9,1.,3,false,true,92,false,false,true,108,false,false,true,81,false
0.8,Sample,51,5,1.,1,false,true,17,false,false,true,29,false,false,true,5,false
0.8,Sample,51,5,1.,2,false,true,15,false,false,true,27,false,false,true,7,false
0.8,Sample,51,5,1.,3,false,true,20,false,false,true,27,false,false,true,6,false
0.8,Sample,81,5,1.,1,false,true,15,false,false,true,23,false,false,true,2,false
0.8,Sample,81,5,1.,2,false,true,19,false,false,true,31,false,false,true,8,false
0.8,Sample,81,5,1.,3,false,true,10,false,false,true,12,false,false,true,4,false
0.8,Sample,111,5,1.,1,false,true,17,false,false,true,24,false,false,true,3,false
0.8,Sample,111,5,1.,2,false,true,20,false,false,true,31,false,false,true,6,false
0.8,Sample,111,5,1.,3,false,true,18,false,false,true,37,false,false,true,5,false
0.8,Sample,51,7,1.,1,false,true,25,false,false,true,38,false,false,true,12,false
0.8,Sample,51,7,1.,2,false,true,33,false,false,true,42,false,false,true,25,false
0.8,Sample,51,7,1.,3,false,true,37,false,false,true,38,false,false,true,18,false
0.8,Sample,81,7,1.,1,false,true,42,false,false,true,35,false,false,true,28,false
0.8,Sample,81,7,1.,2,false,true,34,false,false,true,59,false,false,true,17,false
0.8,Sample,81,7,1.,3,false,true,26,false,false,true,20,false,false,true,13,false
0.8,Sample,111,7,1.,1,false,true,58,false,false,true,55,false,false,true,35,false
0.8,Sample,111,7,1.,2,false,true,17,false,false,true,35,false,false,true,2,false
0.8,Sample,111,7,1.,3,false,true,56,false,false,true,88,false,false,true,27,false
0.8,Sample,51,9,1.,1,false,true,36,false,false,true,43,false,false,true,24,false
0.8,Sample,51,9,1.,2,false,true,33,false,false,true,28,false,false,true,15,false
0.8,Sample,51,9,1.,3,false,true,48,false,false,true,49,false,false,true,43,false
0.8,Sample,81,9,1.,1,false,true,56,false,false,true,81,false,false,true,43,false
0.8,Sample,81,9,1.,2,false,true,59,false,false,true,74,false,false,true,39,false
0.8,Sample,81,9,1.,3,false,true,46,false,false,true,53,false,false,true,22,false
0.8,Sample,111,9,1.,1,false,true,83,false,false,true,111,false,false,true,46,false
0.8,Sample,111,9,1.,2,false,true,67,false,false,true,96,false,false,true,32,false
0.8,Sample,111,9,1.,3,false,true,58,false,false,true,91,false,false,true,20,false
0.9,Sample,51,5,1.,1,false,true,13,false,false,true,18,false,false,true,7,false
0.9,Sample,51,5,1.,2,false,true,10,false,false,true,20,false,false,true,2,false
0.9,Sample,51,5,1.,3,false,true,15,false,false,true,14,false,false,true,4,false
0.9,Sample,81,5,1.,1,false,true,12,false,false,true,25,false,false,true,2,false
0.9,Sample,81,5,1.,2,false,true,12,false,false,true,19,false,false,true,4,false
0.9,Sample,81,5,1.,3,false,true,13,false,false,true,34,false,false,true,3,false
0.9,Sample,111,5,1.,1,false,true,13,false,false,true,22,false,false,true,2,false
0.9,Sample,111,5,1.,2,false,true,18,false,false,true,24,false,false,true,3,false
0.9,Sample,111,5,1.,3,false,true,22,false,false,true,34,false,false,true,8,false
0.9,Sample,51,7,1.,1,false,true,28,false,false,true,28,false,false,true,13,false
0.9,Sample,51,7,1.,2,false,true,17,false,false,true,25,false,false,true,6,false
0.9,Sample,51,7,1.,3,false,true,18,false,false,true,38,false,false,true,7,false
0.9,Sample,81,7,1.,1,false,true,41,false,false,true,74,false,false,true,14,false
0.9,Sample,81,7,1.,2,false,true,31,false,false,true,71,false,false,true,8,false
0.9,Sample,81,7,1.,3,false,true,24,false,false,true,33,false,false,true,5,false
0.9,Sample,111,7,1.,1,false,true,28,false,false,true,63,false,false,true,10,false
0.9,Sample,111,7,1.,2,false,true,17,false,false,true,36,false,false,true,4,false
0.9,Sample,111,7,1.,3,false,true,42,false,false,true,51,false,false,true,12,false
0.9,Sample,51,9,1.,1,false,true,33,false,false,true,40,false,false,true,16,false
0.9,Sample,51,9,1.,2,false,true,49,false,false,true,51,false,false,true,50,false
0.9,Sample,51,9,1.,3,false,true,28,false,false,true,46,false,false,true,20,false
0.9,Sample,81,9,1.,1,false,true,58,false,false,true,80,false,false,true,26,false
0.9,Sample,81,9,1.,2,false,true,35,false,false,true,42,false,false,true,10,false
0.9,Sample,81,9,1.,3,false,true,35,false,false,true,54,false,false,true,14,false
0.9,Sample,111,9,1.,1,false,true,86,false,false,true,110,false,false,true,47,false
0.9,Sample,111,9,1.,2,false,true,96,false,false,true,109,false,false,true,79,false
0.9,Sample,111,9,1.,3,false,true,86,false,true,false,107,true,false,true,62,false
1.,Sample,51,5,1.,1,false,true,9,false,false,true,12,false,false,true,1,false
1.,Sample,51,5,1.,2,false,true,14,false,false,true,17,false,false,true,6,false
1.,Sample,51,5,1.,3,false,true,15,false,false,true,15,false,false,true,5,false
1.,Sample,81,5,1.,1,false,true,14,false,false,true,15,false,false,true,4,false
1.,Sample,81,5,1.,2,false,true,16,false,false,true,20,false,false,true,2,false
1.,Sample,81,5,1.,3,false,true,19,false,false,true,50,false,false,true,6,false
1.,Sample,111,5,1.,1,false,true,15,false,false,true,24,false,false,true,7,false
1.,Sample,111,5,1.,2,false,true,25,false,false,true,28,false,false,true,3,false
1.,Sample,111,5,1.,3,false,true,23,false,false,true,39,false,false,true,7,false
1.,Sample,51,7,1.,1,false,true,13,false,false,true,18,false,false,true,4,false
1.,Sample,51,7,1.,2,false,true,42,false,false,true,47,false,true,true,36,true
1.,Sample,51,7,1.,3,false,true,25,false,false,true,33,false,false,true,10,false
1.,Sample,81,7,1.,1,false,true,27,false,false,true,27,false,false,true,8,false
1.,Sample,81,7,1.,2,false,true,25,false,false,true,37,false,false,true,6,false
1.,Sample,81,7,1.,3,false,true,38,false,false,true,54,false,false,true,19,false
1.,Sample,111,7,1.,1,false,true,36,false,false,true,59,false,false,true,11,false
1.,Sample,111,7,1.,2,false,true,65,false,false,true,66,false,false,true,48,false
1.,Sample,111,7,1.,3,false,true,31,false,false,true,87,false,false,true,3,false
1.,Sample,51,9,1.,1,false,true,32,false,false,true,32,false,false,true,26,false
1.,Sample,51,9,1.,2,false,true,23,false,false,true,24,false,false,true,9,false
1.,Sample,51,9,1.,3,false,true,25,false,false,true,33,false,false,true,7,false
1.,Sample,81,9,1.,1,false,true,60,false,true,true,81,true,false,true,43,false
1.,Sample,81,9,1.,2,false,true,40,false,false,true,63,false,false,true,21,false
1.,Sample,81,9,1.,3,false,true,33,false,false,true,39,false,false,true,8,false
1.,Sample,111,9,1.,1,false,true,44,false,false,true,78,false,false,true,15,false
1.,Sample,111,9,1.,2,false,true,54,false,false,true,50,false,false,true,20,false
1.,Sample,111,9,1.,3,false,true,76,false,false,true,48,false,false,true,63,false
1.1,Sample,51,5,1.,1,false,true,8,false,false,true,23,false,false,true,2,false
1.1,Sample,51,5,1.,2,false,true,8,false,false,true,13,false,false,true,3,false
1.1,Sample,51,5,1.,3,false,true,13,false,false,true,25,false,false,true,3,false
1.1,Sample,81,5,1.,1,false,true,21,false,false,true,33,false,false,true,7,false
1.1,Sample,81,5,1.,2,false,true,13,false,false,true,13,false,false,true,6,false
1.1,Sample,81,5,1.,3,false,true,24,false,false,true,49,false,false,true,9,false
1.1,Sample,111,5,1.,1,false,true,21,false,false,true,19,false,false,true,7,false
1.1,Sample,111,5,1.,2,false,true,35,false,false,true,31,false,false,true,9,false
1.1,Sample,111,5,1.,3,false,true,19,false,false,true,24,false,false,true,11,false
1.1,Sample,51,7,1.,1,false,true,18,false,false,true,15,false,false,true,10,false
1.1,Sample,51,7,1.,2,false,true,32,false,false,true,44,false,false,true,13,false
1.1,Sample,51,7,1.,3,false,true,28,false,false,true,38,false,false,true,17,false
1.1,Sample,81,7,1.,1,false,true,22,false,false,true,37,false,false,true,7,false
1.1,Sample,81,7,1.,2,false,true,27,false,false,true,46,false,false,true,13,false
1.1,Sample,81,7,1.,3,false,true,37,false,false,true,43,false,false,true,22,false
1.1,Sample,111,7,1.,1,false,true,38,false,false,true,45,false,false,true,12,false
1.1,Sample,111,7,1.,2,false,true,32,false,false,true,40,false,false,true,11,false
1.1,Sample,111,7,1.,3,false,true,37,false,false,true,60,false,false,true,25,false
1.1,Sample,51,9,1.,1,false,true,29,false,false,true,36,false,false,true,11,false
1.1,Sample,51,9,1.,2,false,true,27,false,false,true,38,false,false,true,10,false
1.1,Sample,51,9,1.,3,false,true,41,false,false,true,49,false,false,true,32,false
1.1,Sample,81,9,1.,1,false,true,29,false,false,true,35,false,false,true,6,false
1.1,Sample,81,9,1.,2,false,true,68,false,false,true,79,false,false,true,47,false
1.1,Sample,81,9,1.,3,false,true,46,false,false,true,62,false,false,true,22,false
1.1,Sample,111,9,1.,1,false,true,101,false,false,true,110,false,false,true,84,false
1.1,Sample,111,9,1.,2,false,true,106,false,false,true,109,false,false,true,93,false
1.1,Sample,111,9,1.,3,false,true,43,false,false,true,71,false,false,true,10,false
1.2,Sample,51,5,1.,1,false,true,18,false,false,true,20,false,false,true,5,false
1.2,Sample,51,5,1.,2,false,true,13,false,false,true,18,false,false,true,2,false
1.2,Sample,51,5,1.,3,false,true,16,false,false,true,19,false,false,true,5,false
1.2,Sample,81,5,1.,1,false,true,25,false,false,true,40,false,false,true,13,false
1.2,Sample,81,5,1.,2,false,true,16,false,false,true,17,false,false,true,8,false
1.2,Sample,81,5,1.,3,false,true,17,false,false,true,45,false,false,true,4,false
1.2,Sample,111,5,1.,1,false,true,24,false,false,true,27,false,false,true,4,false
1.2,Sample,111,5,1.,2,false,true,27,false,false,true,27,false,false,true,6,false
1.2,Sample,111,5,1.,3,false,true,22,false,false,true,43,false,false,true,5,false
1.2,Sample,51,7,1.,1,false,true,25,false,false,true,35,false,false,true,14,false
1.2,Sample,51,7,1.,2,false,true,29,false,false,true,49,false,false,true,7,false
1.2,Sample,51,7,1.,3,false,true,26,false,false,true,25,false,false,true,11,false
1.2,Sample,81,7,1.,1,false,true,38,false,true,true,64,true,false,true,26,false
1.2,Sample,81,7,1.,2,false,true,33,false,false,true,38,false,false,true,14,false
1.2,Sample,81,7,1.,3,false,true,25,false,false,true,53,false,false,true,11,false
1.2,Sample,111,7,1.,1,false,true,37,false,false,true,63,false,false,true,12,false
1.2,Sample,111,7,1.,2,false,true,32,false,false,true,55,false,false,true,10,false
1.2,Sample,111,7,1.,3,false,true,31,false,false,true,50,false,false,true,6,false
1.2,Sample,51,9,1.,1,false,true,33,false,false,true,42,false,false,true,19,false
1.2,Sample,51,9,1.,2,false,true,40,false,false,true,45,false,false,true,19,false
1.2,Sample,51,9,1.,3,false,true,22,false,false,true,41,false,false,true,11,false
1.2,Sample,81,9,1.,1,false,true,51,false,true,false,73,true,false,true,22,false
1.2,Sample,81,9,1.,2,false,true,57,false,false,true,73,false,false,true,39,false
1.2,Sample,81,9,1.,3,false,true,57,false,false,true,69,false,false,true,34,false
1.2,Sample,111,9,1.,1,false,true,82,false,false,true,88,false,false,true,53,false
1.2,Sample,111,9,1.,2,false,true,57,false,false,true,64,false,false,true,40,false
1.2,Sample,111,9,1.,3,false,true,98,false,false,true,99,false,false,true,79,false
1.3,Sample,51,5,1.,1,false,true,18,false,false,true,19,false,false,true,10,false
1.3,Sample,51,5,1.,2,false,true,20,false,false,true,21,false,false,true,5,false
1.3,Sample,51,5,1.,3,false,true,14,false,false,true,14,false,false,true,2,false
1.3,Sample,81,5,1.,1,false,true,10,false,false,true,18,false,false,true,1,false
1.3,Sample,81,5,1.,2,false,true,20,false,false,true,36,false,false,true,6,false
1.3,Sample,81,5,1.,3,false,true,18,false,false,true,30,false,false,true,6,false
1.3,Sample,111,5,1.,1,false,true,31,false,false,true,33,false,false,true,4,false
1.3,Sample,111,5,1.,2,false,true,10,false,false,true,26,false,false,true,3,false
1.3,Sample,111,5,1.,3,false,true,12,false,false,true,35,false,false,true,3,false
1.3,Sample,51,7,1.,1,false,true,19,false,false,true,25,false,false,true,7,false
1.3,Sample,51,7,1.,2,false,true,26,false,false,true,30,false,false,true,6,false
1.3,Sample,51,7,1.,3,false,true,24,false,false,true,34,false,false,true,6,false
1.3,Sample,81,7,1.,1,false,true,41,false,false,true,66,false,false,true,13,false
1.3,Sample,81,7,1.,2,false,true,32,false,false,true,60,false,false,true,10,false
1.3,Sample,81,7,1.,3,false,true,33,false,false,true,68,false,false,true,9,false
1.3,Sample,111,7,1.,1,false,true,35,false,false,true,70,false,false,true,5,false
1.3,Sample,111,7,1.,2,false,true,63,false,false,true,83,false,false,true,35,false
1.3,Sample,111,7,1.,3,false,true,29,false,false,true,58,false,false,true,10,false
1.3,Sample,51,9,1.,1,false,true,38,false,false,true,43,false,false,true,18,false
1.3,Sample,51,9,1.,2,false,true,35,false,false,true,42,false,false,true,17,false
1.3,Sample,51,9,1.,3,false,true,33,false,false,true,35,false,false,true,24,false
1.3,Sample,81,9,1.,1,false,true,63,false,false,true,75,false,false,true,46,false
1.3,Sample,81,9,1.,2,false,true,65,false,true,true,81,true,false,true,45,false
1.3,Sample,81,9,1.,3,true,true,75,true,false,true,79,false,true,true,70,true
1.3,Sample,111,9,1.,1,false,true,63,false,false,true,96,false,false,true,36,false
1.3,Sample,111,9,1.,2,false,true,41,false,false,true,51,false,false,true,17,false
1.3,Sample,111,9,1.,3,false,true,63,false,false,true,97,false,false,true,46,false
1.4,Sample,51,5,1.,1,false,true,16,false,false,true,18,false,false,true,5,false
1.4,Sample,51,5,1.,2,false,true,17,false,false,true,26,false,false,true,8,false
1.4,Sample,51,5,1.,3,false,true,19,false,false,true,22,false,true,true,6,true
1.4,Sample,81,5,1.,1,false,true,9,false,false,true,27,false,false,true,3,false
1.4,Sample,81,5,1.,2,false,true,16,false,false,true,18,false,false,true,4,false
1.4,Sample,81,5,1.,3,false,true,20,false,false,true,22,false,false,true,5,false
1.4,Sample,111,5,1.,1,false,true,20,false,false,true,44,false,false,true,12,false
1.4,Sample,111,5,1.,2,false,true,13,false,false,true,52,false,false,true,6,false
1.4,Sample,111,5,1.,3,false,true,13,false,false,true,15,false,false,true,2,false
1.4,Sample,51,7,1.,1,false,true,21,false,false,true,28,false,false,true,6,false
1.4,Sample,51,7,1.,2,false,true,21,false,false,true,23,false,false,true,8,false
1.4,Sample,51,7,1.,3,false,true,40,false,false,true,46,false,false,true,32,false
1.4,Sample,81,7,1.,1,false,true,30,false,true,true,56,true,false,true,9,false
1.4,Sample,81,7,1.,2,false,true,48,false,false,true,63,false,false,true,30,false
1.4,Sample,81,7,1.,3,false,true,70,false,true,true,75,true,false,true,49,false
1.4,Sample,111,7,1.,1,false,true,60,false,false,true,66,false,false,true,32,false
1.4,Sample,111,7,1.,2,false,true,30,false,false,true,59,false,false,true,9,false
1.4,Sample,111,7,1.,3,false,true,72,false,false,true,88,false,false,true,51,false
1.4,Sample,51,9,1.,1,false,true,32,false,false,true,32,false,false,true,19,false
1.4,Sample,51,9,1.,2,false,true,30,false,false,true,46,false,false,true,19,false
1.4,Sample,51,9,1.,3,false,true,40,false,false,true,49,false,false,true,34,false
1.4,Sample,81,9,1.,1,false,true,58,false,false,true,72,false,false,true,49,false
1.4,Sample,81,9,1.,2,false,true,57,false,false,true,64,false,false,true,35,false
1.4,Sample,81,9,1.,3,false,true,39,false,false,true,73,false,false,true,7,false
1.4,Sample,111,9,1.,1,false,true,52,false,false,true,77,false,false,true,30,false
1.4,Sample,111,9,1.,2,false,true,79,false,false,true,102,false,false,true,51,false
1.4,Sample,111,9,1.,3,false,true,40,false,false,true,72,false,false,true,11,false
0.1,Voter,51,5,1.,1,false,true,12,false,false,true,20,false,false,true,9,false
0.1,Voter,51,5,1.,2,false,true,12,false,false,true,2,false,false,true,2,false
0.1,Voter,51,5,1.,3,false,true,17,false,false,true,16,false,false,true,15,false
0.1,Voter,81,5,1.,1,false,true,14,false,false,true,20,false,false,true,6,false
0.1,Voter,81,5,1.,2,false,true,17,false,false,true,24,false,false,true,2,false
0.1,Voter,81,5,1.,3,false,true,18,false,false,true,15,false,false,true,4,false
0.1,Voter,111,5,1.,1,false,true,17,false,false,true,14,false,false,true,2,false
0.1,Voter,111,5,1.,2,false,true,13,false,false,true,15,false,false,true,3,false
0.1,Voter,111,5,1.,3,false,true,24,false,false,true,2,false,false,true,4,false
0.1,Voter,51,7,1.,1,false,true,27,false,false,true,25,false,false,true,15,false
0.1,Voter,51,7,1.,2,false,true,33,false,false,true,12,false,false,true,24,false
0.1,Voter,51,7,1.,3,false,true,18,false,false,true,5,false,false,true,7,false
0.1,Voter,81,7,1.,1,false,true,37,false,false,true,39,false,false,true,10,false
0.1,Voter,81,7,1.,2,false,true,48,false,false,true,6,false,false,true,34,false
0.1,Voter,81,7,1.,3,false,true,19,false,false,true,36,false,false,true,2,false
0.1,Voter,111,7,1.,1,false,true,28,false,false,true,26,false,false,true,11,false
0.1,Voter,111,7,1.,2,false,true,33,false,false,true,6,false,false,true,6,false
0.1,Voter,111,7,1.,3,false,true,49,false,false,true,26,false,false,true,31,false
0.1,Voter,51,9,1.,1,false,true,34,false,false,true,12,false,false,true,15,false
0.1,Voter,51,9,1.,2,false,true,38,false,false,true,37,false,false,true,32,false
0.1,Voter,51,9,1.,3,false,true,47,false,false,true,37,false,false,true,50,false
0.1,Voter,81,9,1.,1,false,true,49,false,false,true,38,false,false,true,36,false
0.1,Voter,81,9,1.,2,false,true,48,false,false,true,78,false,false,true,19,false
0.1,Voter,81,9,1.,3,false,true,64,false,false,true,69,false,false,true,56,false
0.1,Voter,111,9,1.,1,false,true,37,false,false,true,7,false,false,true,11,false
0.1,Voter,111,9,1.,2,false,true,66,false,false,true,55,false,false,true,41,false
0.1,Voter,111,9,1.,3,false,true,77,false,true,true,87,true,false,true,25,false
0.2,Voter,51,5,1.,1,false,true,27,false,false,true,8,false,false,true,26,false
0.2,Voter,51,5,1.,2,false,true,11,false,false,true,1,false,false,true,3,false
0.2,Voter,51,5,1.,3,false,true,15,false,false,true,3,false,false,true,4,false
0.2,Voter,81,5,1.,1,false,true,18,false,false,true,39,false,false,true,10,false
0.2,Voter,81,5,1.,2,false,true,23,false,false,true,27,false,false,true,22,false
0.2,Voter,81,5,1.,3,false,true,14,false,false,true,6,false,false,true,6,false
0.2,Voter,111,5,1.,1,false,true,17,false,false,true,2,false,false,true,3,false
0.2,Voter,111,5,1.,2,false,true,18,false,false,true,14,false,false,true,12,false
0.2,Voter,111,5,1.,3,false,true,18,false,false,true,2,false,false,true,3,false
0.2,Voter,51,7,1.,1,false,true,33,false,false,true,34,false,false,true,31,false
0.2,Voter,51,7,1.,2,false,true,32,false,false,true,42,false,false,true,19,false
0.2,Voter,51,7,1.,3,false,true,28,false,false,true,8,false,false,true,16,false
0.2,Voter,81,7,1.,1,false,true,28,false,false,true,5,false,false,true,12,false
0.2,Voter,81,7,1.,2,false,true,31,false,false,true,11,false,false,true,10,false
0.2,Voter,81,7,1.,3,false,true,31,false,false,true,11,false,false,true,6,false
0.2,Voter,111,7,1.,1,false,true,68,false,false,true,32,false,false,true,65,false
0.2,Voter,111,7,1.,2,false,true,38,false,true,true,44,true,false,true,20,false
0.2,Voter,111,7,1.,3,false,true,31,false,false,true,35,false,false,true,9,false
0.2,Voter,51,9,1.,1,false,true,32,false,false,true,47,false,false,true,14,false
0.2,Voter,51,9,1.,2,false,true,33,false,false,true,38,false,false,true,15,false
0.2,Voter,51,9,1.,3,false,true,50,false,true,true,51,true,false,true,48,false
0.2,Voter,81,9,1.,1,false,true,55,false,false,true,62,false,false,true,28,false
0.2,Voter,81,9,1.,2,false,true,63,false,false,true,68,false,false,true,50,false
0.2,Voter,81,9,1.,3,false,true,43,false,false,true,47,false,false,true,22,false
0.2,Voter,111,9,1.,1,false,true,69,false,false,true,22,false,false,true,31,false
0.2,Voter,111,9,1.,2,false,true,77,false,false,true,84,false,false,true,35,false
0.2,Voter,111,9,1.,3,false,true,55,false,false,true,64,false,false,true,21,false
0.3,Voter,51,5,1.,1,false,true,9,false,false,true,13,false,false,true,7,false
0.3,Voter,51,5,1.,2,false,true,15,false,false,true,5,false,false,true,9,false
0.3,Voter,51,5,1.,3,false,true,24,false,false,true,14,false,false,true,7,false
0.3,Voter,81,5,1.,1,false,true,13,false,false,true,17,false,false,true,2,false
0.3,Voter,81,5,1.,2,false,true,28,false,false,true,7,false,false,true,22,false
0.3,Voter,81,5,1.,3,false,true,33,false,false,true,12,false,false,true,24,false
0.3,Voter,111,5,1.,1,false,true,24,false,false,true,4,false,false,true,2,false
0.3,Voter,111,5,1.,2,false,true,19,false,false,true,17,false,false,true,3,false
0.3,Voter,111,5,1.,3,false,true,14,false,false,true,11,false,false,true,5,false
0.3,Voter,51,7,1.,1,false,true,14,false,false,true,3,false,false,true,3,false
0.3,Voter,51,7,1.,2,false,true,23,false,false,true,23,false,false,true,2,false
0.3,Voter,51,7,1.,3,false,true,24,false,false,true,26,false,false,true,7,false
0.3,Voter,81,7,1.,1,false,true,30,false,false,true,25,false,false,true,9,false
0.3,Voter,81,7,1.,2,false,true,61,false,false,true,66,false,false,true,45,false
0.3,Voter,81,7,1.,3,false,true,29,false,false,true,27,false,false,true,11,false
0.3,Voter,111,7,1.,1,false,true,36,false,false,true,88,false,false,true,6,false
0.3,Voter,111,7,1.,2,false,true,74,false,false,true,73,false,false,true,72,false
0.3,Voter,111,7,1.,3,false,true,46,false,false,true,21,false,false,true,32,false
0.3,Voter,51,9,1.,1,false,true,32,false,false,true,9,false,false,true,20,false
0.3,Voter,51,9,1.,2,false,true,39,false,false,true,39,false,false,true,29,false
0.3,Voter,51,9,1.,3,false,true,30,false,false,true,30,false,false,true,16,false
0.3,Voter,81,9,1.,1,false,true,73,false,false,true,69,false,false,true,65,false
0.3,Voter,81,9,1.,2,false,true,43,false,false,true,11,false,false,true,30,false
0.3,Voter,81,9,1.,3,false,true,58,false,false,true,50,false,false,true,29,false
0.3,Voter,111,9,1.,1,false,true,92,false,false,true,97,false,false,true,79,false
0.3,Voter,111,9,1.,2,false,true,80,false,false,true,36,false,false,true,49,false
0.3,Voter,111,9,1.,3,false,true,40,false,false,true,30,false,false,true,4,false
0.4,Voter,51,5,1.,1,false,true,19,false,false,true,7,false,false,true,11,false
0.4,Voter,51,5,1.,2,false,true,8,false,false,true,7,false,false,true,1,false
0.4,Voter,51,5,1.,3,false,true,12,false,false,true,3,false,false,true,4,false
0.4,Voter,81,5,1.,1,false,true,17,false,false,true,15,false,false,true,1,false
0.4,Voter,81,5,1.,2,false,true,16,false,false,true,41,false,false,true,4,false
0.4,Voter,81,5,1.,3,false,true,44,false,false,true,55,false,false,true,41,false
0.4,Voter,111,5,1.,1,false,true,15,false,false,true,14,false,false,true,3,false
0.4,Voter,111,5,1.,2,false,true,22,false,false,true,20,false,false,true,8,false
0.4,Voter,111,5,1.,3,false,true,20,false,false,true,17,false,false,true,16,false
0.4,Voter,51,7,1.,1,false,true,17,false,false,true,19,false,false,true,4,false
0.4,Voter,51,7,1.,2,false,true,25,false,true,false,47,true,false,true,17,false
0.4,Voter,51,7,1.,3,false,true,31,false,false,true,16,false,false,true,24,false
0.4,Voter,81,7,1.,1,false,true,28,false,false,true,11,false,false,true,11,false
0.4,Voter,81,7,1.,2,false,true,53,false,false,true,34,false,false,true,53,false
0.4,Voter,81,7,1.,3,false,true,32,false,false,true,45,false,false,true,14,false
0.4,Voter,111,7,1.,1,false,true,32,false,false,true,8,false,false,true,26,false
0.4,Voter,111,7,1.,2,false,true,34,false,false,true,30,false,false,true,18,false
0.4,Voter,111,7,1.,3,false,true,57,false,false,true,51,false,false,true,42,false
0.4,Voter,51,9,1.,1,false,true,47,false,false,true,49,false,true,true,47,true
0.4,Voter,51,9,1.,2,true,true,46,true,false,true,51,false,false,true,43,false
0.4,Voter,51,9,1.,3,false,true,30,false,false,true,31,false,false,true,19,false
0.4,Voter,81,9,1.,1,false,true,41,false,false,true,71,false,false,true,22,false
0.4,Voter,81,9,1.,2,false,true,50,false,false,true,68,false,false,true,24,false
0.4,Voter,81,9,1.,3,false,true,60,false,false,true,77,false,false,true,25,false
0.4,Voter,111,9,1.,1,false,true,110,false,false,true,111,false,false,true,109,false
0.4,Voter,111,9,1.,2,false,true,74,false,false,true,41,false,false,true,48,false
0.4,Voter,111,9,1.,3,false,true,72,false,true,true,104,true,false,true,49,false
0.5,Voter,51,5,1.,1,false,true,13,false,false,true,13,false,false,true,7,false
0.5,Voter,51,5,1.,2,false,true,26,false,false,true,22,false,false,true,24,false
0.5,Voter,51,5,1.,3,false,true,18,false,false,true,4,false,false,true,14,false
0.5,Voter,81,5,1.,1,false,true,17,false,false,true,14,false,false,true,6,false
0.5,Voter,81,5,1.,2,false,true,10,false,false,true,18,false,false,true,5,false
0.5,Voter,81,5,1.,3,false,true,9,false,false,true,8,false,false,true,1,false
0.5,Voter,111,5,1.,1,false,true,21,false,false,true,6,false,false,true,6,false
0.5,Voter,111,5,1.,2,false,true,23,false,false,true,46,false,false,true,2,false
0.5,Voter,111,5,1.,3,false,true,12,false,false,true,2,false,false,true,6,false
0.5,Voter,51,7,1.,1,false,true,28,false,true,true,42,true,false,true,17,false
0.5,Voter,51,7,1.,2,false,true,24,false,false,true,13,false,false,true,10,false
0.5,Voter,51,7,1.,3,false,true,29,false,false,true,9,false,false,true,15,false
0.5,Voter,81,7,1.,1,false,true,30,false,false,true,61,false,false,true,4,false
0.5,Voter,81,7,1.,2,false,true,34,false,false,true,32,false,false,true,19,false
0.5,Voter,81,7,1.,3,false,true,19,false,false,true,9,false,false,true,2,false
0.5,Voter,111,7,1.,1,false,true,40,false,false,true,12,false,false,true,16,false
0.5,Voter,111,7,1.,2,false,true,41,false,true,true,54,true,false,true,18,false
0.5,Voter,111,7,1.,3,false,true,38,false,false,true,32,false,false,true,17,false
0.5,Voter,51,9,1.,1,false,true,37,false,false,true,33,false,false,true,18,false
0.5,Voter,51,9,1.,2,false,true,47,false,false,true,45,false,true,true,43,true
0.5,Voter,51,9,1.,3,false,true,36,false,false,true,31,false,false,true,24,false
0.5,Voter,81,9,1.,1,false,true,50,false,false,true,21,false,false,true,19,false
0.5,Voter,81,9,1.,2,false,true,46,false,false,true,47,false,false,true,18,false
0.5,Voter,81,9,1.,3,false,true,68,false,false,true,53,false,false,true,65,false
0.5,Voter,111,9,1.,1,false,true,79,false,false,true,78,false,false,true,59,false
0.5,Voter,111,9,1.,2,false,true,51,false,false,true,62,false,false,true,23,false
0.5,Voter,111,9,1.,3,false,true,72,false,false,true,73,false,false,true,47,false
0.6,Voter,51,5,1.,1,false,true,15,false,false,true,10,false,false,true,8,false
0.6,Voter,51,5,1.,2,false,true,21,false,false,true,15,false,false,true,9,false
0.6,Voter,51,5,1.,3,false,true,11,false,false,true,12,false,false,true,4,false
0.6,Voter,81,5,1.,1,false,true,18,false,false,true,17,false,false,true,5,false
0.6,Voter,81,5,1.,2,false,true,19,false,false,true,12,false,false,true,4,false
0.6,Voter,81,5,1.,3,false,true,22,false,false,true,7,false,false,true,14,false
0.6,Voter,111,5,1.,1,false,true,24,false,false,true,8,false,false,true,11,false
0.6,Voter,111,5,1.,2,false,true,30,false,false,true,12,false,false,true,8,false
0.6,Voter,111,5,1.,3,false,true,36,false,false,true,21,false,false,true,25,false
0.6,Voter,51,7,1.,1,false,true,20,false,false,true,10,false,false,true,10,false
0.6,Voter,51,7,1.,2,false,true,39,false,false,true,28,false,false,true,26,false
0.6,Voter,51,7,1.,3,false,true,17,false,false,true,11,false,false,true,7,false
0.6,Voter,81,7,1.,1,false,true,35,false,false,true,23,false,false,true,26,false
0.6,Voter,81,7,1.,2,false,true,22,false,false,true,27,false,false,true,4,false
0.6,Voter,81,7,1.,3,false,true,43,false,false,true,64,false,false,true,27,false
0.6,Voter,111,7,1.,1,false,true,47,false,false,true,91,false,false,true,17,false
0.6,Voter,111,7,1.,2,false,true,30,false,false,true,24,false,false,true,16,false
0.6,Voter,111,7,1.,3,false,true,57,false,false,true,69,false,false,true,43,false
0.6,Voter,51,9,1.,1,false,true,42,false,false,true,21,false,false,true,38,false
0.6,Voter,51,9,1.,2,false,true,42,false,false,true,48,false,false,true,34,false
0.6,Voter,51,9,1.,3,false,true,23,false,false,true,19,false,false,true,4,false
0.6,Voter,81,9,1.,1,false,true,43,false,false,true,66,false,false,true,10,false
0.6,Voter,81,9,1.,2,false,true,60,false,false,true,40,false,false,true,37,false
0.6,Voter,81,9,1.,3,true,true,71,true,false,true,71,false,true,true,52,true
0.6,Voter,111,9,1.,1,false,true,51,false,false,true,65,false,false,true,17,false
0.6,Voter,111,9,1.,2,false,true,59,false,false,true,48,false,false,true,27,false
0.6,Voter,111,9,1.,3,false,true,73,false,false,true,58,false,false,true,46,false
0.7,Voter,51,5,1.,1,false,true,10,false,false,true,7,false,false,true,2,false
0.7,Voter,51,5,1.,2,false,true,18,false,false,true,13,false,false,true,7,false
0.7,Voter,51,5,1.,3,false,true,12,false,false,true,7,false,false,true,10,false
0.7,Voter,81,5,1.,1,false,true,15,false,false,true,17,false,false,true,4,false
0.7,Voter,81,5,1.,2,false,true,18,false,false,true,13,false,false,true,3,false
0.7,Voter,81,5,1.,3,false,true,19,false,false,true,21,false,false,true,12,false
0.7,Voter,111,5,1.,1,false,true,17,false,false,true,7,false,false,true,3,false
0.7,Voter,111,5,1.,2,false,true,25,false,false,true,32,false,false,true,4,false
0.7,Voter,111,5,1.,3,false,true,19,false,false,true,9,false,false,true,7,false
0.7,Voter,51,7,1.,1,false,true,23,false,false,true,19,false,false,true,20,false
0.7,Voter,51,7,1.,2,false,true,34,false,false,true,35,false,false,true,25,false
0.7,Voter,51,7,1.,3,false,true,21,false,false,true,20,false,false,true,6,false
0.7,Voter,81,7,1.,1,true,false,74,true,false,true,75,false,false,true,73,false
0.7,Voter,81,7,1.,2,false,true,24,false,false,true,22,false,false,true,8,false
0.7,Voter,81,7,1.,3,false,true,40,false,false,true,40,false,false,true,13,false
0.7,Voter,111,7,1.,1,false,true,51,false,false,true,50,false,false,true,56,false
0.7,Voter,111,7,1.,2,false,true,39,false,true,false,71,true,false,true,27,false
0.7,Voter,111,7,1.,3,false,true,70,false,false,true,32,false,false,true,62,false
0.7,Voter,51,9,1.,1,false,true,38,false,false,true,35,false,false,true,13,false
0.7,Voter,51,9,1.,2,false,true,39,false,false,true,24,false,false,true,40,false
0.7,Voter,51,9,1.,3,false,true,44,false,false,true,43,false,false,true,27,false
0.7,Voter,81,9,1.,1,true,false,48,true,false,true,58,false,false,true,37,false
0.7,Voter,81,9,1.,2,false,true,54,false,false,true,72,false,false,true,47,false
0.7,Voter,81,9,1.,3,false,true,50,false,true,true,73,true,false,true,15,false
0.7,Voter,111,9,1.,1,false,true,76,false,false,true,68,false,false,true,39,false
0.7,Voter,111,9,1.,2,false,true,42,false,false,true,50,false,false,true,16,false
0.7,Voter,111,9,1.,3,false,true,62,false,false,true,104,false,false,true,31,false
0.8,Voter,51,5,1.,1,false,true,15,false,false,true,15,false,false,true,5,false
0.8,Voter,51,5,1.,2,true,true,21,true,false,true,21,false,false,true,13,false
0.8,Voter,51,5,1.,3,false,true,14,false,false,true,12,false,false,true,6,false
0.8,Voter,81,5,1.,1,false,true,25,false,false,true,23,false,false,true,14,false
0.8,Voter,81,5,1.,2,false,true,26,false,false,true,35,false,false,true,17,false
0.8,Voter,81,5,1.,3,false,true,28,false,false,true,35,false,false,true,5,false
0.8,Voter,111,5,1.,1,false,true,16,false,false,true,15,false,false,true,4,false
0.8,Voter,111,5,1.,2,false,true,29,false,false,true,30,false,false,true,15,false
0.8,Voter,111,5,1.,3,false,true,22,false,false,true,20,false,false,true,3,false
0.8,Voter,51,7,1.,1,false,true,30,false,false,true,23,false,false,true,29,false
0.8,Voter,51,7,1.,2,false,true,32,false,false,true,21,false,false,true,17,false
0.8,Voter,51,7,1.,3,false,true,34,false,false,true,32,false,false,true,25,false
0.8,Voter,81,7,1.,1,false,true,34,false,false,true,17,false,false,true,16,false
0.8,Voter,81,7,1.,2,false,true,31,false,false,true,16,false,false,true,10,false
0.8,Voter,81,7,1.,3,false,true,48,false,false,true,47,false,false,true,18,false
0.8,Voter,111,7,1.,1,false,true,42,false,false,true,36,false,false,true,35,false
0.8,Voter,111,7,1.,2,false,true,51,false,false,true,22,false,false,true,35,false
0.8,Voter,111,7,1.,3,false,true,42,false,false,true,17,false,false,true,18,false
0.8,Voter,51,9,1.,1,false,true,34,false,false,true,20,false,false,true,29,false
0.8,Voter,51,9,1.,2,false,true,36,false,false,true,41,false,false,true,21,false
0.8,Voter,51,9,1.,3,false,true,32,false,false,true,27,false,false,true,18,false
0.8,Voter,81,9,1.,1,false,true,59,false,false,true,71,false,false,true,53,false
0.8,Voter,81,9,1.,2,false,true,63,false,false,true,55,false,false,true,39,false
0.8,Voter,81,9,1.,3,false,true,52,false,false,true,32,false,false,true,19,false
0.8,Voter,111,9,1.,1,false,true,87,false,false,true,66,false,false,true,75,false
0.8,Voter,111,9,1.,2,false,true,67,false,false,true,40,false,false,true,35,false
0.8,Voter,111,9,1.,3,false,true,76,false,false,true,78,false,false,true,68,false
0.9,Voter,51,5,1.,1,false,true,6,false,false,true,4,false,false,true,2,false
0.9,Voter,51,5,1.,2,false,true,7,false,false,true,11,false,false,true,1,false
0.9,Voter,51,5,1.,3,false,true,12,false,false,true,10,false,false,true,5,false
0.9,Voter,81,5,1.,1,false,true,8,false,false,true,6,false,false,true,2,false
0.9,Voter,81,5,1.,2,false,true,18,false,false,true,8,false,false,true,6,false
0.9,Voter,81,5,1.,3,false,true,12,false,false,true,13,false,false,true,6,false
0.9,Voter,111,5,1.,1,false,true,14,false,false,true,8,false,false,true,12,false
0.9,Voter,111,5,1.,2,false,true,13,false,false,true,41,false,false,true,4,false
0.9,Voter,111,5,1.,3,false,true,22,false,false,true,20,false,false,true,9,false
0.9,Voter,51,7,1.,1,false,true,38,false,false,true,48,false,false,true,35,false
0.9,Voter,51,7,1.,2,false,true,25,false,false,true,25,false,false,true,8,false
0.9,Voter,51,7,1.,3,false,true,30,false,false,true,25,false,false,true,16,false
0.9,Voter,81,7,1.,1,false,true,36,false,false,true,53,false,false,true,25,false
0.9,Voter,81,7,1.,2,false,true,47,false,false,true,41,false,false,true,26,false
0.9,Voter,81,7,1.,3,false,true,31,false,false,true,31,false,false,true,17,false
0.9,Voter,111,7,1.,1,false,true,49,false,false,true,33,false,false,true,13,false
0.9,Voter,111,7,1.,2,false,true,26,false,false,true,16,false,true,false,21,true
0.9,Voter,111,7,1.,3,false,true,44,false,false,true,42,false,false,true,15,false
0.9,Voter,51,9,1.,1,false,true,45,false,false,true,45,false,false,true,37,false
0.9,Voter,51,9,1.,2,false,true,33,false,true,true,37,true,false,true,17,false
0.9,Voter,51,9,1.,3,false,true,42,false,false,true,24,false,false,true,41,false
0.9,Voter,81,9,1.,1,false,true,56,false,false,true,61,false,false,true,44,false
0.9,Voter,81,9,1.,2,false,true,44,false,false,true,29,false,false,true,27,false
0.9,Voter,81,9,1.,3,false,true,67,false,true,false,81,true,false,true,76,false
0.9,Voter,111,9,1.,1,false,true,72,false,false,true,88,false,false,true,43,false
0.9,Voter,111,9,1.,2,false,true,51,false,false,true,36,false,false,true,18,false
0.9,Voter,111,9,1.,3,false,true,78,false,false,true,67,false,false,true,67,false
1.,Voter,51,5,1.,1,false,true,25,false,false,true,19,false,false,true,11,false
1.,Voter,51,5,1.,2,false,true,12,false,false,true,15,false,false,true,5,false
1.,Voter,51,5,1.,3,false,true,18,false,false,true,14,false,false,true,3,false
1.,Voter,81,5,1.,1,false,true,21,false,false,true,11,false,false,true,6,false
1.,Voter,81,5,1.,2,false,true,19,false,false,true,12,false,false,true,5,false
1.,Voter,81,5,1.,3,false,true,20,false,false,true,16,false,false,true,10,false
1.,Voter,111,5,1.,1,false,true,18,false,false,true,13,false,false,true,2,false
1.,Voter,111,5,1.,2,false,true,14,false,false,true,16,false,false,true,2,false
1.,Voter,111,5,1.,3,false,true,33,false,false,true,16,false,false,true,17,false
1.,Voter,51,7,1.,1,true,false,33,true,false,true,33,false,false,true,28,false
1.,Voter,51,7,1.,2,false,true,22,false,false,true,35,false,false,true,10,false
1.,Voter,51,7,1.,3,false,true,31,false,false,true,18,false,false,true,10,false
1.,Voter,81,7,1.,1,false,true,33,false,false,true,34,false,false,true,12,false
1.,Voter,81,7,1.,2,false,true,26,false,false,true,23,false,false,true,7,false
1.,Voter,81,7,1.,3,false,true,23,false,false,true,23,false,false,true,9,false
1.,Voter,111,7,1.,1,false,true,42,false,false,true,50,false,false,true,31,false
1.,Voter,111,7,1.,2,false,true,25,false,false,true,17,false,false,true,11,false
1.,Voter,111,7,1.,3,false,true,62,false,false,true,69,false,false,true,16,false
1.,Voter,51,9,1.,1,false,true,22,false,false,true,18,false,false,true,9,false
1.,Voter,51,9,1.,2,false,true,31,false,false,true,27,false,false,true,11,false
1.,Voter,51,9,1.,3,false,true,26,false,false,true,18,false,false,true,5,false
1.,Voter,81,9,1.,1,false,true,36,false,false,true,30,false,false,true,10,false
1.,Voter,81,9,1.,2,false,true,77,false,false,true,54,false,false,true,79,false
1.,Voter,81,9,1.,3,false,true,47,false,false,true,49,false,false,true,13,false
1.,Voter,111,9,1.,1,false,true,53,false,false,true,69,false,false,true,38,false
1.,Voter,111,9,1.,2,false,true,97,false,false,true,84,false,false,true,85,false
1.,Voter,111,9,1.,3,false,true,86,false,false,true,71,false,false,true,41,false
1.1,Voter,51,5,1.,1,false,true,19,false,false,true,20,false,false,true,28,false
1.1,Voter,51,5,1.,2,false,true,12,false,false,true,11,false,false,true,2,false
1.1,Voter,51,5,1.,3,false,true,14,false,false,true,11,false,false,true,2,false
1.1,Voter,81,5,1.,1,false,true,15,false,false,true,32,false,false,true,14,false
1.1,Voter,81,5,1.,2,false,true,14,false,false,true,12,false,false,true,6,false
1.1,Voter,81,5,1.,3,false,true,12,false,false,true,15,false,false,true,3,false
1.1,Voter,111,5,1.,1,false,true,12,false,false,true,7,false,false,true,2,false
1.1,Voter,111,5,1.,2,false,true,23,false,false,true,16,false,false,true,4,false
1.1,Voter,111,5,1.,3,false,true,18,false,false,true,17,false,false,true,2,false
1.1,Voter,51,7,1.,1,false,true,23,false,true,false,22,true,false,true,13,false
1.1,Voter,51,7,1.,2,false,true,21,false,false,true,16,false,false,true,11,false
1.1,Voter,51,7,1.,3,false,true,26,false,false,true,37,false,false,true,17,false
1.1,Voter,81,7,1.,1,false,true,34,false,false,true,38,false,false,true,12,false
1.1,Voter,81,7,1.,2,false,true,39,false,false,true,27,false,false,true,35,false
1.1,Voter,81,7,1.,3,false,true,29,false,false,true,68,false,false,true,7,false
1.1,Voter,111,7,1.,1,false,true,45,false,false,true,35,false,false,true,14,false
1.1,Voter,111,7,1.,2,false,true,41,false,false,true,36,false,false,true,24,false
1.1,Voter,111,7,1.,3,false,true,24,false,false,true,88,false,false,true,5,false
1.1,Voter,51,9,1.,1,false,true,40,false,false,true,33,false,false,true,30,false
1.1,Voter,51,9,1.,2,false,true,49,false,false,true,49,false,false,true,40,false
1.1,Voter,51,9,1.,3,false,true,45,false,true,false,49,true,false,true,40,false
1.1,Voter,81,9,1.,1,false,true,48,false,false,true,64,false,false,true,29,false
1.1,Voter,81,9,1.,2,false,true,61,false,false,true,69,false,false,true,49,false
1.1,Voter,81,9,1.,3,true,true,58,true,true,false,80,true,false,true,33,false
1.1,Voter,111,9,1.,1,false,true,94,false,false,true,74,false,false,true,90,false
1.1,Voter,111,9,1.,2,false,true,92,false,false,true,91,false,false,true,73,false
1.1,Voter,111,9,1.,3,false,true,56,false,false,true,30,false,false,true,12,false
1.2,Voter,51,5,1.,1,false,true,10,false,false,true,9,false,false,true,4,false
1.2,Voter,51,5,1.,2,false,true,11,false,false,true,11,false,false,true,1,false
1.2,Voter,51,5,1.,3,false,true,20,false,false,true,11,false,false,true,18,false
1.2,Voter,81,5,1.,1,false,true,23,false,false,true,23,false,false,true,19,false
1.2,Voter,81,5,1.,2,false,true,14,false,false,true,11,false,false,true,4,false
1.2,Voter,81,5,1.,3,false,true,22,false,false,true,20,false,false,true,2,false
1.2,Voter,111,5,1.,1,false,true,15,false,false,true,14,false,false,true,2,false
1.2,Voter,111,5,1.,2,false,true,21,false,false,true,14,false,false,true,2,false
1.2,Voter,111,5,1.,3,false,true,18,false,false,true,12,false,false,true,4,false
1.2,Voter,51,7,1.,1,false,true,24,false,false,true,42,false,false,true,11,false
1.2,Voter,51,7,1.,2,false,true,21,false,false,true,26,false,false,true,7,false
1.2,Voter,51,7,1.,3,true,true,41,true,false,true,42,false,false,true,33,false
1.2,Voter,81,7,1.,1,false,true,35,false,false,true,38,false,true,false,15,true
1.2,Voter,81,7,1.,2,false,true,32,false,false,true,25,false,false,true,14,false
1.2,Voter,81,7,1.,3,false,true,41,false,false,true,70,false,false,true,18,false
1.2,Voter,111,7,1.,1,false,true,34,false,false,true,96,false,false,true,5,false
1.2,Voter,111,7,1.,2,false,true,63,false,false,true,47,false,false,true,51,false
1.2,Voter,111,7,1.,3,false,true,63,false,false,true,54,false,false,true,48,false
1.2,Voter,51,9,1.,1,false,true,36,false,false,true,29,false,false,true,26,false
1.2,Voter,51,9,1.,2,false,true,43,false,false,true,26,false,false,true,39,false
1.2,Voter,51,9,1.,3,false,true,34,false,false,true,24,false,false,true,15,false
1.2,Voter,81,9,1.,1,false,true,41,false,false,true,54,false,false,true,12,false
1.2,Voter,81,9,1.,2,false,true,57,false,true,true,65,true,true,true,65,true
1.2,Voter,81,9,1.,3,false,true,63,false,true,true,78,true,false,true,40,false
1.2,Voter,111,9,1.,1,false,true,60,false,false,true,66,false,false,true,11,false
1.2,Voter,111,9,1.,2,false,true,69,false,false,true,66,false,false,true,40,false
1.2,Voter,111,9,1.,3,false,true,98,false,false,true,107,false,false,true,86,false
1.3,Voter,51,5,1.,1,false,true,20,false,false,true,13,false,false,true,3,false
1.3,Voter,51,5,1.,2,false,true,14,false,false,true,15,false,false,true,4,false
1.3,Voter,51,5,1.,3,false,true,15,false,false,true,11,false,false,true,12,false
1.3,Voter,81,5,1.,1,false,true,13,false,false,true,14,false,false,true,5,false
1.3,Voter,81,5,1.,2,false,true,13,false,false,true,34,false,false,true,3,false
1.3,Voter,81,5,1.,3,false,true,12,false,false,true,10,false,false,true,2,false
1.3,Voter,111,5,1.,1,false,true,16,false,false,true,21,false,false,true,4,false
1.3,Voter,111,5,1.,2,false,true,21,false,false,true,10,false,false,true,13,false
1.3,Voter,111,5,1.,3,false,true,17,false,false,true,15,false,false,true,6,false
1.3,Voter,51,7,1.,1,false,true,37,false,false,true,30,false,false,true,28,false
1.3,Voter,51,7,1.,2,false,true,28,false,false,true,21,false,false,true,10,false
1.3,Voter,51,7,1.,3,false,true,19,false,false,true,15,false,false,true,11,false
1.3,Voter,81,7,1.,1,false,true,40,false,false,true,42,false,false,true,15,false
1.3,Voter,81,7,1.,2,false,true,57,false,false,true,61,false,false,true,50,false
1.3,Voter,81,7,1.,3,false,true,38,false,false,true,45,false,false,true,31,false
1.3,Voter,111,7,1.,1,false,true,50,false,false,true,69,false,false,true,27,false
1.3,Voter,111,7,1.,2,false,true,68,false,false,true,64,false,false,true,44,false
1.3,Voter,111,7,1.,3,false,true,48,false,false,true,45,false,false,true,27,false
1.3,Voter,51,9,1.,1,false,true,45,false,false,true,41,false,false,true,33,false
1.3,Voter,51,9,1.,2,false,true,35,false,false,true,44,false,false,true,23,false
1.3,Voter,51,9,1.,3,false,true,49,false,false,true,49,false,false,true,50,false
1.3,Voter,81,9,1.,1,false,true,49,false,false,true,59,false,false,true,18,false
1.3,Voter,81,9,1.,2,false,true,74,false,false,true,69,false,false,true,74,false
1.3,Voter,81,9,1.,3,false,true,59,false,false,true,54,false,false,true,36,false
1.3,Voter,111,9,1.,1,false,true,56,false,false,true,41,false,false,true,20,false
1.3,Voter,111,9,1.,2,false,true,61,false,false,true,55,false,false,true,24,false
1.3,Voter,111,9,1.,3,false,true,63,false,false,true,63,false,false,true,54,false
1.4,Voter,51,5,1.,1,false,true,16,false,false,true,12,false,false,true,6,false
1.4,Voter,51,5,1.,2,false,true,16,false,false,true,25,false,false,true,10,false
1.4,Voter,51,5,1.,3,false,true,14,false,false,true,11,false,false,true,9,false
1.4,Voter,81,5,1.,1,false,true,17,false,false,true,27,false,false,true,4,false
1.4,Voter,81,5,1.,2,false,true,17,false,false,true,10,false,false,true,1,false
1.4,Voter,81,5,1.,3,false,true,17,false,false,true,16,false,false,true,3,false
1.4,Voter,111,5,1.,1,false,true,13,false,false,true,9,false,false,true,4,false
1.4,Voter,111,5,1.,2,false,true,23,false,false,true,16,false,false,true,4,false
1.4,Voter,111,5,1.,3,false,true,17,false,false,true,17,false,false,true,1,false
1.4,Voter,51,7,1.,1,false,true,13,false,false,true,27,false,false,true,3,false
1.4,Voter,51,7,1.,2,false,true,25,false,false,true,17,false,false,true,15,false
1.4,Voter,51,7,1.,3,false,true,23,false,false,true,14,false,false,true,10,false
1.4,Voter,81,7,1.,1,false,true,41,false,false,true,47,false,false,true,21,false
1.4,Voter,81,7,1.,2,false,true,33,false,true,true,42,true,false,true,15,false
1.4,Voter,81,7,1.,3,false,true,37,false,false,true,25,false,false,true,20,false
1.4,Voter,111,7,1.,1,false,true,37,false,false,true,89,false,false,true,13,false
1.4,Voter,111,7,1.,2,false,true,56,false,false,true,37,false,false,true,35,false
1.4,Voter,111,7,1.,3,false,true,28,false,false,true,22,false,false,true,19,false
1.4,Voter,51,9,1.,1,false,true,32,false,false,true,32,false,false,true,18,false
1.4,Voter,51,9,1.,2,false,true,35,false,false,true,31,false,false,true,17,false
1.4,Voter,51,9,1.,3,false,true,48,false,false,true,45,false,false,true,47,false
1.4,Voter,81,9,1.,1,false,true,38,false,false,true,23,false,false,true,13,false
1.4,Voter,81,9,1.,2,false,true,39,false,false,true,71,false,false,true,8,false
1.4,Voter,81,9,1.,3,false,true,77,false,false,true,66,false,false,true,73,false
1.4,Voter,111,9,1.,1,false,true,81,false,true,true,89,true,false,true,63,false
1.4,Voter,111,9,1.,2,false,true,98,false,false,true,109,false,false,true,74,false
1.4,Voter,111,9,1.,3,false,true,75,false,false,true,67,false,false,true,65,false
0.1,Random,51,5,5.,1,false,true,31,false,false,true,9,false,false,true,32,false
0.1,Random,51,5,5.,2,false,true,33,false,false,true,22,false,false,true,31,false
0.1,Random,51,5,5.,3,false,true,37,false,false,true,12,false,false,true,42,false
0.1,Random,81,5,5.,1,false,true,51,false,false,true,50,false,false,true,49,false
0.1,Random,81,5,5.,2,false,true,49,false,true,false,53,true,false,true,54,false
0.1,Random,81,5,5.,3,true,false,48,true,false,true,52,false,true,false,51,true
0.1,Random,111,5,5.,1,false,true,55,false,false,true,1,false,false,true,54,false
0.1,Random,111,5,5.,2,false,true,58,false,false,true,51,false,false,true,55,false
0.1,Random,111,5,5.,3,false,true,66,false,false,true,24,false,false,true,63,false
0.1,Random,51,7,5.,1,true,true,51,true,false,true,48,false,false,true,51,false
0.1,Random,51,7,5.,2,false,true,49,false,false,true,40,false,false,true,51,false
0.1,Random,51,7,5.,3,true,true,49,true,false,true,50,false,false,true,51,false
0.1,Random,81,7,5.,1,false,true,76,false,false,true,72,false,false,true,81,false
0.1,Random,81,7,5.,2,false,true,80,false,false,true,79,false,false,true,80,false
0.1,Random,81,7,5.,3,false,true,80,false,false,true,70,false,true,true,80,true
0.1,Random,111,7,5.,1,true,true,107,true,true,false,108,true,false,true,109,false
0.1,Random,111,7,5.,2,false,true,107,false,false,true,69,false,false,true,109,false
0.1,Random,111,7,5.,3,false,true,111,false,false,true,103,false,false,true,105,false
0.1,Random,51,9,5.,1,true,true,51,true,false,true,50,false,false,true,51,false
0.1,Random,51,9,5.,2,false,true,51,false,false,true,51,false,false,true,51,false
0.1,Random,51,9,5.,3,false,true,51,false,false,true,51,false,false,true,51,false
0.1,Random,81,9,5.,1,true,true,81,true,false,true,81,false,true,true,81,true
0.1,Random,81,9,5.,2,true,true,81,true,false,true,81,false,true,true,81,true
0.1,Random,81,9,5.,3,true,true,81,true,false,true,80,false,true,true,81,true
0.1,Random,111,9,5.,1,true,true,111,true,false,true,110,false,true,true,111,true
0.1,Random,111,9,5.,2,false,true,111,false,true,true,111,true,true,true,111,true
0.1,Random,111,9,5.,3,false,true,111,false,false,true,109,false,true,true,111,true
0.2,Random,51,5,5.,1,false,true,34,false,false,true,15,false,false,true,32,false
0.2,Random,51,5,5.,2,false,true,36,false,false,true,29,false,false,true,35,false
0.2,Random,51,5,5.,3,false,true,41,false,true,false,36,true,true,false,40,true
0.2,Random,81,5,5.,1,false,true,49,false,false,true,38,false,false,true,48,false
0.2,Random,81,5,5.,2,false,true,56,false,false,true,55,false,true,true,59,true
0.2,Random,81,5,5.,3,false,true,49,false,false,true,27,false,false,true,50,false
0.2,Random,111,5,5.,1,false,true,55,false,false,true,26,false,false,true,58,false
0.2,Random,111,5,5.,2,false,true,62,false,false,true,39,false,false,true,68,false
0.2,Random,111,5,5.,3,false,true,51,false,false,true,18,false,false,true,54,false
0.2,Random,51,7,5.,1,false,true,49,false,false,true,44,false,false,true,51,false
0.2,Random,51,7,5.,2,false,true,51,false,false,true,41,false,true,false,51,true
0.2,Random,51,7,5.,3,false,true,50,false,false,true,44,false,false,true,51,false
0.2,Random,81,7,5.,1,false,true,80,false,true,true,80,true,true,false,79,true
0.2,Random,81,7,5.,2,false,true,80,false,false,true,69,false,true,true,79,true
0.2,Random,81,7,5.,3,false,true,80,false,false,true,71,false,true,true,80,true
0.2,Random,111,7,5.,1,false,true,110,false,false,true,106,false,false,true,109,false
0.2,Random,111,7,5.,2,false,true,110,false,false,true,104,false,false,true,107,false
0.2,Random,111,7,5.,3,false,true,108,false,false,true,111,false,false,true,105,false
0.2,Random,51,9,5.,1,false,true,51,false,false,true,51,false,true,false,51,true
0.2,Random,51,9,5.,2,true,true,51,true,false,true,51,false,false,true,51,false
0.2,Random,51,9,5.,3,true,true,51,true,false,true,51,false,true,true,51,true
0.2,Random,81,9,5.,1,false,true,81,false,true,true,76,true,false,true,81,false
0.2,Random,81,9,5.,2,false,true,81,false,false,true,79,false,false,true,81,false
0.2,Random,81,9,5.,3,true,true,81,true,true,true,81,true,true,true,81,true
0.2,Random,111,9,5.,1,false,true,111,false,false,true,111,false,false,true,111,false
0.2,Random,111,9,5.,2,false,true,111,false,false,true,108,false,false,true,111,false
0.2,Random,111,9,5.,3,false,true,111,false,false,true,106,false,false,true,111,false
0.3,Random,51,5,5.,1,false,true,41,false,false,true,37,false,false,true,44,false
0.3,Random,51,5,5.,2,false,true,37,false,false,true,28,false,false,true,36,false
0.3,Random,51,5,5.,3,false,true,37,false,false,true,14,false,false,true,36,false
0.3,Random,81,5,5.,1,false,true,57,false,false,true,40,false,false,true,61,false
0.3,Random,81,5,5.,2,false,true,59,false,false,true,49,false,false,true,59,false
0.3,Random,81,5,5.,3,false,true,47,false,false,true,30,false,false,true,44,false
0.3,Random,111,5,5.,1,false,true,61,false,false,true,40,false,false,true,59,false
0.3,Random,111,5,5.,2,false,true,60,false,false,true,45,false,false,true,60,false
0.3,Random,111,5,5.,3,false,true,70,false,false,true,52,false,false,true,60,false
0.3,Random,51,7,5.,1,false,true,50,false,false,true,49,false,true,false,50,true
0.3,Random,51,7,5.,2,false,true,51,false,false,true,50,false,false,true,51,false
0.3,Random,51,7,5.,3,false,true,50,false,false,true,1,false,false,true,51,false
0.3,Random,81,7,5.,1,false,true,74,false,true,true,81,true,false,true,75,false
0.3,Random,81,7,5.,2,false,true,79,false,false,true,72,false,false,true,80,false
0.3,Random,81,7,5.,3,false,true,78,false,false,true,65,false,false,true,78,false
0.3,Random,111,7,5.,1,false,true,109,false,false,true,110,false,false,true,108,false
0.3,Random,111,7,5.,2,false,true,104,false,false,true,53,false,false,true,105,false
0.3,Random,111,7,5.,3,false,true,108,false,false,true,105,false,true,true,109,true
0.3,Random,51,9,5.,1,true,true,51,true,false,true,51,false,false,true,51,false
0.3,Random,51,9,5.,2,true,false,51,true,true,true,51,true,true,true,51,true
0.3,Random,51,9,5.,3,false,true,51,false,false,true,51,false,false,true,51,false
0.3,Random,81,9,5.,1,false,true,81,false,true,false,81,true,false,true,81,false
0.3,Random,81,9,5.,2,false,true,81,false,true,true,81,true,true,true,81,true
0.3,Random,81,9,5.,3,true,true,81,true,false,true,81,false,false,true,81,false
0.3,Random,111,9,5.,1,false,true,111,false,false,true,110,false,true,true,111,true
0.3,Random,111,9,5.,2,false,true,111,false,false,true,111,false,false,true,111,false
0.3,Random,111,9,5.,3,false,true,111,false,true,true,111,true,true,true,111,true
0.4,Random,51,5,5.,1,true,true,34,true,false,true,19,false,false,true,40,false
0.4,Random,51,5,5.,2,false,true,34,false,false,true,33,false,false,true,32,false
0.4,Random,51,5,5.,3,false,true,37,false,false,true,28,false,false,true,33,false
0.4,Random,81,5,5.,1,true,false,57,true,false,true,50,false,false,true,53,false
0.4,Random,81,5,5.,2,false,true,49,false,true,true,55,true,false,true,49,false
0.4,Random,81,5,5.,3,false,true,55,false,false,true,33,false,false,true,54,false
0.4,Random,111,5,5.,1,false,true,45,false,false,true,62,false,false,true,48,false
0.4,Random,111,5,5.,2,false,true,64,false,false,true,25,false,false,true,55,false
0.4,Random,111,5,5.,3,false,true,62,false,false,true,60,false,false,true,62,false
0.4,Random,51,7,5.,1,false,true,51,false,false,true,49,false,false,true,51,false
0.4,Random,51,7,5.,2,false,true,50,false,false,true,43,false,false,true,51,false
0.4,Random,51,7,5.,3,false,true,50,false,true,true,51,true,false,true,49,false
0.4,Random,81,7,5.,1,false,true,79,false,false,true,81,false,true,true,80,true
0.4,Random,81,7,5.,2,false,true,79,false,false,true,74,false,false,true,78,false
0.4,Random,81,7,5.,3,true,true,80,true,false,true,71,false,false,true,81,false
0.4,Random,111,7,5.,1,false,true,109,false,true,false,107,true,true,true,109,true
0.4,Random,111,7,5.,2,false,true,108,false,false,true,109,false,false,true,103,false
0.4,Random,111,7,5.,3,false,true,106,false,false,true,82,false,false,true,106,false
0.4,Random,51,9,5.,1,false,true,51,false,true,true,51,true,true,true,51,true
0.4,Random,51,9,5.,2,false,true,51,false,false,true,51,false,true,false,51,true
0.4,Random,51,9,5.,3,false,true,51,false,false,true,51,false,true,true,51,true
0.4,Random,81,9,5.,1,true,true,81,true,false,true,81,false,true,true,81,true
0.4,Random,81,9,5.,2,false,true,81,false,false,true,81,false,false,true,81,false
0.4,Random,81,9,5.,3,false,true,80,false,false,true,81,false,false,true,81,false
0.4,Random,111,9,5.,1,false,true,111,false,true,true,111,true,true,true,110,true
0.4,Random,111,9,5.,2,false,true,111,false,false,true,111,false,true,false,111,true
0.4,Random,111,9,5.,3,false,true,111,false,false,true,110,false,true,true,111,true
0.5,Random,51,5,5.,1,false,true,34,false,false,true,26,false,false,true,39,false
0.5,Random,51,5,5.,2,false,true,35,false,false,true,19,false,false,true,32,false
0.5,Random,51,5,5.,3,true,true,42,true,false,true,15,false,false,true,39,false
0.5,Random,81,5,5.,1,false,true,42,false,false,true,1,false,false,true,43,false
0.5,Random,81,5,5.,2,false,true,45,false,false,true,57,false,false,true,38,false
0.5,Random,81,5,5.,3,false,true,48,false,false,true,34,false,true,true,49,true
0.5,Random,111,5,5.,1,false,true,49,false,false,true,53,false,false,true,46,false
0.5,Random,111,5,5.,2,false,true,72,false,false,true,49,false,false,true,71,false
0.5,Random,111,5,5.,3,false,true,50,false,false,true,36,false,false,true,50,false
0.5,Random,51,7,5.,1,true,true,50,true,false,true,48,false,false,true,49,false
0.5,Random,51,7,5.,2,true,true,51,true,false,true,50,false,true,true,51,true
0.5,Random,51,7,5.,3,true,true,51,true,true,false,51,true,true,false,49,true
0.5,Random,81,7,5.,1,false,true,79,false,false,true,61,false,false,true,77,false
0.5,Random,81,7,5.,2,false,true,81,false,false,true,69,false,false,true,79,false
0.5,Random,81,7,5.,3,false,true,81,false,false,true,60,false,false,true,80,false
0.5,Random,111,7,5.,1,false,true,105,false,false,true,93,false,false,true,101,false
0.5,Random,111,7,5.,2,false,true,108,false,false,true,92,false,false,true,105,false
0.5,Random,111,7,5.,3,false,true,108,false,false,true,102,false,false,true,107,false
0.5,Random,51,9,5.,1,true,true,51,true,false,true,51,false,false,true,51,false
0.5,Random,51,9,5.,2,false,true,51,false,false,true,51,false,true,true,51,true
0.5,Random,51,9,5.,3,true,true,51,true,false,true,1,false,true,true,51,true
0.5,Random,81,9,5.,1,true,true,81,true,false,true,81,false,false,true,81,false
0.5,Random,81,9,5.,2,true,true,81,true,false,true,81,false,false,true,81,false
0.5,Random,81,9,5.,3,false,true,81,false,false,true,81,false,false,true,81,false
0.5,Random,111,9,5.,1,false,true,111,false,false,true,110,false,false,true,111,false
0.5,Random,111,9,5.,2,false,true,111,false,false,true,111,false,false,true,111,false
0.5,Random,111,9,5.,3,false,true,111,false,false,true,103,false,true,false,111,true
0.6,Random,51,5,5.,1,false,true,28,false,false,true,23,false,false,true,30,false
0.6,Random,51,5,5.,2,false,true,37,false,false,true,29,false,false,true,40,false
0.6,Random,51,5,5.,3,false,true,41,false,false,true,16,false,false,true,40,false
0.6,Random,81,5,5.,1,false,true,53,false,false,true,26,false,false,true,52,false
0.6,Random,81,5,5.,2,false,true,45,false,false,true,44,false,false,true,43,false
0.6,Random,81,5,5.,3,false,true,57,false,false,true,46,false,false,true,58,false
0.6,Random,111,5,5.,1,false,true,64,false,false,true,1,false,false,true,65,false
0.6,Random,111,5,5.,2,false,true,59,false,false,true,57,false,false,true,63,false
0.6,Random,111,5,5.,3,false,true,54,false,false,true,34,false,false,true,52,false
0.6,Random,51,7,5.,1,false,true,49,false,true,true,49,true,true,true,51,true
0.6,Random,51,7,5.,2,false,true,51,false,false,true,44,false,false,true,50,false
0.6,Random,51,7,5.,3,true,true,50,true,false,true,51,false,false,true,51,false
0.6,Random,81,7,5.,1,false,true,77,false,true,true,80,true,false,true,77,false
0.6,Random,81,7,5.,2,true,true,81,true,true,true,79,true,false,true,81,false
0.6,Random,81,7,5.,3,false,true,81,false,false,true,61,false,false,true,78,false
0.6,Random,111,7,5.,1,false,true,107,false,false,true,93,false,false,true,110,false
0.6,Random,111,7,5.,2,false,true,111,false,false,true,46,false,false,true,111,false
0.6,Random,111,7,5.,3,false,true,108,false,false,true,93,false,false,true,110,false
0.6,Random,51,9,5.,1,false,true,51,false,true,true,51,true,true,true,51,true
0.6,Random,51,9,5.,2,false,true,51,false,false,true,51,false,false,true,51,false
0.6,Random,51,9,5.,3,false,true,51,false,true,true,51,true,false,true,51,false
0.6,Random,81,9,5.,1,false,true,81,false,false,true,81,false,true,true,81,true
0.6,Random,81,9,5.,2,false,true,81,false,false,true,80,false,false,true,81,false
0.6,Random,81,9,5.,3,true,true,80,true,true,true,80,true,true,true,81,true
0.6,Random,111,9,5.,1,true,true,111,true,false,true,109,false,false,true,111,false
0.6,Random,111,9,5.,2,false,true,111,false,false,true,111,false,false,true,111,false
0.6,Random,111,9,5.,3,false,true,111,false,false,true,111,false,false,true,111,false
0.7,Random,51,5,5.,1,false,true,37,false,false,true,33,false,true,true,37,true
0.7,Random,51,5,5.,2,false,true,38,false,false,true,35,false,false,true,39,false
0.7,Random,51,5,5.,3,true,true,41,true,false,true,1,false,false,true,43,false
0.7,Random,81,5,5.,1,false,true,48,false,false,true,46,false,false,true,51,false
0.7,Random,81,5,5.,2,false,true,47,false,false,true,40,false,true,true,44,true
0.7,Random,81,5,5.,3,true,true,60,true,false,true,46,false,false,true,58,false
0.7,Random,111,5,5.,1,false,true,72,false,false,true,40,false,false,true,68,false
0.7,Random,111,5,5.,2,false,true,63,false,false,true,47,false,false,true,71,false
0.7,Random,111,5,5.,3,false,true,63,false,false,true,62,false,false,true,58,false
0.7,Random,51,7,5.,1,true,true,50,true,false,true,44,false,false,true,51,false
0.7,Random,51,7,5.,2,false,true,49,false,false,true,49,false,false,true,50,false
0.7,Random,51,7,5.,3,false,true,51,false,false,true,48,false,false,true,51,false
0.7,Random,81,7,5.,1,false,true,81,false,false,true,74,false,false,true,80,false
0.7,Random,81,7,5.,2,true,true,79,true,false,true,81,false,true,true,80,true
0.7,Random,81,7,5.,3,false,true,81,false,false,true,1,false,false,true,79,false
0.7,Random,111,7,5.,1,false,true,110,false,false,true,102,false,false,true,106,false
0.7,Random,111,7,5.,2,false,true,111,false,false,true,91,false,true,true,107,true
0.7,Random,111,7,5.,3,false,true,110,false,false,true,99,false,false,true,110,false
0.7,Random,51,9,5.,1,true,true,51,true,false,true,49,false,false,true,51,false
0.7,Random,51,9,5.,2,true,true,51,true,false,true,51,false,false,true,51,false
0.7,Random,51,9,5.,3,true,true,51,true,false,true,51,false,false,true,51,false
0.7,Random,81,9,5.,1,true,true,81,true,false,true,80,false,false,true,81,false
0.7,Random,81,9,5.,2,false,true,81,false,true,true,81,true,false,true,80,false
0.7,Random,81,9,5.,3,false,true,81,false,false,true,81,false,false,true,81,false
0.7,Random,111,9,5.,1,false,true,111,false,false,true,111,false,false,true,111,false
0.7,Random,111,9,5.,2,false,true,111,false,false,true,111,false,false,true,111,false
0.7,Random,111,9,5.,3,false,true,111,false,true,true,111,true,false,true,110,false
0.8,Random,51,5,5.,1,false,true,38,false,false,true,39,false,false,true,34,false
0.8,Random,51,5,5.,2,false,true,39,false,true,true,26,true,false,true,35,false
0.8,Random,51,5,5.,3,false,true,36,false,false,true,34,false,false,true,34,false
0.8,Random,81,5,5.,1,false,true,50,false,false,true,38,false,false,true,54,false
0.8,Random,81,5,5.,2,false,true,41,false,false,true,47,false,false,true,45,false
0.8,Random,81,5,5.,3,false,true,45,false,false,true,31,false,false,true,47,false
0.8,Random,111,5,5.,1,false,true,51,false,false,true,31,false,false,true,48,false
0.8,Random,111,5,5.,2,false,true,62,false,false,true,29,false,false,true,59,false
0.8,Random,111,5,5.,3,false,true,60,false,false,true,39,false,false,true,60,false
0.8,Random,51,7,5.,1,false,true,48,false,false,true,34,false,false,true,49,false
0.8,Random,51,7,5.,2,false,true,51,false,false,true,50,false,true,false,48,true
0.8,Random,51,7,5.,3,true,true,51,true,false,true,48,false,true,true,51,true
0.8,Random,81,7,5.,1,false,true,77,false,false,true,80,false,false,true,80,false
0.8,Random,81,7,5.,2,false,true,79,false,true,false,72,true,false,true,74,false
0.8,Random,81,7,5.,3,true,false,76,true,true,true,78,true,false,true,81,false
0.8,Random,111,7,5.,1,false,true,109,false,false,true,108,false,false,true,106,false
0.8,Random,111,7,5.,2,false,true,103,false,false,true,70,false,false,true,108,false
0.8,Random,111,7,5.,3,true,true,108,true,true,true,102,true,false,true,110,false
0.8,Random,51,9,5.,1,true,true,51,true,false,true,51,false,true,true,51,true
0.8,Random,51,9,5.,2,true,true,51,true,false,true,51,false,true,true,51,true
0.8,Random,51,9,5.,3,true,true,51,true,true,true,51,true,true,true,51,true
0.8,Random,81,9,5.,1,false,true,81,false,false,true,81,false,true,true,81,true
0.8,Random,81,9,5.,2,true,true,81,true,false,true,81,false,true,true,81,true
0.8,Random,81,9,5.,3,true,true,81,true,false,true,80,false,false,true,81,false
0.8,Random,111,9,5.,1,false,true,111,false,false,true,110,false,false,true,111,false
0.8,Random,111,9,5.,2,false,true,111,false,false,true,110,false,true,true,111,true
0.8,Random,111,9,5.,3,false,true,111,false,false,true,109,false,false,true,111,false
0.9,Random,51,5,5.,1,false,true,36,false,false,true,27,false,false,true,37,false
0.9,Random,51,5,5.,2,false,true,42,false,false,true,32,false,false,true,40,false
0.9,Random,51,5,5.,3,false,true,33,false,false,true,23,false,false,true,37,false
0.9,Random,81,5,5.,1,false,true,49,false,false,true,47,false,false,true,50,false
0.9,Random,81,5,5.,2,false,true,37,false,false,true,12,false,false,true,40,false
0.9,Random,81,5,5.,3,false,true,54,false,false,true,42,false,false,true,52,false
0.9,Random,111,5,5.,1,false,true,61,false,false,true,59,false,false,true,62,false
0.9,Random,111,5,5.,2,false,true,57,false,false,true,41,false,false,true,58,false
0.9,Random,111,5,5.,3,false,true,62,false,true,false,64,true,false,true,52,false
0.9,Random,51,7,5.,1,true,true,51,true,false,true,36,false,true,true,51,true
0.9,Random,51,7,5.,2,false,true,51,false,false,true,49,false,false,true,51,false
0.9,Random,51,7,5.,3,false,true,51,false,false,true,47,false,false,true,49,false
0.9,Random,81,7,5.,1,false,true,77,false,false,true,70,false,false,true,76,false
0.9,Random,81,7,5.,2,false,true,80,false,true,true,80,true,false,true,80,false
0.9,Random,81,7,5.,3,false,true,80,false,false,true,73,false,false,true,80,false
0.9,Random,111,7,5.,1,false,true,105,false,false,true,95,false,false,true,106,false
0.9,Random,111,7,5.,2,false,true,109,false,false,true,104,false,false,true,108,false
0.9,Random,111,7,5.,3,false,true,108,false,false,true,103,false,false,true,108,false
0.9,Random,51,9,5.,1,false,true,51,false,false,true,51,false,false,true,51,false
0.9,Random,51,9,5.,2,false,true,51,false,false,true,51,false,false,true,51,false
0.9,Random,51,9,5.,3,false,true,51,false,false,true,51,false,false,true,51,false
0.9,Random,81,9,5.,1,true,true,81,true,false,true,79,false,false,true,81,false
0.9,Random,81,9,5.,2,true,true,81,true,true,false,81,true,false,true,81,false
0.9,Random,81,9,5.,3,false,true,81,false,false,true,81,false,true,true,81,true
0.9,Random,111,9,5.,1,true,true,111,true,true,true,110,true,true,true,111,true
0.9,Random,111,9,5.,2,true,true,111,true,false,true,111,false,false,true,111,false
0.9,Random,111,9,5.,3,false,true,111,false,false,true,108,false,false,true,111,false
1.,Random,51,5,5.,1,true,true,42,true,false,true,33,false,false,true,45,false
1.,Random,51,5,5.,2,false,true,37,false,false,true,35,false,true,true,42,true
1.,Random,51,5,5.,3,false,true,40,false,false,true,22,false,false,true,35,false
1.,Random,81,5,5.,1,false,true,55,false,false,true,38,false,false,true,54,false
1.,Random,81,5,5.,2,false,true,53,false,false,true,32,false,false,true,56,false
1.,Random,81,5,5.,3,false,true,46,false,false,true,36,false,false,true,50,false
1.,Random,111,5,5.,1,false,true,59,false,false,true,25,false,false,true,64,false
1.,Random,111,5,5.,2,false,true,66,false,false,true,24,false,false,true,62,false
1.,Random,111,5,5.,3,true,true,65,true,false,true,63,false,false,true,68,false
1.,Random,51,7,5.,1,false,true,50,false,false,true,36,false,false,true,50,false
1.,Random,51,7,5.,2,false,true,51,false,false,true,47,false,false,true,50,false
1.,Random,51,7,5.,3,false,true,49,false,false,true,50,false,false,true,50,false
1.,Random,81,7,5.,1,false,true,71,false,false,true,48,false,false,true,73,false
1.,Random,81,7,5.,2,false,true,79,false,false,true,68,false,false,true,80,false
1.,Random,81,7,5.,3,false,true,79,false,false,true,76,false,false,true,81,false
1.,Random,111,7,5.,1,false,true,108,false,true,false,107,true,false,true,105,false
1.,Random,111,7,5.,2,false,true,103,false,false,true,89,false,false,true,101,false
1.,Random,111,7,5.,3,false,true,107,false,false,true,106,false,false,true,108,false
1.,Random,51,9,5.,1,false,true,51,false,true,true,51,true,true,true,50,true
1.,Random,51,9,5.,2,true,true,51,true,false,true,51,false,false,true,51,false
1.,Random,51,9,5.,3,true,false,51,true,false,true,51,false,true,false,51,true
1.,Random,81,9,5.,1,false,true,81,false,true,false,81,true,false,true,80,false
1.,Random,81,9,5.,2,false,true,81,false,false,true,81,false,false,true,81,false
1.,Random,81,9,5.,3,false,true,81,false,false,true,81,false,false,true,81,false
1.,Random,111,9,5.,1,false,true,111,false,false,true,1,false,false,true,111,false
1.,Random,111,9,5.,2,false,true,111,false,false,true,109,false,false,true,111,false
1.,Random,111,9,5.,3,true,true,111,true,false,true,110,false,false,true,111,false
1.1,Random,51,5,5.,1,false,true,36,false,false,true,22,false,false,true,37,false
1.1,Random,51,5,5.,2,false,true,34,false,false,true,14,false,false,true,35,false
1.1,Random,51,5,5.,3,true,true,43,true,false,true,25,false,true,false,41,true
1.1,Random,81,5,5.,1,false,true,53,false,false,true,42,false,false,true,53,false
1.1,Random,81,5,5.,2,false,true,47,false,false,true,56,false,false,true,42,false
1.1,Random,81,5,5.,3,false,true,54,false,false,true,40,false,false,true,50,false
1.1,Random,111,5,5.,1,false,true,68,false,false,true,51,false,false,true,68,false
1.1,Random,111,5,5.,2,false,true,65,false,false,true,50,false,false,true,65,false
1.1,Random,111,5,5.,3,false,true,71,false,false,true,1,false,false,true,52,false
1.1,Random,51,7,5.,1,false,true,49,false,false,true,51,false,false,true,51,false
1.1,Random,51,7,5.,2,true,false,50,true,false,true,50,false,false,true,49,false
1.1,Random,51,7,5.,3,false,true,50,false,false,true,46,false,false,true,50,false
1.1,Random,81,7,5.,1,false,true,77,false,true,true,71,true,false,true,80,false
1.1,Random,81,7,5.,2,false,true,80,false,false,true,64,false,true,true,78,true
1.1,Random,81,7,5.,3,false,true,80,false,false,true,67,false,false,true,76,false
1.1,Random,111,7,5.,1,false,true,111,false,false,true,100,false,false,true,111,false
1.1,Random,111,7,5.,2,false,true,103,false,false,true,68,false,false,true,105,false
1.1,Random,111,7,5.,3,true,false,107,true,false,true,100,false,false,true,107,false
1.1,Random,51,9,5.,1,false,true,51,false,false,true,51,false,false,true,51,false
1.1,Random,51,9,5.,2,false,true,51,false,false,true,51,false,true,true,51,true
1.1,Random,51,9,5.,3,true,true,51,true,false,true,51,false,false,true,51,false
1.1,Random,81,9,5.,1,false,true,81,false,false,true,81,false,false,true,81,false
1.1,Random,81,9,5.,2,false,true,81,false,true,false,81,true,false,true,81,false
1.1,Random,81,9,5.,3,false,true,81,false,false,true,81,false,false,true,81,false
1.1,Random,111,9,5.,1,false,true,110,false,false,true,111,false,false,true,111,false
1.1,Random,111,9,5.,2,false,true,111,false,false,true,110,false,false,true,111,false
1.1,Random,111,9,5.,3,false,true,111,false,true,true,110,true,false,true,111,false
1.2,Random,51,5,5.,1,false,true,34,false,false,true,15,false,false,true,31,false
1.2,Random,51,5,5.,2,false,true,42,false,false,true,31,false,true,false,43,true
1.2,Random,51,5,5.,3,false,true,39,false,false,true,21,false,false,true,38,false
1.2,Random,81,5,5.,1,false,true,52,false,false,true,26,false,true,false,50,true
1.2,Random,81,5,5.,2,false,true,32,false,false,true,1,false,false,true,35,false
1.2,Random,81,5,5.,3,false,true,55,false,true,false,53,true,false,true,55,false
1.2,Random,111,5,5.,1,false,true,64,false,false,true,57,false,false,true,56,false
1.2,Random,111,5,5.,2,false,true,62,false,false,true,51,false,false,true,62,false
1.2,Random,111,5,5.,3,false,true,57,false,false,true,37,false,false,true,59,false
1.2,Random,51,7,5.,1,false,true,51,false,false,true,47,false,false,true,51,false
1.2,Random,51,7,5.,2,false,true,51,false,false,true,46,false,false,true,51,false
1.2,Random,51,7,5.,3,true,true,48,true,false,true,42,false,false,true,48,false
1.2,Random,81,7,5.,1,true,true,80,true,true,true,75,true,true,true,80,true
1.2,Random,81,7,5.,2,true,true,78,true,false,true,62,false,false,true,79,false
1.2,Random,81,7,5.,3,false,true,78,false,false,true,78,false,false,true,80,false
1.2,Random,111,7,5.,1,false,true,111,false,false,true,105,false,false,true,110,false
1.2,Random,111,7,5.,2,false,true,109,false,false,true,79,false,false,true,103,false
1.2,Random,111,7,5.,3,false,true,110,false,false,true,93,false,false,true,107,false
1.2,Random,51,9,5.,1,true,false,51,true,false,true,51,false,false,true,51,false
1.2,Random,51,9,5.,2,false,true,51,false,true,true,51,true,false,true,51,false
1.2,Random,51,9,5.,3,false,true,51,false,false,true,51,false,true,true,50,true
1.2,Random,81,9,5.,1,false,true,81,false,true,false,81,true,true,true,81,true
1.2,Random,81,9,5.,2,false,true,81,false,true,false,81,true,false,true,81,false
1.2,Random,81,9,5.,3,false,true,81,false,false,true,80,false,false,true,81,false
1.2,Random,111,9,5.,1,false,true,111,false,false,true,111,false,false,true,111,false
1.2,Random,111,9,5.,2,false,true,111,false,false,true,100,false,false,true,111,false
1.2,Random,111,9,5.,3,false,true,110,false,false,true,110,false,false,true,111,false
1.3,Random,51,5,5.,1,false,true,39,false,true,true,38,true,false,true,41,false
1.3,Random,51,5,5.,2,false,true,38,false,false,true,29,false,false,true,42,false
1.3,Random,51,5,5.,3,false,true,36,false,false,true,19,false,false,true,40,false
1.3,Random,81,5,5.,1,false,true,47,false,false,true,36,false,false,true,48,false
1.3,Random,81,5,5.,2,false,true,54,false,false,true,45,false,false,true,56,false
1.3,Random,81,5,5.,3,true,false,41,true,false,true,32,false,false,true,46,false
1.3,Random,111,5,5.,1,false,true,53,false,false,true,44,false,false,true,51,false
1.3,Random,111,5,5.,2,false,true,67,false,false,true,40,false,false,true,65,false
1.3,Random,111,5,5.,3,false,true,55,false,false,true,39,false,false,true,52,false
1.3,Random,51,7,5.,1,false,true,51,false,false,true,46,false,false,true,50,false
1.3,Random,51,7,5.,2,false,true,51,false,true,true,49,true,false,true,49,false
1.3,Random,51,7,5.,3,false,true,50,false,false,true,51,false,false,true,51,false
1.3,Random,81,7,5.,1,false,true,77,false,false,true,79,false,true,true,80,true
1.3,Random,81,7,5.,2,false,true,77,false,true,true,64,true,false,true,80,false
1.3,Random,81,7,5.,3,false,true,78,false,false,true,73,false,false,true,78,false
1.3,Random,111,7,5.,1,false,true,108,false,false,true,107,false,false,true,109,false
1.3,Random,111,7,5.,2,true,false,108,true,false,true,106,false,false,true,106,false
1.3,Random,111,7,5.,3,false,true,108,false,false,true,97,false,false,true,108,false
1.3,Random,51,9,5.,1,true,true,51,true,false,true,50,false,true,true,51,true
1.3,Random,51,9,5.,2,false,true,51,false,false,true,51,false,false,true,51,false
1.3,Random,51,9,5.,3,false,true,51,false,false,true,51,false,true,true,51,true
1.3,Random,81,9,5.,1,false,true,81,false,true,true,81,true,false,true,81,false
1.3,Random,81,9,5.,2,false,true,81,false,false,true,81,false,false,true,81,false
1.3,Random,81,9,5.,3,true,true,81,true,false,true,81,false,true,true,81,true
1.3,Random,111,9,5.,1,false,true,111,false,false,true,110,false,false,true,111,false
1.3,Random,111,9,5.,2,false,true,111,false,false,true,110,false,true,true,111,true
1.3,Random,111,9,5.,3,true,true,111,true,false,true,108,false,true,true,111,true
1.4,Random,51,5,5.,1,false,true,38,false,false,true,27,false,false,true,38,false
1.4,Random,51,5,5.,2,false,true,34,false,false,true,14,false,false,true,33,false
1.4,Random,51,5,5.,3,true,true,38,true,false,true,37,false,true,false,39,true
1.4,Random,81,5,5.,1,false,true,41,false,false,true,11,false,false,true,46,false
1.4,Random,81,5,5.,2,false,true,48,false,false,true,31,false,false,true,47,false
1.4,Random,81,5,5.,3,false,true,56,false,false,true,44,false,false,true,54,false
1.4,Random,111,5,5.,1,false,true,66,false,false,true,47,false,false,true,65,false
1.4,Random,111,5,5.,2,false,true,58,false,true,true,64,true,false,true,55,false
1.4,Random,111,5,5.,3,true,false,60,true,false,true,50,false,false,true,60,false
1.4,Random,51,7,5.,1,false,true,51,false,false,true,51,false,false,true,51,false
1.4,Random,51,7,5.,2,true,true,49,true,false,true,51,false,true,true,49,true
1.4,Random,51,7,5.,3,true,false,51,true,false,true,48,false,true,false,51,true
1.4,Random,81,7,5.,1,true,true,79,true,false,true,72,false,false,true,80,false
1.4,Random,81,7,5.,2,false,true,78,false,false,true,58,false,false,true,78,false
1.4,Random,81,7,5.,3,false,true,80,false,false,true,47,false,false,true,74,false
1.4,Random,111,7,5.,1,false,true,107,false,false,true,98,false,false,true,110,false
1.4,Random,111,7,5.,2,false,true,109,false,false,true,102,false,false,true,109,false
1.4,Random,111,7,5.,3,false,true,107,false,true,false,109,true,false,true,105,false
1.4,Random,51,9,5.,1,false,true,51,false,false,true,51,false,false,true,51,false
1.4,Random,51,9,5.,2,false,true,51,false,false,true,51,false,true,true,51,true
1.4,Random,51,9,5.,3,true,true,51,true,true,true,51,true,false,true,51,false
1.4,Random,81,9,5.,1,false,true,81,false,false,true,81,false,false,true,81,false
1.4,Random,81,9,5.,2,false,true,81,false,false,true,80,false,false,true,81,false
1.4,Random,81,9,5.,3,false,true,81,false,true,true,81,true,false,true,81,false
1.4,Random,111,9,5.,1,true,true,110,true,false,true,110,false,true,true,111,true
1.4,Random,111,9,5.,2,false,true,111,false,false,true,110,false,false,true,110,false
1.4,Random,111,9,5.,3,true,true,111,true,false,true,109,false,false,true,111,false
0.1,Sample,51,5,5.,1,false,true,15,false,false,true,17,false,false,true,6,false
0.1,Sample,51,5,5.,2,false,true,8,false,false,true,7,false,false,true,3,false
0.1,Sample,51,5,5.,3,false,true,7,false,false,true,1,false,false,true,2,false
0.1,Sample,81,5,5.,1,false,true,12,false,false,true,9,false,false,true,2,false
0.1,Sample,81,5,5.,2,false,true,12,false,false,true,14,false,false,true,3,false
0.1,Sample,81,5,5.,3,false,true,20,false,false,true,8,false,false,true,9,false
0.1,Sample,111,5,5.,1,false,true,26,false,false,true,25,false,false,true,5,false
0.1,Sample,111,5,5.,2,false,true,15,false,false,true,2,false,false,true,2,false
0.1,Sample,111,5,5.,3,false,true,19,false,false,true,25,false,false,true,3,false
0.1,Sample,51,7,5.,1,false,true,26,false,false,true,34,false,false,true,7,false
0.1,Sample,51,7,5.,2,false,true,22,false,false,true,26,false,false,true,10,false
0.1,Sample,51,7,5.,3,false,true,25,false,false,true,46,false,false,true,19,false
0.1,Sample,81,7,5.,1,false,true,32,false,false,true,62,false,false,true,14,false
0.1,Sample,81,7,5.,2,false,true,18,false,false,true,10,false,false,true,6,false
0.1,Sample,81,7,5.,3,false,true,35,false,false,true,43,false,false,true,14,false
0.1,Sample,111,7,5.,1,false,true,68,false,false,true,92,false,false,true,37,false
0.1,Sample,111,7,5.,2,false,true,54,false,true,false,60,true,false,true,28,false
0.1,Sample,111,7,5.,3,false,true,51,false,false,true,69,false,false,true,20,false
0.1,Sample,51,9,5.,1,false,true,41,false,true,true,48,true,false,true,33,false
0.1,Sample,51,9,5.,2,false,true,43,false,false,true,46,false,false,true,32,false
0.1,Sample,51,9,5.,3,false,true,38,false,false,true,44,false,false,true,31,false
0.1,Sample,81,9,5.,1,false,true,57,false,false,true,78,false,false,true,48,false
0.1,Sample,81,9,5.,2,false,true,40,false,false,true,56,false,false,true,16,false
0.1,Sample,81,9,5.,3,false,true,62,false,false,true,79,false,false,true,60,false
0.1,Sample,111,9,5.,1,false,true,83,false,false,true,41,false,false,true,55,false
0.1,Sample,111,9,5.,2,false,true,58,false,false,true,90,false,false,true,26,false
0.1,Sample,111,9,5.,3,false,true,75,false,true,false,110,true,false,true,48,false
0.2,Sample,51,5,5.,1,false,true,15,false,false,true,8,false,false,true,4,false
0.2,Sample,51,5,5.,2,false,true,15,false,false,true,3,false,false,true,1,false
0.2,Sample,51,5,5.,3,false,true,17,false,false,true,6,false,false,true,8,false
0.2,Sample,81,5,5.,1,false,true,15,false,false,true,4,false,false,true,6,false
0.2,Sample,81,5,5.,2,false,true,30,false,false,true,32,false,false,true,17,false
0.2,Sample,81,5,5.,3,false,true,20,false,false,true,27,false,false,true,5,false
0.2,Sample,111,5,5.,1,false,true,18,false,false,true,20,false,false,true,5,false
0.2,Sample,111,5,5.,2,false,true,16,false,false,true,39,false,false,true,2,false
0.2,Sample,111,5,5.,3,false,true,20,false,false,true,7,false,false,true,4,false
0.2,Sample,51,7,5.,1,false,true,28,false,false,true,38,false,false,true,18,false
0.2,Sample,51,7,5.,2,false,true,30,false,false,true,17,false,false,true,15,false
0.2,Sample,51,7,5.,3,false,true,31,false,false,true,12,false,false,true,22,false
0.2,Sample,81,7,5.,1,false,true,27,false,false,true,64,false,false,true,16,false
0.2,Sample,81,7,5.,2,false,true,18,false,false,true,18,false,false,true,5,false
0.2,Sample,81,7,5.,3,false,true,47,false,false,true,48,false,false,true,23,false
0.2,Sample,111,7,5.,1,false,true,39,false,false,true,49,false,false,true,15,false
0.2,Sample,111,7,5.,2,false,true,54,false,true,true,82,true,false,true,26,false
0.2,Sample,111,7,5.,3,false,true,48,false,false,true,82,false,false,true,27,false
0.2,Sample,51,9,5.,1,false,true,29,false,false,true,40,false,false,true,28,false
0.2,Sample,51,9,5.,2,false,true,37,false,true,true,44,true,false,true,16,false
0.2,Sample,51,9,5.,3,false,true,31,false,false,true,16,false,false,true,16,false
0.2,Sample,81,9,5.,1,false,true,63,false,false,true,79,false,false,true,52,false
0.2,Sample,81,9,5.,2,false,true,33,false,false,true,28,false,false,true,13,false
0.2,Sample,81,9,5.,3,false,true,69,false,false,true,67,false,false,true,60,false
0.2,Sample,111,9,5.,1,false,true,59,false,true,false,111,true,false,true,31,false
0.2,Sample,111,9,5.,2,false,true,65,false,false,true,101,false,false,true,40,false
0.2,Sample,111,9,5.,3,false,true,71,false,true,false,110,true,false,true,50,false
0.3,Sample,51,5,5.,1,false,true,11,false,false,true,4,false,false,true,2,false
0.3,Sample,51,5,5.,2,false,true,10,false,false,true,20,false,false,true,2,false
0.3,Sample,51,5,5.,3,false,true,24,false,false,true,34,false,false,true,6,false
0.3,Sample,81,5,5.,1,false,true,12,false,false,true,5,false,false,true,2,false
0.3,Sample,81,5,5.,2,false,true,31,false,false,true,50,false,false,true,16,false
0.3,Sample,81,5,5.,3,false,true,12,false,false,true,21,false,false,true,2,false
0.3,Sample,111,5,5.,1,false,true,26,false,false,true,25,false,false,true,6,false
0.3,Sample,111,5,5.,2,false,true,12,false,false,true,15,false,false,true,2,false
0.3,Sample,111,5,5.,3,false,true,11,false,false,true,14,false,false,true,6,false
0.3,Sample,51,7,5.,1,false,true,30,false,false,true,44,false,false,true,14,false
0.3,Sample,51,7,5.,2,false,true,21,false,false,true,16,false,false,true,3,false
0.3,Sample,51,7,5.,3,false,true,17,false,false,true,20,false,false,true,11,false
0.3,Sample,81,7,5.,1,false,true,16,false,true,false,41,true,false,true,4,false
0.3,Sample,81,7,5.,2,false,true,22,false,false,true,28,false,false,true,6,false
0.3,Sample,81,7,5.,3,false,true,20,false,false,true,7,false,false,true,6,false
0.3,Sample,111,7,5.,1,false,true,44,false,false,true,61,false,false,true,15,false
0.3,Sample,111,7,5.,2,false,true,44,false,false,true,26,false,false,true,13,false
0.3,Sample,111,7,5.,3,false,true,26,false,false,true,74,false,false,true,12,false
0.3,Sample,51,9,5.,1,false,true,31,false,false,true,51,false,false,true,12,false
0.3,Sample,51,9,5.,2,false,true,45,false,true,true,45,true,false,true,40,false
0.3,Sample,51,9,5.,3,false,true,22,false,false,true,10,false,false,true,6,false
0.3,Sample,81,9,5.,1,false,true,52,false,false,true,49,false,false,true,33,false
0.3,Sample,81,9,5.,2,false,true,55,false,false,true,48,false,false,true,43,false
0.3,Sample,81,9,5.,3,false,true,32,false,false,true,74,false,false,true,11,false
0.3,Sample,111,9,5.,1,false,true,57,false,true,false,86,true,false,true,32,false
0.3,Sample,111,9,5.,2,false,true,48,false,false,true,82,false,false,true,15,false
0.3,Sample,111,9,5.,3,false,true,78,false,false,true,104,false,false,true,52,false
0.4,Sample,51,5,5.,1,false,true,10,false,false,true,4,false,false,true,2,false
0.4,Sample,51,5,5.,2,false,true,9,false,false,true,17,false,false,true,4,false
0.4,Sample,51,5,5.,3,false,true,14,false,false,true,5,false,false,true,5,false
0.4,Sample,81,5,5.,1,false,true,12,false,false,true,17,false,false,true,2,false
0.4,Sample,81,5,5.,2,false,true,11,false,false,true,18,false,false,true,4,false
0.4,Sample,81,5,5.,3,false,true,18,false,false,true,7,false,false,true,3,false
0.4,Sample,111,5,5.,1,false,true,18,false,false,true,35,false,false,true,6,false
0.4,Sample,111,5,5.,2,false,true,14,false,false,true,24,false,false,true,3,false
0.4,Sample,111,5,5.,3,false,true,21,false,false,true,15,false,false,true,6,false
0.4,Sample,51,7,5.,1,false,true,40,false,false,true,44,false,false,true,31,false
0.4,Sample,51,7,5.,2,false,true,17,false,false,true,21,false,false,true,3,false
0.4,Sample,51,7,5.,3,false,true,39,false,false,true,16,false,false,true,34,false
0.4,Sample,81,7,5.,1,false,true,57,false,false,true,59,false,false,true,33,false
0.4,Sample,81,7,5.,2,false,true,29,false,false,true,64,false,false,true,11,false
0.4,Sample,81,7,5.,3,false,true,35,false,false,true,21,false,false,true,20,false
0.4,Sample,111,7,5.,1,false,true,22,false,true,true,72,true,false,true,6,false
0.4,Sample,111,7,5.,2,false,true,80,false,false,true,105,false,false,true,51,false
0.4,Sample,111,7,5.,3,false,true,60,false,false,true,91,false,false,true,37,false
0.4,Sample,51,9,5.,1,false,true,36,false,false,true,45,false,false,true,25,false
0.4,Sample,51,9,5.,2,false,true,38,false,false,true,47,false,false,true,32,false
0.4,Sample,51,9,5.,3,false,true,49,false,false,true,46,false,false,true,43,false
0.4,Sample,81,9,5.,1,false,true,74,false,false,true,46,false,false,true,57,false
0.4,Sample,81,9,5.,2,false,true,58,false,false,true,58,false,false,true,49,false
0.4,Sample,81,9,5.,3,false,true,36,false,false,true,56,false,false,true,11,false
0.4,Sample,111,9,5.,1,false,true,46,false,false,true,41,false,false,true,16,false
0.4,Sample,111,9,5.,2,false,true,95,false,false,true,105,false,false,true,75,false
0.4,Sample,111,9,5.,3,false,true,37,false,false,true,17,false,false,true,5,false
0.5,Sample,51,5,5.,1,false,true,15,false,false,true,7,false,false,true,5,false
0.5,Sample,51,5,5.,2,false,true,13,false,false,true,5,false,false,true,5,false
0.5,Sample,51,5,5.,3,false,true,11,false,false,true,5,false,false,true,6,false
0.5,Sample,81,5,5.,1,true,false,30,true,false,true,13,false,false,true,18,false
0.5,Sample,81,5,5.,2,false,true,15,false,false,true,21,false,false,true,6,false
0.5,Sample,81,5,5.,3,false,true,11,false,false,true,10,false,false,true,2,false
0.5,Sample,111,5,5.,1,false,true,22,false,false,true,38,false,false,true,6,false
0.5,Sample,111,5,5.,2,false,true,26,false,false,true,45,false,false,true,10,false
0.5,Sample,111,5,5.,3,false,true,37,false,false,true,38,false,false,true,8,false
0.5,Sample,51,7,5.,1,false,true,20,false,false,true,37,false,false,true,11,false
0.5,Sample,51,7,5.,2,false,true,41,false,false,true,33,false,false,true,30,false
0.5,Sample,51,7,5.,3,false,true,15,false,false,true,12,false,false,true,4,false
0.5,Sample,81,7,5.,1,false,true,30,false,false,true,7,false,false,true,4,false
0.5,Sample,81,7,5.,2,false,true,42,false,false,true,60,false,false,true,19,false
0.5,Sample,81,7,5.,3,false,true,25,false,false,true,8,false,false,true,7,false
0.5,Sample,111,7,5.,1,false,true,54,false,false,true,37,false,false,true,22,false
0.5,Sample,111,7,5.,2,false,true,31,false,true,true,67,true,false,true,5,false
0.5,Sample,111,7,5.,3,false,true,40,false,false,true,1,false,false,true,19,false
0.5,Sample,51,9,5.,1,false,true,42,false,false,true,48,false,false,true,41,false
0.5,Sample,51,9,5.,2,false,true,28,false,false,true,39,false,false,true,19,false
0.5,Sample,51,9,5.,3,false,true,40,false,false,true,40,false,false,true,30,false
0.5,Sample,81,9,5.,1,false,true,39,false,false,true,14,false,false,true,16,false
0.5,Sample,81,9,5.,2,false,true,47,false,true,true,79,true,false,true,20,false
0.5,Sample,81,9,5.,3,false,true,36,false,false,true,26,false,false,true,15,false
0.5,Sample,111,9,5.,1,false,true,57,false,false,true,83,false,false,true,34,false
0.5,Sample,111,9,5.,2,false,true,79,false,false,true,71,false,false,true,57,false
0.5,Sample,111,9,5.,3,false,true,69,false,false,true,98,false,false,true,35,false
0.6,Sample,51,5,5.,1,false,true,9,false,false,true,5,false,false,true,6,false
0.6,Sample,51,5,5.,2,false,true,9,false,false,true,17,false,false,true,2,false
0.6,Sample,51,5,5.,3,false,true,10,false,false,true,4,false,false,true,4,false
0.6,Sample,81,5,5.,1,false,true,22,false,false,true,3,false,false,true,2,false
0.6,Sample,81,5,5.,2,false,true,19,false,false,true,50,false,false,true,5,false
0.6,Sample,81,5,5.,3,false,true,21,false,false,true,27,false,false,true,9,false
0.6,Sample,111,5,5.,1,false,true,18,false,false,true,48,false,false,true,3,false
0.6,Sample,111,5,5.,2,false,true,12,false,false,true,5,false,false,true,4,false
0.6,Sample,111,5,5.,3,false,true,22,false,false,true,45,false,false,true,11,false
0.6,Sample,51,7,5.,1,false,true,27,false,false,true,34,false,false,true,13,false
0.6,Sample,51,7,5.,2,false,true,24,false,false,true,41,false,false,true,10,false
0.6,Sample,51,7,5.,3,false,true,26,false,false,true,24,false,false,true,9,false
0.6,Sample,81,7,5.,1,false,true,42,false,false,true,64,false,false,true,24,false
0.6,Sample,81,7,5.,2,false,true,33,false,false,true,20,false,false,true,13,false
0.6,Sample,81,7,5.,3,false,true,48,false,true,true,78,true,false,true,31,false
0.6,Sample,111,7,5.,1,false,true,56,false,false,true,35,false,false,true,38,false
0.6,Sample,111,7,5.,2,false,true,20,false,false,true,67,false,false,true,4,false
0.6,Sample,111,7,5.,3,false,true,35,false,false,true,63,false,false,true,10,false
0.6,Sample,51,9,5.,1,false,true,49,false,false,true,51,false,false,true,38,false
0.6,Sample,51,9,5.,2,false,true,29,false,false,true,49,false,false,true,17,false
0.6,Sample,51,9,5.,3,false,true,34,false,false,true,24,false,false,true,21,false
0.6,Sample,81,9,5.,1,false,true,44,false,true,true,80,true,false,true,18,false
0.6,Sample,81,9,5.,2,false,true,60,false,false,true,63,false,false,true,28,false
0.6,Sample,81,9,5.,3,false,true,49,false,false,true,55,false,false,true,27,false
0.6,Sample,111,9,5.,1,false,true,52,false,false,true,107,false,false,true,32,false
0.6,Sample,111,9,5.,2,false,true,38,false,false,true,42,false,false,true,13,false
0.6,Sample,111,9,5.,3,false,true,38,false,false,true,102,false,false,true,16,false
0.7,Sample,51,5,5.,1,false,true,14,false,false,true,9,false,false,true,2,false
0.7,Sample,51,5,5.,2,false,true,25,false,false,true,24,false,false,true,10,false
0.7,Sample,51,5,5.,3,false,true,11,false,false,true,28,false,false,true,4,false
0.7,Sample,81,5,5.,1,false,true,18,false,false,true,21,false,false,true,9,false
0.7,Sample,81,5,5.,2,false,true,16,false,false,true,2,false,false,true,4,false
0.7,Sample,81,5,5.,3,false,true,10,false,false,true,6,false,false,true,2,false
0.7,Sample,111,5,5.,1,false,true,21,false,false,true,30,false,false,true,7,false
0.7,Sample,111,5,5.,2,false,true,15,false,false,true,32,false,false,true,2,false
0.7,Sample,111,5,5.,3,false,true,22,false,false,true,5,false,false,true,5,false
0.7,Sample,51,7,5.,1,false,true,30,false,false,true,38,false,false,true,19,false
0.7,Sample,51,7,5.,2,false,true,30,false,false,true,17,false,false,true,17,false
0.7,Sample,51,7,5.,3,false,true,22,false,false,true,28,false,false,true,6,false
0.7,Sample,81,7,5.,1,false,true,38,false,false,true,29,false,false,true,16,false
0.7,Sample,81,7,5.,2,false,true,54,false,false,true,39,false,false,true,33,false
0.7,Sample,81,7,5.,3,false,true,40,false,true,true,78,true,false,true,17,false
0.7,Sample,111,7,5.,1,false,true,30,false,false,true,26,false,false,true,9,false
0.7,Sample,111,7,5.,2,false,true,51,false,false,true,63,false,false,true,20,false
0.7,Sample,111,7,5.,3,false,true,38,false,false,true,68,false,false,true,13,false
0.7,Sample,51,9,5.,1,false,true,40,false,false,true,49,false,false,true,25,false
0.7,Sample,51,9,5.,2,false,true,39,false,false,true,43,false,false,true,32,false
0.7,Sample,51,9,5.,3,false,true,31,false,false,true,47,false,false,true,12,false
0.7,Sample,81,9,5.,1,false,true,68,false,false,true,74,false,false,true,61,false
0.7,Sample,81,9,5.,2,false,true,55,false,false,true,58,false,false,true,27,false
0.7,Sample,81,9,5.,3,false,true,38,false,false,true,61,false,false,true,9,false
0.7,Sample,111,9,5.,1,false,true,66,false,false,true,52,false,false,true,35,false
0.7,Sample,111,9,5.,2,false,true,85,false,false,true,108,false,false,true,52,false
0.7,Sample,111,9,5.,3,false,true,54,false,false,true,74,false,false,true,28,false
0.8,Sample,51,5,5.,1,false,true,18,false,true,true,38,true,false,true,6,false
0.8,Sample,51,5,5.,2,false,true,10,false,false,true,16,false,false,true,4,false
0.8,Sample,51,5,5.,3,false,true,16,false,true,true,27,true,false,true,5,false
0.8,Sample,81,5,5.,1,false,true,20,false,false,true,19,false,false,true,5,false
0.8,Sample,81,5,5.,2,false,true,15,false,false,true,19,false,false,true,4,false
0.8,Sample,81,5,5.,3,false,true,19,false,true,false,46,true,false,true,7,false
0.8,Sample,111,5,5.,1,false,true,13,false,false,true,29,false,false,true,2,false
0.8,Sample,111,5,5.,2,false,true,20,false,false,true,8,false,false,true,2,false
0.8,Sample,111,5,5.,3,false,true,21,false,false,true,13,false,false,true,5,false
0.8,Sample,51,7,5.,1,false,true,44,false,false,true,47,false,false,true,42,false
0.8,Sample,51,7,5.,2,false,true,30,false,false,true,25,false,false,true,26,false
0.8,Sample,51,7,5.,3,false,true,23,false,false,true,12,false,false,true,11,false
0.8,Sample,81,7,5.,1,false,true,44,false,false,true,44,false,false,true,18,false
0.8,Sample,81,7,5.,2,false,true,22,false,false,true,8,false,false,true,6,false
0.8,Sample,81,7,5.,3,false,true,23,false,false,true,32,false,false,true,6,false
0.8,Sample,111,7,5.,1,false,true,80,false,false,true,62,false,false,true,61,false
0.8,Sample,111,7,5.,2,false,true,41,false,true,true,90,true,false,true,11,false
0.8,Sample,111,7,5.,3,false,true,45,false,false,true,87,false,false,true,25,false
0.8,Sample,51,9,5.,1,false,true,47,false,false,true,50,false,false,true,49,false
0.8,Sample,51,9,5.,2,false,true,48,false,false,true,47,false,false,true,46,false
0.8,Sample,51,9,5.,3,false,true,38,false,false,true,38,false,false,true,25,false
0.8,Sample,81,9,5.,1,false,true,69,false,false,true,73,false,false,true,46,false
0.8,Sample,81,9,5.,2,false,true,54,false,true,true,75,true,false,true,34,false
0.8,Sample,81,9,5.,3,true,true,66,true,true,true,79,true,false,true,53,false
0.8,Sample,111,9,5.,1,false,true,62,false,false,true,106,false,false,true,35,false
0.8,Sample,111,9,5.,2,false,true,95,false,false,true,57,false,false,true,92,false
0.8,Sample,111,9,5.,3,false,true,76,false,false,true,98,false,false,true,61,false
0.9,Sample,51,5,5.,1,false,true,14,false,false,true,7,false,false,true,7,false
0.9,Sample,51,5,5.,2,false,true,17,false,false,true,16,false,false,true,10,false
0.9,Sample,51,5,5.,3,false,true,13,false,false,true,2,false,false,true,3,false
0.9,Sample,81,5,5.,1,false,true,15,false,false,true,17,false,false,true,5,false
0.9,Sample,81,5,5.,2,false,true,15,false,false,true,17,false,false,true,2,false
0.9,Sample,81,5,5.,3,false,true,8,false,false,true,20,false,false,true,2,false
0.9,Sample,111,5,5.,1,false,true,40,false,false,true,60,false,false,true,13,false
0.9,Sample,111,5,5.,2,false,true,27,false,false,true,6,false,false,true,8,false
0.9,Sample,111,5,5.,3,false,true,31,false,false,true,21,false,false,true,8,false
0.9,Sample,51,7,5.,1,false,true,21,false,false,true,16,false,false,true,8,false
0.9,Sample,51,7,5.,2,false,true,25,false,false,true,45,false,false,true,10,false
0.9,Sample,51,7,5.,3,false,true,11,false,false,true,27,false,false,true,1,false
0.9,Sample,81,7,5.,1,false,true,31,false,false,true,53,false,false,true,10,false
0.9,Sample,81,7,5.,2,false,true,30,false,false,true,26,false,false,true,7,false
0.9,Sample,81,7,5.,3,false,true,47,false,false,true,44,false,false,true,18,false
0.9,Sample,111,7,5.,1,false,true,55,false,false,true,49,false,false,true,31,false
0.9,Sample,111,7,5.,2,false,true,31,false,false,true,57,false,false,true,5,false
0.9,Sample,111,7,5.,3,false,true,37,false,false,true,36,false,false,true,8,false
0.9,Sample,51,9,5.,1,false,true,45,false,false,true,51,false,false,true,39,false
0.9,Sample,51,9,5.,2,false,true,39,false,false,true,15,false,false,true,29,false
0.9,Sample,51,9,5.,3,false,true,47,false,false,true,51,false,false,true,49,false
0.9,Sample,81,9,5.,1,false,true,38,false,true,true,62,true,false,true,16,false
0.9,Sample,81,9,5.,2,false,true,28,false,false,true,1,false,false,true,5,false
0.9,Sample,81,9,5.,3,false,true,55,false,false,true,76,false,false,true,29,false
0.9,Sample,111,9,5.,1,false,true,74,false,false,true,77,false,false,true,33,false
0.9,Sample,111,9,5.,2,false,true,66,false,false,true,102,false,false,true,40,false
0.9,Sample,111,9,5.,3,false,true,78,false,false,true,95,false,false,true,47,false
1.,Sample,51,5,5.,1,false,true,12,false,false,true,5,false,false,true,4,false
1.,Sample,51,5,5.,2,false,true,17,false,false,true,5,false,false,true,4,false
1.,Sample,51,5,5.,3,false,true,12,false,false,true,3,false,false,true,5,false
1.,Sample,81,5,5.,1,false,true,19,false,false,true,9,false,false,true,3,false
1.,Sample,81,5,5.,2,false,true,17,false,false,true,52,false,false,true,6,false
1.,Sample,81,5,5.,3,false,true,17,false,false,true,28,false,false,true,6,false
1.,Sample,111,5,5.,1,false,true,17,false,false,true,18,false,false,true,5,false
1.,Sample,111,5,5.,2,false,true,16,false,false,true,6,false,false,true,4,false
1.,Sample,111,5,5.,3,false,true,38,false,false,true,18,false,false,true,27,false
1.,Sample,51,7,5.,1,false,true,42,false,false,true,47,false,true,true,36,true
1.,Sample,51,7,5.,2,false,true,22,false,false,true,30,false,false,true,12,false
1.,Sample,51,7,5.,3,false,true,23,false,false,true,48,false,false,true,13,false
1.,Sample,81,7,5.,1,false,true,22,false,false,true,23,false,false,true,4,false
1.,Sample,81,7,5.,2,false,true,20,false,false,true,25,false,false,true,4,false
1.,Sample,81,7,5.,3,false,true,29,false,false,true,48,false,false,true,12,false
1.,Sample,111,7,5.,1,false,true,56,false,true,true,104,true,false,true,45,false
1.,Sample,111,7,5.,2,false,true,30,false,false,true,18,false,false,true,7,false
1.,Sample,111,7,5.,3,false,true,42,false,false,true,100,false,false,true,19,false
1.,Sample,51,9,5.,1,false,true,35,false,false,true,23,false,false,true,11,false
1.,Sample,51,9,5.,2,false,true,42,false,false,true,50,false,false,true,34,false
1.,Sample,51,9,5.,3,true,true,48,true,false,true,51,false,false,true,47,false
1.,Sample,81,9,5.,1,false,true,36,false,false,true,60,false,false,true,15,false
1.,Sample,81,9,5.,2,false,true,44,false,false,true,67,false,false,true,20,false
1.,Sample,81,9,5.,3,false,true,69,false,false,true,74,false,false,true,42,false
1.,Sample,111,9,5.,1,false,true,80,false,false,true,97,false,false,true,59,false
1.,Sample,111,9,5.,2,false,true,56,false,false,true,89,false,false,true,41,false
1.,Sample,111,9,5.,3,false,true,53,false,false,true,74,false,false,true,15,false
1.1,Sample,51,5,5.,1,false,true,11,false,false,true,11,false,false,true,6,false
1.1,Sample,51,5,5.,2,false,true,12,false,false,true,11,false,false,true,3,false
1.1,Sample,51,5,5.,3,false,true,15,false,false,true,12,false,false,true,3,false
1.1,Sample,81,5,5.,1,false,true,16,false,false,true,32,false,false,true,2,false
1.1,Sample,81,5,5.,2,false,true,16,false,false,true,9,false,false,true,7,false
1.1,Sample,81,5,5.,3,false,true,18,false,false,true,14,false,false,true,3,false
1.1,Sample,111,5,5.,1,false,true,24,false,false,true,10,false,false,true,5,false
1.1,Sample,111,5,5.,2,false,true,14,false,false,true,17,false,false,true,4,false
1.1,Sample,111,5,5.,3,false,true,21,false,false,true,28,false,false,true,6,false
1.1,Sample,51,7,5.,1,false,true,43,false,false,true,48,false,false,true,33,false
1.1,Sample,51,7,5.,2,false,true,20,false,true,false,40,true,false,true,10,false
1.1,Sample,51,7,5.,3,false,true,33,false,false,true,40,false,false,true,28,false
1.1,Sample,81,7,5.,1,false,true,36,false,false,true,55,false,false,true,13,false
1.1,Sample,81,7,5.,2,false,true,23,false,false,true,59,false,false,true,15,false
1.1,Sample,81,7,5.,3,false,true,56,false,false,true,53,false,false,true,29,false
1.1,Sample,111,7,5.,1,false,true,40,false,false,true,55,false,false,true,16,false
1.1,Sample,111,7,5.,2,false,true,41,false,true,false,57,true,false,true,17,false
1.1,Sample,111,7,5.,3,false,true,32,false,false,true,77,false,false,true,10,false
1.1,Sample,51,9,5.,1,false,true,35,false,false,true,50,false,false,true,22,false
1.1,Sample,51,9,5.,2,false,true,37,false,false,true,51,false,false,true,29,false
1.1,Sample,51,9,5.,3,false,true,34,false,false,true,37,false,false,true,15,false
1.1,Sample,81,9,5.,1,false,true,39,false,true,true,78,true,false,true,19,false
1.1,Sample,81,9,5.,2,false,true,60,false,true,true,71,true,false,true,52,false
1.1,Sample,81,9,5.,3,false,true,40,false,false,true,47,false,false,true,9,false
1.1,Sample,111,9,5.,1,false,true,108,false,false,true,104,false,false,true,109,false
1.1,Sample,111,9,5.,2,false,true,101,false,true,false,109,true,false,true,74,false
1.1,Sample,111,9,5.,3,false,true,37,false,false,true,14,false,false,true,13,false
1.2,Sample,51,5,5.,1,false,true,11,false,false,true,21,false,false,true,6,false
1.2,Sample,51,5,5.,2,false,true,12,false,false,true,5,false,false,true,3,false
1.2,Sample,51,5,5.,3,false,true,6,false,false,true,4,false,false,true,1,false
1.2,Sample,81,5,5.,1,false,true,17,false,false,true,16,false,false,true,5,false
1.2,Sample,81,5,5.,2,false,true,15,false,false,true,20,false,false,true,2,false
1.2,Sample,81,5,5.,3,false,true,20,false,false,true,11,false,false,true,5,false
1.2,Sample,111,5,5.,1,false,true,23,false,false,true,5,false,false,true,2,false
1.2,Sample,111,5,5.,2,false,true,14,false,false,true,18,false,false,true,2,false
1.2,Sample,111,5,5.,3,false,true,16,false,false,true,9,false,false,true,4,false
1.2,Sample,51,7,5.,1,false,true,29,false,false,true,37,false,false,true,17,false
1.2,Sample,51,7,5.,2,false,true,27,false,false,true,36,false,false,true,20,false
1.2,Sample,51,7,5.,3,false,true,23,false,false,true,41,false,false,true,11,false
1.2,Sample,81,7,5.,1,false,true,53,false,false,true,32,false,false,true,26,false
1.2,Sample,81,7,5.,2,false,true,42,false,false,true,73,false,false,true,21,false
1.2,Sample,81,7,5.,3,false,true,21,false,false,true,20,false,false,true,10,false
1.2,Sample,111,7,5.,1,false,true,70,false,false,true,80,false,false,true,49,false
1.2,Sample,111,7,5.,2,false,true,30,false,true,true,53,true,false,true,6,false
1.2,Sample,111,7,5.,3,false,true,37,false,false,true,48,false,false,true,8,false
1.2,Sample,51,9,5.,1,false,true,34,false,false,true,40,false,false,true,21,false
1.2,Sample,51,9,5.,2,false,true,37,false,false,true,49,false,false,true,31,false
1.2,Sample,51,9,5.,3,false,true,29,false,false,true,43,false,false,true,11,false
1.2,Sample,81,9,5.,1,false,true,63,false,true,true,66,true,false,true,44,false
1.2,Sample,81,9,5.,2,false,true,36,false,false,true,17,false,false,true,14,false
1.2,Sample,81,9,5.,3,false,true,44,false,false,true,58,false,false,true,15,false
1.2,Sample,111,9,5.,1,false,true,69,false,false,true,76,false,false,true,55,false
1.2,Sample,111,9,5.,2,false,true,109,false,true,true,108,true,false,true,90,false
1.2,Sample,111,9,5.,3,false,true,39,false,false,true,92,false,false,true,16,false
1.3,Sample,51,5,5.,1,false,true,13,false,false,true,29,false,false,true,8,false
1.3,Sample,51,5,5.,2,false,true,17,false,false,true,20,false,false,true,4,false
1.3,Sample,51,5,5.,3,false,true,23,false,false,true,14,false,false,true,13,false
1.3,Sample,81,5,5.,1,false,true,19,false,false,true,28,false,false,true,2,false
1.3,Sample,81,5,5.,2,false,true,15,false,false,true,26,false,false,true,8,false
1.3,Sample,81,5,5.,3,false,true,11,false,false,true,6,false,false,true,2,false
1.3,Sample,111,5,5.,1,false,true,22,false,false,true,13,false,false,true,4,false
1.3,Sample,111,5,5.,2,false,true,14,false,false,true,49,false,false,true,4,false
1.3,Sample,111,5,5.,3,false,true,18,false,false,true,34,false,false,true,6,false
1.3,Sample,51,7,5.,1,false,true,34,false,false,true,25,false,false,true,24,false
1.3,Sample,51,7,5.,2,false,true,32,false,false,true,43,false,false,true,23,false
1.3,Sample,51,7,5.,3,false,true,28,false,false,true,41,false,false,true,17,false
1.3,Sample,81,7,5.,1,false,true,73,false,false,true,56,false,false,true,65,false
1.3,Sample,81,7,5.,2,false,true,36,false,false,true,61,false,false,true,9,false
1.3,Sample,81,7,5.,3,false,true,39,false,true,false,66,true,false,true,21,false
1.3,Sample,111,7,5.,1,false,true,22,false,false,true,29,false,false,true,6,false
1.3,Sample,111,7,5.,2,false,true,27,false,false,true,10,false,false,true,6,false
1.3,Sample,111,7,5.,3,false,true,37,false,false,true,69,false,false,true,20,false
1.3,Sample,51,9,5.,1,false,true,30,false,false,true,1,false,false,true,16,false
1.3,Sample,51,9,5.,2,false,true,38,false,true,true,50,true,false,true,29,false
1.3,Sample,51,9,5.,3,false,true,26,false,false,true,43,false,false,true,16,false
1.3,Sample,81,9,5.,1,false,true,53,false,false,true,76,false,false,true,24,false
1.3,Sample,81,9,5.,2,false,true,56,false,false,true,80,false,false,true,36,false
1.3,Sample,81,9,5.,3,false,true,37,false,false,true,77,false,false,true,16,false
1.3,Sample,111,9,5.,1,false,true,79,false,false,true,106,false,false,true,66,false
1.3,Sample,111,9,5.,2,false,true,86,false,false,true,107,false,false,true,55,false
1.3,Sample,111,9,5.,3,false,true,44,false,false,true,92,false,false,true,20,false
1.4,Sample,51,5,5.,1,false,true,10,false,false,true,6,false,false,true,2,false
1.4,Sample,51,5,5.,2,false,true,13,false,false,true,20,false,false,true,5,false
1.4,Sample,51,5,5.,3,false,true,10,false,false,true,3,false,false,true,2,false
1.4,Sample,81,5,5.,1,false,true,42,false,false,true,31,false,false,true,35,false
1.4,Sample,81,5,5.,2,false,true,14,false,false,true,10,false,false,true,4,false
1.4,Sample,81,5,5.,3,false,true,32,false,false,true,49,false,false,true,19,false
1.4,Sample,111,5,5.,1,false,true,14,false,false,true,35,false,false,true,6,false
1.4,Sample,111,5,5.,2,false,true,20,false,false,true,40,false,false,true,6,false
1.4,Sample,111,5,5.,3,false,true,20,false,false,true,33,false,false,true,4,false
1.4,Sample,51,7,5.,1,false,true,32,false,true,false,50,true,false,true,20,false
1.4,Sample,51,7,5.,2,false,true,16,false,false,true,13,false,false,true,4,false
1.4,Sample,51,7,5.,3,false,true,41,false,false,true,40,false,false,true,22,false
1.4,Sample,81,7,5.,1,false,true,37,false,false,true,36,false,false,true,18,false
1.4,Sample,81,7,5.,2,false,true,24,false,false,true,45,false,false,true,7,false
1.4,Sample,81,7,5.,3,false,true,40,false,false,true,55,false,false,true,21,false
1.4,Sample,111,7,5.,1,false,true,45,false,false,true,68,false,false,true,21,false
1.4,Sample,111,7,5.,2,false,true,49,false,false,true,79,false,false,true,12,false
1.4,Sample,111,7,5.,3,false,true,57,false,false,true,88,false,false,true,28,false
1.4,Sample,51,9,5.,1,false,true,44,false,false,true,50,false,false,true,29,false
1.4,Sample,51,9,5.,2,false,true,44,false,true,false,51,true,false,true,42,false
1.4,Sample,51,9,5.,3,false,true,50,false,false,true,31,false,false,true,46,false
1.4,Sample,81,9,5.,1,false,true,80,false,false,true,80,false,false,true,72,false
1.4,Sample,81,9,5.,2,false,true,58,false,false,true,25,false,false,true,39,false
1.4,Sample,81,9,5.,3,false,true,29,false,false,true,67,false,false,true,11,false
1.4,Sample,111,9,5.,1,false,true,77,false,false,true,1,false,false,true,44,false
1.4,Sample,111,9,5.,2,false,true,65,false,true,false,64,true,false,true,27,false
1.4,Sample,111,9,5.,3,false,true,94,false,false,true,96,false,false,true,80,false
0.1,Voter,51,5,5.,1,false,true,9,false,false,true,2,false,false,true,3,false
0.1,Voter,51,5,5.,2,false,true,7,false,false,true,7,false,false,true,4,false
0.1,Voter,51,5,5.,3,false,true,15,false,false,true,6,false,false,true,5,false
0.1,Voter,81,5,5.,1,false,true,10,false,false,true,14,false,false,true,2,false
0.1,Voter,81,5,5.,2,false,true,17,false,true,true,34,true,false,true,14,false
0.1,Voter,81,5,5.,3,false,true,12,false,false,true,2,false,false,true,3,false
0.1,Voter,111,5,5.,1,false,true,17,false,false,true,2,false,false,true,2,false
0.1,Voter,111,5,5.,2,false,true,17,false,true,true,41,true,false,true,8,false
0.1,Voter,111,5,5.,3,false,true,15,false,false,true,28,false,false,true,2,false
0.1,Voter,51,7,5.,1,false,true,22,false,false,true,13,false,false,true,16,false
0.1,Voter,51,7,5.,2,false,true,31,false,false,true,13,false,false,true,27,false
0.1,Voter,51,7,5.,3,false,true,43,false,false,true,44,false,false,true,36,false
0.1,Voter,81,7,5.,1,false,true,34,false,false,true,51,false,false,true,15,false
0.1,Voter,81,7,5.,2,false,true,42,false,true,true,69,true,false,true,6,false
0.1,Voter,81,7,5.,3,false,true,54,false,false,true,56,false,false,true,30,false
0.1,Voter,111,7,5.,1,false,true,43,false,false,true,87,false,false,true,16,false
0.1,Voter,111,7,5.,2,false,true,50,false,false,true,100,false,false,true,44,false
0.1,Voter,111,7,5.,3,false,true,55,false,false,true,4,false,false,true,22,false
0.1,Voter,51,9,5.,1,false,true,43,false,false,true,15,false,false,true,35,false
0.1,Voter,51,9,5.,2,false,true,27,false,false,true,24,false,false,true,10,false
0.1,Voter,51,9,5.,3,false,true,47,false,true,false,41,true,false,true,49,false
0.1,Voter,81,9,5.,1,false,true,66,false,false,true,29,false,false,true,59,false
0.1,Voter,81,9,5.,2,false,true,43,false,false,true,28,false,false,true,15,false
0.1,Voter,81,9,5.,3,false,true,50,false,false,true,1,false,false,true,27,false
0.1,Voter,111,9,5.,1,false,true,65,false,false,true,73,false,false,true,43,false
0.1,Voter,111,9,5.,2,false,true,66,false,false,true,72,false,false,true,39,false
0.1,Voter,111,9,5.,3,false,true,63,false,false,true,6,false,false,true,25,false
0.2,Voter,51,5,5.,1,false,true,8,false,false,true,2,false,false,true,2,false
0.2,Voter,51,5,5.,2,false,true,7,false,false,true,2,false,false,true,3,false
0.2,Voter,51,5,5.,3,false,true,13,false,false,true,1,false,false,true,4,false
0.2,Voter,81,5,5.,1,false,true,14,false,false,true,17,false,false,true,6,false
0.2,Voter,81,5,5.,2,false,true,23,false,false,true,5,false,false,true,5,false
0.2,Voter,81,5,5.,3,false,true,16,false,false,true,2,false,false,true,6,false
0.2,Voter,111,5,5.,1,false,true,12,false,false,true,12,false,false,true,2,false
0.2,Voter,111,5,5.,2,false,true,16,false,false,true,16,false,false,true,4,false
0.2,Voter,111,5,5.,3,false,true,33,false,false,true,34,false,false,true,29,false
0.2,Voter,51,7,5.,1,false,true,20,false,false,true,6,false,false,true,6,false
0.2,Voter,51,7,5.,2,false,true,34,false,false,true,18,false,false,true,23,false
0.2,Voter,51,7,5.,3,false,true,24,false,false,true,8,false,false,true,12,false
0.2,Voter,81,7,5.,1,false,true,28,false,true,true,66,true,false,true,10,false
0.2,Voter,81,7,5.,2,false,true,18,false,false,true,47,false,false,true,6,false
0.2,Voter,81,7,5.,3,false,true,45,false,false,true,30,false,false,true,40,false
0.2,Voter,111,7,5.,1,false,true,56,false,false,true,5,false,false,true,34,false
0.2,Voter,111,7,5.,2,false,true,33,false,false,true,1,false,false,true,8,false
0.2,Voter,111,7,5.,3,false,true,41,false,false,true,2,false,false,true,13,false
0.2,Voter,51,9,5.,1,false,true,46,false,false,true,23,false,false,true,38,false
0.2,Voter,51,9,5.,2,false,true,37,false,false,true,28,false,false,true,25,false
0.2,Voter,51,9,5.,3,false,true,33,false,false,true,6,false,false,true,15,false
0.2,Voter,81,9,5.,1,false,true,66,false,false,true,1,false,false,true,64,false
0.2,Voter,81,9,5.,2,false,true,58,false,false,true,13,false,false,true,48,false
0.2,Voter,81,9,5.,3,false,true,44,false,false,true,56,false,false,true,17,false
0.2,Voter,111,9,5.,1,false,true,88,false,false,true,55,false,false,true,60,false
0.2,Voter,111,9,5.,2,false,true,80,false,false,true,26,false,false,true,62,false
0.2,Voter,111,9,5.,3,false,true,63,false,false,true,64,false,false,true,34,false
0.3,Voter,51,5,5.,1,false,true,20,false,false,true,28,false,false,true,22,false
0.3,Voter,51,5,5.,2,false,true,13,false,false,true,3,false,false,true,2,false
0.3,Voter,51,5,5.,3,false,true,15,false,false,true,4,false,false,true,8,false
0.3,Voter,81,5,5.,1,false,true,17,false,false,true,13,false,false,true,4,false
0.3,Voter,81,5,5.,2,false,true,19,false,false,true,33,false,false,true,11,false
0.3,Voter,81,5,5.,3,false,true,18,false,false,true,2,false,false,true,4,false
0.3,Voter,111,5,5.,1,false,true,14,false,false,true,1,false,false,true,2,false
0.3,Voter,111,5,5.,2,false,true,27,false,false,true,13,false,false,true,16,false
0.3,Voter,111,5,5.,3,false,true,28,false,false,true,5,false,false,true,14,false
0.3,Voter,51,7,5.,1,false,true,23,false,false,true,2,false,false,true,16,false
0.3,Voter,51,7,5.,2,false,true,20,false,false,true,22,false,false,true,11,false
0.3,Voter,51,7,5.,3,false,true,29,false,false,true,30,false,false,true,23,false
0.3,Voter,81,7,5.,1,false,true,35,false,false,true,24,false,false,true,16,false
0.3,Voter,81,7,5.,2,false,true,34,false,false,true,20,false,false,true,28,false
0.3,Voter,81,7,5.,3,false,true,36,false,false,true,22,false,false,true,24,false
0.3,Voter,111,7,5.,1,false,true,38,false,false,true,2,false,false,true,4,false
0.3,Voter,111,7,5.,2,false,true,36,false,false,true,3,false,false,true,8,false
0.3,Voter,111,7,5.,3,false,true,40,false,false,true,22,false,false,true,15,false
0.3,Voter,51,9,5.,1,false,true,31,false,false,true,8,false,false,true,25,false
0.3,Voter,51,9,5.,2,true,false,48,true,false,true,35,false,false,true,48,false
0.3,Voter,51,9,5.,3,false,true,45,false,false,true,16,false,false,true,34,false
0.3,Voter,81,9,5.,1,false,true,60,false,false,true,10,false,false,true,35,false
0.3,Voter,81,9,5.,2,false,true,74,false,false,true,58,false,false,true,63,false
0.3,Voter,81,9,5.,3,false,true,48,false,false,true,59,false,false,true,19,false
0.3,Voter,111,9,5.,1,false,true,98,false,false,true,45,false,false,true,94,false
0.3,Voter,111,9,5.,2,true,false,85,true,false,true,99,false,false,true,80,false
0.3,Voter,111,9,5.,3,false,true,91,false,false,true,43,false,false,true,65,false
0.4,Voter,51,5,5.,1,false,true,12,false,false,true,2,false,false,true,3,false
0.4,Voter,51,5,5.,2,false,true,11,false,false,true,4,false,false,true,6,false
0.4,Voter,51,5,5.,3,false,true,8,false,false,true,4,false,false,true,2,false
0.4,Voter,81,5,5.,1,false,true,23,false,false,true,11,false,false,true,5,false
0.4,Voter,81,5,5.,2,false,true,18,false,false,true,6,false,false,true,17,false
0.4,Voter,81,5,5.,3,false,true,36,false,false,true,12,false,false,true,33,false
0.4,Voter,111,5,5.,1,false,true,31,false,false,true,8,false,false,true,22,false
0.4,Voter,111,5,5.,2,false,true,21,false,false,true,27,false,false,true,6,false
0.4,Voter,111,5,5.,3,false,true,24,false,false,true,3,false,false,true,11,false
0.4,Voter,51,7,5.,1,false,true,38,false,false,true,18,false,false,true,22,false
0.4,Voter,51,7,5.,2,false,true,18,false,false,true,8,false,false,true,8,false
0.4,Voter,51,7,5.,3,false,true,14,false,false,true,13,false,false,true,4,false
0.4,Voter,81,7,5.,1,false,true,31,false,false,true,31,false,false,true,8,false
0.4,Voter,81,7,5.,2,false,true,19,false,false,true,5,false,false,true,11,false
0.4,Voter,81,7,5.,3,false,true,33,false,false,true,7,false,false,true,7,false
0.4,Voter,111,7,5.,1,false,true,52,false,false,true,5,false,false,true,18,false
0.4,Voter,111,7,5.,2,false,true,28,false,true,false,91,true,false,true,11,false
0.4,Voter,111,7,5.,3,false,true,62,false,false,true,19,false,false,true,33,false
0.4,Voter,51,9,5.,1,false,true,38,false,false,true,18,false,false,true,24,false
0.4,Voter,51,9,5.,2,false,true,41,false,false,true,7,false,false,true,22,false
0.4,Voter,51,9,5.,3,false,true,45,false,false,true,31,false,false,true,34,false
0.4,Voter,81,9,5.,1,false,true,53,false,false,true,51,false,false,true,36,false
0.4,Voter,81,9,5.,2,false,true,55,false,false,true,53,false,false,true,31,false
0.4,Voter,81,9,5.,3,false,true,56,false,false,true,16,false,false,true,34,false
0.4,Voter,111,9,5.,1,false,true,68,false,false,true,43,false,false,true,34,false
0.4,Voter,111,9,5.,2,false,true,66,false,false,true,48,false,false,true,43,false
0.4,Voter,111,9,5.,3,false,true,93,false,false,true,38,false,false,true,81,false
0.5,Voter,51,5,5.,1,false,true,9,false,false,true,1,false,false,true,6,false
0.5,Voter,51,5,5.,2,false,true,18,false,false,true,5,false,false,true,6,false
0.5,Voter,51,5,5.,3,false,true,11,false,false,true,9,false,false,true,4,false
0.5,Voter,81,5,5.,1,false,true,12,false,false,true,21,false,false,true,2,false
0.5,Voter,81,5,5.,2,false,true,20,false,false,true,6,false,false,true,5,false
0.5,Voter,81,5,5.,3,false,true,16,false,false,true,14,false,false,true,7,false
0.5,Voter,111,5,5.,1,false,true,19,false,false,true,3,false,false,true,6,false
0.5,Voter,111,5,5.,2,false,true,15,false,false,true,2,false,false,true,3,false
0.5,Voter,111,5,5.,3,false,true,22,false,false,true,8,false,false,true,12,false
0.5,Voter,51,7,5.,1,false,true,26,false,false,true,12,false,false,true,21,false
0.5,Voter,51,7,5.,2,false,true,20,false,false,true,4,false,false,true,12,false
0.5,Voter,51,7,5.,3,false,true,37,false,false,true,15,false,false,true,38,false
0.5,Voter,81,7,5.,1,false,true,27,false,false,true,37,false,false,true,13,false
0.5,Voter,81,7,5.,2,false,true,28,false,false,true,14,false,false,true,8,false
0.5,Voter,81,7,5.,3,false,true,33,false,false,true,13,false,false,true,21,false
0.5,Voter,111,7,5.,1,false,true,36,false,false,true,7,false,false,true,9,false
0.5,Voter,111,7,5.,2,false,true,48,false,true,true,89,true,false,true,37,false
0.5,Voter,111,7,5.,3,false,true,44,false,false,true,4,false,false,true,13,false
0.5,Voter,51,9,5.,1,false,true,33,false,false,true,5,false,false,true,27,false
0.5,Voter,51,9,5.,2,false,true,35,false,false,true,25,false,false,true,13,false
0.5,Voter,51,9,5.,3,false,true,45,false,false,true,46,false,false,true,43,false
0.5,Voter,81,9,5.,1,false,true,63,false,false,true,54,false,false,true,67,false
0.5,Voter,81,9,5.,2,false,true,39,false,false,true,46,false,false,true,19,false
0.5,Voter,81,9,5.,3,false,true,43,false,false,true,25,false,false,true,17,false
0.5,Voter,111,9,5.,1,false,true,79,false,false,true,95,false,true,true,55,true
0.5,Voter,111,9,5.,2,false,true,70,false,false,true,111,false,false,true,39,false
0.5,Voter,111,9,5.,3,false,true,67,false,false,true,8,false,false,true,43,false
0.6,Voter,51,5,5.,1,false,true,18,false,false,true,15,false,false,true,14,false
0.6,Voter,51,5,5.,2,false,true,14,false,false,true,1,false,false,true,2,false
0.6,Voter,51,5,5.,3,false,true,14,false,false,true,2,false,false,true,4,false
0.6,Voter,81,5,5.,1,false,true,11,false,false,true,1,false,false,true,7,false
0.6,Voter,81,5,5.,2,false,true,13,false,false,true,23,false,false,true,4,false
0.6,Voter,81,5,5.,3,false,true,29,false,false,true,8,false,false,true,10,false
0.6,Voter,111,5,5.,1,false,true,13,false,false,true,4,false,false,true,5,false
0.6,Voter,111,5,5.,2,false,true,17,false,false,true,1,false,false,true,1,false
0.6,Voter,111,5,5.,3,false,true,21,false,false,true,16,false,false,true,21,false
0.6,Voter,51,7,5.,1,false,true,24,false,false,true,4,false,false,true,14,false
0.6,Voter,51,7,5.,2,false,true,22,false,false,true,7,false,false,true,7,false
0.6,Voter,51,7,5.,3,false,true,47,false,false,true,11,false,false,true,48,false
0.6,Voter,81,7,5.,1,false,true,45,false,true,true,67,true,false,true,17,false
0.6,Voter,81,7,5.,2,false,true,23,false,false,true,18,false,false,true,4,false
0.6,Voter,81,7,5.,3,false,true,37,false,false,true,15,false,false,true,24,false
0.6,Voter,111,7,5.,1,false,true,59,false,false,true,20,false,false,true,45,false
0.6,Voter,111,7,5.,2,false,true,85,false,false,true,25,false,false,true,83,false
0.6,Voter,111,7,5.,3,false,true,38,false,false,true,4,false,false,true,14,false
0.6,Voter,51,9,5.,1,false,true,27,false,false,true,4,false,false,true,4,false
0.6,Voter,51,9,5.,2,false,true,44,false,false,true,17,false,false,true,32,false
0.6,Voter,51,9,5.,3,false,true,45,false,false,true,17,false,false,true,27,false
0.6,Voter,81,9,5.,1,false,true,60,false,false,true,39,false,false,true,37,false
0.6,Voter,81,9,5.,2,false,true,56,false,false,true,37,false,false,true,29,false
0.6,Voter,81,9,5.,3,false,true,47,false,false,true,19,false,false,true,24,false
0.6,Voter,111,9,5.,1,false,true,77,false,false,true,22,false,false,true,49,false
0.6,Voter,111,9,5.,2,false,true,76,false,false,true,41,false,false,true,50,false
0.6,Voter,111,9,5.,3,false,true,96,false,false,true,94,false,false,true,88,false
0.7,Voter,51,5,5.,1,false,true,14,false,false,true,1,false,false,true,2,false
0.7,Voter,51,5,5.,2,false,true,14,false,false,true,1,false,false,true,5,false
0.7,Voter,51,5,5.,3,false,true,9,false,false,true,2,false,false,true,3,false
0.7,Voter,81,5,5.,1,false,true,14,false,false,true,6,false,false,true,6,false
0.7,Voter,81,5,5.,2,false,true,29,false,false,true,13,false,false,true,27,false
0.7,Voter,81,5,5.,3,false,true,11,false,false,true,10,false,false,true,3,false
0.7,Voter,111,5,5.,1,false,true,18,false,false,true,21,false,false,true,11,false
0.7,Voter,111,5,5.,2,false,true,15,false,false,true,2,false,false,true,5,false
0.7,Voter,111,5,5.,3,false,true,31,false,false,true,14,false,false,true,11,false
0.7,Voter,51,7,5.,1,false,true,26,false,false,true,4,false,false,true,5,false
0.7,Voter,51,7,5.,2,false,true,28,false,false,true,8,false,false,true,15,false
0.7,Voter,51,7,5.,3,false,true,27,false,false,true,2,false,false,true,10,false
0.7,Voter,81,7,5.,1,false,true,50,false,false,true,6,false,false,true,27,false
0.7,Voter,81,7,5.,2,false,true,34,false,true,true,26,true,false,true,25,false
0.7,Voter,81,7,5.,3,false,true,21,false,false,true,9,false,false,true,5,false
0.7,Voter,111,7,5.,1,false,true,43,false,false,true,9,false,false,true,20,false
0.7,Voter,111,7,5.,2,false,true,38,false,false,true,63,false,false,true,30,false
0.7,Voter,111,7,5.,3,false,true,33,false,true,false,82,true,false,true,8,false
0.7,Voter,51,9,5.,1,false,true,25,false,false,true,4,false,false,true,4,false
0.7,Voter,51,9,5.,2,true,true,46,true,false,true,33,false,false,true,42,false
0.7,Voter,51,9,5.,3,false,true,40,false,false,true,19,false,false,true,27,false
0.7,Voter,81,9,5.,1,false,true,37,false,false,true,22,false,false,true,11,false
0.7,Voter,81,9,5.,2,false,true,34,false,false,true,1,false,false,true,18,false
0.7,Voter,81,9,5.,3,false,true,63,false,false,true,68,false,false,true,56,false
0.7,Voter,111,9,5.,1,false,true,61,false,false,true,3,false,false,true,12,false
0.7,Voter,111,9,5.,2,false,true,65,false,false,true,19,false,false,true,47,false
0.7,Voter,111,9,5.,3,false,true,45,false,false,true,7,false,false,true,7,false
0.8,Voter,51,5,5.,1,false,true,19,false,false,true,4,false,false,true,12,false
0.8,Voter,51,5,5.,2,false,true,15,false,false,true,4,false,false,true,3,false
0.8,Voter,51,5,5.,3,false,true,11,false,false,true,4,false,false,true,14,false
0.8,Voter,81,5,5.,1,false,true,16,false,false,true,13,false,false,true,2,false
0.8,Voter,81,5,5.,2,false,true,14,false,false,true,1,false,false,true,6,false
0.8,Voter,81,5,5.,3,false,true,20,false,false,true,8,false,false,true,3,false
0.8,Voter,111,5,5.,1,false,true,16,false,false,true,19,false,false,true,10,false
0.8,Voter,111,5,5.,2,false,true,24,false,false,true,40,false,false,true,22,false
0.8,Voter,111,5,5.,3,false,true,9,false,false,true,1,false,false,true,2,false
0.8,Voter,51,7,5.,1,false,true,33,false,false,true,12,false,false,true,17,false
0.8,Voter,51,7,5.,2,false,true,22,false,false,true,3,false,false,true,12,false
0.8,Voter,51,7,5.,3,false,true,25,false,false,true,9,false,false,true,22,false
0.8,Voter,81,7,5.,1,false,true,39,false,false,true,46,false,false,true,18,false
0.8,Voter,81,7,5.,2,false,true,67,false,false,true,74,false,false,true,59,false
0.8,Voter,81,7,5.,3,false,true,33,false,false,true,13,false,false,true,9,false
0.8,Voter,111,7,5.,1,false,true,41,false,false,true,9,false,false,true,16,false
0.8,Voter,111,7,5.,2,false,true,51,false,false,true,12,false,false,true,32,false
0.8,Voter,111,7,5.,3,false,true,58,false,false,true,62,false,false,true,34,false
0.8,Voter,51,9,5.,1,false,true,38,false,false,true,17,false,false,true,33,false
0.8,Voter,51,9,5.,2,false,true,33,false,false,true,9,false,false,true,10,false
0.8,Voter,51,9,5.,3,false,true,47,false,false,true,34,false,false,true,42,false
0.8,Voter,81,9,5.,1,false,true,45,false,false,true,48,false,false,true,25,false
0.8,Voter,81,9,5.,2,false,true,74,false,true,true,81,true,false,true,69,false
0.8,Voter,81,9,5.,3,false,true,51,false,false,true,1,false,false,true,40,false
0.8,Voter,111,9,5.,1,false,true,75,false,false,true,61,false,false,true,43,false
0.8,Voter,111,9,5.,2,true,true,82,true,false,true,31,false,false,true,58,false
0.8,Voter,111,9,5.,3,false,true,71,false,true,false,49,true,false,true,20,false
0.9,Voter,51,5,5.,1,false,true,18,false,false,true,2,false,false,true,6,false
0.9,Voter,51,5,5.,2,false,true,17,false,false,true,11,false,false,true,5,false
0.9,Voter,51,5,5.,3,false,true,17,false,false,true,2,false,false,true,8,false
0.9,Voter,81,5,5.,1,false,true,18,false,false,true,29,false,false,true,14,false
0.9,Voter,81,5,5.,2,false,true,17,false,false,true,5,false,false,true,7,false
0.9,Voter,81,5,5.,3,false,true,15,false,false,true,30,false,false,true,2,false
0.9,Voter,111,5,5.,1,false,true,18,false,false,true,1,false,false,true,2,false
0.9,Voter,111,5,5.,2,false,true,18,false,false,true,5,false,false,true,5,false
0.9,Voter,111,5,5.,3,false,true,20,false,false,true,11,false,false,true,9,false
0.9,Voter,51,7,5.,1,false,true,18,false,false,true,6,false,false,true,11,false
0.9,Voter,51,7,5.,2,false,true,27,false,false,true,14,false,false,true,17,false
0.9,Voter,51,7,5.,3,false,true,25,false,false,true,25,false,false,true,16,false
0.9,Voter,81,7,5.,1,false,true,34,false,true,true,55,true,false,true,12,false
0.9,Voter,81,7,5.,2,false,true,57,false,false,true,28,false,false,true,34,false
0.9,Voter,81,7,5.,3,false,true,31,false,false,true,7,false,false,true,14,false
0.9,Voter,111,7,5.,1,false,true,45,false,false,true,11,false,false,true,32,false
0.9,Voter,111,7,5.,2,false,true,42,false,false,true,8,false,false,true,13,false
0.9,Voter,111,7,5.,3,false,true,39,false,false,true,15,false,false,true,23,false
0.9,Voter,51,9,5.,1,false,true,34,false,false,true,4,false,false,true,19,false
0.9,Voter,51,9,5.,2,false,true,41,false,true,true,36,true,false,true,24,false
0.9,Voter,51,9,5.,3,false,true,38,false,false,true,26,false,false,true,19,false
0.9,Voter,81,9,5.,1,false,true,62,false,false,true,44,false,false,true,50,false
0.9,Voter,81,9,5.,2,false,true,71,false,true,true,80,true,false,true,74,false
0.9,Voter,81,9,5.,3,false,true,48,false,false,true,24,false,false,true,30,false
0.9,Voter,111,9,5.,1,false,true,49,false,false,true,30,false,false,true,17,false
0.9,Voter,111,9,5.,2,false,true,49,false,false,true,15,false,false,true,10,false
0.9,Voter,111,9,5.,3,false,true,77,false,false,true,32,false,false,true,65,false
1.,Voter,51,5,5.,1,false,true,21,false,false,true,4,false,false,true,12,false
1.,Voter,51,5,5.,2,false,true,10,false,false,true,7,false,false,true,4,false
1.,Voter,51,5,5.,3,false,true,13,false,false,true,3,false,false,true,2,false
1.,Voter,81,5,5.,1,false,true,9,false,false,true,1,false,false,true,2,false
1.,Voter,81,5,5.,2,false,true,18,false,false,true,4,false,false,true,8,false
1.,Voter,81,5,5.,3,false,true,14,false,false,true,2,false,false,true,3,false
1.,Voter,111,5,5.,1,false,true,16,false,false,true,13,false,false,true,6,false
1.,Voter,111,5,5.,2,false,true,24,false,false,true,5,false,false,true,4,false
1.,Voter,111,5,5.,3,false,true,13,false,false,true,11,false,false,true,6,false
1.,Voter,51,7,5.,1,false,true,26,false,false,true,12,false,false,true,17,false
1.,Voter,51,7,5.,2,false,true,28,false,false,true,5,false,false,true,18,false
1.,Voter,51,7,5.,3,false,true,42,false,false,true,44,false,false,true,34,false
1.,Voter,81,7,5.,1,false,true,31,false,false,true,9,false,false,true,16,false
1.,Voter,81,7,5.,2,false,true,17,false,false,true,18,false,false,true,4,false
1.,Voter,81,7,5.,3,false,true,38,false,false,true,14,false,false,true,9,false
1.,Voter,111,7,5.,1,false,true,27,false,false,true,21,false,false,true,7,false
1.,Voter,111,7,5.,2,false,true,37,false,false,true,6,false,false,true,18,false
1.,Voter,111,7,5.,3,false,true,30,false,false,true,18,false,false,true,3,false
1.,Voter,51,9,5.,1,false,true,36,false,false,true,3,false,false,true,16,false
1.,Voter,51,9,5.,2,false,true,47,false,false,true,44,false,false,true,43,false
1.,Voter,51,9,5.,3,false,true,31,false,false,true,5,false,false,true,10,false
1.,Voter,81,9,5.,1,false,true,51,false,false,true,74,false,false,true,18,false
1.,Voter,81,9,5.,2,false,true,48,false,false,true,4,false,false,true,24,false
1.,Voter,81,9,5.,3,false,true,63,false,true,true,80,true,false,true,31,false
1.,Voter,111,9,5.,1,true,true,84,true,false,true,59,false,false,true,62,false
1.,Voter,111,9,5.,2,false,true,60,false,false,true,14,false,false,true,30,false
1.,Voter,111,9,5.,3,false,true,65,false,false,true,6,false,false,true,28,false
1.1,Voter,51,5,5.,1,false,true,15,false,false,true,6,false,false,true,5,false
1.1,Voter,51,5,5.,2,false,true,10,false,false,true,3,false,false,true,3,false
1.1,Voter,51,5,5.,3,false,true,20,false,false,true,6,false,false,true,10,false
1.1,Voter,81,5,5.,1,false,true,13,false,false,true,5,false,false,true,5,false
1.1,Voter,81,5,5.,2,false,true,19,false,false,true,2,false,false,true,2,false
1.1,Voter,81,5,5.,3,false,true,11,false,false,true,13,false,false,true,2,false
1.1,Voter,111,5,5.,1,false,true,26,false,false,true,23,false,false,true,14,false
1.1,Voter,111,5,5.,2,false,true,22,false,false,true,17,false,false,true,5,false
1.1,Voter,111,5,5.,3,false,true,18,false,false,true,4,false,false,true,7,false
1.1,Voter,51,7,5.,1,false,true,30,false,false,true,1,false,false,true,17,false
1.1,Voter,51,7,5.,2,false,true,31,false,false,true,6,false,false,true,15,false
1.1,Voter,51,7,5.,3,false,true,32,false,false,true,20,false,false,true,22,false
1.1,Voter,81,7,5.,1,false,true,23,false,false,true,2,false,false,true,4,false
1.1,Voter,81,7,5.,2,false,true,40,false,false,true,13,false,false,true,31,false
1.1,Voter,81,7,5.,3,false,true,27,false,false,true,40,false,false,true,3,false
1.1,Voter,111,7,5.,1,false,true,42,false,false,true,2,false,false,true,10,false
1.1,Voter,111,7,5.,2,false,true,40,false,false,true,35,false,false,true,19,false
1.1,Voter,111,7,5.,3,false,true,54,false,false,true,87,false,false,true,34,false
1.1,Voter,51,9,5.,1,false,true,45,false,false,true,41,false,false,true,42,false
1.1,Voter,51,9,5.,2,false,true,45,false,false,true,45,false,false,true,38,false
1.1,Voter,51,9,5.,3,false,true,43,false,false,true,49,false,false,true,41,false
1.1,Voter,81,9,5.,1,false,true,56,false,false,true,6,false,false,true,34,false
1.1,Voter,81,9,5.,2,false,true,54,false,false,true,59,false,false,true,38,false
1.1,Voter,81,9,5.,3,false,true,63,false,false,true,45,false,false,true,40,false
1.1,Voter,111,9,5.,1,false,true,67,false,false,true,43,false,false,true,61,false
1.1,Voter,111,9,5.,2,false,true,62,false,false,true,9,false,false,true,35,false
1.1,Voter,111,9,5.,3,false,true,46,false,false,true,3,false,false,true,9,false
1.2,Voter,51,5,5.,1,false,true,20,false,false,true,13,false,false,true,6,false
1.2,Voter,51,5,5.,2,false,true,16,false,false,true,1,false,false,true,2,false
1.2,Voter,51,5,5.,3,false,true,9,false,false,true,1,false,false,true,2,false
1.2,Voter,81,5,5.,1,false,true,23,false,false,true,13,false,true,true,18,true
1.2,Voter,81,5,5.,2,false,true,13,false,false,true,1,false,false,true,3,false
1.2,Voter,81,5,5.,3,false,true,15,false,false,true,12,false,false,true,10,false
1.2,Voter,111,5,5.,1,false,true,14,false,false,true,2,false,false,true,3,false
1.2,Voter,111,5,5.,2,false,true,17,false,false,true,2,false,false,true,3,false
1.2,Voter,111,5,5.,3,false,true,31,false,false,true,10,false,false,true,18,false
1.2,Voter,51,7,5.,1,false,true,22,false,false,true,4,false,false,true,9,false
1.2,Voter,51,7,5.,2,false,true,28,false,false,true,17,false,false,true,17,false
1.2,Voter,51,7,5.,3,false,true,36,false,false,true,35,false,false,true,21,false
1.2,Voter,81,7,5.,1,false,true,37,false,false,true,2,false,false,true,17,false
1.2,Voter,81,7,5.,2,false,true,52,false,false,true,24,false,false,true,41,false
1.2,Voter,81,7,5.,3,false,true,33,false,false,true,22,false,false,true,8,false
1.2,Voter,111,7,5.,1,true,true,78,true,false,true,49,false,false,true,73,false
1.2,Voter,111,7,5.,2,false,true,68,false,false,true,47,false,false,true,57,false
1.2,Voter,111,7,5.,3,false,true,75,false,false,true,28,false,false,true,67,false
1.2,Voter,51,9,5.,1,false,true,37,false,false,true,24,false,false,true,33,false
1.2,Voter,51,9,5.,2,false,true,41,false,false,true,15,false,false,true,38,false
1.2,Voter,51,9,5.,3,false,true,37,false,false,true,1,false,false,true,33,false
1.2,Voter,81,9,5.,1,false,true,48,false,true,true,78,true,false,true,30,false
1.2,Voter,81,9,5.,2,false,true,46,false,false,true,25,false,false,true,14,false
1.2,Voter,81,9,5.,3,false,true,42,false,false,true,12,false,false,true,13,false
1.2,Voter,111,9,5.,1,false,true,88,false,false,true,69,false,false,true,66,false
1.2,Voter,111,9,5.,2,false,true,67,false,false,true,40,false,false,true,39,false
1.2,Voter,111,9,5.,3,false,true,72,false,false,true,44,false,false,true,32,false
1.3,Voter,51,5,5.,1,false,true,16,false,false,true,4,false,false,true,2,false
1.3,Voter,51,5,5.,2,false,true,12,false,false,true,12,false,false,true,2,false
1.3,Voter,51,5,5.,3,false,true,22,false,false,true,12,false,false,true,4,false
1.3,Voter,81,5,5.,1,false,true,14,false,false,true,4,false,false,true,10,false
1.3,Voter,81,5,5.,2,false,true,22,false,false,true,16,false,false,true,7,false
1.3,Voter,81,5,5.,3,false,true,19,false,false,true,3,false,false,true,7,false
1.3,Voter,111,5,5.,1,false,true,15,false,false,true,6,false,false,true,2,false
1.3,Voter,111,5,5.,2,false,true,20,false,false,true,17,false,false,true,9,false
1.3,Voter,111,5,5.,3,false,true,31,false,false,true,21,false,false,true,18,false
1.3,Voter,51,7,5.,1,false,true,25,false,false,true,20,false,false,true,13,false
1.3,Voter,51,7,5.,2,false,true,37,false,false,true,12,false,false,true,28,false
1.3,Voter,51,7,5.,3,false,true,33,false,false,true,14,false,false,true,25,false
1.3,Voter,81,7,5.,1,false,true,53,false,false,true,63,false,false,true,36,false
1.3,Voter,81,7,5.,2,false,true,39,false,false,true,18,false,false,true,31,false
1.3,Voter,81,7,5.,3,false,true,62,false,false,true,32,false,false,true,63,false
1.3,Voter,111,7,5.,1,false,true,36,false,false,true,1,false,false,true,11,false
1.3,Voter,111,7,5.,2,false,true,37,false,false,true,6,false,false,true,10,false
1.3,Voter,111,7,5.,3,false,true,63,false,false,true,1,false,false,true,32,false
1.3,Voter,51,9,5.,1,false,true,46,false,false,true,29,false,false,true,38,false
1.3,Voter,51,9,5.,2,false,true,44,false,false,true,45,false,false,true,45,false
1.3,Voter,51,9,5.,3,false,true,49,false,false,true,48,false,false,true,47,false
1.3,Voter,81,9,5.,1,false,true,64,false,false,true,42,false,false,true,58,false
1.3,Voter,81,9,5.,2,false,true,47,false,false,true,40,false,false,true,21,false
1.3,Voter,81,9,5.,3,false,true,71,false,false,true,59,false,false,true,46,false
1.3,Voter,111,9,5.,1,false,true,46,false,false,true,54,false,false,true,14,false
1.3,Voter,111,9,5.,2,false,true,80,false,false,true,62,false,false,true,55,false
1.3,Voter,111,9,5.,3,true,false,76,true,true,false,111,true,false,true,50,false
1.4,Voter,51,5,5.,1,false,true,16,false,false,true,5,false,false,true,14,false
1.4,Voter,51,5,5.,2,false,true,20,false,false,true,10,false,false,true,12,false
1.4,Voter,51,5,5.,3,false,true,11,false,false,true,9,false,false,true,8,false
1.4,Voter,81,5,5.,1,false,true,20,false,false,true,10,false,false,true,10,false
1.4,Voter,81,5,5.,2,false,true,19,false,false,true,6,false,false,true,10,false
1.4,Voter,81,5,5.,3,false,true,23,false,false,true,13,false,false,true,5,false
1.4,Voter,111,5,5.,1,false,true,14,false,false,true,6,false,false,true,7,false
1.4,Voter,111,5,5.,2,false,true,18,false,false,true,3,false,false,true,4,false
1.4,Voter,111,5,5.,3,false,true,14,false,false,true,37,false,false,true,5,false
1.4,Voter,51,7,5.,1,false,true,19,false,false,true,10,false,false,true,2,false
1.4,Voter,51,7,5.,2,false,true,25,false,false,true,19,false,false,true,7,false
1.4,Voter,51,7,5.,3,false,true,27,false,false,true,10,false,false,true,14,false
1.4,Voter,81,7,5.,1,false,true,39,false,false,true,32,false,false,true,30,false
1.4,Voter,81,7,5.,2,false,true,44,false,false,true,52,false,false,true,38,false
1.4,Voter,81,7,5.,3,false,true,52,false,false,true,46,false,false,true,40,false
1.4,Voter,111,7,5.,1,false,true,39,false,false,true,11,false,false,true,8,false
1.4,Voter,111,7,5.,2,false,true,74,false,false,true,23,false,false,true,62,false
1.4,Voter,111,7,5.,3,false,true,23,false,false,true,10,false,false,true,7,false
1.4,Voter,51,9,5.,1,true,true,43,true,false,true,37,false,false,true,37,false
1.4,Voter,51,9,5.,2,false,true,36,false,false,true,21,false,false,true,28,false
1.4,Voter,51,9,5.,3,false,true,47,false,false,true,46,false,false,true,45,false
1.4,Voter,81,9,5.,1,false,true,59,false,false,true,63,false,false,true,49,false
1.4,Voter,81,9,5.,2,false,true,59,false,false,true,75,false,false,true,42,false
1.4,Voter,81,9,5.,3,false,true,31,false,true,false,81,true,false,true,15,false
1.4,Voter,111,9,5.,1,false,true,70,false,false,true,24,false,false,true,39,false
1.4,Voter,111,9,5.,2,false,true,87,false,false,true,25,false,false,true,69,false
1.4,Voter,111,9,5.,3,false,true,81,false,false,true,92,false,false,true,67,false
0.1,Random,51,5,10.,1,true,true,39,true,false,true,32,false,false,true,41,false
0.1,Random,51,5,10.,2,false,true,29,false,false,true,16,false,false,true,34,false
0.1,Random,51,5,10.,3,false,true,38,false,false,true,21,false,false,true,36,false
0.1,Random,81,5,10.,1,false,true,50,false,true,true,39,true,false,true,47,false
0.1,Random,81,5,10.,2,false,true,46,false,false,true,1,false,false,true,47,false
0.1,Random,81,5,10.,3,false,true,49,false,false,true,35,false,false,true,59,false
0.1,Random,111,5,10.,1,false,true,59,false,false,true,26,false,false,true,58,false
0.1,Random,111,5,10.,2,false,true,59,false,false,true,42,false,false,true,61,false
0.1,Random,111,5,10.,3,false,true,53,false,false,true,1,false,false,true,56,false
0.1,Random,51,7,10.,1,true,true,47,true,false,true,46,false,true,true,48,true
0.1,Random,51,7,10.,2,true,true,50,true,false,true,46,false,false,true,51,false
0.1,Random,51,7,10.,3,false,true,50,false,false,true,49,false,false,true,51,false
0.1,Random,81,7,10.,1,false,true,81,false,true,true,79,true,false,true,80,false
0.1,Random,81,7,10.,2,false,true,80,false,false,true,75,false,false,true,80,false
0.1,Random,81,7,10.,3,false,true,80,false,false,true,1,false,false,true,80,false
0.1,Random,111,7,10.,1,true,true,109,true,false,true,95,false,false,true,111,false
0.1,Random,111,7,10.,2,false,true,104,false,true,false,99,true,false,true,107,false
0.1,Random,111,7,10.,3,false,true,106,false,false,true,96,false,false,true,109,false
0.1,Random,51,9,10.,1,true,true,51,true,false,true,50,false,false,true,51,false
0.1,Random,51,9,10.,2,false,true,51,false,false,true,51,false,false,true,50,false
0.1,Random,51,9,10.,3,true,true,51,true,false,true,51,false,true,true,51,true
0.1,Random,81,9,10.,1,false,true,81,false,true,true,80,true,false,true,81,false
0.1,Random,81,9,10.,2,false,true,81,false,false,true,1,false,false,true,81,false
0.1,Random,81,9,10.,3,false,true,80,false,false,true,81,false,false,true,81,false
0.1,Random,111,9,10.,1,false,true,111,false,false,true,111,false,true,true,110,true
0.1,Random,111,9,10.,2,false,true,111,false,false,true,1,false,false,true,111,false
0.1,Random,111,9,10.,3,true,true,111,true,false,true,1,false,false,true,111,false
0.2,Random,51,5,10.,1,false,true,34,false,false,true,20,false,false,true,38,false
0.2,Random,51,5,10.,2,false,true,34,false,false,true,14,false,false,true,33,false
0.2,Random,51,5,10.,3,false,true,38,false,false,true,23,false,false,true,36,false
0.2,Random,81,5,10.,1,false,true,49,false,false,true,51,false,false,true,37,false
0.2,Random,81,5,10.,2,false,true,45,false,false,true,42,false,false,true,51,false
0.2,Random,81,5,10.,3,false,true,55,false,false,true,21,false,false,true,58,false
0.2,Random,111,5,10.,1,false,true,60,false,false,true,63,false,false,true,58,false
0.2,Random,111,5,10.,2,false,true,69,false,false,true,18,false,false,true,52,false
0.2,Random,111,5,10.,3,false,true,47,false,false,true,44,false,false,true,44,false
0.2,Random,51,7,10.,1,false,true,51,false,false,true,42,false,false,true,51,false
0.2,Random,51,7,10.,2,false,true,51,false,false,true,51,false,false,true,50,false
0.2,Random,51,7,10.,3,false,true,49,false,false,true,49,false,false,true,49,false
0.2,Random,81,7,10.,1,false,true,78,false,false,true,81,false,false,true,78,false
0.2,Random,81,7,10.,2,false,true,81,false,false,true,1,false,true,true,80,true
0.2,Random,81,7,10.,3,false,true,80,false,false,true,57,false,false,true,80,false
0.2,Random,111,7,10.,1,false,true,106,false,false,true,94,false,false,true,98,false
0.2,Random,111,7,10.,2,false,true,109,false,false,true,96,false,true,true,103,true
0.2,Random,111,7,10.,3,false,true,109,false,false,true,98,false,false,true,107,false
0.2,Random,51,9,10.,1,false,true,51,false,true,true,51,true,false,true,51,false
0.2,Random,51,9,10.,2,false,true,51,false,false,true,51,false,true,true,51,true
0.2,Random,51,9,10.,3,false,true,51,false,false,true,51,false,false,true,51,false
0.2,Random,81,9,10.,1,false,true,81,false,false,true,81,false,false,true,81,false
0.2,Random,81,9,10.,2,true,true,81,true,false,true,1,false,false,true,81,false
0.2,Random,81,9,10.,3,false,true,81,false,false,true,81,false,true,true,81,true
0.2,Random,111,9,10.,1,false,true,111,false,false,true,110,false,false,true,111,false
0.2,Random,111,9,10.,2,true,true,111,true,false,true,110,false,false,true,111,false
0.2,Random,111,9,10.,3,true,true,111,true,true,true,111,true,true,true,111,true
0.3,Random,51,5,10.,1,false,true,37,false,false,true,19,false,false,true,32,false
0.3,Random,51,5,10.,2,false,true,39,false,false,true,39,false,false,true,33,false
0.3,Random,51,5,10.,3,false,true,40,false,false,true,39,false,false,true,41,false
0.3,Random,81,5,10.,1,false,true,46,false,false,true,28,false,false,true,45,false
0.3,Random,81,5,10.,2,false,true,46,false,false,true,46,false,false,true,44,false
0.3,Random,81,5,10.,3,false,true,50,false,false,true,50,false,false,true,54,false
0.3,Random,111,5,10.,1,false,true,57,false,false,true,40,false,false,true,51,false
0.3,Random,111,5,10.,2,false,true,63,false,false,true,36,false,false,true,64,false
0.3,Random,111,5,10.,3,false,true,51,false,false,true,49,false,false,true,56,false
0.3,Random,51,7,10.,1,true,false,51,true,false,true,43,false,false,true,51,false
0.3,Random,51,7,10.,2,true,true,51,true,false,true,43,false,false,true,51,false
0.3,Random,51,7,10.,3,false,true,51,false,false,true,50,false,false,true,51,false
0.3,Random,81,7,10.,1,false,true,76,false,false,true,71,false,false,true,77,false
0.3,Random,81,7,10.,2,false,true,78,false,false,true,75,false,true,true,81,true
0.3,Random,81,7,10.,3,false,true,80,false,false,true,71,false,true,false,79,true
0.3,Random,111,7,10.,1,false,true,107,false,false,true,58,false,false,true,104,false
0.3,Random,111,7,10.,2,false,true,107,false,false,true,78,false,false,true,108,false
0.3,Random,111,7,10.,3,true,false,110,true,false,true,106,false,true,false,110,true
0.3,Random,51,9,10.,1,false,true,51,false,false,true,51,false,true,true,51,true
0.3,Random,51,9,10.,2,true,true,51,true,false,true,50,false,false,true,51,false
0.3,Random,51,9,10.,3,false,true,51,false,false,true,50,false,true,true,51,true
0.3,Random,81,9,10.,1,false,true,81,false,false,true,81,false,false,true,81,false
0.3,Random,81,9,10.,2,false,true,81,false,false,true,81,false,false,true,81,false
0.3,Random,81,9,10.,3,true,true,81,true,false,true,81,false,true,true,81,true
0.3,Random,111,9,10.,1,false,true,111,false,false,true,111,false,false,true,111,false
0.3,Random,111,9,10.,2,true,true,111,true,false,true,110,false,true,false,111,true
0.3,Random,111,9,10.,3,true,true,111,true,true,true,111,true,true,true,111,true
0.4,Random,51,5,10.,1,false,true,39,false,false,true,12,false,false,true,40,false
0.4,Random,51,5,10.,2,true,true,41,true,false,true,21,false,false,true,40,false
0.4,Random,51,5,10.,3,false,true,41,false,false,true,30,false,false,true,39,false
0.4,Random,81,5,10.,1,false,true,53,false,false,true,15,false,false,true,52,false
0.4,Random,81,5,10.,2,false,true,41,false,false,true,18,false,false,true,42,false
0.4,Random,81,5,10.,3,false,true,53,false,false,true,22,false,false,true,60,false
0.4,Random,111,5,10.,1,false,true,55,false,false,true,33,false,false,true,52,false
0.4,Random,111,5,10.,2,false,true,74,false,false,true,29,false,false,true,68,false
0.4,Random,111,5,10.,3,true,true,63,true,false,true,31,false,true,true,68,true
0.4,Random,51,7,10.,1,false,true,51,false,false,true,50,false,false,true,49,false
0.4,Random,51,7,10.,2,false,true,50,false,false,true,46,false,true,true,51,true
0.4,Random,51,7,10.,3,false,true,51,false,false,true,47,false,true,false,51,true
0.4,Random,81,7,10.,1,false,true,80,false,false,true,67,false,true,false,80,true
0.4,Random,81,7,10.,2,true,true,80,true,false,true,71,false,true,true,80,true
0.4,Random,81,7,10.,3,false,true,77,false,false,true,69,false,true,true,75,true
0.4,Random,111,7,10.,1,false,true,109,false,false,true,94,false,false,true,109,false
0.4,Random,111,7,10.,2,false,true,110,false,false,true,75,false,false,true,102,false
0.4,Random,111,7,10.,3,false,true,106,false,false,true,101,false,false,true,106,false
0.4,Random,51,9,10.,1,true,true,51,true,false,true,51,false,true,true,51,true
0.4,Random,51,9,10.,2,true,false,51,true,false,true,51,false,false,true,51,false
0.4,Random,51,9,10.,3,true,true,51,true,false,true,50,false,true,true,51,true
0.4,Random,81,9,10.,1,false,true,81,false,false,true,81,false,false,true,81,false
0.4,Random,81,9,10.,2,true,true,81,true,false,true,81,false,false,true,81,false
0.4,Random,81,9,10.,3,false,true,81,false,false,true,81,false,false,true,81,false
0.4,Random,111,9,10.,1,false,true,111,false,false,true,105,false,false,true,111,false
0.4,Random,111,9,10.,2,false,true,111,false,false,true,109,false,false,true,111,false
0.4,Random,111,9,10.,3,true,true,111,true,false,true,109,false,false,true,111,false
0.5,Random,51,5,10.,1,true,true,38,true,false,true,24,false,false,true,36,false
0.5,Random,51,5,10.,2,false,true,35,false,false,true,19,false,false,true,37,false
0.5,Random,51,5,10.,3,false,true,38,false,false,true,35,false,false,true,39,false
0.5,Random,81,5,10.,1,false,true,52,false,false,true,32,false,false,true,54,false
0.5,Random,81,5,10.,2,false,true,53,false,false,true,1,false,false,true,59,false
0.5,Random,81,5,10.,3,false,true,45,false,false,true,30,false,false,true,48,false
0.5,Random,111,5,10.,1,false,true,68,false,false,true,57,false,false,true,60,false
0.5,Random,111,5,10.,2,false,true,53,false,false,true,25,false,false,true,46,false
0.5,Random,111,5,10.,3,false,true,61,false,false,true,62,false,false,true,65,false
0.5,Random,51,7,10.,1,false,true,51,false,false,true,49,false,false,true,49,false
0.5,Random,51,7,10.,2,false,true,51,false,false,true,45,false,false,true,50,false
0.5,Random,51,7,10.,3,false,true,50,false,true,true,49,true,true,true,51,true
0.5,Random,81,7,10.,1,false,true,80,false,false,true,58,false,false,true,77,false
0.5,Random,81,7,10.,2,false,true,77,false,true,false,73,true,false,true,76,false
0.5,Random,81,7,10.,3,false,true,77,false,false,true,58,false,false,true,79,false
0.5,Random,111,7,10.,1,false,true,107,false,false,true,1,false,true,true,107,true
0.5,Random,111,7,10.,2,false,true,108,false,false,true,70,false,false,true,106,false
0.5,Random,111,7,10.,3,false,true,105,false,false,true,89,false,true,true,105,true
0.5,Random,51,9,10.,1,false,true,51,false,false,true,51,false,true,true,51,true
0.5,Random,51,9,10.,2,false,true,51,false,false,true,51,false,false,true,51,false
0.5,Random,51,9,10.,3,false,true,51,false,false,true,51,false,true,true,51,true
0.5,Random,81,9,10.,1,false,true,81,false,false,true,80,false,true,true,81,true
0.5,Random,81,9,10.,2,false,true,81,false,true,true,79,true,false,true,81,false
0.5,Random,81,9,10.,3,false,true,80,false,false,true,81,false,false,true,81,false
0.5,Random,111,9,10.,1,false,true,111,false,true,true,111,true,false,true,110,false
0.5,Random,111,9,10.,2,false,true,111,false,false,true,109,false,false,true,111,false
0.5,Random,111,9,10.,3,true,false,111,true,false,true,111,false,false,true,111,false
0.6,Random,51,5,10.,1,false,true,32,false,false,true,17,false,false,true,34,false
0.6,Random,51,5,10.,2,false,true,35,false,false,true,19,false,true,false,40,true
0.6,Random,51,5,10.,3,true,true,33,true,false,true,15,false,false,true,34,false
0.6,Random,81,5,10.,1,false,true,50,false,false,true,1,false,false,true,46,false
0.6,Random,81,5,10.,2,false,true,44,false,false,true,27,false,false,true,44,false
0.6,Random,81,5,10.,3,false,true,51,false,true,true,51,true,false,true,50,false
0.6,Random,111,5,10.,1,false,true,44,false,false,true,1,false,false,true,45,false
0.6,Random,111,5,10.,2,false,true,60,false,false,true,18,false,false,true,56,false
0.6,Random,111,5,10.,3,false,true,46,false,false,true,11,false,false,true,49,false
0.6,Random,51,7,10.,1,false,true,49,false,true,true,44,true,false,true,50,false
0.6,Random,51,7,10.,2,false,true,49,false,true,true,49,true,false,true,51,false
0.6,Random,51,7,10.,3,false,true,51,false,false,true,1,false,false,true,51,false
0.6,Random,81,7,10.,1,false,true,81,false,false,true,72,false,false,true,79,false
0.6,Random,81,7,10.,2,true,true,80,true,false,true,65,false,false,true,80,false
0.6,Random,81,7,10.,3,true,true,81,true,false,true,80,false,false,true,81,false
0.6,Random,111,7,10.,1,false,true,102,false,false,true,100,false,false,true,103,false
0.6,Random,111,7,10.,2,false,true,103,false,false,true,60,false,false,true,104,false
0.6,Random,111,7,10.,3,false,true,108,false,false,true,26,false,false,true,107,false
0.6,Random,51,9,10.,1,true,false,51,true,false,true,51,false,false,true,51,false
0.6,Random,51,9,10.,2,false,true,51,false,false,true,51,false,true,true,51,true
0.6,Random,51,9,10.,3,true,true,51,true,false,true,49,false,false,true,51,false
0.6,Random,81,9,10.,1,false,true,80,false,false,true,80,false,false,true,81,false
0.6,Random,81,9,10.,2,false,true,81,false,false,true,80,false,false,true,81,false
0.6,Random,81,9,10.,3,false,true,81,false,true,true,81,true,false,true,81,false
0.6,Random,111,9,10.,1,false,true,111,false,false,true,111,false,false,true,111,false
0.6,Random,111,9,10.,2,true,true,110,true,false,true,1,false,false,true,110,false
0.6,Random,111,9,10.,3,false,true,111,false,false,true,111,false,true,true,111,true
0.7,Random,51,5,10.,1,false,true,37,false,false,true,16,false,false,true,31,false
0.7,Random,51,5,10.,2,false,true,39,false,false,true,17,false,false,true,35,false
0.7,Random,51,5,10.,3,true,false,38,true,false,true,24,false,false,true,36,false
0.7,Random,81,5,10.,1,false,true,38,false,false,true,8,false,false,true,39,false
0.7,Random,81,5,10.,2,false,true,44,false,false,true,18,false,false,true,52,false
0.7,Random,81,5,10.,3,false,true,57,false,false,true,36,false,false,true,61,false
0.7,Random,111,5,10.,1,false,true,48,false,false,true,13,false,false,true,45,false
0.7,Random,111,5,10.,2,false,true,63,false,false,true,67,false,false,true,63,false
0.7,Random,111,5,10.,3,false,true,64,false,false,true,68,false,false,true,66,false
0.7,Random,51,7,10.,1,false,true,51,false,false,true,51,false,false,true,51,false
0.7,Random,51,7,10.,2,true,true,50,true,false,true,48,false,false,true,50,false
0.7,Random,51,7,10.,3,false,true,51,false,false,true,41,false,false,true,51,false
0.7,Random,81,7,10.,1,false,true,79,false,true,true,79,true,true,true,77,true
0.7,Random,81,7,10.,2,false,true,79,false,false,true,77,false,false,true,79,false
0.7,Random,81,7,10.,3,false,true,78,false,false,true,54,false,false,true,79,false
0.7,Random,111,7,10.,1,false,true,109,false,false,true,92,false,false,true,110,false
0.7,Random,111,7,10.,2,false,true,108,false,false,true,99,false,true,true,108,true
0.7,Random,111,7,10.,3,false,true,109,false,false,true,1,false,false,true,111,false
0.7,Random,51,9,10.,1,false,true,51,false,true,true,51,true,true,true,51,true
0.7,Random,51,9,10.,2,true,true,51,true,false,true,51,false,true,true,50,true
0.7,Random,51,9,10.,3,true,false,51,true,false,true,51,false,true,false,51,true
0.7,Random,81,9,10.,1,false,true,81,false,false,true,1,false,false,true,81,false
0.7,Random,81,9,10.,2,true,true,81,true,false,true,77,false,true,true,81,true
0.7,Random,81,9,10.,3,false,true,81,false,true,true,81,true,false,true,81,false
0.7,Random,111,9,10.,1,false,true,111,false,false,true,111,false,false,true,111,false
0.7,Random,111,9,10.,2,false,true,110,false,false,true,110,false,false,true,111,false
0.7,Random,111,9,10.,3,true,true,111,true,false,true,110,false,false,true,111,false
0.8,Random,51,5,10.,1,false,true,34,false,false,true,14,false,false,true,32,false
0.8,Random,51,5,10.,2,false,true,41,false,false,true,28,false,false,true,42,false
0.8,Random,51,5,10.,3,false,true,36,false,false,true,17,false,false,true,36,false
0.8,Random,81,5,10.,1,false,true,49,false,false,true,16,false,false,true,41,false
0.8,Random,81,5,10.,2,false,true,50,false,false,true,30,false,false,true,52,false
0.8,Random,81,5,10.,3,false,true,51,false,false,true,27,false,false,true,49,false
0.8,Random,111,5,10.,1,false,true,65,false,false,true,25,false,true,true,69,true
0.8,Random,111,5,10.,2,false,true,53,false,false,true,56,false,false,true,51,false
0.8,Random,111,5,10.,3,false,true,63,false,false,true,18,false,false,true,59,false
0.8,Random,51,7,10.,1,false,true,49,false,false,true,1,false,true,true,50,true
0.8,Random,51,7,10.,2,true,true,50,true,false,true,49,false,false,true,51,false
0.8,Random,51,7,10.,3,true,true,51,true,false,true,41,false,false,true,50,false
0.8,Random,81,7,10.,1,false,true,74,false,false,true,80,false,false,true,79,false
0.8,Random,81,7,10.,2,false,true,79,false,false,true,78,false,false,true,78,false
0.8,Random,81,7,10.,3,true,true,76,true,false,true,64,false,false,true,79,false
0.8,Random,111,7,10.,1,false,true,102,false,false,true,1,false,false,true,105,false
0.8,Random,111,7,10.,2,false,true,107,false,false,true,95,false,false,true,108,false
0.8,Random,111,7,10.,3,false,true,108,false,false,true,84,false,false,true,109,false
0.8,Random,51,9,10.,1,false,true,51,false,false,true,51,false,false,true,51,false
0.8,Random,51,9,10.,2,false,true,51,false,true,true,50,true,false,true,51,false
0.8,Random,51,9,10.,3,false,true,51,false,true,true,51,true,false,true,51,false
0.8,Random,81,9,10.,1,true,true,81,true,false,true,81,false,false,true,81,false
0.8,Random,81,9,10.,2,false,true,81,false,false,true,81,false,false,true,81,false
0.8,Random,81,9,10.,3,false,true,81,false,false,true,81,false,false,true,81,false
0.8,Random,111,9,10.,1,false,true,111,false,false,true,105,false,false,true,111,false
0.8,Random,111,9,10.,2,true,true,111,true,false,true,109,false,true,true,111,true
0.8,Random,111,9,10.,3,false,true,111,false,false,true,111,false,false,true,110,false
0.9,Random,51,5,10.,1,false,true,36,false,false,true,25,false,false,true,30,false
0.9,Random,51,5,10.,2,false,true,25,false,false,true,12,false,false,true,27,false
0.9,Random,51,5,10.,3,false,true,32,false,false,true,21,false,true,true,34,true
0.9,Random,81,5,10.,1,false,true,48,false,false,true,42,false,false,true,51,false
0.9,Random,81,5,10.,2,false,true,53,false,false,true,27,false,false,true,60,false
0.9,Random,81,5,10.,3,false,true,47,false,false,true,18,false,false,true,41,false
0.9,Random,111,5,10.,1,false,true,52,false,false,true,1,false,false,true,64,false
0.9,Random,111,5,10.,2,false,true,61,false,false,true,46,false,true,true,63,true
0.9,Random,111,5,10.,3,false,true,65,false,false,true,1,false,false,true,58,false
0.9,Random,51,7,10.,1,false,true,50,false,false,true,51,false,false,true,50,false
0.9,Random,51,7,10.,2,true,true,50,true,false,true,51,false,false,true,51,false
0.9,Random,51,7,10.,3,false,true,51,false,false,true,1,false,true,false,51,true
0.9,Random,81,7,10.,1,false,true,81,false,false,true,80,false,false,true,81,false
0.9,Random,81,7,10.,2,false,true,78,false,false,true,73,false,false,true,77,false
0.9,Random,81,7,10.,3,false,true,80,false,false,true,74,false,false,true,80,false
0.9,Random,111,7,10.,1,false,true,106,false,false,true,91,false,false,true,108,false
0.9,Random,111,7,10.,2,false,true,104,false,false,true,86,false,false,true,106,false
0.9,Random,111,7,10.,3,false,true,108,false,false,true,104,false,false,true,104,false
0.9,Random,51,9,10.,1,true,false,51,true,false,true,49,false,false,true,51,false
0.9,Random,51,9,10.,2,false,true,51,false,false,true,50,false,false,true,51,false
0.9,Random,51,9,10.,3,false,true,51,false,false,true,1,false,true,true,50,true
0.9,Random,81,9,10.,1,false,true,81,false,false,true,81,false,true,true,81,true
0.9,Random,81,9,10.,2,true,true,81,true,false,true,80,false,true,true,81,true
0.9,Random,81,9,10.,3,false,true,81,false,false,true,81,false,false,true,81,false
0.9,Random,111,9,10.,1,false,true,110,false,false,true,111,false,false,true,111,false
0.9,Random,111,9,10.,2,false,true,111,false,false,true,1,false,false,true,111,false
0.9,Random,111,9,10.,3,false,true,111,false,false,true,111,false,false,true,111,false
1.,Random,51,5,10.,1,false,true,35,false,false,true,12,false,false,true,34,false
1.,Random,51,5,10.,2,false,true,38,false,false,true,32,false,false,true,41,false
1.,Random,51,5,10.,3,false,true,39,false,false,true,32,false,false,true,38,false
1.,Random,81,5,10.,1,false,true,56,false,true,false,48,true,true,true,48,true
1.,Random,81,5,10.,2,false,true,59,false,true,false,42,true,false,true,52,false
1.,Random,81,5,10.,3,false,true,40,false,false,true,47,false,false,true,37,false
1.,Random,111,5,10.,1,false,true,66,false,false,true,46,false,false,true,61,false
1.,Random,111,5,10.,2,false,true,66,false,false,true,1,false,false,true,65,false
1.,Random,111,5,10.,3,false,true,59,false,false,true,30,false,false,true,60,false
1.,Random,51,7,10.,1,true,true,50,true,false,true,48,false,true,true,49,true
1.,Random,51,7,10.,2,false,true,51,false,false,true,48,false,false,true,51,false
1.,Random,51,7,10.,3,false,true,51,false,false,true,48,false,false,true,50,false
1.,Random,81,7,10.,1,false,true,79,false,false,true,78,false,false,true,78,false
1.,Random,81,7,10.,2,false,true,80,false,false,true,79,false,false,true,78,false
1.,Random,81,7,10.,3,false,true,77,false,false,true,75,false,false,true,80,false
1.,Random,111,7,10.,1,false,true,110,false,false,true,95,false,false,true,106,false
1.,Random,111,7,10.,2,false,true,108,false,false,true,94,false,false,true,107,false
1.,Random,111,7,10.,3,false,true,108,false,false,true,107,false,false,true,108,false
1.,Random,51,9,10.,1,false,true,51,false,false,true,49,false,false,true,51,false
1.,Random,51,9,10.,2,false,true,51,false,false,true,51,false,false,true,51,false
1.,Random,51,9,10.,3,false,true,51,false,false,true,51,false,true,true,51,true
1.,Random,81,9,10.,1,false,true,80,false,false,true,79,false,false,true,81,false
1.,Random,81,9,10.,2,true,true,81,true,false,true,81,false,true,true,81,true
1.,Random,81,9,10.,3,false,true,81,false,false,true,80,false,true,true,81,true
1.,Random,111,9,10.,1,false,true,111,false,false,true,110,false,false,true,111,false
1.,Random,111,9,10.,2,false,true,111,false,false,true,110,false,false,true,110,false
1.,Random,111,9,10.,3,false,true,111,false,false,true,1,false,false,true,111,false
1.1,Random,51,5,10.,1,false,true,42,false,false,true,26,false,false,true,35,false
1.1,Random,51,5,10.,2,false,true,38,false,false,true,25,false,false,true,37,false
1.1,Random,51,5,10.,3,false,true,40,false,false,true,27,false,false,true,41,false
1.1,Random,81,5,10.,1,false,true,40,false,false,true,47,false,false,true,47,false
1.1,Random,81,5,10.,2,false,true,43,false,false,true,17,false,false,true,49,false
1.1,Random,81,5,10.,3,false,true,49,false,false,true,37,false,false,true,49,false
1.1,Random,111,5,10.,1,false,true,65,false,false,true,42,false,false,true,59,false
1.1,Random,111,5,10.,2,false,true,59,false,false,true,15,false,false,true,64,false
1.1,Random,111,5,10.,3,true,true,54,true,false,true,67,false,false,true,50,false
1.1,Random,51,7,10.,1,false,true,49,false,false,true,43,false,false,true,50,false
1.1,Random,51,7,10.,2,false,true,50,false,false,true,1,false,true,true,50,true
1.1,Random,51,7,10.,3,false,true,48,false,false,true,49,false,false,true,49,false
1.1,Random,81,7,10.,1,false,true,76,false,false,true,1,false,false,true,75,false
1.1,Random,81,7,10.,2,true,true,81,true,false,true,70,false,false,true,77,false
1.1,Random,81,7,10.,3,false,true,79,false,false,true,69,false,false,true,76,false
1.1,Random,111,7,10.,1,true,true,105,true,false,true,70,false,false,true,110,false
1.1,Random,111,7,10.,2,false,true,106,false,false,true,69,false,false,true,109,false
1.1,Random,111,7,10.,3,false,true,105,false,false,true,58,false,false,true,103,false
1.1,Random,51,9,10.,1,false,true,51,false,false,true,51,false,true,true,51,true
1.1,Random,51,9,10.,2,true,true,51,true,true,true,51,true,false,true,51,false
1.1,Random,51,9,10.,3,false,true,51,false,true,true,50,true,false,true,51,false
1.1,Random,81,9,10.,1,false,true,81,false,true,false,80,true,true,true,81,true
1.1,Random,81,9,10.,2,false,true,81,false,false,true,79,false,false,true,81,false
1.1,Random,81,9,10.,3,true,true,81,true,false,true,78,false,false,true,81,false
1.1,Random,111,9,10.,1,true,true,111,true,false,true,1,false,true,true,111,true
1.1,Random,111,9,10.,2,true,true,111,true,false,true,111,false,true,true,111,true
1.1,Random,111,9,10.,3,false,true,111,false,false,true,110,false,false,true,110,false
1.2,Random,51,5,10.,1,false,true,32,false,false,true,17,false,false,true,39,false
1.2,Random,51,5,10.,2,false,true,31,false,false,true,1,false,false,true,31,false
1.2,Random,51,5,10.,3,false,true,40,false,false,true,22,false,false,true,33,false
1.2,Random,81,5,10.,1,false,true,49,false,false,true,31,false,false,true,51,false
1.2,Random,81,5,10.,2,true,true,52,true,false,true,55,false,false,true,59,false
1.2,Random,81,5,10.,3,false,true,46,false,false,true,38,false,false,true,42,false
1.2,Random,111,5,10.,1,false,true,71,false,false,true,45,false,false,true,65,false
1.2,Random,111,5,10.,2,false,true,56,false,false,true,50,false,false,true,59,false
1.2,Random,111,5,10.,3,false,true,52,false,false,true,58,false,false,true,52,false
1.2,Random,51,7,10.,1,false,true,50,false,true,true,50,true,false,true,50,false
1.2,Random,51,7,10.,2,false,true,50,false,false,true,44,false,true,true,49,true
1.2,Random,51,7,10.,3,true,false,50,true,false,true,51,false,false,true,51,false
1.2,Random,81,7,10.,1,false,true,79,false,false,true,73,false,false,true,78,false
1.2,Random,81,7,10.,2,false,true,80,false,false,true,74,false,false,true,81,false
1.2,Random,81,7,10.,3,false,true,81,false,false,true,77,false,false,true,81,false
1.2,Random,111,7,10.,1,false,true,105,false,false,true,98,false,false,true,107,false
1.2,Random,111,7,10.,2,false,true,103,false,false,true,101,false,false,true,108,false
1.2,Random,111,7,10.,3,false,true,106,false,false,true,96,false,false,true,105,false
1.2,Random,51,9,10.,1,false,true,51,false,false,true,51,false,false,true,51,false
1.2,Random,51,9,10.,2,false,true,51,false,false,true,51,false,false,true,51,false
1.2,Random,51,9,10.,3,true,true,51,true,true,true,51,true,false,true,50,false
1.2,Random,81,9,10.,1,false,true,81,false,false,true,80,false,true,true,81,true
1.2,Random,81,9,10.,2,true,true,81,true,false,true,81,false,true,false,81,true
1.2,Random,81,9,10.,3,false,true,81,false,false,true,81,false,false,true,81,false
1.2,Random,111,9,10.,1,true,true,111,true,false,true,111,false,true,true,111,true
1.2,Random,111,9,10.,2,true,true,111,true,false,true,110,false,true,true,110,true
1.2,Random,111,9,10.,3,false,true,111,false,false,true,109,false,false,true,111,false
1.3,Random,51,5,10.,1,false,true,43,false,false,true,30,false,false,true,38,false
1.3,Random,51,5,10.,2,false,true,30,false,false,true,14,false,false,true,27,false
1.3,Random,51,5,10.,3,true,false,35,true,false,true,35,false,false,true,38,false
1.3,Random,81,5,10.,1,true,true,58,true,false,true,1,false,false,true,52,false
1.3,Random,81,5,10.,2,false,true,36,false,false,true,46,false,false,true,41,false
1.3,Random,81,5,10.,3,false,true,40,false,false,true,34,false,false,true,44,false
1.3,Random,111,5,10.,1,false,true,60,false,false,true,42,false,false,true,72,false
1.3,Random,111,5,10.,2,false,true,56,false,false,true,1,false,false,true,62,false
1.3,Random,111,5,10.,3,false,true,70,false,false,true,1,false,false,true,77,false
1.3,Random,51,7,10.,1,false,true,47,false,false,true,34,false,false,true,51,false
1.3,Random,51,7,10.,2,false,true,49,false,false,true,37,false,false,true,50,false
1.3,Random,51,7,10.,3,false,true,50,false,false,true,46,false,false,true,50,false
1.3,Random,81,7,10.,1,false,true,80,false,false,true,52,false,false,true,77,false
1.3,Random,81,7,10.,2,true,true,79,true,false,true,1,false,false,true,79,false
1.3,Random,81,7,10.,3,false,true,77,false,false,true,77,false,false,true,80,false
1.3,Random,111,7,10.,1,false,true,102,false,false,true,57,false,false,true,102,false
1.3,Random,111,7,10.,2,false,true,109,false,false,true,1,false,false,true,108,false
1.3,Random,111,7,10.,3,false,true,109,false,false,true,98,false,false,true,110,false
1.3,Random,51,9,10.,1,true,true,51,true,false,true,51,false,false,true,51,false
1.3,Random,51,9,10.,2,true,true,51,true,false,true,51,false,false,true,51,false
1.3,Random,51,9,10.,3,false,true,51,false,false,true,51,false,true,true,51,true
1.3,Random,81,9,10.,1,false,true,81,false,false,true,81,false,false,true,81,false
1.3,Random,81,9,10.,2,false,true,81,false,false,true,1,false,false,true,80,false
1.3,Random,81,9,10.,3,false,true,81,false,false,true,79,false,false,true,81,false
1.3,Random,111,9,10.,1,false,true,111,false,true,true,109,true,false,true,111,false
1.3,Random,111,9,10.,2,false,true,111,false,false,true,111,false,false,true,111,false
1.3,Random,111,9,10.,3,false,true,111,false,false,true,108,false,false,true,111,false
1.4,Random,51,5,10.,1,false,true,36,false,false,true,28,false,false,true,35,false
1.4,Random,51,5,10.,2,false,true,38,false,false,true,20,false,false,true,37,false
1.4,Random,51,5,10.,3,false,true,29,false,true,false,22,true,false,true,28,false
1.4,Random,81,5,10.,1,false,true,37,false,false,true,32,false,false,true,36,false
1.4,Random,81,5,10.,2,false,true,51,false,false,true,53,false,false,true,48,false
1.4,Random,81,5,10.,3,false,true,54,false,false,true,36,false,false,true,55,false
1.4,Random,111,5,10.,1,false,true,56,false,false,true,25,false,false,true,51,false
1.4,Random,111,5,10.,2,false,true,73,false,false,true,36,false,false,true,63,false
1.4,Random,111,5,10.,3,false,true,73,false,false,true,32,false,false,true,76,false
1.4,Random,51,7,10.,1,false,true,49,false,false,true,40,false,false,true,49,false
1.4,Random,51,7,10.,2,false,true,49,false,false,true,47,false,false,true,51,false
1.4,Random,51,7,10.,3,false,true,48,false,false,true,48,false,true,true,51,true
1.4,Random,81,7,10.,1,false,true,78,false,false,true,1,false,false,true,77,false
1.4,Random,81,7,10.,2,true,false,80,true,false,true,76,false,false,true,81,false
1.4,Random,81,7,10.,3,false,true,79,false,false,true,81,false,false,true,80,false
1.4,Random,111,7,10.,1,false,true,103,false,false,true,100,false,false,true,104,false
1.4,Random,111,7,10.,2,false,true,109,false,false,true,1,false,false,true,109,false
1.4,Random,111,7,10.,3,false,true,107,false,false,true,90,false,false,true,109,false
1.4,Random,51,9,10.,1,true,true,51,true,false,true,51,false,false,true,51,false
1.4,Random,51,9,10.,2,true,true,51,true,true,true,50,true,true,true,51,true
1.4,Random,51,9,10.,3,false,true,51,false,false,true,50,false,false,true,51,false
1.4,Random,81,9,10.,1,false,true,81,false,true,true,81,true,true,true,81,true
1.4,Random,81,9,10.,2,false,true,81,false,true,true,81,true,false,true,81,false
1.4,Random,81,9,10.,3,false,true,81,false,false,true,79,false,false,true,81,false
1.4,Random,111,9,10.,1,false,true,111,false,false,true,105,false,false,true,110,false
1.4,Random,111,9,10.,2,false,true,111,false,false,true,111,false,true,true,111,true
1.4,Random,111,9,10.,3,false,true,111,false,false,true,101,false,false,true,111,false
0.1,Sample,51,5,10.,1,false,true,12,false,false,true,12,false,false,true,3,false
0.1,Sample,51,5,10.,2,false,true,15,false,false,true,8,false,false,true,2,false
0.1,Sample,51,5,10.,3,false,true,17,false,false,true,18,false,false,true,5,false
0.1,Sample,81,5,10.,1,false,true,10,false,false,true,32,false,false,true,4,false
0.1,Sample,81,5,10.,2,false,true,9,false,false,true,2,false,false,true,2,false
0.1,Sample,81,5,10.,3,false,true,18,false,false,true,9,false,false,true,2,false
0.1,Sample,111,5,10.,1,false,true,17,false,false,true,10,false,false,true,6,false
0.1,Sample,111,5,10.,2,false,true,44,false,false,true,1,false,false,true,21,false
0.1,Sample,111,5,10.,3,false,true,14,false,false,true,6,false,false,true,2,false
0.1,Sample,51,7,10.,1,false,true,23,false,false,true,1,false,false,true,4,false
0.1,Sample,51,7,10.,2,false,true,25,false,false,true,37,false,false,true,10,false
0.1,Sample,51,7,10.,3,false,true,23,false,false,true,11,false,false,true,10,false
0.1,Sample,81,7,10.,1,false,true,29,false,false,true,15,false,false,true,5,false
0.1,Sample,81,7,10.,2,false,true,41,false,false,true,34,false,false,true,21,false
0.1,Sample,81,7,10.,3,false,true,33,false,false,true,27,false,false,true,11,false
0.1,Sample,111,7,10.,1,false,true,38,false,false,true,76,false,false,true,19,false
0.1,Sample,111,7,10.,2,false,true,55,false,false,true,37,false,false,true,24,false
0.1,Sample,111,7,10.,3,false,true,95,false,false,true,88,false,false,true,75,false
0.1,Sample,51,9,10.,1,false,true,42,false,false,true,50,false,false,true,34,false
0.1,Sample,51,9,10.,2,false,true,38,false,false,true,50,false,false,true,28,false
0.1,Sample,51,9,10.,3,false,true,41,false,true,true,27,true,false,true,36,false
0.1,Sample,81,9,10.,1,false,true,65,false,false,true,57,false,false,true,46,false
0.1,Sample,81,9,10.,2,false,true,36,false,false,true,36,false,false,true,18,false
0.1,Sample,81,9,10.,3,false,true,40,false,false,true,47,false,false,true,23,false
0.1,Sample,111,9,10.,1,false,true,64,false,false,true,93,false,false,true,21,false
0.1,Sample,111,9,10.,2,false,true,46,false,false,true,50,false,false,true,25,false
0.1,Sample,111,9,10.,3,false,true,46,false,false,true,65,false,false,true,24,false
0.2,Sample,51,5,10.,1,false,true,11,false,false,true,16,false,false,true,3,false
0.2,Sample,51,5,10.,2,false,true,10,false,false,true,4,false,false,true,3,false
0.2,Sample,51,5,10.,3,false,true,14,false,false,true,12,false,false,true,4,false
0.2,Sample,81,5,10.,1,false,true,16,false,false,true,13,false,false,true,4,false
0.2,Sample,81,5,10.,2,false,true,15,false,false,true,31,false,false,true,4,false
0.2,Sample,81,5,10.,3,false,true,7,false,false,true,5,false,false,true,2,false
0.2,Sample,111,5,10.,1,false,true,23,false,false,true,28,false,false,true,8,false
0.2,Sample,111,5,10.,2,false,true,17,false,false,true,8,false,false,true,1,false
0.2,Sample,111,5,10.,3,false,true,19,false,false,true,15,false,false,true,5,false
0.2,Sample,51,7,10.,1,false,true,34,false,false,true,47,false,false,true,16,false
0.2,Sample,51,7,10.,2,false,true,15,false,false,true,31,false,false,true,4,false
0.2,Sample,51,7,10.,3,false,true,19,false,false,true,35,false,false,true,4,false
0.2,Sample,81,7,10.,1,false,true,28,false,false,true,19,false,false,true,8,false
0.2,Sample,81,7,10.,2,false,true,28,false,false,true,17,false,false,true,12,false
0.2,Sample,81,7,10.,3,false,true,53,false,false,true,74,false,false,true,43,false
0.2,Sample,111,7,10.,1,false,true,51,false,false,true,21,false,false,true,25,false
0.2,Sample,111,7,10.,2,false,true,48,false,false,true,100,false,false,true,24,false
0.2,Sample,111,7,10.,3,false,true,33,false,true,true,77,true,false,true,8,false
0.2,Sample,51,9,10.,1,false,true,48,false,true,false,48,true,false,true,43,false
0.2,Sample,51,9,10.,2,false,true,40,false,false,true,49,false,false,true,29,false
0.2,Sample,51,9,10.,3,false,true,41,false,false,true,43,false,false,true,33,false
0.2,Sample,81,9,10.,1,false,true,74,false,false,true,81,false,false,true,62,false
0.2,Sample,81,9,10.,2,false,true,65,false,false,true,1,false,false,true,54,false
0.2,Sample,81,9,10.,3,false,true,43,false,false,true,55,false,false,true,11,false
0.2,Sample,111,9,10.,1,false,true,67,false,false,true,84,false,false,true,47,false
0.2,Sample,111,9,10.,2,false,true,95,false,false,true,110,false,false,true,97,false
0.2,Sample,111,9,10.,3,false,true,44,false,false,true,45,false,false,true,18,false
0.3,Sample,51,5,10.,1,false,true,13,false,false,true,4,false,false,true,3,false
0.3,Sample,51,5,10.,2,false,true,13,false,false,true,1,false,false,true,6,false
0.3,Sample,51,5,10.,3,false,true,12,false,false,true,16,false,false,true,3,false
0.3,Sample,81,5,10.,1,false,true,8,false,false,true,23,false,false,true,2,false
0.3,Sample,81,5,10.,2,false,true,15,false,false,true,31,false,false,true,3,false
0.3,Sample,81,5,10.,3,false,true,20,false,false,true,21,false,false,true,6,false
0.3,Sample,111,5,10.,1,false,true,22,false,false,true,1,false,false,true,6,false
0.3,Sample,111,5,10.,2,false,true,18,false,false,true,11,false,false,true,3,false
0.3,Sample,111,5,10.,3,false,true,19,false,false,true,20,false,false,true,4,false
0.3,Sample,51,7,10.,1,false,true,11,false,false,true,15,false,false,true,3,false
0.3,Sample,51,7,10.,2,false,true,24,false,false,true,25,false,false,true,10,false
0.3,Sample,51,7,10.,3,false,true,35,false,false,true,45,false,false,true,18,false
0.3,Sample,81,7,10.,1,false,true,57,false,false,true,39,false,false,true,38,false
0.3,Sample,81,7,10.,2,false,true,20,false,false,true,14,false,false,true,10,false
0.3,Sample,81,7,10.,3,false,true,46,false,false,true,9,false,false,true,19,false
0.3,Sample,111,7,10.,1,false,true,56,false,false,true,98,false,false,true,29,false
0.3,Sample,111,7,10.,2,false,true,39,false,false,true,57,false,false,true,20,false
0.3,Sample,111,7,10.,3,false,true,63,false,false,true,1,false,false,true,35,false
0.3,Sample,51,9,10.,1,false,true,46,false,false,true,48,false,true,true,36,true
0.3,Sample,51,9,10.,2,false,true,46,false,false,true,48,false,false,true,36,false
0.3,Sample,51,9,10.,3,false,true,27,false,false,true,39,false,false,true,11,false
0.3,Sample,81,9,10.,1,false,true,39,false,false,true,61,false,false,true,14,false
0.3,Sample,81,9,10.,2,false,true,46,false,false,true,57,false,false,true,33,false
0.3,Sample,81,9,10.,3,false,true,50,false,false,true,73,false,false,true,36,false
0.3,Sample,111,9,10.,1,false,true,42,false,false,true,19,false,false,true,11,false
0.3,Sample,111,9,10.,2,false,true,47,false,false,true,50,false,false,true,28,false
0.3,Sample,111,9,10.,3,false,true,52,false,false,true,96,false,false,true,17,false
0.4,Sample,51,5,10.,1,false,true,23,false,false,true,14,false,false,true,11,false
0.4,Sample,51,5,10.,2,false,true,12,false,false,true,10,false,false,true,2,false
0.4,Sample,51,5,10.,3,false,true,12,false,false,true,8,false,false,true,3,false
0.4,Sample,81,5,10.,1,false,true,19,false,false,true,19,false,false,true,10,false
0.4,Sample,81,5,10.,2,false,true,10,false,false,true,9,false,false,true,4,false
0.4,Sample,81,5,10.,3,false,true,11,false,false,true,30,false,false,true,3,false
0.4,Sample,111,5,10.,1,false,true,24,false,false,true,32,false,false,true,11,false
0.4,Sample,111,5,10.,2,false,true,19,false,false,true,15,false,false,true,4,false
0.4,Sample,111,5,10.,3,false,true,24,false,false,true,8,false,false,true,11,false
0.4,Sample,51,7,10.,1,false,true,38,false,false,true,32,false,false,true,32,false
0.4,Sample,51,7,10.,2,false,true,25,false,false,true,31,false,false,true,10,false
0.4,Sample,51,7,10.,3,false,true,30,false,false,true,29,false,false,true,17,false
0.4,Sample,81,7,10.,1,false,true,54,false,false,true,61,false,false,true,41,false
0.4,Sample,81,7,10.,2,false,true,30,false,false,true,1,false,false,true,11,false
0.4,Sample,81,7,10.,3,false,true,34,false,false,true,61,false,false,true,19,false
0.4,Sample,111,7,10.,1,false,true,40,false,false,true,21,false,false,true,23,false
0.4,Sample,111,7,10.,2,false,true,64,false,false,true,53,false,false,true,31,false
0.4,Sample,111,7,10.,3,false,true,40,false,false,true,1,false,false,true,20,false
0.4,Sample,51,9,10.,1,false,true,35,false,false,true,43,false,false,true,20,false
0.4,Sample,51,9,10.,2,false,true,45,false,false,true,33,false,false,true,48,false
0.4,Sample,51,9,10.,3,false,true,36,false,false,true,36,false,false,true,10,false
0.4,Sample,81,9,10.,1,false,true,48,false,false,true,74,false,false,true,34,false
0.4,Sample,81,9,10.,2,false,true,55,false,false,true,35,false,false,true,34,false
0.4,Sample,81,9,10.,3,false,true,52,false,false,true,79,false,false,true,37,false
0.4,Sample,111,9,10.,1,false,true,66,false,false,true,58,false,false,true,34,false
0.4,Sample,111,9,10.,2,false,true,83,false,false,true,88,false,false,true,43,false
0.4,Sample,111,9,10.,3,false,true,49,false,false,true,75,false,false,true,19,false
0.5,Sample,51,5,10.,1,false,true,15,false,false,true,16,false,false,true,6,false
0.5,Sample,51,5,10.,2,false,true,11,false,false,true,3,false,false,true,2,false
0.5,Sample,51,5,10.,3,false,true,16,false,false,true,10,false,false,true,7,false
0.5,Sample,81,5,10.,1,false,true,13,false,false,true,13,false,false,true,5,false
0.5,Sample,81,5,10.,2,false,true,20,false,false,true,10,false,false,true,2,false
0.5,Sample,81,5,10.,3,false,true,11,false,false,true,6,false,false,true,4,false
0.5,Sample,111,5,10.,1,false,true,16,false,false,true,6,false,false,true,3,false
0.5,Sample,111,5,10.,2,false,true,14,false,false,true,9,false,false,true,6,false
0.5,Sample,111,5,10.,3,false,true,27,false,false,true,1,false,false,true,12,false
0.5,Sample,51,7,10.,1,false,true,20,false,false,true,16,false,false,true,9,false
0.5,Sample,51,7,10.,2,false,true,17,false,false,true,13,false,false,true,11,false
0.5,Sample,51,7,10.,3,false,true,24,false,false,true,18,false,false,true,8,false
0.5,Sample,81,7,10.,1,false,true,32,false,false,true,24,false,false,true,15,false
0.5,Sample,81,7,10.,2,false,true,32,false,false,true,23,false,false,true,9,false
0.5,Sample,81,7,10.,3,false,true,42,false,false,true,28,false,false,true,20,false
0.5,Sample,111,7,10.,1,false,true,43,false,false,true,61,false,false,true,18,false
0.5,Sample,111,7,10.,2,false,true,54,false,false,true,81,false,false,true,30,false
0.5,Sample,111,7,10.,3,false,true,43,false,false,true,1,false,false,true,17,false
0.5,Sample,51,9,10.,1,false,true,38,false,false,true,49,false,false,true,16,false
0.5,Sample,51,9,10.,2,false,true,45,false,false,true,37,false,false,true,35,false
0.5,Sample,51,9,10.,3,false,true,42,false,false,true,48,false,false,true,31,false
0.5,Sample,81,9,10.,1,false,true,62,false,false,true,47,false,false,true,35,false
0.5,Sample,81,9,10.,2,false,true,43,false,false,true,1,false,false,true,23,false
0.5,Sample,81,9,10.,3,false,true,60,false,false,true,71,false,false,true,40,false
0.5,Sample,111,9,10.,1,false,true,88,false,false,true,108,false,false,true,77,false
0.5,Sample,111,9,10.,2,false,true,62,false,false,true,28,false,false,true,42,false
0.5,Sample,111,9,10.,3,false,true,52,false,false,true,1,false,false,true,37,false
0.6,Sample,51,5,10.,1,false,true,9,false,false,true,7,false,false,true,3,false
0.6,Sample,51,5,10.,2,false,true,10,false,false,true,14,false,false,true,2,false
0.6,Sample,51,5,10.,3,false,true,14,false,false,true,11,false,false,true,2,false
0.6,Sample,81,5,10.,1,false,true,10,false,false,true,5,false,false,true,5,false
0.6,Sample,81,5,10.,2,false,true,25,false,false,true,44,false,false,true,6,false
0.6,Sample,81,5,10.,3,false,true,20,false,false,true,6,false,false,true,4,false
0.6,Sample,111,5,10.,1,false,true,13,false,true,true,17,true,false,true,4,false
0.6,Sample,111,5,10.,2,false,true,29,false,false,true,9,false,false,true,10,false
0.6,Sample,111,5,10.,3,false,true,34,false,false,true,24,false,false,true,23,false
0.6,Sample,51,7,10.,1,false,true,14,false,false,true,12,false,false,true,4,false
0.6,Sample,51,7,10.,2,false,true,22,false,false,true,33,false,false,true,11,false
0.6,Sample,51,7,10.,3,false,true,11,false,false,true,8,false,false,true,2,false
0.6,Sample,81,7,10.,1,false,true,51,false,false,true,18,false,false,true,34,false
0.6,Sample,81,7,10.,2,false,true,34,false,false,true,19,false,false,true,17,false
0.6,Sample,81,7,10.,3,false,true,12,false,false,true,13,false,false,true,6,false
0.6,Sample,111,7,10.,1,false,true,29,false,false,true,39,false,false,true,8,false
0.6,Sample,111,7,10.,2,false,true,58,false,false,true,33,false,false,true,36,false
0.6,Sample,111,7,10.,3,false,true,66,false,false,true,55,false,false,true,41,false
0.6,Sample,51,9,10.,1,false,true,44,false,false,true,25,false,false,true,32,false
0.6,Sample,51,9,10.,2,false,true,35,false,false,true,42,false,false,true,10,false
0.6,Sample,51,9,10.,3,false,true,30,false,true,true,42,true,false,true,16,false
0.6,Sample,81,9,10.,1,false,true,61,false,false,true,73,false,false,true,53,false
0.6,Sample,81,9,10.,2,false,true,39,false,false,true,78,false,false,true,15,false
0.6,Sample,81,9,10.,3,false,true,39,false,false,true,60,false,false,true,21,false
0.6,Sample,111,9,10.,1,false,true,71,false,false,true,76,false,false,true,52,false
0.6,Sample,111,9,10.,2,false,true,67,false,false,true,99,false,false,true,24,false
0.6,Sample,111,9,10.,3,false,true,55,false,false,true,62,false,false,true,32,false
0.7,Sample,51,5,10.,1,false,true,15,false,false,true,9,false,false,true,4,false
0.7,Sample,51,5,10.,2,false,true,19,false,false,true,1,false,false,true,9,false
0.7,Sample,51,5,10.,3,false,true,14,false,false,true,4,false,false,true,4,false
0.7,Sample,81,5,10.,1,false,true,15,false,false,true,23,false,false,true,3,false
0.7,Sample,81,5,10.,2,false,true,30,false,false,true,16,false,false,true,14,false
0.7,Sample,81,5,10.,3,false,true,15,false,false,true,15,false,false,true,6,false
0.7,Sample,111,5,10.,1,false,true,35,false,false,true,4,false,false,true,5,false
0.7,Sample,111,5,10.,2,false,true,16,false,false,true,7,false,false,true,2,false
0.7,Sample,111,5,10.,3,false,true,14,false,false,true,10,false,false,true,6,false
0.7,Sample,51,7,10.,1,false,true,11,false,false,true,12,false,false,true,2,false
0.7,Sample,51,7,10.,2,false,true,39,false,true,false,44,true,false,true,23,false
0.7,Sample,51,7,10.,3,false,true,25,false,false,true,17,false,false,true,8,false
0.7,Sample,81,7,10.,1,false,true,25,false,false,true,23,false,false,true,6,false
0.7,Sample,81,7,10.,2,false,true,32,false,false,true,32,false,false,true,12,false
0.7,Sample,81,7,10.,3,false,true,31,false,false,true,13,false,false,true,12,false
0.7,Sample,111,7,10.,1,false,true,49,false,false,true,59,false,false,true,37,false
0.7,Sample,111,7,10.,2,false,true,34,false,false,true,11,false,false,true,6,false
0.7,Sample,111,7,10.,3,false,true,36,false,false,true,1,false,false,true,7,false
0.7,Sample,51,9,10.,1,false,true,42,false,false,true,41,false,false,true,36,false
0.7,Sample,51,9,10.,2,false,true,32,false,false,true,46,false,false,true,22,false
0.7,Sample,51,9,10.,3,false,true,50,false,false,true,43,false,false,true,43,false
0.7,Sample,81,9,10.,1,false,true,64,false,false,true,79,false,false,true,56,false
0.7,Sample,81,9,10.,2,false,true,65,false,false,true,80,false,false,true,52,false
0.7,Sample,81,9,10.,3,false,true,37,false,false,true,1,false,false,true,22,false
0.7,Sample,111,9,10.,1,false,true,53,false,false,true,73,false,false,true,32,false
0.7,Sample,111,9,10.,2,false,true,93,false,false,true,1,false,false,true,83,false
0.7,Sample,111,9,10.,3,false,true,38,false,false,true,106,false,false,true,10,false
0.8,Sample,51,5,10.,1,false,true,16,false,false,true,4,false,false,true,5,false
0.8,Sample,51,5,10.,2,false,true,19,false,false,true,4,false,false,true,4,false
0.8,Sample,51,5,10.,3,false,true,19,false,false,true,28,false,false,true,4,false
0.8,Sample,81,5,10.,1,false,true,15,false,false,true,13,false,false,true,2,false
0.8,Sample,81,5,10.,2,false,true,24,false,false,true,46,false,false,true,11,false
0.8,Sample,81,5,10.,3,false,true,15,false,false,true,7,false,false,true,6,false
0.8,Sample,111,5,10.,1,false,true,19,false,false,true,20,false,false,true,6,false
0.8,Sample,111,5,10.,2,false,true,16,false,false,true,2,false,false,true,2,false
0.8,Sample,111,5,10.,3,false,true,36,false,false,true,21,false,false,true,16,false
0.8,Sample,51,7,10.,1,false,true,24,false,false,true,16,false,false,true,13,false
0.8,Sample,51,7,10.,2,false,true,24,false,false,true,5,false,false,true,4,false
0.8,Sample,51,7,10.,3,false,true,16,false,false,true,9,false,false,true,4,false
0.8,Sample,81,7,10.,1,false,true,39,false,false,true,57,false,false,true,22,false
0.8,Sample,81,7,10.,2,false,true,38,false,false,true,40,false,false,true,21,false
0.8,Sample,81,7,10.,3,false,true,41,false,false,true,1,false,false,true,16,false
0.8,Sample,111,7,10.,1,false,true,62,false,false,true,65,false,false,true,32,false
0.8,Sample,111,7,10.,2,false,true,57,false,false,true,77,false,false,true,37,false
0.8,Sample,111,7,10.,3,false,true,52,false,false,true,48,false,false,true,19,false
0.8,Sample,51,9,10.,1,false,true,36,false,false,true,1,false,false,true,26,false
0.8,Sample,51,9,10.,2,false,true,37,false,false,true,47,false,false,true,10,false
0.8,Sample,51,9,10.,3,false,true,49,false,false,true,31,false,false,true,40,false
0.8,Sample,81,9,10.,1,false,true,48,false,false,true,27,false,false,true,30,false
0.8,Sample,81,9,10.,2,false,true,43,false,false,true,78,false,false,true,31,false
0.8,Sample,81,9,10.,3,false,true,64,false,false,true,73,false,false,true,33,false
0.8,Sample,111,9,10.,1,false,true,56,false,false,true,86,false,false,true,31,false
0.8,Sample,111,9,10.,2,false,true,88,false,false,true,1,false,false,true,70,false
0.8,Sample,111,9,10.,3,false,true,77,false,false,true,93,false,false,true,50,false
0.9,Sample,51,5,10.,1,false,true,25,false,true,true,31,true,false,true,9,false
0.9,Sample,51,5,10.,2,false,true,10,false,false,true,1,false,false,true,2,false
0.9,Sample,51,5,10.,3,false,true,14,false,false,true,4,false,false,true,2,false
0.9,Sample,81,5,10.,1,false,true,19,false,false,true,18,false,false,true,5,false
0.9,Sample,81,5,10.,2,false,true,18,false,false,true,20,false,false,true,5,false
0.9,Sample,81,5,10.,3,false,true,19,false,false,true,7,false,false,true,4,false
0.9,Sample,111,5,10.,1,false,true,19,false,false,true,2,false,false,true,3,false
0.9,Sample,111,5,10.,2,false,true,21,false,false,true,21,false,false,true,15,false
0.9,Sample,111,5,10.,3,false,true,16,false,false,true,1,false,false,true,4,false
0.9,Sample,51,7,10.,1,false,true,15,false,false,true,25,false,false,true,7,false
0.9,Sample,51,7,10.,2,false,true,20,false,false,true,12,false,false,true,3,false
0.9,Sample,51,7,10.,3,false,true,30,false,false,true,28,false,false,true,14,false
0.9,Sample,81,7,10.,1,false,true,43,false,false,true,45,false,false,true,15,false
0.9,Sample,81,7,10.,2,false,true,50,false,false,true,64,false,false,true,28,false
0.9,Sample,81,7,10.,3,false,true,33,false,false,true,41,false,false,true,10,false
0.9,Sample,111,7,10.,1,false,true,48,false,false,true,25,false,false,true,12,false
0.9,Sample,111,7,10.,2,false,true,42,false,false,true,1,false,false,true,27,false
0.9,Sample,111,7,10.,3,false,true,49,false,false,true,96,false,false,true,28,false
0.9,Sample,51,9,10.,1,false,true,41,false,false,true,35,false,false,true,34,false
0.9,Sample,51,9,10.,2,false,true,24,false,false,true,36,false,false,true,12,false
0.9,Sample,51,9,10.,3,false,true,36,false,true,false,43,true,false,true,29,false
0.9,Sample,81,9,10.,1,false,true,42,false,false,true,52,false,false,true,24,false
0.9,Sample,81,9,10.,2,false,true,50,false,false,true,22,false,false,true,22,false
0.9,Sample,81,9,10.,3,false,true,44,false,false,true,74,false,false,true,23,false
0.9,Sample,111,9,10.,1,false,true,108,false,false,true,102,false,false,true,102,false
0.9,Sample,111,9,10.,2,false,true,43,false,false,true,33,false,false,true,13,false
0.9,Sample,111,9,10.,3,false,true,62,false,false,true,92,false,false,true,40,false
1.,Sample,51,5,10.,1,false,true,11,false,false,true,13,false,false,true,6,false
1.,Sample,51,5,10.,2,false,true,10,false,false,true,3,false,false,true,1,false
1.,Sample,51,5,10.,3,false,true,22,false,false,true,22,false,false,true,16,false
1.,Sample,81,5,10.,1,false,true,15,false,false,true,13,false,false,true,6,false
1.,Sample,81,5,10.,2,false,true,13,false,false,true,7,false,false,true,4,false
1.,Sample,81,5,10.,3,false,true,20,false,false,true,1,false,false,true,4,false
1.,Sample,111,5,10.,1,false,true,17,false,false,true,17,false,false,true,3,false
1.,Sample,111,5,10.,2,false,true,17,false,false,true,8,false,false,true,2,false
1.,Sample,111,5,10.,3,false,true,20,false,false,true,6,false,false,true,2,false
1.,Sample,51,7,10.,1,false,true,25,false,false,true,34,false,false,true,5,false
1.,Sample,51,7,10.,2,false,true,30,false,false,true,38,false,false,true,14,false
1.,Sample,51,7,10.,3,false,true,20,false,false,true,17,false,false,true,7,false
1.,Sample,81,7,10.,1,false,true,47,false,false,true,24,false,false,true,27,false
1.,Sample,81,7,10.,2,false,true,43,false,false,true,12,false,false,true,18,false
1.,Sample,81,7,10.,3,false,true,28,false,false,true,22,false,false,true,10,false
1.,Sample,111,7,10.,1,false,true,30,false,false,true,23,false,false,true,6,false
1.,Sample,111,7,10.,2,false,true,42,false,false,true,36,false,false,true,15,false
1.,Sample,111,7,10.,3,false,true,31,false,false,true,81,false,false,true,11,false
1.,Sample,51,9,10.,1,false,true,48,false,true,true,50,true,false,true,48,false
1.,Sample,51,9,10.,2,false,true,34,false,false,true,34,false,false,true,32,false
1.,Sample,51,9,10.,3,false,true,39,false,false,true,25,false,false,true,34,false
1.,Sample,81,9,10.,1,false,true,72,false,false,true,75,false,false,true,65,false
1.,Sample,81,9,10.,2,false,true,49,false,false,true,72,false,false,true,35,false
1.,Sample,81,9,10.,3,false,true,38,false,false,true,67,false,false,true,23,false
1.,Sample,111,9,10.,1,false,true,62,false,false,true,102,false,false,true,55,false
1.,Sample,111,9,10.,2,false,true,57,false,false,true,91,false,false,true,21,false
1.,Sample,111,9,10.,3,false,true,63,false,false,true,88,false,false,true,34,false
1.1,Sample,51,5,10.,1,false,true,21,false,false,true,16,false,false,true,9,false
1.1,Sample,51,5,10.,2,false,true,6,false,false,true,5,false,false,true,2,false
1.1,Sample,51,5,10.,3,false,true,10,false,false,true,2,false,false,true,1,false
1.1,Sample,81,5,10.,1,false,true,14,false,false,true,17,false,false,true,3,false
1.1,Sample,81,5,10.,2,false,true,18,false,false,true,32,false,false,true,3,false
1.1,Sample,81,5,10.,3,false,true,10,false,false,true,21,false,false,true,4,false
1.1,Sample,111,5,10.,1,false,true,24,false,false,true,9,false,false,true,6,false
1.1,Sample,111,5,10.,2,false,true,14,false,false,true,25,false,false,true,5,false
1.1,Sample,111,5,10.,3,false,true,28,false,false,true,37,false,false,true,7,false
1.1,Sample,51,7,10.,1,false,true,22,false,false,true,41,false,false,true,15,false
1.1,Sample,51,7,10.,2,false,true,27,false,false,true,11,false,false,true,9,false
1.1,Sample,51,7,10.,3,false,true,25,false,false,true,36,false,false,true,9,false
1.1,Sample,81,7,10.,1,false,true,27,false,false,true,9,false,false,true,8,false
1.1,Sample,81,7,10.,2,false,true,33,false,false,true,49,false,false,true,14,false
1.1,Sample,81,7,10.,3,false,true,36,false,false,true,20,false,false,true,23,false
1.1,Sample,111,7,10.,1,false,true,44,false,false,true,68,false,false,true,19,false
1.1,Sample,111,7,10.,2,false,true,36,false,false,true,17,false,false,true,11,false
1.1,Sample,111,7,10.,3,false,true,36,false,false,true,46,false,false,true,12,false
1.1,Sample,51,9,10.,1,false,true,46,false,true,true,50,true,false,true,41,false
1.1,Sample,51,9,10.,2,false,true,41,false,false,true,47,false,false,true,29,false
1.1,Sample,51,9,10.,3,false,true,35,false,false,true,48,false,false,true,25,false
1.1,Sample,81,9,10.,1,false,true,24,false,false,true,26,false,false,true,5,false
1.1,Sample,81,9,10.,2,false,true,64,false,false,true,50,false,false,true,45,false
1.1,Sample,81,9,10.,3,false,true,48,false,false,true,78,false,false,true,34,false
1.1,Sample,111,9,10.,1,true,false,94,true,false,true,107,false,false,true,65,false
1.1,Sample,111,9,10.,2,false,true,57,false,false,true,61,false,false,true,39,false
1.1,Sample,111,9,10.,3,false,true,53,false,false,true,31,false,false,true,26,false
1.2,Sample,51,5,10.,1,false,true,14,false,false,true,3,false,false,true,3,false
1.2,Sample,51,5,10.,2,false,true,14,false,false,true,2,false,false,true,2,false
1.2,Sample,51,5,10.,3,false,true,14,false,false,true,19,false,false,true,5,false
1.2,Sample,81,5,10.,1,false,true,15,false,false,true,6,false,false,true,3,false
1.2,Sample,81,5,10.,2,false,true,21,false,false,true,20,false,false,true,10,false
1.2,Sample,81,5,10.,3,false,true,19,false,false,true,14,false,false,true,8,false
1.2,Sample,111,5,10.,1,false,true,20,false,false,true,1,false,false,true,10,false
1.2,Sample,111,5,10.,2,false,true,16,false,false,true,37,false,false,true,4,false
1.2,Sample,111,5,10.,3,false,true,24,false,false,true,22,false,false,true,12,false
1.2,Sample,51,7,10.,1,false,true,31,false,false,true,31,false,false,true,29,false
1.2,Sample,51,7,10.,2,false,true,14,false,false,true,20,false,false,true,7,false
1.2,Sample,51,7,10.,3,false,true,25,false,false,true,39,false,false,true,15,false
1.2,Sample,81,7,10.,1,false,true,31,false,false,true,9,false,false,true,16,false
1.2,Sample,81,7,10.,2,false,true,25,false,false,true,37,false,false,true,13,false
1.2,Sample,81,7,10.,3,false,true,37,false,false,true,70,false,false,true,14,false
1.2,Sample,111,7,10.,1,false,true,34,false,false,true,51,false,false,true,14,false
1.2,Sample,111,7,10.,2,false,true,32,false,false,true,8,false,false,true,7,false
1.2,Sample,111,7,10.,3,false,true,51,false,false,true,64,false,false,true,31,false
1.2,Sample,51,9,10.,1,false,true,37,false,false,true,23,false,false,true,26,false
1.2,Sample,51,9,10.,2,false,true,43,false,false,true,45,false,false,true,28,false
1.2,Sample,51,9,10.,3,false,true,42,false,false,true,37,false,false,true,32,false
1.2,Sample,81,9,10.,1,false,true,66,false,false,true,77,false,false,true,52,false
1.2,Sample,81,9,10.,2,false,true,60,false,false,true,1,false,false,true,32,false
1.2,Sample,81,9,10.,3,false,true,57,false,false,true,70,false,false,true,49,false
1.2,Sample,111,9,10.,1,false,true,55,false,false,true,94,false,false,true,19,false
1.2,Sample,111,9,10.,2,false,true,106,false,false,true,111,false,false,true,94,false
1.2,Sample,111,9,10.,3,false,true,89,false,false,true,109,false,false,true,58,false
1.3,Sample,51,5,10.,1,false,true,15,false,false,true,14,false,false,true,2,false
1.3,Sample,51,5,10.,2,false,true,9,false,false,true,14,false,false,true,4,false
1.3,Sample,51,5,10.,3,false,true,18,false,false,true,5,false,false,true,9,false
1.3,Sample,81,5,10.,1,false,true,9,false,false,true,10,false,false,true,3,false
1.3,Sample,81,5,10.,2,false,true,13,false,false,true,4,false,false,true,4,false
1.3,Sample,81,5,10.,3,false,true,9,false,false,true,2,false,false,true,1,false
1.3,Sample,111,5,10.,1,false,true,29,false,false,true,19,false,false,true,6,false
1.3,Sample,111,5,10.,2,false,true,26,false,false,true,1,false,false,true,7,false
1.3,Sample,111,5,10.,3,false,true,15,false,false,true,9,false,false,true,5,false
1.3,Sample,51,7,10.,1,false,true,33,false,false,true,38,false,false,true,15,false
1.3,Sample,51,7,10.,2,false,true,18,false,false,true,23,false,false,true,8,false
1.3,Sample,51,7,10.,3,false,true,25,false,false,true,36,false,false,true,18,false
1.3,Sample,81,7,10.,1,false,true,46,false,false,true,37,false,false,true,27,false
1.3,Sample,81,7,10.,2,false,true,46,false,false,true,68,false,false,true,27,false
1.3,Sample,81,7,10.,3,false,true,24,false,false,true,1,false,false,true,6,false
1.3,Sample,111,7,10.,1,false,true,43,false,false,true,1,false,false,true,9,false
1.3,Sample,111,7,10.,2,false,true,39,false,false,true,85,false,false,true,7,false
1.3,Sample,111,7,10.,3,false,true,40,false,false,true,9,false,false,true,14,false
1.3,Sample,51,9,10.,1,false,true,43,false,false,true,51,false,false,true,34,false
1.3,Sample,51,9,10.,2,false,true,46,false,false,true,50,false,false,true,44,false
1.3,Sample,51,9,10.,3,false,true,30,false,false,true,47,false,false,true,23,false
1.3,Sample,81,9,10.,1,false,true,42,false,false,true,30,false,false,true,18,false
1.3,Sample,81,9,10.,2,false,true,52,false,false,true,60,false,false,true,36,false
1.3,Sample,81,9,10.,3,false,true,53,false,false,true,55,false,false,true,22,false
1.3,Sample,111,9,10.,1,false,true,78,false,false,true,108,false,false,true,61,false
1.3,Sample,111,9,10.,2,false,true,67,false,false,true,1,false,false,true,33,false
1.3,Sample,111,9,10.,3,false,true,65,false,false,true,63,false,false,true,43,false
1.4,Sample,51,5,10.,1,false,true,15,false,false,true,16,false,false,true,4,false
1.4,Sample,51,5,10.,2,false,true,16,false,false,true,23,false,false,true,8,false
1.4,Sample,51,5,10.,3,false,true,8,false,false,true,6,false,false,true,6,false
1.4,Sample,81,5,10.,1,false,true,21,false,false,true,5,false,false,true,7,false
1.4,Sample,81,5,10.,2,false,true,20,false,false,true,16,false,false,true,7,false
1.4,Sample,81,5,10.,3,false,true,15,false,false,true,7,false,false,true,6,false
1.4,Sample,111,5,10.,1,false,true,20,false,false,true,1,false,false,true,5,false
1.4,Sample,111,5,10.,2,false,true,19,false,false,true,14,false,false,true,1,false
1.4,Sample,111,5,10.,3,false,true,16,false,false,true,6,false,false,true,3,false
1.4,Sample,51,7,10.,1,false,true,17,false,false,true,9,false,false,true,6,false
1.4,Sample,51,7,10.,2,false,true,26,false,false,true,31,false,false,true,12,false
1.4,Sample,51,7,10.,3,false,true,38,false,false,true,18,false,false,true,23,false
1.4,Sample,81,7,10.,1,false,true,25,false,false,true,38,false,false,true,12,false
1.4,Sample,81,7,10.,2,false,true,19,false,false,true,16,false,false,true,4,false
1.4,Sample,81,7,10.,3,false,true,39,false,false,true,1,false,false,true,14,false
1.4,Sample,111,7,10.,1,false,true,33,false,false,true,42,false,false,true,16,false
1.4,Sample,111,7,10.,2,false,true,38,false,false,true,24,false,false,true,11,false
1.4,Sample,111,7,10.,3,false,true,51,false,true,false,93,true,false,true,29,false
1.4,Sample,51,9,10.,1,false,true,37,false,false,true,46,false,false,true,29,false
1.4,Sample,51,9,10.,2,false,true,37,false,false,true,19,false,false,true,21,false
1.4,Sample,51,9,10.,3,false,true,23,false,false,true,27,false,false,true,17,false
1.4,Sample,81,9,10.,1,false,true,61,false,false,true,1,false,false,true,35,false
1.4,Sample,81,9,10.,2,false,true,53,false,false,true,36,false,false,true,26,false
1.4,Sample,81,9,10.,3,false,true,54,false,false,true,41,false,false,true,40,false
1.4,Sample,111,9,10.,1,false,true,72,false,false,true,1,false,false,true,40,false
1.4,Sample,111,9,10.,2,false,true,47,false,false,true,47,false,false,true,18,false
1.4,Sample,111,9,10.,3,false,true,56,false,false,true,59,false,false,true,50,false
0.1,Voter,51,5,10.,1,false,true,7,false,false,true,2,false,false,true,2,false
0.1,Voter,51,5,10.,2,false,true,11,false,false,true,2,false,false,true,4,false
0.1,Voter,51,5,10.,3,false,true,23,false,false,true,17,false,false,true,9,false
0.1,Voter,81,5,10.,1,false,true,17,false,false,true,3,false,false,true,13,false
0.1,Voter,81,5,10.,2,false,true,21,false,false,true,40,false,false,true,17,false
0.1,Voter,81,5,10.,3,false,true,26,false,false,true,7,false,false,true,19,false
0.1,Voter,111,5,10.,1,false,true,18,false,false,true,6,false,false,true,3,false
0.1,Voter,111,5,10.,2,false,true,11,false,false,true,4,false,false,true,4,false
0.1,Voter,111,5,10.,3,false,true,16,false,false,true,6,false,false,true,13,false
0.1,Voter,51,7,10.,1,false,true,20,false,false,true,2,false,false,true,4,false
0.1,Voter,51,7,10.,2,false,true,36,false,false,true,11,false,false,true,21,false
0.1,Voter,51,7,10.,3,true,true,42,true,false,true,6,false,false,true,42,false
0.1,Voter,81,7,10.,1,false,true,32,false,false,true,17,false,false,true,16,false
0.1,Voter,81,7,10.,2,false,true,48,false,false,true,10,false,false,true,32,false
0.1,Voter,81,7,10.,3,false,true,39,false,false,true,16,false,false,true,10,false
0.1,Voter,111,7,10.,1,false,true,59,false,false,true,28,false,false,true,36,false
0.1,Voter,111,7,10.,2,false,true,40,false,false,true,1,false,false,true,8,false
0.1,Voter,111,7,10.,3,false,true,49,false,false,true,1,false,false,true,31,false
0.1,Voter,51,9,10.,1,false,true,45,false,false,true,38,false,false,true,34,false
0.1,Voter,51,9,10.,2,false,true,31,false,false,true,20,false,false,true,13,false
0.1,Voter,51,9,10.,3,false,true,44,false,false,true,7,false,false,true,27,false
0.1,Voter,81,9,10.,1,false,true,70,false,true,true,31,true,false,true,70,false
0.1,Voter,81,9,10.,2,false,true,73,false,false,true,1,false,false,true,65,false
0.1,Voter,81,9,10.,3,false,true,53,false,false,true,27,false,false,true,21,false
0.1,Voter,111,9,10.,1,false,true,76,false,false,true,26,false,false,true,40,false
0.1,Voter,111,9,10.,2,false,true,56,false,false,true,1,false,false,true,28,false
0.1,Voter,111,9,10.,3,false,true,52,false,false,true,6,false,false,true,17,false
0.2,Voter,51,5,10.,1,false,true,17,false,false,true,3,false,false,true,7,false
0.2,Voter,51,5,10.,2,false,true,13,false,false,true,2,false,false,true,10,false
0.2,Voter,51,5,10.,3,false,true,10,false,false,true,2,false,false,true,3,false
0.2,Voter,81,5,10.,1,false,true,11,false,false,true,1,false,false,true,2,false
0.2,Voter,81,5,10.,2,false,true,12,false,false,true,3,false,false,true,3,false
0.2,Voter,81,5,10.,3,false,true,21,false,false,true,1,false,false,true,8,false
0.2,Voter,111,5,10.,1,false,true,17,false,false,true,12,false,false,true,3,false
0.2,Voter,111,5,10.,2,false,true,29,false,false,true,4,false,false,true,4,false
0.2,Voter,111,5,10.,3,false,true,22,false,false,true,2,false,false,true,6,false
0.2,Voter,51,7,10.,1,false,true,31,false,false,true,22,false,false,true,33,false
0.2,Voter,51,7,10.,2,false,true,19,false,false,true,9,false,false,true,16,false
0.2,Voter,51,7,10.,3,false,true,30,false,false,true,9,false,true,true,21,true
0.2,Voter,81,7,10.,1,false,true,13,false,false,true,1,false,false,true,6,false
0.2,Voter,81,7,10.,2,false,true,35,false,false,true,9,false,false,true,26,false
0.2,Voter,81,7,10.,3,false,true,25,false,false,true,1,false,false,true,6,false
0.2,Voter,111,7,10.,1,false,true,41,false,false,true,6,false,false,true,7,false
0.2,Voter,111,7,10.,2,false,true,54,false,false,true,33,false,false,true,46,false
0.2,Voter,111,7,10.,3,false,true,50,false,false,true,52,false,false,true,17,false
0.2,Voter,51,9,10.,1,false,true,34,false,false,true,6,false,false,true,25,false
0.2,Voter,51,9,10.,2,false,true,37,false,false,true,11,false,false,true,16,false
0.2,Voter,51,9,10.,3,false,true,35,false,false,true,9,false,false,true,9,false
0.2,Voter,81,9,10.,1,false,true,66,false,false,true,42,false,false,true,60,false
0.2,Voter,81,9,10.,2,false,true,54,false,false,true,10,false,false,true,38,false
0.2,Voter,81,9,10.,3,false,true,56,false,false,true,14,false,false,true,31,false
0.2,Voter,111,9,10.,1,false,true,78,false,false,true,10,false,false,true,68,false
0.2,Voter,111,9,10.,2,true,false,93,true,false,true,1,false,false,true,86,false
0.2,Voter,111,9,10.,3,false,true,97,false,false,true,71,false,false,true,88,false
0.3,Voter,51,5,10.,1,false,true,16,false,false,true,3,false,false,true,5,false
0.3,Voter,51,5,10.,2,false,true,14,false,false,true,17,false,false,true,15,false
0.3,Voter,51,5,10.,3,false,true,12,false,false,true,3,false,false,true,4,false
0.3,Voter,81,5,10.,1,false,true,12,false,false,true,1,false,false,true,2,false
0.3,Voter,81,5,10.,2,false,true,18,false,false,true,1,false,false,true,6,false
0.3,Voter,81,5,10.,3,false,true,20,false,false,true,6,false,false,true,6,false
0.3,Voter,111,5,10.,1,false,true,31,false,false,true,4,false,false,true,8,false
0.3,Voter,111,5,10.,2,false,true,23,false,false,true,9,false,false,true,16,false
0.3,Voter,111,5,10.,3,false,true,19,false,false,true,2,false,false,true,5,false
0.3,Voter,51,7,10.,1,false,true,21,false,false,true,3,false,false,true,4,false
0.3,Voter,51,7,10.,2,false,true,21,false,false,true,3,false,false,true,13,false
0.3,Voter,51,7,10.,3,false,true,29,false,false,true,3,false,false,true,9,false
0.3,Voter,81,7,10.,1,false,true,27,false,false,true,4,false,false,true,8,false
0.3,Voter,81,7,10.,2,false,true,26,false,false,true,4,false,false,true,10,false
0.3,Voter,81,7,10.,3,false,true,24,false,false,true,2,false,false,true,6,false
0.3,Voter,111,7,10.,1,false,true,55,false,false,true,4,false,false,true,8,false
0.3,Voter,111,7,10.,2,false,true,40,false,false,true,18,false,false,true,10,false
0.3,Voter,111,7,10.,3,false,true,36,false,false,true,1,false,false,true,10,false
0.3,Voter,51,9,10.,1,true,true,49,true,false,true,26,false,false,true,40,false
0.3,Voter,51,9,10.,2,false,true,44,false,false,true,13,false,false,true,30,false
0.3,Voter,51,9,10.,3,true,true,50,true,false,true,43,false,false,true,49,false
0.3,Voter,81,9,10.,1,false,true,70,false,false,true,1,false,false,true,65,false
0.3,Voter,81,9,10.,2,true,true,51,true,false,true,43,false,false,true,31,false
0.3,Voter,81,9,10.,3,false,true,51,false,false,true,14,false,false,true,18,false
0.3,Voter,111,9,10.,1,false,true,87,false,false,true,1,false,false,true,60,false
0.3,Voter,111,9,10.,2,false,true,75,false,false,true,28,false,false,true,59,false
0.3,Voter,111,9,10.,3,false,true,99,false,false,true,88,false,false,true,99,false
0.4,Voter,51,5,10.,1,false,true,12,false,false,true,3,false,false,true,4,false
0.4,Voter,51,5,10.,2,false,true,18,false,false,true,7,false,false,true,13,false
0.4,Voter,51,5,10.,3,false,true,15,false,false,true,2,false,false,true,5,false
0.4,Voter,81,5,10.,1,false,true,20,false,false,true,17,false,false,true,1,false
0.4,Voter,81,5,10.,2,false,true,13,false,false,true,1,false,false,true,5,false
0.4,Voter,81,5,10.,3,false,true,16,false,false,true,1,false,false,true,4,false
0.4,Voter,111,5,10.,1,false,true,17,false,false,true,2,false,false,true,4,false
0.4,Voter,111,5,10.,2,false,true,17,false,false,true,9,false,false,true,3,false
0.4,Voter,111,5,10.,3,false,true,12,false,false,true,6,false,false,true,4,false
0.4,Voter,51,7,10.,1,false,true,33,false,false,true,9,false,false,true,30,false
0.4,Voter,51,7,10.,2,false,true,34,false,false,true,7,false,false,true,17,false
0.4,Voter,51,7,10.,3,false,true,35,false,false,true,46,false,false,true,27,false
0.4,Voter,81,7,10.,1,false,true,54,false,false,true,24,false,false,true,37,false
0.4,Voter,81,7,10.,2,false,true,28,false,true,true,35,true,false,true,12,false
0.4,Voter,81,7,10.,3,false,true,34,false,false,true,17,false,false,true,25,false
0.4,Voter,111,7,10.,1,false,true,34,false,false,true,20,false,false,true,14,false
0.4,Voter,111,7,10.,2,false,true,53,false,false,true,34,false,false,true,33,false
0.4,Voter,111,7,10.,3,false,true,30,false,false,true,2,false,false,true,5,false
0.4,Voter,51,9,10.,1,false,true,40,false,false,true,19,false,false,true,28,false
0.4,Voter,51,9,10.,2,false,true,33,false,false,true,8,false,false,true,19,false
0.4,Voter,51,9,10.,3,false,true,39,false,false,true,22,false,false,true,32,false
0.4,Voter,81,9,10.,1,false,true,43,false,false,true,1,false,false,true,14,false
0.4,Voter,81,9,10.,2,false,true,36,false,false,true,2,false,false,true,7,false
0.4,Voter,81,9,10.,3,false,true,66,false,false,true,73,false,false,true,60,false
0.4,Voter,111,9,10.,1,false,true,51,false,false,true,6,false,false,true,20,false
0.4,Voter,111,9,10.,2,false,true,52,false,false,true,6,false,false,true,13,false
0.4,Voter,111,9,10.,3,false,true,72,false,false,true,60,false,false,true,26,false
0.5,Voter,51,5,10.,1,false,true,11,false,false,true,6,false,false,true,6,false
0.5,Voter,51,5,10.,2,false,true,20,false,false,true,9,false,false,true,3,false
0.5,Voter,51,5,10.,3,false,true,10,false,false,true,4,false,false,true,5,false
0.5,Voter,81,5,10.,1,false,true,24,false,false,true,4,false,false,true,8,false
0.5,Voter,81,5,10.,2,false,true,18,false,false,true,9,false,false,true,6,false
0.5,Voter,81,5,10.,3,false,true,16,false,false,true,6,false,false,true,5,false
0.5,Voter,111,5,10.,1,false,true,9,false,false,true,18,false,false,true,2,false
0.5,Voter,111,5,10.,2,false,true,25,false,false,true,23,false,false,true,4,false
0.5,Voter,111,5,10.,3,false,true,22,false,false,true,1,false,false,true,3,false
0.5,Voter,51,7,10.,1,false,true,28,false,false,true,18,false,false,true,19,false
0.5,Voter,51,7,10.,2,false,true,21,false,false,true,3,false,false,true,18,false
0.5,Voter,51,7,10.,3,false,true,39,false,false,true,9,false,false,true,15,false
0.5,Voter,81,7,10.,1,false,true,31,false,false,true,2,false,false,true,4,false
0.5,Voter,81,7,10.,2,false,true,28,false,false,true,3,false,false,true,7,false
0.5,Voter,81,7,10.,3,false,true,34,false,false,true,1,false,false,true,11,false
0.5,Voter,111,7,10.,1,false,true,67,false,false,true,85,false,false,true,63,false
0.5,Voter,111,7,10.,2,false,true,45,false,false,true,3,false,false,true,10,false
0.5,Voter,111,7,10.,3,false,true,43,false,false,true,1,false,false,true,16,false
0.5,Voter,51,9,10.,1,false,true,44,false,false,true,16,false,false,true,33,false
0.5,Voter,51,9,10.,2,false,true,36,false,false,true,11,false,false,true,28,false
0.5,Voter,51,9,10.,3,false,true,36,false,false,true,8,false,false,true,33,false
0.5,Voter,81,9,10.,1,false,true,43,false,false,true,58,false,false,true,27,false
0.5,Voter,81,9,10.,2,false,true,77,false,false,true,1,false,false,true,67,false
0.5,Voter,81,9,10.,3,false,true,49,false,false,true,33,false,false,true,25,false
0.5,Voter,111,9,10.,1,true,true,77,true,false,true,75,false,false,true,55,false
0.5,Voter,111,9,10.,2,false,true,60,false,false,true,20,false,false,true,24,false
0.5,Voter,111,9,10.,3,false,true,75,false,false,true,100,false,false,true,38,false
0.6,Voter,51,5,10.,1,false,true,12,false,false,true,1,false,false,true,7,false
0.6,Voter,51,5,10.,2,false,true,12,false,false,true,6,false,false,true,9,false
0.6,Voter,51,5,10.,3,false,true,21,false,false,true,1,false,false,true,14,false
0.6,Voter,81,5,10.,1,false,true,30,false,false,true,3,false,false,true,15,false
0.6,Voter,81,5,10.,2,false,true,21,false,false,true,6,false,false,true,12,false
0.6,Voter,81,5,10.,3,false,true,24,false,false,true,4,false,false,true,11,false
0.6,Voter,111,5,10.,1,false,true,10,false,false,true,1,false,false,true,2,false
0.6,Voter,111,5,10.,2,false,true,14,false,false,true,38,false,false,true,2,false
0.6,Voter,111,5,10.,3,false,true,22,false,false,true,9,false,false,true,13,false
0.6,Voter,51,7,10.,1,false,true,28,false,false,true,12,false,false,true,18,false
0.6,Voter,51,7,10.,2,false,true,26,false,false,true,1,false,false,true,19,false
0.6,Voter,51,7,10.,3,false,true,25,false,false,true,1,false,true,true,23,true
0.6,Voter,81,7,10.,1,false,true,36,false,false,true,28,false,false,true,28,false
0.6,Voter,81,7,10.,2,false,true,26,false,false,true,4,false,false,true,7,false
0.6,Voter,81,7,10.,3,false,true,50,false,false,true,21,false,false,true,39,false
0.6,Voter,111,7,10.,1,false,true,41,false,false,true,21,false,false,true,7,false
0.6,Voter,111,7,10.,2,false,true,31,false,false,true,9,false,false,true,7,false
0.6,Voter,111,7,10.,3,false,true,32,false,false,true,27,false,false,true,4,false
0.6,Voter,51,9,10.,1,false,true,29,false,false,true,2,false,false,true,8,false
0.6,Voter,51,9,10.,2,false,true,43,false,false,true,19,false,false,true,31,false
0.6,Voter,51,9,10.,3,false,true,30,false,false,true,4,false,false,true,8,false
0.6,Voter,81,9,10.,1,false,true,56,false,false,true,1,false,false,true,32,false
0.6,Voter,81,9,10.,2,false,true,43,false,false,true,55,false,false,true,21,false
0.6,Voter,81,9,10.,3,false,true,55,false,false,true,1,false,false,true,29,false
0.6,Voter,111,9,10.,1,false,true,65,false,false,true,33,false,false,true,39,false
0.6,Voter,111,9,10.,2,false,true,100,false,false,true,1,false,false,true,77,false
0.6,Voter,111,9,10.,3,false,true,65,false,false,true,19,false,false,true,22,false
0.7,Voter,51,5,10.,1,false,true,6,false,false,true,2,false,false,true,2,false
0.7,Voter,51,5,10.,2,false,true,21,false,false,true,1,false,false,true,6,false
0.7,Voter,51,5,10.,3,false,true,9,false,false,true,2,false,false,true,2,false
0.7,Voter,81,5,10.,1,false,true,18,false,false,true,11,false,false,true,6,false
0.7,Voter,81,5,10.,2,false,true,27,false,false,true,25,false,false,true,23,false
0.7,Voter,81,5,10.,3,false,true,17,false,false,true,4,false,false,true,4,false
0.7,Voter,111,5,10.,1,false,true,18,false,false,true,11,false,false,true,11,false
0.7,Voter,111,5,10.,2,false,true,30,false,false,true,1,false,false,true,9,false
0.7,Voter,111,5,10.,3,false,true,24,false,false,true,23,false,false,true,12,false
0.7,Voter,51,7,10.,1,false,true,28,false,false,true,3,false,false,true,6,false
0.7,Voter,51,7,10.,2,false,true,19,false,false,true,2,false,false,true,5,false
0.7,Voter,51,7,10.,3,false,true,29,false,false,true,24,false,false,true,24,false
0.7,Voter,81,7,10.,1,false,true,40,false,false,true,1,false,false,true,10,false
0.7,Voter,81,7,10.,2,false,true,30,false,false,true,6,false,false,true,12,false
0.7,Voter,81,7,10.,3,false,true,26,false,false,true,10,false,false,true,11,false
0.7,Voter,111,7,10.,1,false,true,52,false,false,true,8,false,false,true,53,false
0.7,Voter,111,7,10.,2,false,true,42,false,false,true,15,false,false,true,8,false
0.7,Voter,111,7,10.,3,false,true,51,false,false,true,4,false,false,true,14,false
0.7,Voter,51,9,10.,1,false,true,35,false,false,true,17,false,false,true,16,false
0.7,Voter,51,9,10.,2,false,true,38,false,false,true,43,false,false,true,20,false
0.7,Voter,51,9,10.,3,true,false,33,true,false,true,11,false,false,true,29,false
0.7,Voter,81,9,10.,1,false,true,47,false,false,true,35,false,false,true,22,false
0.7,Voter,81,9,10.,2,false,true,61,false,false,true,1,false,false,true,30,false
0.7,Voter,81,9,10.,3,false,true,47,false,false,true,25,false,false,true,31,false
0.7,Voter,111,9,10.,1,false,true,93,false,false,true,50,false,false,true,73,false
0.7,Voter,111,9,10.,2,false,true,78,false,false,true,95,false,false,true,73,false
0.7,Voter,111,9,10.,3,false,true,75,false,false,true,14,false,false,true,44,false
0.8,Voter,51,5,10.,1,false,true,26,false,false,true,29,false,false,true,17,false
0.8,Voter,51,5,10.,2,false,true,19,false,false,true,5,false,false,true,13,false
0.8,Voter,51,5,10.,3,false,true,19,false,false,true,17,false,false,true,3,false
0.8,Voter,81,5,10.,1,false,true,17,false,false,true,2,false,false,true,3,false
0.8,Voter,81,5,10.,2,false,true,22,false,false,true,21,false,false,true,20,false
0.8,Voter,81,5,10.,3,false,true,20,false,false,true,2,false,false,true,4,false
0.8,Voter,111,5,10.,1,false,true,24,false,false,true,11,false,false,true,12,false
0.8,Voter,111,5,10.,2,false,true,18,false,false,true,17,false,false,true,3,false
0.8,Voter,111,5,10.,3,false,true,26,false,false,true,9,false,false,true,4,false
0.8,Voter,51,7,10.,1,false,true,22,false,false,true,4,false,false,true,10,false
0.8,Voter,51,7,10.,2,false,true,20,false,false,true,14,false,false,true,15,false
0.8,Voter,51,7,10.,3,false,true,28,false,false,true,35,false,false,true,11,false
0.8,Voter,81,7,10.,1,false,true,40,false,false,true,3,false,false,true,17,false
0.8,Voter,81,7,10.,2,false,true,32,false,false,true,13,false,false,true,17,false
0.8,Voter,81,7,10.,3,false,true,42,false,false,true,14,false,false,true,24,false
0.8,Voter,111,7,10.,1,false,true,56,false,false,true,1,false,false,true,17,false
0.8,Voter,111,7,10.,2,false,true,30,false,false,true,51,false,false,true,10,false
0.8,Voter,111,7,10.,3,false,true,26,false,false,true,1,false,false,true,3,false
0.8,Voter,51,9,10.,1,false,true,39,false,false,true,4,false,false,true,21,false
0.8,Voter,51,9,10.,2,false,true,32,false,false,true,8,false,false,true,15,false
0.8,Voter,51,9,10.,3,false,true,40,false,false,true,23,false,false,true,37,false
0.8,Voter,81,9,10.,1,false,true,75,false,false,true,65,false,false,true,76,false
0.8,Voter,81,9,10.,2,true,true,64,true,false,true,29,false,false,true,62,false
0.8,Voter,81,9,10.,3,false,true,48,false,false,true,15,false,false,true,31,false
0.8,Voter,111,9,10.,1,false,true,52,false,false,true,47,false,false,true,20,false
0.8,Voter,111,9,10.,2,false,true,64,false,false,true,27,false,false,true,35,false
0.8,Voter,111,9,10.,3,true,false,103,true,false,true,81,false,true,true,105,true
0.9,Voter,51,5,10.,1,false,true,19,false,false,true,8,false,false,true,15,false
0.9,Voter,51,5,10.,2,false,true,11,false,false,true,2,false,false,true,2,false
0.9,Voter,51,5,10.,3,false,true,12,false,false,true,2,false,false,true,4,false
0.9,Voter,81,5,10.,1,false,true,16,false,false,true,2,false,false,true,5,false
0.9,Voter,81,5,10.,2,false,true,18,false,false,true,1,false,false,true,10,false
0.9,Voter,81,5,10.,3,false,true,12,false,false,true,22,false,false,true,2,false
0.9,Voter,111,5,10.,1,false,true,29,false,false,true,18,false,false,true,3,false
0.9,Voter,111,5,10.,2,false,true,16,false,false,true,3,false,false,true,6,false
0.9,Voter,111,5,10.,3,false,true,19,false,false,true,1,false,false,true,7,false
0.9,Voter,51,7,10.,1,false,true,20,false,false,true,4,false,false,true,9,false
0.9,Voter,51,7,10.,2,false,true,19,false,false,true,7,false,false,true,20,false
0.9,Voter,51,7,10.,3,false,true,38,false,false,true,20,false,false,true,24,false
0.9,Voter,81,7,10.,1,false,true,18,false,false,true,1,false,false,true,4,false
0.9,Voter,81,7,10.,2,false,true,34,false,false,true,7,false,false,true,18,false
0.9,Voter,81,7,10.,3,false,true,16,false,false,true,2,false,false,true,3,false
0.9,Voter,111,7,10.,1,false,true,63,false,false,true,33,false,false,true,55,false
0.9,Voter,111,7,10.,2,false,true,25,false,false,true,17,false,false,true,4,false
0.9,Voter,111,7,10.,3,false,true,35,false,false,true,31,false,false,true,18,false
0.9,Voter,51,9,10.,1,true,true,45,true,false,true,32,false,false,true,43,false
0.9,Voter,51,9,10.,2,false,true,44,false,false,true,27,false,false,true,34,false
0.9,Voter,51,9,10.,3,false,true,50,false,false,true,28,false,false,true,34,false
0.9,Voter,81,9,10.,1,false,true,63,false,false,true,61,false,false,true,27,false
0.9,Voter,81,9,10.,2,false,true,41,false,false,true,5,false,false,true,9,false
0.9,Voter,81,9,10.,3,false,true,73,false,false,true,33,false,false,true,61,false
0.9,Voter,111,9,10.,1,false,true,51,false,false,true,13,false,false,true,10,false
0.9,Voter,111,9,10.,2,false,true,92,false,false,true,104,false,false,true,93,false
0.9,Voter,111,9,10.,3,false,true,49,false,false,true,13,false,false,true,13,false
1.,Voter,51,5,10.,1,false,true,15,false,false,true,4,false,false,true,6,false
1.,Voter,51,5,10.,2,false,true,17,false,false,true,17,false,false,true,4,false
1.,Voter,51,5,10.,3,false,true,14,false,false,true,9,false,false,true,4,false
1.,Voter,81,5,10.,1,false,true,11,false,false,true,17,false,false,true,1,false
1.,Voter,81,5,10.,2,false,true,18,false,false,true,5,false,false,true,4,false
1.,Voter,81,5,10.,3,false,true,31,false,false,true,7,false,false,true,20,false
1.,Voter,111,5,10.,1,false,true,13,false,false,true,17,false,false,true,6,false
1.,Voter,111,5,10.,2,false,true,15,false,false,true,24,false,false,true,3,false
1.,Voter,111,5,10.,3,false,true,25,false,false,true,3,false,false,true,15,false
1.,Voter,51,7,10.,1,false,true,28,false,false,true,16,false,false,true,21,false
1.,Voter,51,7,10.,2,false,true,39,false,false,true,34,false,false,true,35,false
1.,Voter,51,7,10.,3,false,true,15,false,false,true,1,false,false,true,3,false
1.,Voter,81,7,10.,1,false,true,30,false,false,true,1,false,false,true,7,false
1.,Voter,81,7,10.,2,true,false,59,true,false,true,29,false,false,true,52,false
1.,Voter,81,7,10.,3,false,true,39,false,false,true,31,false,false,true,19,false
1.,Voter,111,7,10.,1,false,true,32,false,false,true,7,false,false,true,8,false
1.,Voter,111,7,10.,2,false,true,36,false,false,true,7,false,false,true,23,false
1.,Voter,111,7,10.,3,false,true,44,false,false,true,4,false,false,true,6,false
1.,Voter,51,9,10.,1,false,true,34,false,false,true,35,false,false,true,14,false
1.,Voter,51,9,10.,2,false,true,37,false,false,true,9,false,false,true,23,false
1.,Voter,51,9,10.,3,false,true,36,false,false,true,8,false,false,true,18,false
1.,Voter,81,9,10.,1,false,true,58,false,false,true,61,false,false,true,48,false
1.,Voter,81,9,10.,2,false,true,46,false,false,true,7,false,false,true,20,false
1.,Voter,81,9,10.,3,false,true,75,false,false,true,51,false,false,true,69,false
1.,Voter,111,9,10.,1,false,true,70,false,false,true,62,false,false,true,30,false
1.,Voter,111,9,10.,2,false,true,75,false,false,true,69,false,false,true,56,false
1.,Voter,111,9,10.,3,false,true,54,false,false,true,12,false,false,true,31,false
1.1,Voter,51,5,10.,1,false,true,11,false,false,true,2,false,false,true,2,false
1.1,Voter,51,5,10.,2,false,true,11,false,false,true,2,false,false,true,2,false
1.1,Voter,51,5,10.,3,false,true,18,false,false,true,4,false,false,true,17,false
1.1,Voter,81,5,10.,1,false,true,7,false,false,true,15,false,false,true,2,false
1.1,Voter,81,5,10.,2,false,true,19,false,false,true,9,false,false,true,7,false
1.1,Voter,81,5,10.,3,false,true,18,false,false,true,6,false,false,true,7,false
1.1,Voter,111,5,10.,1,false,true,25,false,false,true,21,false,false,true,15,false
1.1,Voter,111,5,10.,2,false,true,24,false,false,true,4,false,false,true,16,false
1.1,Voter,111,5,10.,3,false,true,24,false,false,true,40,false,false,true,21,false
1.1,Voter,51,7,10.,1,false,true,34,false,false,true,26,false,false,true,36,false
1.1,Voter,51,7,10.,2,false,true,18,false,true,true,36,true,false,true,14,false
1.1,Voter,51,7,10.,3,false,true,22,false,false,true,3,false,false,true,4,false
1.1,Voter,81,7,10.,1,false,true,32,false,false,true,7,false,false,true,6,false
1.1,Voter,81,7,10.,2,false,true,29,false,false,true,8,false,false,true,9,false
1.1,Voter,81,7,10.,3,false,true,29,false,false,true,5,false,false,true,16,false
1.1,Voter,111,7,10.,1,false,true,38,false,false,true,32,false,false,true,8,false
1.1,Voter,111,7,10.,2,false,true,31,false,false,true,5,false,false,true,6,false
1.1,Voter,111,7,10.,3,false,true,26,false,false,true,2,false,false,true,7,false
1.1,Voter,51,9,10.,1,false,true,43,false,false,true,37,false,false,true,29,false
1.1,Voter,51,9,10.,2,false,true,36,false,false,true,31,false,false,true,37,false
1.1,Voter,51,9,10.,3,false,true,43,false,true,true,38,true,false,true,31,false
1.1,Voter,81,9,10.,1,false,true,54,false,false,true,50,false,false,true,27,false
1.1,Voter,81,9,10.,2,false,true,71,false,false,true,1,false,false,true,65,false
1.1,Voter,81,9,10.,3,false,true,47,false,false,true,49,false,false,true,13,false
1.1,Voter,111,9,10.,1,false,true,75,false,false,true,78,false,false,true,56,false
1.1,Voter,111,9,10.,2,false,true,61,false,false,true,30,false,false,true,36,false
1.1,Voter,111,9,10.,3,false,true,79,false,false,true,11,false,false,true,51,false
1.2,Voter,51,5,10.,1,false,true,18,false,false,true,1,false,false,true,12,false
1.2,Voter,51,5,10.,2,false,true,15,false,false,true,11,false,false,true,3,false
1.2,Voter,51,5,10.,3,false,true,13,false,false,true,14,false,false,true,5,false
1.2,Voter,81,5,10.,1,false,true,17,false,false,true,2,false,false,true,6,false
1.2,Voter,81,5,10.,2,false,true,10,false,false,true,2,false,false,true,3,false
1.2,Voter,81,5,10.,3,false,true,18,false,false,true,5,false,false,true,5,false
1.2,Voter,111,5,10.,1,false,true,20,false,false,true,10,false,false,true,13,false
1.2,Voter,111,5,10.,2,false,true,21,false,false,true,22,false,false,true,4,false
1.2,Voter,111,5,10.,3,false,true,24,false,false,true,2,false,false,true,10,false
1.2,Voter,51,7,10.,1,false,true,18,false,false,true,6,false,false,true,3,false
1.2,Voter,51,7,10.,2,false,true,38,false,false,true,38,false,false,true,26,false
1.2,Voter,51,7,10.,3,false,true,25,false,false,true,12,false,false,true,21,false
1.2,Voter,81,7,10.,1,false,true,40,false,false,true,41,false,false,true,24,false
1.2,Voter,81,7,10.,2,false,true,51,false,false,true,46,false,false,true,42,false
1.2,Voter,81,7,10.,3,false,true,51,false,false,true,6,false,false,true,30,false
1.2,Voter,111,7,10.,1,false,true,26,false,false,true,40,false,false,true,3,false
1.2,Voter,111,7,10.,2,false,true,60,false,false,true,9,false,false,true,31,false
1.2,Voter,111,7,10.,3,false,true,41,false,false,true,3,false,false,true,6,false
1.2,Voter,51,9,10.,1,false,true,37,false,false,true,32,false,false,true,32,false
1.2,Voter,51,9,10.,2,false,true,40,false,false,true,48,false,false,true,32,false
1.2,Voter,51,9,10.,3,false,true,31,false,false,true,27,false,false,true,21,false
1.2,Voter,81,9,10.,1,false,true,66,false,false,true,35,false,false,true,46,false
1.2,Voter,81,9,10.,2,false,true,69,false,false,true,45,false,false,true,50,false
1.2,Voter,81,9,10.,3,false,true,58,false,false,true,48,false,false,true,43,false
1.2,Voter,111,9,10.,1,false,true,74,false,false,true,41,false,false,true,57,false
1.2,Voter,111,9,10.,2,false,true,69,false,false,true,17,false,false,true,51,false
1.2,Voter,111,9,10.,3,false,true,60,false,false,true,17,false,false,true,23,false
1.3,Voter,51,5,10.,1,false,true,7,false,false,true,15,false,false,true,3,false
1.3,Voter,51,5,10.,2,false,true,21,false,false,true,5,false,false,true,23,false
1.3,Voter,51,5,10.,3,false,true,13,false,false,true,3,false,false,true,2,false
1.3,Voter,81,5,10.,1,false,true,8,false,false,true,3,false,false,true,2,false
1.3,Voter,81,5,10.,2,false,true,15,false,false,true,19,false,false,true,3,false
1.3,Voter,81,5,10.,3,false,true,19,false,false,true,6,false,false,true,6,false
1.3,Voter,111,5,10.,1,false,true,21,false,false,true,9,false,false,true,5,false
1.3,Voter,111,5,10.,2,false,true,29,false,false,true,1,false,false,true,21,false
1.3,Voter,111,5,10.,3,false,true,17,false,false,true,13,false,false,true,2,false
1.3,Voter,51,7,10.,1,false,true,38,false,false,true,29,false,false,true,30,false
1.3,Voter,51,7,10.,2,false,true,22,false,false,true,3,false,false,true,10,false
1.3,Voter,51,7,10.,3,false,true,31,false,false,true,7,false,false,true,19,false
1.3,Voter,81,7,10.,1,false,true,32,false,false,true,42,false,false,true,7,false
1.3,Voter,81,7,10.,2,false,true,62,false,false,true,71,false,false,true,63,false
1.3,Voter,81,7,10.,3,false,true,29,false,false,true,4,false,false,true,12,false
1.3,Voter,111,7,10.,1,false,true,31,false,false,true,4,false,false,true,6,false
1.3,Voter,111,7,10.,2,false,true,52,false,false,true,10,false,false,true,27,false
1.3,Voter,111,7,10.,3,false,true,27,false,false,true,19,false,false,true,13,false
1.3,Voter,51,9,10.,1,false,true,47,false,false,true,15,false,false,true,33,false
1.3,Voter,51,9,10.,2,false,true,40,false,false,true,47,false,false,true,15,false
1.3,Voter,51,9,10.,3,false,true,39,false,false,true,27,false,false,true,29,false
1.3,Voter,81,9,10.,1,true,true,59,true,false,true,1,false,false,true,35,false
1.3,Voter,81,9,10.,2,false,true,66,false,false,true,1,false,false,true,42,false
1.3,Voter,81,9,10.,3,false,true,45,false,false,true,26,false,false,true,22,false
1.3,Voter,111,9,10.,1,false,true,85,false,false,true,1,false,true,false,68,true
1.3,Voter,111,9,10.,2,false,true,75,false,false,true,14,false,false,true,54,false
1.3,Voter,111,9,10.,3,false,true,71,false,false,true,51,false,false,true,35,false
1.4,Voter,51,5,10.,1,false,true,11,false,false,true,3,false,false,true,5,false
1.4,Voter,51,5,10.,2,false,true,8,false,false,true,2,false,false,true,2,false
1.4,Voter,51,5,10.,3,false,true,13,false,false,true,6,false,false,true,5,false
1.4,Voter,81,5,10.,1,false,true,17,false,false,true,1,false,false,true,5,false
1.4,Voter,81,5,10.,2,false,true,18,false,false,true,5,false,false,true,5,false
1.4,Voter,81,5,10.,3,false,true,23,false,false,true,22,false,false,true,2,false
1.4,Voter,111,5,10.,1,false,true,27,false,false,true,30,false,false,true,20,false
1.4,Voter,111,5,10.,2,false,true,20,false,false,true,29,false,false,true,17,false
1.4,Voter,111,5,10.,3,false,true,22,false,false,true,3,false,false,true,5,false
1.4,Voter,51,7,10.,1,false,true,28,false,false,true,7,false,false,true,22,false
1.4,Voter,51,7,10.,2,false,true,29,false,false,true,1,false,false,true,12,false
1.4,Voter,51,7,10.,3,false,true,22,false,false,true,3,false,false,true,5,false
1.4,Voter,81,7,10.,1,false,true,54,false,false,true,27,false,false,true,41,false
1.4,Voter,81,7,10.,2,false,true,40,false,false,true,4,false,false,true,7,false
1.4,Voter,81,7,10.,3,false,true,35,false,false,true,6,false,false,true,10,false
1.4,Voter,111,7,10.,1,false,true,47,false,false,true,42,false,false,true,23,false
1.4,Voter,111,7,10.,2,false,true,66,false,false,true,15,false,false,true,52,false
1.4,Voter,111,7,10.,3,false,true,40,false,false,true,5,false,false,true,13,false
1.4,Voter,51,9,10.,1,false,true,32,false,false,true,1,false,false,true,15,false
1.4,Voter,51,9,10.,2,false,true,47,false,false,true,32,false,false,true,40,false
1.4,Voter,51,9,10.,3,true,true,40,true,false,true,25,false,false,true,25,false
1.4,Voter,81,9,10.,1,false,true,61,false,false,true,26,false,false,true,56,false
1.4,Voter,81,9,10.,2,false,true,66,false,false,true,1,false,false,true,50,false
1.4,Voter,81,9,10.,3,false,true,56,false,false,true,11,false,false,true,35,false
1.4,Voter,111,9,10.,1,false,true,82,false,false,true,99,false,false,true,51,false
1.4,Voter,111,9,10.,2,false,true,91,false,false,true,46,false,false,true,88,false
1.4,Voter,111,9,10.,3,false,true,46,false,false,true,20,false,false,true,15,false
0.1,Random,51,5,50.,1,false,true,35,false,false,true,29,false,false,true,35,false
0.1,Random,51,5,50.,2,false,true,36,false,false,true,25,false,false,true,38,false
0.1,Random,51,5,50.,3,false,true,34,false,false,true,1,false,false,true,35,false
0.1,Random,81,5,50.,1,false,true,54,false,false,true,1,false,false,true,53,false
0.1,Random,81,5,50.,2,false,true,46,false,false,true,1,false,false,true,53,false
0.1,Random,81,5,50.,3,false,true,57,false,false,true,1,false,false,true,59,false
0.1,Random,111,5,50.,1,false,true,64,false,false,true,58,false,false,true,62,false
0.1,Random,111,5,50.,2,false,true,59,false,false,true,1,false,false,true,62,false
0.1,Random,111,5,50.,3,false,true,68,false,false,true,26,false,false,true,58,false
0.1,Random,51,7,50.,1,false,true,50,false,false,true,43,false,false,true,49,false
0.1,Random,51,7,50.,2,false,true,50,false,false,true,50,false,true,true,50,true
0.1,Random,51,7,50.,3,true,false,49,true,false,true,47,false,false,true,50,false
0.1,Random,81,7,50.,1,false,true,78,false,false,true,51,false,false,true,78,false
0.1,Random,81,7,50.,2,false,true,80,false,false,true,1,false,true,true,81,true
0.1,Random,81,7,50.,3,false,true,80,false,false,true,78,false,false,true,79,false
0.1,Random,111,7,50.,1,false,true,108,false,false,true,95,false,false,true,108,false
0.1,Random,111,7,50.,2,false,true,103,false,false,true,67,false,false,true,101,false
0.1,Random,111,7,50.,3,false,true,111,false,false,true,101,false,false,true,110,false
0.1,Random,51,9,50.,1,false,true,51,false,false,true,50,false,false,true,51,false
0.1,Random,51,9,50.,2,false,true,51,false,false,true,48,false,false,true,51,false
0.1,Random,51,9,50.,3,false,true,51,false,false,true,51,false,false,true,51,false
0.1,Random,81,9,50.,1,true,true,81,true,false,true,1,false,false,true,81,false
0.1,Random,81,9,50.,2,false,true,81,false,false,true,1,false,false,true,81,false
0.1,Random,81,9,50.,3,true,true,81,true,false,true,78,false,false,true,80,false
0.1,Random,111,9,50.,1,false,true,111,false,false,true,1,false,false,true,111,false
0.1,Random,111,9,50.,2,false,true,111,false,true,true,105,true,false,true,111,false
0.1,Random,111,9,50.,3,true,true,111,true,false,true,110,false,false,true,111,false
0.2,Random,51,5,50.,1,false,true,37,false,false,true,19,false,false,true,35,false
0.2,Random,51,5,50.,2,false,true,34,false,false,true,11,false,false,true,35,false
0.2,Random,51,5,50.,3,false,true,32,false,false,true,1,false,false,true,33,false
0.2,Random,81,5,50.,1,false,true,51,false,false,true,1,false,false,true,45,false
0.2,Random,81,5,50.,2,false,true,47,false,false,true,23,false,true,false,48,true
0.2,Random,81,5,50.,3,false,true,61,false,true,false,50,true,false,true,63,false
0.2,Random,111,5,50.,1,false,true,59,false,false,true,1,false,false,true,58,false
0.2,Random,111,5,50.,2,false,true,60,false,false,true,18,false,false,true,61,false
0.2,Random,111,5,50.,3,false,true,58,false,false,true,26,false,false,true,61,false
0.2,Random,51,7,50.,1,false,true,50,false,false,true,50,false,false,true,51,false
0.2,Random,51,7,50.,2,true,true,51,true,false,true,50,false,false,true,51,false
0.2,Random,51,7,50.,3,false,true,51,false,false,true,49,false,false,true,50,false
0.2,Random,81,7,50.,1,false,true,78,false,false,true,66,false,false,true,77,false
0.2,Random,81,7,50.,2,false,true,77,false,false,true,55,false,false,true,80,false
0.2,Random,81,7,50.,3,true,true,80,true,false,true,77,false,false,true,80,false
0.2,Random,111,7,50.,1,false,true,110,false,false,true,102,false,false,true,110,false
0.2,Random,111,7,50.,2,true,false,109,true,false,true,96,false,true,false,110,true
0.2,Random,111,7,50.,3,false,true,109,false,true,true,100,true,false,true,109,false
0.2,Random,51,9,50.,1,true,true,51,true,false,true,51,false,true,true,51,true
0.2,Random,51,9,50.,2,false,true,51,false,false,true,51,false,false,true,51,false
0.2,Random,51,9,50.,3,false,true,51,false,false,true,50,false,false,true,51,false
0.2,Random,81,9,50.,1,false,true,81,false,false,true,80,false,false,true,81,false
0.2,Random,81,9,50.,2,false,true,81,false,false,true,81,false,false,true,81,false
0.2,Random,81,9,50.,3,true,true,81,true,false,true,75,false,true,true,81,true
0.2,Random,111,9,50.,1,true,true,111,true,true,true,111,true,false,true,111,false
0.2,Random,111,9,50.,2,false,true,111,false,false,true,1,false,false,true,111,false
0.2,Random,111,9,50.,3,false,true,111,false,false,true,1,false,false,true,111,false
0.3,Random,51,5,50.,1,false,true,33,false,false,true,1,false,false,true,37,false
0.3,Random,51,5,50.,2,false,true,30,false,false,true,15,false,false,true,35,false
0.3,Random,51,5,50.,3,false,true,36,false,false,true,14,false,false,true,35,false
0.3,Random,81,5,50.,1,false,true,45,false,false,true,1,false,false,true,44,false
0.3,Random,81,5,50.,2,false,true,47,false,false,true,35,false,false,true,52,false
0.3,Random,81,5,50.,3,false,true,55,false,false,true,1,false,false,true,58,false
0.3,Random,111,5,50.,1,false,true,58,false,false,true,1,false,false,true,60,false
0.3,Random,111,5,50.,2,false,true,49,false,false,true,1,false,false,true,59,false
0.3,Random,111,5,50.,3,false,true,54,false,false,true,45,false,false,true,54,false
0.3,Random,51,7,50.,1,true,true,51,true,false,true,49,false,false,true,51,false
0.3,Random,51,7,50.,2,false,true,50,false,false,true,49,false,false,true,50,false
0.3,Random,51,7,50.,3,false,true,51,false,false,true,50,false,false,true,50,false
0.3,Random,81,7,50.,1,false,true,81,false,false,true,1,false,false,true,79,false
0.3,Random,81,7,50.,2,false,true,79,false,false,true,74,false,false,true,80,false
0.3,Random,81,7,50.,3,false,true,79,false,false,true,63,false,true,true,80,true
0.3,Random,111,7,50.,1,false,true,109,false,false,true,90,false,false,true,107,false
0.3,Random,111,7,50.,2,false,true,101,false,false,true,69,false,true,true,107,true
0.3,Random,111,7,50.,3,true,true,105,true,false,true,100,false,false,true,109,false
0.3,Random,51,9,50.,1,false,true,51,false,false,true,51,false,true,false,51,true
0.3,Random,51,9,50.,2,true,true,51,true,false,true,50,false,true,true,51,true
0.3,Random,51,9,50.,3,true,true,51,true,true,true,51,true,false,true,51,false
0.3,Random,81,9,50.,1,false,true,81,false,true,true,80,true,true,true,81,true
0.3,Random,81,9,50.,2,true,false,80,true,false,true,1,false,false,true,81,false
0.3,Random,81,9,50.,3,false,true,81,false,false,true,76,false,false,true,81,false
0.3,Random,111,9,50.,1,false,true,111,false,false,true,1,false,true,true,111,true
0.3,Random,111,9,50.,2,true,true,111,true,true,true,110,true,false,true,111,false
0.3,Random,111,9,50.,3,false,true,111,false,false,true,1,false,false,true,111,false
0.4,Random,51,5,50.,1,false,true,36,false,false,true,12,false,false,true,40,false
0.4,Random,51,5,50.,2,true,true,37,true,false,true,32,false,false,true,33,false
0.4,Random,51,5,50.,3,false,true,39,false,false,true,15,false,false,true,38,false
0.4,Random,81,5,50.,1,false,true,49,false,false,true,25,false,false,true,42,false
0.4,Random,81,5,50.,2,false,true,52,false,false,true,32,false,false,true,49,false
0.4,Random,81,5,50.,3,false,true,54,false,false,true,1,false,false,true,52,false
0.4,Random,111,5,50.,1,false,true,62,false,false,true,1,false,false,true,67,false
0.4,Random,111,5,50.,2,false,true,62,false,false,true,1,false,false,true,56,false
0.4,Random,111,5,50.,3,false,true,57,false,false,true,1,false,false,true,63,false
0.4,Random,51,7,50.,1,false,true,50,false,false,true,51,false,true,true,51,true
0.4,Random,51,7,50.,2,false,true,50,false,false,true,34,false,false,true,51,false
0.4,Random,51,7,50.,3,false,true,51,false,false,true,40,false,false,true,51,false
0.4,Random,81,7,50.,1,false,true,81,false,false,true,75,false,false,true,80,false
0.4,Random,81,7,50.,2,false,true,79,false,false,true,70,false,false,true,77,false
0.4,Random,81,7,50.,3,false,true,78,false,false,true,70,false,false,true,78,false
0.4,Random,111,7,50.,1,false,true,102,false,false,true,33,false,false,true,103,false
0.4,Random,111,7,50.,2,false,true,108,false,false,true,96,false,false,true,107,false
0.4,Random,111,7,50.,3,false,true,107,false,false,true,1,false,false,true,107,false
0.4,Random,51,9,50.,1,false,true,51,false,false,true,49,false,false,true,51,false
0.4,Random,51,9,50.,2,false,true,51,false,false,true,51,false,true,true,51,true
0.4,Random,51,9,50.,3,false,true,51,false,false,true,51,false,true,false,51,true
0.4,Random,81,9,50.,1,true,true,81,true,false,true,80,false,false,true,81,false
0.4,Random,81,9,50.,2,false,true,81,false,false,true,79,false,true,true,80,true
0.4,Random,81,9,50.,3,true,true,81,true,false,true,79,false,true,true,81,true
0.4,Random,111,9,50.,1,false,true,111,false,false,true,1,false,false,true,110,false
0.4,Random,111,9,50.,2,true,true,111,true,true,true,110,true,true,true,111,true
0.4,Random,111,9,50.,3,false,true,111,false,false,true,110,false,false,true,111,false
0.5,Random,51,5,50.,1,false,true,36,false,false,true,1,false,false,true,41,false
0.5,Random,51,5,50.,2,false,true,31,false,false,true,16,false,false,true,30,false
0.5,Random,51,5,50.,3,false,true,36,false,false,true,10,false,false,true,34,false
0.5,Random,81,5,50.,1,false,true,49,false,false,true,27,false,false,true,45,false
0.5,Random,81,5,50.,2,false,true,47,false,false,true,16,false,false,true,45,false
0.5,Random,81,5,50.,3,false,true,57,false,false,true,1,false,false,true,47,false
0.5,Random,111,5,50.,1,false,true,47,false,true,false,55,true,false,true,44,false
0.5,Random,111,5,50.,2,true,true,65,true,false,true,1,false,false,true,69,false
0.5,Random,111,5,50.,3,false,true,62,false,false,true,33,false,false,true,57,false
0.5,Random,51,7,50.,1,false,true,49,false,false,true,1,false,false,true,50,false
0.5,Random,51,7,50.,2,false,true,49,false,false,true,41,false,false,true,51,false
0.5,Random,51,7,50.,3,false,true,50,false,false,true,44,false,false,true,51,false
0.5,Random,81,7,50.,1,false,true,81,false,false,true,79,false,false,true,81,false
0.5,Random,81,7,50.,2,false,true,80,false,false,true,1,false,false,true,77,false
0.5,Random,81,7,50.,3,false,true,79,false,false,true,1,false,false,true,79,false
0.5,Random,111,7,50.,1,false,true,105,false,false,true,1,false,false,true,108,false
0.5,Random,111,7,50.,2,false,true,108,false,true,false,110,true,false,true,107,false
0.5,Random,111,7,50.,3,true,true,108,true,false,true,88,false,true,false,108,true
0.5,Random,51,9,50.,1,true,true,51,true,false,true,51,false,true,true,51,true
0.5,Random,51,9,50.,2,false,true,50,false,true,true,51,true,true,true,51,true
0.5,Random,51,9,50.,3,true,true,51,true,false,true,51,false,true,true,51,true
0.5,Random,81,9,50.,1,false,true,81,false,false,true,78,false,false,true,81,false
0.5,Random,81,9,50.,2,false,true,81,false,true,false,81,true,false,true,81,false
0.5,Random,81,9,50.,3,true,true,81,true,false,true,81,false,true,true,81,true
0.5,Random,111,9,50.,1,false,true,111,false,false,true,1,false,false,true,111,false
0.5,Random,111,9,50.,2,false,true,110,false,false,true,111,false,true,true,111,true
0.5,Random,111,9,50.,3,false,true,111,false,false,true,110,false,false,true,111,false
0.6,Random,51,5,50.,1,false,true,38,false,false,true,21,false,false,true,35,false
0.6,Random,51,5,50.,2,false,true,39,false,false,true,31,false,false,true,39,false
0.6,Random,51,5,50.,3,false,true,38,false,true,false,35,true,true,false,35,true
0.6,Random,81,5,50.,1,false,true,47,false,false,true,1,false,false,true,52,false
0.6,Random,81,5,50.,2,false,true,51,false,false,true,16,false,false,true,55,false
0.6,Random,81,5,50.,3,false,true,51,false,false,true,37,false,false,true,48,false
0.6,Random,111,5,50.,1,false,true,62,false,false,true,20,false,false,true,54,false
0.6,Random,111,5,50.,2,false,true,54,false,false,true,22,false,true,true,62,true
0.6,Random,111,5,50.,3,false,true,64,false,false,true,35,false,false,true,59,false
0.6,Random,51,7,50.,1,true,false,50,true,false,true,50,false,true,true,49,true
0.6,Random,51,7,50.,2,false,true,50,false,false,true,45,false,false,true,50,false
0.6,Random,51,7,50.,3,false,true,50,false,false,true,1,false,false,true,50,false
0.6,Random,81,7,50.,1,false,true,80,false,false,true,79,false,false,true,79,false
0.6,Random,81,7,50.,2,false,true,81,false,false,true,78,false,false,true,78,false
0.6,Random,81,7,50.,3,false,true,79,false,false,true,72,false,false,true,79,false
0.6,Random,111,7,50.,1,true,true,108,true,false,true,62,false,false,true,108,false
0.6,Random,111,7,50.,2,false,true,103,false,false,true,63,false,false,true,108,false
0.6,Random,111,7,50.,3,false,true,108,false,false,true,104,false,false,true,109,false
0.6,Random,51,9,50.,1,false,true,51,false,false,true,51,false,false,true,51,false
0.6,Random,51,9,50.,2,false,true,51,false,false,true,51,false,true,false,51,true
0.6,Random,51,9,50.,3,false,true,51,false,false,true,50,false,false,true,51,false
0.6,Random,81,9,50.,1,false,true,81,false,false,true,81,false,true,false,81,true
0.6,Random,81,9,50.,2,true,true,81,true,false,true,1,false,false,true,81,false
0.6,Random,81,9,50.,3,false,true,81,false,false,true,81,false,false,true,81,false
0.6,Random,111,9,50.,1,false,true,111,false,false,true,109,false,false,true,111,false
0.6,Random,111,9,50.,2,true,true,111,true,false,true,111,false,false,true,111,false
0.6,Random,111,9,50.,3,true,true,111,true,false,true,106,false,true,false,111,true
0.7,Random,51,5,50.,1,false,true,41,false,false,true,29,false,false,true,39,false
0.7,Random,51,5,50.,2,false,true,36,false,false,true,23,false,false,true,45,false
0.7,Random,51,5,50.,3,true,false,40,true,false,true,27,false,false,true,37,false
0.7,Random,81,5,50.,1,false,true,53,false,false,true,48,false,false,true,44,false
0.7,Random,81,5,50.,2,false,true,48,false,false,true,54,false,false,true,52,false
0.7,Random,81,5,50.,3,false,true,55,false,false,true,1,false,false,true,53,false
0.7,Random,111,5,50.,1,false,true,57,false,false,true,21,false,false,true,41,false
0.7,Random,111,5,50.,2,false,true,62,false,false,true,26,false,false,true,62,false
0.7,Random,111,5,50.,3,false,true,67,false,false,true,1,false,false,true,65,false
0.7,Random,51,7,50.,1,true,true,51,true,false,true,47,false,false,true,51,false
0.7,Random,51,7,50.,2,false,true,51,false,true,true,48,true,false,true,51,false
0.7,Random,51,7,50.,3,true,true,51,true,false,true,48,false,true,true,50,true
0.7,Random,81,7,50.,1,false,true,81,false,false,true,66,false,false,true,80,false
0.7,Random,81,7,50.,2,false,true,78,false,false,true,1,false,false,true,80,false
0.7,Random,81,7,50.,3,false,true,76,false,false,true,64,false,false,true,80,false
0.7,Random,111,7,50.,1,false,true,107,false,false,true,93,false,false,true,108,false
0.7,Random,111,7,50.,2,false,true,110,false,false,true,93,false,false,true,110,false
0.7,Random,111,7,50.,3,false,true,107,false,false,true,1,false,false,true,104,false
0.7,Random,51,9,50.,1,true,true,51,true,false,true,50,false,true,true,51,true
0.7,Random,51,9,50.,2,true,false,51,true,false,true,51,false,true,true,51,true
0.7,Random,51,9,50.,3,true,true,51,true,false,true,51,false,true,true,51,true
0.7,Random,81,9,50.,1,false,true,81,false,false,true,1,false,true,true,81,true
0.7,Random,81,9,50.,2,false,true,81,false,false,true,1,false,false,true,81,false
0.7,Random,81,9,50.,3,true,true,81,true,false,true,80,false,false,true,81,false
0.7,Random,111,9,50.,1,true,true,111,true,false,true,1,false,true,true,111,true
0.7,Random,111,9,50.,2,false,true,111,false,false,true,111,false,false,true,111,false
0.7,Random,111,9,50.,3,false,true,110,false,false,true,1,false,false,true,111,false
0.8,Random,51,5,50.,1,false,true,41,false,false,true,28,false,false,true,40,false
0.8,Random,51,5,50.,2,false,true,35,false,false,true,1,false,true,false,36,true
0.8,Random,51,5,50.,3,true,true,45,true,false,true,34,false,true,true,41,true
0.8,Random,81,5,50.,1,false,true,45,false,false,true,20,false,false,true,44,false
0.8,Random,81,5,50.,2,false,true,52,false,false,true,1,false,false,true,59,false
0.8,Random,81,5,50.,3,false,true,47,false,false,true,1,false,false,true,54,false
0.8,Random,111,5,50.,1,false,true,46,false,false,true,49,false,false,true,42,false
0.8,Random,111,5,50.,2,false,true,68,false,false,true,1,false,false,true,66,false
0.8,Random,111,5,50.,3,false,true,62,false,false,true,1,false,false,true,67,false
0.8,Random,51,7,50.,1,false,true,49,false,false,true,47,false,false,true,51,false
0.8,Random,51,7,50.,2,true,true,51,true,false,true,46,false,false,true,50,false
0.8,Random,51,7,50.,3,false,true,47,false,false,true,38,false,false,true,49,false
0.8,Random,81,7,50.,1,false,true,80,false,true,true,80,true,false,true,80,false
0.8,Random,81,7,50.,2,false,true,77,false,false,true,1,false,false,true,75,false
0.8,Random,81,7,50.,3,true,true,77,true,false,true,68,false,true,true,77,true
0.8,Random,111,7,50.,1,false,true,110,false,false,true,106,false,false,true,110,false
0.8,Random,111,7,50.,2,true,true,110,true,true,false,97,true,false,true,107,false
0.8,Random,111,7,50.,3,false,true,108,false,false,true,87,false,false,true,110,false
0.8,Random,51,9,50.,1,true,true,51,true,false,true,51,false,false,true,51,false
0.8,Random,51,9,50.,2,false,true,51,false,false,true,1,false,false,true,51,false
0.8,Random,51,9,50.,3,true,true,51,true,false,true,51,false,false,true,51,false
0.8,Random,81,9,50.,1,true,true,81,true,true,true,81,true,true,true,81,true
0.8,Random,81,9,50.,2,false,true,81,false,false,true,1,false,false,true,81,false
0.8,Random,81,9,50.,3,true,true,81,true,true,true,81,true,true,true,81,true
0.8,Random,111,9,50.,1,false,true,111,false,true,false,107,true,false,true,111,false
0.8,Random,111,9,50.,2,false,true,111,false,false,true,108,false,false,true,111,false
0.8,Random,111,9,50.,3,false,true,111,false,false,true,110,false,false,true,111,false
0.9,Random,51,5,50.,1,false,true,32,false,false,true,21,false,false,true,35,false
0.9,Random,51,5,50.,2,true,true,40,true,false,true,1,false,false,true,36,false
0.9,Random,51,5,50.,3,false,true,33,false,false,true,5,false,false,true,35,false
0.9,Random,81,5,50.,1,false,true,51,false,false,true,45,false,false,true,38,false
0.9,Random,81,5,50.,2,false,true,54,false,false,true,21,false,false,true,50,false
0.9,Random,81,5,50.,3,false,true,46,false,false,true,1,false,false,true,45,false
0.9,Random,111,5,50.,1,false,true,72,false,false,true,1,false,false,true,73,false
0.9,Random,111,5,50.,2,false,true,67,false,false,true,38,false,false,true,72,false
0.9,Random,111,5,50.,3,false,true,66,false,false,true,42,false,true,false,70,true
0.9,Random,51,7,50.,1,false,true,51,false,false,true,47,false,false,true,51,false
0.9,Random,51,7,50.,2,false,true,48,false,true,false,47,true,false,true,47,false
0.9,Random,51,7,50.,3,false,true,51,false,false,true,42,false,false,true,48,false
0.9,Random,81,7,50.,1,false,true,78,false,false,true,61,false,true,true,81,true
0.9,Random,81,7,50.,2,true,true,79,true,false,true,1,false,true,true,81,true
0.9,Random,81,7,50.,3,false,true,80,false,false,true,1,false,false,true,80,false
0.9,Random,111,7,50.,1,false,true,105,false,false,true,89,false,false,true,109,false
0.9,Random,111,7,50.,2,false,true,108,false,false,true,1,false,false,true,109,false
0.9,Random,111,7,50.,3,false,true,106,false,false,true,1,false,true,true,103,true
0.9,Random,51,9,50.,1,false,true,51,false,false,true,51,false,false,true,51,false
0.9,Random,51,9,50.,2,false,true,51,false,false,true,51,false,false,true,51,false
0.9,Random,51,9,50.,3,true,true,51,true,false,true,51,false,true,true,51,true
0.9,Random,81,9,50.,1,false,true,81,false,false,true,1,false,false,true,81,false
0.9,Random,81,9,50.,2,false,true,80,false,false,true,81,false,false,true,81,false
0.9,Random,81,9,50.,3,false,true,81,false,false,true,81,false,false,true,81,false
0.9,Random,111,9,50.,1,false,true,111,false,true,true,111,true,false,true,109,false
0.9,Random,111,9,50.,2,false,true,111,false,true,true,109,true,false,true,111,false
0.9,Random,111,9,50.,3,true,true,111,true,true,true,111,true,false,true,111,false
1.,Random,51,5,50.,1,false,true,42,false,false,true,20,false,false,true,40,false
1.,Random,51,5,50.,2,true,true,38,true,false,true,1,false,true,false,42,true
1.,Random,51,5,50.,3,false,true,33,false,false,true,22,false,false,true,31,false
1.,Random,81,5,50.,1,false,true,52,false,false,true,1,false,false,true,58,false
1.,Random,81,5,50.,2,false,true,44,false,false,true,1,false,false,true,43,false
1.,Random,81,5,50.,3,false,true,53,false,true,true,47,true,true,false,56,true
1.,Random,111,5,50.,1,false,true,48,false,false,true,1,false,false,true,53,false
1.,Random,111,5,50.,2,false,true,55,false,false,true,20,false,false,true,57,false
1.,Random,111,5,50.,3,false,true,65,false,false,true,42,false,false,true,62,false
1.,Random,51,7,50.,1,false,true,50,false,false,true,46,false,true,true,50,true
1.,Random,51,7,50.,2,false,true,49,false,false,true,48,false,false,true,50,false
1.,Random,51,7,50.,3,false,true,51,false,false,true,44,false,false,true,50,false
1.,Random,81,7,50.,1,false,true,78,false,false,true,1,false,true,false,77,true
1.,Random,81,7,50.,2,false,true,79,false,true,true,79,true,false,true,79,false
1.,Random,81,7,50.,3,false,true,78,false,false,true,66,false,false,true,81,false
1.,Random,111,7,50.,1,false,true,108,false,false,true,88,false,false,true,104,false
1.,Random,111,7,50.,2,true,true,105,true,false,true,1,false,false,true,105,false
1.,Random,111,7,50.,3,false,true,110,false,false,true,1,false,false,true,107,false
1.,Random,51,9,50.,1,false,true,51,false,false,true,50,false,false,true,51,false
1.,Random,51,9,50.,2,true,true,51,true,true,true,50,true,true,true,51,true
1.,Random,51,9,50.,3,true,true,51,true,false,true,51,false,false,true,51,false
1.,Random,81,9,50.,1,true,true,80,true,false,true,1,false,false,true,81,false
1.,Random,81,9,50.,2,false,true,81,false,true,true,81,true,false,true,81,false
1.,Random,81,9,50.,3,true,true,81,true,false,true,79,false,false,true,81,false
1.,Random,111,9,50.,1,false,true,110,false,false,true,111,false,true,false,111,true
1.,Random,111,9,50.,2,false,true,111,false,false,true,111,false,false,true,111,false
1.,Random,111,9,50.,3,false,true,111,false,false,true,111,false,false,true,111,false
1.1,Random,51,5,50.,1,false,true,36,false,false,true,14,false,false,true,37,false
1.1,Random,51,5,50.,2,false,true,34,false,false,true,21,false,false,true,42,false
1.1,Random,51,5,50.,3,false,true,36,false,false,true,26,false,false,true,40,false
1.1,Random,81,5,50.,1,true,false,49,true,false,true,1,false,false,true,55,false
1.1,Random,81,5,50.,2,false,true,41,false,false,true,27,false,false,true,46,false
1.1,Random,81,5,50.,3,false,true,55,false,false,true,25,false,false,true,55,false
1.1,Random,111,5,50.,1,false,true,58,false,true,false,56,true,false,true,61,false
1.1,Random,111,5,50.,2,false,true,58,false,false,true,16,false,false,true,60,false
1.1,Random,111,5,50.,3,false,true,60,false,false,true,1,false,false,true,58,false
1.1,Random,51,7,50.,1,true,true,51,true,false,true,51,false,true,true,48,true
1.1,Random,51,7,50.,2,false,true,49,false,false,true,44,false,false,true,50,false
1.1,Random,51,7,50.,3,false,true,49,false,false,true,45,false,false,true,51,false
1.1,Random,81,7,50.,1,false,true,78,false,false,true,1,false,true,true,77,true
1.1,Random,81,7,50.,2,false,true,79,false,false,true,80,false,false,true,81,false
1.1,Random,81,7,50.,3,false,true,80,false,false,true,1,false,false,true,80,false
1.1,Random,111,7,50.,1,false,true,107,false,false,true,93,false,true,true,111,true
1.1,Random,111,7,50.,2,false,true,103,false,false,true,72,false,false,true,108,false
1.1,Random,111,7,50.,3,false,true,108,false,false,true,102,false,false,true,109,false
1.1,Random,51,9,50.,1,false,true,51,false,false,true,51,false,false,true,51,false
1.1,Random,51,9,50.,2,false,true,51,false,false,true,51,false,true,true,51,true
1.1,Random,51,9,50.,3,true,true,51,true,false,true,51,false,false,true,51,false
1.1,Random,81,9,50.,1,true,true,81,true,false,true,1,false,true,true,81,true
1.1,Random,81,9,50.,2,true,false,81,true,false,true,77,false,true,false,81,true
1.1,Random,81,9,50.,3,false,true,81,false,false,true,80,false,true,true,81,true
1.1,Random,111,9,50.,1,false,true,111,false,false,true,109,false,false,true,111,false
1.1,Random,111,9,50.,2,false,true,111,false,true,false,110,true,false,true,111,false
1.1,Random,111,9,50.,3,false,true,111,false,false,true,111,false,false,true,111,false
1.2,Random,51,5,50.,1,false,true,38,false,false,true,28,false,false,true,36,false
1.2,Random,51,5,50.,2,false,true,37,false,false,true,37,false,false,true,44,false
1.2,Random,51,5,50.,3,false,true,42,false,false,true,1,false,false,true,33,false
1.2,Random,81,5,50.,1,false,true,45,false,false,true,49,false,false,true,45,false
1.2,Random,81,5,50.,2,false,true,52,false,false,true,28,false,false,true,55,false
1.2,Random,81,5,50.,3,false,true,51,false,false,true,20,false,false,true,48,false
1.2,Random,111,5,50.,1,true,true,69,true,false,true,38,false,false,true,68,false
1.2,Random,111,5,50.,2,false,true,66,false,false,true,45,false,false,true,61,false
1.2,Random,111,5,50.,3,false,true,59,false,false,true,48,false,false,true,60,false
1.2,Random,51,7,50.,1,true,true,50,true,false,true,49,false,true,true,51,true
1.2,Random,51,7,50.,2,false,true,49,false,false,true,34,false,false,true,49,false
1.2,Random,51,7,50.,3,false,true,51,false,false,true,43,false,false,true,49,false
1.2,Random,81,7,50.,1,false,true,76,false,false,true,1,false,false,true,78,false
1.2,Random,81,7,50.,2,false,true,78,false,false,true,62,false,false,true,81,false
1.2,Random,81,7,50.,3,false,true,80,false,false,true,76,false,false,true,80,false
1.2,Random,111,7,50.,1,false,true,108,false,false,true,102,false,true,true,110,true
1.2,Random,111,7,50.,2,false,true,109,false,false,true,1,false,false,true,110,false
1.2,Random,111,7,50.,3,false,true,106,false,false,true,53,false,false,true,111,false
1.2,Random,51,9,50.,1,false,true,51,false,false,true,51,false,false,true,51,false
1.2,Random,51,9,50.,2,true,true,51,true,false,true,49,false,true,true,51,true
1.2,Random,51,9,50.,3,true,true,51,true,false,true,51,false,false,true,51,false
1.2,Random,81,9,50.,1,true,true,81,true,false,true,80,false,true,true,80,true
1.2,Random,81,9,50.,2,false,true,81,false,false,true,79,false,true,true,81,true
1.2,Random,81,9,50.,3,false,true,81,false,false,true,1,false,false,true,81,false
1.2,Random,111,9,50.,1,false,true,110,false,false,true,110,false,false,true,111,false
1.2,Random,111,9,50.,2,false,true,111,false,false,true,109,false,false,true,111,false
1.2,Random,111,9,50.,3,true,true,111,true,true,true,111,true,false,true,111,false
1.3,Random,51,5,50.,1,false,true,39,false,false,true,26,false,false,true,40,false
1.3,Random,51,5,50.,2,true,true,39,true,false,true,27,false,false,true,40,false
1.3,Random,51,5,50.,3,false,true,36,false,false,true,18,false,false,true,32,false
1.3,Random,81,5,50.,1,false,true,47,false,false,true,20,false,false,true,56,false
1.3,Random,81,5,50.,2,false,true,54,false,false,true,24,false,false,true,54,false
1.3,Random,81,5,50.,3,false,true,53,false,false,true,36,false,false,true,59,false
1.3,Random,111,5,50.,1,false,true,55,false,false,true,23,false,false,true,63,false
1.3,Random,111,5,50.,2,false,true,53,false,false,true,40,false,false,true,51,false
1.3,Random,111,5,50.,3,false,true,45,false,false,true,11,false,false,true,46,false
1.3,Random,51,7,50.,1,false,true,49,false,false,true,42,false,false,true,49,false
1.3,Random,51,7,50.,2,true,true,51,true,false,true,49,false,true,false,51,true
1.3,Random,51,7,50.,3,false,true,49,false,false,true,48,false,false,true,51,false
1.3,Random,81,7,50.,1,true,false,80,true,false,true,1,false,false,true,80,false
1.3,Random,81,7,50.,2,false,true,77,false,false,true,73,false,false,true,77,false
1.3,Random,81,7,50.,3,false,true,76,false,false,true,76,false,true,true,79,true
1.3,Random,111,7,50.,1,false,true,109,false,false,true,85,false,false,true,104,false
1.3,Random,111,7,50.,2,false,true,110,false,false,true,90,false,true,false,105,true
1.3,Random,111,7,50.,3,true,true,108,true,true,true,88,true,false,true,108,false
1.3,Random,51,9,50.,1,false,true,51,false,false,true,51,false,false,true,51,false
1.3,Random,51,9,50.,2,true,true,51,true,false,true,50,false,false,true,51,false
1.3,Random,51,9,50.,3,false,true,51,false,false,true,51,false,false,true,51,false
1.3,Random,81,9,50.,1,false,true,81,false,false,true,79,false,false,true,81,false
1.3,Random,81,9,50.,2,true,true,81,true,false,true,81,false,false,true,81,false
1.3,Random,81,9,50.,3,true,true,81,true,false,true,1,false,false,true,81,false
1.3,Random,111,9,50.,1,false,true,111,false,false,true,110,false,false,true,111,false
1.3,Random,111,9,50.,2,true,true,111,true,false,true,1,false,false,true,111,false
1.3,Random,111,9,50.,3,true,true,111,true,false,true,107,false,false,true,111,false
1.4,Random,51,5,50.,1,false,true,38,false,false,true,23,false,false,true,37,false
1.4,Random,51,5,50.,2,false,true,31,false,false,true,6,false,false,true,26,false
1.4,Random,51,5,50.,3,false,true,36,false,false,true,20,false,false,true,37,false
1.4,Random,81,5,50.,1,false,true,55,false,false,true,52,false,false,true,55,false
1.4,Random,81,5,50.,2,false,true,55,false,false,true,45,false,false,true,51,false
1.4,Random,81,5,50.,3,false,true,57,false,false,true,33,false,false,true,53,false
1.4,Random,111,5,50.,1,false,true,65,false,false,true,43,false,false,true,69,false
1.4,Random,111,5,50.,2,false,true,61,false,false,true,59,false,false,true,64,false
1.4,Random,111,5,50.,3,false,true,65,false,false,true,71,false,true,true,67,true
1.4,Random,51,7,50.,1,false,true,51,false,false,true,1,false,false,true,50,false
1.4,Random,51,7,50.,2,false,true,51,false,false,true,49,false,false,true,51,false
1.4,Random,51,7,50.,3,false,true,50,false,false,true,39,false,true,true,50,true
1.4,Random,81,7,50.,1,false,true,80,false,false,true,80,false,false,true,79,false
1.4,Random,81,7,50.,2,false,true,80,false,false,true,79,false,false,true,78,false
1.4,Random,81,7,50.,3,false,true,79,false,true,true,69,true,false,true,80,false
1.4,Random,111,7,50.,1,false,true,107,false,false,true,93,false,false,true,109,false
1.4,Random,111,7,50.,2,false,true,108,false,false,true,106,false,true,true,109,true
1.4,Random,111,7,50.,3,false,true,101,false,true,false,109,true,false,true,107,false
1.4,Random,51,9,50.,1,false,true,51,false,false,true,51,false,false,true,51,false
1.4,Random,51,9,50.,2,false,true,51,false,false,true,51,false,true,true,51,true
1.4,Random,51,9,50.,3,false,true,51,false,false,true,50,false,true,true,51,true
1.4,Random,81,9,50.,1,false,true,81,false,false,true,80,false,false,true,81,false
1.4,Random,81,9,50.,2,false,true,81,false,false,true,79,false,false,true,81,false
1.4,Random,81,9,50.,3,false,true,81,false,false,true,5,false,false,true,81,false
1.4,Random,111,9,50.,1,false,true,111,false,false,true,111,false,false,true,111,false
1.4,Random,111,9,50.,2,false,true,111,false,true,false,111,true,false,true,111,false
1.4,Random,111,9,50.,3,false,true,110,false,false,true,111,false,false,true,111,false
0.1,Sample,51,5,50.,1,false,true,17,false,false,true,1,false,false,true,6,false
0.1,Sample,51,5,50.,2,false,true,13,false,false,true,7,false,false,true,4,false
0.1,Sample,51,5,50.,3,false,true,17,false,false,true,7,false,false,true,5,false
0.1,Sample,81,5,50.,1,false,true,23,false,false,true,4,false,false,true,9,false
0.1,Sample,81,5,50.,2,false,true,16,false,false,true,1,false,false,true,2,false
0.1,Sample,81,5,50.,3,false,true,11,false,false,true,1,false,false,true,2,false
0.1,Sample,111,5,50.,1,false,true,27,false,false,true,44,false,false,true,8,false
0.1,Sample,111,5,50.,2,false,true,30,false,false,true,33,false,false,true,17,false
0.1,Sample,111,5,50.,3,false,true,20,false,false,true,1,false,false,true,5,false
0.1,Sample,51,7,50.,1,false,true,35,false,false,true,33,false,false,true,25,false
0.1,Sample,51,7,50.,2,false,true,21,false,false,true,6,false,false,true,10,false
0.1,Sample,51,7,50.,3,false,true,21,false,false,true,16,false,false,true,8,false
0.1,Sample,81,7,50.,1,false,true,29,false,false,true,1,false,false,true,10,false
0.1,Sample,81,7,50.,2,false,true,40,false,false,true,23,false,false,true,9,false
0.1,Sample,81,7,50.,3,false,true,30,false,false,true,1,false,false,true,11,false
0.1,Sample,111,7,50.,1,false,true,22,false,false,true,1,false,false,true,6,false
0.1,Sample,111,7,50.,2,false,true,26,false,false,true,1,false,false,true,6,false
0.1,Sample,111,7,50.,3,false,true,35,false,false,true,7,false,false,true,9,false
0.1,Sample,51,9,50.,1,false,true,27,false,false,true,32,false,false,true,19,false
0.1,Sample,51,9,50.,2,false,true,22,false,false,true,14,false,false,true,8,false
0.1,Sample,51,9,50.,3,false,true,28,false,false,true,47,false,false,true,16,false
0.1,Sample,81,9,50.,1,false,true,37,false,false,true,1,false,false,true,21,false
0.1,Sample,81,9,50.,2,true,true,52,true,false,true,64,false,false,true,32,false
0.1,Sample,81,9,50.,3,false,true,36,false,false,true,25,false,false,true,9,false
0.1,Sample,111,9,50.,1,false,true,67,false,false,true,97,false,false,true,35,false
0.1,Sample,111,9,50.,2,false,true,86,false,false,true,75,false,false,true,53,false
0.1,Sample,111,9,50.,3,false,true,88,false,false,true,85,false,false,true,81,false
0.2,Sample,51,5,50.,1,false,true,11,false,false,true,17,false,false,true,4,false
0.2,Sample,51,5,50.,2,false,true,16,false,true,true,13,true,false,true,11,false
0.2,Sample,51,5,50.,3,false,true,14,false,false,true,4,false,false,true,4,false
0.2,Sample,81,5,50.,1,false,true,17,false,false,true,25,false,false,true,7,false
0.2,Sample,81,5,50.,2,false,true,12,false,false,true,5,false,false,true,4,false
0.2,Sample,81,5,50.,3,false,true,24,false,false,true,6,false,false,true,7,false
0.2,Sample,111,5,50.,1,false,true,13,false,false,true,1,false,false,true,2,false
0.2,Sample,111,5,50.,2,false,true,30,false,false,true,17,false,false,true,14,false
0.2,Sample,111,5,50.,3,false,true,34,false,false,true,1,false,false,true,9,false
0.2,Sample,51,7,50.,1,false,true,19,false,false,true,31,false,false,true,6,false
0.2,Sample,51,7,50.,2,false,true,26,false,false,true,6,false,false,true,19,false
0.2,Sample,51,7,50.,3,false,true,28,false,false,true,1,false,false,true,13,false
0.2,Sample,81,7,50.,1,false,true,31,false,false,true,17,false,false,true,8,false
0.2,Sample,81,7,50.,2,false,true,33,false,false,true,39,false,false,true,17,false
0.2,Sample,81,7,50.,3,false,true,30,false,false,true,1,false,false,true,11,false
0.2,Sample,111,7,50.,1,false,true,70,false,true,false,95,true,false,true,47,false
0.2,Sample,111,7,50.,2,false,true,38,false,false,true,31,false,false,true,16,false
0.2,Sample,111,7,50.,3,false,true,33,false,false,true,12,false,false,true,9,false
0.2,Sample,51,9,50.,1,false,true,40,false,false,true,1,false,false,true,26,false
0.2,Sample,51,9,50.,2,false,true,44,false,false,true,49,false,false,true,33,false
0.2,Sample,51,9,50.,3,false,true,39,false,false,true,39,false,false,true,32,false
0.2,Sample,81,9,50.,1,false,true,43,false,false,true,29,false,false,true,14,false
0.2,Sample,81,9,50.,2,false,true,35,false,false,true,20,false,false,true,15,false
0.2,Sample,81,9,50.,3,false,true,32,false,true,true,63,true,false,true,17,false
0.2,Sample,111,9,50.,1,false,true,75,false,false,true,1,false,false,true,52,false
0.2,Sample,111,9,50.,2,false,true,54,false,false,true,100,false,false,true,26,false
0.2,Sample,111,9,50.,3,false,true,91,false,false,true,82,false,false,true,83,false
0.3,Sample,51,5,50.,1,false,true,18,false,false,true,15,false,false,true,7,false
0.3,Sample,51,5,50.,2,false,true,14,false,false,true,6,false,false,true,5,false
0.3,Sample,51,5,50.,3,false,true,14,false,false,true,14,false,false,true,6,false
0.3,Sample,81,5,50.,1,false,true,19,false,false,true,1,false,false,true,5,false
0.3,Sample,81,5,50.,2,false,true,9,false,false,true,11,false,false,true,6,false
0.3,Sample,81,5,50.,3,false,true,16,false,false,true,3,false,false,true,2,false
0.3,Sample,111,5,50.,1,false,true,24,false,false,true,17,false,false,true,21,false
0.3,Sample,111,5,50.,2,false,true,18,false,false,true,1,false,false,true,3,false
0.3,Sample,111,5,50.,3,false,true,21,false,false,true,6,false,false,true,6,false
0.3,Sample,51,7,50.,1,false,true,22,false,false,true,45,false,false,true,10,false
0.3,Sample,51,7,50.,2,false,true,38,false,false,true,16,false,false,true,28,false
0.3,Sample,51,7,50.,3,false,true,27,false,false,true,37,false,false,true,21,false
0.3,Sample,81,7,50.,1,false,true,14,false,false,true,8,false,false,true,3,false
0.3,Sample,81,7,50.,2,false,true,45,false,false,true,1,false,false,true,18,false
0.3,Sample,81,7,50.,3,false,true,20,false,false,true,14,false,false,true,6,false
0.3,Sample,111,7,50.,1,false,true,31,false,false,true,62,false,false,true,7,false
0.3,Sample,111,7,50.,2,false,true,31,false,false,true,15,false,false,true,10,false
0.3,Sample,111,7,50.,3,false,true,27,false,false,true,41,false,false,true,8,false
0.3,Sample,51,9,50.,1,false,true,44,false,false,true,33,false,false,true,43,false
0.3,Sample,51,9,50.,2,false,true,45,false,false,true,43,false,false,true,35,false
0.3,Sample,51,9,50.,3,false,true,35,false,false,true,37,false,false,true,21,false
0.3,Sample,81,9,50.,1,false,true,45,false,false,true,1,false,false,true,20,false
0.3,Sample,81,9,50.,2,false,true,29,false,false,true,51,false,false,true,10,false
0.3,Sample,81,9,50.,3,false,true,52,false,false,true,67,false,false,true,33,false
0.3,Sample,111,9,50.,1,false,true,56,false,false,true,53,false,false,true,36,false
0.3,Sample,111,9,50.,2,false,true,72,false,false,true,66,false,false,true,63,false
0.3,Sample,111,9,50.,3,false,true,60,false,true,true,87,true,false,true,30,false
0.4,Sample,51,5,50.,1,false,true,9,false,false,true,7,false,false,true,3,false
0.4,Sample,51,5,50.,2,false,true,16,false,false,true,15,false,false,true,11,false
0.4,Sample,51,5,50.,3,false,true,14,false,false,true,6,false,false,true,7,false
0.4,Sample,81,5,50.,1,false,true,13,false,false,true,3,false,false,true,2,false
0.4,Sample,81,5,50.,2,false,true,14,false,false,true,1,false,false,true,3,false
0.4,Sample,81,5,50.,3,false,true,14,false,false,true,1,false,false,true,5,false
0.4,Sample,111,5,50.,1,false,true,20,false,false,true,6,false,false,true,2,false
0.4,Sample,111,5,50.,2,false,true,16,false,false,true,18,false,false,true,1,false
0.4,Sample,111,5,50.,3,false,true,20,false,false,true,4,false,false,true,3,false
0.4,Sample,51,7,50.,1,false,true,23,false,false,true,26,false,false,true,5,false
0.4,Sample,51,7,50.,2,false,true,22,false,false,true,34,false,false,true,8,false
0.4,Sample,51,7,50.,3,false,true,15,false,false,true,17,false,false,true,3,false
0.4,Sample,81,7,50.,1,false,true,44,false,false,true,40,false,false,true,24,false
0.4,Sample,81,7,50.,2,false,true,21,false,false,true,63,false,false,true,4,false
0.4,Sample,81,7,50.,3,false,true,32,false,false,true,1,false,false,true,14,false
0.4,Sample,111,7,50.,1,false,true,21,false,false,true,22,false,false,true,6,false
0.4,Sample,111,7,50.,2,false,true,29,false,false,true,33,false,false,true,12,false
0.4,Sample,111,7,50.,3,false,true,36,false,false,true,1,false,false,true,19,false
0.4,Sample,51,9,50.,1,false,true,50,false,false,true,49,false,false,true,51,false
0.4,Sample,51,9,50.,2,false,true,41,false,false,true,23,false,false,true,23,false
0.4,Sample,51,9,50.,3,false,true,24,false,false,true,30,false,false,true,12,false
0.4,Sample,81,9,50.,1,false,true,70,false,false,true,73,false,false,true,49,false
0.4,Sample,81,9,50.,2,false,true,75,false,false,true,1,false,false,true,75,false
0.4,Sample,81,9,50.,3,false,true,59,false,false,true,1,false,false,true,50,false
0.4,Sample,111,9,50.,1,false,true,49,false,false,true,95,false,false,true,28,false
0.4,Sample,111,9,50.,2,false,true,70,false,false,true,49,false,false,true,46,false
0.4,Sample,111,9,50.,3,false,true,90,false,false,true,85,false,false,true,79,false
0.5,Sample,51,5,50.,1,false,true,10,false,false,true,16,false,false,true,3,false
0.5,Sample,51,5,50.,2,false,true,7,false,false,true,2,false,false,true,2,false
0.5,Sample,51,5,50.,3,false,true,13,false,false,true,4,false,false,true,3,false
0.5,Sample,81,5,50.,1,false,true,18,false,false,true,23,false,false,true,3,false
0.5,Sample,81,5,50.,2,false,true,16,false,false,true,1,false,false,true,4,false
0.5,Sample,81,5,50.,3,false,true,14,false,false,true,24,false,false,true,5,false
0.5,Sample,111,5,50.,1,false,true,9,false,false,true,1,false,false,true,1,false
0.5,Sample,111,5,50.,2,false,true,29,false,false,true,1,false,false,true,9,false
0.5,Sample,111,5,50.,3,false,true,17,false,false,true,6,false,false,true,2,false
0.5,Sample,51,7,50.,1,false,true,23,false,false,true,34,false,false,true,12,false
0.5,Sample,51,7,50.,2,false,true,39,false,false,true,47,false,false,true,30,false
0.5,Sample,51,7,50.,3,false,true,36,false,false,true,41,false,false,true,24,false
0.5,Sample,81,7,50.,1,false,true,27,false,false,true,44,false,false,true,6,false
0.5,Sample,81,7,50.,2,false,true,30,false,true,true,59,true,false,true,5,false
0.5,Sample,81,7,50.,3,false,true,24,false,false,true,1,false,false,true,8,false
0.5,Sample,111,7,50.,1,false,true,28,false,false,true,1,false,false,true,8,false
0.5,Sample,111,7,50.,2,false,true,37,false,false,true,33,false,false,true,14,false
0.5,Sample,111,7,50.,3,false,true,57,false,false,true,1,false,false,true,29,false
0.5,Sample,51,9,50.,1,true,true,49,true,false,true,47,false,false,true,49,false
0.5,Sample,51,9,50.,2,false,true,42,false,false,true,44,false,false,true,33,false
0.5,Sample,51,9,50.,3,false,true,19,false,false,true,1,false,false,true,5,false
0.5,Sample,81,9,50.,1,false,true,49,false,false,true,1,false,false,true,32,false
0.5,Sample,81,9,50.,2,false,true,39,false,false,true,1,false,false,true,16,false
0.5,Sample,81,9,50.,3,false,true,60,false,false,true,61,false,false,true,49,false
0.5,Sample,111,9,50.,1,false,true,52,false,false,true,37,false,false,true,20,false
0.5,Sample,111,9,50.,2,false,true,83,false,true,true,101,true,false,true,55,false
0.5,Sample,111,9,50.,3,false,true,63,false,false,true,1,false,false,true,36,false
0.6,Sample,51,5,50.,1,false,true,13,false,false,true,4,false,false,true,3,false
0.6,Sample,51,5,50.,2,false,true,12,false,false,true,18,false,false,true,3,false
0.6,Sample,51,5,50.,3,false,true,10,false,false,true,1,false,false,true,2,false
0.6,Sample,81,5,50.,1,false,true,19,false,false,true,1,false,false,true,6,false
0.6,Sample,81,5,50.,2,false,true,16,false,false,true,1,false,false,true,4,false
0.6,Sample,81,5,50.,3,false,true,28,false,false,true,7,false,false,true,14,false
0.6,Sample,111,5,50.,1,false,true,19,false,false,true,6,false,false,true,4,false
0.6,Sample,111,5,50.,2,false,true,15,false,false,true,1,false,false,true,5,false
0.6,Sample,111,5,50.,3,false,true,17,false,false,true,45,false,false,true,4,false
0.6,Sample,51,7,50.,1,false,true,26,false,false,true,7,false,false,true,8,false
0.6,Sample,51,7,50.,2,false,true,24,false,true,true,22,true,false,true,15,false
0.6,Sample,51,7,50.,3,false,true,17,false,false,true,9,false,false,true,9,false
0.6,Sample,81,7,50.,1,false,true,28,false,false,true,14,false,false,true,12,false
0.6,Sample,81,7,50.,2,false,true,53,false,false,true,1,false,false,true,33,false
0.6,Sample,81,7,50.,3,false,true,33,false,false,true,21,false,false,true,17,false
0.6,Sample,111,7,50.,1,false,true,44,false,false,true,1,false,false,true,8,false
0.6,Sample,111,7,50.,2,false,true,52,false,false,true,70,false,false,true,34,false
0.6,Sample,111,7,50.,3,false,true,81,false,false,true,1,false,false,true,50,false
0.6,Sample,51,9,50.,1,false,true,37,false,false,true,1,false,false,true,20,false
0.6,Sample,51,9,50.,2,false,true,34,false,false,true,40,false,false,true,22,false
0.6,Sample,51,9,50.,3,false,true,45,false,false,true,45,false,false,true,29,false
0.6,Sample,81,9,50.,1,false,true,64,false,false,true,46,false,false,true,43,false
0.6,Sample,81,9,50.,2,false,true,46,false,false,true,55,false,false,true,28,false
0.6,Sample,81,9,50.,3,false,true,81,false,false,true,1,false,false,true,80,false
0.6,Sample,111,9,50.,1,false,true,67,false,false,true,66,false,false,true,43,false
0.6,Sample,111,9,50.,2,false,true,45,false,false,true,58,false,false,true,16,false
0.6,Sample,111,9,50.,3,false,true,60,false,false,true,67,false,false,true,30,false
0.7,Sample,51,5,50.,1,false,true,11,false,false,true,6,false,false,true,2,false
0.7,Sample,51,5,50.,2,false,true,13,false,false,true,1,false,false,true,2,false
0.7,Sample,51,5,50.,3,false,true,9,false,false,true,2,false,false,true,2,false
0.7,Sample,81,5,50.,1,false,true,11,false,false,true,1,false,false,true,2,false
0.7,Sample,81,5,50.,2,false,true,20,false,false,true,1,false,false,true,4,false
0.7,Sample,81,5,50.,3,false,true,19,false,false,true,14,false,false,true,6,false
0.7,Sample,111,5,50.,1,false,true,23,false,false,true,9,false,false,true,8,false
0.7,Sample,111,5,50.,2,true,true,43,true,false,true,50,false,false,true,27,false
0.7,Sample,111,5,50.,3,false,true,16,false,false,true,4,false,false,true,5,false
0.7,Sample,51,7,50.,1,false,true,41,false,false,true,24,false,false,true,21,false
0.7,Sample,51,7,50.,2,false,true,16,false,false,true,28,false,false,true,7,false
0.7,Sample,51,7,50.,3,false,true,25,false,false,true,29,false,false,true,14,false
0.7,Sample,81,7,50.,1,false,true,40,false,false,true,56,false,false,true,17,false
0.7,Sample,81,7,50.,2,false,true,48,false,false,true,48,false,false,true,42,false
0.7,Sample,81,7,50.,3,false,true,37,false,false,true,1,false,false,true,11,false
0.7,Sample,111,7,50.,1,false,true,73,false,false,true,71,false,false,true,32,false
0.7,Sample,111,7,50.,2,false,true,40,false,true,true,20,true,false,true,9,false
0.7,Sample,111,7,50.,3,false,true,50,false,false,true,42,false,false,true,18,false
0.7,Sample,51,9,50.,1,false,true,39,false,false,true,38,false,false,true,32,false
0.7,Sample,51,9,50.,2,false,true,34,false,false,true,37,false,false,true,12,false
0.7,Sample,51,9,50.,3,false,true,24,false,false,true,5,false,false,true,4,false
0.7,Sample,81,9,50.,1,false,true,58,false,false,true,1,false,false,true,36,false
0.7,Sample,81,9,50.,2,false,true,45,false,false,true,48,false,false,true,15,false
0.7,Sample,81,9,50.,3,false,true,63,false,false,true,79,false,false,true,49,false
0.7,Sample,111,9,50.,1,false,true,78,false,false,true,1,false,false,true,45,false
0.7,Sample,111,9,50.,2,false,true,99,false,false,true,1,false,false,true,89,false
0.7,Sample,111,9,50.,3,false,true,82,false,false,true,1,false,false,true,40,false
0.8,Sample,51,5,50.,1,false,true,14,false,false,true,4,false,false,true,2,false
0.8,Sample,51,5,50.,2,false,true,10,false,false,true,11,false,false,true,2,false
0.8,Sample,51,5,50.,3,false,true,29,false,false,true,20,false,false,true,13,false
0.8,Sample,81,5,50.,1,false,true,13,false,false,true,11,false,false,true,1,false
0.8,Sample,81,5,50.,2,false,true,21,false,false,true,7,false,false,true,9,false
0.8,Sample,81,5,50.,3,false,true,28,false,false,true,30,false,false,true,9,false
0.8,Sample,111,5,50.,1,false,true,17,false,false,true,1,false,false,true,2,false
0.8,Sample,111,5,50.,2,false,true,21,false,false,true,2,false,false,true,3,false
0.8,Sample,111,5,50.,3,false,true,35,false,false,true,10,false,false,true,12,false
0.8,Sample,51,7,50.,1,false,true,36,false,false,true,1,false,false,true,30,false
0.8,Sample,51,7,50.,2,false,true,19,false,false,true,20,false,false,true,4,false
0.8,Sample,51,7,50.,3,false,true,28,false,false,true,15,false,false,true,17,false
0.8,Sample,81,7,50.,1,false,true,44,false,false,true,32,false,false,true,30,false
0.8,Sample,81,7,50.,2,false,true,32,false,false,true,1,false,false,true,16,false
0.8,Sample,81,7,50.,3,false,true,36,false,false,true,28,false,false,true,17,false
0.8,Sample,111,7,50.,1,false,true,50,false,false,true,1,false,false,true,30,false
0.8,Sample,111,7,50.,2,false,true,77,false,false,true,22,false,false,true,54,false
0.8,Sample,111,7,50.,3,false,true,57,false,false,true,55,false,false,true,31,false
0.8,Sample,51,9,50.,1,false,true,47,false,false,true,49,false,false,true,45,false
0.8,Sample,51,9,50.,2,false,true,46,false,false,true,43,false,false,true,46,false
0.8,Sample,51,9,50.,3,false,true,25,false,false,true,26,false,false,true,17,false
0.8,Sample,81,9,50.,1,false,true,48,false,false,true,1,false,false,true,35,false
0.8,Sample,81,9,50.,2,false,true,80,false,false,true,81,false,false,true,78,false
0.8,Sample,81,9,50.,3,false,true,52,false,false,true,37,false,false,true,30,false
0.8,Sample,111,9,50.,1,false,true,73,false,false,true,1,false,false,true,39,false
0.8,Sample,111,9,50.,2,false,true,111,false,false,true,1,false,false,true,108,false
0.8,Sample,111,9,50.,3,false,true,43,false,false,true,55,false,false,true,23,false
0.9,Sample,51,5,50.,1,false,true,18,false,false,true,12,false,false,true,6,false
0.9,Sample,51,5,50.,2,false,true,18,false,false,true,10,false,false,true,7,false
0.9,Sample,51,5,50.,3,false,true,12,false,false,true,2,false,false,true,2,false
0.9,Sample,81,5,50.,1,false,true,20,false,false,true,1,false,false,true,8,false
0.9,Sample,81,5,50.,2,false,true,22,false,false,true,9,false,false,true,2,false
0.9,Sample,81,5,50.,3,false,true,15,false,false,true,5,false,false,true,3,false
0.9,Sample,111,5,50.,1,false,true,14,false,false,true,16,false,false,true,6,false
0.9,Sample,111,5,50.,2,false,true,23,false,false,true,6,false,false,true,9,false
0.9,Sample,111,5,50.,3,false,true,12,false,false,true,1,false,false,true,1,false
0.9,Sample,51,7,50.,1,false,true,28,false,false,true,16,false,false,true,23,false
0.9,Sample,51,7,50.,2,false,true,23,false,false,true,45,false,false,true,7,false
0.9,Sample,51,7,50.,3,false,true,21,false,false,true,28,false,false,true,7,false
0.9,Sample,81,7,50.,1,false,true,21,false,false,true,4,false,false,true,10,false
0.9,Sample,81,7,50.,2,false,true,21,false,false,true,19,false,false,true,5,false
0.9,Sample,81,7,50.,3,false,true,37,false,false,true,1,false,false,true,17,false
0.9,Sample,111,7,50.,1,false,true,62,false,false,true,15,false,false,true,30,false
0.9,Sample,111,7,50.,2,false,true,36,false,false,true,12,false,false,true,6,false
0.9,Sample,111,7,50.,3,false,true,36,false,false,true,40,false,false,true,10,false
0.9,Sample,51,9,50.,1,false,true,39,false,false,true,46,false,false,true,22,false
0.9,Sample,51,9,50.,2,false,true,42,false,false,true,1,false,false,true,29,false
0.9,Sample,51,9,50.,3,false,true,37,false,true,true,38,true,false,true,25,false
0.9,Sample,81,9,50.,1,false,true,47,false,false,true,1,false,false,true,29,false
0.9,Sample,81,9,50.,2,false,true,54,false,false,true,19,false,false,true,41,false
0.9,Sample,81,9,50.,3,false,true,46,false,false,true,1,false,false,true,23,false
0.9,Sample,111,9,50.,1,false,true,51,false,false,true,96,false,false,true,20,false
0.9,Sample,111,9,50.,2,false,true,86,false,false,true,65,false,false,true,70,false
0.9,Sample,111,9,50.,3,false,true,52,false,false,true,1,false,false,true,22,false
1.,Sample,51,5,50.,1,false,true,9,false,false,true,7,false,false,true,3,false
1.,Sample,51,5,50.,2,false,true,12,false,false,true,6,false,false,true,3,false
1.,Sample,51,5,50.,3,false,true,15,false,false,true,6,false,false,true,2,false
1.,Sample,81,5,50.,1,false,true,26,false,false,true,23,false,false,true,6,false
1.,Sample,81,5,50.,2,false,true,16,false,false,true,24,false,false,true,5,false
1.,Sample,81,5,50.,3,false,true,12,false,false,true,6,false,false,true,2,false
1.,Sample,111,5,50.,1,false,true,18,false,false,true,12,false,false,true,4,false
1.,Sample,111,5,50.,2,false,true,11,false,false,true,1,false,false,true,3,false
1.,Sample,111,5,50.,3,false,true,19,false,false,true,1,false,false,true,4,false
1.,Sample,51,7,50.,1,false,true,15,false,false,true,11,false,false,true,5,false
1.,Sample,51,7,50.,2,false,true,18,false,false,true,29,false,false,true,7,false
1.,Sample,51,7,50.,3,false,true,16,false,false,true,27,false,false,true,7,false
1.,Sample,81,7,50.,1,false,true,46,false,false,true,1,false,false,true,20,false
1.,Sample,81,7,50.,2,false,true,48,false,false,true,1,false,false,true,27,false
1.,Sample,81,7,50.,3,false,true,20,false,false,true,11,false,false,true,8,false
1.,Sample,111,7,50.,1,false,true,64,false,false,true,51,false,false,true,33,false
1.,Sample,111,7,50.,2,false,true,66,false,false,true,57,false,false,true,40,false
1.,Sample,111,7,50.,3,false,true,35,false,false,true,12,false,false,true,8,false
1.,Sample,51,9,50.,1,true,true,49,true,false,true,51,false,false,true,48,false
1.,Sample,51,9,50.,2,false,true,27,false,false,true,1,false,false,true,13,false
1.,Sample,51,9,50.,3,false,true,23,false,false,true,31,false,false,true,14,false
1.,Sample,81,9,50.,1,false,true,62,false,false,true,17,false,false,true,47,false
1.,Sample,81,9,50.,2,false,true,61,false,false,true,71,false,false,true,35,false
1.,Sample,81,9,50.,3,false,true,37,false,false,true,46,false,false,true,15,false
1.,Sample,111,9,50.,1,false,true,76,false,false,true,95,false,false,true,57,false
1.,Sample,111,9,50.,2,false,true,29,false,false,true,1,false,false,true,13,false
1.,Sample,111,9,50.,3,false,true,48,false,false,true,70,false,false,true,22,false
1.1,Sample,51,5,50.,1,false,true,9,false,false,true,6,false,false,true,2,false
1.1,Sample,51,5,50.,2,false,true,17,false,false,true,10,false,false,true,2,false
1.1,Sample,51,5,50.,3,false,true,15,false,false,true,16,false,false,true,2,false
1.1,Sample,81,5,50.,1,false,true,15,false,false,true,1,false,false,true,4,false
1.1,Sample,81,5,50.,2,false,true,17,false,false,true,22,false,false,true,4,false
1.1,Sample,81,5,50.,3,false,true,13,false,false,true,1,false,false,true,2,false
1.1,Sample,111,5,50.,1,false,true,11,false,false,true,11,false,false,true,2,false
1.1,Sample,111,5,50.,2,false,true,18,false,false,true,1,false,false,true,4,false
1.1,Sample,111,5,50.,3,false,true,24,false,false,true,1,false,false,true,5,false
1.1,Sample,51,7,50.,1,false,true,24,false,false,true,31,false,false,true,15,false
1.1,Sample,51,7,50.,2,false,true,24,false,false,true,37,false,false,true,10,false
1.1,Sample,51,7,50.,3,false,true,23,false,false,true,30,false,false,true,5,false
1.1,Sample,81,7,50.,1,false,true,58,false,false,true,27,false,false,true,36,false
1.1,Sample,81,7,50.,2,false,true,42,false,false,true,40,false,false,true,9,false
1.1,Sample,81,7,50.,3,false,true,33,false,false,true,27,false,false,true,21,false
1.1,Sample,111,7,50.,1,false,true,34,false,false,true,11,false,false,true,5,false
1.1,Sample,111,7,50.,2,false,true,42,false,false,true,1,false,false,true,10,false
1.1,Sample,111,7,50.,3,false,true,47,false,false,true,22,false,false,true,26,false
1.1,Sample,51,9,50.,1,false,true,48,false,false,true,51,false,false,true,41,false
1.1,Sample,51,9,50.,2,false,true,22,false,false,true,38,false,false,true,12,false
1.1,Sample,51,9,50.,3,false,true,41,false,false,true,43,false,false,true,42,false
1.1,Sample,81,9,50.,1,false,true,67,false,false,true,59,false,false,true,56,false
1.1,Sample,81,9,50.,2,false,true,44,false,false,true,71,false,false,true,25,false
1.1,Sample,81,9,50.,3,false,true,55,false,false,true,32,false,false,true,46,false
1.1,Sample,111,9,50.,1,false,true,92,false,false,true,80,false,false,true,79,false
1.1,Sample,111,9,50.,2,false,true,70,false,false,true,1,false,false,true,56,false
1.1,Sample,111,9,50.,3,false,true,106,false,false,true,84,false,false,true,100,false
1.2,Sample,51,5,50.,1,false,true,25,false,false,true,3,false,false,true,6,false
1.2,Sample,51,5,50.,2,false,true,11,false,false,true,5,false,false,true,2,false
1.2,Sample,51,5,50.,3,false,true,17,false,false,true,1,false,false,true,5,false
1.2,Sample,81,5,50.,1,false,true,16,false,false,true,7,false,false,true,3,false
1.2,Sample,81,5,50.,2,false,true,19,false,false,true,1,false,false,true,8,false
1.2,Sample,81,5,50.,3,false,true,15,false,false,true,12,false,false,true,6,false
1.2,Sample,111,5,50.,1,false,true,30,false,false,true,25,false,false,true,8,false
1.2,Sample,111,5,50.,2,false,true,23,false,false,true,9,false,false,true,5,false
1.2,Sample,111,5,50.,3,false,true,17,false,false,true,1,false,false,true,6,false
1.2,Sample,51,7,50.,1,false,true,21,false,false,true,25,false,false,true,8,false
1.2,Sample,51,7,50.,2,false,true,30,false,false,true,20,false,false,true,17,false
1.2,Sample,51,7,50.,3,false,true,34,false,false,true,37,false,false,true,19,false
1.2,Sample,81,7,50.,1,false,true,26,false,false,true,37,false,false,true,5,false
1.2,Sample,81,7,50.,2,false,true,34,false,false,true,35,false,false,true,19,false
1.2,Sample,81,7,50.,3,false,true,28,false,false,true,33,false,false,true,6,false
1.2,Sample,111,7,50.,1,false,true,30,false,false,true,1,false,false,true,10,false
1.2,Sample,111,7,50.,2,false,true,55,false,false,true,52,false,false,true,24,false
1.2,Sample,111,7,50.,3,false,true,42,false,false,true,22,false,false,true,9,false
1.2,Sample,51,9,50.,1,false,true,34,false,false,true,1,false,false,true,22,false
1.2,Sample,51,9,50.,2,true,false,51,true,false,true,27,false,false,true,51,false
1.2,Sample,51,9,50.,3,false,true,39,false,false,true,51,false,false,true,28,false
1.2,Sample,81,9,50.,1,false,true,37,false,false,true,1,false,false,true,18,false
1.2,Sample,81,9,50.,2,false,true,58,false,false,true,68,false,false,true,47,false
1.2,Sample,81,9,50.,3,false,true,45,false,false,true,53,false,false,true,16,false
1.2,Sample,111,9,50.,1,false,true,84,false,false,true,1,false,false,true,62,false
1.2,Sample,111,9,50.,2,false,true,49,false,false,true,32,false,false,true,27,false
1.2,Sample,111,9,50.,3,false,true,47,false,false,true,59,false,false,true,23,false
1.3,Sample,51,5,50.,1,false,true,8,false,false,true,20,false,false,true,3,false
1.3,Sample,51,5,50.,2,false,true,11,false,false,true,3,false,false,true,1,false
1.3,Sample,51,5,50.,3,false,true,25,false,false,true,6,false,false,true,14,false
1.3,Sample,81,5,50.,1,false,true,14,false,false,true,13,false,false,true,2,false
1.3,Sample,81,5,50.,2,false,true,18,false,false,true,6,false,false,true,5,false
1.3,Sample,81,5,50.,3,false,true,13,false,false,true,4,false,false,true,1,false
1.3,Sample,111,5,50.,1,false,true,17,false,false,true,4,false,false,true,2,false
1.3,Sample,111,5,50.,2,false,true,24,false,false,true,12,false,false,true,6,false
1.3,Sample,111,5,50.,3,false,true,24,false,false,true,1,false,false,true,3,false
1.3,Sample,51,7,50.,1,false,true,19,false,false,true,11,false,false,true,7,false
1.3,Sample,51,7,50.,2,false,true,22,false,false,true,8,false,false,true,10,false
1.3,Sample,51,7,50.,3,false,true,26,false,false,true,1,false,false,true,10,false
1.3,Sample,81,7,50.,1,false,true,20,false,false,true,15,false,false,true,8,false
1.3,Sample,81,7,50.,2,false,true,27,false,false,true,1,false,false,true,12,false
1.3,Sample,81,7,50.,3,false,true,44,false,false,true,37,false,false,true,34,false
1.3,Sample,111,7,50.,1,false,true,48,false,false,true,19,false,false,true,14,false
1.3,Sample,111,7,50.,2,false,true,56,false,false,true,47,false,false,true,32,false
1.3,Sample,111,7,50.,3,false,true,42,false,false,true,11,false,false,true,11,false
1.3,Sample,51,9,50.,1,false,true,37,false,false,true,49,false,false,true,26,false
1.3,Sample,51,9,50.,2,false,true,39,false,false,true,49,false,false,true,38,false
1.3,Sample,51,9,50.,3,false,true,35,false,false,true,32,false,false,true,15,false
1.3,Sample,81,9,50.,1,false,true,54,false,false,true,1,false,false,true,26,false
1.3,Sample,81,9,50.,2,false,true,56,false,false,true,72,false,false,true,45,false
1.3,Sample,81,9,50.,3,false,true,56,false,false,true,79,false,false,true,40,false
1.3,Sample,111,9,50.,1,false,true,95,false,false,true,87,false,false,true,78,false
1.3,Sample,111,9,50.,2,false,true,98,false,false,true,97,false,false,true,88,false
1.3,Sample,111,9,50.,3,false,true,76,false,false,true,1,false,false,true,51,false
1.4,Sample,51,5,50.,1,false,true,23,false,false,true,22,false,false,true,12,false
1.4,Sample,51,5,50.,2,false,true,12,false,false,true,3,false,false,true,4,false
1.4,Sample,51,5,50.,3,false,true,12,false,false,true,5,false,false,true,5,false
1.4,Sample,81,5,50.,1,false,true,15,false,false,true,5,false,false,true,2,false
1.4,Sample,81,5,50.,2,false,true,19,false,false,true,11,false,false,true,4,false
1.4,Sample,81,5,50.,3,false,true,14,false,false,true,6,false,false,true,3,false
1.4,Sample,111,5,50.,1,false,true,19,false,false,true,6,false,false,true,5,false
1.4,Sample,111,5,50.,2,false,true,28,false,false,true,10,false,false,true,10,false
1.4,Sample,111,5,50.,3,false,true,20,false,false,true,11,false,false,true,2,false
1.4,Sample,51,7,50.,1,false,true,17,false,false,true,23,false,false,true,3,false
1.4,Sample,51,7,50.,2,false,true,31,false,false,true,34,false,false,true,19,false
1.4,Sample,51,7,50.,3,false,true,13,false,false,true,28,false,false,true,5,false
1.4,Sample,81,7,50.,1,false,true,29,false,false,true,29,false,false,true,10,false
1.4,Sample,81,7,50.,2,false,true,51,false,true,true,46,true,false,true,24,false
1.4,Sample,81,7,50.,3,false,true,19,false,false,true,1,false,false,true,9,false
1.4,Sample,111,7,50.,1,false,true,24,false,false,true,1,false,false,true,3,false
1.4,Sample,111,7,50.,2,false,true,33,false,false,true,30,false,false,true,9,false
1.4,Sample,111,7,50.,3,false,true,57,false,false,true,23,false,false,true,18,false
1.4,Sample,51,9,50.,1,false,true,37,false,false,true,47,false,false,true,31,false
1.4,Sample,51,9,50.,2,false,true,42,false,false,true,44,false,false,true,34,false
1.4,Sample,51,9,50.,3,false,true,32,false,false,true,28,false,false,true,20,false
1.4,Sample,81,9,50.,1,false,true,62,false,true,true,75,true,false,true,43,false
1.4,Sample,81,9,50.,2,false,true,48,false,false,true,1,false,false,true,26,false
1.4,Sample,81,9,50.,3,false,true,48,false,true,true,24,true,false,true,25,false
1.4,Sample,111,9,50.,1,false,true,46,false,true,true,108,true,false,true,23,false
1.4,Sample,111,9,50.,2,false,true,60,false,false,true,65,false,false,true,33,false
1.4,Sample,111,9,50.,3,false,true,59,false,false,true,72,false,false,true,43,false
0.1,Voter,51,5,50.,1,false,true,27,false,false,true,12,false,false,true,24,false
0.1,Voter,51,5,50.,2,false,true,12,false,false,true,2,false,false,true,2,false
0.1,Voter,51,5,50.,3,false,true,11,false,false,true,2,false,false,true,2,false
0.1,Voter,81,5,50.,1,false,true,15,false,false,true,15,false,false,true,7,false
0.1,Voter,81,5,50.,2,false,true,28,false,false,true,5,false,false,true,6,false
0.1,Voter,81,5,50.,3,false,true,13,false,false,true,1,false,false,true,3,false
0.1,Voter,111,5,50.,1,false,true,22,false,false,true,1,false,false,true,3,false
0.1,Voter,111,5,50.,2,false,true,26,false,false,true,4,false,false,true,6,false
0.1,Voter,111,5,50.,3,false,true,17,false,false,true,4,false,false,true,2,false
0.1,Voter,51,7,50.,1,true,false,29,true,false,true,6,false,false,true,14,false
0.1,Voter,51,7,50.,2,false,true,21,false,false,true,6,false,false,true,5,false
0.1,Voter,51,7,50.,3,false,true,23,false,true,true,22,true,false,true,5,false
0.1,Voter,81,7,50.,1,false,true,27,false,false,true,4,false,false,true,5,false
0.1,Voter,81,7,50.,2,false,true,52,false,false,true,45,false,true,false,50,true
0.1,Voter,81,7,50.,3,false,true,30,false,false,true,7,false,false,true,5,false
0.1,Voter,111,7,50.,1,false,true,26,false,false,true,22,false,false,true,18,false
0.1,Voter,111,7,50.,2,false,true,37,false,false,true,1,false,false,true,12,false
0.1,Voter,111,7,50.,3,false,true,64,false,false,true,47,false,false,true,57,false
0.1,Voter,51,9,50.,1,false,true,37,false,false,true,6,false,false,true,29,false
0.1,Voter,51,9,50.,2,false,true,39,false,false,true,19,false,false,true,23,false
0.1,Voter,51,9,50.,3,true,true,32,true,false,true,3,false,false,true,19,false
0.1,Voter,81,9,50.,1,true,true,47,true,true,true,34,true,false,true,27,false
0.1,Voter,81,9,50.,2,true,true,70,true,false,true,4,false,false,true,73,false
0.1,Voter,81,9,50.,3,false,true,47,false,true,true,41,true,false,true,26,false
0.1,Voter,111,9,50.,1,true,true,81,true,false,true,1,false,true,true,51,true
0.1,Voter,111,9,50.,2,false,true,83,false,false,true,19,false,false,true,37,false
0.1,Voter,111,9,50.,3,false,true,86,false,false,true,40,false,false,true,73,false
0.2,Voter,51,5,50.,1,false,true,16,false,false,true,5,false,false,true,12,false
0.2,Voter,51,5,50.,2,false,true,8,false,false,true,2,false,false,true,2,false
0.2,Voter,51,5,50.,3,false,true,12,false,false,true,15,false,false,true,6,false
0.2,Voter,81,5,50.,1,false,true,29,false,false,true,1,false,false,true,13,false
0.2,Voter,81,5,50.,2,false,true,13,false,false,true,2,false,false,true,2,false
0.2,Voter,81,5,50.,3,false,true,14,false,false,true,3,false,false,true,6,false
0.2,Voter,111,5,50.,1,false,true,22,false,false,true,3,false,false,true,17,false
0.2,Voter,111,5,50.,2,false,true,21,false,false,true,9,false,false,true,10,false
0.2,Voter,111,5,50.,3,false,true,18,false,false,true,7,false,false,true,1,false
0.2,Voter,51,7,50.,1,false,true,33,false,false,true,15,false,false,true,26,false
0.2,Voter,51,7,50.,2,false,true,27,false,false,true,8,false,false,true,15,false
0.2,Voter,51,7,50.,3,false,true,24,false,true,true,26,true,false,true,5,false
0.2,Voter,81,7,50.,1,false,true,32,false,false,true,1,false,false,true,15,false
0.2,Voter,81,7,50.,2,false,true,50,false,false,true,8,false,false,true,34,false
0.2,Voter,81,7,50.,3,false,true,45,false,false,true,15,false,false,true,29,false
0.2,Voter,111,7,50.,1,false,true,46,false,false,true,1,false,false,true,23,false
0.2,Voter,111,7,50.,2,false,true,64,false,false,true,1,false,false,true,51,false
0.2,Voter,111,7,50.,3,false,true,41,false,false,true,45,false,false,true,21,false
0.2,Voter,51,9,50.,1,false,true,43,false,false,true,14,false,false,true,33,false
0.2,Voter,51,9,50.,2,false,true,38,false,false,true,1,false,false,true,30,false
0.2,Voter,51,9,50.,3,false,true,44,false,false,true,41,false,false,true,39,false
0.2,Voter,81,9,50.,1,false,true,43,false,false,true,48,false,false,true,21,false
0.2,Voter,81,9,50.,2,false,true,46,false,false,true,1,false,false,true,16,false
0.2,Voter,81,9,50.,3,false,true,53,false,false,true,14,false,false,true,32,false
0.2,Voter,111,9,50.,1,false,true,85,false,false,true,1,false,false,true,67,false
0.2,Voter,111,9,50.,2,false,true,67,false,true,false,108,true,false,true,61,false
0.2,Voter,111,9,50.,3,false,true,66,false,false,true,28,false,false,true,53,false
0.3,Voter,51,5,50.,1,false,true,19,false,false,true,4,false,false,true,14,false
0.3,Voter,51,5,50.,2,false,true,14,false,false,true,1,false,false,true,8,false
0.3,Voter,51,5,50.,3,false,true,14,false,false,true,2,false,false,true,3,false
0.3,Voter,81,5,50.,1,false,true,24,false,false,true,4,false,false,true,7,false
0.3,Voter,81,5,50.,2,false,true,22,false,false,true,4,false,false,true,18,false
0.3,Voter,81,5,50.,3,false,true,22,false,false,true,8,false,false,true,11,false
0.3,Voter,111,5,50.,1,false,true,12,false,false,true,1,false,false,true,11,false
0.3,Voter,111,5,50.,2,false,true,17,false,false,true,2,false,false,true,2,false
0.3,Voter,111,5,50.,3,false,true,32,false,false,true,2,false,false,true,10,false
0.3,Voter,51,7,50.,1,false,true,26,false,false,true,7,false,false,true,14,false
0.3,Voter,51,7,50.,2,false,true,18,false,false,true,5,false,false,true,9,false
0.3,Voter,51,7,50.,3,false,true,21,false,false,true,2,false,false,true,7,false
0.3,Voter,81,7,50.,1,false,true,39,false,false,true,25,false,false,true,14,false
0.3,Voter,81,7,50.,2,false,true,38,false,false,true,9,false,false,true,16,false
0.3,Voter,81,7,50.,3,false,true,30,false,false,true,3,false,false,true,6,false
0.3,Voter,111,7,50.,1,false,true,44,false,false,true,7,false,false,true,25,false
0.3,Voter,111,7,50.,2,false,true,47,false,false,true,51,false,false,true,16,false
0.3,Voter,111,7,50.,3,false,true,28,false,false,true,2,false,false,true,5,false
0.3,Voter,51,9,50.,1,false,true,47,false,false,true,31,false,true,false,43,true
0.3,Voter,51,9,50.,2,false,true,48,false,false,true,21,false,false,true,47,false
0.3,Voter,51,9,50.,3,false,true,32,false,false,true,29,false,false,true,15,false
0.3,Voter,81,9,50.,1,false,true,47,false,false,true,5,false,false,true,20,false
0.3,Voter,81,9,50.,2,false,true,40,false,false,true,5,false,false,true,20,false
0.3,Voter,81,9,50.,3,false,true,48,false,false,true,17,false,false,true,30,false
0.3,Voter,111,9,50.,1,false,true,60,false,false,true,15,false,false,true,36,false
0.3,Voter,111,9,50.,2,false,true,81,false,false,true,20,false,false,true,65,false
0.3,Voter,111,9,50.,3,false,true,81,false,true,true,91,true,false,true,75,false
0.4,Voter,51,5,50.,1,false,true,7,false,false,true,2,false,false,true,3,false
0.4,Voter,51,5,50.,2,false,true,12,false,false,true,4,false,false,true,4,false
0.4,Voter,51,5,50.,3,false,true,8,false,false,true,1,false,false,true,3,false
0.4,Voter,81,5,50.,1,false,true,18,false,false,true,18,false,false,true,7,false
0.4,Voter,81,5,50.,2,false,true,20,false,false,true,2,false,false,true,6,false
0.4,Voter,81,5,50.,3,false,true,17,false,true,true,8,true,false,true,11,false
0.4,Voter,111,5,50.,1,false,true,19,false,false,true,1,false,false,true,4,false
0.4,Voter,111,5,50.,2,false,true,8,false,false,true,1,false,false,true,2,false
0.4,Voter,111,5,50.,3,false,true,17,false,false,true,3,false,false,true,3,false
0.4,Voter,51,7,50.,1,false,true,22,false,false,true,7,false,false,true,4,false
0.4,Voter,51,7,50.,2,false,true,19,false,false,true,4,false,false,true,6,false
0.4,Voter,51,7,50.,3,false,true,24,false,false,true,2,false,false,true,6,false
0.4,Voter,81,7,50.,1,false,true,40,false,false,true,5,false,true,false,31,true
0.4,Voter,81,7,50.,2,false,true,55,false,true,false,29,true,false,true,40,false
0.4,Voter,81,7,50.,3,false,true,40,false,true,true,45,true,false,true,11,false
0.4,Voter,111,7,50.,1,false,true,43,false,false,true,1,false,false,true,19,false
0.4,Voter,111,7,50.,2,false,true,41,false,false,true,5,false,false,true,21,false
0.4,Voter,111,7,50.,3,false,true,32,false,false,true,3,false,false,true,9,false
0.4,Voter,51,9,50.,1,false,true,51,false,false,true,17,false,false,true,46,false
0.4,Voter,51,9,50.,2,false,true,23,false,false,true,12,false,false,true,11,false
0.4,Voter,51,9,50.,3,false,true,25,false,false,true,4,false,false,true,6,false
0.4,Voter,81,9,50.,1,false,true,59,false,false,true,11,false,false,true,45,false
0.4,Voter,81,9,50.,2,false,true,33,false,false,true,7,false,false,true,24,false
0.4,Voter,81,9,50.,3,false,true,32,false,false,true,1,false,false,true,9,false
0.4,Voter,111,9,50.,1,false,true,62,false,false,true,7,false,false,true,35,false
0.4,Voter,111,9,50.,2,false,true,60,false,false,true,61,false,false,true,18,false
0.4,Voter,111,9,50.,3,false,true,63,false,false,true,1,false,false,true,54,false
0.5,Voter,51,5,50.,1,false,true,23,false,false,true,7,false,false,true,12,false
0.5,Voter,51,5,50.,2,false,true,17,false,false,true,1,false,false,true,14,false
0.5,Voter,51,5,50.,3,false,true,20,false,false,true,1,false,false,true,6,false
0.5,Voter,81,5,50.,1,false,true,11,false,false,true,1,false,false,true,6,false
0.5,Voter,81,5,50.,2,false,true,13,false,false,true,1,false,false,true,5,false
0.5,Voter,81,5,50.,3,false,true,18,false,false,true,23,false,false,true,5,false
0.5,Voter,111,5,50.,1,false,true,32,false,false,true,6,false,false,true,14,false
0.5,Voter,111,5,50.,2,false,true,10,false,false,true,2,false,false,true,2,false
0.5,Voter,111,5,50.,3,false,true,12,false,false,true,3,false,false,true,1,false
0.5,Voter,51,7,50.,1,false,true,26,false,false,true,8,false,false,true,23,false
0.5,Voter,51,7,50.,2,false,true,30,false,false,true,6,false,false,true,15,false
0.5,Voter,51,7,50.,3,false,true,32,false,false,true,3,false,false,true,18,false
0.5,Voter,81,7,50.,1,false,true,48,false,false,true,33,false,false,true,40,false
0.5,Voter,81,7,50.,2,false,true,38,false,false,true,10,false,false,true,25,false
0.5,Voter,81,7,50.,3,false,true,33,false,false,true,2,false,false,true,3,false
0.5,Voter,111,7,50.,1,false,true,39,false,false,true,11,false,false,true,8,false
0.5,Voter,111,7,50.,2,false,true,56,false,false,true,20,false,false,true,27,false
0.5,Voter,111,7,50.,3,false,true,56,false,false,true,18,false,false,true,26,false
0.5,Voter,51,9,50.,1,false,true,44,false,false,true,39,false,true,true,34,true
0.5,Voter,51,9,50.,2,false,true,40,false,false,true,7,false,false,true,28,false
0.5,Voter,51,9,50.,3,false,true,37,false,false,true,6,false,false,true,18,false
0.5,Voter,81,9,50.,1,false,true,57,false,false,true,25,false,false,true,36,false
0.5,Voter,81,9,50.,2,false,true,54,false,false,true,13,false,false,true,48,false
0.5,Voter,81,9,50.,3,false,true,57,false,false,true,12,false,false,true,24,false
0.5,Voter,111,9,50.,1,false,true,75,false,false,true,17,false,false,true,59,false
0.5,Voter,111,9,50.,2,false,true,52,false,false,true,68,false,false,true,13,false
0.5,Voter,111,9,50.,3,false,true,71,false,false,true,1,false,false,true,29,false
0.6,Voter,51,5,50.,1,false,true,18,false,false,true,4,false,false,true,11,false
0.6,Voter,51,5,50.,2,false,true,8,false,false,true,5,false,false,true,2,false
0.6,Voter,51,5,50.,3,false,true,12,false,false,true,2,false,false,true,2,false
0.6,Voter,81,5,50.,1,false,true,16,false,false,true,1,false,false,true,10,false
0.6,Voter,81,5,50.,2,false,true,11,false,false,true,1,false,false,true,6,false
0.6,Voter,81,5,50.,3,false,true,13,false,false,true,2,false,false,true,6,false
0.6,Voter,111,5,50.,1,false,true,12,false,false,true,1,false,false,true,6,false
0.6,Voter,111,5,50.,2,false,true,22,false,false,true,2,false,false,true,1,false
0.6,Voter,111,5,50.,3,false,true,11,false,false,true,13,false,false,true,6,false
0.6,Voter,51,7,50.,1,true,true,26,true,false,true,4,false,false,true,15,false
0.6,Voter,51,7,50.,2,false,true,16,false,false,true,4,false,false,true,4,false
0.6,Voter,51,7,50.,3,true,true,42,true,true,false,40,true,false,true,39,false
0.6,Voter,81,7,50.,1,false,true,47,false,false,true,14,false,false,true,22,false
0.6,Voter,81,7,50.,2,false,true,61,false,false,true,61,false,false,true,55,false
0.6,Voter,81,7,50.,3,false,true,26,false,false,true,36,false,false,true,5,false
0.6,Voter,111,7,50.,1,false,true,45,false,false,true,15,false,false,true,20,false
0.6,Voter,111,7,50.,2,false,true,34,false,false,true,6,false,false,true,11,false
0.6,Voter,111,7,50.,3,false,true,47,false,false,true,14,false,false,true,36,false
0.6,Voter,51,9,50.,1,false,true,47,false,false,true,1,false,false,true,38,false
0.6,Voter,51,9,50.,2,false,true,44,false,false,true,15,false,false,true,30,false
0.6,Voter,51,9,50.,3,false,true,45,false,false,true,1,false,false,true,47,false
0.6,Voter,81,9,50.,1,false,true,61,false,true,true,49,true,false,true,61,false
0.6,Voter,81,9,50.,2,false,true,76,false,false,true,42,false,false,true,71,false
0.6,Voter,81,9,50.,3,false,true,44,false,false,true,3,false,false,true,16,false
0.6,Voter,111,9,50.,1,false,true,61,false,false,true,77,false,false,true,41,false
0.6,Voter,111,9,50.,2,false,true,68,false,false,true,14,false,false,true,37,false
0.6,Voter,111,9,50.,3,false,true,37,false,false,true,1,false,false,true,14,false
0.7,Voter,51,5,50.,1,false,true,12,false,false,true,5,false,false,true,6,false
0.7,Voter,51,5,50.,2,false,true,19,false,false,true,12,false,false,true,12,false
0.7,Voter,51,5,50.,3,false,true,14,false,false,true,2,false,false,true,5,false
0.7,Voter,81,5,50.,1,false,true,27,false,false,true,12,false,false,true,3,false
0.7,Voter,81,5,50.,2,false,true,25,false,false,true,17,false,false,true,15,false
0.7,Voter,81,5,50.,3,false,true,16,false,false,true,2,false,false,true,5,false
0.7,Voter,111,5,50.,1,false,true,13,false,false,true,4,false,false,true,6,false
0.7,Voter,111,5,50.,2,false,true,18,false,false,true,1,false,false,true,4,false
0.7,Voter,111,5,50.,3,false,true,13,false,false,true,4,false,false,true,2,false
0.7,Voter,51,7,50.,1,false,true,16,false,false,true,26,false,false,true,1,false
0.7,Voter,51,7,50.,2,false,true,34,false,false,true,1,false,false,true,17,false
0.7,Voter,51,7,50.,3,false,true,25,false,false,true,8,false,false,true,13,false
0.7,Voter,81,7,50.,1,false,true,56,false,false,true,1,false,false,true,40,false
0.7,Voter,81,7,50.,2,false,true,55,false,false,true,1,false,false,true,37,false
0.7,Voter,81,7,50.,3,false,true,49,false,false,true,11,false,false,true,19,false
0.7,Voter,111,7,50.,1,false,true,83,false,false,true,30,false,true,true,71,true
0.7,Voter,111,7,50.,2,false,true,55,false,false,true,21,false,false,true,27,false
0.7,Voter,111,7,50.,3,false,true,69,false,false,true,1,false,false,true,44,false
0.7,Voter,51,9,50.,1,true,true,41,true,true,true,21,true,false,true,42,false
0.7,Voter,51,9,50.,2,false,true,30,false,false,true,15,false,false,true,16,false
0.7,Voter,51,9,50.,3,false,true,40,false,false,true,9,false,false,true,32,false
0.7,Voter,81,9,50.,1,false,true,35,false,false,true,44,false,false,true,12,false
0.7,Voter,81,9,50.,2,false,true,45,false,false,true,7,false,false,true,20,false
0.7,Voter,81,9,50.,3,false,true,72,false,false,true,1,false,true,true,65,true
0.7,Voter,111,9,50.,1,false,true,71,false,false,true,1,false,false,true,50,false
0.7,Voter,111,9,50.,2,false,true,65,false,false,true,42,false,true,false,27,true
0.7,Voter,111,9,50.,3,false,true,57,false,false,true,1,false,false,true,25,false
0.8,Voter,51,5,50.,1,false,true,12,false,false,true,5,false,false,true,3,false
0.8,Voter,51,5,50.,2,false,true,11,false,false,true,6,false,false,true,6,false
0.8,Voter,51,5,50.,3,false,true,8,false,false,true,1,false,false,true,2,false
0.8,Voter,81,5,50.,1,false,true,34,false,false,true,19,false,false,true,30,false
0.8,Voter,81,5,50.,2,false,true,17,false,false,true,2,false,false,true,5,false
0.8,Voter,81,5,50.,3,false,true,17,false,false,true,2,false,false,true,4,false
0.8,Voter,111,5,50.,1,false,true,20,false,false,true,2,false,false,true,7,false
0.8,Voter,111,5,50.,2,false,true,18,false,false,true,1,false,false,true,7,false
0.8,Voter,111,5,50.,3,false,true,17,false,false,true,1,false,false,true,3,false
0.8,Voter,51,7,50.,1,false,true,29,false,false,true,5,false,false,true,15,false
0.8,Voter,51,7,50.,2,false,true,26,false,false,true,24,false,false,true,7,false
0.8,Voter,51,7,50.,3,false,true,22,false,false,true,10,false,false,true,5,false
0.8,Voter,81,7,50.,1,false,true,26,false,false,true,1,false,false,true,12,false
0.8,Voter,81,7,50.,2,false,true,37,false,false,true,19,false,false,true,12,false
0.8,Voter,81,7,50.,3,false,true,40,false,false,true,19,false,false,true,22,false
0.8,Voter,111,7,50.,1,false,true,41,false,false,true,1,false,false,true,3,false
0.8,Voter,111,7,50.,2,false,true,33,false,false,true,5,false,false,true,17,false
0.8,Voter,111,7,50.,3,false,true,44,false,false,true,6,false,false,true,22,false
0.8,Voter,51,9,50.,1,false,true,37,false,false,true,21,false,false,true,22,false
0.8,Voter,51,9,50.,2,false,true,40,false,false,true,19,false,false,true,24,false
0.8,Voter,51,9,50.,3,false,true,48,false,true,true,48,true,false,true,42,false
0.8,Voter,81,9,50.,1,false,true,58,false,false,true,30,false,false,true,30,false
0.8,Voter,81,9,50.,2,false,true,64,false,false,true,1,false,false,true,47,false
0.8,Voter,81,9,50.,3,false,true,70,false,false,true,53,false,false,true,57,false
0.8,Voter,111,9,50.,1,false,true,53,false,false,true,4,false,false,true,23,false
0.8,Voter,111,9,50.,2,false,true,68,false,false,true,8,false,false,true,35,false
0.8,Voter,111,9,50.,3,false,true,85,false,false,true,28,false,false,true,51,false
0.9,Voter,51,5,50.,1,false,true,15,false,false,true,8,false,false,true,15,false
0.9,Voter,51,5,50.,2,false,true,14,false,false,true,5,false,false,true,13,false
0.9,Voter,51,5,50.,3,false,true,10,false,false,true,1,false,false,true,2,false
0.9,Voter,81,5,50.,1,false,true,24,false,false,true,1,false,false,true,3,false
0.9,Voter,81,5,50.,2,false,true,14,false,false,true,1,false,false,true,3,false
0.9,Voter,81,5,50.,3,false,true,9,false,false,true,4,false,false,true,4,false
0.9,Voter,111,5,50.,1,false,true,24,false,false,true,6,false,false,true,7,false
0.9,Voter,111,5,50.,2,false,true,10,false,false,true,26,false,false,true,5,false
0.9,Voter,111,5,50.,3,false,true,22,false,false,true,1,false,false,true,10,false
0.9,Voter,51,7,50.,1,false,true,30,false,false,true,2,false,false,true,20,false
0.9,Voter,51,7,50.,2,false,true,21,false,false,true,43,false,false,true,5,false
0.9,Voter,51,7,50.,3,false,true,22,false,false,true,3,false,false,true,9,false
0.9,Voter,81,7,50.,1,false,true,39,false,false,true,1,false,false,true,22,false
0.9,Voter,81,7,50.,2,false,true,44,false,false,true,25,false,false,true,22,false
0.9,Voter,81,7,50.,3,false,true,33,false,false,true,1,false,false,true,15,false
0.9,Voter,111,7,50.,1,false,true,51,false,false,true,11,false,false,true,28,false
0.9,Voter,111,7,50.,2,false,true,33,false,false,true,2,false,false,true,6,false
0.9,Voter,111,7,50.,3,false,true,31,false,false,true,1,false,false,true,11,false
0.9,Voter,51,9,50.,1,false,true,37,false,false,true,16,false,false,true,25,false
0.9,Voter,51,9,50.,2,false,true,40,false,false,true,30,false,false,true,24,false
0.9,Voter,51,9,50.,3,false,true,32,false,false,true,1,false,false,true,16,false
0.9,Voter,81,9,50.,1,false,true,78,false,false,true,59,false,false,true,70,false
0.9,Voter,81,9,50.,2,false,true,72,false,false,true,23,false,true,false,57,true
0.9,Voter,81,9,50.,3,false,true,39,false,false,true,7,false,false,true,15,false
0.9,Voter,111,9,50.,1,false,true,84,false,false,true,75,false,false,true,68,false
0.9,Voter,111,9,50.,2,false,true,75,false,false,true,69,false,false,true,41,false
0.9,Voter,111,9,50.,3,false,true,85,false,false,true,20,false,false,true,58,false
1.,Voter,51,5,50.,1,false,true,13,false,false,true,6,false,false,true,4,false
1.,Voter,51,5,50.,2,false,true,11,false,false,true,1,false,false,true,5,false
1.,Voter,51,5,50.,3,true,false,9,true,false,true,2,false,false,true,6,false
1.,Voter,81,5,50.,1,false,true,16,false,false,true,1,false,false,true,6,false
1.,Voter,81,5,50.,2,false,true,21,false,false,true,4,false,false,true,6,false
1.,Voter,81,5,50.,3,false,true,16,false,false,true,5,false,false,true,6,false
1.,Voter,111,5,50.,1,false,true,15,false,false,true,14,false,false,true,11,false
1.,Voter,111,5,50.,2,false,true,18,false,false,true,2,false,false,true,4,false
1.,Voter,111,5,50.,3,false,true,17,false,false,true,11,false,false,true,6,false
1.,Voter,51,7,50.,1,false,true,25,false,false,true,33,false,false,true,17,false
1.,Voter,51,7,50.,2,true,true,50,true,false,true,48,false,true,true,44,true
1.,Voter,51,7,50.,3,false,true,23,false,false,true,32,false,false,true,8,false
1.,Voter,81,7,50.,1,false,true,45,false,false,true,23,false,false,true,29,false
1.,Voter,81,7,50.,2,false,true,29,false,false,true,1,false,false,true,13,false
1.,Voter,81,7,50.,3,false,true,58,false,false,true,1,false,false,true,47,false
1.,Voter,111,7,50.,1,false,true,81,false,false,true,13,false,false,true,41,false
1.,Voter,111,7,50.,2,false,true,48,false,false,true,16,false,false,true,29,false
1.,Voter,111,7,50.,3,false,true,45,false,false,true,9,false,false,true,9,false
1.,Voter,51,9,50.,1,false,true,38,false,false,true,12,false,false,true,26,false
1.,Voter,51,9,50.,2,false,true,46,false,false,true,21,false,false,true,40,false
1.,Voter,51,9,50.,3,false,true,44,false,false,true,19,false,false,true,33,false
1.,Voter,81,9,50.,1,false,true,40,false,false,true,1,false,false,true,8,false
1.,Voter,81,9,50.,2,false,true,65,false,false,true,1,false,false,true,45,false
1.,Voter,81,9,50.,3,false,true,63,false,false,true,10,false,false,true,42,false
1.,Voter,111,9,50.,1,false,true,42,false,false,true,27,false,false,true,4,false
1.,Voter,111,9,50.,2,false,true,57,false,false,true,23,false,false,true,25,false
1.,Voter,111,9,50.,3,false,true,52,false,false,true,1,false,false,true,6,false
1.1,Voter,51,5,50.,1,false,true,12,false,false,true,4,false,false,true,7,false
1.1,Voter,51,5,50.,2,false,true,11,false,false,true,1,false,false,true,2,false
1.1,Voter,51,5,50.,3,false,true,15,false,false,true,5,false,false,true,6,false
1.1,Voter,81,5,50.,1,false,true,18,false,false,true,1,false,false,true,7,false
1.1,Voter,81,5,50.,2,false,true,13,false,false,true,13,false,false,true,8,false
1.1,Voter,81,5,50.,3,false,true,9,false,false,true,19,false,false,true,6,false
1.1,Voter,111,5,50.,1,false,true,42,false,false,true,6,false,false,true,27,false
1.1,Voter,111,5,50.,2,false,true,20,false,false,true,8,false,false,true,16,false
1.1,Voter,111,5,50.,3,false,true,21,false,false,true,9,false,false,true,5,false
1.1,Voter,51,7,50.,1,false,true,36,false,false,true,8,false,false,true,24,false
1.1,Voter,51,7,50.,2,false,true,20,false,false,true,2,false,false,true,6,false
1.1,Voter,51,7,50.,3,false,true,25,false,false,true,3,false,false,true,4,false
1.1,Voter,81,7,50.,1,false,true,49,false,false,true,8,false,false,true,30,false
1.1,Voter,81,7,50.,2,false,true,39,false,false,true,2,false,false,true,15,false
1.1,Voter,81,7,50.,3,false,true,29,false,false,true,1,false,false,true,8,false
1.1,Voter,111,7,50.,1,false,true,56,false,true,false,56,true,false,true,35,false
1.1,Voter,111,7,50.,2,false,true,48,false,false,true,19,false,false,true,25,false
1.1,Voter,111,7,50.,3,false,true,52,false,false,true,23,false,false,true,29,false
1.1,Voter,51,9,50.,1,false,true,38,false,false,true,29,false,false,true,30,false
1.1,Voter,51,9,50.,2,false,true,32,false,false,true,21,false,false,true,13,false
1.1,Voter,51,9,50.,3,false,true,41,false,false,true,9,false,true,true,37,true
1.1,Voter,81,9,50.,1,false,true,39,false,true,true,51,true,false,true,22,false
1.1,Voter,81,9,50.,2,false,true,62,false,false,true,21,false,false,true,38,false
1.1,Voter,81,9,50.,3,false,true,63,false,false,true,1,false,true,true,49,true
1.1,Voter,111,9,50.,1,false,true,97,false,false,true,33,false,false,true,98,false
1.1,Voter,111,9,50.,2,false,true,67,false,false,true,11,false,false,true,26,false
1.1,Voter,111,9,50.,3,false,true,71,false,false,true,14,false,false,true,26,false
1.2,Voter,51,5,50.,1,false,true,20,false,false,true,5,false,false,true,13,false
1.2,Voter,51,5,50.,2,false,true,13,false,false,true,4,false,false,true,4,false
1.2,Voter,51,5,50.,3,false,true,15,false,false,true,1,false,false,true,4,false
1.2,Voter,81,5,50.,1,false,true,16,false,false,true,5,false,false,true,8,false
1.2,Voter,81,5,50.,2,false,true,19,false,false,true,2,false,false,true,4,false
1.2,Voter,81,5,50.,3,false,true,13,false,false,true,2,false,false,true,2,false
1.2,Voter,111,5,50.,1,false,true,14,false,false,true,6,false,false,true,7,false
1.2,Voter,111,5,50.,2,false,true,26,false,false,true,2,false,false,true,3,false
1.2,Voter,111,5,50.,3,false,true,17,false,false,true,1,false,false,true,2,false
1.2,Voter,51,7,50.,1,false,true,14,false,false,true,2,false,false,true,1,false
1.2,Voter,51,7,50.,2,false,true,29,false,false,true,5,false,false,true,6,false
1.2,Voter,51,7,50.,3,false,true,27,false,false,true,1,false,false,true,18,false
1.2,Voter,81,7,50.,1,false,true,26,false,false,true,2,false,false,true,6,false
1.2,Voter,81,7,50.,2,false,true,41,false,false,true,48,false,false,true,15,false
1.2,Voter,81,7,50.,3,false,true,40,false,false,true,1,false,false,true,14,false
1.2,Voter,111,7,50.,1,false,true,33,false,false,true,4,false,false,true,3,false
1.2,Voter,111,7,50.,2,false,true,68,false,false,true,1,false,false,true,57,false
1.2,Voter,111,7,50.,3,false,true,45,false,false,true,44,false,false,true,5,false
1.2,Voter,51,9,50.,1,false,true,35,false,false,true,6,false,false,true,17,false
1.2,Voter,51,9,50.,2,false,true,42,false,false,true,8,false,false,true,40,false
1.2,Voter,51,9,50.,3,false,true,31,false,false,true,8,false,false,true,8,false
1.2,Voter,81,9,50.,1,false,true,62,false,false,true,38,false,false,true,57,false
1.2,Voter,81,9,50.,2,false,true,49,false,false,true,11,false,false,true,32,false
1.2,Voter,81,9,50.,3,false,true,64,false,false,true,23,false,false,true,45,false
1.2,Voter,111,9,50.,1,false,true,74,false,false,true,31,false,false,true,54,false
1.2,Voter,111,9,50.,2,false,true,93,false,false,true,43,false,false,true,87,false
1.2,Voter,111,9,50.,3,true,true,73,true,false,true,8,false,false,true,45,false
1.3,Voter,51,5,50.,1,false,true,20,false,false,true,2,false,false,true,2,false
1.3,Voter,51,5,50.,2,false,true,13,false,false,true,1,false,false,true,3,false
1.3,Voter,51,5,50.,3,false,true,9,false,false,true,2,false,false,true,3,false
1.3,Voter,81,5,50.,1,false,true,15,false,false,true,1,false,false,true,6,false
1.3,Voter,81,5,50.,2,false,true,30,false,false,true,11,false,false,true,9,false
1.3,Voter,81,5,50.,3,false,true,36,false,false,true,8,false,false,true,13,false
1.3,Voter,111,5,50.,1,false,true,10,false,false,true,1,false,false,true,4,false
1.3,Voter,111,5,50.,2,false,true,16,false,false,true,2,false,false,true,8,false
1.3,Voter,111,5,50.,3,false,true,15,false,false,true,1,false,false,true,5,false
1.3,Voter,51,7,50.,1,false,true,31,false,false,true,3,false,false,true,12,false
1.3,Voter,51,7,50.,2,false,true,18,false,false,true,2,false,false,true,3,false
1.3,Voter,51,7,50.,3,false,true,22,false,false,true,2,false,false,true,10,false
1.3,Voter,81,7,50.,1,false,true,27,false,false,true,10,false,false,true,6,false
1.3,Voter,81,7,50.,2,false,true,34,false,false,true,1,false,false,true,20,false
1.3,Voter,81,7,50.,3,false,true,50,false,false,true,14,false,false,true,37,false
1.3,Voter,111,7,50.,1,false,true,36,false,false,true,9,false,true,false,20,true
1.3,Voter,111,7,50.,2,false,true,52,false,false,true,1,false,false,true,12,false
1.3,Voter,111,7,50.,3,false,true,54,false,false,true,12,false,false,true,37,false
1.3,Voter,51,9,50.,1,false,true,35,false,false,true,11,false,false,true,21,false
1.3,Voter,51,9,50.,2,false,true,37,false,false,true,6,false,false,true,20,false
1.3,Voter,51,9,50.,3,false,true,36,false,false,true,10,false,false,true,21,false
1.3,Voter,81,9,50.,1,true,true,71,true,false,true,72,false,false,true,65,false
1.3,Voter,81,9,50.,2,false,true,41,false,false,true,20,false,false,true,16,false
1.3,Voter,81,9,50.,3,false,true,69,false,false,true,1,false,false,true,33,false
1.3,Voter,111,9,50.,1,false,true,62,false,false,true,14,false,false,true,32,false
1.3,Voter,111,9,50.,2,false,true,76,false,false,true,2,false,false,true,48,false
1.3,Voter,111,9,50.,3,false,true,90,false,false,true,38,false,false,true,81,false
1.4,Voter,51,5,50.,1,false,true,12,false,false,true,2,false,false,true,5,false
1.4,Voter,51,5,50.,2,false,true,16,false,false,true,1,false,false,true,3,false
1.4,Voter,51,5,50.,3,false,true,14,false,false,true,1,false,false,true,2,false
1.4,Voter,81,5,50.,1,false,true,21,false,false,true,6,false,false,true,8,false
1.4,Voter,81,5,50.,2,false,true,9,false,false,true,2,false,false,true,4,false
1.4,Voter,81,5,50.,3,false,true,15,false,false,true,4,false,false,true,11,false
1.4,Voter,111,5,50.,1,false,true,16,false,false,true,5,false,false,true,4,false
1.4,Voter,111,5,50.,2,false,true,16,false,false,true,1,false,false,true,2,false
1.4,Voter,111,5,50.,3,false,true,19,false,false,true,19,false,false,true,7,false
1.4,Voter,51,7,50.,1,false,true,25,false,false,true,10,false,false,true,9,false
1.4,Voter,51,7,50.,2,false,true,21,false,false,true,1,false,false,true,11,false
1.4,Voter,51,7,50.,3,false,true,27,false,false,true,15,false,false,true,10,false
1.4,Voter,81,7,50.,1,false,true,46,false,false,true,4,false,false,true,26,false
1.4,Voter,81,7,50.,2,false,true,30,false,false,true,1,false,false,true,23,false
1.4,Voter,81,7,50.,3,false,true,30,false,false,true,6,false,false,true,11,false
1.4,Voter,111,7,50.,1,false,true,22,false,false,true,2,false,false,true,3,false
1.4,Voter,111,7,50.,2,false,true,58,false,false,true,1,false,false,true,51,false
1.4,Voter,111,7,50.,3,false,true,69,false,false,true,20,false,false,true,54,false
1.4,Voter,51,9,50.,1,false,true,26,false,false,true,21,false,false,true,13,false
1.4,Voter,51,9,50.,2,false,true,48,false,false,true,22,false,true,false,48,true
1.4,Voter,51,9,50.,3,false,true,39,false,false,true,12,false,true,true,31,true
1.4,Voter,81,9,50.,1,false,true,73,false,false,true,28,false,false,true,61,false
1.4,Voter,81,9,50.,2,false,true,32,false,false,true,6,false,false,true,15,false
1.4,Voter,81,9,50.,3,false,true,45,false,false,true,24,false,false,true,18,false
1.4,Voter,111,9,50.,1,false,true,73,false,false,true,1,false,false,true,51,false
1.4,Voter,111,9,50.,2,false,true,100,false,false,true,49,false,false,true,81,false
1.4,Voter,111,9,50.,3,false,true,104,false,false,true,74,false,false,true,75,false
