bias,cand_sampler,n_voters,n_candidates,time_steps,trial,cyclic_start,condorcet_start,unique_start,intransative_start,cyclic_end,condorcet_end,unique_end,intransative_end,cyclic_true,condorcet_true,unique_true,intransative_true
0.1,Sample,10,3,50.,1,false,true,3,false,false,true,2,false,false,true,2,false
0.1,Sample,10,3,50.,2,false,true,2,false,false,true,1,false,false,true,1,false
0.1,Sample,10,3,50.,3,false,true,4,false,false,true,1,false,false,true,2,false
0.1,Sample,40,3,50.,1,false,true,6,false,false,true,1,false,false,true,1,false
0.1,Sample,40,3,50.,2,false,true,3,false,false,true,1,false,false,true,1,false
0.1,Sample,40,3,50.,3,false,true,5,false,false,true,4,false,false,true,2,false
0.1,Sample,70,3,50.,1,false,true,4,false,false,true,1,false,false,true,2,false
0.1,Sample,70,3,50.,2,false,true,6,false,false,true,1,false,false,true,4,false
0.1,Sample,70,3,50.,3,false,true,6,false,false,true,3,false,false,true,6,false
0.1,Sample,100,3,50.,1,false,true,6,false,false,true,1,false,false,true,3,false
0.1,Sample,100,3,50.,2,false,true,5,false,false,true,4,false,false,true,5,false
0.1,Sample,100,3,50.,3,false,true,5,false,false,true,3,false,false,true,1,false
0.1,Sample,130,3,50.,1,false,true,6,false,false,true,1,false,false,true,2,false
0.1,Sample,130,3,50.,2,false,true,5,false,false,true,4,false,false,true,2,false
0.1,Sample,130,3,50.,3,false,true,5,false,false,true,1,false,false,true,1,false
0.1,Sample,10,5,50.,1,false,true,9,false,false,true,4,false,false,true,3,false
0.1,Sample,10,5,50.,2,false,true,6,false,false,true,4,false,false,true,2,false
0.1,Sample,10,5,50.,3,false,true,8,false,false,true,1,false,false,true,6,false
0.1,Sample,40,5,50.,1,false,true,12,false,false,true,12,false,false,true,2,false
0.1,Sample,40,5,50.,2,false,true,11,false,false,true,5,false,false,true,3,false
0.1,Sample,40,5,50.,3,false,true,8,false,false,true,1,false,false,true,1,false
0.1,Sample,70,5,50.,1,false,true,19,false,false,true,3,false,false,true,7,false
0.1,Sample,70,5,50.,2,false,true,11,false,false,true,1,false,false,true,2,false
0.1,Sample,70,5,50.,3,false,true,16,false,false,true,1,false,false,true,5,false
0.1,Sample,100,5,50.,1,false,true,17,false,false,true,1,false,false,true,2,false
0.1,Sample,100,5,50.,2,false,true,21,false,false,true,12,false,false,true,6,false
0.1,Sample,100,5,50.,3,false,true,19,false,false,true,1,false,false,true,3,false
0.1,Sample,130,5,50.,1,false,true,27,false,false,true,9,false,false,true,8,false
0.1,Sample,130,5,50.,2,false,true,16,false,false,true,7,false,false,false,3,false
0.1,Sample,130,5,50.,3,false,true,20,false,false,true,1,false,false,true,6,false
0.1,Sample,10,7,50.,1,false,true,9,false,false,true,4,false,false,true,3,false
0.1,Sample,10,7,50.,2,false,true,7,false,false,true,1,false,false,true,4,false
0.1,Sample,10,7,50.,3,false,true,10,false,false,true,3,false,false,false,6,false
0.1,Sample,40,7,50.,1,false,true,17,false,false,true,1,false,false,true,7,false
0.1,Sample,40,7,50.,2,false,true,20,false,false,true,1,false,false,true,6,false
0.1,Sample,40,7,50.,3,false,true,16,false,false,true,1,false,false,true,4,false
0.1,Sample,70,7,50.,1,false,true,32,false,false,true,16,false,false,true,14,false
0.1,Sample,70,7,50.,2,false,true,36,false,false,true,3,false,false,true,18,false
0.1,Sample,70,7,50.,3,false,true,19,false,false,true,1,false,false,true,2,false
0.1,Sample,100,7,50.,1,false,true,33,false,false,true,1,false,false,true,11,false
0.1,Sample,100,7,50.,2,false,true,36,false,false,true,11,false,false,true,3,false
0.1,Sample,100,7,50.,3,false,true,39,false,false,true,17,false,false,true,4,false
0.1,Sample,130,7,50.,1,false,true,31,false,false,true,4,false,false,true,10,false
0.1,Sample,130,7,50.,2,false,true,46,false,false,true,17,false,false,true,17,false
0.1,Sample,130,7,50.,3,false,true,35,false,false,true,18,false,false,true,7,false
0.2,Sample,10,3,50.,1,false,true,4,false,true,false,3,true,false,true,2,false
0.2,Sample,10,3,50.,2,false,true,4,false,false,true,4,false,false,true,1,false
0.2,Sample,10,3,50.,3,false,true,4,false,false,true,1,false,false,true,2,false
0.2,Sample,40,3,50.,1,false,true,6,false,false,true,3,false,false,true,1,false
0.2,Sample,40,3,50.,2,false,true,3,false,false,true,1,false,false,true,1,false
0.2,Sample,40,3,50.,3,false,true,6,false,false,true,1,false,false,true,2,false
0.2,Sample,70,3,50.,1,false,true,6,false,false,true,3,false,false,true,2,false
0.2,Sample,70,3,50.,2,false,true,5,false,false,true,1,false,false,true,3,false
0.2,Sample,70,3,50.,3,false,true,6,false,false,true,1,false,false,true,2,false
0.2,Sample,100,3,50.,1,false,true,5,false,false,true,1,false,false,true,1,false
0.2,Sample,100,3,50.,2,false,true,4,false,false,true,5,false,false,true,1,false
0.2,Sample,100,3,50.,3,false,true,5,false,false,true,1,false,false,true,2,false
0.2,Sample,130,3,50.,1,false,true,6,false,false,true,2,false,false,true,2,false
0.2,Sample,130,3,50.,2,false,false,6,false,false,true,1,false,false,true,2,false
0.2,Sample,130,3,50.,3,false,true,6,false,false,true,1,false,false,true,1,false
0.2,Sample,10,5,50.,1,false,true,4,false,false,true,3,false,false,true,1,false
0.2,Sample,10,5,50.,2,false,true,5,false,true,false,4,true,false,true,1,false
0.2,Sample,10,5,50.,3,false,true,8,false,false,true,2,false,false,true,2,false
0.2,Sample,40,5,50.,1,false,true,12,false,false,true,1,false,false,true,5,false
0.2,Sample,40,5,50.,2,false,true,12,false,false,true,12,false,false,true,6,false
0.2,Sample,40,5,50.,3,false,true,10,false,false,true,1,false,false,true,3,false
0.2,Sample,70,5,50.,1,false,true,15,false,false,true,1,false,false,true,2,false
0.2,Sample,70,5,50.,2,false,true,11,false,false,true,3,false,false,true,2,false
0.2,Sample,70,5,50.,3,false,true,15,false,false,true,1,false,false,true,3,false
0.2,Sample,100,5,50.,1,false,true,18,false,false,true,1,false,false,true,6,false
0.2,Sample,100,5,50.,2,false,true,26,false,false,true,15,false,false,true,11,false
0.2,Sample,100,5,50.,3,false,true,22,false,false,true,7,false,false,true,3,false
0.2,Sample,130,5,50.,1,false,true,13,false,false,true,1,false,false,true,2,false
0.2,Sample,130,5,50.,2,false,true,21,false,false,true,28,false,false,true,3,false
0.2,Sample,130,5,50.,3,false,true,20,false,false,true,1,false,false,true,3,false
0.2,Sample,10,7,50.,1,false,true,5,false,false,true,4,false,false,true,2,false
0.2,Sample,10,7,50.,2,false,true,10,false,false,true,4,false,false,false,8,false
0.2,Sample,10,7,50.,3,false,true,8,true,false,true,1,false,false,true,4,false
0.2,Sample,40,7,50.,1,false,true,28,false,false,true,1,false,false,true,19,false
0.2,Sample,40,7,50.,2,false,true,13,false,false,true,2,false,false,true,3,false
0.2,Sample,40,7,50.,3,false,true,22,false,false,true,1,false,false,true,4,false
0.2,Sample,70,7,50.,1,false,true,28,false,false,true,1,false,false,true,7,false
0.2,Sample,70,7,50.,2,false,true,24,false,false,true,1,false,false,true,8,false
0.2,Sample,70,7,50.,3,false,true,25,false,false,true,1,false,false,true,6,false
0.2,Sample,100,7,50.,1,false,true,49,false,false,true,6,false,false,true,9,false
0.2,Sample,100,7,50.,2,false,true,33,false,false,true,19,false,false,true,7,false
0.2,Sample,100,7,50.,3,false,true,35,false,false,true,22,false,false,true,13,false
0.2,Sample,130,7,50.,1,false,true,40,false,false,true,1,false,false,true,8,false
0.2,Sample,130,7,50.,2,false,true,31,false,false,true,5,false,false,true,4,false
0.2,Sample,130,7,50.,3,false,true,52,false,false,true,1,false,false,true,24,false
0.3,Sample,10,3,50.,1,false,true,5,false,false,true,4,false,false,true,2,false
0.3,Sample,10,3,50.,2,false,true,4,false,false,true,3,false,false,true,1,false
0.3,Sample,10,3,50.,3,false,true,3,false,false,true,1,false,false,true,1,false
0.3,Sample,40,3,50.,1,false,true,5,false,false,true,1,false,false,true,1,false
0.3,Sample,40,3,50.,2,false,true,5,false,false,true,2,false,false,true,1,false
0.3,Sample,40,3,50.,3,false,true,5,false,false,true,1,false,false,true,1,false
0.3,Sample,70,3,50.,1,false,true,5,false,false,true,4,false,false,true,1,false
0.3,Sample,70,3,50.,2,false,true,6,false,false,true,1,false,false,true,2,false
0.3,Sample,70,3,50.,3,false,true,6,false,false,true,1,false,false,true,5,false
0.3,Sample,100,3,50.,1,false,true,6,false,false,true,3,false,false,true,2,false
0.3,Sample,100,3,50.,2,false,true,5,false,false,true,1,false,false,true,2,false
0.3,Sample,100,3,50.,3,false,true,4,false,false,true,2,false,false,true,1,false
0.3,Sample,130,3,50.,1,false,true,5,false,false,true,3,false,false,true,1,false
0.3,Sample,130,3,50.,2,false,true,6,false,false,true,6,false,false,true,1,false
0.3,Sample,130,3,50.,3,false,true,5,false,false,true,1,false,false,true,1,false
0.3,Sample,10,5,50.,1,false,true,6,false,false,true,2,false,false,true,3,false
0.3,Sample,10,5,50.,2,false,true,5,false,false,true,4,false,false,true,3,false
0.3,Sample,10,5,50.,3,false,true,8,false,false,true,2,false,false,true,4,false
0.3,Sample,40,5,50.,1,false,true,15,false,false,true,10,false,false,true,10,false
0.3,Sample,40,5,50.,2,false,true,17,false,false,true,7,false,false,true,5,false
0.3,Sample,40,5,50.,3,false,true,13,false,false,true,16,false,false,false,9,false
0.3,Sample,70,5,50.,1,false,true,13,false,false,true,1,false,false,true,1,false
0.3,Sample,70,5,50.,2,false,true,16,false,false,true,1,false,false,true,4,false
0.3,Sample,70,5,50.,3,false,true,16,false,false,true,1,false,false,true,6,false
0.3,Sample,100,5,50.,1,false,true,15,false,false,true,1,false,false,true,6,false
0.3,Sample,100,5,50.,2,false,true,17,false,false,true,2,false,false,true,1,false
0.3,Sample,100,5,50.,3,false,true,16,false,false,true,3,false,false,true,4,false
0.3,Sample,130,5,50.,1,false,true,17,false,false,true,2,false,false,true,5,false
0.3,Sample,130,5,50.,2,false,true,26,false,false,true,3,false,false,true,2,false
0.3,Sample,130,5,50.,3,false,true,44,false,false,true,9,false,false,true,18,false
0.3,Sample,10,7,50.,1,false,true,7,false,false,true,5,false,false,true,1,false
0.3,Sample,10,7,50.,2,false,true,10,false,false,true,5,false,false,true,7,false
0.3,Sample,10,7,50.,3,false,true,7,false,false,true,2,false,false,true,5,false
0.3,Sample,40,7,50.,1,false,true,10,false,false,true,1,false,false,true,3,false
0.3,Sample,40,7,50.,2,false,true,25,false,false,true,1,false,false,true,15,false
0.3,Sample,40,7,50.,3,false,true,27,false,false,true,1,false,false,true,17,false
0.3,Sample,70,7,50.,1,false,true,29,false,false,true,1,false,false,true,5,false
0.3,Sample,70,7,50.,2,false,true,25,false,false,true,3,false,false,true,4,false
0.3,Sample,70,7,50.,3,false,true,20,false,false,true,14,false,false,true,3,false
0.3,Sample,100,7,50.,1,false,true,29,false,false,true,2,false,false,true,6,false
0.3,Sample,100,7,50.,2,false,true,26,false,false,true,2,false,false,true,11,false
0.3,Sample,100,7,50.,3,false,true,36,false,false,true,1,false,false,true,6,false
0.3,Sample,130,7,50.,1,false,true,53,false,false,true,10,false,false,true,15,false
0.3,Sample,130,7,50.,2,false,true,43,false,false,true,3,false,false,true,11,false
0.3,Sample,130,7,50.,3,false,true,53,false,false,true,6,false,false,true,23,false
0.4,Sample,10,3,50.,1,false,true,3,false,false,true,3,false,false,true,1,false
0.4,Sample,10,3,50.,2,false,true,4,false,false,true,1,false,false,true,2,false
0.4,Sample,10,3,50.,3,false,true,2,false,false,true,1,false,false,true,1,false
0.4,Sample,40,3,50.,1,false,true,5,false,false,true,4,false,false,true,2,false
0.4,Sample,40,3,50.,2,false,true,5,false,false,true,4,false,false,true,1,false
0.4,Sample,40,3,50.,3,false,true,5,false,false,true,2,false,false,true,2,false
0.4,Sample,70,3,50.,1,false,true,5,false,false,true,1,false,false,true,3,false
0.4,Sample,70,3,50.,2,false,true,6,false,false,true,2,false,false,true,1,false
0.4,Sample,70,3,50.,3,false,true,4,false,false,true,6,false,false,true,1,false
0.4,Sample,100,3,50.,1,false,true,6,false,false,true,1,false,false,true,2,false
0.4,Sample,100,3,50.,2,false,true,6,false,false,true,5,false,false,true,2,false
0.4,Sample,100,3,50.,3,false,true,4,false,false,true,2,false,false,true,2,false
0.4,Sample,130,3,50.,1,false,true,5,false,false,true,5,false,false,true,1,false
0.4,Sample,130,3,50.,2,false,true,6,false,false,true,2,false,false,true,1,false
0.4,Sample,130,3,50.,3,false,true,6,false,false,true,2,false,false,true,3,false
0.4,Sample,10,5,50.,1,false,true,7,false,false,true,4,false,false,true,2,false
0.4,Sample,10,5,50.,2,false,true,10,false,true,false,5,true,false,true,7,false
0.4,Sample,10,5,50.,3,false,true,6,false,false,true,1,false,false,true,2,false
0.4,Sample,40,5,50.,1,false,true,14,false,false,true,1,false,false,true,3,false
0.4,Sample,40,5,50.,2,false,true,15,false,false,true,10,false,false,true,4,false
0.4,Sample,40,5,50.,3,false,true,16,false,false,true,1,false,false,true,6,false
0.4,Sample,70,5,50.,1,false,true,12,false,false,true,4,false,false,true,2,false
0.4,Sample,70,5,50.,2,false,true,15,false,false,true,2,false,false,true,3,false
0.4,Sample,70,5,50.,3,false,true,18,false,false,true,1,false,false,true,2,false
0.4,Sample,100,5,50.,1,false,true,18,false,false,true,15,false,false,true,6,false
0.4,Sample,100,5,50.,2,false,true,17,false,false,true,1,false,false,true,4,false
0.4,Sample,100,5,50.,3,false,true,19,false,false,true,4,false,false,true,5,false
0.4,Sample,130,5,50.,1,false,true,20,false,false,true,5,false,false,true,1,false
0.4,Sample,130,5,50.,2,false,true,19,false,false,true,14,false,false,true,4,false
0.4,Sample,130,5,50.,3,false,true,25,false,false,true,4,false,false,true,8,false
0.4,Sample,10,7,50.,1,false,true,8,false,false,true,4,false,false,true,4,false
0.4,Sample,10,7,50.,2,false,true,6,false,false,true,2,false,false,true,3,false
0.4,Sample,10,7,50.,3,false,false,10,true,false,true,2,false,false,true,7,false
0.4,Sample,40,7,50.,1,false,true,21,false,false,true,3,false,false,true,7,false
0.4,Sample,40,7,50.,2,false,true,14,false,false,true,1,false,false,true,4,false
0.4,Sample,40,7,50.,3,false,true,18,false,false,true,1,false,false,true,7,false
0.4,Sample,70,7,50.,1,false,true,50,false,false,true,1,false,false,true,19,false
0.4,Sample,70,7,50.,2,false,true,34,false,false,true,2,false,false,true,11,false
0.4,Sample,70,7,50.,3,false,true,30,false,true,true,27,true,false,true,9,false
0.4,Sample,100,7,50.,1,false,true,21,false,false,true,6,false,false,true,3,false
0.4,Sample,100,7,50.,2,false,true,30,false,false,true,2,false,false,true,6,false
0.4,Sample,100,7,50.,3,false,true,51,false,false,true,26,false,false,true,27,false
0.4,Sample,130,7,50.,1,false,true,61,false,false,true,18,false,false,true,28,false
0.4,Sample,130,7,50.,2,false,true,50,false,false,true,1,false,false,true,16,false
0.4,Sample,130,7,50.,3,false,true,40,false,false,true,13,false,false,true,12,false
0.5,Sample,10,3,50.,1,false,true,5,false,false,true,3,false,false,true,2,false
0.5,Sample,10,3,50.,2,false,true,4,false,false,true,3,false,false,true,1,false
0.5,Sample,10,3,50.,3,false,true,3,false,false,true,2,false,false,false,2,false
0.5,Sample,40,3,50.,1,false,true,4,false,false,true,1,false,false,true,2,false
0.5,Sample,40,3,50.,2,false,true,4,false,false,true,2,false,false,true,2,false
0.5,Sample,40,3,50.,3,false,true,5,false,false,true,3,false,false,true,3,false
0.5,Sample,70,3,50.,1,false,true,6,false,false,true,1,false,false,true,2,false
0.5,Sample,70,3,50.,2,false,true,6,false,false,true,3,false,false,true,2,false
0.5,Sample,70,3,50.,3,false,true,5,false,false,true,1,false,false,true,2,false
0.5,Sample,100,3,50.,1,false,true,6,false,false,true,3,false,false,true,5,false
0.5,Sample,100,3,50.,2,false,true,5,false,false,true,2,false,false,true,2,false
0.5,Sample,100,3,50.,3,false,true,4,false,false,true,1,false,false,true,1,false
0.5,Sample,130,3,50.,1,false,true,5,false,false,true,2,false,false,true,1,false
0.5,Sample,130,3,50.,2,false,true,6,false,false,true,2,false,false,true,2,false
0.5,Sample,130,3,50.,3,false,true,5,false,false,true,3,false,false,true,4,false
0.5,Sample,10,5,50.,1,false,true,8,false,false,true,4,false,false,true,3,false
0.5,Sample,10,5,50.,2,false,true,4,false,true,true,4,true,false,true,2,false
0.5,Sample,10,5,50.,3,false,true,8,false,false,true,2,false,false,true,4,false
0.5,Sample,40,5,50.,1,false,true,12,false,false,true,1,false,false,true,2,false
0.5,Sample,40,5,50.,2,false,true,9,false,false,true,1,false,false,true,2,false
0.5,Sample,40,5,50.,3,false,true,10,false,false,true,2,false,false,true,1,false
0.5,Sample,70,5,50.,1,false,true,21,false,false,true,5,false,false,true,4,false
0.5,Sample,70,5,50.,2,false,true,19,false,false,true,3,false,false,true,9,false
0.5,Sample,70,5,50.,3,false,true,17,false,false,true,4,false,false,true,6,false
0.5,Sample,100,5,50.,1,false,true,14,false,false,true,1,false,false,true,2,false
0.5,Sample,100,5,50.,2,false,true,23,false,false,true,7,false,false,true,7,false
0.5,Sample,100,5,50.,3,false,true,15,false,false,true,1,false,false,true,6,false
0.5,Sample,130,5,50.,1,false,true,29,false,false,true,15,false,false,true,14,false
0.5,Sample,130,5,50.,2,false,true,21,false,false,true,13,false,false,true,3,false
0.5,Sample,130,5,50.,3,false,true,21,false,false,true,1,false,false,true,2,false
0.5,Sample,10,7,50.,1,false,true,10,false,true,false,5,true,false,false,9,false
0.5,Sample,10,7,50.,2,false,true,5,false,false,true,4,false,false,true,3,false
0.5,Sample,10,7,50.,3,false,true,10,false,false,true,3,false,false,true,7,false
0.5,Sample,40,7,50.,1,false,true,13,false,false,true,1,false,false,true,2,false
0.5,Sample,40,7,50.,2,false,false,34,true,true,false,14,true,false,true,25,false
0.5,Sample,40,7,50.,3,false,true,14,false,false,true,1,false,false,true,4,false
0.5,Sample,70,7,50.,1,false,true,26,false,false,true,40,false,false,true,12,false
0.5,Sample,70,7,50.,2,false,true,28,false,false,true,1,false,false,true,10,false
0.5,Sample,70,7,50.,3,false,true,20,false,false,true,1,false,false,true,7,false
0.5,Sample,100,7,50.,1,false,true,21,false,false,true,4,false,false,true,3,false
0.5,Sample,100,7,50.,2,false,true,33,false,false,true,15,false,false,true,6,false
0.5,Sample,100,7,50.,3,false,true,40,false,false,true,12,false,false,true,14,false
0.5,Sample,130,7,50.,1,false,true,30,false,false,true,7,false,false,true,5,false
0.5,Sample,130,7,50.,2,false,true,55,false,false,true,6,false,false,true,9,false
0.5,Sample,130,7,50.,3,false,true,35,false,false,true,6,false,false,true,8,false
0.6,Sample,10,3,50.,1,false,true,5,false,false,true,2,false,false,true,1,false
0.6,Sample,10,3,50.,2,false,true,3,false,false,true,3,false,false,true,1,false
0.6,Sample,10,3,50.,3,false,true,4,false,false,true,2,false,false,true,1,false
0.6,Sample,40,3,50.,1,false,true,6,false,false,true,5,false,false,true,2,false
0.6,Sample,40,3,50.,2,false,true,3,false,false,true,2,false,false,true,2,false
0.6,Sample,40,3,50.,3,false,true,6,false,false,true,3,false,false,true,4,false
0.6,Sample,70,3,50.,1,false,true,5,false,false,true,2,false,false,true,2,false
0.6,Sample,70,3,50.,2,false,true,4,false,false,true,2,false,false,true,1,false
0.6,Sample,70,3,50.,3,false,true,5,false,false,true,1,false,false,true,1,false
0.6,Sample,100,3,50.,1,false,true,5,false,false,true,4,false,false,true,2,false
0.6,Sample,100,3,50.,2,false,true,4,false,false,true,3,false,false,true,1,false
0.6,Sample,100,3,50.,3,false,true,6,false,false,true,2,false,false,true,2,false
0.6,Sample,130,3,50.,1,false,true,6,false,false,true,2,false,false,true,1,false
0.6,Sample,130,3,50.,2,false,true,6,false,false,true,1,false,false,true,2,false
0.6,Sample,130,3,50.,3,false,true,6,false,false,true,1,false,false,true,1,false
0.6,Sample,10,5,50.,1,false,true,6,false,false,true,4,false,false,true,6,false
0.6,Sample,10,5,50.,2,false,true,6,false,false,true,4,false,false,true,1,false
0.6,Sample,10,5,50.,3,false,true,4,false,false,true,1,false,false,true,1,false
0.6,Sample,40,5,50.,1,false,true,16,false,false,true,2,false,false,true,4,false
0.6,Sample,40,5,50.,2,false,true,10,false,false,true,8,false,false,true,3,false
0.6,Sample,40,5,50.,3,false,true,19,false,false,true,1,false,false,true,7,false
0.6,Sample,70,5,50.,1,false,true,16,false,false,true,1,false,false,true,2,false
0.6,Sample,70,5,50.,2,false,true,27,false,false,true,18,false,false,true,12,false
0.6,Sample,70,5,50.,3,false,true,14,false,false,true,1,false,false,true,3,false
0.6,Sample,100,5,50.,1,false,true,19,false,false,true,2,false,false,true,3,false
0.6,Sample,100,5,50.,2,false,true,24,false,false,true,9,false,false,true,10,false
0.6,Sample,100,5,50.,3,false,true,23,false,false,true,3,false,false,true,5,false
0.6,Sample,130,5,50.,1,false,true,20,false,false,true,4,false,false,true,4,false
0.6,Sample,130,5,50.,2,false,true,16,false,false,true,12,false,false,true,4,false
0.6,Sample,130,5,50.,3,false,true,17,false,false,true,11,false,false,true,4,false
0.6,Sample,10,7,50.,1,false,true,7,false,true,true,3,true,false,true,4,false
0.6,Sample,10,7,50.,2,false,true,8,false,false,true,1,false,false,true,5,false
0.6,Sample,10,7,50.,3,false,true,8,false,false,true,2,false,false,true,6,false
0.6,Sample,40,7,50.,1,false,true,18,false,false,true,1,false,false,true,4,false
0.6,Sample,40,7,50.,2,false,true,21,false,false,true,1,false,false,true,6,false
0.6,Sample,40,7,50.,3,false,true,27,false,false,true,4,false,false,true,14,false
0.6,Sample,70,7,50.,1,false,true,29,false,false,true,1,false,false,true,2,false
0.6,Sample,70,7,50.,2,false,true,22,false,false,true,11,false,false,true,4,false
0.6,Sample,70,7,50.,3,false,true,30,false,false,true,1,false,false,true,6,false
0.6,Sample,100,7,50.,1,false,true,41,false,false,true,12,false,false,true,16,false
0.6,Sample,100,7,50.,2,false,true,37,false,false,true,2,false,false,true,7,false
0.6,Sample,100,7,50.,3,false,true,39,false,false,true,1,false,false,true,10,false
0.6,Sample,130,7,50.,1,false,true,36,false,false,true,3,false,false,true,4,false
0.6,Sample,130,7,50.,2,false,true,41,false,false,true,2,false,false,true,13,false
0.6,Sample,130,7,50.,3,false,true,32,false,false,true,2,false,false,true,10,false
0.7,Sample,10,3,50.,1,false,true,3,false,false,true,3,false,false,true,1,false
0.7,Sample,10,3,50.,2,false,true,2,false,false,true,2,false,false,true,1,false
0.7,Sample,10,3,50.,3,false,true,3,false,false,true,1,false,false,true,1,false
0.7,Sample,40,3,50.,1,false,true,4,false,false,true,5,false,false,true,1,false
0.7,Sample,40,3,50.,2,false,true,6,false,false,true,4,false,false,true,1,false
0.7,Sample,40,3,50.,3,false,true,4,false,false,true,2,false,false,true,2,false
0.7,Sample,70,3,50.,1,false,true,5,false,false,true,2,false,false,true,1,false
0.7,Sample,70,3,50.,2,false,true,6,false,false,true,1,false,false,true,1,false
0.7,Sample,70,3,50.,3,false,true,5,false,false,true,2,false,false,true,3,false
0.7,Sample,100,3,50.,1,false,true,5,false,false,true,3,false,false,true,2,false
0.7,Sample,100,3,50.,2,false,true,6,false,false,true,2,false,false,true,1,false
0.7,Sample,100,3,50.,3,false,true,6,false,false,true,1,false,false,true,5,false
0.7,Sample,130,3,50.,1,false,true,6,false,false,true,3,false,false,true,2,false
0.7,Sample,130,3,50.,2,false,true,6,false,false,true,3,false,false,true,2,false
0.7,Sample,130,3,50.,3,false,true,5,false,false,true,2,false,false,true,3,false
0.7,Sample,10,5,50.,1,false,true,5,false,true,true,4,true,false,true,2,false
0.7,Sample,10,5,50.,2,false,true,5,false,false,true,1,false,false,true,5,false
0.7,Sample,10,5,50.,3,false,true,5,false,false,true,2,false,false,true,1,false
0.7,Sample,40,5,50.,1,false,true,14,false,false,true,1,false,false,true,7,false
0.7,Sample,40,5,50.,2,false,true,22,false,false,true,9,false,false,true,6,false
0.7,Sample,40,5,50.,3,false,true,13,false,false,true,1,false,false,true,3,false
0.7,Sample,70,5,50.,1,false,true,18,false,false,true,3,false,false,true,7,false
0.7,Sample,70,5,50.,2,false,true,16,false,false,true,2,false,false,true,5,false
0.7,Sample,70,5,50.,3,false,true,13,false,false,true,2,false,false,true,5,false
0.7,Sample,100,5,50.,1,false,true,21,false,false,true,7,false,false,true,3,false
0.7,Sample,100,5,50.,2,false,true,25,false,false,true,5,false,false,true,4,false
0.7,Sample,100,5,50.,3,false,true,21,false,false,true,7,false,false,true,3,false
0.7,Sample,130,5,50.,1,false,true,26,false,false,true,5,false,false,true,2,false
0.7,Sample,130,5,50.,2,false,true,24,false,false,true,6,false,false,true,5,false
0.7,Sample,130,5,50.,3,false,true,12,false,false,true,1,false,false,true,4,false
0.7,Sample,10,7,50.,1,false,false,10,false,false,true,3,false,false,true,5,false
0.7,Sample,10,7,50.,2,false,true,7,false,true,false,4,true,false,true,3,false
0.7,Sample,10,7,50.,3,false,true,7,false,false,true,1,false,false,true,3,false
0.7,Sample,40,7,50.,1,false,true,17,false,false,false,13,false,false,true,7,false
0.7,Sample,40,7,50.,2,false,true,23,false,false,false,10,true,false,true,8,false
0.7,Sample,40,7,50.,3,false,true,28,false,false,true,1,false,false,true,15,false
0.7,Sample,70,7,50.,1,false,true,32,false,false,true,6,false,false,true,15,false
0.7,Sample,70,7,50.,2,false,true,32,false,false,true,1,false,false,true,18,false
0.7,Sample,70,7,50.,3,false,true,27,false,false,true,1,false,false,true,7,false
0.7,Sample,100,7,50.,1,false,true,47,false,false,true,7,false,false,true,17,false
0.7,Sample,100,7,50.,2,false,true,29,false,false,true,8,false,false,true,10,false
0.7,Sample,100,7,50.,3,false,true,47,false,false,true,18,false,false,true,10,false
0.7,Sample,130,7,50.,1,false,true,46,false,false,true,7,false,false,true,12,false
0.7,Sample,130,7,50.,2,false,true,38,false,false,true,12,false,false,true,13,false
0.7,Sample,130,7,50.,3,false,true,54,false,false,true,2,false,false,true,15,false
0.8,Sample,10,3,50.,1,false,true,5,false,false,true,4,false,false,true,3,false
0.8,Sample,10,3,50.,2,false,true,4,false,false,true,3,false,false,true,1,false
0.8,Sample,10,3,50.,3,false,true,2,false,false,true,2,false,false,true,1,false
0.8,Sample,40,3,50.,1,false,true,5,false,false,true,1,false,false,true,1,false
0.8,Sample,40,3,50.,2,false,true,2,false,false,true,2,false,false,true,1,false
0.8,Sample,40,3,50.,3,false,true,5,false,false,true,1,false,false,true,4,false
0.8,Sample,70,3,50.,1,false,true,6,false,false,true,1,false,false,true,3,false
0.8,Sample,70,3,50.,2,false,true,6,false,false,true,2,false,false,true,2,false
0.8,Sample,70,3,50.,3,false,true,6,false,false,true,1,false,false,true,1,false
0.8,Sample,100,3,50.,1,false,true,5,false,false,true,5,false,false,true,1,false
0.8,Sample,100,3,50.,2,false,true,5,false,false,true,3,false,false,true,1,false
0.8,Sample,100,3,50.,3,false,true,5,false,false,true,6,false,false,true,1,false
0.8,Sample,130,3,50.,1,false,true,6,false,false,true,4,false,false,true,2,false
0.8,Sample,130,3,50.,2,false,true,6,false,false,true,1,false,false,true,3,false
0.8,Sample,130,3,50.,3,false,true,6,false,false,true,2,false,false,true,2,false
0.8,Sample,10,5,50.,1,false,true,5,false,false,true,4,false,false,true,2,false
0.8,Sample,10,5,50.,2,false,true,6,false,true,true,4,true,false,true,2,false
0.8,Sample,10,5,50.,3,false,true,10,false,false,true,2,false,false,true,5,false
0.8,Sample,40,5,50.,1,false,true,16,false,false,true,1,false,false,true,5,false
0.8,Sample,40,5,50.,2,false,true,22,false,false,true,10,false,false,true,6,false
0.8,Sample,40,5,50.,3,false,true,14,false,false,true,1,false,false,true,3,false
0.8,Sample,70,5,50.,1,false,true,17,false,false,true,3,false,false,true,3,false
0.8,Sample,70,5,50.,2,false,true,15,false,false,true,13,false,false,true,1,false
0.8,Sample,70,5,50.,3,false,true,12,false,false,true,7,false,false,true,3,false
0.8,Sample,100,5,50.,1,false,true,31,false,false,true,3,false,false,true,12,false
0.8,Sample,100,5,50.,2,false,true,19,false,false,true,2,false,false,true,8,false
0.8,Sample,100,5,50.,3,false,true,15,false,false,true,3,false,false,true,6,false
0.8,Sample,130,5,50.,1,false,true,20,false,false,true,6,false,false,true,4,false
0.8,Sample,130,5,50.,2,false,true,31,false,false,true,3,false,false,true,9,false
0.8,Sample,130,5,50.,3,false,true,16,false,false,true,7,false,false,true,2,false
0.8,Sample,10,7,50.,1,false,true,7,false,false,true,2,false,false,true,2,false
0.8,Sample,10,7,50.,2,false,true,10,false,false,true,1,false,false,false,10,false
0.8,Sample,10,7,50.,3,false,true,10,false,false,true,2,false,false,true,9,false
0.8,Sample,40,7,50.,1,false,true,21,false,false,true,1,false,false,true,7,false
0.8,Sample,40,7,50.,2,false,true,16,false,false,true,1,false,false,true,3,false
0.8,Sample,40,7,50.,3,false,false,25,false,false,true,3,false,false,true,10,false
0.8,Sample,70,7,50.,1,false,true,25,false,false,true,1,false,false,true,3,false
0.8,Sample,70,7,50.,2,false,true,36,false,false,true,1,false,false,true,9,false
0.8,Sample,70,7,50.,3,false,true,22,false,false,true,4,false,false,true,4,false
0.8,Sample,100,7,50.,1,false,true,41,false,false,true,1,false,false,true,13,false
0.8,Sample,100,7,50.,2,false,true,59,false,false,true,7,false,false,true,26,false
0.8,Sample,100,7,50.,3,false,true,30,false,false,true,5,false,false,true,7,false
0.8,Sample,130,7,50.,1,false,true,36,false,false,true,6,false,false,true,7,false
0.8,Sample,130,7,50.,2,false,true,40,false,false,true,24,false,false,true,12,false
0.8,Sample,130,7,50.,3,false,true,41,false,false,true,9,false,false,true,8,false
0.9,Sample,10,3,50.,1,false,true,4,false,false,true,4,false,false,true,2,false
0.9,Sample,10,3,50.,2,false,true,4,false,false,true,3,false,false,true,1,false
0.9,Sample,10,3,50.,3,false,true,3,false,false,true,2,false,false,true,1,false
0.9,Sample,40,3,50.,1,false,true,5,false,false,true,6,false,false,true,3,false
0.9,Sample,40,3,50.,2,false,true,6,false,false,true,6,false,false,true,2,false
0.9,Sample,40,3,50.,3,false,true,6,false,false,true,2,false,false,true,2,false
0.9,Sample,70,3,50.,1,false,true,5,false,false,true,1,false,false,true,2,false
0.9,Sample,70,3,50.,2,false,true,6,false,false,true,2,false,false,true,6,false
0.9,Sample,70,3,50.,3,false,true,4,false,false,true,1,false,false,true,1,false
0.9,Sample,100,3,50.,1,false,true,6,false,false,true,3,false,false,true,2,false
0.9,Sample,100,3,50.,2,false,true,4,false,false,true,4,false,false,true,2,false
0.9,Sample,100,3,50.,3,false,true,4,false,false,true,2,false,false,true,1,false
0.9,Sample,130,3,50.,1,false,true,6,false,false,true,1,false,false,true,4,false
0.9,Sample,130,3,50.,2,false,true,5,false,false,true,1,false,false,true,1,false
0.9,Sample,130,3,50.,3,false,true,6,false,false,true,1,false,false,true,6,false
0.9,Sample,10,5,50.,1,false,true,7,true,false,true,3,false,false,true,7,false
0.9,Sample,10,5,50.,2,false,true,7,false,true,false,3,true,false,true,6,false
0.9,Sample,10,5,50.,3,false,true,5,false,false,true,1,false,false,true,2,false
0.9,Sample,40,5,50.,1,false,true,14,false,false,true,12,false,false,true,6,false
0.9,Sample,40,5,50.,2,false,true,11,false,false,false,15,true,false,true,1,false
0.9,Sample,40,5,50.,3,false,true,21,false,false,true,4,false,false,true,2,false
0.9,Sample,70,5,50.,1,false,true,21,false,false,true,1,false,false,true,3,false
0.9,Sample,70,5,50.,2,false,true,16,false,false,true,5,false,false,true,7,false
0.9,Sample,70,5,50.,3,false,true,17,false,false,true,15,false,false,true,5,false
0.9,Sample,100,5,50.,1,false,true,21,false,false,true,9,false,false,true,2,false
0.9,Sample,100,5,50.,2,false,true,31,false,false,true,1,false,false,true,12,false
0.9,Sample,100,5,50.,3,false,true,15,false,false,true,5,false,false,true,3,false
0.9,Sample,130,5,50.,1,false,true,27,false,false,true,1,false,false,true,4,false
0.9,Sample,130,5,50.,2,false,true,21,false,false,true,10,false,false,true,4,false
0.9,Sample,130,5,50.,3,false,true,17,false,false,true,1,false,false,true,2,false
0.9,Sample,10,7,50.,1,false,true,9,false,true,false,4,true,false,false,6,false
0.9,Sample,10,7,50.,2,false,false,9,false,true,true,5,true,false,true,2,false
0.9,Sample,10,7,50.,3,false,true,5,false,false,true,1,false,false,true,2,false
0.9,Sample,40,7,50.,1,false,true,17,false,false,true,1,false,false,true,6,false
0.9,Sample,40,7,50.,2,true,true,28,true,false,true,14,false,false,true,6,false
0.9,Sample,40,7,50.,3,false,true,28,false,false,true,1,false,false,true,13,false
0.9,Sample,70,7,50.,1,false,true,44,false,false,true,1,false,false,true,23,false
0.9,Sample,70,7,50.,2,false,true,34,false,false,true,1,false,false,true,14,false
0.9,Sample,70,7,50.,3,false,true,16,false,false,true,1,false,false,true,4,false
0.9,Sample,100,7,50.,1,false,true,41,false,false,true,6,false,false,true,5,false
0.9,Sample,100,7,50.,2,false,true,31,false,false,true,3,false,false,true,12,false
0.9,Sample,100,7,50.,3,false,true,30,false,false,true,19,false,false,true,11,false
0.9,Sample,130,7,50.,1,false,true,50,false,false,true,13,false,false,true,17,false
0.9,Sample,130,7,50.,2,false,true,62,false,false,true,18,false,false,true,15,false
0.9,Sample,130,7,50.,3,false,true,33,false,false,true,4,false,false,true,12,false
1.,Sample,10,3,50.,1,false,true,3,false,false,true,2,false,false,true,2,false
1.,Sample,10,3,50.,2,false,true,4,false,false,true,1,false,false,true,1,false
1.,Sample,10,3,50.,3,false,true,2,false,false,true,2,false,false,true,1,false
1.,Sample,40,3,50.,1,false,true,3,false,false,true,3,false,false,true,1,false
1.,Sample,40,3,50.,2,false,true,5,false,false,true,4,false,false,true,1,false
1.,Sample,40,3,50.,3,false,true,5,false,false,true,2,false,false,true,1,false
1.,Sample,70,3,50.,1,false,true,6,false,false,true,1,false,false,true,2,false
1.,Sample,70,3,50.,2,false,true,6,false,false,true,1,false,false,true,1,false
1.,Sample,70,3,50.,3,false,true,6,false,false,true,2,false,false,true,3,false
1.,Sample,100,3,50.,1,false,true,4,false,false,true,2,false,false,true,1,false
1.,Sample,100,3,50.,2,false,true,6,false,false,true,1,false,false,true,1,false
1.,Sample,100,3,50.,3,false,true,6,false,false,true,2,false,false,true,2,false
1.,Sample,130,3,50.,1,false,true,5,false,false,true,2,false,false,true,1,false
1.,Sample,130,3,50.,2,false,true,6,false,false,true,1,false,false,true,4,false
1.,Sample,130,3,50.,3,false,true,6,false,false,true,1,false,false,true,2,false
1.,Sample,10,5,50.,1,false,true,5,false,false,true,4,false,false,true,1,false
1.,Sample,10,5,50.,2,false,true,8,false,true,true,4,true,false,true,1,false
1.,Sample,10,5,50.,3,false,true,7,false,false,true,1,false,false,true,3,false
1.,Sample,40,5,50.,1,false,true,9,false,false,true,1,false,false,true,2,false
1.,Sample,40,5,50.,2,false,true,24,false,false,true,15,true,false,true,8,false
1.,Sample,40,5,50.,3,false,true,16,false,false,true,1,false,false,true,6,false
1.,Sample,70,5,50.,1,false,true,18,false,false,true,1,false,false,true,6,false
1.,Sample,70,5,50.,2,false,true,16,false,false,true,6,false,false,true,3,false
1.,Sample,70,5,50.,3,false,true,19,false,false,true,5,false,false,true,4,false
1.,Sample,100,5,50.,1,false,true,24,false,false,true,3,false,false,false,6,false
1.,Sample,100,5,50.,2,false,true,25,false,false,true,14,false,false,true,5,false
1.,Sample,100,5,50.,3,false,true,16,false,false,true,8,false,false,true,3,false
1.,Sample,130,5,50.,1,false,true,16,false,false,true,4,false,false,true,1,false
1.,Sample,130,5,50.,2,false,true,16,false,false,true,3,false,false,true,2,false
1.,Sample,130,5,50.,3,false,true,22,false,false,true,5,false,false,true,4,false
1.,Sample,10,7,50.,1,false,true,7,false,false,true,4,false,false,true,1,false
1.,Sample,10,7,50.,2,false,true,10,false,false,true,1,false,false,true,3,false
1.,Sample,10,7,50.,3,false,true,8,false,false,true,2,false,false,true,4,false
1.,Sample,40,7,50.,1,false,true,12,false,false,true,1,false,false,true,3,false
1.,Sample,40,7,50.,2,false,true,21,false,false,true,7,false,false,false,11,false
1.,Sample,40,7,50.,3,false,true,21,false,false,true,1,false,false,true,7,false
1.,Sample,70,7,50.,1,false,true,21,false,false,true,3,false,false,true,2,false
1.,Sample,70,7,50.,2,false,true,18,false,false,true,1,false,false,true,4,false
1.,Sample,70,7,50.,3,false,true,36,false,false,true,1,false,false,true,12,false
1.,Sample,100,7,50.,1,false,true,36,false,false,true,1,false,false,true,6,false
1.,Sample,100,7,50.,2,false,true,36,false,false,true,12,false,false,true,11,false
1.,Sample,100,7,50.,3,false,true,53,false,false,true,3,false,false,true,17,false
1.,Sample,130,7,50.,1,false,true,70,false,false,true,2,false,false,true,25,false
1.,Sample,130,7,50.,2,false,true,47,false,false,true,10,false,false,true,13,false
1.,Sample,130,7,50.,3,false,true,46,false,false,true,23,false,false,true,12,false
1.1,Sample,10,3,50.,1,false,true,3,false,false,true,3,false,false,true,2,false
1.1,Sample,10,3,50.,2,false,true,4,false,false,true,3,false,false,true,3,false
1.1,Sample,10,3,50.,3,false,true,3,false,false,true,1,false,false,true,1,false
1.1,Sample,40,3,50.,1,false,true,4,false,false,true,1,false,false,true,1,false
1.1,Sample,40,3,50.,2,false,true,3,false,false,true,3,false,false,true,2,false
1.1,Sample,40,3,50.,3,false,true,5,false,false,true,1,false,false,true,1,false
1.1,Sample,70,3,50.,1,false,true,5,false,false,true,3,false,false,true,1,false
1.1,Sample,70,3,50.,2,false,true,6,false,false,true,1,false,false,true,2,false
1.1,Sample,70,3,50.,3,false,true,6,false,false,true,4,false,false,true,6,false
1.1,Sample,100,3,50.,1,false,true,6,false,false,true,4,false,false,true,1,false
1.1,Sample,100,3,50.,2,false,true,6,false,false,true,3,false,false,true,2,false
1.1,Sample,100,3,50.,3,false,true,6,false,false,true,1,false,false,true,1,false
1.1,Sample,130,3,50.,1,false,true,6,false,false,true,4,false,false,true,2,false
1.1,Sample,130,3,50.,2,false,true,5,false,false,true,2,false,false,true,2,false
1.1,Sample,130,3,50.,3,false,true,6,false,false,true,1,false,false,true,1,false
1.1,Sample,10,5,50.,1,false,true,5,false,false,true,4,false,false,true,2,false
1.1,Sample,10,5,50.,2,false,false,8,false,false,true,1,false,false,true,3,false
1.1,Sample,10,5,50.,3,false,true,6,false,false,true,2,false,false,true,1,false
1.1,Sample,40,5,50.,1,false,true,8,false,false,true,1,false,false,true,2,false
1.1,Sample,40,5,50.,2,false,true,6,false,false,true,6,false,false,true,2,false
1.1,Sample,40,5,50.,3,false,true,8,false,false,true,1,false,false,true,2,false
1.1,Sample,70,5,50.,1,false,true,32,false,false,true,23,false,false,true,17,false
1.1,Sample,70,5,50.,2,false,true,19,false,false,true,10,false,false,true,4,false
1.1,Sample,70,5,50.,3,false,true,14,false,false,true,9,false,false,true,3,false
1.1,Sample,100,5,50.,1,false,true,12,false,false,true,3,false,false,true,2,false
1.1,Sample,100,5,50.,2,false,true,26,false,false,true,9,false,false,true,11,false
1.1,Sample,100,5,50.,3,false,true,21,false,false,true,1,false,false,true,4,false
1.1,Sample,130,5,50.,1,false,true,13,false,false,true,6,false,false,true,2,false
1.1,Sample,130,5,50.,2,false,true,22,false,false,true,1,false,false,true,6,false
1.1,Sample,130,5,50.,3,false,true,18,false,false,true,1,false,false,true,2,false
1.1,Sample,10,7,50.,1,false,true,7,false,true,false,4,true,false,true,2,false
1.1,Sample,10,7,50.,2,false,true,6,false,false,true,5,false,false,true,3,false
1.1,Sample,10,7,50.,3,false,true,9,false,false,true,4,false,false,true,5,false
1.1,Sample,40,7,50.,1,false,false,17,false,false,true,29,false,false,true,10,false
1.1,Sample,40,7,50.,2,false,true,21,false,false,true,2,false,false,true,5,false
1.1,Sample,40,7,50.,3,false,true,27,false,false,true,1,false,false,true,11,false
1.1,Sample,70,7,50.,1,false,true,24,false,false,true,1,false,false,true,4,false
1.1,Sample,70,7,50.,2,false,true,41,false,false,true,1,false,false,true,17,false
1.1,Sample,70,7,50.,3,false,true,28,false,false,true,1,false,false,true,6,false
1.1,Sample,100,7,50.,1,false,true,35,false,false,true,13,false,false,true,15,false
1.1,Sample,100,7,50.,2,false,true,26,false,false,true,8,false,false,true,5,false
1.1,Sample,100,7,50.,3,false,true,43,false,false,true,30,false,false,true,12,false
1.1,Sample,130,7,50.,1,false,true,36,false,false,true,13,false,false,true,16,false
1.1,Sample,130,7,50.,2,false,true,48,false,false,true,14,false,false,true,9,false
1.1,Sample,130,7,50.,3,false,true,28,false,false,true,6,false,false,true,3,false
1.2,Sample,10,3,50.,1,false,true,3,false,false,true,3,false,false,true,2,false
1.2,Sample,10,3,50.,2,false,true,4,false,false,true,3,false,false,true,1,false
1.2,Sample,10,3,50.,3,false,true,5,false,false,true,1,false,false,true,3,false
1.2,Sample,40,3,50.,1,false,true,4,false,false,true,4,false,false,true,2,false
1.2,Sample,40,3,50.,2,false,true,5,false,false,true,3,false,false,true,1,false
1.2,Sample,40,3,50.,3,false,true,4,false,false,true,1,false,false,true,2,false
1.2,Sample,70,3,50.,1,false,true,5,false,false,true,1,false,false,true,2,false
1.2,Sample,70,3,50.,2,false,true,4,false,false,true,5,false,false,true,1,false
1.2,Sample,70,3,50.,3,false,true,6,false,false,true,1,false,false,true,2,false
1.2,Sample,100,3,50.,1,false,true,5,false,false,true,3,false,false,true,1,false
1.2,Sample,100,3,50.,2,false,true,5,false,false,true,2,false,false,true,1,false
1.2,Sample,100,3,50.,3,false,true,4,false,false,true,2,false,false,true,1,false
1.2,Sample,130,3,50.,1,false,true,6,false,false,true,1,false,false,true,1,false
1.2,Sample,130,3,50.,2,false,true,4,false,false,true,2,false,false,true,1,false
1.2,Sample,130,3,50.,3,false,true,5,false,false,true,1,false,false,true,2,false
1.2,Sample,10,5,50.,1,false,true,7,false,false,true,4,false,false,true,2,false
1.2,Sample,10,5,50.,2,false,true,6,false,true,false,4,true,false,true,2,false
1.2,Sample,10,5,50.,3,false,true,8,false,false,true,1,false,false,true,2,false
1.2,Sample,40,5,50.,1,false,true,12,false,false,true,1,false,false,true,2,false
1.2,Sample,40,5,50.,2,false,true,8,false,false,true,6,false,false,true,1,false
1.2,Sample,40,5,50.,3,false,true,10,false,false,true,1,false,false,true,3,false
1.2,Sample,70,5,50.,1,false,true,16,false,false,true,1,false,false,true,6,false
1.2,Sample,70,5,50.,2,false,true,12,false,false,true,1,false,false,true,3,false
1.2,Sample,70,5,50.,3,false,true,12,false,false,true,28,false,false,true,2,false
1.2,Sample,100,5,50.,1,false,true,19,false,false,true,8,false,false,true,4,false
1.2,Sample,100,5,50.,2,false,true,22,false,false,true,2,false,false,true,6,false
1.2,Sample,100,5,50.,3,false,true,15,false,false,true,13,false,false,true,2,false
1.2,Sample,130,5,50.,1,false,true,32,false,false,true,8,false,false,true,6,false
1.2,Sample,130,5,50.,2,false,true,29,false,false,true,11,false,false,true,12,false
1.2,Sample,130,5,50.,3,false,true,18,false,false,true,2,false,false,true,3,false
1.2,Sample,10,7,50.,1,false,true,6,false,true,true,3,true,false,true,3,false
1.2,Sample,10,7,50.,2,false,true,10,false,false,true,4,false,false,false,9,false
1.2,Sample,10,7,50.,3,false,true,8,false,false,true,2,false,false,true,3,false
1.2,Sample,40,7,50.,1,false,true,19,false,false,true,1,false,false,true,5,false
1.2,Sample,40,7,50.,2,false,true,23,false,false,true,7,false,false,true,7,false
1.2,Sample,40,7,50.,3,false,true,13,false,false,true,1,false,false,true,2,false
1.2,Sample,70,7,50.,1,false,true,22,false,false,true,3,false,false,true,7,false
1.2,Sample,70,7,50.,2,false,true,23,false,false,true,1,false,false,true,3,false
1.2,Sample,70,7,50.,3,false,true,24,false,false,true,1,false,false,true,9,false
1.2,Sample,100,7,50.,1,false,true,56,false,false,true,11,false,false,true,32,false
1.2,Sample,100,7,50.,2,false,true,54,false,false,true,1,false,false,true,34,false
1.2,Sample,100,7,50.,3,false,true,41,false,false,true,1,false,false,true,8,false
1.2,Sample,130,7,50.,1,false,true,33,false,false,true,16,false,false,true,6,false
1.2,Sample,130,7,50.,2,false,true,41,false,false,true,8,false,false,true,18,false
1.2,Sample,130,7,50.,3,false,true,37,false,false,true,2,false,false,true,2,false
1.3,Sample,10,3,50.,1,false,true,2,false,false,true,2,false,false,true,1,false
1.3,Sample,10,3,50.,2,false,true,5,false,false,true,3,false,false,true,3,false
1.3,Sample,10,3,50.,3,false,true,5,false,false,true,2,false,false,true,1,false
1.3,Sample,40,3,50.,1,false,true,4,false,false,true,2,false,false,true,1,false
1.3,Sample,40,3,50.,2,false,true,5,false,false,true,3,false,false,true,2,false
1.3,Sample,40,3,50.,3,false,true,3,false,false,true,2,false,false,true,2,false
1.3,Sample,70,3,50.,1,false,true,6,false,false,true,5,false,false,true,5,false
1.3,Sample,70,3,50.,2,false,true,5,false,false,true,1,false,false,true,1,false
1.3,Sample,70,3,50.,3,false,true,6,false,false,true,3,false,false,true,1,false
1.3,Sample,100,3,50.,1,false,true,6,false,false,true,1,false,false,true,6,false
1.3,Sample,100,3,50.,2,false,true,6,false,false,true,1,false,false,true,2,false
1.3,Sample,100,3,50.,3,false,true,5,false,false,true,3,false,false,true,3,false
1.3,Sample,130,3,50.,1,false,true,4,false,false,true,1,false,false,true,2,false
1.3,Sample,130,3,50.,2,false,true,6,false,false,true,2,false,false,true,2,false
1.3,Sample,130,3,50.,3,false,true,6,false,false,true,1,false,false,true,3,false
1.3,Sample,10,5,50.,1,false,true,7,false,false,true,4,false,false,true,3,false
1.3,Sample,10,5,50.,2,false,true,8,false,false,true,4,false,false,true,3,false
1.3,Sample,10,5,50.,3,false,true,5,false,false,true,3,false,false,true,1,false
1.3,Sample,40,5,50.,1,false,true,7,false,false,true,1,false,false,true,1,false
1.3,Sample,40,5,50.,2,false,true,11,false,false,true,5,false,false,true,2,false
1.3,Sample,40,5,50.,3,false,true,9,false,false,true,2,false,false,true,1,false
1.3,Sample,70,5,50.,1,false,true,18,false,false,true,6,false,false,true,6,false
1.3,Sample,70,5,50.,2,false,true,14,false,false,true,2,false,false,true,4,false
1.3,Sample,70,5,50.,3,false,true,14,false,false,true,1,false,false,true,4,false
1.3,Sample,100,5,50.,1,false,true,18,false,false,true,5,false,false,true,3,false
1.3,Sample,100,5,50.,2,false,true,14,false,false,true,11,false,false,true,8,false
1.3,Sample,100,5,50.,3,false,true,24,false,false,true,8,false,false,true,8,false
1.3,Sample,130,5,50.,1,false,true,23,false,false,true,3,false,false,true,9,false
1.3,Sample,130,5,50.,2,false,true,21,false,false,true,1,false,false,true,3,false
1.3,Sample,130,5,50.,3,false,true,18,false,false,true,1,false,false,true,3,false
1.3,Sample,10,7,50.,1,false,true,8,true,false,true,5,false,false,true,7,false
1.3,Sample,10,7,50.,2,false,true,8,false,true,false,5,true,false,true,8,false
1.3,Sample,10,7,50.,3,false,false,9,false,false,true,3,false,false,true,10,false
1.3,Sample,40,7,50.,1,false,true,19,false,false,true,2,false,false,true,4,false
1.3,Sample,40,7,50.,2,false,true,8,false,false,true,1,false,false,true,2,false
1.3,Sample,40,7,50.,3,false,true,26,false,false,true,1,false,false,true,16,false
1.3,Sample,70,7,50.,1,false,true,26,false,false,true,5,false,false,true,3,false
1.3,Sample,70,7,50.,2,false,true,26,false,false,true,15,false,false,true,6,false
1.3,Sample,70,7,50.,3,false,true,26,false,false,true,6,false,false,false,10,false
1.3,Sample,100,7,50.,1,false,true,29,false,false,true,36,false,false,true,4,false
1.3,Sample,100,7,50.,2,false,true,55,false,false,true,4,false,false,true,25,false
1.3,Sample,100,7,50.,3,false,true,17,false,false,true,12,false,false,true,1,false
1.3,Sample,130,7,50.,1,false,true,81,false,false,true,2,false,false,true,63,false
1.3,Sample,130,7,50.,2,false,true,38,false,false,true,13,false,false,true,5,false
1.3,Sample,130,7,50.,3,false,true,34,false,false,true,18,false,false,true,11,false
1.4,Sample,10,3,50.,1,false,true,4,false,false,true,4,false,false,true,3,false
1.4,Sample,10,3,50.,2,false,true,3,false,false,true,2,false,false,true,1,false
1.4,Sample,10,3,50.,3,false,true,4,false,false,true,2,false,false,true,1,false
1.4,Sample,40,3,50.,1,false,true,5,false,false,true,2,false,false,true,1,false
1.4,Sample,40,3,50.,2,false,true,6,false,false,true,5,false,false,true,3,false
1.4,Sample,40,3,50.,3,false,true,4,false,false,true,2,false,false,true,1,false
1.4,Sample,70,3,50.,1,false,true,5,false,false,true,3,false,false,true,1,false
1.4,Sample,70,3,50.,2,false,true,6,false,false,true,2,false,false,true,1,false
1.4,Sample,70,3,50.,3,false,true,6,false,false,true,2,false,false,true,2,false
1.4,Sample,100,3,50.,1,false,true,6,false,false,true,4,false,false,true,2,false
1.4,Sample,100,3,50.,2,false,true,5,false,false,true,4,false,false,true,2,false
1.4,Sample,100,3,50.,3,false,true,5,false,false,true,3,false,false,true,2,false
1.4,Sample,130,3,50.,1,false,true,6,false,false,true,2,false,false,true,6,false
1.4,Sample,130,3,50.,2,false,true,6,false,false,true,3,false,false,true,2,false
1.4,Sample,130,3,50.,3,false,true,6,false,false,true,3,false,false,true,2,false
1.4,Sample,10,5,50.,1,false,true,6,false,false,true,4,false,false,true,2,false
1.4,Sample,10,5,50.,2,false,true,8,false,false,true,4,false,false,true,2,false
1.4,Sample,10,5,50.,3,false,true,4,false,false,true,2,false,false,false,3,false
1.4,Sample,40,5,50.,1,false,true,8,false,false,true,1,false,false,true,2,false
1.4,Sample,40,5,50.,2,false,true,9,false,false,true,2,false,false,true,1,false
1.4,Sample,40,5,50.,3,false,true,18,false,false,true,1,false,false,true,5,false
1.4,Sample,70,5,50.,1,false,true,21,false,false,true,1,false,false,true,3,false
1.4,Sample,70,5,50.,2,false,true,20,false,false,true,1,false,false,true,3,false
1.4,Sample,70,5,50.,3,false,true,19,false,false,true,9,false,false,true,8,false
1.4,Sample,100,5,50.,1,false,true,15,false,false,true,7,false,false,true,3,false
1.4,Sample,100,5,50.,2,false,true,21,false,false,true,8,false,false,true,6,false
1.4,Sample,100,5,50.,3,false,true,14,false,false,true,12,false,false,true,2,false
1.4,Sample,130,5,50.,1,false,true,26,false,false,true,1,false,false,true,7,false
1.4,Sample,130,5,50.,2,false,true,20,false,false,true,7,false,false,true,5,false
1.4,Sample,130,5,50.,3,false,true,21,false,false,true,1,false,false,true,2,false
1.4,Sample,10,7,50.,1,false,true,9,false,true,false,4,true,false,true,7,false
1.4,Sample,10,7,50.,2,false,true,4,false,false,true,4,false,false,true,1,false
1.4,Sample,10,7,50.,3,false,true,7,false,false,true,4,false,false,true,3,false
1.4,Sample,40,7,50.,1,false,true,15,false,false,true,1,false,false,true,3,false
1.4,Sample,40,7,50.,2,false,true,14,false,false,true,2,false,false,true,6,false
1.4,Sample,40,7,50.,3,false,true,26,false,false,true,1,false,false,true,11,false
1.4,Sample,70,7,50.,1,false,true,21,false,false,true,6,false,false,true,10,false
1.4,Sample,70,7,50.,2,false,false,29,false,false,true,1,false,false,true,15,false
1.4,Sample,70,7,50.,3,false,true,35,false,false,true,4,false,false,true,23,false
1.4,Sample,100,7,50.,1,false,true,44,false,false,true,6,false,false,true,10,false
1.4,Sample,100,7,50.,2,false,true,39,false,false,true,6,false,false,true,10,false
1.4,Sample,100,7,50.,3,false,true,35,false,false,true,11,false,false,true,8,false
1.4,Sample,130,7,50.,1,false,true,52,false,false,true,18,false,false,true,13,false
1.4,Sample,130,7,50.,2,false,true,36,false,false,true,5,false,false,true,6,false
1.4,Sample,130,7,50.,3,false,true,60,false,false,true,23,false,false,true,18,false
0.1,Voter,10,3,50.,1,false,true,3,false,false,true,2,false,false,true,1,false
0.1,Voter,10,3,50.,2,false,true,4,false,false,true,4,false,false,true,2,false
0.1,Voter,10,3,50.,3,false,true,3,false,false,true,1,false,false,true,1,false
0.1,Voter,40,3,50.,1,false,true,4,false,false,true,3,false,false,true,2,false
0.1,Voter,40,3,50.,2,false,true,6,false,false,true,4,false,false,true,4,false
0.1,Voter,40,3,50.,3,false,true,5,false,false,true,1,false,false,true,2,false
0.1,Voter,70,3,50.,1,false,true,6,false,false,true,4,false,false,true,2,false
0.1,Voter,70,3,50.,2,false,true,4,false,false,true,2,false,false,true,2,false
0.1,Voter,70,3,50.,3,false,true,4,false,false,true,1,false,false,true,1,false
0.1,Voter,100,3,50.,1,false,true,6,false,false,true,2,false,false,true,3,false
0.1,Voter,100,3,50.,2,false,true,3,false,false,true,1,false,false,true,2,false
0.1,Voter,100,3,50.,3,false,true,5,false,false,true,1,false,false,true,2,false
0.1,Voter,130,3,50.,1,false,true,6,false,false,true,3,false,false,true,1,false
0.1,Voter,130,3,50.,2,false,true,6,false,false,true,1,false,false,true,1,false
0.1,Voter,130,3,50.,3,false,true,5,false,false,true,2,false,false,true,2,false
0.1,Voter,10,5,50.,1,false,false,8,false,false,true,5,false,false,true,3,false
0.1,Voter,10,5,50.,2,false,false,5,true,false,true,3,false,false,true,3,false
0.1,Voter,10,5,50.,3,false,true,5,false,false,true,2,false,false,true,3,false
0.1,Voter,40,5,50.,1,false,true,13,false,false,true,10,false,false,true,8,false
0.1,Voter,40,5,50.,2,false,true,15,false,false,true,2,false,false,true,6,false
0.1,Voter,40,5,50.,3,false,true,16,false,false,true,6,false,false,true,7,false
0.1,Voter,70,5,50.,1,false,true,9,false,false,true,1,false,false,true,2,false
0.1,Voter,70,5,50.,2,false,true,21,false,false,true,3,false,false,true,3,false
0.1,Voter,70,5,50.,3,false,true,15,false,false,true,1,false,false,true,1,false
0.1,Voter,100,5,50.,1,false,true,17,false,false,true,7,false,false,true,13,false
0.1,Voter,100,5,50.,2,false,true,12,false,false,true,2,false,false,true,6,false
0.1,Voter,100,5,50.,3,false,true,15,false,false,true,4,false,false,true,6,false
0.1,Voter,130,5,50.,1,false,true,13,false,false,true,1,false,false,true,4,false
0.1,Voter,130,5,50.,2,false,true,18,false,false,true,3,false,false,true,3,false
0.1,Voter,130,5,50.,3,false,true,28,false,false,true,1,false,false,true,4,false
0.1,Voter,10,7,50.,1,false,true,4,false,false,true,5,false,false,true,1,false
0.1,Voter,10,7,50.,2,false,true,9,false,false,true,6,false,false,true,4,false
0.1,Voter,10,7,50.,3,false,true,6,false,false,true,1,false,false,true,2,false
0.1,Voter,40,7,50.,1,false,true,24,false,false,true,1,false,false,true,6,false
0.1,Voter,40,7,50.,2,false,true,15,false,false,true,7,false,false,true,6,false
0.1,Voter,40,7,50.,3,false,true,19,false,false,true,2,false,false,true,5,false
0.1,Voter,70,7,50.,1,false,true,39,false,false,true,1,false,false,true,21,false
0.1,Voter,70,7,50.,2,false,true,40,false,false,true,2,false,false,true,10,false
0.1,Voter,70,7,50.,3,false,false,47,false,false,true,4,false,false,true,34,false
0.1,Voter,100,7,50.,1,false,true,31,false,false,true,3,false,false,true,8,false
0.1,Voter,100,7,50.,2,false,true,24,false,false,true,1,false,false,true,13,false
0.1,Voter,100,7,50.,3,true,true,65,true,false,true,3,false,false,true,49,false
0.1,Voter,130,7,50.,1,false,true,62,false,false,true,5,false,false,true,44,false
0.1,Voter,130,7,50.,2,false,true,29,false,false,true,6,false,false,true,7,false
0.1,Voter,130,7,50.,3,false,true,23,false,false,true,5,false,false,true,15,false
0.2,Voter,10,3,50.,1,false,true,3,false,false,true,4,false,false,true,1,false
0.2,Voter,10,3,50.,2,false,true,2,false,false,true,2,false,false,true,1,false
0.2,Voter,10,3,50.,3,false,true,4,false,false,true,1,false,false,true,2,false
0.2,Voter,40,3,50.,1,false,true,4,false,false,true,3,false,false,true,2,false
0.2,Voter,40,3,50.,2,false,true,5,false,false,true,4,false,false,true,2,false
0.2,Voter,40,3,50.,3,false,true,3,false,false,true,2,false,false,true,1,false
0.2,Voter,70,3,50.,1,false,true,5,false,false,true,1,false,false,true,1,false
0.2,Voter,70,3,50.,2,false,true,5,false,false,true,1,false,false,true,1,false
0.2,Voter,70,3,50.,3,false,true,6,false,false,true,1,false,false,true,1,false
0.2,Voter,100,3,50.,1,false,true,4,false,false,true,1,false,false,true,2,false
0.2,Voter,100,3,50.,2,false,true,4,false,false,true,2,false,false,true,4,false
0.2,Voter,100,3,50.,3,false,true,4,false,false,true,1,false,false,true,1,false
0.2,Voter,130,3,50.,1,false,true,3,false,false,true,1,false,false,true,2,false
0.2,Voter,130,3,50.,2,false,true,5,false,false,true,1,false,false,true,2,false
0.2,Voter,130,3,50.,3,false,true,5,false,false,true,1,false,false,true,2,false
0.2,Voter,10,5,50.,1,false,true,3,false,false,true,5,false,false,true,1,false
0.2,Voter,10,5,50.,2,false,true,6,false,false,true,5,false,false,true,3,false
0.2,Voter,10,5,50.,3,false,true,7,false,false,true,2,false,false,true,4,false
0.2,Voter,40,5,50.,1,false,true,17,false,false,true,1,false,false,true,9,false
0.2,Voter,40,5,50.,2,false,true,17,false,false,true,6,false,false,true,4,false
0.2,Voter,40,5,50.,3,false,true,7,false,false,true,1,false,false,true,3,false
0.2,Voter,70,5,50.,1,false,true,11,false,false,true,5,false,false,true,5,false
0.2,Voter,70,5,50.,2,false,true,14,false,false,true,3,false,false,true,2,false
0.2,Voter,70,5,50.,3,false,true,22,false,false,true,1,false,false,true,5,false
0.2,Voter,100,5,50.,1,false,true,18,false,false,true,1,false,false,true,1,false
0.2,Voter,100,5,50.,2,false,true,26,false,false,true,1,false,false,true,12,false
0.2,Voter,100,5,50.,3,false,true,33,false,false,true,10,false,false,true,11,false
0.2,Voter,130,5,50.,1,false,true,23,false,false,true,1,false,false,true,4,false
0.2,Voter,130,5,50.,2,false,true,20,false,false,true,1,false,false,true,7,false
0.2,Voter,130,5,50.,3,false,true,11,false,false,true,1,false,false,true,6,false
0.2,Voter,10,7,50.,1,false,false,8,false,false,true,7,false,false,true,6,false
0.2,Voter,10,7,50.,2,false,true,6,false,false,true,3,false,false,true,1,false
0.2,Voter,10,7,50.,3,false,true,7,true,false,true,2,false,false,true,4,false
0.2,Voter,40,7,50.,1,false,true,23,false,false,true,1,false,false,false,8,false
0.2,Voter,40,7,50.,2,false,true,26,false,false,true,9,false,false,true,13,false
0.2,Voter,40,7,50.,3,false,true,25,false,false,true,1,false,false,true,12,false
0.2,Voter,70,7,50.,1,false,true,20,false,false,true,1,false,false,true,6,false
0.2,Voter,70,7,50.,2,false,true,23,false,false,true,5,false,false,true,4,false
0.2,Voter,70,7,50.,3,false,true,28,false,false,true,4,false,false,true,5,false
0.2,Voter,100,7,50.,1,false,true,24,false,false,true,27,false,false,true,11,false
0.2,Voter,100,7,50.,2,false,true,44,false,false,true,12,false,false,true,39,false
0.2,Voter,100,7,50.,3,false,true,48,false,false,true,4,false,false,true,23,false
0.2,Voter,130,7,50.,1,false,true,48,false,false,true,5,false,false,true,9,false
0.2,Voter,130,7,50.,2,false,true,35,false,false,true,3,false,false,true,2,false
0.2,Voter,130,7,50.,3,false,true,51,false,false,true,2,false,false,true,17,false
0.3,Voter,10,3,50.,1,false,true,4,false,false,true,3,false,false,true,1,false
0.3,Voter,10,3,50.,2,false,true,2,false,false,true,2,false,false,true,2,false
0.3,Voter,10,3,50.,3,false,true,4,false,false,true,1,false,false,true,2,false
0.3,Voter,40,3,50.,1,false,true,4,false,false,true,3,false,false,true,5,false
0.3,Voter,40,3,50.,2,false,true,5,false,false,true,3,false,false,true,2,false
0.3,Voter,40,3,50.,3,false,true,3,false,false,true,1,false,false,true,2,false
0.3,Voter,70,3,50.,1,false,true,5,false,false,true,1,false,false,true,4,false
0.3,Voter,70,3,50.,2,false,true,6,false,false,true,1,false,false,true,1,false
0.3,Voter,70,3,50.,3,false,true,5,false,false,true,2,false,false,true,2,false
0.3,Voter,100,3,50.,1,false,true,5,false,false,true,1,false,false,true,2,false
0.3,Voter,100,3,50.,2,false,true,6,false,false,true,6,false,false,true,4,false
0.3,Voter,100,3,50.,3,false,true,3,false,false,true,1,false,false,true,1,false
0.3,Voter,130,3,50.,1,false,true,6,false,false,true,3,false,false,true,3,false
0.3,Voter,130,3,50.,2,false,true,6,false,false,true,2,false,false,true,3,false
0.3,Voter,130,3,50.,3,false,true,6,false,false,true,1,false,false,true,1,false
0.3,Voter,10,5,50.,1,false,true,4,false,false,true,4,false,false,true,2,false
0.3,Voter,10,5,50.,2,false,true,3,false,false,true,2,false,false,true,1,false
0.3,Voter,10,5,50.,3,false,false,5,false,false,true,1,false,false,true,3,false
0.3,Voter,40,5,50.,1,false,true,14,false,false,true,1,false,false,true,2,false
0.3,Voter,40,5,50.,2,false,true,15,false,false,true,7,false,false,true,5,false
0.3,Voter,40,5,50.,3,false,true,7,false,false,true,1,false,false,true,2,false
0.3,Voter,70,5,50.,1,false,true,15,false,false,true,2,false,false,true,3,false
0.3,Voter,70,5,50.,2,false,true,12,false,false,true,1,false,false,true,7,false
0.3,Voter,70,5,50.,3,false,true,39,false,false,true,2,false,false,true,33,false
0.3,Voter,100,5,50.,1,false,true,30,false,false,true,4,false,false,true,20,false
0.3,Voter,100,5,50.,2,false,true,16,false,false,true,3,false,false,true,3,false
0.3,Voter,100,5,50.,3,false,true,18,false,false,true,4,false,false,true,6,false
0.3,Voter,130,5,50.,1,false,true,9,false,false,true,25,false,false,true,3,false
0.3,Voter,130,5,50.,2,false,true,18,false,false,true,7,false,false,true,16,false
0.3,Voter,130,5,50.,3,false,true,26,false,false,true,1,false,false,true,4,false
0.3,Voter,10,7,50.,1,false,true,5,false,false,true,5,false,false,true,3,false
0.3,Voter,10,7,50.,2,false,true,7,false,false,true,5,false,false,true,2,false
0.3,Voter,10,7,50.,3,false,false,7,false,false,true,1,false,false,true,6,false
0.3,Voter,40,7,50.,1,false,true,26,false,false,true,9,false,false,true,11,false
0.3,Voter,40,7,50.,2,false,true,20,false,false,true,10,false,false,true,5,false
0.3,Voter,40,7,50.,3,false,true,31,false,false,true,1,false,false,true,17,false
0.3,Voter,70,7,50.,1,false,true,23,false,false,true,3,false,false,true,12,false
0.3,Voter,70,7,50.,2,false,true,21,false,false,true,1,false,false,true,15,false
0.3,Voter,70,7,50.,3,false,true,45,false,false,true,4,false,false,true,40,false
0.3,Voter,100,7,50.,1,true,true,42,true,false,true,1,false,false,true,30,false
0.3,Voter,100,7,50.,2,false,true,37,false,false,true,3,false,false,true,7,false
0.3,Voter,100,7,50.,3,false,true,40,false,false,true,21,false,false,true,9,false
0.3,Voter,130,7,50.,1,false,true,53,false,false,true,7,false,false,true,44,false
0.3,Voter,130,7,50.,2,false,true,75,false,false,true,12,false,false,true,61,false
0.3,Voter,130,7,50.,3,false,true,36,false,false,true,1,false,false,true,7,false
0.4,Voter,10,3,50.,1,false,true,5,false,false,true,4,false,false,true,4,false
0.4,Voter,10,3,50.,2,false,true,2,false,false,true,2,false,false,true,1,false
0.4,Voter,10,3,50.,3,false,true,2,false,false,true,1,false,false,true,1,false
0.4,Voter,40,3,50.,1,false,true,4,false,false,true,2,false,false,true,5,false
0.4,Voter,40,3,50.,2,false,true,4,false,false,true,1,false,false,true,1,false
0.4,Voter,40,3,50.,3,false,true,5,false,false,true,1,false,false,true,1,false
0.4,Voter,70,3,50.,1,false,true,6,false,false,true,4,false,false,true,1,false
0.4,Voter,70,3,50.,2,false,true,6,false,false,true,2,false,false,true,1,false
0.4,Voter,70,3,50.,3,false,true,4,false,false,true,3,false,false,true,2,false
0.4,Voter,100,3,50.,1,false,true,5,false,false,true,1,false,false,true,2,false
0.4,Voter,100,3,50.,2,false,true,5,false,false,true,2,false,false,true,1,false
0.4,Voter,100,3,50.,3,false,true,6,false,false,true,2,false,false,true,2,false
0.4,Voter,130,3,50.,1,false,true,6,false,false,true,4,false,false,true,1,false
0.4,Voter,130,3,50.,2,false,true,4,false,false,true,1,false,false,true,2,false
0.4,Voter,130,3,50.,3,false,true,3,false,false,true,1,false,false,true,1,false
0.4,Voter,10,5,50.,1,false,true,6,false,false,true,4,false,false,true,2,false
0.4,Voter,10,5,50.,2,false,true,6,false,false,true,1,false,false,true,1,false
0.4,Voter,10,5,50.,3,false,false,4,false,false,true,2,false,false,false,2,false
0.4,Voter,40,5,50.,1,false,true,10,false,false,true,12,false,false,true,3,false
0.4,Voter,40,5,50.,2,false,true,10,false,false,true,3,false,false,true,3,false
0.4,Voter,40,5,50.,3,false,true,9,false,false,true,2,false,false,true,3,false
0.4,Voter,70,5,50.,1,false,true,10,false,false,true,1,false,false,true,1,false
0.4,Voter,70,5,50.,2,false,true,12,false,false,true,2,false,false,true,6,false
0.4,Voter,70,5,50.,3,false,true,15,false,false,true,2,false,false,true,5,false
0.4,Voter,100,5,50.,1,false,true,8,false,false,true,1,false,false,true,1,false
0.4,Voter,100,5,50.,2,false,true,22,false,false,true,6,false,false,true,6,false
0.4,Voter,100,5,50.,3,false,true,13,false,false,true,3,false,false,true,3,false
0.4,Voter,130,5,50.,1,false,true,37,false,false,true,3,false,false,true,7,false
0.4,Voter,130,5,50.,2,false,true,13,false,false,true,2,false,false,true,2,false
0.4,Voter,130,5,50.,3,false,true,11,false,false,true,1,false,false,true,3,false
0.4,Voter,10,7,50.,1,false,false,9,true,false,true,5,false,false,true,4,false
0.4,Voter,10,7,50.,2,false,false,9,false,false,true,4,false,false,false,4,false
0.4,Voter,10,7,50.,3,false,true,7,false,false,true,1,false,false,true,1,false
0.4,Voter,40,7,50.,1,false,true,17,false,false,true,1,false,false,true,4,false
0.4,Voter,40,7,50.,2,false,true,11,false,false,true,5,false,false,true,3,false
0.4,Voter,40,7,50.,3,false,true,14,false,false,true,1,false,false,true,2,false
0.4,Voter,70,7,50.,1,false,true,24,false,false,true,1,false,false,true,2,false
0.4,Voter,70,7,50.,2,false,true,33,false,false,true,1,false,false,true,4,false
0.4,Voter,70,7,50.,3,false,true,33,false,false,true,1,false,false,true,15,false
0.4,Voter,100,7,50.,1,false,true,23,false,false,true,3,false,false,true,6,false
0.4,Voter,100,7,50.,2,false,true,35,false,false,true,1,false,false,true,17,false
0.4,Voter,100,7,50.,3,false,true,39,false,false,true,1,false,false,true,9,false
0.4,Voter,130,7,50.,1,false,true,29,false,false,true,36,false,false,true,5,false
0.4,Voter,130,7,50.,2,false,true,47,false,false,true,9,false,false,true,22,false
0.4,Voter,130,7,50.,3,false,true,48,false,false,true,1,false,false,true,30,false
0.5,Voter,10,3,50.,1,false,false,3,false,false,true,3,false,false,true,1,false
0.5,Voter,10,3,50.,2,false,true,2,false,false,true,2,false,false,true,1,false
0.5,Voter,10,3,50.,3,false,true,3,false,false,true,1,false,false,true,1,false
0.5,Voter,40,3,50.,1,false,true,4,false,false,true,1,false,false,true,3,false
0.5,Voter,40,3,50.,2,false,true,3,false,false,true,2,false,false,true,1,false
0.5,Voter,40,3,50.,3,false,true,4,false,false,true,3,false,false,true,2,false
0.5,Voter,70,3,50.,1,false,true,5,false,false,true,1,false,false,true,2,false
0.5,Voter,70,3,50.,2,false,true,5,false,false,true,3,false,false,true,2,false
0.5,Voter,70,3,50.,3,false,true,4,false,false,true,2,false,false,true,1,false
0.5,Voter,100,3,50.,1,false,true,5,false,false,true,3,false,false,true,3,false
0.5,Voter,100,3,50.,2,false,true,5,false,false,true,1,false,false,true,1,false
0.5,Voter,100,3,50.,3,false,true,5,false,false,true,1,false,false,true,1,false
0.5,Voter,130,3,50.,1,false,true,4,false,false,true,1,false,false,true,2,false
0.5,Voter,130,3,50.,2,false,true,3,false,false,true,1,false,false,true,2,false
0.5,Voter,130,3,50.,3,false,true,6,false,false,true,2,false,false,true,2,false
0.5,Voter,10,5,50.,1,false,true,5,false,false,true,4,false,false,true,1,false
0.5,Voter,10,5,50.,2,false,true,5,false,false,true,4,false,false,true,6,false
0.5,Voter,10,5,50.,3,false,true,5,false,false,true,1,false,false,true,3,false
0.5,Voter,40,5,50.,1,false,true,17,false,false,true,8,false,false,true,7,false
0.5,Voter,40,5,50.,2,false,true,16,false,false,true,5,false,false,true,5,false
0.5,Voter,40,5,50.,3,false,true,12,false,false,true,1,false,false,true,3,false
0.5,Voter,70,5,50.,1,false,true,12,false,false,true,2,false,false,true,5,false
0.5,Voter,70,5,50.,2,false,true,11,false,false,true,1,false,false,true,6,false
0.5,Voter,70,5,50.,3,false,true,10,false,false,true,3,false,false,true,7,false
0.5,Voter,100,5,50.,1,false,true,19,false,false,true,3,false,false,true,8,false
0.5,Voter,100,5,50.,2,false,true,17,false,false,true,10,false,false,true,4,false
0.5,Voter,100,5,50.,3,false,true,19,false,false,true,4,false,false,true,9,false
0.5,Voter,130,5,50.,1,false,true,22,false,false,true,5,false,false,true,7,false
0.5,Voter,130,5,50.,2,false,true,39,false,false,true,1,false,false,true,8,false
0.5,Voter,130,5,50.,3,false,true,20,false,false,true,1,false,false,true,3,false
0.5,Voter,10,7,50.,1,false,true,7,true,false,true,5,false,false,true,3,false
0.5,Voter,10,7,50.,2,false,false,8,false,false,true,4,false,false,true,7,false
0.5,Voter,10,7,50.,3,false,true,6,false,false,false,2,false,false,true,1,false
0.5,Voter,40,7,50.,1,false,true,25,false,false,true,1,false,false,false,15,false
0.5,Voter,40,7,50.,2,false,true,32,false,false,true,14,false,false,true,18,false
0.5,Voter,40,7,50.,3,false,true,12,false,false,true,14,false,false,true,2,false
0.5,Voter,70,7,50.,1,false,true,28,false,false,false,20,true,false,true,5,false
0.5,Voter,70,7,50.,2,false,true,30,false,false,true,3,false,false,true,6,false
0.5,Voter,70,7,50.,3,false,true,26,false,false,true,2,false,false,true,4,false
0.5,Voter,100,7,50.,1,false,true,13,false,false,true,2,false,false,true,2,false
0.5,Voter,100,7,50.,2,false,true,27,false,false,true,21,false,false,true,8,false
0.5,Voter,100,7,50.,3,false,true,40,false,false,true,8,false,false,true,8,false
0.5,Voter,130,7,50.,1,false,true,43,false,false,true,25,false,false,true,12,false
0.5,Voter,130,7,50.,2,false,true,39,false,false,true,4,false,false,true,9,false
0.5,Voter,130,7,50.,3,false,true,54,false,false,true,1,false,false,true,20,false
0.6,Voter,10,3,50.,1,false,true,5,false,false,true,3,false,false,true,1,false
0.6,Voter,10,3,50.,2,false,true,3,false,false,true,3,false,false,false,2,false
0.6,Voter,10,3,50.,3,false,true,4,false,false,true,1,false,false,true,1,false
0.6,Voter,40,3,50.,1,false,true,4,false,false,true,4,false,false,true,3,false
0.6,Voter,40,3,50.,2,false,true,4,false,false,true,3,false,false,true,4,false
0.6,Voter,40,3,50.,3,false,true,5,false,false,true,2,false,false,true,3,false
0.6,Voter,70,3,50.,1,false,true,6,false,false,true,1,false,false,true,2,false
0.6,Voter,70,3,50.,2,false,true,4,false,false,true,2,false,false,true,2,false
0.6,Voter,70,3,50.,3,false,true,6,false,false,true,1,false,false,true,6,false
0.6,Voter,100,3,50.,1,false,true,6,false,false,true,1,false,false,true,6,false
0.6,Voter,100,3,50.,2,false,true,5,false,false,true,2,false,false,true,2,false
0.6,Voter,100,3,50.,3,false,true,4,false,false,true,1,false,false,true,2,false
0.6,Voter,130,3,50.,1,false,true,3,false,false,true,3,false,false,true,2,false
0.6,Voter,130,3,50.,2,false,true,6,false,false,true,1,false,false,true,3,false
0.6,Voter,130,3,50.,3,false,true,5,false,false,true,1,false,false,true,2,false
0.6,Voter,10,5,50.,1,false,true,4,false,false,true,4,false,false,true,2,false
0.6,Voter,10,5,50.,2,false,true,4,false,false,true,1,false,false,true,2,false
0.6,Voter,10,5,50.,3,false,true,3,false,false,true,1,false,false,true,1,false
0.6,Voter,40,5,50.,1,false,true,10,false,false,true,3,false,false,true,4,false
0.6,Voter,40,5,50.,2,false,true,10,false,false,true,10,false,false,true,6,false
0.6,Voter,40,5,50.,3,false,true,14,false,false,true,2,false,false,true,6,false
0.6,Voter,70,5,50.,1,false,true,11,false,false,true,10,false,false,true,5,false
0.6,Voter,70,5,50.,2,false,true,16,false,false,true,5,false,false,false,6,false
0.6,Voter,70,5,50.,3,false,true,12,false,false,true,1,false,false,true,16,false
0.6,Voter,100,5,50.,1,false,true,16,false,false,true,3,false,false,true,2,false
0.6,Voter,100,5,50.,2,false,true,16,false,false,true,2,false,false,true,2,false
0.6,Voter,100,5,50.,3,false,true,22,false,false,true,2,false,false,true,1,false
0.6,Voter,130,5,50.,1,false,true,9,false,false,true,1,false,false,true,2,false
0.6,Voter,130,5,50.,2,false,true,19,false,false,true,14,false,false,true,8,false
0.6,Voter,130,5,50.,3,false,true,15,false,false,true,1,false,false,true,2,false
0.6,Voter,10,7,50.,1,false,true,7,false,false,true,3,false,false,true,7,false
0.6,Voter,10,7,50.,2,false,true,7,false,false,true,2,false,false,false,4,false
0.6,Voter,10,7,50.,3,false,true,9,false,false,true,1,false,false,true,6,false
0.6,Voter,40,7,50.,1,false,true,15,false,false,true,1,false,false,false,6,false
0.6,Voter,40,7,50.,2,false,true,19,false,false,true,7,false,false,true,14,false
0.6,Voter,40,7,50.,3,false,true,23,false,false,true,1,false,false,true,14,true
0.6,Voter,70,7,50.,1,false,true,32,false,false,true,1,false,false,true,10,false
0.6,Voter,70,7,50.,2,false,true,32,false,false,true,1,false,false,true,13,false
0.6,Voter,70,7,50.,3,false,true,24,false,false,true,10,false,false,true,5,false
0.6,Voter,100,7,50.,1,false,true,58,false,true,true,41,true,false,true,52,false
0.6,Voter,100,7,50.,2,false,true,17,false,false,true,2,false,false,true,4,false
0.6,Voter,100,7,50.,3,false,false,65,false,false,true,15,false,false,true,59,false
0.6,Voter,130,7,50.,1,false,true,23,false,false,true,4,false,false,true,20,false
0.6,Voter,130,7,50.,2,false,true,28,false,false,true,1,false,false,true,7,false
0.6,Voter,130,7,50.,3,false,true,42,false,false,true,1,false,false,true,7,false
0.7,Voter,10,3,50.,1,false,true,4,false,false,true,3,false,false,true,2,false
0.7,Voter,10,3,50.,2,false,true,2,false,false,true,2,false,false,true,2,false
0.7,Voter,10,3,50.,3,false,true,3,false,false,true,2,false,false,true,1,false
0.7,Voter,40,3,50.,1,false,true,5,false,false,true,4,false,false,true,2,false
0.7,Voter,40,3,50.,2,false,true,5,false,false,true,2,false,false,true,2,false
0.7,Voter,40,3,50.,3,false,true,4,false,false,true,1,false,false,true,2,false
0.7,Voter,70,3,50.,1,false,true,6,false,false,true,1,false,false,true,4,false
0.7,Voter,70,3,50.,2,false,true,5,false,false,true,1,false,false,true,2,false
0.7,Voter,70,3,50.,3,false,true,5,false,false,true,2,false,false,true,1,false
0.7,Voter,100,3,50.,1,false,true,6,false,false,true,1,false,false,true,2,false
0.7,Voter,100,3,50.,2,false,true,5,false,false,true,2,false,false,true,2,false
0.7,Voter,100,3,50.,3,false,true,2,false,false,true,1,false,false,true,1,false
0.7,Voter,130,3,50.,1,false,true,6,false,false,true,2,false,false,true,2,false
0.7,Voter,130,3,50.,2,false,true,4,false,false,true,1,false,false,true,1,false
0.7,Voter,130,3,50.,3,false,true,5,false,false,true,2,false,false,true,2,false
0.7,Voter,10,5,50.,1,false,true,4,false,false,true,3,false,false,true,1,false
0.7,Voter,10,5,50.,2,false,true,5,false,false,true,1,false,false,true,2,false
0.7,Voter,10,5,50.,3,false,true,3,false,false,true,1,false,false,true,1,false
0.7,Voter,40,5,50.,1,false,true,10,false,false,true,1,false,false,true,3,false
0.7,Voter,40,5,50.,2,false,true,10,false,false,true,1,false,false,true,3,false
0.7,Voter,40,5,50.,3,false,true,11,false,false,true,16,false,false,true,3,false
0.7,Voter,70,5,50.,1,false,true,24,false,false,true,1,false,false,true,6,false
0.7,Voter,70,5,50.,2,false,true,11,false,false,true,8,false,false,true,5,false
0.7,Voter,70,5,50.,3,false,true,8,false,false,true,2,false,false,true,5,false
0.7,Voter,100,5,50.,1,false,true,23,false,false,true,1,false,false,true,4,false
0.7,Voter,100,5,50.,2,false,true,17,false,false,true,4,false,false,true,7,false
0.7,Voter,100,5,50.,3,false,true,29,false,false,true,1,false,false,true,6,false
0.7,Voter,130,5,50.,1,false,true,14,false,false,true,2,false,false,true,5,false
0.7,Voter,130,5,50.,2,false,true,31,false,false,true,2,false,false,true,5,false
0.7,Voter,130,5,50.,3,false,true,20,false,false,true,2,false,false,true,5,false
0.7,Voter,10,7,50.,1,false,true,7,false,false,true,5,false,false,true,3,false
0.7,Voter,10,7,50.,2,false,true,7,false,false,true,1,false,false,true,2,false
0.7,Voter,10,7,50.,3,false,true,7,false,false,true,1,false,false,true,3,false
0.7,Voter,40,7,50.,1,false,true,18,false,false,true,6,false,false,true,12,false
0.7,Voter,40,7,50.,2,false,true,19,false,false,true,1,false,false,true,4,false
0.7,Voter,40,7,50.,3,false,true,20,false,false,true,1,false,false,true,2,false
0.7,Voter,70,7,50.,1,false,true,27,false,false,true,1,false,false,true,6,false
0.7,Voter,70,7,50.,2,false,true,42,false,false,true,6,false,false,true,21,false
0.7,Voter,70,7,50.,3,false,true,22,false,false,true,3,false,false,true,18,false
0.7,Voter,100,7,50.,1,false,true,46,false,false,true,1,false,false,true,9,false
0.7,Voter,100,7,50.,2,false,true,25,false,false,true,1,false,false,true,4,false
0.7,Voter,100,7,50.,3,false,true,30,false,false,true,1,false,false,true,5,false
0.7,Voter,130,7,50.,1,false,true,45,false,false,true,4,false,false,true,31,false
0.7,Voter,130,7,50.,2,false,true,44,false,false,true,1,false,false,true,22,false
0.7,Voter,130,7,50.,3,false,true,36,false,false,true,3,false,false,true,16,false
0.8,Voter,10,3,50.,1,false,true,4,false,false,true,2,false,false,false,3,false
0.8,Voter,10,3,50.,2,false,true,4,false,false,true,3,false,false,true,4,false
0.8,Voter,10,3,50.,3,false,false,4,false,false,true,1,false,false,true,2,false
0.8,Voter,40,3,50.,1,false,true,4,false,false,true,3,false,false,true,1,false
0.8,Voter,40,3,50.,2,false,true,5,false,false,true,3,false,false,true,2,false
0.8,Voter,40,3,50.,3,false,true,6,false,false,true,2,false,false,true,1,false
0.8,Voter,70,3,50.,1,false,true,6,false,false,true,1,false,false,true,1,false
0.8,Voter,70,3,50.,2,false,true,6,false,false,true,1,false,false,true,1,false
0.8,Voter,70,3,50.,3,false,true,2,false,false,true,1,false,false,true,1,false
0.8,Voter,100,3,50.,1,false,true,5,false,false,true,3,false,false,true,3,false
0.8,Voter,100,3,50.,2,false,true,2,false,false,true,1,false,false,true,1,false
0.8,Voter,100,3,50.,3,false,true,6,false,false,true,1,false,false,true,2,false
0.8,Voter,130,3,50.,1,false,true,5,false,false,true,3,false,false,true,4,false
0.8,Voter,130,3,50.,2,false,true,5,false,false,true,2,false,false,true,4,false
0.8,Voter,130,3,50.,3,false,true,5,false,false,true,3,false,false,true,2,false
0.8,Voter,10,5,50.,1,false,true,6,false,false,true,4,false,false,true,2,false
0.8,Voter,10,5,50.,2,false,true,4,false,false,true,1,false,false,true,1,false
0.8,Voter,10,5,50.,3,false,true,9,false,false,true,1,false,false,true,4,false
0.8,Voter,40,5,50.,1,false,true,8,false,false,true,4,false,false,true,2,false
0.8,Voter,40,5,50.,2,false,false,15,false,false,true,2,false,false,true,9,false
0.8,Voter,40,5,50.,3,false,true,16,false,false,true,3,false,false,true,4,false
0.8,Voter,70,5,50.,1,false,true,13,false,false,true,1,false,false,true,3,false
0.8,Voter,70,5,50.,2,false,true,18,false,false,true,1,false,false,true,6,false
0.8,Voter,70,5,50.,3,false,true,13,false,false,true,5,false,false,true,9,false
0.8,Voter,100,5,50.,1,false,true,28,false,false,true,3,false,false,true,14,false
0.8,Voter,100,5,50.,2,false,false,18,false,false,true,5,false,false,true,8,false
0.8,Voter,100,5,50.,3,false,true,11,false,false,true,1,false,false,true,3,false
0.8,Voter,130,5,50.,1,false,true,19,false,false,true,1,false,false,true,4,false
0.8,Voter,130,5,50.,2,false,true,14,false,false,true,3,false,false,true,4,false
0.8,Voter,130,5,50.,3,false,true,9,false,false,true,1,false,false,true,4,false
0.8,Voter,10,7,50.,1,false,true,10,false,false,true,4,false,false,true,4,false
0.8,Voter,10,7,50.,2,false,false,5,false,false,true,3,false,false,true,5,false
0.8,Voter,10,7,50.,3,false,true,8,false,false,true,3,false,false,false,8,false
0.8,Voter,40,7,50.,1,false,true,31,false,false,true,6,false,false,true,22,false
0.8,Voter,40,7,50.,2,false,true,18,false,false,true,8,false,false,true,11,false
0.8,Voter,40,7,50.,3,false,true,14,false,false,true,1,false,false,true,2,false
0.8,Voter,70,7,50.,1,false,true,32,false,false,true,1,false,false,true,18,false
0.8,Voter,70,7,50.,2,false,true,35,false,false,true,5,false,false,true,24,false
0.8,Voter,70,7,50.,3,false,true,22,false,false,true,8,false,false,true,3,false
0.8,Voter,100,7,50.,1,false,true,55,false,false,true,6,false,false,true,37,false
0.8,Voter,100,7,50.,2,false,true,31,false,false,true,5,false,false,true,12,false
0.8,Voter,100,7,50.,3,false,true,53,false,false,true,1,false,false,true,14,false
0.8,Voter,130,7,50.,1,false,true,46,false,false,true,5,false,false,true,32,false
0.8,Voter,130,7,50.,2,false,true,40,false,false,true,3,false,false,true,2,false
0.8,Voter,130,7,50.,3,false,true,24,false,false,true,3,false,false,true,8,false
0.9,Voter,10,3,50.,1,false,true,2,false,false,true,2,false,false,true,2,false
0.9,Voter,10,3,50.,2,false,true,2,false,false,true,1,false,false,true,1,false
0.9,Voter,10,3,50.,3,false,true,2,false,false,true,1,false,false,true,2,false
0.9,Voter,40,3,50.,1,false,true,4,false,false,true,3,false,false,true,1,false
0.9,Voter,40,3,50.,2,false,true,5,false,false,true,3,false,false,true,1,false
0.9,Voter,40,3,50.,3,false,true,5,false,false,true,1,false,false,true,2,false
0.9,Voter,70,3,50.,1,false,true,4,false,false,true,2,false,false,true,2,false
0.9,Voter,70,3,50.,2,false,true,4,false,false,true,4,false,false,true,1,false
0.9,Voter,70,3,50.,3,false,true,4,false,false,true,1,false,false,true,2,false
0.9,Voter,100,3,50.,1,false,true,6,false,false,true,2,false,false,true,2,false
0.9,Voter,100,3,50.,2,false,true,5,false,false,true,2,false,false,true,2,false
0.9,Voter,100,3,50.,3,false,true,5,false,false,true,1,false,false,true,6,false
0.9,Voter,130,3,50.,1,false,true,5,false,false,true,1,false,false,true,2,false
0.9,Voter,130,3,50.,2,false,true,5,false,false,true,2,false,false,true,2,false
0.9,Voter,130,3,50.,3,false,true,5,false,false,true,1,false,false,true,2,false
0.9,Voter,10,5,50.,1,false,true,5,false,false,true,4,false,false,true,3,false
0.9,Voter,10,5,50.,2,false,true,4,false,false,true,4,false,false,true,1,false
0.9,Voter,10,5,50.,3,false,true,5,false,false,true,1,false,false,true,3,false
0.9,Voter,40,5,50.,1,false,true,10,false,false,true,1,false,false,true,3,false
0.9,Voter,40,5,50.,2,false,false,11,false,false,true,6,false,false,true,6,false
0.9,Voter,40,5,50.,3,false,true,15,false,false,true,1,false,false,true,4,false
0.9,Voter,70,5,50.,1,false,true,19,false,false,true,2,false,false,true,15,false
0.9,Voter,70,5,50.,2,false,true,18,false,false,true,3,false,false,true,6,false
0.9,Voter,70,5,50.,3,false,true,16,false,false,true,4,false,false,true,4,false
0.9,Voter,100,5,50.,1,false,true,16,false,false,true,3,false,false,true,6,false
0.9,Voter,100,5,50.,2,false,true,19,false,false,true,9,false,false,true,10,false
0.9,Voter,100,5,50.,3,false,true,23,false,false,true,1,false,false,true,4,false
0.9,Voter,130,5,50.,1,false,true,18,false,false,true,1,false,false,true,8,false
0.9,Voter,130,5,50.,2,false,true,28,false,false,true,2,false,false,true,4,false
0.9,Voter,130,5,50.,3,false,true,31,false,false,true,4,false,false,true,23,false
0.9,Voter,10,7,50.,1,false,false,7,false,false,true,4,false,false,true,4,false
0.9,Voter,10,7,50.,2,false,true,7,false,false,true,1,false,false,true,3,false
0.9,Voter,10,7,50.,3,false,true,7,false,false,true,2,false,false,true,4,false
0.9,Voter,40,7,50.,1,false,true,11,false,false,true,2,false,false,true,8,false
0.9,Voter,40,7,50.,2,false,true,24,false,false,true,11,false,false,true,13,false
0.9,Voter,40,7,50.,3,false,true,23,false,false,true,5,false,false,true,10,false
0.9,Voter,70,7,50.,1,false,true,31,false,false,true,7,false,false,true,9,false
0.9,Voter,70,7,50.,2,false,true,22,false,false,true,1,false,false,true,13,false
0.9,Voter,70,7,50.,3,false,true,40,false,false,true,9,false,false,true,30,false
0.9,Voter,100,7,50.,1,false,true,19,false,false,true,2,false,false,true,3,false
0.9,Voter,100,7,50.,2,false,true,46,false,false,true,1,false,false,true,21,false
0.9,Voter,100,7,50.,3,false,true,59,false,false,true,1,false,false,true,29,false
0.9,Voter,130,7,50.,1,false,true,44,false,false,true,5,false,false,true,19,false
0.9,Voter,130,7,50.,2,false,true,37,false,false,true,4,false,false,true,7,false
0.9,Voter,130,7,50.,3,false,true,53,false,false,true,7,false,false,true,35,false
1.,Voter,10,3,50.,1,false,true,2,false,false,true,2,false,false,true,1,false
1.,Voter,10,3,50.,2,false,true,2,false,false,true,1,false,false,true,1,false
1.,Voter,10,3,50.,3,false,true,3,false,false,true,2,false,false,true,2,false
1.,Voter,40,3,50.,1,false,true,4,false,false,true,4,false,false,true,2,false
1.,Voter,40,3,50.,2,false,true,6,false,false,true,3,false,false,true,2,false
1.,Voter,40,3,50.,3,false,true,6,false,false,true,2,false,false,true,2,false
1.,Voter,70,3,50.,1,false,true,4,false,false,true,1,false,false,true,2,false
1.,Voter,70,3,50.,2,false,true,5,false,false,true,1,false,false,true,2,false
1.,Voter,70,3,50.,3,false,true,5,false,false,true,2,false,false,true,1,false
1.,Voter,100,3,50.,1,false,true,5,false,false,true,3,false,false,true,3,false
1.,Voter,100,3,50.,2,false,true,5,false,false,true,1,false,false,true,1,false
1.,Voter,100,3,50.,3,false,true,6,false,false,true,1,false,false,true,1,false
1.,Voter,130,3,50.,1,false,true,6,false,false,true,2,false,false,true,1,false
1.,Voter,130,3,50.,2,false,true,6,false,false,true,4,false,false,true,2,false
1.,Voter,130,3,50.,3,false,true,5,false,false,true,3,false,false,true,2,false
1.,Voter,10,5,50.,1,false,false,9,false,false,true,3,false,false,true,7,false
1.,Voter,10,5,50.,2,false,true,5,false,false,true,1,false,false,true,2,false
1.,Voter,10,5,50.,3,false,false,6,false,false,true,1,false,false,true,2,false
1.,Voter,40,5,50.,1,false,true,19,false,false,true,1,false,false,true,18,false
1.,Voter,40,5,50.,2,false,true,16,false,false,true,1,false,false,true,7,false
1.,Voter,40,5,50.,3,false,true,10,false,false,true,5,false,false,true,2,false
1.,Voter,70,5,50.,1,false,true,10,false,false,true,1,false,false,true,2,false
1.,Voter,70,5,50.,2,false,true,21,false,false,true,1,false,false,true,6,false
1.,Voter,70,5,50.,3,false,true,12,false,false,true,1,false,false,true,7,false
1.,Voter,100,5,50.,1,false,true,33,false,false,true,6,false,false,true,18,false
1.,Voter,100,5,50.,2,false,true,11,false,false,true,5,false,false,true,2,false
1.,Voter,100,5,50.,3,false,true,21,false,false,true,1,false,false,true,3,false
1.,Voter,130,5,50.,1,false,true,24,false,false,true,2,false,false,true,5,false
1.,Voter,130,5,50.,2,false,true,20,false,false,true,6,false,false,true,4,false
1.,Voter,130,5,50.,3,false,true,18,false,false,true,4,false,false,true,4,false
1.,Voter,10,7,50.,1,false,true,6,false,false,true,4,false,false,true,1,false
1.,Voter,10,7,50.,2,false,false,6,false,false,true,4,false,false,true,3,false
1.,Voter,10,7,50.,3,false,true,5,false,false,true,2,false,false,true,5,false
1.,Voter,40,7,50.,1,false,true,29,false,false,true,10,false,false,true,19,false
1.,Voter,40,7,50.,2,false,true,15,false,false,true,11,false,false,true,12,false
1.,Voter,40,7,50.,3,false,true,19,false,false,true,7,false,false,true,10,false
1.,Voter,70,7,50.,1,false,true,23,false,false,true,1,false,false,true,11,false
1.,Voter,70,7,50.,2,false,true,36,false,false,true,2,false,false,true,13,false
1.,Voter,70,7,50.,3,false,true,24,false,false,true,6,false,false,true,14,false
1.,Voter,100,7,50.,1,false,false,44,false,false,true,5,false,false,true,22,false
1.,Voter,100,7,50.,2,false,true,35,false,false,true,5,false,false,true,2,false
1.,Voter,100,7,50.,3,false,true,37,false,false,true,6,false,false,true,18,false
1.,Voter,130,7,50.,1,false,true,40,false,false,true,21,false,false,true,18,false
1.,Voter,130,7,50.,2,false,true,45,false,false,true,5,false,false,true,23,false
1.,Voter,130,7,50.,3,false,true,58,false,false,true,1,false,false,true,23,false
1.1,Voter,10,3,50.,1,false,true,2,false,false,true,2,false,false,true,1,false
1.1,Voter,10,3,50.,2,false,true,2,false,false,true,1,false,false,true,1,false
1.1,Voter,10,3,50.,3,false,true,4,false,false,true,1,false,false,true,2,false
1.1,Voter,40,3,50.,1,false,true,4,false,false,true,1,false,false,true,1,false
1.1,Voter,40,3,50.,2,false,true,4,false,false,true,3,false,false,true,2,false
1.1,Voter,40,3,50.,3,false,true,4,false,false,true,1,false,false,true,3,false
1.1,Voter,70,3,50.,1,false,true,5,false,false,true,2,false,false,true,2,false
1.1,Voter,70,3,50.,2,false,true,4,false,false,true,1,false,false,true,1,false
1.1,Voter,70,3,50.,3,false,true,6,false,false,true,3,false,false,true,1,false
1.1,Voter,100,3,50.,1,false,true,6,false,false,true,3,false,false,true,6,false
1.1,Voter,100,3,50.,2,false,true,4,false,false,true,2,false,false,true,2,false
1.1,Voter,100,3,50.,3,false,true,5,false,false,true,1,false,false,true,2,false
1.1,Voter,130,3,50.,1,false,true,5,false,false,true,1,false,false,true,1,false
1.1,Voter,130,3,50.,2,false,true,6,false,false,true,3,false,false,true,2,false
1.1,Voter,130,3,50.,3,false,true,6,false,false,true,5,false,false,true,6,false
1.1,Voter,10,5,50.,1,false,true,5,false,false,true,5,false,false,true,2,false
1.1,Voter,10,5,50.,2,false,true,4,false,false,true,2,false,false,true,4,false
1.1,Voter,10,5,50.,3,false,true,4,false,false,true,1,false,false,true,1,false
1.1,Voter,40,5,50.,1,false,false,6,false,false,true,1,false,false,true,2,false
1.1,Voter,40,5,50.,2,false,true,16,false,false,true,1,false,false,true,6,false
1.1,Voter,40,5,50.,3,false,true,11,false,false,true,3,false,false,true,5,false
1.1,Voter,70,5,50.,1,false,true,11,false,false,true,1,false,false,true,4,false
1.1,Voter,70,5,50.,2,false,true,9,false,false,true,1,false,false,true,1,false
1.1,Voter,70,5,50.,3,false,true,14,false,false,true,1,false,false,true,6,false
1.1,Voter,100,5,50.,1,false,true,15,false,false,true,1,false,false,true,2,false
1.1,Voter,100,5,50.,2,false,true,30,false,false,true,6,false,false,true,6,false
1.1,Voter,100,5,50.,3,false,true,16,false,false,true,1,false,false,true,2,false
1.1,Voter,130,5,50.,1,false,true,10,false,false,true,5,false,false,true,1,false
1.1,Voter,130,5,50.,2,false,true,20,false,false,true,2,false,false,true,6,false
1.1,Voter,130,5,50.,3,false,true,15,false,false,true,1,false,false,true,2,false
1.1,Voter,10,7,50.,1,false,true,9,false,false,true,5,false,false,true,7,false
1.1,Voter,10,7,50.,2,false,false,7,false,false,true,5,false,false,true,5,false
1.1,Voter,10,7,50.,3,false,true,8,false,false,true,1,false,false,true,6,false
1.1,Voter,40,7,50.,1,false,true,31,false,false,true,1,false,false,true,18,false
1.1,Voter,40,7,50.,2,false,true,19,false,false,true,8,false,false,true,5,false
1.1,Voter,40,7,50.,3,false,true,28,false,false,true,1,false,false,true,15,false
1.1,Voter,70,7,50.,1,false,true,29,false,false,true,6,false,false,true,13,false
1.1,Voter,70,7,50.,2,false,true,40,false,false,true,5,false,false,true,24,false
1.1,Voter,70,7,50.,3,false,true,31,false,false,true,10,false,false,true,11,false
1.1,Voter,100,7,50.,1,false,true,35,false,false,true,1,false,false,true,17,false
1.1,Voter,100,7,50.,2,false,true,53,false,false,true,3,false,false,true,20,false
1.1,Voter,100,7,50.,3,false,true,48,false,false,true,6,false,false,true,10,false
1.1,Voter,130,7,50.,1,false,true,44,false,false,true,1,false,false,true,24,false
1.1,Voter,130,7,50.,2,false,true,41,false,false,true,5,false,false,true,13,false
1.1,Voter,130,7,50.,3,false,true,59,false,false,true,1,false,false,true,49,false
1.2,Voter,10,3,50.,1,false,true,4,false,false,true,2,false,false,true,2,false
1.2,Voter,10,3,50.,2,false,true,3,false,false,true,3,false,false,true,1,false
1.2,Voter,10,3,50.,3,false,false,3,false,false,true,1,false,false,true,2,false
1.2,Voter,40,3,50.,1,false,true,4,false,false,true,2,false,false,true,1,false
1.2,Voter,40,3,50.,2,false,true,6,false,false,true,5,false,false,true,5,false
1.2,Voter,40,3,50.,3,false,true,6,false,false,true,2,false,false,true,3,false
1.2,Voter,70,3,50.,1,false,true,5,false,false,true,1,false,false,true,1,false
1.2,Voter,70,3,50.,2,false,true,5,false,false,true,1,false,false,true,1,false
1.2,Voter,70,3,50.,3,false,true,5,false,false,true,3,false,false,true,2,false
1.2,Voter,100,3,50.,1,false,true,6,false,false,true,1,false,false,true,1,false
1.2,Voter,100,3,50.,2,false,true,6,false,false,true,1,false,false,true,1,false
1.2,Voter,100,3,50.,3,false,true,4,false,false,true,1,false,false,true,1,false
1.2,Voter,130,3,50.,1,false,true,4,false,false,true,2,false,false,true,2,false
1.2,Voter,130,3,50.,2,false,true,5,false,false,true,2,false,false,true,1,false
1.2,Voter,130,3,50.,3,false,true,6,false,false,true,4,false,false,true,2,false
1.2,Voter,10,5,50.,1,false,true,3,false,false,true,3,false,false,true,2,false
1.2,Voter,10,5,50.,2,false,true,6,false,false,true,1,false,false,true,2,false
1.2,Voter,10,5,50.,3,false,false,4,false,false,true,2,false,false,true,2,false
1.2,Voter,40,5,50.,1,false,true,10,false,false,true,1,false,false,true,5,false
1.2,Voter,40,5,50.,2,false,true,11,false,false,true,1,false,false,true,3,false
1.2,Voter,40,5,50.,3,false,true,18,false,false,true,3,false,false,true,3,false
1.2,Voter,70,5,50.,1,false,true,17,false,false,true,1,false,false,true,6,false
1.2,Voter,70,5,50.,2,false,true,16,false,false,true,1,false,false,true,1,false
1.2,Voter,70,5,50.,3,false,true,14,false,false,true,1,false,false,true,7,false
1.2,Voter,100,5,50.,1,false,true,18,false,false,true,1,false,false,true,4,false
1.2,Voter,100,5,50.,2,false,false,18,false,false,true,3,false,false,true,7,false
1.2,Voter,100,5,50.,3,false,true,20,false,false,true,2,false,false,true,8,false
1.2,Voter,130,5,50.,1,false,true,17,false,false,true,1,false,false,true,7,false
1.2,Voter,130,5,50.,2,false,true,32,false,false,true,5,false,false,true,11,false
1.2,Voter,130,5,50.,3,false,true,25,false,false,true,3,false,false,true,9,false
1.2,Voter,10,7,50.,1,false,true,8,false,false,true,4,false,false,true,2,false
1.2,Voter,10,7,50.,2,false,true,3,false,false,true,1,false,false,true,1,false
1.2,Voter,10,7,50.,3,false,true,10,false,false,true,2,false,false,true,4,false
1.2,Voter,40,7,50.,1,false,true,18,false,false,true,9,false,false,true,8,false
1.2,Voter,40,7,50.,2,false,true,29,true,false,true,9,false,false,true,27,false
1.2,Voter,40,7,50.,3,false,true,18,false,false,true,1,false,false,true,5,false
1.2,Voter,70,7,50.,1,false,true,19,false,false,true,2,false,false,true,2,false
1.2,Voter,70,7,50.,2,false,true,23,false,false,true,6,false,false,true,12,false
1.2,Voter,70,7,50.,3,false,true,24,false,false,true,5,false,false,true,8,false
1.2,Voter,100,7,50.,1,false,true,31,false,false,true,4,false,false,true,11,false
1.2,Voter,100,7,50.,2,false,true,33,false,false,true,7,false,false,true,3,false
1.2,Voter,100,7,50.,3,false,true,34,false,false,true,8,false,false,true,11,false
1.2,Voter,130,7,50.,1,false,true,43,false,false,true,2,false,false,true,11,false
1.2,Voter,130,7,50.,2,false,true,31,false,false,true,3,false,false,true,9,false
1.2,Voter,130,7,50.,3,false,true,76,false,false,true,1,false,false,true,41,false
1.3,Voter,10,3,50.,1,false,true,3,false,false,true,3,false,false,true,3,false
1.3,Voter,10,3,50.,2,false,true,4,false,false,true,1,false,false,true,2,false
1.3,Voter,10,3,50.,3,false,true,3,false,false,true,1,false,false,true,1,false
1.3,Voter,40,3,50.,1,false,true,6,false,false,true,5,false,false,true,6,false
1.3,Voter,40,3,50.,2,false,true,6,false,false,true,4,false,false,true,4,false
1.3,Voter,40,3,50.,3,false,true,2,false,false,true,1,false,false,true,2,false
1.3,Voter,70,3,50.,1,false,true,6,false,false,true,1,false,false,true,2,false
1.3,Voter,70,3,50.,2,false,true,4,false,false,true,2,false,false,true,1,false
1.3,Voter,70,3,50.,3,false,true,6,false,false,true,1,false,false,true,2,false
1.3,Voter,100,3,50.,1,false,true,6,false,false,true,1,false,false,true,2,false
1.3,Voter,100,3,50.,2,false,true,2,false,false,true,1,false,false,true,2,false
1.3,Voter,100,3,50.,3,false,true,5,false,false,true,2,false,false,true,2,false
1.3,Voter,130,3,50.,1,false,true,5,false,false,true,1,false,false,true,2,false
1.3,Voter,130,3,50.,2,false,true,6,false,false,true,1,false,false,true,1,false
1.3,Voter,130,3,50.,3,false,true,4,false,false,true,2,false,false,true,1,false
1.3,Voter,10,5,50.,1,false,true,5,false,false,true,2,false,false,true,2,false
1.3,Voter,10,5,50.,2,false,true,3,false,false,true,1,false,false,true,2,false
1.3,Voter,10,5,50.,3,false,true,6,false,false,true,1,false,false,true,3,false
1.3,Voter,40,5,50.,1,false,true,12,false,false,true,6,false,false,true,2,false
1.3,Voter,40,5,50.,2,false,false,14,false,false,true,1,false,false,true,6,false
1.3,Voter,40,5,50.,3,false,true,9,false,false,true,1,false,false,true,1,false
1.3,Voter,70,5,50.,1,false,true,15,false,false,true,2,false,false,true,4,false
1.3,Voter,70,5,50.,2,false,true,17,false,false,true,1,false,false,false,3,false
1.3,Voter,70,5,50.,3,false,true,20,false,false,true,5,false,false,true,8,false
1.3,Voter,100,5,50.,1,false,true,20,false,false,true,2,false,false,true,6,false
1.3,Voter,100,5,50.,2,false,true,21,false,false,true,2,false,false,true,6,false
1.3,Voter,100,5,50.,3,false,true,22,false,false,true,1,false,false,true,2,false
1.3,Voter,130,5,50.,1,false,true,18,false,false,true,3,false,false,true,4,false
1.3,Voter,130,5,50.,2,false,true,18,false,false,true,4,false,false,true,8,false
1.3,Voter,130,5,50.,3,false,true,19,false,false,true,1,false,false,true,8,false
1.3,Voter,10,7,50.,1,false,true,6,false,false,true,4,false,false,true,3,false
1.3,Voter,10,7,50.,2,false,true,8,false,false,true,4,false,false,false,4,true
1.3,Voter,10,7,50.,3,false,false,7,false,false,true,2,false,false,false,5,false
1.3,Voter,40,7,50.,1,false,true,20,false,false,true,2,false,false,true,14,false
1.3,Voter,40,7,50.,2,false,true,26,true,false,true,1,false,false,true,5,false
1.3,Voter,40,7,50.,3,false,true,22,false,false,true,6,false,false,true,9,false
1.3,Voter,70,7,50.,1,false,true,23,false,false,true,8,false,false,true,4,false
1.3,Voter,70,7,50.,2,false,true,26,false,false,true,1,false,false,true,12,false
1.3,Voter,70,7,50.,3,false,true,40,false,false,true,12,false,false,true,21,false
1.3,Voter,100,7,50.,1,false,true,24,false,false,true,4,false,false,true,2,false
1.3,Voter,100,7,50.,2,false,true,26,false,false,true,5,false,false,true,7,false
1.3,Voter,100,7,50.,3,false,true,30,false,false,true,1,false,false,true,3,false
1.3,Voter,130,7,50.,1,false,true,28,false,false,true,1,false,false,true,7,false
1.3,Voter,130,7,50.,2,false,true,29,false,false,true,17,false,false,true,7,false
1.3,Voter,130,7,50.,3,false,true,38,false,false,true,1,false,false,true,13,false
1.4,Voter,10,3,50.,1,false,true,2,false,false,true,2,false,false,true,1,false
1.4,Voter,10,3,50.,2,false,true,3,false,false,true,2,false,false,true,1,false
1.4,Voter,10,3,50.,3,false,true,2,false,false,false,2,false,false,true,1,false
1.4,Voter,40,3,50.,1,false,true,4,false,false,true,1,false,false,true,3,false
1.4,Voter,40,3,50.,2,false,true,4,false,false,true,1,false,false,true,2,false
1.4,Voter,40,3,50.,3,false,true,4,false,false,true,1,false,false,true,2,false
1.4,Voter,70,3,50.,1,false,true,5,false,false,true,2,false,false,true,1,false
1.4,Voter,70,3,50.,2,false,true,4,false,false,true,1,false,false,true,2,false
1.4,Voter,70,3,50.,3,false,true,6,false,false,true,1,false,false,true,1,false
1.4,Voter,100,3,50.,1,false,true,5,false,false,true,1,false,false,true,1,false
1.4,Voter,100,3,50.,2,false,true,6,false,false,true,3,false,false,true,2,false
1.4,Voter,100,3,50.,3,false,true,4,false,false,true,1,false,false,true,2,false
1.4,Voter,130,3,50.,1,false,true,6,false,false,true,3,false,false,true,4,false
1.4,Voter,130,3,50.,2,false,true,4,false,false,true,1,false,false,true,2,false
1.4,Voter,130,3,50.,3,false,true,6,false,false,true,1,false,false,true,2,false
1.4,Voter,10,5,50.,1,false,true,6,false,false,true,4,false,false,true,5,false
1.4,Voter,10,5,50.,2,false,false,3,false,false,true,2,false,false,true,1,false
1.4,Voter,10,5,50.,3,false,true,8,false,false,true,3,false,false,true,4,false
1.4,Voter,40,5,50.,1,false,true,5,false,false,true,1,false,false,true,3,false
1.4,Voter,40,5,50.,2,false,true,16,false,false,true,4,false,false,true,9,false
1.4,Voter,40,5,50.,3,false,true,12,false,false,true,3,false,false,true,11,false
1.4,Voter,70,5,50.,1,false,true,18,false,false,true,1,false,false,true,8,false
1.4,Voter,70,5,50.,2,false,true,18,false,false,true,11,false,false,true,3,false
1.4,Voter,70,5,50.,3,false,true,9,false,false,true,4,false,false,true,4,false
1.4,Voter,100,5,50.,1,false,true,27,false,false,true,3,false,false,true,5,false
1.4,Voter,100,5,50.,2,false,true,17,false,false,true,3,false,false,true,6,false
1.4,Voter,100,5,50.,3,false,true,20,false,false,true,4,false,false,true,5,false
1.4,Voter,130,5,50.,1,false,true,24,false,false,true,2,false,false,true,2,false
1.4,Voter,130,5,50.,2,false,true,15,false,false,true,5,false,false,true,4,false
1.4,Voter,130,5,50.,3,false,true,26,false,false,true,5,false,false,true,8,false
1.4,Voter,10,7,50.,1,false,true,7,false,false,true,4,false,false,false,4,false
1.4,Voter,10,7,50.,2,false,false,7,false,false,true,1,false,false,true,5,false
1.4,Voter,10,7,50.,3,false,true,8,false,false,true,1,false,false,true,4,false
1.4,Voter,40,7,50.,1,false,true,13,false,false,true,12,false,false,true,5,false
1.4,Voter,40,7,50.,2,false,true,12,false,false,true,19,false,false,true,4,false
1.4,Voter,40,7,50.,3,false,true,33,false,false,true,3,false,true,true,23,true
1.4,Voter,70,7,50.,1,false,true,35,false,false,true,1,false,false,true,17,false
1.4,Voter,70,7,50.,2,false,true,41,false,false,true,2,false,false,true,36,false
1.4,Voter,70,7,50.,3,false,true,56,false,false,true,9,false,false,true,43,false
1.4,Voter,100,7,50.,1,false,true,34,false,false,true,10,false,false,true,6,false
1.4,Voter,100,7,50.,2,false,true,56,false,false,true,9,false,false,true,13,false
1.4,Voter,100,7,50.,3,false,true,22,false,false,true,5,false,false,true,5,false
1.4,Voter,130,7,50.,1,false,true,36,false,false,true,7,false,false,true,14,false
1.4,Voter,130,7,50.,2,false,true,36,false,false,true,35,false,false,true,12,false
1.4,Voter,130,7,50.,3,false,true,17,false,false,true,5,false,false,true,12,false
0.1,Sample,10,3,100.,1,false,true,3,false,false,true,2,false,false,true,1,false
0.1,Sample,10,3,100.,2,false,true,4,false,false,true,1,false,false,true,2,false
0.1,Sample,10,3,100.,3,false,true,4,false,false,true,1,false,false,true,2,false
0.1,Sample,40,3,100.,1,false,true,4,false,false,true,2,false,false,true,2,false
0.1,Sample,40,3,100.,2,false,true,5,false,false,true,1,false,false,true,1,false
0.1,Sample,40,3,100.,3,false,true,5,false,false,true,1,false,false,true,2,false
0.1,Sample,70,3,100.,1,false,true,5,false,false,true,2,false,false,true,1,false
0.1,Sample,70,3,100.,2,false,true,6,false,false,true,2,false,false,true,2,false
0.1,Sample,70,3,100.,3,false,true,5,false,false,true,3,false,false,true,2,false
0.1,Sample,100,3,100.,1,false,true,6,false,false,true,1,false,false,true,2,false
0.1,Sample,100,3,100.,2,false,true,6,false,false,true,1,false,false,true,1,false
0.1,Sample,100,3,100.,3,false,true,5,false,false,true,4,false,false,true,1,false
0.1,Sample,130,3,100.,1,false,true,6,false,false,true,2,false,false,true,2,false
0.1,Sample,130,3,100.,2,false,true,6,false,false,true,1,false,false,true,1,false
0.1,Sample,130,3,100.,3,false,true,4,false,false,true,1,false,false,true,2,false
0.1,Sample,10,5,100.,1,false,true,6,false,false,true,3,false,false,true,1,false
0.1,Sample,10,5,100.,2,false,true,8,false,false,true,5,false,false,true,6,false
0.1,Sample,10,5,100.,3,false,true,7,false,false,true,1,false,false,true,3,false
0.1,Sample,40,5,100.,1,false,true,7,false,false,true,1,false,false,true,2,false
0.1,Sample,40,5,100.,2,false,true,12,false,false,true,1,false,false,true,4,false
0.1,Sample,40,5,100.,3,false,true,10,false,false,true,2,false,false,true,3,false
0.1,Sample,70,5,100.,1,false,true,13,false,false,true,1,false,false,true,2,false
0.1,Sample,70,5,100.,2,false,true,18,false,false,true,2,false,false,true,6,false
0.1,Sample,70,5,100.,3,false,true,10,false,false,true,2,false,false,true,3,false
0.1,Sample,100,5,100.,1,false,true,30,false,false,true,11,false,false,true,11,false
0.1,Sample,100,5,100.,2,false,true,23,false,false,true,1,false,false,true,5,false
0.1,Sample,100,5,100.,3,false,true,12,false,false,true,5,false,false,true,2,false
0.1,Sample,130,5,100.,1,false,true,18,false,false,true,1,false,false,true,2,false
0.1,Sample,130,5,100.,2,false,true,12,false,false,true,1,false,false,true,3,false
0.1,Sample,130,5,100.,3,false,true,18,false,false,true,1,false,false,true,6,false
0.1,Sample,10,7,100.,1,false,true,7,false,false,true,3,false,false,true,3,false
0.1,Sample,10,7,100.,2,false,true,6,false,false,true,5,false,false,true,2,false
0.1,Sample,10,7,100.,3,false,true,7,false,false,true,1,false,false,true,4,false
0.1,Sample,40,7,100.,1,false,true,16,false,false,true,1,false,false,true,2,false
0.1,Sample,40,7,100.,2,false,true,14,false,false,true,31,true,false,true,3,false
0.1,Sample,40,7,100.,3,false,true,19,false,false,true,1,false,false,true,4,false
0.1,Sample,70,7,100.,1,false,true,30,false,false,true,6,false,false,true,19,false
0.1,Sample,70,7,100.,2,false,true,32,false,false,true,1,false,false,true,13,false
0.1,Sample,70,7,100.,3,false,true,30,false,false,true,13,false,false,true,11,false
0.1,Sample,100,7,100.,1,false,true,40,false,false,true,1,false,false,true,7,false
0.1,Sample,100,7,100.,2,false,true,37,false,false,true,7,false,false,true,12,false
0.1,Sample,100,7,100.,3,false,true,29,false,false,true,20,false,false,true,5,false
0.1,Sample,130,7,100.,1,false,true,38,false,false,true,8,false,false,true,7,false
0.1,Sample,130,7,100.,2,false,true,57,false,false,true,6,false,false,true,23,false
0.1,Sample,130,7,100.,3,false,true,56,false,false,true,13,false,false,true,19,false
0.2,Sample,10,3,100.,1,false,false,5,false,false,true,1,false,false,true,2,false
0.2,Sample,10,3,100.,2,false,true,4,false,false,true,1,false,false,true,2,false
0.2,Sample,10,3,100.,3,false,true,2,false,false,true,1,false,false,true,1,false
0.2,Sample,40,3,100.,1,false,true,6,false,false,true,1,false,false,true,1,false
0.2,Sample,40,3,100.,2,false,true,5,false,false,true,3,false,false,true,1,false
0.2,Sample,40,3,100.,3,false,true,3,false,false,true,2,false,false,true,1,false
0.2,Sample,70,3,100.,1,false,true,5,false,false,true,1,false,false,true,3,false
0.2,Sample,70,3,100.,2,false,true,5,false,false,true,1,false,false,true,1,false
0.2,Sample,70,3,100.,3,false,true,5,false,false,true,6,false,false,true,1,false
0.2,Sample,100,3,100.,1,false,true,4,false,false,true,2,false,false,true,1,false
0.2,Sample,100,3,100.,2,false,true,6,false,false,true,3,false,false,true,1,false
0.2,Sample,100,3,100.,3,false,true,6,false,false,true,2,false,false,true,2,false
0.2,Sample,130,3,100.,1,false,true,6,false,false,true,3,false,false,true,4,false
0.2,Sample,130,3,100.,2,false,true,5,false,false,true,5,false,false,true,2,false
0.2,Sample,130,3,100.,3,false,true,5,false,false,true,2,false,false,true,3,false
0.2,Sample,10,5,100.,1,false,true,4,false,false,true,4,false,false,true,1,false
0.2,Sample,10,5,100.,2,false,true,7,false,false,true,1,false,false,true,1,false
0.2,Sample,10,5,100.,3,false,true,6,false,false,true,2,false,false,true,5,false
0.2,Sample,40,5,100.,1,false,true,14,false,false,true,1,false,false,true,5,false
0.2,Sample,40,5,100.,2,false,true,15,false,false,true,7,false,false,true,5,false
0.2,Sample,40,5,100.,3,false,true,13,false,false,true,3,false,false,false,7,true
0.2,Sample,70,5,100.,1,false,true,16,false,false,true,9,false,false,true,4,false
0.2,Sample,70,5,100.,2,false,true,21,false,false,true,6,false,false,true,2,false
0.2,Sample,70,5,100.,3,false,true,11,false,false,true,5,false,false,true,2,false
0.2,Sample,100,5,100.,1,false,true,19,false,false,true,1,false,false,true,7,false
0.2,Sample,100,5,100.,2,false,true,12,false,false,true,3,false,false,true,2,false
0.2,Sample,100,5,100.,3,false,true,31,false,false,true,1,false,false,true,6,false
0.2,Sample,130,5,100.,1,false,true,16,false,false,true,4,false,false,true,2,false
0.2,Sample,130,5,100.,2,false,true,21,false,false,true,3,false,false,true,3,false
0.2,Sample,130,5,100.,3,false,true,26,false,false,true,1,false,false,true,5,false
0.2,Sample,10,7,100.,1,false,true,8,false,true,false,4,true,false,true,4,false
0.2,Sample,10,7,100.,2,false,true,8,false,true,false,4,true,false,true,2,false
0.2,Sample,10,7,100.,3,false,true,8,false,false,true,1,false,false,true,2,false
0.2,Sample,40,7,100.,1,false,true,18,false,false,true,1,false,false,true,4,false
0.2,Sample,40,7,100.,2,false,true,23,false,false,true,9,false,false,true,12,false
0.2,Sample,40,7,100.,3,false,true,27,false,false,true,4,false,false,true,13,false
0.2,Sample,70,7,100.,1,false,true,25,false,false,true,3,false,false,true,5,false
0.2,Sample,70,7,100.,2,false,true,32,false,false,true,1,false,false,true,10,false
0.2,Sample,70,7,100.,3,false,true,19,false,false,true,1,false,false,true,4,false
0.2,Sample,100,7,100.,1,false,true,36,false,false,true,9,false,false,true,4,false
0.2,Sample,100,7,100.,2,false,true,23,false,false,true,1,false,false,true,2,false
0.2,Sample,100,7,100.,3,false,true,36,false,false,true,2,false,false,true,9,false
0.2,Sample,130,7,100.,1,false,true,35,false,false,true,24,false,false,true,8,false
0.2,Sample,130,7,100.,2,false,true,50,false,false,true,6,false,false,true,11,false
0.2,Sample,130,7,100.,3,false,true,41,false,false,true,11,false,false,true,12,false
0.3,Sample,10,3,100.,1,false,true,3,false,false,true,3,false,false,true,1,false
0.3,Sample,10,3,100.,2,false,true,3,false,false,true,1,false,false,true,1,false
0.3,Sample,10,3,100.,3,false,true,4,false,false,true,1,false,false,true,1,false
0.3,Sample,40,3,100.,1,false,true,4,false,false,true,2,false,false,true,1,false
0.3,Sample,40,3,100.,2,false,true,4,false,false,true,2,false,false,true,1,false
0.3,Sample,40,3,100.,3,false,true,3,false,false,true,1,false,false,true,2,false
0.3,Sample,70,3,100.,1,false,true,5,false,false,true,1,false,false,true,3,false
0.3,Sample,70,3,100.,2,false,true,5,false,false,true,2,false,false,true,2,false
0.3,Sample,70,3,100.,3,false,true,6,false,false,true,3,false,false,true,2,false
0.3,Sample,100,3,100.,1,false,true,5,false,false,true,1,false,false,true,3,false
0.3,Sample,100,3,100.,2,false,true,6,false,false,true,2,false,false,true,2,false
0.3,Sample,100,3,100.,3,false,true,5,false,false,true,1,false,false,true,2,false
0.3,Sample,130,3,100.,1,false,true,6,false,false,true,3,false,false,true,6,false
0.3,Sample,130,3,100.,2,false,true,5,false,false,true,1,false,false,true,1,false
0.3,Sample,130,3,100.,3,false,true,6,false,false,true,5,false,false,true,2,false
0.3,Sample,10,5,100.,1,false,true,8,false,false,true,5,false,false,true,4,false
0.3,Sample,10,5,100.,2,false,true,9,false,false,true,1,false,false,true,7,false
0.3,Sample,10,5,100.,3,false,true,7,false,false,true,1,false,false,true,2,false
0.3,Sample,40,5,100.,1,false,true,10,false,false,true,1,false,false,true,2,false
0.3,Sample,40,5,100.,2,false,true,11,false,false,true,3,false,false,true,1,false
0.3,Sample,40,5,100.,3,false,true,12,false,false,true,2,false,false,true,2,false
0.3,Sample,70,5,100.,1,false,true,24,false,false,true,5,false,false,true,5,false
0.3,Sample,70,5,100.,2,false,true,17,false,false,true,3,false,false,true,3,false
0.3,Sample,70,5,100.,3,false,true,21,false,false,true,7,false,false,true,9,false
0.3,Sample,100,5,100.,1,false,true,14,false,false,true,1,false,false,true,2,false
0.3,Sample,100,5,100.,2,false,true,27,false,false,true,1,false,false,true,4,false
0.3,Sample,100,5,100.,3,false,true,10,false,false,true,15,false,false,true,2,false
0.3,Sample,130,5,100.,1,false,true,21,false,false,true,7,false,false,true,8,false
0.3,Sample,130,5,100.,2,false,true,28,false,false,true,26,false,false,true,5,false
0.3,Sample,130,5,100.,3,false,true,22,false,false,true,1,false,false,true,2,false
0.3,Sample,10,7,100.,1,false,true,5,false,false,true,4,false,false,true,1,false
0.3,Sample,10,7,100.,2,false,true,8,false,false,true,1,false,false,true,3,false
0.3,Sample,10,7,100.,3,false,false,5,false,false,true,1,false,false,true,2,false
0.3,Sample,40,7,100.,1,false,false,23,false,false,true,1,false,false,true,15,false
0.3,Sample,40,7,100.,2,false,true,13,false,false,true,1,false,false,true,2,false
0.3,Sample,40,7,100.,3,false,true,15,false,false,true,18,false,false,true,2,false
0.3,Sample,70,7,100.,1,false,true,25,false,false,true,11,false,false,true,13,false
0.3,Sample,70,7,100.,2,false,true,18,false,false,true,4,false,false,true,5,false
0.3,Sample,70,7,100.,3,false,true,24,false,false,true,7,false,false,true,6,false
0.3,Sample,100,7,100.,1,false,true,23,false,false,true,2,false,false,true,2,false
0.3,Sample,100,7,100.,2,false,true,48,false,false,true,58,false,false,true,21,false
0.3,Sample,100,7,100.,3,false,true,50,false,false,true,4,false,false,true,12,false
0.3,Sample,130,7,100.,1,false,true,46,false,false,true,47,false,false,true,6,false
0.3,Sample,130,7,100.,2,false,true,54,false,false,true,20,false,false,true,20,false
0.3,Sample,130,7,100.,3,false,true,36,false,false,true,2,false,false,true,3,false
0.4,Sample,10,3,100.,1,false,true,4,false,false,true,3,false,false,true,1,false
0.4,Sample,10,3,100.,2,false,true,3,false,false,true,2,false,false,true,1,false
0.4,Sample,10,3,100.,3,false,true,5,false,false,true,1,false,false,true,4,false
0.4,Sample,40,3,100.,1,false,true,3,false,false,true,4,false,false,true,2,false
0.4,Sample,40,3,100.,2,false,true,3,false,false,true,4,false,false,true,2,false
0.4,Sample,40,3,100.,3,false,true,6,false,false,true,1,false,false,true,2,false
0.4,Sample,70,3,100.,1,false,true,5,false,false,true,3,false,false,true,3,false
0.4,Sample,70,3,100.,2,false,true,6,false,false,true,1,false,false,true,1,false
0.4,Sample,70,3,100.,3,false,true,6,false,false,true,6,false,false,true,2,false
0.4,Sample,100,3,100.,1,false,true,5,false,false,true,2,false,false,true,2,false
0.4,Sample,100,3,100.,2,false,true,5,false,false,true,1,false,false,true,1,false
0.4,Sample,100,3,100.,3,false,true,6,false,false,true,3,false,false,true,2,false
0.4,Sample,130,3,100.,1,false,true,6,false,false,true,2,false,false,true,1,false
0.4,Sample,130,3,100.,2,false,true,6,false,false,true,1,false,false,true,2,false
0.4,Sample,130,3,100.,3,false,true,6,false,false,true,2,false,false,true,1,false
0.4,Sample,10,5,100.,1,false,true,10,true,false,true,3,false,false,true,6,false
0.4,Sample,10,5,100.,2,false,false,10,true,false,true,3,false,false,true,5,false
0.4,Sample,10,5,100.,3,false,true,7,false,false,true,1,false,false,true,2,false
0.4,Sample,40,5,100.,1,false,true,10,false,false,true,1,false,false,true,1,false
0.4,Sample,40,5,100.,2,false,true,21,false,false,true,10,false,false,true,5,false
0.4,Sample,40,5,100.,3,false,true,8,false,false,true,8,false,false,true,3,false
0.4,Sample,70,5,100.,1,false,true,9,false,false,true,1,false,false,true,4,false
0.4,Sample,70,5,100.,2,false,true,21,false,false,true,3,false,false,true,2,false
0.4,Sample,70,5,100.,3,false,true,16,false,false,true,1,false,false,true,3,false
0.4,Sample,100,5,100.,1,false,true,18,false,false,true,12,false,false,true,1,false
0.4,Sample,100,5,100.,2,false,true,23,false,false,true,1,false,false,true,17,false
0.4,Sample,100,5,100.,3,false,true,20,false,false,true,5,false,false,true,2,false
0.4,Sample,130,5,100.,1,false,true,21,false,false,true,4,false,false,true,2,false
0.4,Sample,130,5,100.,2,false,true,22,false,false,true,7,false,false,true,4,false
0.4,Sample,130,5,100.,3,false,true,22,false,false,true,1,false,false,true,3,false
0.4,Sample,10,7,100.,1,false,true,6,false,false,true,2,false,false,true,2,false
0.4,Sample,10,7,100.,2,false,true,9,false,false,true,4,false,false,true,4,false
0.4,Sample,10,7,100.,3,false,true,7,false,false,true,1,false,false,true,5,false
0.4,Sample,40,7,100.,1,false,true,23,false,false,true,14,false,false,true,8,false
0.4,Sample,40,7,100.,2,false,true,25,false,false,true,16,false,false,true,13,false
0.4,Sample,40,7,100.,3,false,true,24,false,false,true,1,false,false,true,19,false
0.4,Sample,70,7,100.,1,false,true,30,false,false,true,1,false,false,true,8,false
0.4,Sample,70,7,100.,2,false,true,28,false,false,true,2,false,false,true,5,false
0.4,Sample,70,7,100.,3,false,true,36,false,false,true,7,false,true,true,13,true
0.4,Sample,100,7,100.,1,false,true,46,false,false,true,2,false,false,true,13,false
0.4,Sample,100,7,100.,2,false,true,42,false,false,true,2,false,false,true,19,false
0.4,Sample,100,7,100.,3,false,true,23,false,false,true,2,false,false,true,9,false
0.4,Sample,130,7,100.,1,false,true,37,false,false,true,1,false,false,true,6,false
0.4,Sample,130,7,100.,2,false,true,51,false,false,true,30,false,false,true,21,false
0.4,Sample,130,7,100.,3,false,true,88,false,false,true,37,false,false,true,49,false
0.5,Sample,10,3,100.,1,false,true,4,false,false,true,3,false,false,true,1,false
0.5,Sample,10,3,100.,2,false,true,3,false,false,true,4,false,false,true,2,false
0.5,Sample,10,3,100.,3,false,true,4,false,false,true,1,false,false,true,2,false
0.5,Sample,40,3,100.,1,false,true,3,false,false,true,1,false,false,true,1,false
0.5,Sample,40,3,100.,2,false,true,6,false,false,true,2,false,false,true,1,false
0.5,Sample,40,3,100.,3,false,true,5,false,false,true,3,false,false,true,2,false
0.5,Sample,70,3,100.,1,false,true,4,false,false,true,1,false,false,true,2,false
0.5,Sample,70,3,100.,2,false,true,5,false,false,true,2,false,false,true,2,false
0.5,Sample,70,3,100.,3,false,true,6,false,false,true,5,false,false,true,1,false
0.5,Sample,100,3,100.,1,false,true,4,false,false,true,1,false,false,false,2,false
0.5,Sample,100,3,100.,2,false,true,6,false,false,true,3,false,false,true,1,false
0.5,Sample,100,3,100.,3,false,true,3,false,false,true,1,false,false,true,1,false
0.5,Sample,130,3,100.,1,false,true,6,false,false,true,1,false,false,true,2,false
0.5,Sample,130,3,100.,2,false,true,6,false,false,true,1,false,false,true,5,false
0.5,Sample,130,3,100.,3,false,true,5,false,false,true,2,false,false,true,2,false
0.5,Sample,10,5,100.,1,false,true,4,false,false,true,3,false,false,true,1,false
0.5,Sample,10,5,100.,2,false,true,8,false,false,true,4,false,false,true,3,false
0.5,Sample,10,5,100.,3,false,true,4,false,false,true,2,false,false,true,1,false
0.5,Sample,40,5,100.,1,false,true,14,false,false,true,1,false,false,true,5,false
0.5,Sample,40,5,100.,2,false,true,12,false,false,true,1,false,false,true,6,false
0.5,Sample,40,5,100.,3,false,true,12,false,false,true,2,false,false,true,6,false
0.5,Sample,70,5,100.,1,false,true,14,false,false,true,3,false,false,true,4,false
0.5,Sample,70,5,100.,2,false,true,16,false,false,true,3,false,false,true,7,false
0.5,Sample,70,5,100.,3,false,true,18,false,false,true,10,false,false,true,6,false
0.5,Sample,100,5,100.,1,false,true,14,false,false,true,4,false,false,true,2,false
0.5,Sample,100,5,100.,2,false,true,33,false,false,true,7,false,false,true,19,false
0.5,Sample,100,5,100.,3,false,true,15,false,false,true,7,false,false,true,4,false
0.5,Sample,130,5,100.,1,false,true,25,false,false,true,1,false,false,true,8,false
0.5,Sample,130,5,100.,2,false,true,33,false,false,true,6,false,false,true,5,false
0.5,Sample,130,5,100.,3,false,true,19,false,false,true,2,false,false,true,5,false
0.5,Sample,10,7,100.,1,false,true,8,false,false,true,5,false,false,true,5,false
0.5,Sample,10,7,100.,2,false,true,8,false,false,true,1,false,false,true,6,false
0.5,Sample,10,7,100.,3,false,true,9,false,false,true,2,false,false,true,2,false
0.5,Sample,40,7,100.,1,false,true,17,false,false,true,1,false,false,true,3,false
0.5,Sample,40,7,100.,2,false,true,13,false,false,true,1,false,false,true,2,false
0.5,Sample,40,7,100.,3,false,true,30,false,false,true,1,false,false,true,16,false
0.5,Sample,70,7,100.,1,false,true,30,false,false,true,2,false,false,true,14,false
0.5,Sample,70,7,100.,2,false,true,26,false,false,true,21,false,false,true,6,false
0.5,Sample,70,7,100.,3,false,true,28,false,false,true,6,false,false,true,8,false
0.5,Sample,100,7,100.,1,false,true,41,false,false,true,1,false,false,true,11,false
0.5,Sample,100,7,100.,2,false,true,40,false,false,true,2,false,false,true,13,false
0.5,Sample,100,7,100.,3,false,true,31,false,false,true,1,false,false,true,6,false
0.5,Sample,130,7,100.,1,false,true,39,false,false,true,25,false,false,true,12,false
0.5,Sample,130,7,100.,2,false,true,36,false,false,true,16,false,false,true,11,false
0.5,Sample,130,7,100.,3,false,true,37,false,false,true,4,false,false,true,9,false
0.6,Sample,10,3,100.,1,false,true,3,false,false,true,3,false,false,true,1,false
0.6,Sample,10,3,100.,2,false,true,5,false,false,true,1,false,false,false,5,false
0.6,Sample,10,3,100.,3,false,true,4,false,false,true,2,false,false,true,1,false
0.6,Sample,40,3,100.,1,false,true,5,false,false,true,5,false,false,true,1,false
0.6,Sample,40,3,100.,2,false,true,5,false,false,true,4,false,false,true,2,false
0.6,Sample,40,3,100.,3,false,true,4,false,false,true,2,false,false,true,1,false
0.6,Sample,70,3,100.,1,false,true,6,false,false,true,1,false,false,true,1,false
0.6,Sample,70,3,100.,2,false,true,6,false,false,true,2,false,false,true,3,false
0.6,Sample,70,3,100.,3,false,true,6,false,false,true,4,false,false,true,3,false
0.6,Sample,100,3,100.,1,false,true,6,false,false,true,3,false,false,true,1,false
0.6,Sample,100,3,100.,2,false,true,6,false,false,true,1,false,false,true,1,false
0.6,Sample,100,3,100.,3,false,true,5,false,false,true,1,false,false,true,1,false
0.6,Sample,130,3,100.,1,false,true,5,false,false,true,6,false,false,true,1,false
0.6,Sample,130,3,100.,2,false,true,5,false,false,true,5,false,false,true,2,false
0.6,Sample,130,3,100.,3,false,true,6,false,false,true,1,false,false,true,4,false
0.6,Sample,10,5,100.,1,false,true,6,false,false,true,5,false,false,true,2,false
0.6,Sample,10,5,100.,2,false,true,7,false,false,true,1,false,false,true,2,false
0.6,Sample,10,5,100.,3,false,true,7,false,false,true,1,false,false,true,3,false
0.6,Sample,40,5,100.,1,false,true,11,false,false,true,1,false,false,true,1,false
0.6,Sample,40,5,100.,2,false,false,10,false,false,false,6,true,false,true,6,false
0.6,Sample,40,5,100.,3,false,true,10,false,false,true,1,false,false,true,3,false
0.6,Sample,70,5,100.,1,false,true,18,false,false,true,2,false,false,true,2,false
0.6,Sample,70,5,100.,2,false,true,18,false,false,true,30,false,false,true,6,false
0.6,Sample,70,5,100.,3,false,true,13,false,false,true,1,false,false,true,3,false
0.6,Sample,100,5,100.,1,false,true,15,false,false,true,1,false,false,true,4,false
0.6,Sample,100,5,100.,2,false,true,20,false,false,true,3,false,false,true,5,false
0.6,Sample,100,5,100.,3,false,true,22,false,false,true,7,false,false,true,4,false
0.6,Sample,130,5,100.,1,false,true,26,false,false,true,3,false,false,true,13,false
0.6,Sample,130,5,100.,2,false,true,20,false,false,true,4,false,false,true,6,false
0.6,Sample,130,5,100.,3,false,true,14,false,false,true,11,false,false,true,2,false
0.6,Sample,10,7,100.,1,false,true,10,true,true,false,4,true,false,true,8,false
0.6,Sample,10,7,100.,2,false,false,8,false,true,false,4,true,false,true,4,false
0.6,Sample,10,7,100.,3,false,true,8,false,false,true,1,false,false,true,2,false
0.6,Sample,40,7,100.,1,false,true,25,false,false,true,1,false,false,true,10,false
0.6,Sample,40,7,100.,2,false,true,15,false,false,true,9,false,false,true,2,false
0.6,Sample,40,7,100.,3,false,true,14,false,false,true,1,false,false,true,3,false
0.6,Sample,70,7,100.,1,false,true,30,false,false,true,1,false,false,true,7,false
0.6,Sample,70,7,100.,2,false,true,18,false,false,true,2,false,false,true,2,false
0.6,Sample,70,7,100.,3,false,true,30,false,false,true,3,false,false,true,9,false
0.6,Sample,100,7,100.,1,false,true,23,false,false,true,4,false,false,true,6,false
0.6,Sample,100,7,100.,2,false,true,30,false,false,true,16,false,false,true,7,false
0.6,Sample,100,7,100.,3,false,true,27,false,false,true,8,false,false,true,15,false
0.6,Sample,130,7,100.,1,false,true,58,false,false,true,13,false,false,true,27,false
0.6,Sample,130,7,100.,2,false,true,55,false,false,true,7,false,false,true,19,false
0.6,Sample,130,7,100.,3,false,true,84,false,false,true,22,false,false,true,50,false
0.7,Sample,10,3,100.,1,false,true,4,false,false,true,3,false,false,true,3,false
0.7,Sample,10,3,100.,2,false,true,4,false,false,true,3,false,false,true,1,false
0.7,Sample,10,3,100.,3,false,true,3,false,false,true,2,false,false,true,2,false
0.7,Sample,40,3,100.,1,false,true,3,false,false,true,5,false,false,true,2,false
0.7,Sample,40,3,100.,2,false,true,5,false,false,true,5,false,false,true,1,false
0.7,Sample,40,3,100.,3,false,true,4,false,false,true,3,false,false,true,2,false
0.7,Sample,70,3,100.,1,false,true,5,false,false,true,1,false,false,true,2,false
0.7,Sample,70,3,100.,2,false,true,5,false,false,true,1,false,false,true,1,false
0.7,Sample,70,3,100.,3,false,true,6,false,false,true,2,false,false,true,6,false
0.7,Sample,100,3,100.,1,false,true,5,false,false,true,1,false,false,true,2,false
0.7,Sample,100,3,100.,2,false,true,6,false,false,true,2,false,false,true,2,false
0.7,Sample,100,3,100.,3,false,true,6,false,false,true,1,false,false,true,2,false
0.7,Sample,130,3,100.,1,false,true,6,false,false,true,2,false,false,true,2,false
0.7,Sample,130,3,100.,2,false,true,6,false,false,true,1,false,false,true,1,false
0.7,Sample,130,3,100.,3,false,true,5,false,false,true,1,false,false,true,1,false
0.7,Sample,10,5,100.,1,false,true,5,false,false,true,2,false,false,true,3,false
0.7,Sample,10,5,100.,2,false,true,8,false,false,true,1,false,false,true,4,false
0.7,Sample,10,5,100.,3,false,false,8,true,false,true,1,false,false,true,2,false
0.7,Sample,40,5,100.,1,false,true,17,false,false,true,11,false,false,true,3,false
0.7,Sample,40,5,100.,2,false,true,10,false,false,true,7,false,false,true,3,false
0.7,Sample,40,5,100.,3,false,true,9,false,false,true,1,false,false,true,1,false
0.7,Sample,70,5,100.,1,false,true,13,false,false,true,10,false,false,true,4,false
0.7,Sample,70,5,100.,2,false,true,16,false,false,true,10,false,false,true,3,false
0.7,Sample,70,5,100.,3,false,true,24,false,false,true,1,false,false,true,6,false
0.7,Sample,100,5,100.,1,false,true,16,false,false,true,1,false,false,true,3,false
0.7,Sample,100,5,100.,2,false,true,16,false,false,true,1,false,false,true,3,false
0.7,Sample,100,5,100.,3,false,true,16,false,false,true,7,false,false,true,3,false
0.7,Sample,130,5,100.,1,false,true,12,false,false,true,4,false,false,true,4,false
0.7,Sample,130,5,100.,2,false,true,14,false,false,true,4,false,false,true,2,false
0.7,Sample,130,5,100.,3,false,true,17,false,false,true,8,false,false,true,3,false
0.7,Sample,10,7,100.,1,false,true,8,false,true,false,5,true,false,true,3,false
0.7,Sample,10,7,100.,2,false,true,9,false,false,true,1,false,false,true,3,false
0.7,Sample,10,7,100.,3,false,true,9,false,false,true,3,false,false,true,2,false
0.7,Sample,40,7,100.,1,false,true,23,false,false,true,1,false,false,true,10,false
0.7,Sample,40,7,100.,2,false,true,17,false,false,true,1,false,false,true,4,false
0.7,Sample,40,7,100.,3,false,true,23,false,false,true,1,false,false,true,2,false
0.7,Sample,70,7,100.,1,false,true,30,false,false,true,1,false,false,true,7,false
0.7,Sample,70,7,100.,2,false,true,22,false,false,true,1,false,false,true,3,false
0.7,Sample,70,7,100.,3,false,true,21,false,false,true,1,false,false,true,5,false
0.7,Sample,100,7,100.,1,false,true,52,false,false,true,11,false,false,true,27,false
0.7,Sample,100,7,100.,2,false,true,27,false,false,true,1,false,false,true,6,false
0.7,Sample,100,7,100.,3,false,true,39,false,false,true,1,false,false,true,9,false
0.7,Sample,130,7,100.,1,false,true,48,false,false,true,10,false,false,true,17,false
0.7,Sample,130,7,100.,2,false,true,32,false,false,true,3,false,false,true,8,false
0.7,Sample,130,7,100.,3,false,true,50,false,false,true,14,false,false,true,21,false
0.8,Sample,10,3,100.,1,false,true,2,false,false,true,2,false,false,true,1,false
0.8,Sample,10,3,100.,2,false,true,3,false,false,true,1,false,false,true,1,false
0.8,Sample,10,3,100.,3,false,true,4,false,false,true,1,false,false,true,1,false
0.8,Sample,40,3,100.,1,false,true,6,false,false,true,3,false,false,true,3,false
0.8,Sample,40,3,100.,2,false,true,6,false,false,true,6,false,false,true,1,false
0.8,Sample,40,3,100.,3,false,true,6,false,false,true,1,false,false,true,1,false
0.8,Sample,70,3,100.,1,false,true,6,false,false,true,1,false,false,true,4,false
0.8,Sample,70,3,100.,2,false,true,4,false,false,true,2,false,false,true,1,false
0.8,Sample,70,3,100.,3,false,true,4,false,false,true,3,false,false,true,1,false
0.8,Sample,100,3,100.,1,false,true,5,false,false,true,2,false,false,true,2,false
0.8,Sample,100,3,100.,2,false,true,4,false,false,true,2,false,false,true,2,false
0.8,Sample,100,3,100.,3,false,true,6,false,false,true,1,false,false,true,2,false
0.8,Sample,130,3,100.,1,false,true,5,false,false,true,2,false,false,true,2,false
0.8,Sample,130,3,100.,2,false,true,5,false,false,true,2,false,false,true,2,false
0.8,Sample,130,3,100.,3,false,true,6,false,false,true,1,false,false,true,2,false
0.8,Sample,10,5,100.,1,false,true,3,false,false,true,2,false,false,true,1,false
0.8,Sample,10,5,100.,2,false,true,4,false,false,true,4,false,false,true,1,false
0.8,Sample,10,5,100.,3,false,true,6,false,false,true,1,false,false,true,2,false
0.8,Sample,40,5,100.,1,false,true,23,false,false,true,1,false,false,true,12,false
0.8,Sample,40,5,100.,2,false,true,7,false,false,true,1,false,false,true,1,false
0.8,Sample,40,5,100.,3,false,true,10,false,false,true,1,false,false,true,2,false
0.8,Sample,70,5,100.,1,false,true,16,false,false,true,1,false,false,true,6,false
0.8,Sample,70,5,100.,2,false,true,22,false,false,true,7,false,false,true,2,false
0.8,Sample,70,5,100.,3,false,true,15,false,false,true,3,false,false,true,2,false
0.8,Sample,100,5,100.,1,false,true,25,false,false,true,1,false,false,true,5,false
0.8,Sample,100,5,100.,2,false,true,24,false,false,true,6,false,false,true,12,false
0.8,Sample,100,5,100.,3,false,true,13,false,false,true,16,false,false,true,2,false
0.8,Sample,130,5,100.,1,false,true,23,false,false,true,2,false,false,true,3,false
0.8,Sample,130,5,100.,2,false,true,16,false,false,true,1,false,false,true,2,false
0.8,Sample,130,5,100.,3,false,true,26,false,false,true,3,false,false,true,4,false
0.8,Sample,10,7,100.,1,false,true,6,false,false,true,4,false,false,true,2,false
0.8,Sample,10,7,100.,2,false,true,5,false,false,true,1,false,false,true,2,false
0.8,Sample,10,7,100.,3,false,true,8,false,false,true,3,false,false,true,2,false
0.8,Sample,40,7,100.,1,false,true,15,false,false,true,1,false,false,true,4,false
0.8,Sample,40,7,100.,2,false,true,9,false,false,true,1,false,false,true,3,false
0.8,Sample,40,7,100.,3,false,true,27,false,false,true,1,false,false,true,9,false
0.8,Sample,70,7,100.,1,false,true,21,false,false,true,1,false,false,true,5,false
0.8,Sample,70,7,100.,2,false,true,33,false,false,true,1,false,false,true,13,false
0.8,Sample,70,7,100.,3,false,true,21,false,false,true,1,false,false,true,3,false
0.8,Sample,100,7,100.,1,false,true,48,false,false,true,3,false,false,true,23,false
0.8,Sample,100,7,100.,2,false,true,28,false,false,true,4,false,false,true,5,false
0.8,Sample,100,7,100.,3,false,true,33,false,false,true,1,false,false,true,8,false
0.8,Sample,130,7,100.,1,false,true,48,false,false,true,8,false,false,true,25,false
0.8,Sample,130,7,100.,2,false,true,46,false,false,true,8,false,false,true,5,false
0.8,Sample,130,7,100.,3,false,true,61,false,false,true,13,false,false,true,25,false
0.9,Sample,10,3,100.,1,false,true,5,false,false,true,4,false,false,true,1,false
0.9,Sample,10,3,100.,2,false,true,4,false,false,true,1,false,false,true,2,false
0.9,Sample,10,3,100.,3,false,true,3,false,false,true,1,false,false,true,1,false
0.9,Sample,40,3,100.,1,false,true,6,false,false,true,2,false,false,true,2,false
0.9,Sample,40,3,100.,2,false,true,6,false,false,true,4,false,false,true,2,false
0.9,Sample,40,3,100.,3,false,true,6,false,false,true,1,false,false,true,2,false
0.9,Sample,70,3,100.,1,false,true,6,false,false,true,2,false,false,true,2,false
0.9,Sample,70,3,100.,2,false,true,5,false,false,true,3,false,false,true,1,false
0.9,Sample,70,3,100.,3,false,true,6,false,false,true,3,false,false,true,6,false
0.9,Sample,100,3,100.,1,false,true,6,false,false,true,1,false,false,true,2,false
0.9,Sample,100,3,100.,2,false,true,5,false,false,true,3,false,false,true,1,false
0.9,Sample,100,3,100.,3,false,true,6,false,false,true,6,false,false,true,2,false
0.9,Sample,130,3,100.,1,false,true,6,false,false,true,4,false,false,true,2,false
0.9,Sample,130,3,100.,2,false,true,6,false,false,true,5,false,false,true,3,false
0.9,Sample,130,3,100.,3,false,true,6,false,false,true,1,false,false,true,2,false
0.9,Sample,10,5,100.,1,false,true,9,false,false,true,4,false,false,false,8,false
0.9,Sample,10,5,100.,2,false,true,4,false,false,true,4,false,false,true,1,false
0.9,Sample,10,5,100.,3,false,true,7,false,false,true,1,false,false,true,2,false
0.9,Sample,40,5,100.,1,false,true,13,false,false,true,1,false,false,true,2,false
0.9,Sample,40,5,100.,2,false,true,13,false,false,true,6,false,false,true,1,false
0.9,Sample,40,5,100.,3,false,true,14,false,false,true,1,false,false,true,1,false
0.9,Sample,70,5,100.,1,false,true,8,false,false,true,2,false,false,true,2,false
0.9,Sample,70,5,100.,2,false,true,15,false,false,true,1,false,false,true,4,false
0.9,Sample,70,5,100.,3,false,true,10,false,false,true,5,false,false,true,4,false
0.9,Sample,100,5,100.,1,false,true,18,false,false,true,1,false,false,true,2,false
0.9,Sample,100,5,100.,2,false,true,18,false,false,true,4,false,false,true,3,false
0.9,Sample,100,5,100.,3,false,true,16,false,false,true,1,false,false,true,1,false
0.9,Sample,130,5,100.,1,false,true,22,false,false,true,6,false,false,true,2,false
0.9,Sample,130,5,100.,2,false,true,22,false,false,true,1,false,false,true,5,false
0.9,Sample,130,5,100.,3,false,true,9,false,false,true,1,false,false,true,2,false
0.9,Sample,10,7,100.,1,false,true,7,false,false,true,5,false,false,true,3,false
0.9,Sample,10,7,100.,2,false,true,10,false,false,true,1,false,false,true,5,false
0.9,Sample,10,7,100.,3,false,true,5,false,false,true,2,false,false,true,3,false
0.9,Sample,40,7,100.,1,false,true,23,false,false,true,1,false,false,true,6,false
0.9,Sample,40,7,100.,2,true,true,33,true,false,true,1,false,false,true,21,false
0.9,Sample,40,7,100.,3,false,true,32,false,false,true,2,false,false,true,15,false
0.9,Sample,70,7,100.,1,false,true,39,false,false,true,2,false,false,true,21,false
0.9,Sample,70,7,100.,2,false,true,23,false,false,true,1,false,false,true,5,false
0.9,Sample,70,7,100.,3,false,true,35,false,false,true,1,false,false,true,6,false
0.9,Sample,100,7,100.,1,false,true,41,false,false,true,1,false,false,true,20,false
0.9,Sample,100,7,100.,2,false,true,51,false,false,true,1,false,false,true,29,false
0.9,Sample,100,7,100.,3,false,true,21,false,false,true,1,false,false,true,2,false
0.9,Sample,130,7,100.,1,false,true,37,false,false,true,7,false,false,true,4,false
0.9,Sample,130,7,100.,2,false,true,29,false,false,true,1,false,false,true,4,false
0.9,Sample,130,7,100.,3,false,true,37,false,false,true,7,false,false,true,9,false
1.,Sample,10,3,100.,1,false,true,4,false,false,true,4,false,false,false,2,false
1.,Sample,10,3,100.,2,false,true,3,false,false,true,2,false,false,true,4,false
1.,Sample,10,3,100.,3,false,false,3,false,false,true,3,false,false,true,2,false
1.,Sample,40,3,100.,1,false,true,5,false,false,true,2,false,false,true,4,false
1.,Sample,40,3,100.,2,false,false,5,false,false,true,4,false,false,true,2,false
1.,Sample,40,3,100.,3,false,true,5,false,false,true,1,false,false,true,2,false
1.,Sample,70,3,100.,1,false,true,5,false,false,true,3,false,false,true,3,false
1.,Sample,70,3,100.,2,false,true,5,false,false,true,1,false,false,true,1,false
1.,Sample,70,3,100.,3,false,true,5,false,false,true,1,false,false,true,3,false
1.,Sample,100,3,100.,1,false,true,5,false,false,true,1,false,false,true,1,false
1.,Sample,100,3,100.,2,false,true,3,false,false,true,1,false,false,true,1,false
1.,Sample,100,3,100.,3,false,true,6,false,false,true,1,false,false,true,2,false
1.,Sample,130,3,100.,1,false,true,4,false,false,true,3,false,false,true,1,false
1.,Sample,130,3,100.,2,false,true,4,false,false,true,1,false,false,true,2,false
1.,Sample,130,3,100.,3,false,true,5,false,false,true,2,false,false,true,1,false
1.,Sample,10,5,100.,1,false,true,8,false,false,true,3,false,false,true,4,false
1.,Sample,10,5,100.,2,false,true,6,false,false,true,3,false,false,true,2,false
1.,Sample,10,5,100.,3,false,false,7,false,false,true,1,false,false,false,5,false
1.,Sample,40,5,100.,1,false,true,11,false,false,false,8,false,false,true,5,false
1.,Sample,40,5,100.,2,false,true,13,false,false,true,9,false,false,true,6,false
1.,Sample,40,5,100.,3,false,true,14,false,false,true,1,false,false,true,4,false
1.,Sample,70,5,100.,1,false,false,13,false,false,true,5,false,false,true,3,false
1.,Sample,70,5,100.,2,false,true,23,false,false,true,5,false,false,true,7,false
1.,Sample,70,5,100.,3,false,true,11,false,false,true,4,false,false,true,2,false
1.,Sample,100,5,100.,1,false,true,36,false,false,true,4,false,false,true,11,false
1.,Sample,100,5,100.,2,false,true,21,false,false,true,1,false,false,true,9,false
1.,Sample,100,5,100.,3,false,true,19,false,false,true,5,false,false,true,6,false
1.,Sample,130,5,100.,1,false,true,23,false,false,true,1,false,false,true,3,false
1.,Sample,130,5,100.,2,false,true,18,false,false,true,11,false,false,true,2,false
1.,Sample,130,5,100.,3,false,true,13,false,false,true,1,false,false,true,5,false
1.,Sample,10,7,100.,1,false,true,10,false,false,true,5,false,false,true,9,false
1.,Sample,10,7,100.,2,false,true,8,false,false,true,5,false,false,true,6,false
1.,Sample,10,7,100.,3,false,true,9,false,false,true,1,false,false,true,4,false
1.,Sample,40,7,100.,1,false,true,31,false,false,true,1,false,false,true,13,false
1.,Sample,40,7,100.,2,false,true,15,false,false,true,1,false,false,true,6,false
1.,Sample,40,7,100.,3,false,true,15,false,false,true,1,false,false,true,4,false
1.,Sample,70,7,100.,1,false,true,27,false,false,true,1,false,false,true,17,false
1.,Sample,70,7,100.,2,false,true,16,false,false,true,5,false,false,true,2,false
1.,Sample,70,7,100.,3,false,true,32,false,false,true,5,false,false,true,25,false
1.,Sample,100,7,100.,1,false,true,22,false,false,true,1,false,false,true,2,false
1.,Sample,100,7,100.,2,false,true,25,false,false,true,1,false,false,true,4,false
1.,Sample,100,7,100.,3,false,true,32,false,false,true,6,false,false,true,18,false
1.,Sample,130,7,100.,1,false,true,43,false,false,true,18,false,false,true,8,false
1.,Sample,130,7,100.,2,false,true,52,false,false,true,7,false,false,true,17,false
1.,Sample,130,7,100.,3,false,true,39,false,false,true,1,false,false,true,11,false
1.1,Sample,10,3,100.,1,false,true,5,false,false,true,5,false,false,true,2,false
1.1,Sample,10,3,100.,2,false,true,4,false,false,true,3,false,false,true,2,false
1.1,Sample,10,3,100.,3,false,true,4,false,false,true,2,false,false,true,2,false
1.1,Sample,40,3,100.,1,false,true,5,false,false,false,4,false,false,true,3,false
1.1,Sample,40,3,100.,2,false,true,6,false,false,true,3,false,false,true,6,false
1.1,Sample,40,3,100.,3,false,true,5,false,false,true,4,false,false,true,1,false
1.1,Sample,70,3,100.,1,false,true,5,false,false,true,1,false,false,true,2,false
1.1,Sample,70,3,100.,2,false,true,6,false,false,true,5,false,false,true,2,false
1.1,Sample,70,3,100.,3,false,true,6,false,false,false,5,false,false,true,3,false
1.1,Sample,100,3,100.,1,false,true,5,false,false,true,1,false,false,true,1,false
1.1,Sample,100,3,100.,2,false,true,4,false,false,true,1,false,false,true,1,false
1.1,Sample,100,3,100.,3,false,true,6,false,false,true,1,false,false,true,1,false
1.1,Sample,130,3,100.,1,false,true,6,false,false,true,1,false,false,true,2,false
1.1,Sample,130,3,100.,2,false,true,6,false,false,true,1,false,false,true,1,false
1.1,Sample,130,3,100.,3,false,true,5,false,false,true,2,false,false,true,2,false
1.1,Sample,10,5,100.,1,false,false,7,false,false,true,5,false,false,true,1,false
1.1,Sample,10,5,100.,2,false,true,7,false,true,false,4,true,false,true,2,false
1.1,Sample,10,5,100.,3,false,true,6,false,false,true,2,false,false,true,1,false
1.1,Sample,40,5,100.,1,false,true,10,false,false,true,1,false,false,true,3,false
1.1,Sample,40,5,100.,2,false,true,12,false,false,true,10,false,false,true,6,false
1.1,Sample,40,5,100.,3,false,true,15,false,false,true,1,false,false,true,5,false
1.1,Sample,70,5,100.,1,false,true,15,false,false,true,5,false,false,true,2,false
1.1,Sample,70,5,100.,2,false,true,14,false,false,true,7,false,false,true,4,false
1.1,Sample,70,5,100.,3,false,true,14,false,false,true,12,false,false,true,3,false
1.1,Sample,100,5,100.,1,false,true,18,false,false,true,2,false,false,true,4,false
1.1,Sample,100,5,100.,2,false,true,19,false,false,true,1,false,false,true,2,false
1.1,Sample,100,5,100.,3,false,true,20,false,false,true,1,false,false,true,5,false
1.1,Sample,130,5,100.,1,false,true,15,false,false,true,1,false,false,true,3,false
1.1,Sample,130,5,100.,2,false,true,20,false,false,true,11,false,false,true,6,false
1.1,Sample,130,5,100.,3,false,true,23,false,false,true,4,false,false,true,5,false
1.1,Sample,10,7,100.,1,false,true,5,false,false,true,3,false,false,true,2,false
1.1,Sample,10,7,100.,2,false,true,7,false,false,true,1,false,false,true,1,false
1.1,Sample,10,7,100.,3,false,true,8,false,false,true,2,false,false,true,4,false
1.1,Sample,40,7,100.,1,false,true,18,false,false,true,1,false,false,true,2,false
1.1,Sample,40,7,100.,2,false,true,27,false,false,true,1,false,false,true,14,false
1.1,Sample,40,7,100.,3,false,true,16,false,false,true,1,false,false,true,3,false
1.1,Sample,70,7,100.,1,false,true,25,false,false,true,1,false,false,true,6,false
1.1,Sample,70,7,100.,2,false,true,29,false,false,true,10,false,false,true,9,false
1.1,Sample,70,7,100.,3,false,true,32,false,false,true,1,false,false,true,27,false
1.1,Sample,100,7,100.,1,false,true,23,false,false,true,17,false,false,true,4,false
1.1,Sample,100,7,100.,2,false,true,46,false,false,true,14,false,false,true,17,false
1.1,Sample,100,7,100.,3,false,true,49,false,false,true,1,false,false,true,27,false
1.1,Sample,130,7,100.,1,false,true,39,false,false,true,17,false,false,true,13,false
1.1,Sample,130,7,100.,2,false,true,27,false,false,true,6,false,false,true,2,false
1.1,Sample,130,7,100.,3,false,true,32,false,false,true,8,false,false,true,11,false
1.2,Sample,10,3,100.,1,false,false,4,false,false,true,4,false,false,true,1,false
1.2,Sample,10,3,100.,2,false,true,2,false,false,true,1,false,false,true,1,false
1.2,Sample,10,3,100.,3,false,true,5,false,false,true,2,false,false,true,2,false
1.2,Sample,40,3,100.,1,false,true,6,false,false,true,4,false,false,true,1,false
1.2,Sample,40,3,100.,2,false,true,3,false,false,true,3,false,false,true,2,false
1.2,Sample,40,3,100.,3,false,true,6,false,false,true,1,false,false,true,1,false
1.2,Sample,70,3,100.,1,false,true,6,false,false,true,3,false,false,true,1,false
1.2,Sample,70,3,100.,2,false,true,5,false,false,true,2,false,false,true,2,false
1.2,Sample,70,3,100.,3,false,true,4,false,false,true,3,false,false,true,1,false
1.2,Sample,100,3,100.,1,false,true,6,false,false,true,1,false,false,true,1,false
1.2,Sample,100,3,100.,2,false,false,6,false,false,true,5,false,false,true,4,false
1.2,Sample,100,3,100.,3,false,true,5,false,false,true,1,false,false,true,2,false
1.2,Sample,130,3,100.,1,false,true,6,false,false,true,3,false,false,true,5,false
1.2,Sample,130,3,100.,2,false,true,6,false,false,true,4,false,false,true,3,false
1.2,Sample,130,3,100.,3,false,true,6,false,false,true,2,false,false,true,2,false
1.2,Sample,10,5,100.,1,false,true,4,false,false,true,4,false,false,true,2,false
1.2,Sample,10,5,100.,2,false,true,7,false,false,true,4,false,false,true,2,false
1.2,Sample,10,5,100.,3,false,true,6,false,false,true,2,false,false,true,1,false
1.2,Sample,40,5,100.,1,false,true,17,false,false,true,5,false,false,true,8,false
1.2,Sample,40,5,100.,2,false,false,13,false,false,true,8,false,false,true,4,false
1.2,Sample,40,5,100.,3,false,true,12,false,false,true,6,false,false,true,3,false
1.2,Sample,70,5,100.,1,false,true,14,false,false,true,3,false,false,true,3,false
1.2,Sample,70,5,100.,2,false,true,12,false,false,true,12,false,false,true,3,false
1.2,Sample,70,5,100.,3,false,true,15,false,false,true,1,false,false,true,6,false
1.2,Sample,100,5,100.,1,false,true,24,false,false,true,2,false,false,true,3,false
1.2,Sample,100,5,100.,2,false,true,8,false,false,true,5,false,false,true,2,false
1.2,Sample,100,5,100.,3,false,true,19,false,false,true,1,false,false,true,4,false
1.2,Sample,130,5,100.,1,false,true,24,false,false,true,6,false,false,true,4,false
1.2,Sample,130,5,100.,2,false,true,17,false,false,true,7,false,false,true,3,false
1.2,Sample,130,5,100.,3,false,true,21,false,false,true,3,false,false,true,2,false
1.2,Sample,10,7,100.,1,false,true,6,false,true,true,5,true,false,true,2,false
1.2,Sample,10,7,100.,2,false,false,8,false,false,true,1,false,false,false,5,false
1.2,Sample,10,7,100.,3,false,false,10,false,false,true,2,false,false,true,9,false
1.2,Sample,40,7,100.,1,false,true,23,false,false,true,1,false,false,true,8,false
1.2,Sample,40,7,100.,2,false,true,22,false,false,true,1,false,false,true,9,false
1.2,Sample,40,7,100.,3,false,true,27,false,false,true,1,false,false,true,13,false
1.2,Sample,70,7,100.,1,false,true,20,false,false,true,1,false,false,true,2,false
1.2,Sample,70,7,100.,2,false,true,34,false,false,true,1,false,false,true,11,false
1.2,Sample,70,7,100.,3,false,true,27,false,false,true,13,false,false,true,6,false
1.2,Sample,100,7,100.,1,false,true,28,false,false,true,3,false,false,true,5,false
1.2,Sample,100,7,100.,2,false,true,44,false,false,true,4,false,false,true,11,false
1.2,Sample,100,7,100.,3,false,false,58,false,false,true,1,false,false,true,24,false
1.2,Sample,130,7,100.,1,false,true,52,false,false,true,20,false,false,true,13,false
1.2,Sample,130,7,100.,2,false,true,44,false,false,true,21,false,false,true,10,false
1.2,Sample,130,7,100.,3,false,true,34,false,false,true,5,false,false,true,7,false
1.3,Sample,10,3,100.,1,false,true,4,false,false,true,4,false,false,true,1,false
1.3,Sample,10,3,100.,2,false,true,3,false,false,true,1,false,false,true,1,false
1.3,Sample,10,3,100.,3,false,true,2,false,false,true,2,false,false,true,2,false
1.3,Sample,40,3,100.,1,false,true,4,false,false,true,4,false,false,true,2,false
1.3,Sample,40,3,100.,2,false,true,6,false,false,true,3,false,false,true,2,false
1.3,Sample,40,3,100.,3,false,true,5,false,false,true,1,false,false,true,1,false
1.3,Sample,70,3,100.,1,false,true,5,false,false,true,2,false,false,true,3,false
1.3,Sample,70,3,100.,2,false,true,4,false,false,true,3,false,false,true,2,false
1.3,Sample,70,3,100.,3,false,true,3,false,false,true,2,false,false,true,2,false
1.3,Sample,100,3,100.,1,false,true,5,false,false,true,2,false,false,true,1,false
1.3,Sample,100,3,100.,2,false,true,6,false,false,true,5,false,false,true,2,false
1.3,Sample,100,3,100.,3,false,true,4,false,false,true,1,false,false,true,1,false
1.3,Sample,130,3,100.,1,false,true,6,false,false,true,3,false,false,true,1,false
1.3,Sample,130,3,100.,2,false,true,5,false,false,true,3,false,false,true,2,false
1.3,Sample,130,3,100.,3,false,true,6,false,false,true,1,false,false,true,1,false
1.3,Sample,10,5,100.,1,false,false,8,false,false,true,4,false,false,true,2,false
1.3,Sample,10,5,100.,2,false,true,4,false,false,true,1,false,false,true,1,false
1.3,Sample,10,5,100.,3,false,false,9,true,false,true,2,false,false,true,2,false
1.3,Sample,40,5,100.,1,false,true,15,false,false,true,1,false,false,true,4,false
1.3,Sample,40,5,100.,2,false,true,13,false,false,true,7,false,false,true,2,false
1.3,Sample,40,5,100.,3,false,true,13,false,false,true,1,false,false,true,2,false
1.3,Sample,70,5,100.,1,false,true,11,false,false,true,5,false,false,true,1,false
1.3,Sample,70,5,100.,2,false,true,14,false,false,true,11,false,false,true,3,false
1.3,Sample,70,5,100.,3,false,true,14,false,false,true,8,false,false,true,6,false
1.3,Sample,100,5,100.,1,false,true,19,false,false,true,1,false,false,true,2,false
1.3,Sample,100,5,100.,2,false,true,19,false,false,true,11,false,false,true,5,false
1.3,Sample,100,5,100.,3,false,true,21,false,false,true,1,false,false,true,4,false
1.3,Sample,130,5,100.,1,false,true,23,false,false,true,14,false,false,true,4,false
1.3,Sample,130,5,100.,2,false,true,23,false,false,true,9,false,false,true,10,false
1.3,Sample,130,5,100.,3,false,true,19,false,false,true,1,false,false,true,4,false
1.3,Sample,10,7,100.,1,false,true,8,false,true,true,5,true,false,true,2,false
1.3,Sample,10,7,100.,2,false,true,10,true,true,true,5,true,false,true,8,false
1.3,Sample,10,7,100.,3,false,true,10,false,false,true,2,false,false,true,8,false
1.3,Sample,40,7,100.,1,false,true,20,true,false,true,8,false,false,true,9,false
1.3,Sample,40,7,100.,2,false,true,17,false,false,true,2,false,false,true,8,false
1.3,Sample,40,7,100.,3,false,true,17,false,false,true,1,false,false,true,6,false
1.3,Sample,70,7,100.,1,false,true,20,false,false,true,3,false,false,true,7,false
1.3,Sample,70,7,100.,2,false,true,19,false,false,true,2,false,false,true,2,false
1.3,Sample,70,7,100.,3,false,true,27,false,false,true,9,false,false,true,16,false
1.3,Sample,100,7,100.,1,false,true,38,false,false,true,9,false,false,true,17,false
1.3,Sample,100,7,100.,2,false,true,49,false,false,true,7,false,false,true,12,false
1.3,Sample,100,7,100.,3,false,true,23,false,false,true,1,false,false,true,3,false
1.3,Sample,130,7,100.,1,false,true,41,false,false,true,1,false,false,true,14,false
1.3,Sample,130,7,100.,2,false,true,37,false,false,true,14,false,false,true,5,false
1.3,Sample,130,7,100.,3,false,true,23,false,false,true,1,false,false,true,2,false
1.4,Sample,10,3,100.,1,false,true,3,false,false,true,2,false,false,true,2,false
1.4,Sample,10,3,100.,2,false,true,5,false,false,true,1,false,false,true,3,false
1.4,Sample,10,3,100.,3,false,true,4,false,false,true,1,false,false,true,2,false
1.4,Sample,40,3,100.,1,false,true,6,false,false,true,5,false,false,true,2,false
1.4,Sample,40,3,100.,2,false,true,5,false,false,true,2,false,false,true,2,false
1.4,Sample,40,3,100.,3,false,true,3,false,false,true,1,false,false,true,2,false
1.4,Sample,70,3,100.,1,false,true,4,false,false,true,2,false,false,false,2,false
1.4,Sample,70,3,100.,2,false,true,3,false,false,true,4,false,false,true,2,false
1.4,Sample,70,3,100.,3,false,true,6,false,false,true,4,false,false,true,3,false
1.4,Sample,100,3,100.,1,false,true,6,false,false,true,4,false,false,true,2,false
1.4,Sample,100,3,100.,2,false,true,4,false,false,true,2,false,false,true,2,false
1.4,Sample,100,3,100.,3,false,true,5,false,false,true,1,false,false,true,1,false
1.4,Sample,130,3,100.,1,false,true,6,false,false,true,4,false,false,true,2,false
1.4,Sample,130,3,100.,2,false,true,6,false,false,true,4,false,false,true,1,false
1.4,Sample,130,3,100.,3,false,true,6,false,false,true,1,false,false,true,2,false
1.4,Sample,10,5,100.,1,false,true,6,false,false,true,4,false,false,true,3,false
1.4,Sample,10,5,100.,2,false,true,9,false,false,true,1,false,false,true,2,false
1.4,Sample,10,5,100.,3,false,false,7,false,false,true,2,false,false,true,3,false
1.4,Sample,40,5,100.,1,false,true,7,false,false,true,1,false,false,true,1,false
1.4,Sample,40,5,100.,2,false,true,16,false,false,true,1,false,false,true,5,false
1.4,Sample,40,5,100.,3,false,true,20,false,false,true,1,false,false,true,11,false
1.4,Sample,70,5,100.,1,false,true,26,false,false,true,1,false,false,true,12,false
1.4,Sample,70,5,100.,2,false,true,16,false,false,true,1,false,false,true,2,false
1.4,Sample,70,5,100.,3,false,true,16,false,false,true,1,false,false,true,6,false
1.4,Sample,100,5,100.,1,false,true,20,false,false,true,2,false,false,true,4,false
1.4,Sample,100,5,100.,2,false,true,23,false,false,true,7,false,false,true,3,false
1.4,Sample,100,5,100.,3,false,true,19,false,false,true,13,false,false,true,4,false
1.4,Sample,130,5,100.,1,false,true,19,false,false,true,13,false,false,true,3,false
1.4,Sample,130,5,100.,2,false,true,29,false,false,true,9,false,false,true,8,false
1.4,Sample,130,5,100.,3,false,true,20,false,false,true,14,false,false,true,3,false
1.4,Sample,10,7,100.,1,false,true,5,false,false,true,3,false,false,true,2,false
1.4,Sample,10,7,100.,2,false,true,9,false,false,true,2,false,false,true,6,false
1.4,Sample,10,7,100.,3,false,true,7,false,false,true,1,false,false,true,2,false
1.4,Sample,40,7,100.,1,true,true,35,true,false,true,1,false,true,true,24,true
1.4,Sample,40,7,100.,2,false,true,22,false,false,true,1,false,false,true,9,false
1.4,Sample,40,7,100.,3,false,true,29,false,false,true,16,false,false,true,15,false
1.4,Sample,70,7,100.,1,false,true,32,false,false,true,1,false,false,true,13,false
1.4,Sample,70,7,100.,2,false,true,15,false,false,true,5,false,false,true,4,false
1.4,Sample,70,7,100.,3,false,true,26,false,false,true,1,false,false,true,7,false
1.4,Sample,100,7,100.,1,false,true,49,false,false,true,1,false,false,true,30,false
1.4,Sample,100,7,100.,2,false,true,46,false,false,true,14,false,false,true,19,false
1.4,Sample,100,7,100.,3,false,true,42,false,false,true,1,false,false,true,17,false
1.4,Sample,130,7,100.,1,false,true,38,false,false,true,11,false,false,true,10,false
1.4,Sample,130,7,100.,2,false,true,41,false,false,true,1,false,false,true,6,false
1.4,Sample,130,7,100.,3,false,true,32,false,false,true,11,false,false,true,6,false
0.1,Voter,10,3,100.,1,false,true,2,false,false,true,2,false,false,true,1,false
0.1,Voter,10,3,100.,2,false,true,4,false,false,true,2,false,false,true,3,false
0.1,Voter,10,3,100.,3,false,true,4,false,false,true,1,false,false,true,2,false
0.1,Voter,40,3,100.,1,false,true,6,false,false,true,3,false,false,true,1,false
0.1,Voter,40,3,100.,2,false,true,3,false,false,true,3,false,false,true,2,false
0.1,Voter,40,3,100.,3,false,true,6,false,false,true,1,false,false,true,2,false
0.1,Voter,70,3,100.,1,false,false,5,false,false,true,6,false,false,true,2,false
0.1,Voter,70,3,100.,2,false,true,2,false,false,true,2,false,false,true,2,false
0.1,Voter,70,3,100.,3,false,true,4,false,false,true,1,false,false,true,2,false
0.1,Voter,100,3,100.,1,false,true,6,false,false,true,3,false,false,true,2,false
0.1,Voter,100,3,100.,2,false,true,4,false,false,true,1,false,false,true,2,false
0.1,Voter,100,3,100.,3,false,true,5,false,false,true,3,false,false,true,2,false
0.1,Voter,130,3,100.,1,false,true,6,false,false,true,2,false,false,true,2,false
0.1,Voter,130,3,100.,2,false,true,6,false,false,true,3,false,false,true,3,false
0.1,Voter,130,3,100.,3,false,true,6,false,false,true,1,false,false,true,1,false
0.1,Voter,10,5,100.,1,false,true,5,false,false,true,3,false,false,true,5,false
0.1,Voter,10,5,100.,2,false,true,6,false,false,false,6,false,false,true,2,false
0.1,Voter,10,5,100.,3,false,true,7,false,false,true,2,false,false,true,6,false
0.1,Voter,40,5,100.,1,false,true,17,false,false,true,3,false,false,true,8,false
0.1,Voter,40,5,100.,2,false,true,8,false,false,true,1,false,false,true,2,false
0.1,Voter,40,5,100.,3,false,true,14,false,false,true,3,false,false,true,5,false
0.1,Voter,70,5,100.,1,false,true,13,false,false,true,4,false,false,true,3,false
0.1,Voter,70,5,100.,2,false,true,17,false,false,true,4,false,false,true,3,false
0.1,Voter,70,5,100.,3,false,true,16,false,false,true,2,false,false,true,2,false
0.1,Voter,100,5,100.,1,false,true,34,false,false,true,7,false,false,true,11,false
0.1,Voter,100,5,100.,2,false,true,15,false,false,true,2,false,false,true,2,false
0.1,Voter,100,5,100.,3,false,true,17,false,false,true,1,false,false,true,5,false
0.1,Voter,130,5,100.,1,false,true,16,false,false,true,4,false,false,true,5,false
0.1,Voter,130,5,100.,2,false,true,21,false,false,true,1,false,false,false,4,false
0.1,Voter,130,5,100.,3,false,true,19,false,false,true,3,false,false,true,12,false
0.1,Voter,10,7,100.,1,false,false,9,false,false,true,5,false,false,false,8,false
0.1,Voter,10,7,100.,2,false,true,5,false,false,true,4,false,false,true,1,false
0.1,Voter,10,7,100.,3,false,false,6,false,false,true,1,false,false,true,3,false
0.1,Voter,40,7,100.,1,false,true,21,false,false,true,11,false,false,true,10,false
0.1,Voter,40,7,100.,2,false,false,25,false,false,true,8,false,false,true,23,false
0.1,Voter,40,7,100.,3,false,true,19,false,false,true,1,false,false,true,12,false
0.1,Voter,70,7,100.,1,false,true,38,false,false,true,1,false,false,true,12,false
0.1,Voter,70,7,100.,2,false,true,11,false,false,true,1,false,false,true,5,false
0.1,Voter,70,7,100.,3,false,true,43,false,false,true,3,false,false,true,20,false
0.1,Voter,100,7,100.,1,false,true,26,false,false,true,1,false,false,true,13,false
0.1,Voter,100,7,100.,2,false,true,39,false,false,true,6,false,false,true,14,false
0.1,Voter,100,7,100.,3,false,true,23,false,false,true,8,false,false,true,3,false
0.1,Voter,130,7,100.,1,false,true,24,false,false,true,1,false,false,true,15,false
0.1,Voter,130,7,100.,2,false,true,46,false,false,true,3,false,false,true,10,false
0.1,Voter,130,7,100.,3,false,true,45,false,false,true,1,false,false,true,10,false
0.2,Voter,10,3,100.,1,false,true,2,false,false,true,2,false,false,true,2,false
0.2,Voter,10,3,100.,2,false,true,4,false,false,true,1,false,false,true,1,false
0.2,Voter,10,3,100.,3,false,true,2,false,false,true,1,false,false,true,1,false
0.2,Voter,40,3,100.,1,false,true,4,false,false,true,2,false,false,true,2,false
0.2,Voter,40,3,100.,2,false,true,5,false,false,true,3,false,false,true,2,false
0.2,Voter,40,3,100.,3,false,true,4,false,false,true,1,false,false,true,1,false
0.2,Voter,70,3,100.,1,false,true,4,false,false,true,1,false,false,true,1,false
0.2,Voter,70,3,100.,2,false,true,3,false,false,true,1,false,false,true,1,false
0.2,Voter,70,3,100.,3,false,true,6,false,false,true,1,false,false,true,2,false
0.2,Voter,100,3,100.,1,false,true,2,false,false,true,1,false,false,true,2,false
0.2,Voter,100,3,100.,2,false,true,4,false,false,true,1,false,false,true,2,false
0.2,Voter,100,3,100.,3,false,true,5,false,false,true,1,false,false,true,2,false
0.2,Voter,130,3,100.,1,false,true,5,false,false,true,1,false,false,true,2,false
0.2,Voter,130,3,100.,2,false,true,4,false,false,true,1,false,false,true,2,false
0.2,Voter,130,3,100.,3,false,true,6,false,false,true,2,false,false,true,4,false
0.2,Voter,10,5,100.,1,false,false,7,false,false,true,2,false,false,true,3,false
0.2,Voter,10,5,100.,2,false,true,5,false,false,true,4,false,false,true,2,false
0.2,Voter,10,5,100.,3,false,true,3,false,false,true,2,false,false,true,2,false
0.2,Voter,40,5,100.,1,false,true,7,false,false,true,5,false,false,true,2,false
0.2,Voter,40,5,100.,2,false,true,6,false,false,true,2,false,false,true,1,false
0.2,Voter,40,5,100.,3,false,true,7,false,false,true,1,false,false,true,1,false
0.2,Voter,70,5,100.,1,false,true,15,false,false,true,2,false,false,true,2,false
0.2,Voter,70,5,100.,2,false,true,10,false,false,true,1,false,false,true,5,false
0.2,Voter,70,5,100.,3,false,true,18,false,false,true,4,false,false,true,11,false
0.2,Voter,100,5,100.,1,false,true,18,false,false,true,2,false,false,true,2,false
0.2,Voter,100,5,100.,2,false,false,16,false,false,true,1,false,false,true,14,false
0.2,Voter,100,5,100.,3,false,true,28,false,false,true,3,false,false,true,14,false
0.2,Voter,130,5,100.,1,false,true,21,false,false,true,5,false,false,true,18,false
0.2,Voter,130,5,100.,2,false,true,10,false,false,true,2,false,false,true,3,false
0.2,Voter,130,5,100.,3,false,true,27,false,false,true,4,false,false,true,7,false
0.2,Voter,10,7,100.,1,false,false,8,false,false,true,4,false,false,true,5,false
0.2,Voter,10,7,100.,2,false,true,7,false,false,true,3,false,false,true,4,false
0.2,Voter,10,7,100.,3,false,true,9,false,false,true,1,false,false,true,6,false
0.2,Voter,40,7,100.,1,false,true,18,false,false,true,10,true,false,true,10,false
0.2,Voter,40,7,100.,2,false,true,23,false,false,true,6,false,false,true,15,false
0.2,Voter,40,7,100.,3,false,true,10,false,false,true,1,false,false,true,3,false
0.2,Voter,70,7,100.,1,false,true,41,false,false,true,2,false,false,true,25,false
0.2,Voter,70,7,100.,2,false,true,43,false,false,true,2,false,false,true,34,false
0.2,Voter,70,7,100.,3,false,true,41,false,false,true,14,false,false,true,10,false
0.2,Voter,100,7,100.,1,false,true,31,false,false,true,1,false,false,true,11,false
0.2,Voter,100,7,100.,2,true,false,53,true,false,true,1,false,false,true,25,false
0.2,Voter,100,7,100.,3,false,true,53,false,false,true,1,false,false,true,10,false
0.2,Voter,130,7,100.,1,false,true,37,false,false,true,10,false,false,true,12,false
0.2,Voter,130,7,100.,2,false,true,25,false,false,true,6,false,false,true,9,false
0.2,Voter,130,7,100.,3,false,true,59,false,false,true,13,false,false,true,9,false
0.3,Voter,10,3,100.,1,false,true,2,false,false,true,2,false,false,true,2,false
0.3,Voter,10,3,100.,2,false,true,3,false,false,true,2,false,false,true,2,false
0.3,Voter,10,3,100.,3,false,true,2,false,false,true,1,false,false,true,1,false
0.3,Voter,40,3,100.,1,false,true,6,false,false,true,4,false,false,true,4,false
0.3,Voter,40,3,100.,2,false,true,4,false,false,true,1,false,false,true,2,false
0.3,Voter,40,3,100.,3,false,true,3,false,false,true,1,false,false,true,1,false
0.3,Voter,70,3,100.,1,false,true,5,false,false,true,1,false,false,true,1,false
0.3,Voter,70,3,100.,2,false,true,5,false,false,true,1,false,false,true,2,false
0.3,Voter,70,3,100.,3,false,true,3,false,false,true,1,false,false,true,2,false
0.3,Voter,100,3,100.,1,false,true,5,false,false,true,1,false,false,true,6,false
0.3,Voter,100,3,100.,2,false,true,4,false,false,true,2,false,false,true,5,false
0.3,Voter,100,3,100.,3,false,true,6,false,false,true,4,false,false,true,4,false
0.3,Voter,130,3,100.,1,false,true,5,false,false,true,1,false,false,true,2,false
0.3,Voter,130,3,100.,2,false,true,5,false,false,true,1,false,false,true,3,false
0.3,Voter,130,3,100.,3,false,true,4,false,false,true,1,false,false,true,2,false
0.3,Voter,10,5,100.,1,false,true,4,false,false,true,3,false,false,true,2,false
0.3,Voter,10,5,100.,2,false,false,5,false,false,true,2,false,false,false,4,false
0.3,Voter,10,5,100.,3,false,false,7,false,false,true,2,false,false,false,5,false
0.3,Voter,40,5,100.,1,false,true,16,false,false,true,1,false,false,true,5,false
0.3,Voter,40,5,100.,2,false,true,12,false,false,true,6,false,false,true,3,false
0.3,Voter,40,5,100.,3,false,true,10,false,false,true,1,false,false,true,5,false
0.3,Voter,70,5,100.,1,false,true,13,false,false,true,1,false,false,false,5,false
0.3,Voter,70,5,100.,2,false,true,24,false,false,true,3,false,false,true,3,false
0.3,Voter,70,5,100.,3,false,true,15,false,false,true,3,false,false,true,8,false
0.3,Voter,100,5,100.,1,false,true,18,false,false,true,1,false,false,true,9,false
0.3,Voter,100,5,100.,2,false,true,14,false,false,true,2,false,false,true,5,false
0.3,Voter,100,5,100.,3,false,true,12,false,false,true,2,false,false,true,4,false
0.3,Voter,130,5,100.,1,false,true,23,false,false,true,3,false,false,true,8,false
0.3,Voter,130,5,100.,2,false,true,23,false,false,true,3,false,false,true,4,false
0.3,Voter,130,5,100.,3,false,true,22,false,false,true,3,false,false,true,3,false
0.3,Voter,10,7,100.,1,false,true,3,false,false,true,3,false,false,true,2,false
0.3,Voter,10,7,100.,2,false,true,8,false,false,true,5,false,false,false,5,false
0.3,Voter,10,7,100.,3,false,true,6,false,false,true,1,false,false,true,2,false
0.3,Voter,40,7,100.,1,false,true,27,false,false,true,1,false,false,true,17,false
0.3,Voter,40,7,100.,2,false,true,20,false,false,true,9,false,false,true,7,false
0.3,Voter,40,7,100.,3,false,true,21,false,false,true,8,false,false,true,12,false
0.3,Voter,70,7,100.,1,false,true,26,false,false,true,6,false,false,true,7,false
0.3,Voter,70,7,100.,2,false,true,39,false,false,true,1,false,false,true,27,false
0.3,Voter,70,7,100.,3,false,true,40,false,false,true,8,false,false,true,14,false
0.3,Voter,100,7,100.,1,false,true,25,false,false,true,3,false,false,true,6,false
0.3,Voter,100,7,100.,2,false,true,53,false,false,true,7,false,false,true,8,false
0.3,Voter,100,7,100.,3,false,true,54,false,false,true,4,false,false,true,34,false
0.3,Voter,130,7,100.,1,false,true,58,false,false,true,2,false,false,true,16,false
0.3,Voter,130,7,100.,2,false,true,25,false,false,true,6,false,false,true,22,false
0.3,Voter,130,7,100.,3,false,true,63,false,false,true,7,false,false,true,23,false
0.4,Voter,10,3,100.,1,false,true,3,false,false,true,1,false,false,true,1,false
0.4,Voter,10,3,100.,2,false,true,5,false,false,true,3,false,false,true,1,false
0.4,Voter,10,3,100.,3,false,true,4,false,false,true,2,false,false,true,2,false
0.4,Voter,40,3,100.,1,false,true,4,false,false,true,3,false,false,true,2,false
0.4,Voter,40,3,100.,2,false,true,2,false,false,true,1,false,false,true,1,false
0.4,Voter,40,3,100.,3,false,true,4,false,false,true,1,false,false,true,2,false
0.4,Voter,70,3,100.,1,false,true,2,false,false,true,1,false,false,true,1,false
0.4,Voter,70,3,100.,2,false,true,5,false,false,true,1,false,false,true,1,false
0.4,Voter,70,3,100.,3,false,true,2,false,false,true,1,false,false,true,1,false
0.4,Voter,100,3,100.,1,false,true,6,false,false,true,3,false,false,true,2,false
0.4,Voter,100,3,100.,2,false,true,5,false,false,true,3,false,false,true,2,false
0.4,Voter,100,3,100.,3,false,true,5,false,false,true,2,false,false,true,2,false
0.4,Voter,130,3,100.,1,false,true,6,false,false,true,3,false,false,true,2,false
0.4,Voter,130,3,100.,2,false,true,5,false,false,true,1,false,false,true,2,false
0.4,Voter,130,3,100.,3,false,true,3,false,false,true,4,false,false,true,2,false
0.4,Voter,10,5,100.,1,false,true,10,false,false,true,3,false,false,true,4,false
0.4,Voter,10,5,100.,2,false,true,5,false,false,true,1,false,false,true,2,false
0.4,Voter,10,5,100.,3,false,false,9,false,false,true,1,false,false,false,5,false
0.4,Voter,40,5,100.,1,false,true,10,false,false,true,3,false,false,true,2,false
0.4,Voter,40,5,100.,2,false,true,12,false,false,true,12,false,false,true,6,false
0.4,Voter,40,5,100.,3,false,true,11,false,false,false,6,false,false,true,8,false
0.4,Voter,70,5,100.,1,false,true,13,false,false,true,1,false,false,true,2,false
0.4,Voter,70,5,100.,2,false,true,7,false,false,true,1,false,false,true,1,false
0.4,Voter,70,5,100.,3,false,true,10,false,false,true,1,false,false,true,2,false
0.4,Voter,100,5,100.,1,false,true,14,false,false,true,3,false,false,true,2,false
0.4,Voter,100,5,100.,2,false,true,13,false,false,true,2,false,false,true,4,false
0.4,Voter,100,5,100.,3,false,true,32,false,false,true,2,false,false,true,9,false
0.4,Voter,130,5,100.,1,false,true,22,false,false,true,3,false,false,true,9,false
0.4,Voter,130,5,100.,2,false,true,21,false,false,true,1,false,false,true,9,false
0.4,Voter,130,5,100.,3,false,true,33,false,false,true,3,false,false,true,22,false
0.4,Voter,10,7,100.,1,false,true,10,false,false,true,4,false,false,true,5,false
0.4,Voter,10,7,100.,2,false,false,7,false,false,true,1,false,false,true,5,false
0.4,Voter,10,7,100.,3,false,true,7,false,false,true,2,false,false,true,6,false
0.4,Voter,40,7,100.,1,false,true,20,false,false,true,1,false,false,true,4,false
0.4,Voter,40,7,100.,2,false,true,23,false,false,true,1,false,false,true,11,false
0.4,Voter,40,7,100.,3,false,true,29,false,false,true,1,false,false,true,16,false
0.4,Voter,70,7,100.,1,false,true,30,false,false,true,23,false,false,true,6,false
0.4,Voter,70,7,100.,2,false,true,28,false,false,true,5,false,false,true,5,false
0.4,Voter,70,7,100.,3,false,true,28,false,false,true,2,false,false,true,13,false
0.4,Voter,100,7,100.,1,false,true,48,false,false,true,6,false,false,true,28,false
0.4,Voter,100,7,100.,2,false,true,41,false,false,true,3,false,false,true,11,false
0.4,Voter,100,7,100.,3,false,true,49,false,false,true,1,false,false,true,34,false
0.4,Voter,130,7,100.,1,false,true,44,false,false,true,2,false,false,true,15,false
0.4,Voter,130,7,100.,2,false,true,45,false,false,true,9,false,false,true,9,false
0.4,Voter,130,7,100.,3,false,true,32,false,false,true,16,false,false,true,14,false
0.5,Voter,10,3,100.,1,false,true,2,false,false,true,2,false,false,true,1,false
0.5,Voter,10,3,100.,2,false,true,4,false,false,true,1,false,false,true,2,false
0.5,Voter,10,3,100.,3,false,true,2,false,false,true,1,false,false,true,1,false
0.5,Voter,40,3,100.,1,false,true,2,false,false,true,1,false,false,true,2,false
0.5,Voter,40,3,100.,2,false,true,6,false,false,true,1,false,false,true,1,false
0.5,Voter,40,3,100.,3,false,true,6,false,false,true,1,false,false,true,2,false
0.5,Voter,70,3,100.,1,false,true,5,false,false,true,1,false,false,true,2,false
0.5,Voter,70,3,100.,2,false,true,6,false,false,true,2,false,false,true,4,false
0.5,Voter,70,3,100.,3,false,true,5,false,false,true,1,false,false,true,2,false
0.5,Voter,100,3,100.,1,false,true,5,false,false,true,1,false,false,true,2,false
0.5,Voter,100,3,100.,2,false,true,6,false,false,true,1,false,false,true,1,false
0.5,Voter,100,3,100.,3,false,true,6,false,false,true,1,false,false,true,2,false
0.5,Voter,130,3,100.,1,false,true,6,false,false,true,2,false,false,true,1,false
0.5,Voter,130,3,100.,2,false,true,4,false,false,true,1,false,false,true,1,false
0.5,Voter,130,3,100.,3,false,true,4,false,false,true,1,false,false,true,2,false
0.5,Voter,10,5,100.,1,false,false,7,false,false,true,3,false,false,false,5,false
0.5,Voter,10,5,100.,2,false,true,5,false,false,true,1,false,false,true,1,false
0.5,Voter,10,5,100.,3,false,true,7,false,false,true,1,false,false,false,3,false
0.5,Voter,40,5,100.,1,false,true,14,false,false,true,7,false,false,true,4,false
0.5,Voter,40,5,100.,2,false,true,12,false,false,true,1,false,false,true,3,false
0.5,Voter,40,5,100.,3,false,true,7,false,false,true,3,false,false,true,3,false
0.5,Voter,70,5,100.,1,false,true,23,false,false,true,2,false,false,true,4,false
0.5,Voter,70,5,100.,2,false,true,11,false,false,true,4,false,false,true,2,false
0.5,Voter,70,5,100.,3,false,true,11,false,false,true,5,false,false,true,2,false
0.5,Voter,100,5,100.,1,false,true,15,false,false,true,2,false,false,true,2,false
0.5,Voter,100,5,100.,2,false,true,13,false,false,true,1,false,false,true,5,false
0.5,Voter,100,5,100.,3,false,true,11,false,false,true,1,false,false,true,6,false
0.5,Voter,130,5,100.,1,false,true,23,false,false,true,5,false,false,true,2,false
0.5,Voter,130,5,100.,2,false,true,23,false,false,true,2,false,false,true,4,false
0.5,Voter,130,5,100.,3,false,true,21,false,false,true,1,false,false,true,4,false
0.5,Voter,10,7,100.,1,false,true,5,false,false,true,3,false,false,true,3,false
0.5,Voter,10,7,100.,2,false,false,10,false,false,true,1,false,false,true,7,false
0.5,Voter,10,7,100.,3,false,true,7,false,false,true,1,false,false,true,1,false
0.5,Voter,40,7,100.,1,false,true,19,false,false,true,1,false,false,true,8,false
0.5,Voter,40,7,100.,2,false,true,20,false,false,true,15,false,false,true,9,false
0.5,Voter,40,7,100.,3,false,true,11,false,false,true,1,false,false,true,2,false
0.5,Voter,70,7,100.,1,false,true,33,false,false,true,1,false,false,true,25,false
0.5,Voter,70,7,100.,2,false,true,23,false,false,true,6,false,false,true,3,false
0.5,Voter,70,7,100.,3,false,true,42,false,false,true,11,false,false,true,28,false
0.5,Voter,100,7,100.,1,false,true,40,false,false,true,1,false,false,true,16,false
0.5,Voter,100,7,100.,2,false,true,32,false,false,true,4,false,false,true,10,false
0.5,Voter,100,7,100.,3,false,true,36,false,false,true,4,false,false,true,8,false
0.5,Voter,130,7,100.,1,false,true,63,false,false,true,1,false,false,true,36,false
0.5,Voter,130,7,100.,2,false,true,43,false,false,true,2,false,false,true,6,false
0.5,Voter,130,7,100.,3,false,true,48,false,false,true,5,false,false,true,10,false
0.6,Voter,10,3,100.,1,false,true,2,false,false,true,2,false,false,true,1,false
0.6,Voter,10,3,100.,2,false,true,2,false,false,true,1,false,false,true,1,false
0.6,Voter,10,3,100.,3,false,true,3,false,false,true,1,false,false,true,2,false
0.6,Voter,40,3,100.,1,false,true,3,false,false,true,2,false,false,true,1,false
0.6,Voter,40,3,100.,2,false,true,4,false,false,true,3,false,false,true,2,false
0.6,Voter,40,3,100.,3,false,true,2,false,false,true,1,false,false,true,2,false
0.6,Voter,70,3,100.,1,false,true,5,false,false,true,1,false,false,true,1,false
0.6,Voter,70,3,100.,2,false,true,6,false,false,true,2,false,false,true,4,false
0.6,Voter,70,3,100.,3,false,true,6,false,false,true,3,false,false,true,2,false
0.6,Voter,100,3,100.,1,false,true,5,false,false,true,3,false,false,true,2,false
0.6,Voter,100,3,100.,2,false,true,6,false,false,true,1,false,false,true,4,false
0.6,Voter,100,3,100.,3,false,true,4,false,false,true,1,false,false,true,2,false
0.6,Voter,130,3,100.,1,false,true,6,false,false,true,2,false,false,true,2,false
0.6,Voter,130,3,100.,2,false,true,6,false,false,true,2,false,false,true,1,false
0.6,Voter,130,3,100.,3,false,true,4,false,false,true,1,false,false,true,1,false
0.6,Voter,10,5,100.,1,false,true,7,false,false,true,3,false,false,false,4,false
0.6,Voter,10,5,100.,2,false,true,5,false,false,true,2,false,false,true,1,false
0.6,Voter,10,5,100.,3,false,true,4,false,false,true,1,false,false,true,2,false
0.6,Voter,40,5,100.,1,false,true,23,false,false,true,1,false,false,true,4,false
0.6,Voter,40,5,100.,2,false,true,13,false,false,true,3,false,false,true,5,false
0.6,Voter,40,5,100.,3,false,true,11,false,false,true,1,false,false,true,3,false
0.6,Voter,70,5,100.,1,false,true,12,false,false,true,2,false,false,true,4,false
0.6,Voter,70,5,100.,2,false,true,10,false,false,true,21,false,false,true,4,false
0.6,Voter,70,5,100.,3,false,true,14,false,false,true,2,false,false,true,4,false
0.6,Voter,100,5,100.,1,false,true,19,false,false,true,1,false,false,true,9,false
0.6,Voter,100,5,100.,2,false,true,19,false,false,true,2,false,false,true,10,false
0.6,Voter,100,5,100.,3,false,true,14,false,false,true,3,false,false,true,2,false
0.6,Voter,130,5,100.,1,false,true,17,false,false,true,1,false,false,true,5,false
0.6,Voter,130,5,100.,2,false,true,21,false,false,true,5,false,false,true,9,false
0.6,Voter,130,5,100.,3,false,true,9,false,false,true,1,false,false,true,2,false
0.6,Voter,10,7,100.,1,false,true,7,false,false,true,5,false,false,true,5,false
0.6,Voter,10,7,100.,2,false,true,6,false,false,true,1,false,false,true,2,false
0.6,Voter,10,7,100.,3,false,true,6,false,false,true,1,false,false,true,1,false
0.6,Voter,40,7,100.,1,false,true,30,false,false,true,1,false,false,true,10,false
0.6,Voter,40,7,100.,2,false,true,13,false,false,true,1,false,false,true,4,false
0.6,Voter,40,7,100.,3,false,true,19,false,false,true,1,false,false,true,7,false
0.6,Voter,70,7,100.,1,false,true,23,false,false,true,1,false,false,true,2,false
0.6,Voter,70,7,100.,2,false,true,23,false,false,true,1,false,false,true,5,false
0.6,Voter,70,7,100.,3,false,true,17,false,false,true,1,false,false,true,3,false
0.6,Voter,100,7,100.,1,false,true,34,false,false,true,4,false,false,true,18,false
0.6,Voter,100,7,100.,2,false,true,27,false,false,true,3,false,false,true,11,false
0.6,Voter,100,7,100.,3,false,true,23,false,false,true,1,false,false,true,5,false
0.6,Voter,130,7,100.,1,false,true,52,false,false,true,5,false,false,true,23,false
0.6,Voter,130,7,100.,2,false,true,25,false,false,true,4,false,false,true,6,false
0.6,Voter,130,7,100.,3,false,true,63,false,false,true,3,false,false,true,19,false
0.7,Voter,10,3,100.,1,false,true,4,false,false,true,1,false,false,false,3,false
0.7,Voter,10,3,100.,2,false,true,4,false,false,true,3,false,false,true,2,false
0.7,Voter,10,3,100.,3,false,true,3,false,false,true,1,false,false,true,1,false
0.7,Voter,40,3,100.,1,false,true,5,false,false,true,4,false,false,true,6,false
0.7,Voter,40,3,100.,2,false,true,2,false,false,true,2,false,false,true,1,false
0.7,Voter,40,3,100.,3,false,true,5,false,false,true,3,false,false,true,2,false
0.7,Voter,70,3,100.,1,false,true,4,false,false,true,1,false,false,true,1,false
0.7,Voter,70,3,100.,2,false,true,4,false,false,true,2,false,false,true,3,false
0.7,Voter,70,3,100.,3,false,true,6,false,false,true,3,false,false,true,1,false
0.7,Voter,100,3,100.,1,false,true,5,false,false,true,1,false,false,true,1,false
0.7,Voter,100,3,100.,2,false,true,5,false,false,true,2,false,false,true,2,false
0.7,Voter,100,3,100.,3,false,true,4,false,false,true,5,false,false,true,2,false
0.7,Voter,130,3,100.,1,false,true,6,false,false,true,2,false,false,true,2,false
0.7,Voter,130,3,100.,2,false,true,5,false,false,true,2,false,false,true,2,false
0.7,Voter,130,3,100.,3,false,false,6,false,false,true,1,false,false,true,2,false
0.7,Voter,10,5,100.,1,false,false,4,false,false,true,3,false,false,true,2,false
0.7,Voter,10,5,100.,2,false,true,7,false,false,true,1,false,false,true,4,false
0.7,Voter,10,5,100.,3,false,true,9,false,false,true,1,false,false,true,7,false
0.7,Voter,40,5,100.,1,false,true,10,false,false,true,4,false,false,true,2,false
0.7,Voter,40,5,100.,2,false,false,16,true,false,true,1,false,false,true,9,false
0.7,Voter,40,5,100.,3,false,true,4,false,false,true,1,false,false,true,2,false
0.7,Voter,70,5,100.,1,false,true,25,false,false,true,3,false,false,true,4,false
0.7,Voter,70,5,100.,2,false,true,15,false,false,true,1,false,false,true,4,false
0.7,Voter,70,5,100.,3,false,true,15,false,false,true,2,false,false,true,10,false
0.7,Voter,100,5,100.,1,false,true,22,false,false,true,3,false,false,true,6,false
0.7,Voter,100,5,100.,2,false,true,24,false,false,true,5,false,false,true,15,false
0.7,Voter,100,5,100.,3,false,true,22,false,false,true,5,false,false,true,5,false
0.7,Voter,130,5,100.,1,false,true,22,false,false,true,2,false,false,true,13,false
0.7,Voter,130,5,100.,2,false,true,22,false,false,true,6,false,false,false,6,false
0.7,Voter,130,5,100.,3,false,true,12,false,false,true,2,false,false,true,2,false
0.7,Voter,10,7,100.,1,false,true,7,false,false,true,3,false,false,false,4,false
0.7,Voter,10,7,100.,2,false,false,6,false,false,true,1,false,false,false,2,false
0.7,Voter,10,7,100.,3,false,true,9,false,false,true,2,false,false,true,7,false
0.7,Voter,40,7,100.,1,false,false,22,true,false,true,2,false,false,true,7,false
0.7,Voter,40,7,100.,2,false,true,24,false,false,true,1,false,false,true,13,false
0.7,Voter,40,7,100.,3,false,true,30,false,false,true,1,false,false,true,33,false
0.7,Voter,70,7,100.,1,false,true,21,false,false,true,2,false,false,true,11,false
0.7,Voter,70,7,100.,2,false,false,18,false,false,true,1,false,false,true,7,false
0.7,Voter,70,7,100.,3,false,true,23,false,false,true,1,false,false,true,11,false
0.7,Voter,100,7,100.,1,false,true,38,false,false,true,1,false,false,true,7,false
0.7,Voter,100,7,100.,2,false,true,49,false,false,true,14,false,false,true,22,false
0.7,Voter,100,7,100.,3,false,true,28,false,false,true,1,false,false,true,18,false
0.7,Voter,130,7,100.,1,false,true,49,false,false,true,5,false,false,true,29,false
0.7,Voter,130,7,100.,2,false,true,63,false,false,true,2,false,false,true,10,false
0.7,Voter,130,7,100.,3,false,false,42,false,false,true,2,false,false,true,21,false
0.8,Voter,10,3,100.,1,false,true,2,false,false,true,2,false,false,true,2,false
0.8,Voter,10,3,100.,2,false,true,2,false,false,true,1,false,false,true,1,false
0.8,Voter,10,3,100.,3,false,true,4,false,false,true,1,false,false,true,1,false
0.8,Voter,40,3,100.,1,false,true,4,false,false,true,2,false,false,true,1,false
0.8,Voter,40,3,100.,2,false,true,3,false,false,true,3,false,false,true,1,false
0.8,Voter,40,3,100.,3,false,true,4,false,false,true,1,false,false,true,2,false
0.8,Voter,70,3,100.,1,false,true,6,false,false,true,1,false,false,true,2,false
0.8,Voter,70,3,100.,2,false,true,5,false,false,true,2,false,false,true,6,false
0.8,Voter,70,3,100.,3,false,true,6,false,false,true,1,false,false,true,2,false
0.8,Voter,100,3,100.,1,false,true,5,false,false,true,1,false,false,true,2,false
0.8,Voter,100,3,100.,2,false,true,3,false,false,true,1,false,false,true,2,false
0.8,Voter,100,3,100.,3,false,true,6,false,false,true,1,false,false,true,2,false
0.8,Voter,130,3,100.,1,false,true,3,false,false,true,2,false,false,true,2,false
0.8,Voter,130,3,100.,2,false,true,6,false,false,true,3,false,false,true,2,false
0.8,Voter,130,3,100.,3,false,true,4,false,false,true,1,false,false,true,4,false
0.8,Voter,10,5,100.,1,false,true,3,false,false,true,3,false,false,true,2,false
0.8,Voter,10,5,100.,2,false,true,6,false,false,true,1,false,false,true,2,false
0.8,Voter,10,5,100.,3,false,true,4,false,false,true,1,false,false,true,1,false
0.8,Voter,40,5,100.,1,false,true,17,false,false,true,1,false,false,true,13,false
0.8,Voter,40,5,100.,2,false,true,16,false,false,true,8,false,false,true,4,false
0.8,Voter,40,5,100.,3,false,true,14,false,false,true,2,false,false,true,6,false
0.8,Voter,70,5,100.,1,false,true,20,false,false,true,4,false,false,true,4,false
0.8,Voter,70,5,100.,2,false,true,20,false,false,true,2,false,false,true,3,false
0.8,Voter,70,5,100.,3,false,true,12,false,false,true,1,false,false,true,5,false
0.8,Voter,100,5,100.,1,false,true,25,false,false,true,2,false,false,true,12,false
0.8,Voter,100,5,100.,2,false,true,18,false,false,true,1,false,false,false,2,false
0.8,Voter,100,5,100.,3,false,true,19,false,false,true,1,false,false,true,16,false
0.8,Voter,130,5,100.,1,false,true,24,false,false,true,3,false,false,true,15,false
0.8,Voter,130,5,100.,2,false,true,32,false,false,true,18,false,false,true,14,false
0.8,Voter,130,5,100.,3,false,true,11,false,false,true,1,false,false,true,2,false
0.8,Voter,10,7,100.,1,false,false,10,true,true,false,5,true,false,true,7,false
0.8,Voter,10,7,100.,2,false,true,9,false,false,true,1,false,false,false,9,false
0.8,Voter,10,7,100.,3,false,true,8,false,false,true,4,false,false,true,7,false
0.8,Voter,40,7,100.,1,false,true,18,false,false,true,1,false,false,true,11,false
0.8,Voter,40,7,100.,2,false,true,18,false,false,true,1,false,false,true,3,false
0.8,Voter,40,7,100.,3,false,true,31,false,false,true,2,false,false,true,18,false
0.8,Voter,70,7,100.,1,false,true,44,false,false,true,5,false,false,true,29,false
0.8,Voter,70,7,100.,2,false,true,36,false,false,true,1,false,false,false,27,true
0.8,Voter,70,7,100.,3,false,true,38,false,false,true,3,false,false,true,12,false
0.8,Voter,100,7,100.,1,false,true,38,false,false,true,1,false,false,true,4,false
0.8,Voter,100,7,100.,2,false,true,51,false,false,true,14,false,false,true,51,false
0.8,Voter,100,7,100.,3,false,true,36,false,false,true,1,false,false,true,11,false
0.8,Voter,130,7,100.,1,false,true,54,false,false,true,2,false,false,true,6,false
0.8,Voter,130,7,100.,2,false,true,40,false,false,true,1,false,false,true,13,false
0.8,Voter,130,7,100.,3,false,true,46,false,false,true,3,false,false,true,29,false
0.9,Voter,10,3,100.,1,false,true,3,false,false,true,3,false,false,true,1,false
0.9,Voter,10,3,100.,2,false,true,2,false,false,true,2,false,false,false,2,false
0.9,Voter,10,3,100.,3,false,true,2,false,false,true,1,false,false,true,1,false
0.9,Voter,40,3,100.,1,false,true,4,false,false,true,1,false,false,true,1,false
0.9,Voter,40,3,100.,2,false,true,5,false,false,true,3,false,false,true,1,false
0.9,Voter,40,3,100.,3,false,true,3,false,false,true,1,false,false,true,1,false
0.9,Voter,70,3,100.,1,false,true,6,false,false,true,2,false,false,true,2,false
0.9,Voter,70,3,100.,2,false,true,5,false,false,true,1,false,false,true,2,false
0.9,Voter,70,3,100.,3,false,true,3,false,false,true,2,false,false,true,2,false
0.9,Voter,100,3,100.,1,false,true,4,false,false,true,1,false,false,true,2,false
0.9,Voter,100,3,100.,2,false,true,6,false,false,true,2,false,false,true,4,false
0.9,Voter,100,3,100.,3,false,true,6,false,false,true,3,false,false,true,5,false
0.9,Voter,130,3,100.,1,false,true,6,false,false,true,1,false,false,true,1,false
0.9,Voter,130,3,100.,2,false,true,5,false,false,true,2,false,false,true,2,false
0.9,Voter,130,3,100.,3,false,true,4,false,false,true,1,false,false,true,1,false
0.9,Voter,10,5,100.,1,false,false,4,false,false,true,4,false,false,true,2,false
0.9,Voter,10,5,100.,2,false,true,7,false,false,true,1,false,false,true,4,false
0.9,Voter,10,5,100.,3,false,true,6,false,false,true,1,false,false,true,3,false
0.9,Voter,40,5,100.,1,false,true,9,false,false,true,2,false,false,true,2,false
0.9,Voter,40,5,100.,2,false,true,10,false,false,true,2,false,false,true,7,false
0.9,Voter,40,5,100.,3,false,true,6,false,false,true,1,false,false,true,3,false
0.9,Voter,70,5,100.,1,false,true,17,false,false,true,1,false,false,true,14,false
0.9,Voter,70,5,100.,2,false,true,17,false,false,true,9,false,false,true,8,false
0.9,Voter,70,5,100.,3,false,true,13,false,false,true,2,false,false,true,9,false
0.9,Voter,100,5,100.,1,false,true,17,false,false,true,2,false,false,true,1,false
0.9,Voter,100,5,100.,2,false,true,25,false,false,true,3,false,false,true,7,false
0.9,Voter,100,5,100.,3,false,true,19,false,false,true,2,false,false,true,4,false
0.9,Voter,130,5,100.,1,false,true,15,false,true,false,12,true,false,true,8,false
0.9,Voter,130,5,100.,2,false,true,21,false,false,true,2,false,false,true,2,false
0.9,Voter,130,5,100.,3,false,true,19,false,false,true,5,false,false,true,7,false
0.9,Voter,10,7,100.,1,false,true,6,false,false,true,5,false,false,true,1,false
0.9,Voter,10,7,100.,2,false,false,8,false,false,true,2,false,false,false,5,false
0.9,Voter,10,7,100.,3,false,true,7,false,false,true,1,false,false,true,2,false
0.9,Voter,40,7,100.,1,false,true,16,false,false,true,9,false,false,true,4,false
0.9,Voter,40,7,100.,2,false,true,21,false,false,true,13,false,false,false,7,false
0.9,Voter,40,7,100.,3,false,true,20,false,false,true,7,false,false,true,4,false
0.9,Voter,70,7,100.,1,false,true,20,false,false,true,1,false,false,true,5,false
0.9,Voter,70,7,100.,2,false,true,31,false,false,true,2,false,false,true,14,false
0.9,Voter,70,7,100.,3,false,true,45,false,false,true,8,false,false,true,40,false
0.9,Voter,100,7,100.,1,false,true,49,false,false,true,13,false,false,true,29,false
0.9,Voter,100,7,100.,2,false,true,44,false,false,true,7,false,false,true,25,false
0.9,Voter,100,7,100.,3,false,true,36,false,false,true,7,false,false,true,5,false
0.9,Voter,130,7,100.,1,false,true,37,false,false,true,4,false,false,true,10,false
0.9,Voter,130,7,100.,2,false,true,57,false,false,true,2,false,false,true,22,false
0.9,Voter,130,7,100.,3,false,true,37,false,false,true,4,false,false,true,18,false
1.,Voter,10,3,100.,1,false,true,4,false,false,true,4,false,false,true,2,false
1.,Voter,10,3,100.,2,false,true,3,false,false,true,3,false,false,true,1,false
1.,Voter,10,3,100.,3,false,true,2,false,false,true,1,false,false,true,2,false
1.,Voter,40,3,100.,1,false,true,4,false,false,true,1,false,false,true,3,false
1.,Voter,40,3,100.,2,false,true,6,false,false,true,5,false,false,true,5,false
1.,Voter,40,3,100.,3,false,true,6,false,false,true,1,false,false,true,2,false
1.,Voter,70,3,100.,1,false,true,6,false,false,true,2,false,false,true,1,false
1.,Voter,70,3,100.,2,false,true,6,false,false,true,2,false,false,true,6,false
1.,Voter,70,3,100.,3,false,true,6,false,false,true,1,false,false,true,2,false
1.,Voter,100,3,100.,1,false,true,6,false,false,true,2,false,false,true,2,false
1.,Voter,100,3,100.,2,false,true,5,false,false,true,3,false,false,true,1,false
1.,Voter,100,3,100.,3,false,true,5,false,false,true,2,false,false,true,2,false
1.,Voter,130,3,100.,1,false,true,5,false,false,true,2,false,false,true,2,false
1.,Voter,130,3,100.,2,false,true,3,false,false,true,1,false,false,true,2,false
1.,Voter,130,3,100.,3,false,true,6,false,false,true,1,false,false,true,5,false
1.,Voter,10,5,100.,1,false,true,4,false,false,true,4,false,false,true,4,false
1.,Voter,10,5,100.,2,false,true,6,false,false,true,1,false,false,false,6,false
1.,Voter,10,5,100.,3,false,true,5,false,false,true,1,false,false,true,3,false
1.,Voter,40,5,100.,1,false,true,12,false,false,true,2,false,false,true,3,false
1.,Voter,40,5,100.,2,false,true,14,false,false,true,1,false,false,true,6,false
1.,Voter,40,5,100.,3,false,true,9,false,false,true,2,false,false,true,3,false
1.,Voter,70,5,100.,1,false,true,11,false,false,true,3,false,false,true,2,false
1.,Voter,70,5,100.,2,false,true,12,false,false,true,1,false,false,true,3,false
1.,Voter,70,5,100.,3,false,true,8,false,false,true,1,false,false,true,2,false
1.,Voter,100,5,100.,1,false,true,24,false,false,true,2,false,false,true,2,false
1.,Voter,100,5,100.,2,false,true,6,false,false,true,1,false,false,true,5,false
1.,Voter,100,5,100.,3,false,true,18,false,false,true,4,false,false,true,3,false
1.,Voter,130,5,100.,1,false,true,21,false,false,true,2,false,false,true,11,false
1.,Voter,130,5,100.,2,false,true,23,false,false,true,5,false,false,true,13,false
1.,Voter,130,5,100.,3,false,true,21,false,false,true,5,false,false,true,6,false
1.,Voter,10,7,100.,1,false,true,5,false,false,true,4,false,false,true,2,false
1.,Voter,10,7,100.,2,false,true,8,false,false,true,1,false,false,true,6,false
1.,Voter,10,7,100.,3,false,true,8,false,false,true,1,false,false,true,3,false
1.,Voter,40,7,100.,1,false,true,22,false,false,true,1,false,false,true,7,false
1.,Voter,40,7,100.,2,false,true,23,false,false,true,1,false,false,true,13,false
1.,Voter,40,7,100.,3,false,true,17,false,false,true,1,false,false,true,3,false
1.,Voter,70,7,100.,1,false,true,27,false,false,true,23,false,false,true,5,false
1.,Voter,70,7,100.,2,false,true,17,false,false,true,1,false,false,true,5,false
1.,Voter,70,7,100.,3,false,true,44,false,false,true,1,false,false,true,33,false
1.,Voter,100,7,100.,1,false,true,20,false,false,true,4,false,false,true,3,false
1.,Voter,100,7,100.,2,false,true,55,false,false,true,5,false,false,true,31,false
1.,Voter,100,7,100.,3,false,true,61,false,false,true,1,false,false,true,38,false
1.,Voter,130,7,100.,1,false,true,48,false,false,true,4,false,false,true,12,false
1.,Voter,130,7,100.,2,false,true,40,false,false,true,1,false,false,true,10,false
1.,Voter,130,7,100.,3,false,true,44,false,false,true,3,false,false,true,19,false
1.1,Voter,10,3,100.,1,false,true,4,false,false,true,3,false,false,true,1,false
1.1,Voter,10,3,100.,2,false,true,3,false,false,true,2,false,false,true,1,false
1.1,Voter,10,3,100.,3,false,true,2,false,false,true,2,false,false,false,2,false
1.1,Voter,40,3,100.,1,false,true,4,false,false,true,1,false,false,true,1,false
1.1,Voter,40,3,100.,2,false,true,4,false,false,true,3,false,false,true,1,false
1.1,Voter,40,3,100.,3,false,true,3,false,false,true,1,false,false,true,1,false
1.1,Voter,70,3,100.,1,false,true,5,false,false,true,3,false,false,true,2,false
1.1,Voter,70,3,100.,2,false,true,4,false,false,true,1,false,false,true,1,false
1.1,Voter,70,3,100.,3,false,true,6,false,false,true,1,false,false,true,6,false
1.1,Voter,100,3,100.,1,false,true,5,false,false,true,1,false,false,true,1,false
1.1,Voter,100,3,100.,2,false,true,4,false,false,true,1,false,false,true,1,false
1.1,Voter,100,3,100.,3,false,true,5,false,false,true,1,false,false,true,5,false
1.1,Voter,130,3,100.,1,false,true,6,false,false,true,3,false,false,true,6,false
1.1,Voter,130,3,100.,2,false,true,5,false,false,true,5,false,false,true,4,false
1.1,Voter,130,3,100.,3,false,true,3,false,false,true,1,false,false,true,2,false
1.1,Voter,10,5,100.,1,false,true,4,false,false,true,4,false,false,true,3,false
1.1,Voter,10,5,100.,2,false,true,5,false,false,true,2,false,false,true,2,false
1.1,Voter,10,5,100.,3,false,false,8,false,false,true,1,false,false,true,4,false
1.1,Voter,40,5,100.,1,false,true,10,false,false,true,3,false,false,true,5,false
1.1,Voter,40,5,100.,2,false,true,15,false,false,true,2,false,false,true,7,false
1.1,Voter,40,5,100.,3,false,true,17,false,false,true,1,false,false,true,4,false
1.1,Voter,70,5,100.,1,false,true,11,false,false,true,2,false,false,true,2,false
1.1,Voter,70,5,100.,2,false,true,11,false,false,true,1,false,false,true,4,false
1.1,Voter,70,5,100.,3,false,true,13,false,false,true,1,false,false,true,2,false
1.1,Voter,100,5,100.,1,false,true,17,false,false,true,3,false,false,true,3,false
1.1,Voter,100,5,100.,2,false,true,17,false,false,true,3,false,false,true,7,false
1.1,Voter,100,5,100.,3,false,true,19,false,false,true,1,false,false,true,13,false
1.1,Voter,130,5,100.,1,false,true,13,false,false,true,2,false,false,true,3,false
1.1,Voter,130,5,100.,2,false,true,16,false,false,true,4,false,false,true,4,false
1.1,Voter,130,5,100.,3,false,true,22,false,false,true,4,false,false,true,10,false
1.1,Voter,10,7,100.,1,false,true,6,false,false,true,4,false,false,true,2,false
1.1,Voter,10,7,100.,2,false,true,6,false,false,true,1,false,false,true,3,false
1.1,Voter,10,7,100.,3,false,true,4,false,false,true,2,false,false,true,2,false
1.1,Voter,40,7,100.,1,false,true,22,false,false,true,1,false,false,true,12,false
1.1,Voter,40,7,100.,2,false,true,16,false,false,true,1,false,false,true,6,false
1.1,Voter,40,7,100.,3,false,true,26,false,false,true,10,false,false,true,19,false
1.1,Voter,70,7,100.,1,false,true,39,false,false,true,8,false,false,true,31,false
1.1,Voter,70,7,100.,2,false,true,18,false,false,true,1,false,false,true,5,false
1.1,Voter,70,7,100.,3,false,true,21,false,false,true,2,false,false,true,5,false
1.1,Voter,100,7,100.,1,false,true,34,false,false,true,7,false,false,true,20,false
1.1,Voter,100,7,100.,2,false,true,26,false,false,true,1,false,false,true,5,false
1.1,Voter,100,7,100.,3,false,true,36,false,false,true,2,false,false,true,20,false
1.1,Voter,130,7,100.,1,false,true,58,false,false,true,1,false,false,true,20,false
1.1,Voter,130,7,100.,2,false,true,27,false,false,true,4,false,false,true,1,false
1.1,Voter,130,7,100.,3,false,true,55,false,false,true,1,false,false,true,23,false
1.2,Voter,10,3,100.,1,false,false,5,false,false,true,5,false,false,false,4,true
1.2,Voter,10,3,100.,2,false,true,2,false,false,true,1,false,false,false,2,false
1.2,Voter,10,3,100.,3,false,true,2,false,false,true,2,false,false,true,1,false
1.2,Voter,40,3,100.,1,false,true,5,false,false,true,3,false,false,true,3,false
1.2,Voter,40,3,100.,2,false,true,4,false,false,true,1,false,false,true,1,false
1.2,Voter,40,3,100.,3,false,true,5,false,false,true,3,false,false,false,5,false
1.2,Voter,70,3,100.,1,false,true,6,false,false,true,1,false,false,true,4,false
1.2,Voter,70,3,100.,2,false,true,5,false,false,true,2,false,false,true,2,false
1.2,Voter,70,3,100.,3,false,true,6,false,false,true,4,false,false,true,2,false
1.2,Voter,100,3,100.,1,false,true,4,false,false,true,1,false,false,true,2,false
1.2,Voter,100,3,100.,2,false,true,5,false,false,true,1,false,false,true,3,false
1.2,Voter,100,3,100.,3,false,true,3,false,false,true,1,false,false,true,1,false
1.2,Voter,130,3,100.,1,false,true,6,false,false,true,1,false,false,true,6,false
1.2,Voter,130,3,100.,2,false,true,5,false,false,true,1,false,false,true,3,false
1.2,Voter,130,3,100.,3,false,true,4,false,false,true,4,false,false,true,2,false
1.2,Voter,10,5,100.,1,false,true,7,false,false,true,3,false,false,false,4,false
1.2,Voter,10,5,100.,2,false,true,6,false,false,true,1,false,false,false,4,false
1.2,Voter,10,5,100.,3,false,true,6,false,false,true,3,false,false,true,2,false
1.2,Voter,40,5,100.,1,false,true,9,false,false,true,1,false,false,true,1,false
1.2,Voter,40,5,100.,2,false,true,12,false,false,true,1,false,false,true,5,false
1.2,Voter,40,5,100.,3,false,true,10,false,false,true,2,false,false,true,5,false
1.2,Voter,70,5,100.,1,false,true,21,false,false,true,1,false,false,false,6,false
1.2,Voter,70,5,100.,2,false,true,8,false,false,true,4,false,false,true,2,false
1.2,Voter,70,5,100.,3,false,true,10,false,false,true,1,false,false,true,1,false
1.2,Voter,100,5,100.,1,false,true,12,false,false,true,4,false,false,true,3,false
1.2,Voter,100,5,100.,2,false,true,28,false,false,true,5,false,false,true,13,false
1.2,Voter,100,5,100.,3,false,true,13,false,false,true,2,false,false,true,3,false
1.2,Voter,130,5,100.,1,false,true,36,false,false,true,1,false,false,true,19,false
1.2,Voter,130,5,100.,2,false,true,17,false,false,true,1,false,false,true,5,false
1.2,Voter,130,5,100.,3,false,true,9,false,false,true,1,false,false,true,1,false
1.2,Voter,10,7,100.,1,false,true,7,false,false,true,4,false,false,true,3,false
1.2,Voter,10,7,100.,2,false,true,10,false,false,true,1,false,false,true,4,false
1.2,Voter,10,7,100.,3,false,true,6,false,false,true,1,false,false,true,4,false
1.2,Voter,40,7,100.,1,false,false,22,false,false,true,1,false,false,true,11,false
1.2,Voter,40,7,100.,2,false,true,20,false,false,true,11,false,false,true,8,false
1.2,Voter,40,7,100.,3,false,true,15,false,false,true,3,false,false,true,10,false
1.2,Voter,70,7,100.,1,false,true,23,false,false,true,1,false,false,true,8,false
1.2,Voter,70,7,100.,2,false,true,22,false,false,true,1,false,false,true,11,false
1.2,Voter,70,7,100.,3,false,false,33,false,false,true,1,false,false,true,4,false
1.2,Voter,100,7,100.,1,false,true,37,false,false,true,1,false,false,true,31,false
1.2,Voter,100,7,100.,2,false,true,50,false,false,true,1,false,false,true,12,false
1.2,Voter,100,7,100.,3,false,true,37,false,false,true,7,false,false,true,7,false
1.2,Voter,130,7,100.,1,false,true,56,false,false,true,1,false,false,true,23,false
1.2,Voter,130,7,100.,2,false,true,40,false,false,true,3,false,false,true,23,false
1.2,Voter,130,7,100.,3,false,true,58,false,false,true,1,false,false,true,12,false
1.3,Voter,10,3,100.,1,false,true,4,false,true,false,4,true,false,true,2,false
1.3,Voter,10,3,100.,2,false,true,2,false,false,true,1,false,false,true,1,false
1.3,Voter,10,3,100.,3,false,false,2,false,false,true,1,false,false,true,2,false
1.3,Voter,40,3,100.,1,false,true,6,false,false,true,1,false,false,true,2,false
1.3,Voter,40,3,100.,2,false,true,4,false,false,true,1,false,false,true,2,false
1.3,Voter,40,3,100.,3,false,true,6,false,false,true,1,false,false,true,1,false
1.3,Voter,70,3,100.,1,false,true,4,false,false,true,1,false,false,true,2,false
1.3,Voter,70,3,100.,2,false,true,6,false,false,true,2,false,false,true,1,false
1.3,Voter,70,3,100.,3,false,true,6,false,false,true,1,false,false,true,1,false
1.3,Voter,100,3,100.,1,false,true,6,false,false,true,1,false,false,true,1,false
1.3,Voter,100,3,100.,2,false,true,6,false,false,true,1,false,false,true,2,false
1.3,Voter,100,3,100.,3,false,true,3,false,false,true,1,false,false,true,1,false
1.3,Voter,130,3,100.,1,false,true,3,false,false,true,1,false,false,true,2,false
1.3,Voter,130,3,100.,2,false,true,6,false,false,true,2,false,false,true,3,false
1.3,Voter,130,3,100.,3,false,true,6,false,false,true,1,false,false,true,5,false
1.3,Voter,10,5,100.,1,false,true,6,false,false,true,2,false,false,true,6,false
1.3,Voter,10,5,100.,2,false,true,5,false,false,true,4,false,false,true,2,false
1.3,Voter,10,5,100.,3,false,true,5,false,false,true,1,false,false,true,1,false
1.3,Voter,40,5,100.,1,false,true,9,false,false,true,1,false,false,true,5,false
1.3,Voter,40,5,100.,2,false,true,8,false,false,true,1,false,false,true,2,false
1.3,Voter,40,5,100.,3,false,true,15,false,false,true,1,false,false,true,7,false
1.3,Voter,70,5,100.,1,false,true,10,false,false,true,2,false,false,true,5,false
1.3,Voter,70,5,100.,2,false,true,13,false,false,true,24,false,false,true,3,false
1.3,Voter,70,5,100.,3,false,true,7,false,false,true,1,false,false,true,2,false
1.3,Voter,100,5,100.,1,false,true,13,false,false,true,2,false,false,true,2,false
1.3,Voter,100,5,100.,2,false,true,13,false,false,true,1,false,false,true,1,false
1.3,Voter,100,5,100.,3,false,true,22,false,false,true,3,false,false,true,5,false
1.3,Voter,130,5,100.,1,false,true,24,false,false,true,4,false,false,true,14,false
1.3,Voter,130,5,100.,2,false,true,26,false,false,true,1,false,false,true,4,false
1.3,Voter,130,5,100.,3,false,true,25,false,false,true,1,false,false,true,16,false
1.3,Voter,10,7,100.,1,false,true,5,false,false,true,4,false,false,true,4,false
1.3,Voter,10,7,100.,2,false,true,8,false,false,true,1,false,false,true,1,false
1.3,Voter,10,7,100.,3,false,false,8,false,false,true,1,false,false,true,8,false
1.3,Voter,40,7,100.,1,false,false,28,false,false,true,16,false,false,true,25,false
1.3,Voter,40,7,100.,2,false,true,21,false,false,true,12,false,false,true,5,false
1.3,Voter,40,7,100.,3,false,true,25,false,false,true,5,false,false,true,19,false
1.3,Voter,70,7,100.,1,false,true,35,false,false,true,1,false,false,true,10,false
1.3,Voter,70,7,100.,2,false,true,24,false,false,true,3,false,false,true,7,false
1.3,Voter,70,7,100.,3,false,true,43,false,false,true,5,false,false,false,21,false
1.3,Voter,100,7,100.,1,false,true,36,false,false,true,6,false,false,true,15,false
1.3,Voter,100,7,100.,2,false,true,39,false,false,true,1,false,false,true,6,false
1.3,Voter,100,7,100.,3,false,true,32,false,false,true,2,false,false,true,6,false
1.3,Voter,130,7,100.,1,false,false,44,false,false,true,2,false,false,true,6,false
1.3,Voter,130,7,100.,2,false,true,64,false,false,true,8,false,false,true,19,false
1.3,Voter,130,7,100.,3,false,true,47,false,false,true,1,false,false,true,10,false
1.4,Voter,10,3,100.,1,false,true,3,false,false,true,2,false,false,true,1,false
1.4,Voter,10,3,100.,2,false,true,3,false,false,true,2,false,false,true,2,false
1.4,Voter,10,3,100.,3,false,true,4,false,false,true,1,false,false,true,1,false
1.4,Voter,40,3,100.,1,false,true,4,false,false,true,3,false,false,true,4,false
1.4,Voter,40,3,100.,2,false,true,4,false,false,true,1,false,false,true,1,false
1.4,Voter,40,3,100.,3,false,false,4,false,false,true,1,false,false,true,5,false
1.4,Voter,70,3,100.,1,false,true,3,false,false,true,1,false,false,true,1,false
1.4,Voter,70,3,100.,2,false,true,2,false,false,true,1,false,false,true,1,false
1.4,Voter,70,3,100.,3,false,true,4,false,false,true,2,false,false,true,2,false
1.4,Voter,100,3,100.,1,false,true,3,false,false,true,2,false,false,true,2,false
1.4,Voter,100,3,100.,2,false,true,4,false,false,true,1,false,false,true,2,false
1.4,Voter,100,3,100.,3,false,true,6,false,false,true,2,false,false,true,2,false
1.4,Voter,130,3,100.,1,false,true,2,false,false,true,2,false,false,true,2,false
1.4,Voter,130,3,100.,2,false,true,4,false,false,true,1,false,false,true,2,false
1.4,Voter,130,3,100.,3,false,true,6,false,false,true,3,false,false,true,3,false
1.4,Voter,10,5,100.,1,false,true,5,false,false,true,3,false,false,true,1,false
1.4,Voter,10,5,100.,2,false,false,6,false,false,true,1,false,false,true,2,false
1.4,Voter,10,5,100.,3,false,true,7,false,false,true,2,false,false,true,3,false
1.4,Voter,40,5,100.,1,false,true,25,false,false,true,6,false,false,true,11,false
1.4,Voter,40,5,100.,2,false,true,7,false,false,true,1,false,false,true,4,false
1.4,Voter,40,5,100.,3,false,true,5,false,false,true,1,false,false,true,2,false
1.4,Voter,70,5,100.,1,false,true,14,false,false,true,1,false,false,true,7,false
1.4,Voter,70,5,100.,2,false,true,17,false,false,true,1,false,false,true,7,false
1.4,Voter,70,5,100.,3,false,true,29,false,false,true,3,false,false,true,32,false
1.4,Voter,100,5,100.,1,false,true,11,false,false,true,2,false,false,true,3,false
1.4,Voter,100,5,100.,2,false,true,21,false,false,true,3,false,false,true,12,false
1.4,Voter,100,5,100.,3,false,true,16,false,false,true,1,false,false,true,11,false
1.4,Voter,130,5,100.,1,false,true,31,false,false,true,2,false,false,true,10,false
1.4,Voter,130,5,100.,2,false,true,20,false,false,true,1,false,false,true,7,false
1.4,Voter,130,5,100.,3,false,true,35,false,false,true,8,false,false,true,4,false
1.4,Voter,10,7,100.,1,false,false,5,false,false,true,2,false,false,true,4,false
1.4,Voter,10,7,100.,2,false,true,7,false,false,true,1,false,false,true,4,false
1.4,Voter,10,7,100.,3,false,false,7,false,false,true,1,false,false,true,2,false
1.4,Voter,40,7,100.,1,false,true,20,false,false,true,1,false,false,true,9,false
1.4,Voter,40,7,100.,2,false,true,15,false,false,true,8,false,false,true,2,false
1.4,Voter,40,7,100.,3,false,true,18,false,false,true,3,false,false,true,6,false
1.4,Voter,70,7,100.,1,false,true,42,false,false,true,8,false,false,true,13,false
1.4,Voter,70,7,100.,2,false,true,28,false,false,true,1,false,false,true,12,false
1.4,Voter,70,7,100.,3,false,true,30,false,false,true,5,false,false,true,14,false
1.4,Voter,100,7,100.,1,false,false,33,false,false,true,7,false,false,true,27,false
1.4,Voter,100,7,100.,2,false,true,27,false,false,true,4,false,false,true,4,false
1.4,Voter,100,7,100.,3,false,true,37,false,false,true,5,false,false,true,10,false
1.4,Voter,130,7,100.,1,false,true,54,false,false,true,6,false,false,true,16,false
1.4,Voter,130,7,100.,2,false,true,34,false,false,true,5,false,false,true,13,false
1.4,Voter,130,7,100.,3,false,true,36,false,false,true,1,false,false,true,17,false
