bias,cand_sampler,n_voters,n_candidates,time_steps,trial,sparse,grouped,credibility,knowledge,ks_distance_start,cs_distance_start,ks_distance_true,cs_distance_true,entrywise_distance
0.950669919652,Voter,15,5,1.,1,false,true,false,false,58.,46.,64.,54.,0.
0.950669919652,Voter,15,5,6.,1,false,true,false,false,72.,56.,62.,52.,9.53525253524
0.950669919652,Voter,15,5,11.,1,false,true,false,false,72.,56.,62.,52.,9.69385193421
0.950669919652,Voter,15,5,16.,1,false,true,false,false,72.,56.,62.,52.,9.69648991042
0.950669919652,Voter,15,5,21.,1,false,true,false,false,72.,56.,62.,52.,9.69653378775
0.950669919652,Voter,15,5,26.,1,false,true,false,false,72.,56.,62.,52.,9.69653451756
0.950669919652,Voter,15,5,31.,1,false,true,false,false,72.,56.,62.,52.,9.6965345297
0.950669919652,Voter,15,5,36.,1,false,true,false,false,72.,56.,62.,52.,9.6965345299
0.950669919652,Voter,15,5,41.,1,false,true,false,false,72.,56.,62.,52.,9.6965345299
0.950669919652,Voter,15,5,46.,1,false,true,false,false,72.,56.,62.,52.,9.6965345299
0.950669919652,Voter,15,5,51.,1,false,true,false,false,72.,56.,62.,52.,9.6965345299
1.11893373449,Sample,15,3,1.,1,false,true,false,false,0.,0.,6.,6.,0.
1.11893373449,Sample,15,3,6.,1,false,true,false,false,6.,6.,4.,4.,10.3866426142
1.11893373449,Sample,15,3,11.,1,false,true,false,false,6.,6.,4.,4.,10.665836524
1.11893373449,Sample,15,3,16.,1,false,true,false,false,6.,6.,4.,4.,10.673341282
1.11893373449,Sample,15,3,21.,1,false,true,false,false,6.,6.,4.,4.,10.6735430105
1.11893373449,Sample,15,3,26.,1,false,true,false,false,6.,6.,4.,4.,10.673548433
1.11893373449,Sample,15,3,31.,1,false,true,false,false,6.,6.,4.,4.,10.6735485788
1.11893373449,Sample,15,3,36.,1,false,true,false,false,6.,6.,4.,4.,10.6735485827
1.11893373449,Sample,15,3,41.,1,false,true,false,false,6.,6.,4.,4.,10.6735485828
1.11893373449,Sample,15,3,46.,1,false,true,false,false,6.,6.,4.,4.,10.6735485828
1.11893373449,Sample,15,3,51.,1,false,true,false,false,6.,6.,4.,4.,10.6735485828
1.16260234741,Sample,15,4,1.,1,false,true,false,false,4.,4.,18.,18.,0.
1.16260234741,Sample,15,4,6.,1,false,true,false,false,24.,24.,30.,30.,10.5764334075
1.16260234741,Sample,15,4,11.,1,false,true,false,false,26.,26.,28.,28.,10.892521677
1.16260234741,Sample,15,4,16.,1,false,true,false,false,26.,26.,28.,28.,10.9019683203
1.16260234741,Sample,15,4,21.,1,false,true,false,false,26.,26.,28.,28.,10.9022506436
1.16260234741,Sample,15,4,26.,1,false,true,false,false,26.,26.,28.,28.,10.9022590811
1.16260234741,Sample,15,4,31.,1,false,true,false,false,26.,26.,28.,28.,10.9022593333
1.16260234741,Sample,15,4,36.,1,false,true,false,false,26.,26.,28.,28.,10.9022593408
1.16260234741,Sample,15,4,41.,1,false,true,false,false,26.,26.,28.,28.,10.9022593411
1.16260234741,Sample,15,4,46.,1,false,true,false,false,26.,26.,28.,28.,10.9022593411
1.16260234741,Sample,15,4,51.,1,false,true,false,false,26.,26.,28.,28.,10.9022593411
1.36616209416,Sample,15,6,1.,1,false,true,false,false,30.,28.,78.,66.,0.
1.36616209416,Sample,15,6,6.,1,false,true,false,false,116.,94.,96.,80.,11.3178123444
1.36616209416,Sample,15,6,11.,1,false,true,false,false,126.,102.,106.,88.,11.8324739852
1.36616209416,Sample,15,6,16.,1,false,true,false,false,126.,102.,106.,88.,11.8558775014
1.36616209416,Sample,15,6,21.,1,false,true,false,false,126.,102.,106.,88.,11.8569417435
1.36616209416,Sample,15,6,26.,1,false,true,false,false,126.,102.,106.,88.,11.8569901384
1.36616209416,Sample,15,6,31.,1,false,true,false,false,126.,102.,106.,88.,11.8569923391
1.36616209416,Sample,15,6,36.,1,false,true,false,false,126.,102.,106.,88.,11.8569924392
1.36616209416,Sample,15,6,41.,1,false,true,false,false,126.,102.,106.,88.,11.8569924437
1.36616209416,Sample,15,6,46.,1,false,true,false,false,126.,102.,106.,88.,11.8569924439
1.36616209416,Sample,15,6,51.,1,false,true,false,false,126.,102.,106.,88.,11.8569924439
1.10531727066,Sample,15,3,1.,1,false,true,false,false,2.,2.,8.,6.,0.
1.10531727066,Sample,15,3,6.,1,false,true,false,false,8.,6.,6.,6.,10.3250008698
1.10531727066,Sample,15,3,11.,1,false,true,false,false,12.,10.,6.,6.,10.5931436103
1.10531727066,Sample,15,3,16.,1,false,true,false,false,12.,10.,6.,6.,10.6001073414
1.10531727066,Sample,15,3,21.,1,false,true,false,false,12.,10.,6.,6.,10.6002881912
1.10531727066,Sample,15,3,26.,1,false,true,false,false,12.,10.,6.,6.,10.6002928879
1.10531727066,Sample,15,3,31.,1,false,true,false,false,12.,10.,6.,6.,10.6002930099
1.10531727066,Sample,15,3,36.,1,false,true,false,false,12.,10.,6.,6.,10.600293013
1.10531727066,Sample,15,3,41.,1,false,true,false,false,12.,10.,6.,6.,10.6002930131
1.10531727066,Sample,15,3,46.,1,false,true,false,false,12.,10.,6.,6.,10.6002930131
1.10531727066,Sample,15,3,51.,1,false,true,false,false,12.,10.,6.,6.,10.6002930131
1.14859454404,Sample,15,3,1.,1,false,true,false,false,2.,2.,8.,6.,0.
1.14859454404,Sample,15,3,6.,1,false,true,false,false,10.,8.,4.,4.,10.5168420184
1.14859454404,Sample,15,3,11.,1,false,true,false,false,10.,8.,4.,4.,10.8208574747
1.14859454404,Sample,15,3,16.,1,false,true,false,false,10.,8.,4.,4.,10.829645797
1.14859454404,Sample,15,3,21.,1,false,true,false,false,10.,8.,4.,4.,10.8298998453
1.14859454404,Sample,15,3,26.,1,false,true,false,false,10.,8.,4.,4.,10.8299071892
1.14859454404,Sample,15,3,31.,1,false,true,false,false,10.,8.,4.,4.,10.8299074015
1.14859454404,Sample,15,3,36.,1,false,true,false,false,10.,8.,4.,4.,10.8299074076
1.14859454404,Sample,15,3,41.,1,false,true,false,false,10.,8.,4.,4.,10.8299074078
1.14859454404,Sample,15,3,46.,1,false,true,false,false,10.,8.,4.,4.,10.8299074078
1.14859454404,Sample,15,3,51.,1,false,true,false,false,10.,8.,4.,4.,10.8299074078
1.01847293626,Voter,15,5,1.,1,false,true,false,false,14.,14.,34.,28.,0.
1.01847293626,Voter,15,5,6.,1,false,true,false,false,36.,32.,16.,16.,9.90264317119
1.01847293626,Voter,15,5,11.,1,false,true,false,false,36.,32.,16.,16.,10.1055775087
1.01847293626,Voter,15,5,16.,1,false,true,false,false,36.,32.,16.,16.,10.1097362312
1.01847293626,Voter,15,5,21.,1,false,true,false,false,36.,32.,16.,16.,10.1098214557
1.01847293626,Voter,15,5,26.,1,false,true,false,false,36.,32.,16.,16.,10.1098232022
1.01847293626,Voter,15,5,31.,1,false,true,false,false,36.,32.,16.,16.,10.109823238
1.01847293626,Voter,15,5,36.,1,false,true,false,false,36.,32.,16.,16.,10.1098232387
1.01847293626,Voter,15,5,41.,1,false,true,false,false,36.,32.,16.,16.,10.1098232387
1.01847293626,Voter,15,5,46.,1,false,true,false,false,36.,32.,16.,16.,10.1098232387
1.01847293626,Voter,15,5,51.,1,false,true,false,false,36.,32.,16.,16.,10.1098232387
0.900829528387,Voter,15,3,1.,1,false,true,false,false,2.,2.,4.,4.,0.
0.900829528387,Voter,15,3,6.,1,false,true,false,false,6.,6.,0.,0.,9.24228444173
0.900829528387,Voter,15,3,11.,1,false,true,false,false,6.,6.,0.,0.,9.37208461469
0.900829528387,Voter,15,3,16.,1,false,true,false,false,6.,6.,0.,0.,9.37390754981
0.900829528387,Voter,15,3,21.,1,false,true,false,false,6.,6.,0.,0.,9.37393315141
0.900829528387,Voter,15,3,26.,1,false,true,false,false,6.,6.,0.,0.,9.37393351097
0.900829528387,Voter,15,3,31.,1,false,true,false,false,6.,6.,0.,0.,9.37393351602
0.900829528387,Voter,15,3,36.,1,false,true,false,false,6.,6.,0.,0.,9.37393351609
0.900829528387,Voter,15,3,41.,1,false,true,false,false,6.,6.,0.,0.,9.37393351609
0.900829528387,Voter,15,3,46.,1,false,true,false,false,6.,6.,0.,0.,9.37393351609
0.900829528387,Voter,15,3,51.,1,false,true,false,false,6.,6.,0.,0.,9.37393351609
0.804203373151,Voter,15,3,1.,1,false,true,false,false,2.,2.,8.,8.,0.
0.804203373151,Voter,15,3,6.,1,false,true,false,false,16.,14.,14.,14.,8.61372192459
0.804203373151,Voter,15,3,11.,1,false,true,false,false,16.,14.,14.,14.,8.69691881779
0.804203373151,Voter,15,3,16.,1,false,true,false,false,16.,14.,14.,14.,8.69772238715
0.804203373151,Voter,15,3,21.,1,false,true,false,false,16.,14.,14.,14.,8.69773014854
0.804203373151,Voter,15,3,26.,1,false,true,false,false,16.,14.,14.,14.,8.69773022351
0.804203373151,Voter,15,3,31.,1,false,true,false,false,16.,14.,14.,14.,8.69773022423
0.804203373151,Voter,15,3,36.,1,false,true,false,false,16.,14.,14.,14.,8.69773022424
0.804203373151,Voter,15,3,41.,1,false,true,false,false,16.,14.,14.,14.,8.69773022424
0.804203373151,Voter,15,3,46.,1,false,true,false,false,16.,14.,14.,14.,8.69773022424
0.804203373151,Voter,15,3,51.,1,false,true,false,false,16.,14.,14.,14.,8.69773022424
0.88996080029,Sample,15,6,1.,1,false,true,false,false,46.,42.,80.,66.,0.
0.88996080029,Sample,15,6,6.,1,false,true,false,false,224.,158.,234.,162.,9.17567603039
0.88996080029,Sample,15,6,11.,1,false,true,false,false,224.,158.,234.,162.,9.29962659607
0.88996080029,Sample,15,6,16.,1,false,true,false,false,224.,158.,234.,162.,9.30130099506
0.88996080029,Sample,15,6,21.,1,false,true,false,false,224.,158.,234.,162.,9.30132361386
0.88996080029,Sample,15,6,26.,1,false,true,false,false,224.,158.,234.,162.,9.3013239194
0.88996080029,Sample,15,6,31.,1,false,true,false,false,224.,158.,234.,162.,9.30132392353
0.88996080029,Sample,15,6,36.,1,false,true,false,false,224.,158.,234.,162.,9.30132392359
0.88996080029,Sample,15,6,41.,1,false,true,false,false,224.,158.,234.,162.,9.30132392359
0.88996080029,Sample,15,6,46.,1,false,true,false,false,224.,158.,234.,162.,9.30132392359
0.88996080029,Sample,15,6,51.,1,false,true,false,false,224.,158.,234.,162.,9.30132392359
0.894722741791,Sample,15,7,1.,1,false,true,false,false,36.,34.,84.,72.,0.
0.894722741791,Sample,15,7,6.,1,false,true,false,false,210.,142.,182.,122.,9.20498211056
0.894722741791,Sample,15,7,11.,1,false,true,false,false,212.,142.,180.,122.,9.33147656796
0.894722741791,Sample,15,7,16.,1,false,true,false,false,212.,142.,180.,122.,9.3332148492
0.894722741791,Sample,15,7,21.,1,false,true,false,false,212.,142.,180.,122.,9.33323873659
0.894722741791,Sample,15,7,26.,1,false,true,false,false,212.,142.,180.,122.,9.33323906485
0.894722741791,Sample,15,7,31.,1,false,true,false,false,212.,142.,180.,122.,9.33323906936
0.894722741791,Sample,15,7,36.,1,false,true,false,false,212.,142.,180.,122.,9.33323906942
0.894722741791,Sample,15,7,41.,1,false,true,false,false,212.,142.,180.,122.,9.33323906942
0.894722741791,Sample,15,7,46.,1,false,true,false,false,212.,142.,180.,122.,9.33323906942
0.894722741791,Sample,15,7,51.,1,false,true,false,false,212.,142.,180.,122.,9.33323906942
0.961619881912,Sample,15,4,1.,1,false,true,false,false,4.,4.,26.,22.,0.
0.961619881912,Sample,15,4,6.,1,false,true,false,false,40.,38.,30.,30.,9.59695518987
0.961619881912,Sample,15,4,11.,1,false,true,false,false,40.,38.,30.,30.,9.76231456713
0.961619881912,Sample,15,4,16.,1,false,true,false,false,40.,38.,30.,30.,9.76516377535
0.961619881912,Sample,15,4,21.,1,false,true,false,false,40.,38.,30.,30.,9.76521286835
0.961619881912,Sample,15,4,26.,1,false,true,false,false,40.,38.,30.,30.,9.76521371424
0.961619881912,Sample,15,4,31.,1,false,true,false,false,40.,38.,30.,30.,9.76521372882
0.961619881912,Sample,15,4,36.,1,false,true,false,false,40.,38.,30.,30.,9.76521372907
0.961619881912,Sample,15,4,41.,1,false,true,false,false,40.,38.,30.,30.,9.76521372907
0.961619881912,Sample,15,4,46.,1,false,true,false,false,40.,38.,30.,30.,9.76521372907
0.961619881912,Sample,15,4,51.,1,false,true,false,false,40.,38.,30.,30.,9.76521372907
0.945710442951,Voter,15,3,1.,1,false,true,false,false,0.,0.,6.,6.,0.
0.945710442951,Voter,15,3,6.,1,false,true,false,false,6.,6.,0.,0.,9.50699640694
0.945710442951,Voter,15,3,11.,1,false,true,false,false,6.,6.,0.,0.,9.66258518954
0.945710442951,Voter,15,3,16.,1,false,true,false,false,6.,6.,0.,0.,9.66513151103
0.945710442951,Voter,15,3,21.,1,false,true,false,false,6.,6.,0.,0.,9.6651731834
0.945710442951,Voter,15,3,26.,1,false,true,false,false,6.,6.,0.,0.,9.6651738654
0.945710442951,Voter,15,3,31.,1,false,true,false,false,6.,6.,0.,0.,9.66517387656
0.945710442951,Voter,15,3,36.,1,false,true,false,false,6.,6.,0.,0.,9.66517387674
0.945710442951,Voter,15,3,41.,1,false,true,false,false,6.,6.,0.,0.,9.66517387675
0.945710442951,Voter,15,3,46.,1,false,true,false,false,6.,6.,0.,0.,9.66517387675
0.945710442951,Voter,15,3,51.,1,false,true,false,false,6.,6.,0.,0.,9.66517387675
0.823951869874,Sample,15,3,1.,1,false,true,false,false,12.,12.,20.,20.,0.
0.823951869874,Sample,15,3,6.,1,false,true,false,false,18.,18.,18.,18.,8.74904981065
0.823951869874,Sample,15,3,11.,1,false,true,false,false,18.,18.,18.,18.,8.84078598369
0.823951869874,Sample,15,3,16.,1,false,true,false,false,18.,18.,18.,18.,8.84174786248
0.823951869874,Sample,15,3,21.,1,false,true,false,false,18.,18.,18.,18.,8.84175794804
0.823951869874,Sample,15,3,26.,1,false,true,false,false,18.,18.,18.,18.,8.84175805379
0.823951869874,Sample,15,3,31.,1,false,true,false,false,18.,18.,18.,18.,8.8417580549
0.823951869874,Sample,15,3,36.,1,false,true,false,false,18.,18.,18.,18.,8.84175805491
0.823951869874,Sample,15,3,41.,1,false,true,false,false,18.,18.,18.,18.,8.84175805491
0.823951869874,Sample,15,3,46.,1,false,true,false,false,18.,18.,18.,18.,8.84175805491
0.823951869874,Sample,15,3,51.,1,false,true,false,false,18.,18.,18.,18.,8.84175805491
1.2752071936,Sample,15,7,1.,1,false,true,false,false,18.,18.,64.,52.,0.
1.2752071936,Sample,15,7,6.,1,false,true,false,false,108.,100.,98.,88.,11.0139243968
1.2752071936,Sample,15,7,11.,1,false,true,false,false,114.,106.,96.,88.,11.4347890937
1.2752071936,Sample,15,7,16.,1,false,true,false,false,114.,106.,96.,88.,11.4508711991
1.2752071936,Sample,15,7,21.,1,false,true,false,false,114.,106.,96.,88.,11.4514857294
1.2752071936,Sample,15,7,26.,1,false,true,false,false,114.,106.,96.,88.,11.4515092119
1.2752071936,Sample,15,7,31.,1,false,true,false,false,114.,106.,96.,88.,11.4515101092
1.2752071936,Sample,15,7,36.,1,false,true,false,false,114.,106.,96.,88.,11.4515101435
1.2752071936,Sample,15,7,41.,1,false,true,false,false,114.,106.,96.,88.,11.4515101448
1.2752071936,Sample,15,7,46.,1,false,true,false,false,114.,106.,96.,88.,11.4515101449
1.2752071936,Sample,15,7,51.,1,false,true,false,false,114.,106.,96.,88.,11.4515101449
1.26334127982,Sample,15,4,1.,1,false,true,false,false,6.,6.,24.,22.,0.
1.26334127982,Sample,15,4,6.,1,false,true,false,false,50.,44.,52.,48.,10.9711494615
1.26334127982,Sample,15,4,11.,1,false,true,false,false,60.,52.,50.,46.,11.3803541272
1.26334127982,Sample,15,4,16.,1,false,true,false,false,60.,52.,50.,46.,11.3956167447
1.26334127982,Sample,15,4,21.,1,false,true,false,false,60.,52.,50.,46.,11.3961860137
1.26334127982,Sample,15,4,26.,1,false,true,false,false,60.,52.,50.,46.,11.3962072464
1.26334127982,Sample,15,4,31.,1,false,true,false,false,60.,52.,50.,46.,11.3962080383
1.26334127982,Sample,15,4,36.,1,false,true,false,false,60.,52.,50.,46.,11.3962080679
1.26334127982,Sample,15,4,41.,1,false,true,false,false,60.,52.,50.,46.,11.396208069
1.26334127982,Sample,15,4,46.,1,false,true,false,false,60.,52.,50.,46.,11.396208069
1.26334127982,Sample,15,4,51.,1,false,true,false,false,60.,52.,50.,46.,11.396208069
0.950140183127,Voter,15,4,1.,1,false,true,false,false,4.,4.,8.,8.,0.
0.950140183127,Voter,15,4,6.,1,false,true,false,false,12.,12.,0.,0.,9.53224366735
0.950140183127,Voter,15,4,11.,1,false,true,false,false,12.,12.,0.,0.,9.69051997127
0.950140183127,Voter,15,4,16.,1,false,true,false,false,12.,12.,0.,0.,9.69314803967
0.950140183127,Voter,15,4,21.,1,false,true,false,false,12.,12.,0.,0.,9.69319167693
0.950140183127,Voter,15,4,26.,1,false,true,false,false,12.,12.,0.,0.,9.69319240149
0.950140183127,Voter,15,4,31.,1,false,true,false,false,12.,12.,0.,0.,9.69319241353
0.950140183127,Voter,15,4,36.,1,false,true,false,false,12.,12.,0.,0.,9.69319241373
0.950140183127,Voter,15,4,41.,1,false,true,false,false,12.,12.,0.,0.,9.69319241373
0.950140183127,Voter,15,4,46.,1,false,true,false,false,12.,12.,0.,0.,9.69319241373
0.950140183127,Voter,15,4,51.,1,false,true,false,false,12.,12.,0.,0.,9.69319241373
0.947631830788,Sample,15,4,1.,1,false,true,false,false,2.,2.,18.,16.,0.
0.947631830788,Sample,15,4,6.,1,false,true,false,false,24.,22.,8.,8.,9.51796636761
0.947631830788,Sample,15,4,11.,1,false,true,false,false,24.,22.,8.,8.,9.67471772832
0.947631830788,Sample,15,4,16.,1,false,true,false,false,24.,22.,8.,8.,9.67729926603
0.947631830788,Sample,15,4,21.,1,false,true,false,false,24.,22.,8.,8.,9.67734178137
0.947631830788,Sample,15,4,26.,1,false,true,false,false,24.,22.,8.,8.,9.67734248155
0.947631830788,Sample,15,4,31.,1,false,true,false,false,24.,22.,8.,8.,9.67734249308
0.947631830788,Sample,15,4,36.,1,false,true,false,false,24.,22.,8.,8.,9.67734249327
0.947631830788,Sample,15,4,41.,1,false,true,false,false,24.,22.,8.,8.,9.67734249328
0.947631830788,Sample,15,4,46.,1,false,true,false,false,24.,22.,8.,8.,9.67734249328
0.947631830788,Sample,15,4,51.,1,false,true,false,false,24.,22.,8.,8.,9.67734249328
1.35963178317,Sample,15,5,1.,1,false,true,false,false,10.,10.,40.,34.,0.
1.35963178317,Sample,15,5,6.,1,false,true,false,false,54.,48.,52.,48.,11.2973551639
1.35963178317,Sample,15,5,11.,1,false,true,false,false,60.,52.,50.,48.,11.8050340879
1.35963178317,Sample,15,5,16.,1,false,true,false,false,62.,54.,48.,46.,11.8278480904
1.35963178317,Sample,15,5,21.,1,false,true,false,false,62.,54.,48.,46.,11.8288733028
1.35963178317,Sample,15,5,26.,1,false,true,false,false,62.,54.,48.,46.,11.8289193737
1.35963178317,Sample,15,5,31.,1,false,true,false,false,62.,54.,48.,46.,11.828921444
1.35963178317,Sample,15,5,36.,1,false,true,false,false,62.,54.,48.,46.,11.828921537
1.35963178317,Sample,15,5,41.,1,false,true,false,false,62.,54.,48.,46.,11.8289215412
1.35963178317,Sample,15,5,46.,1,false,true,false,false,62.,54.,48.,46.,11.8289215414
1.35963178317,Sample,15,5,51.,1,false,true,false,false,62.,54.,48.,46.,11.8289215414
1.18666927771,Sample,15,6,1.,1,false,true,false,false,10.,10.,70.,60.,0.
1.18666927771,Sample,15,6,6.,1,false,true,false,false,126.,98.,130.,104.,10.6760522689
1.18666927771,Sample,15,6,11.,1,false,true,false,false,134.,102.,134.,106.,11.0133960895
1.18666927771,Sample,15,6,16.,1,false,true,false,false,134.,102.,134.,106.,11.0240555402
1.18666927771,Sample,15,6,21.,1,false,true,false,false,134.,102.,134.,106.,11.0243923595
1.18666927771,Sample,15,6,26.,1,false,true,false,false,134.,102.,134.,106.,11.0244030023
1.18666927771,Sample,15,6,31.,1,false,true,false,false,134.,102.,134.,106.,11.0244033386
1.18666927771,Sample,15,6,36.,1,false,true,false,false,134.,102.,134.,106.,11.0244033493
1.18666927771,Sample,15,6,41.,1,false,true,false,false,134.,102.,134.,106.,11.0244033496
1.18666927771,Sample,15,6,46.,1,false,true,false,false,134.,102.,134.,106.,11.0244033496
1.18666927771,Sample,15,6,51.,1,false,true,false,false,134.,102.,134.,106.,11.0244033496
1.27256360724,Voter,15,5,1.,1,false,true,false,false,12.,12.,30.,28.,0.
1.27256360724,Voter,15,5,6.,1,false,true,false,false,38.,36.,24.,24.,11.0044595379
1.27256360724,Voter,15,5,11.,1,false,true,false,false,40.,38.,26.,26.,11.4227144747
1.27256360724,Voter,15,5,16.,1,false,true,false,false,40.,38.,26.,26.,11.438611411
1.27256360724,Voter,15,5,21.,1,false,true,false,false,40.,38.,26.,26.,11.439215618
1.27256360724,Voter,15,5,26.,1,false,true,false,false,40.,38.,26.,26.,11.4392385826
1.27256360724,Voter,15,5,31.,1,false,true,false,false,40.,38.,26.,26.,11.4392394554
1.27256360724,Voter,15,5,36.,1,false,true,false,false,40.,38.,26.,26.,11.4392394886
1.27256360724,Voter,15,5,41.,1,false,true,false,false,40.,38.,26.,26.,11.4392394899
1.27256360724,Voter,15,5,46.,1,false,true,false,false,40.,38.,26.,26.,11.4392394899
1.27256360724,Voter,15,5,51.,1,false,true,false,false,40.,38.,26.,26.,11.4392394899
0.823456532287,Voter,15,5,1.,1,false,true,false,false,46.,36.,48.,40.,0.
0.823456532287,Voter,15,5,6.,1,false,true,false,false,64.,50.,62.,48.,8.74570005035
0.823456532287,Voter,15,5,11.,1,false,true,false,false,64.,50.,62.,48.,8.83721589285
0.823456532287,Voter,15,5,16.,1,false,true,false,false,64.,50.,62.,48.,8.83817352339
0.823456532287,Voter,15,5,21.,1,false,true,false,false,64.,50.,62.,48.,8.83818354412
0.823456532287,Voter,15,5,26.,1,false,true,false,false,64.,50.,62.,48.,8.83818364898
0.823456532287,Voter,15,5,31.,1,false,true,false,false,64.,50.,62.,48.,8.83818365008
0.823456532287,Voter,15,5,36.,1,false,true,false,false,64.,50.,62.,48.,8.83818365009
0.823456532287,Voter,15,5,41.,1,false,true,false,false,64.,50.,62.,48.,8.83818365009
0.823456532287,Voter,15,5,46.,1,false,true,false,false,64.,50.,62.,48.,8.83818365009
0.823456532287,Voter,15,5,51.,1,false,true,false,false,64.,50.,62.,48.,8.83818365009
1.01520776033,Sample,15,5,1.,1,false,true,false,false,14.,14.,52.,46.,0.
1.01520776033,Sample,15,5,6.,1,false,true,false,false,46.,42.,52.,48.,9.88573545883
1.01520776033,Sample,15,5,11.,1,false,true,false,false,58.,50.,56.,50.,10.0864003941
1.01520776033,Sample,15,5,16.,1,false,true,false,false,58.,50.,56.,50.,10.0904735777
1.01520776033,Sample,15,5,21.,1,false,true,false,false,58.,50.,56.,50.,10.090556257
1.01520776033,Sample,15,5,26.,1,false,true,false,false,58.,50.,56.,50.,10.0905579352
1.01520776033,Sample,15,5,31.,1,false,true,false,false,58.,50.,56.,50.,10.0905579693
1.01520776033,Sample,15,5,36.,1,false,true,false,false,58.,50.,56.,50.,10.09055797
1.01520776033,Sample,15,5,41.,1,false,true,false,false,58.,50.,56.,50.,10.09055797
1.01520776033,Sample,15,5,46.,1,false,true,false,false,58.,50.,56.,50.,10.09055797
1.01520776033,Sample,15,5,51.,1,false,true,false,false,58.,50.,56.,50.,10.09055797
1.25091649407,Voter,15,5,1.,1,false,true,false,false,18.,18.,42.,38.,0.
1.25091649407,Voter,15,5,6.,1,false,true,false,false,56.,52.,60.,50.,10.9255495417
1.25091649407,Voter,15,5,11.,1,false,true,false,false,56.,52.,60.,50.,11.3226955276
1.25091649407,Voter,15,5,16.,1,false,true,false,false,56.,52.,60.,50.,11.3371318663
1.25091649407,Voter,15,5,21.,1,false,true,false,false,56.,52.,60.,50.,11.3376566302
1.25091649407,Voter,15,5,26.,1,false,true,false,false,56.,52.,60.,50.,11.3376757055
1.25091649407,Voter,15,5,31.,1,false,true,false,false,56.,52.,60.,50.,11.3376763989
1.25091649407,Voter,15,5,36.,1,false,true,false,false,56.,52.,60.,50.,11.3376764241
1.25091649407,Voter,15,5,41.,1,false,true,false,false,56.,52.,60.,50.,11.337676425
1.25091649407,Voter,15,5,46.,1,false,true,false,false,56.,52.,60.,50.,11.337676425
1.25091649407,Voter,15,5,51.,1,false,true,false,false,56.,52.,60.,50.,11.337676425
0.87536713799,Sample,15,4,1.,1,false,true,false,false,6.,6.,18.,18.,0.
0.87536713799,Sample,15,4,6.,1,false,true,false,false,22.,20.,10.,10.,9.0846575696
0.87536713799,Sample,15,4,11.,1,false,true,false,false,22.,20.,10.,10.,9.20099666056
0.87536713799,Sample,15,4,16.,1,false,true,false,false,22.,20.,10.,10.,9.20248651133
0.87536713799,Sample,15,4,21.,1,false,true,false,false,22.,20.,10.,10.,9.20250559052
0.87536713799,Sample,15,4,26.,1,false,true,false,false,22.,20.,10.,10.,9.20250583485
0.87536713799,Sample,15,4,31.,1,false,true,false,false,22.,20.,10.,10.,9.20250583798
0.87536713799,Sample,15,4,36.,1,false,true,false,false,22.,20.,10.,10.,9.20250583802
0.87536713799,Sample,15,4,41.,1,false,true,false,false,22.,20.,10.,10.,9.20250583802
0.87536713799,Sample,15,4,46.,1,false,true,false,false,22.,20.,10.,10.,9.20250583802
0.87536713799,Sample,15,4,51.,1,false,true,false,false,22.,20.,10.,10.,9.20250583802
0.834133603747,Sample,15,5,1.,1,false,true,false,false,16.,16.,40.,36.,0.
0.834133603747,Sample,15,5,6.,1,false,true,false,false,64.,56.,48.,48.,8.81740317685
0.834133603747,Sample,15,5,11.,1,false,true,false,false,66.,60.,46.,46.,8.91373859472
0.834133603747,Sample,15,5,16.,1,false,true,false,false,66.,60.,46.,46.,8.91479111693
0.834133603747,Sample,15,5,21.,1,false,true,false,false,66.,60.,46.,46.,8.91480261637
0.834133603747,Sample,15,5,26.,1,false,true,false,false,66.,60.,46.,46.,8.91480274201
0.834133603747,Sample,15,5,31.,1,false,true,false,false,66.,60.,46.,46.,8.91480274338
0.834133603747,Sample,15,5,36.,1,false,true,false,false,66.,60.,46.,46.,8.91480274339
0.834133603747,Sample,15,5,41.,1,false,true,false,false,66.,60.,46.,46.,8.91480274339
0.834133603747,Sample,15,5,46.,1,false,true,false,false,66.,60.,46.,46.,8.91480274339
0.834133603747,Sample,15,5,51.,1,false,true,false,false,66.,60.,46.,46.,8.91480274339
0.989274540645,Sample,15,5,1.,1,false,true,false,false,12.,12.,34.,32.,0.
0.989274540645,Sample,15,5,6.,1,false,true,false,false,48.,40.,30.,30.,9.74867409085
0.989274540645,Sample,15,5,11.,1,false,true,false,false,52.,44.,34.,34.,9.93179466219
0.989274540645,Sample,15,5,16.,1,false,true,false,false,52.,44.,34.,34.,9.93523442675
0.989274540645,Sample,15,5,21.,1,false,true,false,false,52.,44.,34.,34.,9.93529903981
0.989274540645,Sample,15,5,26.,1,false,true,false,false,52.,44.,34.,34.,9.93530025351
0.989274540645,Sample,15,5,31.,1,false,true,false,false,52.,44.,34.,34.,9.93530027631
0.989274540645,Sample,15,5,36.,1,false,true,false,false,52.,44.,34.,34.,9.93530027674
0.989274540645,Sample,15,5,41.,1,false,true,false,false,52.,44.,34.,34.,9.93530027675
0.989274540645,Sample,15,5,46.,1,false,true,false,false,52.,44.,34.,34.,9.93530027675
0.989274540645,Sample,15,5,51.,1,false,true,false,false,52.,44.,34.,34.,9.93530027675
0.972675767798,Voter,15,3,1.,1,false,true,false,false,2.,2.,16.,14.,0.
0.972675767798,Voter,15,3,6.,1,false,true,false,false,14.,14.,8.,8.,9.65831065427
0.972675767798,Voter,15,3,11.,1,false,true,false,false,14.,14.,8.,8.,9.83065261616
0.972675767798,Voter,15,3,16.,1,false,true,false,false,14.,14.,8.,8.,9.83372786947
0.972675767798,Voter,15,3,21.,1,false,true,false,false,14.,14.,8.,8.,9.83378274399
0.972675767798,Voter,15,3,26.,1,false,true,false,false,14.,14.,8.,8.,9.83378372317
0.972675767798,Voter,15,3,31.,1,false,true,false,false,14.,14.,8.,8.,9.83378374064
0.972675767798,Voter,15,3,36.,1,false,true,false,false,14.,14.,8.,8.,9.83378374095
0.972675767798,Voter,15,3,41.,1,false,true,false,false,14.,14.,8.,8.,9.83378374096
0.972675767798,Voter,15,3,46.,1,false,true,false,false,14.,14.,8.,8.,9.83378374096
0.972675767798,Voter,15,3,51.,1,false,true,false,false,14.,14.,8.,8.,9.83378374096
1.24246900887,Sample,15,4,1.,1,false,true,false,false,6.,6.,24.,22.,0.
1.24246900887,Sample,15,4,6.,1,false,true,false,false,24.,24.,26.,22.,10.894066991
1.24246900887,Sample,15,4,11.,1,false,true,false,false,30.,28.,24.,22.,11.2831036199
1.24246900887,Sample,15,4,16.,1,false,true,false,false,30.,28.,24.,22.,11.296996457
1.24246900887,Sample,15,4,21.,1,false,true,false,false,30.,28.,24.,22.,11.2974925823
1.24246900887,Sample,15,4,26.,1,false,true,false,false,30.,28.,24.,22.,11.2975102994
1.24246900887,Sample,15,4,31.,1,false,true,false,false,30.,28.,24.,22.,11.2975109321
1.24246900887,Sample,15,4,36.,1,false,true,false,false,30.,28.,24.,22.,11.2975109547
1.24246900887,Sample,15,4,41.,1,false,true,false,false,30.,28.,24.,22.,11.2975109555
1.24246900887,Sample,15,4,46.,1,false,true,false,false,30.,28.,24.,22.,11.2975109555
1.24246900887,Sample,15,4,51.,1,false,true,false,false,30.,28.,24.,22.,11.2975109555
1.07299456362,Voter,15,5,1.,1,false,true,false,false,10.,10.,26.,24.,0.
1.07299456362,Voter,15,5,6.,1,false,true,false,false,26.,24.,10.,10.,10.1738148976
1.07299456362,Voter,15,5,11.,1,false,true,false,false,26.,24.,10.,10.,10.4166097363
1.07299456362,Voter,15,5,16.,1,false,true,false,false,26.,24.,10.,10.,10.4224039575
1.07299456362,Voter,15,5,21.,1,false,true,false,false,26.,24.,10.,10.,10.4225422347
1.07299456362,Voter,15,5,26.,1,false,true,false,false,26.,24.,10.,10.,10.4225455346
1.07299456362,Voter,15,5,31.,1,false,true,false,false,26.,24.,10.,10.,10.4225456134
1.07299456362,Voter,15,5,36.,1,false,true,false,false,26.,24.,10.,10.,10.4225456153
1.07299456362,Voter,15,5,41.,1,false,true,false,false,26.,24.,10.,10.,10.4225456153
1.07299456362,Voter,15,5,46.,1,false,true,false,false,26.,24.,10.,10.,10.4225456153
1.07299456362,Voter,15,5,51.,1,false,true,false,false,26.,24.,10.,10.,10.4225456153
1.36740486356,Voter,15,4,1.,1,false,true,false,false,14.,14.,22.,22.,0.
1.36740486356,Voter,15,4,6.,1,false,true,false,false,24.,22.,12.,12.,11.3216825204
1.36740486356,Voter,15,4,11.,1,false,true,false,false,24.,22.,12.,12.,11.8376771711
1.36740486356,Voter,15,4,16.,1,false,true,false,false,24.,22.,12.,12.,11.8611940362
1.36740486356,Voter,15,4,21.,1,false,true,false,false,24.,22.,12.,12.,11.8622658359
1.36740486356,Voter,15,4,26.,1,false,true,false,false,24.,22.,12.,12.,11.862314684
1.36740486356,Voter,15,4,31.,1,false,true,false,false,24.,22.,12.,12.,11.8623169103
1.36740486356,Voter,15,4,36.,1,false,true,false,false,24.,22.,12.,12.,11.8623170118
1.36740486356,Voter,15,4,41.,1,false,true,false,false,24.,22.,12.,12.,11.8623170164
1.36740486356,Voter,15,4,46.,1,false,true,false,false,24.,22.,12.,12.,11.8623170166
1.36740486356,Voter,15,4,51.,1,false,true,false,false,24.,22.,12.,12.,11.8623170166
1.25443541386,Voter,15,7,1.,1,false,true,false,false,42.,36.,120.,88.,0.
1.25443541386,Voter,15,7,6.,1,false,true,false,false,124.,100.,102.,84.,10.9385490908
1.25443541386,Voter,15,7,11.,1,false,true,false,false,124.,100.,102.,84.,11.339094534
1.25443541386,Voter,15,7,16.,1,false,true,false,false,124.,100.,102.,84.,11.353761621
1.25443541386,Voter,15,7,21.,1,false,true,false,false,124.,100.,102.,84.,11.3542986973
1.25443541386,Voter,15,7,26.,1,false,true,false,false,124.,100.,102.,84.,11.3543183638
1.25443541386,Voter,15,7,31.,1,false,true,false,false,124.,100.,102.,84.,11.354319084
1.25443541386,Voter,15,7,36.,1,false,true,false,false,124.,100.,102.,84.,11.3543191103
1.25443541386,Voter,15,7,41.,1,false,true,false,false,124.,100.,102.,84.,11.3543191113
1.25443541386,Voter,15,7,46.,1,false,true,false,false,124.,100.,102.,84.,11.3543191113
1.25443541386,Voter,15,7,51.,1,false,true,false,false,124.,100.,102.,84.,11.3543191113
0.983418715751,Voter,15,4,1.,1,false,true,false,false,14.,12.,20.,16.,0.
0.983418715751,Voter,15,4,6.,1,false,true,false,false,28.,22.,14.,14.,9.71703310046
0.983418715751,Voter,15,4,11.,1,false,true,false,false,28.,22.,14.,14.,9.89631076606
0.983418715751,Voter,15,4,16.,1,false,true,false,false,28.,22.,14.,14.,9.89961840956
0.983418715751,Voter,15,4,21.,1,false,true,false,false,28.,22.,14.,14.,9.89967943504
0.983418715751,Voter,15,4,26.,1,false,true,false,false,28.,22.,14.,14.,9.89968056095
0.983418715751,Voter,15,4,31.,1,false,true,false,false,28.,22.,14.,14.,9.89968058172
0.983418715751,Voter,15,4,36.,1,false,true,false,false,28.,22.,14.,14.,9.89968058211
0.983418715751,Voter,15,4,41.,1,false,true,false,false,28.,22.,14.,14.,9.89968058211
0.983418715751,Voter,15,4,46.,1,false,true,false,false,28.,22.,14.,14.,9.89968058211
0.983418715751,Voter,15,4,51.,1,false,true,false,false,28.,22.,14.,14.,9.89968058211
1.15714482031,Sample,15,3,1.,1,false,true,false,false,2.,2.,10.,10.,0.
1.15714482031,Sample,15,3,6.,1,false,true,false,false,16.,14.,8.,8.,10.5533587497
1.15714482031,Sample,15,3,11.,1,false,true,false,false,18.,16.,6.,6.,10.8647169777
1.15714482031,Sample,15,3,16.,1,false,true,false,false,18.,16.,6.,6.,10.8739030528
1.15714482031,Sample,15,3,21.,1,false,true,false,false,18.,16.,6.,6.,10.8741740718
1.15714482031,Sample,15,3,26.,1,false,true,false,false,18.,16.,6.,6.,10.8741820677
1.15714482031,Sample,15,3,31.,1,false,true,false,false,18.,16.,6.,6.,10.8741823036
1.15714482031,Sample,15,3,36.,1,false,true,false,false,18.,16.,6.,6.,10.8741823106
1.15714482031,Sample,15,3,41.,1,false,true,false,false,18.,16.,6.,6.,10.8741823108
1.15714482031,Sample,15,3,46.,1,false,true,false,false,18.,16.,6.,6.,10.8741823108
1.15714482031,Sample,15,3,51.,1,false,true,false,false,18.,16.,6.,6.,10.8741823108
1.11670125549,Sample,15,4,1.,1,false,true,false,false,12.,12.,24.,24.,0.
1.11670125549,Sample,15,4,6.,1,false,true,false,false,32.,26.,20.,20.,10.376617908
1.11670125549,Sample,15,4,11.,1,false,true,false,false,32.,26.,20.,20.,10.653984963
1.11670125549,Sample,15,4,16.,1,false,true,false,false,32.,26.,20.,20.,10.661398986
1.11670125549,Sample,15,4,21.,1,false,true,false,false,32.,26.,20.,20.,10.6615971628
1.11670125549,Sample,15,4,26.,1,false,true,false,false,32.,26.,20.,20.,10.6616024601
1.11670125549,Sample,15,4,31.,1,false,true,false,false,32.,26.,20.,20.,10.6616026017
1.11670125549,Sample,15,4,36.,1,false,true,false,false,32.,26.,20.,20.,10.6616026055
1.11670125549,Sample,15,4,41.,1,false,true,false,false,32.,26.,20.,20.,10.6616026056
1.11670125549,Sample,15,4,46.,1,false,true,false,false,32.,26.,20.,20.,10.6616026056
1.11670125549,Sample,15,4,51.,1,false,true,false,false,32.,26.,20.,20.,10.6616026056
0.818866689539,Sample,15,6,1.,1,false,true,false,false,28.,26.,70.,60.,0.
0.818866689539,Sample,15,6,6.,1,false,true,false,false,128.,110.,130.,110.,8.71455248747
0.818866689539,Sample,15,6,11.,1,false,true,false,false,132.,114.,134.,114.,8.80404179784
0.818866689539,Sample,15,6,16.,1,false,true,false,false,134.,116.,132.,114.,8.80496075916
0.818866689539,Sample,15,6,21.,1,false,true,false,false,134.,116.,132.,114.,8.80497019593
0.818866689539,Sample,15,6,26.,1,false,true,false,false,134.,116.,132.,114.,8.80497029284
0.818866689539,Sample,15,6,31.,1,false,true,false,false,134.,116.,132.,114.,8.80497029383
0.818866689539,Sample,15,6,36.,1,false,true,false,false,134.,116.,132.,114.,8.80497029384
0.818866689539,Sample,15,6,41.,1,false,true,false,false,134.,116.,132.,114.,8.80497029384
0.818866689539,Sample,15,6,46.,1,false,true,false,false,134.,116.,132.,114.,8.80497029384
0.818866689539,Sample,15,6,51.,1,false,true,false,false,134.,116.,132.,114.,8.80497029384
1.03964468138,Voter,15,6,1.,1,false,true,false,false,18.,18.,40.,34.,0.
1.03964468138,Voter,15,6,6.,1,false,true,false,false,48.,40.,14.,14.,10.0104181873
1.03964468138,Voter,15,6,11.,1,false,true,false,false,48.,40.,14.,14.,10.2283926413
1.03964468138,Voter,15,6,16.,1,false,true,false,false,48.,40.,14.,14.,10.2331389827
1.03964468138,Voter,15,6,21.,1,false,true,false,false,48.,40.,14.,14.,10.2332423332
1.03964468138,Voter,15,6,26.,1,false,true,false,false,48.,40.,14.,14.,10.2332445836
1.03964468138,Voter,15,6,31.,1,false,true,false,false,48.,40.,14.,14.,10.2332446326
1.03964468138,Voter,15,6,36.,1,false,true,false,false,48.,40.,14.,14.,10.2332446337
1.03964468138,Voter,15,6,41.,1,false,true,false,false,48.,40.,14.,14.,10.2332446337
1.03964468138,Voter,15,6,46.,1,false,true,false,false,48.,40.,14.,14.,10.2332446337
1.03964468138,Voter,15,6,51.,1,false,true,false,false,48.,40.,14.,14.,10.2332446337
1.07041298911,Sample,15,7,1.,1,false,true,false,false,38.,38.,110.,96.,0.
1.07041298911,Sample,15,7,6.,1,false,true,false,false,248.,176.,268.,190.,10.1614389907
1.07041298911,Sample,15,7,11.,1,false,true,false,false,258.,186.,262.,186.,10.4022637525
1.07041298911,Sample,15,7,16.,1,false,true,false,false,258.,186.,262.,186.,10.4079712676
1.07041298911,Sample,15,7,21.,1,false,true,false,false,258.,186.,262.,186.,10.4081065349
1.07041298911,Sample,15,7,26.,1,false,true,false,false,258.,186.,262.,186.,10.4081097408
1.07041298911,Sample,15,7,31.,1,false,true,false,false,258.,186.,262.,186.,10.4081098167
1.07041298911,Sample,15,7,36.,1,false,true,false,false,258.,186.,262.,186.,10.4081098185
1.07041298911,Sample,15,7,41.,1,false,true,false,false,258.,186.,262.,186.,10.4081098186
1.07041298911,Sample,15,7,46.,1,false,true,false,false,258.,186.,262.,186.,10.4081098186
1.07041298911,Sample,15,7,51.,1,false,true,false,false,258.,186.,262.,186.,10.4081098186
0.921441531728,Voter,15,6,1.,1,false,true,false,false,36.,36.,62.,54.,0.
0.921441531728,Voter,15,6,6.,1,false,true,false,false,74.,66.,76.,66.,9.36589532942
0.921441531728,Voter,15,6,11.,1,false,true,false,false,74.,66.,76.,66.,9.5072129887
0.921441531728,Voter,15,6,16.,1,false,true,false,false,74.,66.,76.,66.,9.50934526544
0.921441531728,Voter,15,6,21.,1,false,true,false,false,74.,66.,76.,66.,9.50937743838
0.921441531728,Voter,15,6,26.,1,false,true,false,false,74.,66.,76.,66.,9.50937792382
0.921441531728,Voter,15,6,31.,1,false,true,false,false,74.,66.,76.,66.,9.50937793115
0.921441531728,Voter,15,6,36.,1,false,true,false,false,74.,66.,76.,66.,9.50937793126
0.921441531728,Voter,15,6,41.,1,false,true,false,false,74.,66.,76.,66.,9.50937793126
0.921441531728,Voter,15,6,46.,1,false,true,false,false,74.,66.,76.,66.,9.50937793126
0.921441531728,Voter,15,6,51.,1,false,true,false,false,74.,66.,76.,66.,9.50937793126
1.09606258512,Voter,15,7,1.,1,false,true,false,false,32.,30.,92.,72.,0.
1.09606258512,Voter,15,7,6.,1,false,true,false,false,74.,58.,70.,58.,10.282418484
1.09606258512,Voter,15,7,11.,1,false,true,false,false,76.,60.,68.,56.,10.5431754862
1.09606258512,Voter,15,7,16.,1,false,true,false,false,76.,60.,68.,56.,10.5497881537
1.09606258512,Voter,15,7,21.,1,false,true,false,false,76.,60.,68.,56.,10.5499558477
1.09606258512,Voter,15,7,26.,1,false,true,false,false,76.,60.,68.,56.,10.5499601003
1.09606258512,Voter,15,7,31.,1,false,true,false,false,76.,60.,68.,56.,10.5499602081
1.09606258512,Voter,15,7,36.,1,false,true,false,false,76.,60.,68.,56.,10.5499602109
1.09606258512,Voter,15,7,41.,1,false,true,false,false,76.,60.,68.,56.,10.549960211
1.09606258512,Voter,15,7,46.,1,false,true,false,false,76.,60.,68.,56.,10.549960211
1.09606258512,Voter,15,7,51.,1,false,true,false,false,76.,60.,68.,56.,10.549960211
1.06783442452,Sample,15,3,1.,1,false,true,false,false,0.,0.,6.,6.,0.
1.06783442452,Sample,15,3,6.,1,false,true,false,false,6.,6.,4.,4.,10.1490324019
1.06783442452,Sample,15,3,11.,1,false,true,false,false,6.,6.,4.,4.,10.3878974978
1.06783442452,Sample,15,3,16.,1,false,true,false,false,6.,6.,4.,4.,10.3935193672
1.06783442452,Sample,15,3,21.,1,false,true,false,false,6.,6.,4.,4.,10.3936516821
1.06783442452,Sample,15,3,26.,1,false,true,false,false,6.,6.,4.,4.,10.3936547962
1.06783442452,Sample,15,3,31.,1,false,true,false,false,6.,6.,4.,4.,10.3936548695
1.06783442452,Sample,15,3,36.,1,false,true,false,false,6.,6.,4.,4.,10.3936548712
1.06783442452,Sample,15,3,41.,1,false,true,false,false,6.,6.,4.,4.,10.3936548713
1.06783442452,Sample,15,3,46.,1,false,true,false,false,6.,6.,4.,4.,10.3936548713
1.06783442452,Sample,15,3,51.,1,false,true,false,false,6.,6.,4.,4.,10.3936548713
1.04306400542,Sample,15,6,1.,1,false,true,false,false,20.,20.,82.,68.,0.
1.04306400542,Sample,15,6,6.,1,false,true,false,false,100.,88.,114.,100.,10.0275260385
1.04306400542,Sample,15,6,11.,1,false,true,false,false,100.,88.,114.,100.,10.2479820788
1.04306400542,Sample,15,6,16.,1,false,true,false,false,100.,88.,114.,100.,10.2528288242
1.04306400542,Sample,15,6,21.,1,false,true,false,false,100.,88.,114.,100.,10.2529353804
1.04306400542,Sample,15,6,26.,1,false,true,false,false,100.,88.,114.,100.,10.252937723
1.04306400542,Sample,15,6,31.,1,false,true,false,false,100.,88.,114.,100.,10.2529377745
1.04306400542,Sample,15,6,36.,1,false,true,false,false,100.,88.,114.,100.,10.2529377756
1.04306400542,Sample,15,6,41.,1,false,true,false,false,100.,88.,114.,100.,10.2529377757
1.04306400542,Sample,15,6,46.,1,false,true,false,false,100.,88.,114.,100.,10.2529377757
1.04306400542,Sample,15,6,51.,1,false,true,false,false,100.,88.,114.,100.,10.2529377757
0.969633095599,Sample,15,6,1.,1,false,true,false,false,44.,42.,86.,70.,0.
0.969633095599,Sample,15,6,6.,1,false,true,false,false,110.,90.,108.,94.,9.64151897713
0.969633095599,Sample,15,6,11.,1,false,true,false,false,110.,90.,108.,94.,9.81192355094
0.969633095599,Sample,15,6,16.,1,false,true,false,false,110.,90.,108.,94.,9.81493528787
0.969633095599,Sample,15,6,21.,1,false,true,false,false,110.,90.,108.,94.,9.81498851743
0.969633095599,Sample,15,6,26.,1,false,true,false,false,110.,90.,108.,94.,9.81498945821
0.969633095599,Sample,15,6,31.,1,false,true,false,false,110.,90.,108.,94.,9.81498947484
0.969633095599,Sample,15,6,36.,1,false,true,false,false,110.,90.,108.,94.,9.81498947513
0.969633095599,Sample,15,6,41.,1,false,true,false,false,110.,90.,108.,94.,9.81498947514
0.969633095599,Sample,15,6,46.,1,false,true,false,false,110.,90.,108.,94.,9.81498947514
0.969633095599,Sample,15,6,51.,1,false,true,false,false,110.,90.,108.,94.,9.81498947514
0.915411057284,Sample,15,6,1.,1,false,true,false,false,30.,28.,52.,40.,0.
0.915411057284,Sample,15,6,6.,1,false,true,false,false,76.,70.,62.,56.,9.33009346724
0.915411057284,Sample,15,6,11.,1,false,true,false,false,84.,72.,58.,52.,9.46798402307
0.915411057284,Sample,15,6,16.,1,false,true,false,false,84.,72.,58.,52.,9.47002192392
0.915411057284,Sample,15,6,21.,1,false,true,false,false,84.,72.,58.,52.,9.47005204229
0.915411057284,Sample,15,6,26.,1,false,true,false,false,84.,72.,58.,52.,9.47005248742
0.915411057284,Sample,15,6,31.,1,false,true,false,false,84.,72.,58.,52.,9.470052494
0.915411057284,Sample,15,6,36.,1,false,true,false,false,84.,72.,58.,52.,9.47005249409
0.915411057284,Sample,15,6,41.,1,false,true,false,false,84.,72.,58.,52.,9.47005249409
0.915411057284,Sample,15,6,46.,1,false,true,false,false,84.,72.,58.,52.,9.47005249409
0.915411057284,Sample,15,6,51.,1,false,true,false,false,84.,72.,58.,52.,9.47005249409
0.810162490013,Voter,15,5,1.,1,false,true,false,false,40.,38.,66.,60.,0.
0.810162490013,Voter,15,5,6.,1,false,true,false,false,58.,52.,68.,58.,8.65494349196
0.810162490013,Voter,15,5,11.,1,false,true,false,false,60.,52.,66.,58.,8.74066425839
0.810162490013,Voter,15,5,16.,1,false,true,false,false,60.,52.,66.,58.,8.74151325872
0.810162490013,Voter,15,5,21.,1,false,true,false,false,60.,52.,66.,58.,8.74152166743
0.810162490013,Voter,15,5,26.,1,false,true,false,false,60.,52.,66.,58.,8.74152175071
0.810162490013,Voter,15,5,31.,1,false,true,false,false,60.,52.,66.,58.,8.74152175154
0.810162490013,Voter,15,5,36.,1,false,true,false,false,60.,52.,66.,58.,8.74152175155
0.810162490013,Voter,15,5,41.,1,false,true,false,false,60.,52.,66.,58.,8.74152175155
0.810162490013,Voter,15,5,46.,1,false,true,false,false,60.,52.,66.,58.,8.74152175155
0.810162490013,Voter,15,5,51.,1,false,true,false,false,60.,52.,66.,58.,8.74152175155
1.28453102346,Sample,15,5,1.,1,false,true,false,false,12.,12.,32.,28.,0.
1.28453102346,Sample,15,5,6.,1,false,true,false,false,42.,38.,22.,22.,11.0470120883
1.28453102346,Sample,15,5,11.,1,false,true,false,false,46.,42.,26.,26.,11.4771358945
1.28453102346,Sample,15,5,16.,1,false,true,false,false,46.,42.,26.,26.,11.4938830916
1.28453102346,Sample,15,5,21.,1,false,true,false,false,46.,42.,26.,26.,11.4945351564
1.28453102346,Sample,15,5,26.,1,false,true,false,false,46.,42.,26.,26.,11.4945605451
1.28453102346,Sample,15,5,31.,1,false,true,false,false,46.,42.,26.,26.,11.4945615336
1.28453102346,Sample,15,5,36.,1,false,true,false,false,46.,42.,26.,26.,11.4945615721
1.28453102346,Sample,15,5,41.,1,false,true,false,false,46.,42.,26.,26.,11.4945615736
1.28453102346,Sample,15,5,46.,1,false,true,false,false,46.,42.,26.,26.,11.4945615737
1.28453102346,Sample,15,5,51.,1,false,true,false,false,46.,42.,26.,26.,11.4945615737
1.12441462275,Voter,15,6,1.,1,false,true,false,false,60.,52.,112.,94.,0.
1.12441462275,Voter,15,6,6.,1,false,true,false,false,112.,90.,120.,92.,10.4111190503
1.12441462275,Voter,15,6,11.,1,false,true,false,false,110.,90.,122.,94.,10.6948227699
1.12441462275,Voter,15,6,16.,1,false,true,false,false,110.,90.,122.,94.,10.7025537161
1.12441462275,Voter,15,6,21.,1,false,true,false,false,110.,90.,122.,94.,10.7027643849
1.12441462275,Voter,15,6,26.,1,false,true,false,false,110.,90.,122.,94.,10.7027701256
1.12441462275,Voter,15,6,31.,1,false,true,false,false,110.,90.,122.,94.,10.7027702821
1.12441462275,Voter,15,6,36.,1,false,true,false,false,110.,90.,122.,94.,10.7027702863
1.12441462275,Voter,15,6,41.,1,false,true,false,false,110.,90.,122.,94.,10.7027702864
1.12441462275,Voter,15,6,46.,1,false,true,false,false,110.,90.,122.,94.,10.7027702864
1.12441462275,Voter,15,6,51.,1,false,true,false,false,110.,90.,122.,94.,10.7027702864
1.0985348956,Voter,15,5,1.,1,false,true,false,false,34.,32.,62.,52.,0.
1.0985348956,Voter,15,5,6.,1,false,true,false,false,62.,52.,66.,54.,10.2938488361
1.0985348956,Voter,15,5,11.,1,false,true,false,false,62.,52.,66.,54.,10.5565688841
1.0985348956,Voter,15,5,16.,1,false,true,false,false,62.,52.,66.,54.,10.5632740364
1.0985348956,Voter,15,5,21.,1,false,true,false,false,62.,52.,66.,54.,10.5634451656
1.0985348956,Voter,15,5,26.,1,false,true,false,false,62.,52.,66.,54.,10.5634495331
1.0985348956,Voter,15,5,31.,1,false,true,false,false,62.,52.,66.,54.,10.5634496446
1.0985348956,Voter,15,5,36.,1,false,true,false,false,62.,52.,66.,54.,10.5634496474
1.0985348956,Voter,15,5,41.,1,false,true,false,false,62.,52.,66.,54.,10.5634496475
1.0985348956,Voter,15,5,46.,1,false,true,false,false,62.,52.,66.,54.,10.5634496475
1.0985348956,Voter,15,5,51.,1,false,true,false,false,62.,52.,66.,54.,10.5634496475
1.0359773595,Sample,15,3,1.,1,false,true,false,false,2.,2.,14.,14.,0.
1.0359773595,Sample,15,3,6.,1,false,true,false,false,12.,12.,8.,8.,9.99197801069
1.0359773595,Sample,15,3,11.,1,false,true,false,false,12.,12.,8.,8.,10.2073070766
1.0359773595,Sample,15,3,16.,1,false,true,false,false,12.,12.,8.,8.,10.2119474598
1.0359773595,Sample,15,3,21.,1,false,true,false,false,12.,12.,8.,8.,10.212047461
1.0359773595,Sample,15,3,26.,1,false,true,false,false,12.,12.,8.,8.,10.212049616
1.0359773595,Sample,15,3,31.,1,false,true,false,false,12.,12.,8.,8.,10.2120496625
1.0359773595,Sample,15,3,36.,1,false,true,false,false,12.,12.,8.,8.,10.2120496635
1.0359773595,Sample,15,3,41.,1,false,true,false,false,12.,12.,8.,8.,10.2120496635
1.0359773595,Sample,15,3,46.,1,false,true,false,false,12.,12.,8.,8.,10.2120496635
1.0359773595,Sample,15,3,51.,1,false,true,false,false,12.,12.,8.,8.,10.2120496635
1.02793549612,Voter,15,3,1.,1,false,true,false,false,12.,12.,18.,16.,0.
1.02793549612,Voter,15,3,6.,1,false,true,false,false,20.,18.,10.,10.,9.95120791243
1.02793549612,Voter,15,3,11.,1,false,true,false,false,20.,18.,10.,10.,10.1607948742
1.02793549612,Voter,15,3,16.,1,false,true,false,false,20.,18.,10.,10.,10.1652090815
1.02793549612,Voter,15,3,21.,1,false,true,false,false,20.,18.,10.,10.,10.1653020512
1.02793549612,Voter,15,3,26.,1,false,true,false,false,20.,18.,10.,10.,10.1653040093
1.02793549612,Voter,15,3,31.,1,false,true,false,false,20.,18.,10.,10.,10.1653040505
1.02793549612,Voter,15,3,36.,1,false,true,false,false,20.,18.,10.,10.,10.1653040514
1.02793549612,Voter,15,3,41.,1,false,true,false,false,20.,18.,10.,10.,10.1653040514
1.02793549612,Voter,15,3,46.,1,false,true,false,false,20.,18.,10.,10.,10.1653040514
1.02793549612,Voter,15,3,51.,1,false,true,false,false,20.,18.,10.,10.,10.1653040514
0.821794517619,Voter,15,7,1.,1,false,true,false,false,100.,86.,122.,100.,0.
0.821794517619,Voter,15,7,6.,1,false,true,false,false,126.,100.,124.,98.,8.73444391409
0.821794517619,Voter,15,7,11.,1,false,true,false,false,126.,100.,124.,98.,8.82522279378
0.821794517619,Voter,15,7,16.,1,false,true,false,false,126.,100.,124.,98.,8.82616627743
0.821794517619,Voter,15,7,21.,1,false,true,false,false,126.,100.,124.,98.,8.82617608325
0.821794517619,Voter,15,7,26.,1,false,true,false,false,126.,100.,124.,98.,8.82617618517
0.821794517619,Voter,15,7,31.,1,false,true,false,false,126.,100.,124.,98.,8.82617618622
0.821794517619,Voter,15,7,36.,1,false,true,false,false,126.,100.,124.,98.,8.82617618624
0.821794517619,Voter,15,7,41.,1,false,true,false,false,126.,100.,124.,98.,8.82617618624
0.821794517619,Voter,15,7,46.,1,false,true,false,false,126.,100.,124.,98.,8.82617618624
0.821794517619,Voter,15,7,51.,1,false,true,false,false,126.,100.,124.,98.,8.82617618624
1.03403888608,Sample,15,5,1.,1,false,true,false,false,22.,22.,62.,58.,0.
1.03403888608,Sample,15,5,6.,1,false,true,false,false,56.,54.,76.,68.,9.98219249009
1.03403888608,Sample,15,5,11.,1,false,true,false,false,70.,64.,78.,70.,10.1961300359
1.03403888608,Sample,15,5,16.,1,false,true,false,false,70.,64.,78.,70.,10.2007151282
1.03403888608,Sample,15,5,21.,1,false,true,false,false,70.,64.,78.,70.,10.2008133955
1.03403888608,Sample,15,5,26.,1,false,true,false,false,70.,64.,78.,70.,10.2008155016
1.03403888608,Sample,15,5,31.,1,false,true,false,false,70.,64.,78.,70.,10.2008155467
1.03403888608,Sample,15,5,36.,1,false,true,false,false,70.,64.,78.,70.,10.2008155477
1.03403888608,Sample,15,5,41.,1,false,true,false,false,70.,64.,78.,70.,10.2008155477
1.03403888608,Sample,15,5,46.,1,false,true,false,false,70.,64.,78.,70.,10.2008155477
1.03403888608,Sample,15,5,51.,1,false,true,false,false,70.,64.,78.,70.,10.2008155477
1.09794350825,Voter,15,5,1.,1,false,true,false,false,36.,32.,50.,46.,0.
1.09794350825,Voter,15,5,6.,1,false,true,false,false,64.,52.,50.,48.,10.2911182947
1.09794350825,Voter,15,5,11.,1,false,true,false,false,64.,52.,50.,48.,10.5533681095
1.09794350825,Voter,15,5,16.,1,false,true,false,false,64.,52.,50.,48.,10.5600510534
1.09794350825,Voter,15,5,21.,1,false,true,false,false,64.,52.,50.,48.,10.5602213556
1.09794350825,Voter,15,5,26.,1,false,true,false,false,64.,52.,50.,48.,10.5602256955
1.09794350825,Voter,15,5,31.,1,false,true,false,false,64.,52.,50.,48.,10.5602258061
1.09794350825,Voter,15,5,36.,1,false,true,false,false,64.,52.,50.,48.,10.5602258089
1.09794350825,Voter,15,5,41.,1,false,true,false,false,64.,52.,50.,48.,10.5602258089
1.09794350825,Voter,15,5,46.,1,false,true,false,false,64.,52.,50.,48.,10.5602258089
1.09794350825,Voter,15,5,51.,1,false,true,false,false,64.,52.,50.,48.,10.5602258089
1.23328118887,Voter,15,7,1.,1,false,true,false,false,36.,34.,72.,60.,0.
1.23328118887,Voter,15,7,6.,1,false,true,false,false,80.,68.,44.,36.,10.8593792316
1.23328118887,Voter,15,7,11.,1,false,true,false,false,80.,68.,44.,36.,11.2396788556
1.23328118887,Voter,15,7,16.,1,false,true,false,false,80.,68.,44.,36.,11.2529970942
1.23328118887,Voter,15,7,21.,1,false,true,false,false,80.,68.,44.,36.,11.2534635041
1.23328118887,Voter,15,7,26.,1,false,true,false,false,80.,68.,44.,36.,11.2534798379
1.23328118887,Voter,15,7,31.,1,false,true,false,false,80.,68.,44.,36.,11.2534804099
1.23328118887,Voter,15,7,36.,1,false,true,false,false,80.,68.,44.,36.,11.25348043
1.23328118887,Voter,15,7,41.,1,false,true,false,false,80.,68.,44.,36.,11.2534804307
1.23328118887,Voter,15,7,46.,1,false,true,false,false,80.,68.,44.,36.,11.2534804307
1.23328118887,Voter,15,7,51.,1,false,true,false,false,80.,68.,44.,36.,11.2534804307
1.18351391475,Voter,15,3,1.,1,false,true,false,false,6.,6.,10.,10.,0.
1.18351391475,Voter,15,3,6.,1,false,true,false,false,12.,10.,8.,8.,10.663187815
1.18351391475,Voter,15,3,11.,1,false,true,false,false,12.,10.,8.,8.,10.997708369
1.18351391475,Voter,15,3,16.,1,false,true,false,false,12.,10.,8.,8.,11.0082027917
1.18351391475,Voter,15,3,21.,1,false,true,false,false,12.,10.,8.,8.,11.0085320179
1.18351391475,Voter,15,3,26.,1,false,true,false,false,12.,10.,8.,8.,11.0085423462
1.18351391475,Voter,15,3,31.,1,false,true,false,false,12.,10.,8.,8.,11.0085426702
1.18351391475,Voter,15,3,36.,1,false,true,false,false,12.,10.,8.,8.,11.0085426804
1.18351391475,Voter,15,3,41.,1,false,true,false,false,12.,10.,8.,8.,11.0085426807
1.18351391475,Voter,15,3,46.,1,false,true,false,false,12.,10.,8.,8.,11.0085426807
1.18351391475,Voter,15,3,51.,1,false,true,false,false,12.,10.,8.,8.,11.0085426807
1.11718291698,Voter,15,6,1.,1,false,true,false,false,72.,58.,120.,88.,0.
1.11718291698,Voter,15,6,6.,1,false,true,false,false,104.,80.,104.,82.,10.3787834558
1.11718291698,Voter,15,6,11.,1,false,true,false,false,108.,82.,104.,82.,10.6565441632
1.11718291698,Voter,15,6,16.,1,false,true,false,false,108.,82.,104.,82.,10.6639776944
1.11718291698,Voter,15,6,21.,1,false,true,false,false,108.,82.,104.,82.,10.6641766332
1.11718291698,Voter,15,6,26.,1,false,true,false,false,108.,82.,104.,82.,10.6641819573
1.11718291698,Voter,15,6,31.,1,false,true,false,false,108.,82.,104.,82.,10.6641820998
1.11718291698,Voter,15,6,36.,1,false,true,false,false,108.,82.,104.,82.,10.6641821036
1.11718291698,Voter,15,6,41.,1,false,true,false,false,108.,82.,104.,82.,10.6641821037
1.11718291698,Voter,15,6,46.,1,false,true,false,false,108.,82.,104.,82.,10.6641821037
1.11718291698,Voter,15,6,51.,1,false,true,false,false,108.,82.,104.,82.,10.6641821037
1.1363239381,Sample,15,4,1.,1,false,true,false,false,6.,6.,24.,22.,0.
1.1363239381,Sample,15,4,6.,1,false,true,false,false,28.,26.,14.,14.,10.4636477882
1.1363239381,Sample,15,4,11.,1,false,true,false,false,28.,26.,14.,14.,10.7572713461
1.1363239381,Sample,15,4,16.,1,false,true,false,false,28.,26.,14.,14.,10.7655108048
1.1363239381,Sample,15,4,21.,1,false,true,false,false,28.,26.,14.,14.,10.7657420147
1.1363239381,Sample,15,4,26.,1,false,true,false,false,28.,26.,14.,14.,10.7657485028
1.1363239381,Sample,15,4,31.,1,false,true,false,false,28.,26.,14.,14.,10.7657486848
1.1363239381,Sample,15,4,36.,1,false,true,false,false,28.,26.,14.,14.,10.7657486899
1.1363239381,Sample,15,4,41.,1,false,true,false,false,28.,26.,14.,14.,10.7657486901
1.1363239381,Sample,15,4,46.,1,false,true,false,false,28.,26.,14.,14.,10.7657486901
1.1363239381,Sample,15,4,51.,1,false,true,false,false,28.,26.,14.,14.,10.7657486901
0.916049828836,Sample,15,5,1.,1,false,true,false,false,12.,12.,46.,46.,0.
0.916049828836,Sample,15,5,6.,1,false,true,false,false,60.,54.,50.,50.,9.33389987062
0.916049828836,Sample,15,5,11.,1,false,true,false,false,60.,54.,50.,50.,9.47215119096
0.916049828836,Sample,15,5,16.,1,false,true,false,false,60.,54.,50.,50.,9.4741989339
0.916049828836,Sample,15,5,21.,1,false,true,false,false,60.,54.,50.,50.,9.47422926454
0.916049828836,Sample,15,5,26.,1,false,true,false,false,60.,54.,50.,50.,9.47422971379
0.916049828836,Sample,15,5,31.,1,false,true,false,false,60.,54.,50.,50.,9.47422972044
0.916049828836,Sample,15,5,36.,1,false,true,false,false,60.,54.,50.,50.,9.47422972054
0.916049828836,Sample,15,5,41.,1,false,true,false,false,60.,54.,50.,50.,9.47422972054
0.916049828836,Sample,15,5,46.,1,false,true,false,false,60.,54.,50.,50.,9.47422972054
0.916049828836,Sample,15,5,51.,1,false,true,false,false,60.,54.,50.,50.,9.47422972054
1.3030793082,Sample,15,3,1.,1,false,true,false,false,2.,2.,8.,8.,0.
1.3030793082,Sample,15,3,6.,1,false,true,false,false,8.,8.,2.,2.,11.1114867635
1.3030793082,Sample,15,3,11.,1,false,true,false,false,12.,12.,2.,2.,11.5602794307
1.3030793082,Sample,15,3,16.,1,false,true,false,false,12.,12.,2.,2.,11.5784061551
1.3030793082,Sample,15,3,21.,1,false,true,false,false,12.,12.,2.,2.,11.579138293
1.3030793082,Sample,15,3,26.,1,false,true,false,false,12.,12.,2.,2.,11.5791678641
1.3030793082,Sample,15,3,31.,1,false,true,false,false,12.,12.,2.,2.,11.5791690584
1.3030793082,Sample,15,3,36.,1,false,true,false,false,12.,12.,2.,2.,11.5791691067
1.3030793082,Sample,15,3,41.,1,false,true,false,false,12.,12.,2.,2.,11.5791691086
1.3030793082,Sample,15,3,46.,1,false,true,false,false,12.,12.,2.,2.,11.5791691087
1.3030793082,Sample,15,3,51.,1,false,true,false,false,12.,12.,2.,2.,11.5791691087
1.31745509909,Sample,15,4,1.,1,false,true,false,false,6.,6.,24.,22.,0.
1.31745509909,Sample,15,4,6.,1,false,true,false,false,30.,28.,20.,20.,11.1602440552
1.31745509909,Sample,15,4,11.,1,false,true,false,false,32.,30.,18.,18.,11.6237296779
1.31745509909,Sample,15,4,16.,1,false,true,false,false,32.,30.,18.,18.,11.6429782644
1.31745509909,Sample,15,4,21.,1,false,true,false,false,32.,30.,18.,18.,11.6437776594
1.31745509909,Sample,15,4,26.,1,false,true,false,false,32.,30.,18.,18.,11.6438108583
1.31745509909,Sample,15,4,31.,1,false,true,false,false,32.,30.,18.,18.,11.643812237
1.31745509909,Sample,15,4,36.,1,false,true,false,false,32.,30.,18.,18.,11.6438122943
1.31745509909,Sample,15,4,41.,1,false,true,false,false,32.,30.,18.,18.,11.6438122967
1.31745509909,Sample,15,4,46.,1,false,true,false,false,32.,30.,18.,18.,11.6438122968
1.31745509909,Sample,15,4,51.,1,false,true,false,false,32.,30.,18.,18.,11.6438122968
1.1566700874,Sample,15,3,1.,1,false,true,false,false,0.,0.,12.,12.,0.
1.1566700874,Sample,15,3,6.,1,false,true,false,false,12.,12.,8.,8.,10.5513429854
1.1566700874,Sample,15,3,11.,1,false,true,false,false,12.,12.,8.,8.,10.8622913511
1.1566700874,Sample,15,3,16.,1,false,true,false,false,12.,12.,8.,8.,10.8714550079
1.1566700874,Sample,15,3,21.,1,false,true,false,false,12.,12.,8.,8.,10.8717250611
1.1566700874,Sample,15,3,26.,1,false,true,false,false,12.,12.,8.,8.,10.8717330196
1.1566700874,Sample,15,3,31.,1,false,true,false,false,12.,12.,8.,8.,10.8717332542
1.1566700874,Sample,15,3,36.,1,false,true,false,false,12.,12.,8.,8.,10.8717332611
1.1566700874,Sample,15,3,41.,1,false,true,false,false,12.,12.,8.,8.,10.8717332613
1.1566700874,Sample,15,3,46.,1,false,true,false,false,12.,12.,8.,8.,10.8717332613
1.1566700874,Sample,15,3,51.,1,false,true,false,false,12.,12.,8.,8.,10.8717332613
1.0253375394,Voter,15,4,1.,1,false,true,false,false,14.,14.,22.,22.,0.
1.0253375394,Voter,15,4,6.,1,false,true,false,false,24.,22.,12.,12.,9.93793843661
1.0253375394,Voter,15,4,11.,1,false,true,false,false,24.,22.,12.,12.,10.1456877036
1.0253375394,Voter,15,4,16.,1,false,true,false,false,24.,22.,12.,12.,10.1500306323
1.0253375394,Voter,15,4,21.,1,false,true,false,false,24.,22.,12.,12.,10.1501214197
1.0253375394,Voter,15,4,26.,1,false,true,false,false,24.,22.,12.,12.,10.1501233176
1.0253375394,Voter,15,4,31.,1,false,true,false,false,24.,22.,12.,12.,10.1501233573
1.0253375394,Voter,15,4,36.,1,false,true,false,false,24.,22.,12.,12.,10.1501233581
1.0253375394,Voter,15,4,41.,1,false,true,false,false,24.,22.,12.,12.,10.1501233581
1.0253375394,Voter,15,4,46.,1,false,true,false,false,24.,22.,12.,12.,10.1501233581
1.0253375394,Voter,15,4,51.,1,false,true,false,false,24.,22.,12.,12.,10.1501233581
1.2410003327,Voter,15,6,1.,1,false,true,false,false,22.,22.,64.,54.,0.
1.2410003327,Voter,15,6,6.,1,false,true,false,false,80.,60.,82.,62.,10.8885534766
1.2410003327,Voter,15,6,11.,1,false,true,false,false,80.,60.,82.,62.,11.2761876566
1.2410003327,Voter,15,6,16.,1,false,true,false,false,80.,60.,82.,62.,11.2899874931
1.2410003327,Voter,15,6,21.,1,false,true,false,false,80.,60.,82.,62.,11.2904787694
1.2410003327,Voter,15,6,26.,1,false,true,false,false,80.,60.,82.,62.,11.2904962589
1.2410003327,Voter,15,6,31.,1,false,true,false,false,80.,60.,82.,62.,11.2904968815
1.2410003327,Voter,15,6,36.,1,false,true,false,false,80.,60.,82.,62.,11.2904969037
1.2410003327,Voter,15,6,41.,1,false,true,false,false,80.,60.,82.,62.,11.2904969045
1.2410003327,Voter,15,6,46.,1,false,true,false,false,80.,60.,82.,62.,11.2904969045
1.2410003327,Voter,15,6,51.,1,false,true,false,false,80.,60.,82.,62.,11.2904969045
1.12919445097,Sample,15,4,1.,1,false,true,false,false,2.,2.,14.,12.,0.
1.12919445097,Sample,15,4,6.,1,false,true,false,false,12.,12.,0.,0.,10.4323089989
1.12919445097,Sample,15,4,11.,1,false,true,false,false,12.,12.,0.,0.,10.7199742912
1.12919445097,Sample,15,4,16.,1,false,true,false,false,12.,12.,0.,0.,10.7279065065
1.12919445097,Sample,15,4,21.,1,false,true,false,false,12.,12.,0.,0.,10.728125233
1.12919445097,Sample,15,4,26.,1,false,true,false,false,12.,12.,0.,0.,10.7281312643
1.12919445097,Sample,15,4,31.,1,false,true,false,false,12.,12.,0.,0.,10.7281314306
1.12919445097,Sample,15,4,36.,1,false,true,false,false,12.,12.,0.,0.,10.7281314352
1.12919445097,Sample,15,4,41.,1,false,true,false,false,12.,12.,0.,0.,10.7281314353
1.12919445097,Sample,15,4,46.,1,false,true,false,false,12.,12.,0.,0.,10.7281314353
1.12919445097,Sample,15,4,51.,1,false,true,false,false,12.,12.,0.,0.,10.7281314353
1.08767963304,Sample,15,7,1.,1,false,true,false,false,30.,28.,84.,74.,0.
1.08767963304,Sample,15,7,6.,1,false,true,false,false,126.,96.,88.,76.,10.2433614748
1.08767963304,Sample,15,7,11.,1,false,true,false,false,126.,96.,88.,76.,10.4975167921
1.08767963304,Sample,15,7,16.,1,false,true,false,false,126.,96.,88.,76.,10.5038228202
1.08767963304,Sample,15,7,21.,1,false,true,false,false,126.,96.,88.,76.,10.5039792835
1.08767963304,Sample,15,7,26.,1,false,true,false,false,126.,96.,88.,76.,10.5039831656
1.08767963304,Sample,15,7,31.,1,false,true,false,false,126.,96.,88.,76.,10.503983262
1.08767963304,Sample,15,7,36.,1,false,true,false,false,126.,96.,88.,76.,10.5039832644
1.08767963304,Sample,15,7,41.,1,false,true,false,false,126.,96.,88.,76.,10.5039832644
1.08767963304,Sample,15,7,46.,1,false,true,false,false,126.,96.,88.,76.,10.5039832644
1.08767963304,Sample,15,7,51.,1,false,true,false,false,126.,96.,88.,76.,10.5039832644
0.925081510914,Sample,15,3,1.,1,false,true,false,false,2.,2.,12.,12.,0.
0.925081510914,Sample,15,3,6.,1,false,true,false,false,14.,12.,16.,16.,9.38736138474
0.925081510914,Sample,15,3,11.,1,false,true,false,false,14.,12.,16.,16.,9.53077059907
0.925081510914,Sample,15,3,16.,1,false,true,false,false,14.,12.,16.,16.,9.53296143864
0.925081510914,Sample,15,3,21.,1,false,true,false,false,14.,12.,16.,16.,9.53299490775
0.925081510914,Sample,15,3,26.,1,false,true,false,false,14.,12.,16.,16.,9.53299541905
0.925081510914,Sample,15,3,31.,1,false,true,false,false,14.,12.,16.,16.,9.53299542686
0.925081510914,Sample,15,3,36.,1,false,true,false,false,14.,12.,16.,16.,9.53299542698
0.925081510914,Sample,15,3,41.,1,false,true,false,false,14.,12.,16.,16.,9.53299542698
0.925081510914,Sample,15,3,46.,1,false,true,false,false,14.,12.,16.,16.,9.53299542698
0.925081510914,Sample,15,3,51.,1,false,true,false,false,14.,12.,16.,16.,9.53299542698
1.10417993179,Sample,15,5,1.,1,false,true,false,false,16.,16.,72.,56.,0.
1.10417993179,Sample,15,5,6.,1,false,true,false,false,76.,64.,84.,70.,10.3197978988
1.10417993179,Sample,15,5,11.,1,false,true,false,false,82.,68.,82.,70.,10.5870274892
1.10417993179,Sample,15,5,16.,1,false,true,false,false,82.,68.,82.,70.,10.5939473586
1.10417993179,Sample,15,5,21.,1,false,true,false,false,82.,68.,82.,70.,10.5941265476
1.10417993179,Sample,15,5,26.,1,false,true,false,false,82.,68.,82.,70.,10.5941311877
1.10417993179,Sample,15,5,31.,1,false,true,false,false,82.,68.,82.,70.,10.5941313078
1.10417993179,Sample,15,5,36.,1,false,true,false,false,82.,68.,82.,70.,10.5941313109
1.10417993179,Sample,15,5,41.,1,false,true,false,false,82.,68.,82.,70.,10.594131311
1.10417993179,Sample,15,5,46.,1,false,true,false,false,82.,68.,82.,70.,10.594131311
1.10417993179,Sample,15,5,51.,1,false,true,false,false,82.,68.,82.,70.,10.594131311
1.36667153654,Voter,15,6,1.,1,false,true,false,false,24.,24.,48.,46.,0.
1.36667153654,Voter,15,6,6.,1,false,true,false,false,78.,60.,54.,52.,11.3193997132
1.36667153654,Voter,15,6,11.,1,false,true,false,false,80.,60.,56.,54.,11.8346076286
1.36667153654,Voter,15,6,16.,1,false,true,false,false,82.,62.,58.,54.,11.8580575643
1.36667153654,Voter,15,6,21.,1,false,true,false,false,82.,62.,58.,54.,11.8591248994
1.36667153654,Voter,15,6,26.,1,false,true,false,false,82.,62.,58.,54.,11.8591734797
1.36667153654,Voter,15,6,31.,1,false,true,false,false,82.,62.,58.,54.,11.8591756908
1.36667153654,Voter,15,6,36.,1,false,true,false,false,82.,62.,58.,54.,11.8591757915
1.36667153654,Voter,15,6,41.,1,false,true,false,false,82.,62.,58.,54.,11.8591757961
1.36667153654,Voter,15,6,46.,1,false,true,false,false,82.,62.,58.,54.,11.8591757963
1.36667153654,Voter,15,6,51.,1,false,true,false,false,82.,62.,58.,54.,11.8591757963
1.1200514655,Sample,15,5,1.,1,false,true,false,false,40.,38.,76.,60.,0.
1.1200514655,Sample,15,5,6.,1,false,true,false,false,116.,92.,128.,104.,10.3916496946
1.1200514655,Sample,15,5,11.,1,false,true,false,false,122.,96.,122.,100.,10.671760448
1.1200514655,Sample,15,5,16.,1,false,true,false,false,122.,96.,122.,100.,10.6793109367
1.1200514655,Sample,15,5,21.,1,false,true,false,false,122.,96.,122.,100.,10.6795144629
1.1200514655,Sample,15,5,26.,1,false,true,false,false,122.,96.,122.,100.,10.679519949
1.1200514655,Sample,15,5,31.,1,false,true,false,false,122.,96.,122.,100.,10.6795200969
1.1200514655,Sample,15,5,36.,1,false,true,false,false,122.,96.,122.,100.,10.6795201009
1.1200514655,Sample,15,5,41.,1,false,true,false,false,122.,96.,122.,100.,10.679520101
1.1200514655,Sample,15,5,46.,1,false,true,false,false,122.,96.,122.,100.,10.679520101
1.1200514655,Sample,15,5,51.,1,false,true,false,false,122.,96.,122.,100.,10.679520101
1.34130421809,Sample,15,6,1.,1,false,true,false,false,22.,22.,54.,52.,0.
1.34130421809,Sample,15,6,6.,1,false,true,false,false,96.,78.,88.,80.,11.2388459743
1.34130421809,Sample,15,6,11.,1,false,true,false,false,110.,86.,90.,82.,11.7271258714
1.34130421809,Sample,15,6,16.,1,false,true,false,false,110.,86.,90.,82.,11.7483395492
1.34130421809,Sample,15,6,21.,1,false,true,false,false,110.,86.,90.,82.,11.749261193
1.34130421809,Sample,15,6,26.,1,false,true,false,false,110.,86.,90.,82.,11.7493012345
1.34130421809,Sample,15,6,31.,1,false,true,false,false,110.,86.,90.,82.,11.7493029741
1.34130421809,Sample,15,6,36.,1,false,true,false,false,110.,86.,90.,82.,11.7493030497
1.34130421809,Sample,15,6,41.,1,false,true,false,false,110.,86.,90.,82.,11.749303053
1.34130421809,Sample,15,6,46.,1,false,true,false,false,110.,86.,90.,82.,11.7493030531
1.34130421809,Sample,15,6,51.,1,false,true,false,false,110.,86.,90.,82.,11.7493030532
0.843238966657,Sample,15,7,1.,1,false,true,false,false,42.,40.,104.,90.,0.
0.843238966657,Sample,15,7,6.,1,false,true,false,false,230.,166.,236.,170.,8.87772747689
0.843238966657,Sample,15,7,11.,1,false,true,false,false,232.,168.,234.,168.,8.97828976271
0.843238966657,Sample,15,7,16.,1,false,true,false,false,232.,168.,234.,168.,8.97942888005
0.843238966657,Sample,15,7,21.,1,false,true,false,false,232.,168.,234.,168.,8.97944178338
0.843238966657,Sample,15,7,26.,1,false,true,false,false,232.,168.,234.,168.,8.97944192954
0.843238966657,Sample,15,7,31.,1,false,true,false,false,232.,168.,234.,168.,8.9794419312
0.843238966657,Sample,15,7,36.,1,false,true,false,false,232.,168.,234.,168.,8.97944193122
0.843238966657,Sample,15,7,41.,1,false,true,false,false,232.,168.,234.,168.,8.97944193122
0.843238966657,Sample,15,7,46.,1,false,true,false,false,232.,168.,234.,168.,8.97944193122
0.843238966657,Sample,15,7,51.,1,false,true,false,false,232.,168.,234.,168.,8.97944193122
0.808540751111,Sample,15,3,1.,1,false,true,false,false,2.,2.,10.,10.,0.
0.808540751111,Sample,15,3,6.,1,false,true,false,false,16.,14.,8.,8.,8.64375857872
0.808540751111,Sample,15,3,11.,1,false,true,false,false,16.,14.,8.,8.,8.72878797314
0.808540751111,Sample,15,3,16.,1,false,true,false,false,16.,14.,8.,8.,8.72962441458
0.808540751111,Sample,15,3,21.,1,false,true,false,false,16.,14.,8.,8.,8.72963264273
0.808540751111,Sample,15,3,26.,1,false,true,false,false,16.,14.,8.,8.,8.72963272367
0.808540751111,Sample,15,3,31.,1,false,true,false,false,16.,14.,8.,8.,8.72963272447
0.808540751111,Sample,15,3,36.,1,false,true,false,false,16.,14.,8.,8.,8.72963272447
0.808540751111,Sample,15,3,41.,1,false,true,false,false,16.,14.,8.,8.,8.72963272447
0.808540751111,Sample,15,3,46.,1,false,true,false,false,16.,14.,8.,8.,8.72963272447
0.808540751111,Sample,15,3,51.,1,false,true,false,false,16.,14.,8.,8.,8.72963272447
0.997982093232,Sample,15,4,1.,1,false,true,false,false,6.,6.,20.,18.,0.
0.997982093232,Sample,15,4,6.,1,false,true,false,false,24.,24.,14.,14.,9.79524915457
0.997982093232,Sample,15,4,11.,1,false,true,false,false,28.,26.,14.,14.,9.98416515151
0.997982093232,Sample,15,4,16.,1,false,true,false,false,28.,26.,14.,14.,9.98780867842
0.997982093232,Sample,15,4,21.,1,false,true,false,false,28.,26.,14.,14.,9.98787894928
0.997982093232,Sample,15,4,26.,1,false,true,false,false,28.,26.,14.,14.,9.98788030456
0.997982093232,Sample,15,4,31.,1,false,true,false,false,28.,26.,14.,14.,9.9878803307
0.997982093232,Sample,15,4,36.,1,false,true,false,false,28.,26.,14.,14.,9.9878803312
0.997982093232,Sample,15,4,41.,1,false,true,false,false,28.,26.,14.,14.,9.98788033121
0.997982093232,Sample,15,4,46.,1,false,true,false,false,28.,26.,14.,14.,9.98788033121
0.997982093232,Sample,15,4,51.,1,false,true,false,false,28.,26.,14.,14.,9.98788033121
0.962638731722,Sample,15,6,1.,1,false,true,false,false,18.,18.,58.,56.,0.
0.962638731722,Sample,15,6,6.,1,false,true,false,false,200.,152.,208.,172.,9.60264885536
0.962638731722,Sample,15,6,11.,1,false,true,false,false,222.,166.,206.,166.,9.76864510971
0.962638731722,Sample,15,6,16.,1,false,true,false,false,224.,168.,208.,168.,9.77151460508
0.962638731722,Sample,15,6,21.,1,false,true,false,false,224.,168.,208.,168.,9.77156420863
0.962638731722,Sample,15,6,26.,1,false,true,false,false,224.,168.,208.,168.,9.7715650661
0.962638731722,Sample,15,6,31.,1,false,true,false,false,224.,168.,208.,168.,9.77156508093
0.962638731722,Sample,15,6,36.,1,false,true,false,false,224.,168.,208.,168.,9.77156508118
0.962638731722,Sample,15,6,41.,1,false,true,false,false,224.,168.,208.,168.,9.77156508119
0.962638731722,Sample,15,6,46.,1,false,true,false,false,224.,168.,208.,168.,9.77156508119
0.962638731722,Sample,15,6,51.,1,false,true,false,false,224.,168.,208.,168.,9.77156508119
0.804208386748,Sample,15,6,1.,1,false,true,false,false,16.,16.,48.,38.,0.
0.804208386748,Sample,15,6,6.,1,false,true,false,false,50.,46.,26.,26.,8.61375674719
0.804208386748,Sample,15,6,11.,1,false,true,false,false,52.,48.,24.,24.,8.69695574466
0.804208386748,Sample,15,6,16.,1,false,true,false,false,52.,48.,24.,24.,8.69775935142
0.804208386748,Sample,15,6,21.,1,false,true,false,false,52.,48.,24.,24.,8.69776711334
0.804208386748,Sample,15,6,26.,1,false,true,false,false,52.,48.,24.,24.,8.69776718831
0.804208386748,Sample,15,6,31.,1,false,true,false,false,52.,48.,24.,24.,8.69776718904
0.804208386748,Sample,15,6,36.,1,false,true,false,false,52.,48.,24.,24.,8.69776718904
0.804208386748,Sample,15,6,41.,1,false,true,false,false,52.,48.,24.,24.,8.69776718904
0.804208386748,Sample,15,6,46.,1,false,true,false,false,52.,48.,24.,24.,8.69776718904
0.804208386748,Sample,15,6,51.,1,false,true,false,false,52.,48.,24.,24.,8.69776718904
1.09980315692,Voter,15,7,1.,1,false,true,false,false,42.,36.,94.,80.,0.
1.09980315692,Voter,15,7,6.,1,false,true,false,false,92.,78.,76.,64.,10.2996969024
1.09980315692,Voter,15,7,11.,1,false,true,false,false,94.,80.,74.,62.,10.563426797
1.09980315692,Voter,15,7,16.,1,false,true,false,false,94.,80.,74.,62.,10.5701797586
1.09980315692,Voter,15,7,21.,1,false,true,false,false,94.,80.,74.,62.,10.5703526722
1.09980315692,Voter,15,7,26.,1,false,true,false,false,94.,80.,74.,62.,10.5703570998
1.09980315692,Voter,15,7,31.,1,false,true,false,false,94.,80.,74.,62.,10.5703572132
1.09980315692,Voter,15,7,36.,1,false,true,false,false,94.,80.,74.,62.,10.5703572161
1.09980315692,Voter,15,7,41.,1,false,true,false,false,94.,80.,74.,62.,10.5703572161
1.09980315692,Voter,15,7,46.,1,false,true,false,false,94.,80.,74.,62.,10.5703572161
1.09980315692,Voter,15,7,51.,1,false,true,false,false,94.,80.,74.,62.,10.5703572161
0.989877705307,Voter,15,6,1.,1,false,true,false,false,48.,46.,74.,62.,0.
0.989877705307,Voter,15,6,6.,1,false,true,false,false,74.,60.,60.,52.,9.75191855745
0.989877705307,Voter,15,6,11.,1,false,true,false,false,74.,60.,60.,52.,9.93543745106
0.989877705307,Voter,15,6,16.,1,false,true,false,false,74.,60.,60.,52.,9.93889104679
0.989877705307,Voter,15,6,21.,1,false,true,false,false,74.,60.,60.,52.,9.93895603914
0.989877705307,Voter,15,6,26.,1,false,true,false,false,74.,60.,60.,52.,9.93895726221
0.989877705307,Voter,15,6,31.,1,false,true,false,false,74.,60.,60.,52.,9.93895728523
0.989877705307,Voter,15,6,36.,1,false,true,false,false,74.,60.,60.,52.,9.93895728566
0.989877705307,Voter,15,6,41.,1,false,true,false,false,74.,60.,60.,52.,9.93895728567
0.989877705307,Voter,15,6,46.,1,false,true,false,false,74.,60.,60.,52.,9.93895728567
0.989877705307,Voter,15,6,51.,1,false,true,false,false,74.,60.,60.,52.,9.93895728567
1.12736703216,Voter,15,4,1.,1,false,true,false,false,10.,10.,16.,16.,0.
1.12736703216,Voter,15,4,6.,1,false,true,false,false,24.,20.,6.,6.,10.4242247511
1.12736703216,Voter,15,4,11.,1,false,true,false,false,24.,20.,6.,6.,10.7103723197
1.12736703216,Voter,15,4,16.,1,false,true,false,false,24.,20.,6.,6.,10.7182271418
1.12736703216,Voter,15,4,21.,1,false,true,false,false,24.,20.,6.,6.,10.7184427586
1.12736703216,Voter,15,4,26.,1,false,true,false,false,24.,20.,6.,6.,10.7184486773
1.12736703216,Voter,15,4,31.,1,false,true,false,false,24.,20.,6.,6.,10.7184488398
1.12736703216,Voter,15,4,36.,1,false,true,false,false,24.,20.,6.,6.,10.7184488443
1.12736703216,Voter,15,4,41.,1,false,true,false,false,24.,20.,6.,6.,10.7184488444
1.12736703216,Voter,15,4,46.,1,false,true,false,false,24.,20.,6.,6.,10.7184488444
1.12736703216,Voter,15,4,51.,1,false,true,false,false,24.,20.,6.,6.,10.7184488444
1.07809260726,Voter,15,5,1.,1,false,true,false,false,4.,4.,26.,22.,0.
1.07809260726,Voter,15,5,6.,1,false,true,false,false,32.,28.,14.,14.,10.1981224199
1.07809260726,Voter,15,5,11.,1,false,true,false,false,32.,28.,14.,14.,10.4448315429
1.07809260726,Voter,15,5,16.,1,false,true,false,false,32.,28.,14.,14.,10.4507998367
1.07809260726,Voter,15,5,21.,1,false,true,false,false,32.,28.,14.,14.,10.4509442194
1.07809260726,Voter,15,5,26.,1,false,true,false,false,32.,28.,14.,14.,10.4509477123
1.07809260726,Voter,15,5,31.,1,false,true,false,false,32.,28.,14.,14.,10.4509477968
1.07809260726,Voter,15,5,36.,1,false,true,false,false,32.,28.,14.,14.,10.4509477988
1.07809260726,Voter,15,5,41.,1,false,true,false,false,32.,28.,14.,14.,10.4509477989
1.07809260726,Voter,15,5,46.,1,false,true,false,false,32.,28.,14.,14.,10.4509477989
1.07809260726,Voter,15,5,51.,1,false,true,false,false,32.,28.,14.,14.,10.4509477989
1.20832894429,Sample,15,4,1.,1,false,true,false,false,0.,0.,30.,26.,0.
1.20832894429,Sample,15,4,6.,1,false,true,false,false,32.,30.,30.,30.,10.7627886625
1.20832894429,Sample,15,4,11.,1,false,true,false,false,32.,30.,30.,30.,11.1198048478
1.20832894429,Sample,15,4,16.,1,false,true,false,false,32.,30.,30.,30.,11.1316475552
1.20832894429,Sample,15,4,21.,1,false,true,false,false,32.,30.,30.,30.,11.1320403937
1.20832894429,Sample,15,4,26.,1,false,true,false,false,32.,30.,30.,30.,11.1320534247
1.20832894429,Sample,15,4,31.,1,false,true,false,false,32.,30.,30.,30.,11.1320538569
1.20832894429,Sample,15,4,36.,1,false,true,false,false,32.,30.,30.,30.,11.1320538713
1.20832894429,Sample,15,4,41.,1,false,true,false,false,32.,30.,30.,30.,11.1320538717
1.20832894429,Sample,15,4,46.,1,false,true,false,false,32.,30.,30.,30.,11.1320538718
1.20832894429,Sample,15,4,51.,1,false,true,false,false,32.,30.,30.,30.,11.1320538718
1.26029088402,Sample,15,3,1.,1,false,true,false,false,2.,2.,6.,6.,0.
1.26029088402,Sample,15,3,6.,1,false,true,false,false,10.,10.,6.,6.,10.960031509
1.26029088402,Sample,15,3,11.,1,false,true,false,false,10.,10.,6.,6.,11.3662613042
1.26029088402,Sample,15,3,16.,1,false,true,false,false,10.,10.,6.,6.,11.3813180718
1.26029088402,Sample,15,3,21.,1,false,true,false,false,10.,10.,6.,6.,11.3818761457
1.26029088402,Sample,15,3,26.,1,false,true,false,false,10.,10.,6.,6.,11.3818968305
1.26029088402,Sample,15,3,31.,1,false,true,false,false,10.,10.,6.,6.,11.3818975972
1.26029088402,Sample,15,3,36.,1,false,true,false,false,10.,10.,6.,6.,11.3818976256
1.26029088402,Sample,15,3,41.,1,false,true,false,false,10.,10.,6.,6.,11.3818976266
1.26029088402,Sample,15,3,46.,1,false,true,false,false,10.,10.,6.,6.,11.3818976267
1.26029088402,Sample,15,3,51.,1,false,true,false,false,10.,10.,6.,6.,11.3818976267
0.949056349599,Voter,15,7,1.,1,false,true,false,false,26.,26.,60.,54.,0.
0.949056349599,Voter,15,7,6.,1,false,true,false,false,78.,62.,40.,40.,9.52608067899
0.949056349599,Voter,15,7,11.,1,false,true,false,false,78.,62.,40.,40.,9.68369706901
0.949056349599,Voter,15,7,16.,1,false,true,false,false,78.,62.,40.,40.,9.68630495438
0.949056349599,Voter,15,7,21.,1,false,true,false,false,78.,62.,40.,40.,9.68634810386
0.949056349599,Voter,15,7,26.,1,false,true,false,false,78.,62.,40.,40.,9.6863488178
0.949056349599,Voter,15,7,31.,1,false,true,false,false,78.,62.,40.,40.,9.68634882962
0.949056349599,Voter,15,7,36.,1,false,true,false,false,78.,62.,40.,40.,9.68634882981
0.949056349599,Voter,15,7,41.,1,false,true,false,false,78.,62.,40.,40.,9.68634882982
0.949056349599,Voter,15,7,46.,1,false,true,false,false,78.,62.,40.,40.,9.68634882982
0.949056349599,Voter,15,7,51.,1,false,true,false,false,78.,62.,40.,40.,9.68634882982
1.06531090715,Voter,15,6,1.,1,false,true,false,false,20.,20.,46.,38.,0.
1.06531090715,Voter,15,6,6.,1,false,true,false,false,54.,48.,32.,28.,10.1368468803
1.06531090715,Voter,15,6,11.,1,false,true,false,false,54.,48.,32.,28.,10.3738020113
1.06531090715,Voter,15,6,16.,1,false,true,false,false,54.,48.,32.,28.,10.3793409856
1.06531090715,Voter,15,6,21.,1,false,true,false,false,54.,48.,32.,28.,10.3794704626
1.06531090715,Voter,15,6,26.,1,false,true,false,false,54.,48.,32.,28.,10.3794734892
1.06531090715,Voter,15,6,31.,1,false,true,false,false,54.,48.,32.,28.,10.3794735599
1.06531090715,Voter,15,6,36.,1,false,true,false,false,54.,48.,32.,28.,10.3794735616
1.06531090715,Voter,15,6,41.,1,false,true,false,false,54.,48.,32.,28.,10.3794735616
1.06531090715,Voter,15,6,46.,1,false,true,false,false,54.,48.,32.,28.,10.3794735616
1.06531090715,Voter,15,6,51.,1,false,true,false,false,54.,48.,32.,28.,10.3794735616
1.12026119267,Voter,15,5,1.,1,false,true,false,false,40.,38.,48.,46.,0.
1.12026119267,Voter,15,5,6.,1,false,true,false,false,70.,60.,46.,46.,10.3925883171
1.12026119267,Voter,15,5,11.,1,false,true,false,false,74.,64.,46.,46.,10.6728712669
1.12026119267,Voter,15,5,16.,1,false,true,false,false,74.,64.,46.,46.,10.680430359
1.12026119267,Voter,15,5,21.,1,false,true,false,false,74.,64.,46.,46.,10.6806342239
1.12026119267,Voter,15,5,26.,1,false,true,false,false,74.,64.,46.,46.,10.6806397221
1.12026119267,Voter,15,5,31.,1,false,true,false,false,74.,64.,46.,46.,10.6806398703
1.12026119267,Voter,15,5,36.,1,false,true,false,false,74.,64.,46.,46.,10.6806398743
1.12026119267,Voter,15,5,41.,1,false,true,false,false,74.,64.,46.,46.,10.6806398745
1.12026119267,Voter,15,5,46.,1,false,true,false,false,74.,64.,46.,46.,10.6806398745
1.12026119267,Voter,15,5,51.,1,false,true,false,false,74.,64.,46.,46.,10.6806398745
1.29451473369,Voter,15,7,1.,1,false,true,false,false,36.,34.,86.,72.,0.
1.29451473369,Voter,15,7,6.,1,false,true,false,false,104.,88.,82.,70.,11.081937167
1.29451473369,Voter,15,7,11.,1,false,true,false,false,106.,88.,84.,70.,11.5220687211
1.29451473369,Voter,15,7,16.,1,false,true,false,false,106.,88.,84.,70.,11.5395490391
1.29451473369,Voter,15,7,21.,1,false,true,false,false,106.,88.,84.,70.,11.5402432895
1.29451473369,Voter,15,7,26.,1,false,true,false,false,106.,88.,84.,70.,11.5402708624
1.29451473369,Voter,15,7,31.,1,false,true,false,false,106.,88.,84.,70.,11.5402719575
1.29451473369,Voter,15,7,36.,1,false,true,false,false,106.,88.,84.,70.,11.540272001
1.29451473369,Voter,15,7,41.,1,false,true,false,false,106.,88.,84.,70.,11.5402720027
1.29451473369,Voter,15,7,46.,1,false,true,false,false,106.,88.,84.,70.,11.5402720028
1.29451473369,Voter,15,7,51.,1,false,true,false,false,106.,88.,84.,70.,11.5402720028
1.35474112515,Sample,15,3,1.,1,false,true,false,false,2.,2.,10.,10.,0.
1.35474112515,Sample,15,3,6.,1,false,true,false,false,16.,16.,8.,8.,11.2819008665
1.35474112515,Sample,15,3,11.,1,false,true,false,false,16.,16.,8.,8.,11.7843744465
1.35474112515,Sample,15,3,16.,1,false,true,false,false,16.,16.,8.,8.,11.8067536272
1.35474112515,Sample,15,3,21.,1,false,true,false,false,16.,16.,8.,8.,11.8077503517
1.35474112515,Sample,15,3,26.,1,false,true,false,false,16.,16.,8.,8.,11.8077947439
1.35474112515,Sample,15,3,31.,1,false,true,false,false,16.,16.,8.,8.,11.807796721
1.35474112515,Sample,15,3,36.,1,false,true,false,false,16.,16.,8.,8.,11.807796809
1.35474112515,Sample,15,3,41.,1,false,true,false,false,16.,16.,8.,8.,11.807796813
1.35474112515,Sample,15,3,46.,1,false,true,false,false,16.,16.,8.,8.,11.8077968131
1.35474112515,Sample,15,3,51.,1,false,true,false,false,16.,16.,8.,8.,11.8077968132
0.944968577979,Voter,15,4,1.,1,false,true,false,false,6.,6.,24.,22.,0.
0.944968577979,Voter,15,4,6.,1,false,true,false,false,18.,16.,20.,20.,9.50275298909
0.944968577979,Voter,15,4,11.,1,false,true,false,false,18.,16.,20.,20.,9.65789417241
0.944968577979,Voter,15,4,16.,1,false,true,false,false,18.,16.,20.,20.,9.66042699493
0.944968577979,Voter,15,4,21.,1,false,true,false,false,18.,16.,20.,20.,9.66046834559
0.944968577979,Voter,15,4,26.,1,false,true,false,false,18.,16.,20.,20.,9.66046902067
0.944968577979,Voter,15,4,31.,1,false,true,false,false,18.,16.,20.,20.,9.6604690317
0.944968577979,Voter,15,4,36.,1,false,true,false,false,18.,16.,20.,20.,9.66046903188
0.944968577979,Voter,15,4,41.,1,false,true,false,false,18.,16.,20.,20.,9.66046903188
0.944968577979,Voter,15,4,46.,1,false,true,false,false,18.,16.,20.,20.,9.66046903188
0.944968577979,Voter,15,4,51.,1,false,true,false,false,18.,16.,20.,20.,9.66046903188
1.11275615713,Voter,15,7,1.,1,false,true,false,false,56.,52.,102.,84.,0.
1.11275615713,Voter,15,7,6.,1,false,true,false,false,102.,86.,64.,56.,10.358824733
1.11275615713,Voter,15,7,11.,1,false,true,false,false,104.,86.,66.,56.,10.6329778051
1.11275615713,Voter,15,7,16.,1,false,true,false,false,104.,86.,66.,56.,10.6402334454
1.11275615713,Voter,15,7,21.,1,false,true,false,false,104.,86.,66.,56.,10.6404254707
1.11275615713,Voter,15,7,26.,1,false,true,false,false,104.,86.,66.,56.,10.6404305528
1.11275615713,Voter,15,7,31.,1,false,true,false,false,104.,86.,66.,56.,10.6404306873
1.11275615713,Voter,15,7,36.,1,false,true,false,false,104.,86.,66.,56.,10.6404306908
1.11275615713,Voter,15,7,41.,1,false,true,false,false,104.,86.,66.,56.,10.6404306909
1.11275615713,Voter,15,7,46.,1,false,true,false,false,104.,86.,66.,56.,10.6404306909
1.11275615713,Voter,15,7,51.,1,false,true,false,false,104.,86.,66.,56.,10.6404306909
1.02326435694,Sample,15,5,1.,1,false,true,false,false,6.,6.,36.,32.,0.
1.02326435694,Sample,15,5,6.,1,false,true,false,false,62.,54.,44.,38.,9.92731462804
1.02326435694,Sample,15,5,11.,1,false,true,false,false,62.,54.,44.,38.,10.1336034866
1.02326435694,Sample,15,5,16.,1,false,true,false,false,62.,54.,44.,38.,10.1378901537
1.02326435694,Sample,15,5,21.,1,false,true,false,false,62.,54.,44.,38.,10.1379792303
1.02326435694,Sample,15,5,26.,1,false,true,false,false,62.,54.,44.,38.,10.1379810813
1.02326435694,Sample,15,5,31.,1,false,true,false,false,62.,54.,44.,38.,10.1379811198
1.02326435694,Sample,15,5,36.,1,false,true,false,false,62.,54.,44.,38.,10.1379811206
1.02326435694,Sample,15,5,41.,1,false,true,false,false,62.,54.,44.,38.,10.1379811206
1.02326435694,Sample,15,5,46.,1,false,true,false,false,62.,54.,44.,38.,10.1379811206
1.02326435694,Sample,15,5,51.,1,false,true,false,false,62.,54.,44.,38.,10.1379811206
0.909750335733,Sample,15,4,1.,1,false,true,false,false,6.,6.,18.,18.,0.
0.909750335733,Sample,15,4,6.,1,false,true,false,false,24.,24.,12.,12.,9.29621452501
0.909750335733,Sample,15,4,11.,1,false,true,false,false,24.,24.,12.,12.,9.43093131041
0.909750335733,Sample,15,4,16.,1,false,true,false,false,24.,24.,12.,12.,9.43288356874
0.909750335733,Sample,15,4,21.,1,false,true,false,false,24.,24.,12.,12.,9.43291186004
0.909750335733,Sample,15,4,26.,1,false,true,false,false,24.,24.,12.,12.,9.43291227002
0.909750335733,Sample,15,4,31.,1,false,true,false,false,24.,24.,12.,12.,9.43291227596
0.909750335733,Sample,15,4,36.,1,false,true,false,false,24.,24.,12.,12.,9.43291227605
0.909750335733,Sample,15,4,41.,1,false,true,false,false,24.,24.,12.,12.,9.43291227605
0.909750335733,Sample,15,4,46.,1,false,true,false,false,24.,24.,12.,12.,9.43291227605
0.909750335733,Sample,15,4,51.,1,false,true,false,false,24.,24.,12.,12.,9.43291227605
0.915797245132,Sample,15,3,1.,1,false,true,false,false,6.,6.,18.,18.,0.
0.915797245132,Sample,15,3,6.,1,false,true,false,false,14.,14.,18.,18.,9.33239513982
0.915797245132,Sample,15,3,11.,1,false,true,false,false,14.,14.,18.,18.,9.47050374261
0.915797245132,Sample,15,3,16.,1,false,true,false,false,14.,14.,18.,18.,9.47254758943
0.915797245132,Sample,15,3,21.,1,false,true,false,false,14.,14.,18.,18.,9.47257783599
0.915797245132,Sample,15,3,26.,1,false,true,false,false,14.,14.,18.,18.,9.4725782836
0.915797245132,Sample,15,3,31.,1,false,true,false,false,14.,14.,18.,18.,9.47257829023
0.915797245132,Sample,15,3,36.,1,false,true,false,false,14.,14.,18.,18.,9.47257829033
0.915797245132,Sample,15,3,41.,1,false,true,false,false,14.,14.,18.,18.,9.47257829033
0.915797245132,Sample,15,3,46.,1,false,true,false,false,14.,14.,18.,18.,9.47257829033
0.915797245132,Sample,15,3,51.,1,false,true,false,false,14.,14.,18.,18.,9.47257829033
1.25974312564,Sample,15,6,1.,1,false,true,false,false,26.,24.,76.,68.,0.
1.25974312564,Sample,15,6,6.,1,false,true,false,false,174.,132.,188.,144.,10.958029758
1.25974312564,Sample,15,6,11.,1,false,true,false,false,186.,142.,184.,142.,11.3637263427
1.25974312564,Sample,15,6,16.,1,false,true,false,false,186.,142.,184.,142.,11.3787463529
1.25974312564,Sample,15,6,21.,1,false,true,false,false,188.,144.,186.,142.,11.3793024352
1.25974312564,Sample,15,6,26.,1,false,true,false,false,188.,144.,186.,142.,11.3793230229
1.25974312564,Sample,15,6,31.,1,false,true,false,false,188.,144.,186.,142.,11.3793237851
1.25974312564,Sample,15,6,36.,1,false,true,false,false,188.,144.,186.,142.,11.3793238133
1.25974312564,Sample,15,6,41.,1,false,true,false,false,188.,144.,186.,142.,11.3793238144
1.25974312564,Sample,15,6,46.,1,false,true,false,false,188.,144.,186.,142.,11.3793238144
1.25974312564,Sample,15,6,51.,1,false,true,false,false,188.,144.,186.,142.,11.3793238144
0.947312361456,Voter,15,5,1.,1,false,true,false,false,26.,22.,28.,28.,0.
0.947312361456,Voter,15,5,6.,1,false,true,false,false,40.,36.,22.,22.,9.51614441433
0.947312361456,Voter,15,5,11.,1,false,true,false,false,40.,36.,22.,22.,9.67270214094
0.947312361456,Voter,15,5,16.,1,false,true,false,false,40.,36.,22.,22.,9.67527779771
0.947312361456,Voter,15,5,21.,1,false,true,false,false,40.,36.,22.,22.,9.6753201719
0.947312361456,Voter,15,5,26.,1,false,true,false,false,40.,36.,22.,22.,9.67532086904
0.947312361456,Voter,15,5,31.,1,false,true,false,false,40.,36.,22.,22.,9.6753208805
0.947312361456,Voter,15,5,36.,1,false,true,false,false,40.,36.,22.,22.,9.67532088069
0.947312361456,Voter,15,5,41.,1,false,true,false,false,40.,36.,22.,22.,9.6753208807
0.947312361456,Voter,15,5,46.,1,false,true,false,false,40.,36.,22.,22.,9.6753208807
0.947312361456,Voter,15,5,51.,1,false,true,false,false,40.,36.,22.,22.,9.6753208807
1.20156899589,Sample,15,7,1.,1,false,true,false,false,54.,52.,136.,116.,0.
1.20156899589,Sample,15,7,6.,1,false,true,false,false,276.,208.,318.,236.,10.7360105099
1.20156899589,Sample,15,7,11.,1,false,true,false,false,282.,214.,316.,234.,11.0868325707
1.20156899589,Sample,15,7,16.,1,false,true,false,false,282.,214.,316.,234.,11.0982964305
1.20156899589,Sample,15,7,21.,1,false,true,false,false,282.,214.,316.,234.,11.0986710365
1.20156899589,Sample,15,7,26.,1,false,true,false,false,282.,214.,316.,234.,11.0986832776
1.20156899589,Sample,15,7,31.,1,false,true,false,false,282.,214.,316.,234.,11.0986836776
1.20156899589,Sample,15,7,36.,1,false,true,false,false,282.,214.,316.,234.,11.0986836907
1.20156899589,Sample,15,7,41.,1,false,true,false,false,282.,214.,316.,234.,11.0986836911
1.20156899589,Sample,15,7,46.,1,false,true,false,false,282.,214.,316.,234.,11.0986836911
1.20156899589,Sample,15,7,51.,1,false,true,false,false,282.,214.,316.,234.,11.0986836911
1.11925636743,Sample,15,5,1.,1,false,true,false,false,2.,2.,28.,24.,0.
1.11925636743,Sample,15,5,6.,1,false,true,false,false,24.,22.,10.,10.,10.3880887266
1.11925636743,Sample,15,5,11.,1,false,true,false,false,28.,24.,6.,6.,10.6675471329
1.11925636743,Sample,15,5,16.,1,false,true,false,false,28.,24.,6.,6.,10.6750650703
1.11925636743,Sample,15,5,21.,1,false,true,false,false,28.,24.,6.,6.,10.6752673164
1.11925636743,Sample,15,5,26.,1,false,true,false,false,28.,24.,6.,6.,10.6752727572
1.11925636743,Sample,15,5,31.,1,false,true,false,false,28.,24.,6.,6.,10.6752729036
1.11925636743,Sample,15,5,36.,1,false,true,false,false,28.,24.,6.,6.,10.6752729075
1.11925636743,Sample,15,5,41.,1,false,true,false,false,28.,24.,6.,6.,10.6752729076
1.11925636743,Sample,15,5,46.,1,false,true,false,false,28.,24.,6.,6.,10.6752729076
1.11925636743,Sample,15,5,51.,1,false,true,false,false,28.,24.,6.,6.,10.6752729076
1.34028949957,Voter,15,6,1.,1,false,true,false,false,32.,30.,86.,76.,0.
1.34028949957,Voter,15,6,6.,1,false,true,false,false,88.,74.,90.,72.,11.2355588974
1.34028949957,Voter,15,6,11.,1,false,true,false,false,90.,74.,88.,72.,11.7227734125
1.34028949957,Voter,15,6,16.,1,false,true,false,false,90.,74.,88.,72.,11.743900798
1.34028949957,Voter,15,6,21.,1,false,true,false,false,90.,74.,88.,72.,11.7448169579
1.34028949957,Voter,15,6,26.,1,false,true,false,false,90.,74.,88.,72.,11.7448566859
1.34028949957,Voter,15,6,31.,1,false,true,false,false,90.,74.,88.,72.,11.7448584087
1.34028949957,Voter,15,6,36.,1,false,true,false,false,90.,74.,88.,72.,11.7448584834
1.34028949957,Voter,15,6,41.,1,false,true,false,false,90.,74.,88.,72.,11.7448584866
1.34028949957,Voter,15,6,46.,1,false,true,false,false,90.,74.,88.,72.,11.7448584868
1.34028949957,Voter,15,6,51.,1,false,true,false,false,90.,74.,88.,72.,11.7448584868
1.20349856942,Voter,15,5,1.,1,false,true,false,false,20.,20.,44.,32.,0.
1.20349856942,Voter,15,5,6.,1,false,true,false,false,38.,32.,26.,24.,10.7436809724
1.20349856942,Voter,15,5,11.,1,false,true,false,false,38.,32.,26.,24.,11.0962660943
1.20349856942,Voter,15,5,16.,1,false,true,false,false,38.,32.,26.,24.,11.1078372
1.20349856942,Voter,15,5,21.,1,false,true,false,false,38.,32.,26.,24.,11.1082169395
1.20349856942,Voter,15,5,26.,1,false,true,false,false,38.,32.,26.,24.,11.1082294017
1.20349856942,Voter,15,5,31.,1,false,true,false,false,38.,32.,26.,24.,11.1082298107
1.20349856942,Voter,15,5,36.,1,false,true,false,false,38.,32.,26.,24.,11.1082298241
1.20349856942,Voter,15,5,41.,1,false,true,false,false,38.,32.,26.,24.,11.1082298246
1.20349856942,Voter,15,5,46.,1,false,true,false,false,38.,32.,26.,24.,11.1082298246
1.20349856942,Voter,15,5,51.,1,false,true,false,false,38.,32.,26.,24.,11.1082298246
1.06547662735,Sample,15,7,1.,1,false,true,false,false,44.,44.,100.,92.,0.
1.06547662735,Sample,15,7,6.,1,false,true,false,false,308.,224.,340.,254.,10.137648439
1.06547662735,Sample,15,7,11.,1,false,true,false,false,326.,236.,350.,262.,10.3747287591
1.06547662735,Sample,15,7,16.,1,false,true,false,false,326.,236.,350.,262.,10.3802731492
1.06547662735,Sample,15,7,21.,1,false,true,false,false,326.,236.,350.,262.,10.380402811
1.06547662735,Sample,15,7,26.,1,false,true,false,false,326.,236.,350.,262.,10.3804058433
1.06547662735,Sample,15,7,31.,1,false,true,false,false,326.,236.,350.,262.,10.3804059142
1.06547662735,Sample,15,7,36.,1,false,true,false,false,326.,236.,350.,262.,10.3804059159
1.06547662735,Sample,15,7,41.,1,false,true,false,false,326.,236.,350.,262.,10.3804059159
1.06547662735,Sample,15,7,46.,1,false,true,false,false,326.,236.,350.,262.,10.3804059159
1.06547662735,Sample,15,7,51.,1,false,true,false,false,326.,236.,350.,262.,10.3804059159
0.997906322815,Voter,15,4,1.,1,false,true,false,false,16.,14.,16.,16.,0.
0.997906322815,Voter,15,4,6.,1,false,true,false,false,24.,22.,12.,12.,9.79484630677
0.997906322815,Voter,15,4,11.,1,false,true,false,false,24.,22.,12.,12.,9.98371145652
0.997906322815,Voter,15,4,16.,1,false,true,false,false,24.,22.,12.,12.,9.98735317214
0.997906322815,Voter,15,4,21.,1,false,true,false,false,24.,22.,12.,12.,9.98742339205
0.997906322815,Voter,15,4,26.,1,false,true,false,false,24.,22.,12.,12.,9.98742474603
0.997906322815,Voter,15,4,31.,1,false,true,false,false,24.,22.,12.,12.,9.98742477214
0.997906322815,Voter,15,4,36.,1,false,true,false,false,24.,22.,12.,12.,9.98742477264
0.997906322815,Voter,15,4,41.,1,false,true,false,false,24.,22.,12.,12.,9.98742477265
0.997906322815,Voter,15,4,46.,1,false,true,false,false,24.,22.,12.,12.,9.98742477265
0.997906322815,Voter,15,4,51.,1,false,true,false,false,24.,22.,12.,12.,9.98742477265
1.18502667795,Sample,15,4,1.,1,false,true,false,false,10.,10.,24.,20.,0.
1.18502667795,Sample,15,4,6.,1,false,true,false,false,56.,46.,50.,44.,10.6693626974
1.18502667795,Sample,15,4,11.,1,false,true,false,false,56.,46.,50.,44.,11.0052354355
1.18502667795,Sample,15,4,16.,1,false,true,false,false,56.,46.,50.,44.,11.0158087471
1.18502667795,Sample,15,4,21.,1,false,true,false,false,56.,46.,50.,44.,11.0161415962
1.18502667795,Sample,15,4,26.,1,false,true,false,false,56.,46.,50.,44.,11.0161520743
1.18502667795,Sample,15,4,31.,1,false,true,false,false,56.,46.,50.,44.,11.0161524042
1.18502667795,Sample,15,4,36.,1,false,true,false,false,56.,46.,50.,44.,11.0161524145
1.18502667795,Sample,15,4,41.,1,false,true,false,false,56.,46.,50.,44.,11.0161524149
1.18502667795,Sample,15,4,46.,1,false,true,false,false,56.,46.,50.,44.,11.0161524149
1.18502667795,Sample,15,4,51.,1,false,true,false,false,56.,46.,50.,44.,11.0161524149
0.886804083221,Sample,15,5,1.,1,false,true,false,false,12.,12.,44.,38.,0.
0.886804083221,Sample,15,5,6.,1,false,true,false,false,88.,74.,88.,74.,9.15614269405
0.886804083221,Sample,15,5,11.,1,false,true,false,false,90.,76.,90.,74.,9.27842324196
0.886804083221,Sample,15,5,16.,1,false,true,false,false,90.,76.,90.,74.,9.28005630218
0.886804083221,Sample,15,5,21.,1,false,true,false,false,90.,76.,90.,74.,9.28007811175
0.886804083221,Sample,15,5,26.,1,false,true,false,false,90.,76.,90.,74.,9.28007840302
0.886804083221,Sample,15,5,31.,1,false,true,false,false,90.,76.,90.,74.,9.28007840691
0.886804083221,Sample,15,5,36.,1,false,true,false,false,90.,76.,90.,74.,9.28007840696
0.886804083221,Sample,15,5,41.,1,false,true,false,false,90.,76.,90.,74.,9.28007840696
0.886804083221,Sample,15,5,46.,1,false,true,false,false,90.,76.,90.,74.,9.28007840696
0.886804083221,Sample,15,5,51.,1,false,true,false,false,90.,76.,90.,74.,9.28007840696
1.22812185071,Sample,15,6,1.,1,false,true,false,false,30.,28.,92.,86.,0.
1.22812185071,Sample,15,6,6.,1,false,true,false,false,148.,124.,162.,132.,10.8396949731
1.22812185071,Sample,15,6,11.,1,false,true,false,false,158.,132.,164.,132.,11.2151267186
1.22812185071,Sample,15,6,16.,1,false,true,false,false,158.,132.,164.,132.,11.2281297594
1.22812185071,Sample,15,6,21.,1,false,true,false,false,158.,132.,164.,132.,11.2285801184
1.22812185071,Sample,15,6,26.,1,false,true,false,false,158.,132.,164.,132.,11.2285957165
1.22812185071,Sample,15,6,31.,1,false,true,false,false,158.,132.,164.,132.,11.2285962568
1.22812185071,Sample,15,6,36.,1,false,true,false,false,158.,132.,164.,132.,11.2285962755
1.22812185071,Sample,15,6,41.,1,false,true,false,false,158.,132.,164.,132.,11.2285962761
1.22812185071,Sample,15,6,46.,1,false,true,false,false,158.,132.,164.,132.,11.2285962761
1.22812185071,Sample,15,6,51.,1,false,true,false,false,158.,132.,164.,132.,11.2285962761
0.995117341645,Sample,15,3,1.,1,false,true,false,false,6.,6.,12.,10.,0.
0.995117341645,Sample,15,3,6.,1,false,true,false,false,20.,18.,14.,14.,9.77998849802
0.995117341645,Sample,15,3,11.,1,false,true,false,false,20.,18.,14.,14.,9.96698714067
0.995117341645,Sample,15,3,16.,1,false,true,false,false,20.,18.,14.,14.,9.97056265534
0.995117341645,Sample,15,3,21.,1,false,true,false,false,20.,18.,14.,14.,9.9706310211
0.995117341645,Sample,15,3,26.,1,false,true,false,false,20.,18.,14.,14.,9.97063232829
0.995117341645,Sample,15,3,31.,1,false,true,false,false,20.,18.,14.,14.,9.97063235329
0.995117341645,Sample,15,3,36.,1,false,true,false,false,20.,18.,14.,14.,9.97063235377
0.995117341645,Sample,15,3,41.,1,false,true,false,false,20.,18.,14.,14.,9.97063235378
0.995117341645,Sample,15,3,46.,1,false,true,false,false,20.,18.,14.,14.,9.97063235378
0.995117341645,Sample,15,3,51.,1,false,true,false,false,20.,18.,14.,14.,9.97063235378
0.933897639796,Sample,15,3,1.,1,false,true,false,false,2.,2.,14.,14.,0.
0.933897639796,Sample,15,3,6.,1,false,true,false,false,14.,14.,14.,14.,9.43890746027
0.933897639796,Sample,15,3,11.,1,false,true,false,false,16.,16.,16.,16.,9.58745405056
0.933897639796,Sample,15,3,16.,1,false,true,false,false,16.,16.,16.,16.,9.5897918306
0.933897639796,Sample,15,3,21.,1,false,true,false,false,16.,16.,16.,16.,9.58982862186
0.933897639796,Sample,15,3,26.,1,false,true,false,false,16.,16.,16.,16.,9.58982920087
0.933897639796,Sample,15,3,31.,1,false,true,false,false,16.,16.,16.,16.,9.58982920998
0.933897639796,Sample,15,3,36.,1,false,true,false,false,16.,16.,16.,16.,9.58982921012
0.933897639796,Sample,15,3,41.,1,false,true,false,false,16.,16.,16.,16.,9.58982921013
0.933897639796,Sample,15,3,46.,1,false,true,false,false,16.,16.,16.,16.,9.58982921013
0.933897639796,Sample,15,3,51.,1,false,true,false,false,16.,16.,16.,16.,9.58982921013
0.83033910619,Voter,15,4,1.,1,false,true,false,false,34.,32.,30.,26.,0.
0.83033910619,Voter,15,4,6.,1,false,true,false,false,42.,36.,34.,30.,8.79204090464
0.83033910619,Voter,15,4,11.,1,false,true,false,false,42.,36.,34.,30.,8.88664660053
0.83033910619,Voter,15,4,16.,1,false,true,false,false,42.,36.,34.,30.,8.88766459371
0.83033910619,Voter,15,4,21.,1,false,true,false,false,42.,36.,34.,30.,8.8876755477
0.83033910619,Voter,15,4,26.,1,false,true,false,false,42.,36.,34.,30.,8.88767566557
0.83033910619,Voter,15,4,31.,1,false,true,false,false,42.,36.,34.,30.,8.88767566684
0.83033910619,Voter,15,4,36.,1,false,true,false,false,42.,36.,34.,30.,8.88767566686
0.83033910619,Voter,15,4,41.,1,false,true,false,false,42.,36.,34.,30.,8.88767566686
0.83033910619,Voter,15,4,46.,1,false,true,false,false,42.,36.,34.,30.,8.88767566686
0.83033910619,Voter,15,4,51.,1,false,true,false,false,42.,36.,34.,30.,8.88767566686
1.16431469297,Sample,15,5,1.,1,false,true,false,false,14.,14.,38.,34.,0.
1.16431469297,Sample,15,5,6.,1,false,true,false,false,44.,36.,32.,30.,10.5836360182
1.16431469297,Sample,15,5,11.,1,false,true,false,false,46.,38.,30.,28.,10.901215287
1.16431469297,Sample,15,5,16.,1,false,true,false,false,46.,38.,30.,28.,10.9107447712
1.16431469297,Sample,15,5,21.,1,false,true,false,false,46.,38.,30.,28.,10.9110307189
1.16431469297,Sample,15,5,26.,1,false,true,false,false,46.,38.,30.,28.,10.9110392992
1.16431469297,Sample,15,5,31.,1,false,true,false,false,46.,38.,30.,28.,10.9110395567
1.16431469297,Sample,15,5,36.,1,false,true,false,false,46.,38.,30.,28.,10.9110395644
1.16431469297,Sample,15,5,41.,1,false,true,false,false,46.,38.,30.,28.,10.9110395647
1.16431469297,Sample,15,5,46.,1,false,true,false,false,46.,38.,30.,28.,10.9110395647
1.16431469297,Sample,15,5,51.,1,false,true,false,false,46.,38.,30.,28.,10.9110395647
1.21821234445,Sample,15,7,1.,1,false,true,false,false,54.,48.,124.,102.,0.
1.21821234445,Sample,15,7,6.,1,false,true,false,false,190.,146.,192.,144.,10.8014686263
1.21821234445,Sample,15,7,11.,1,false,true,false,false,200.,148.,190.,142.,11.1676287293
1.21821234445,Sample,15,7,16.,1,false,true,false,false,200.,148.,190.,142.,11.1800412285
1.21821234445,Sample,15,7,21.,1,false,true,false,false,200.,148.,190.,142.,11.1804620011
1.21821234445,Sample,15,7,26.,1,false,true,false,false,200.,148.,190.,142.,11.1804762649
1.21821234445,Sample,15,7,31.,1,false,true,false,false,200.,148.,190.,142.,11.1804767484
1.21821234445,Sample,15,7,36.,1,false,true,false,false,200.,148.,190.,142.,11.1804767648
1.21821234445,Sample,15,7,41.,1,false,true,false,false,200.,148.,190.,142.,11.1804767654
1.21821234445,Sample,15,7,46.,1,false,true,false,false,200.,148.,190.,142.,11.1804767654
1.21821234445,Sample,15,7,51.,1,false,true,false,false,200.,148.,190.,142.,11.1804767654
1.04191294143,Sample,15,6,1.,1,false,true,false,false,30.,26.,80.,72.,0.
1.04191294143,Sample,15,6,6.,1,false,true,false,false,124.,98.,134.,108.,10.0217761098
1.04191294143,Sample,15,6,11.,1,false,true,false,false,134.,104.,132.,106.,10.2413951376
1.04191294143,Sample,15,6,16.,1,false,true,false,false,134.,104.,132.,106.,10.246207909
1.04191294143,Sample,15,6,21.,1,false,true,false,false,134.,104.,132.,106.,10.246313377
1.04191294143,Sample,15,6,26.,1,false,true,false,false,134.,104.,132.,106.,10.2463156882
1.04191294143,Sample,15,6,31.,1,false,true,false,false,134.,104.,132.,106.,10.2463157388
1.04191294143,Sample,15,6,36.,1,false,true,false,false,134.,104.,132.,106.,10.24631574
1.04191294143,Sample,15,6,41.,1,false,true,false,false,134.,104.,132.,106.,10.24631574
1.04191294143,Sample,15,6,46.,1,false,true,false,false,134.,104.,132.,106.,10.24631574
1.04191294143,Sample,15,6,51.,1,false,true,false,false,134.,104.,132.,106.,10.24631574
0.869714102964,Sample,15,3,1.,1,false,true,false,false,2.,2.,6.,6.,0.
0.869714102964,Sample,15,3,6.,1,false,true,false,false,10.,10.,2.,2.,9.04890661469
0.869714102964,Sample,15,3,11.,1,false,true,false,false,10.,10.,2.,2.,9.16237210023
0.869714102964,Sample,15,3,16.,1,false,true,false,false,10.,10.,2.,2.,9.16379485957
0.869714102964,Sample,15,3,21.,1,false,true,false,false,10.,10.,2.,2.,9.16381269975
0.869714102964,Sample,15,3,26.,1,false,true,false,false,10.,10.,2.,2.,9.16381292345
0.869714102964,Sample,15,3,31.,1,false,true,false,false,10.,10.,2.,2.,9.16381292625
0.869714102964,Sample,15,3,36.,1,false,true,false,false,10.,10.,2.,2.,9.16381292629
0.869714102964,Sample,15,3,41.,1,false,true,false,false,10.,10.,2.,2.,9.16381292629
0.869714102964,Sample,15,3,46.,1,false,true,false,false,10.,10.,2.,2.,9.16381292629
0.869714102964,Sample,15,3,51.,1,false,true,false,false,10.,10.,2.,2.,9.16381292629
1.17987417044,Sample,15,7,1.,1,false,true,false,false,68.,56.,138.,110.,0.
1.17987417044,Sample,15,7,6.,1,false,true,false,false,230.,166.,256.,180.,10.6482754432
1.17987417044,Sample,15,7,11.,1,false,true,false,false,238.,172.,260.,182.,10.9795529246
1.17987417044,Sample,15,7,16.,1,false,true,false,false,238.,172.,260.,182.,10.9898592667
1.17987417044,Sample,15,7,21.,1,false,true,false,false,238.,172.,260.,182.,10.9901799064
1.17987417044,Sample,15,7,26.,1,false,true,false,false,238.,172.,260.,182.,10.9901898817
1.17987417044,Sample,15,7,31.,1,false,true,false,false,238.,172.,260.,182.,10.9901901921
1.17987417044,Sample,15,7,36.,1,false,true,false,false,238.,172.,260.,182.,10.9901902017
1.17987417044,Sample,15,7,41.,1,false,true,false,false,238.,172.,260.,182.,10.990190202
1.17987417044,Sample,15,7,46.,1,false,true,false,false,238.,172.,260.,182.,10.990190202
1.17987417044,Sample,15,7,51.,1,false,true,false,false,238.,172.,260.,182.,10.990190202
1.12218134649,Voter,15,5,1.,1,false,true,false,false,6.,6.,36.,34.,0.
1.12218134649,Voter,15,5,6.,1,false,true,false,false,42.,32.,44.,34.,10.401168824
1.12218134649,Voter,15,5,11.,1,false,true,false,false,42.,32.,44.,34.,10.6830307086
1.12218134649,Voter,15,5,16.,1,false,true,false,false,42.,32.,44.,34.,10.6906689004
1.12218134649,Voter,15,5,21.,1,false,true,false,false,42.,32.,44.,34.,10.6908758882
1.12218134649,Voter,15,5,26.,1,false,true,false,false,42.,32.,44.,34.,10.6908814974
1.12218134649,Voter,15,5,31.,1,false,true,false,false,42.,32.,44.,34.,10.6908816494
1.12218134649,Voter,15,5,36.,1,false,true,false,false,42.,32.,44.,34.,10.6908816535
1.12218134649,Voter,15,5,41.,1,false,true,false,false,42.,32.,44.,34.,10.6908816536
1.12218134649,Voter,15,5,46.,1,false,true,false,false,42.,32.,44.,34.,10.6908816536
1.12218134649,Voter,15,5,51.,1,false,true,false,false,42.,32.,44.,34.,10.6908816536
1.14819837926,Sample,15,7,1.,1,false,true,false,false,30.,28.,88.,74.,0.
1.14819837926,Sample,15,7,6.,1,false,true,false,false,236.,176.,250.,178.,10.5151391803
1.14819837926,Sample,15,7,11.,1,false,true,false,false,244.,180.,246.,176.,10.8188164345
1.14819837926,Sample,15,7,16.,1,false,true,false,false,244.,180.,246.,176.,10.8275866346
1.14819837926,Sample,15,7,21.,1,false,true,false,false,244.,180.,246.,176.,10.827839918
1.14819837926,Sample,15,7,26.,1,false,true,false,false,244.,180.,246.,176.,10.8278472328
1.14819837926,Sample,15,7,31.,1,false,true,false,false,244.,180.,246.,176.,10.8278474441
1.14819837926,Sample,15,7,36.,1,false,true,false,false,244.,180.,246.,176.,10.8278474502
1.14819837926,Sample,15,7,41.,1,false,true,false,false,244.,180.,246.,176.,10.8278474503
1.14819837926,Sample,15,7,46.,1,false,true,false,false,244.,180.,246.,176.,10.8278474503
1.14819837926,Sample,15,7,51.,1,false,true,false,false,244.,180.,246.,176.,10.8278474503
1.21251200666,Voter,15,3,1.,1,false,true,false,false,8.,8.,18.,18.,0.
1.21251200666,Voter,15,3,6.,1,false,true,false,false,14.,14.,16.,16.,10.7792276093
1.21251200666,Voter,15,3,11.,1,false,true,false,false,14.,14.,16.,16.,11.1401012074
1.21251200666,Voter,15,3,16.,1,false,true,false,false,14.,14.,16.,16.,11.1521827552
1.21251200666,Voter,15,3,21.,1,false,true,false,false,14.,14.,16.,16.,11.1525872286
1.21251200666,Voter,15,3,26.,1,false,true,false,false,14.,14.,16.,16.,11.1526007699
1.21251200666,Voter,15,3,31.,1,false,true,false,false,14.,14.,16.,16.,11.1526012232
1.21251200666,Voter,15,3,36.,1,false,true,false,false,14.,14.,16.,16.,11.1526012384
1.21251200666,Voter,15,3,41.,1,false,true,false,false,14.,14.,16.,16.,11.1526012389
1.21251200666,Voter,15,3,46.,1,false,true,false,false,14.,14.,16.,16.,11.1526012389
1.21251200666,Voter,15,3,51.,1,false,true,false,false,14.,14.,16.,16.,11.1526012389
1.35497603889,Sample,15,6,1.,1,false,true,false,false,36.,34.,108.,92.,0.
1.35497603889,Sample,15,6,6.,1,false,true,false,false,136.,110.,164.,132.,11.2826458123
1.35497603889,Sample,15,6,11.,1,false,true,false,false,152.,122.,172.,132.,11.785368946
1.35497603889,Sample,15,6,16.,1,false,true,false,false,152.,122.,172.,132.,11.8077688825
1.35497603889,Sample,15,6,21.,1,false,true,false,false,152.,122.,172.,132.,11.808766961
1.35497603889,Sample,15,6,26.,1,false,true,false,false,152.,122.,172.,132.,11.8088114326
1.35497603889,Sample,15,6,31.,1,false,true,false,false,152.,122.,172.,132.,11.8088134141
1.35497603889,Sample,15,6,36.,1,false,true,false,false,152.,122.,172.,132.,11.8088135024
1.35497603889,Sample,15,6,41.,1,false,true,false,false,152.,122.,172.,132.,11.8088135063
1.35497603889,Sample,15,6,46.,1,false,true,false,false,152.,122.,172.,132.,11.8088135065
1.35497603889,Sample,15,6,51.,1,false,true,false,false,152.,122.,172.,132.,11.8088135065
0.862803561277,Voter,15,4,1.,1,false,true,false,false,14.,12.,6.,6.,0.
0.862803561277,Voter,15,4,6.,1,false,true,false,false,18.,16.,2.,2.,9.00482392013
0.862803561277,Voter,15,4,11.,1,false,true,false,false,18.,16.,2.,2.,9.11483326447
0.862803561277,Voter,15,4,16.,1,false,true,false,false,18.,16.,2.,2.,9.116177217
0.862803561277,Voter,15,4,21.,1,false,true,false,false,18.,16.,2.,2.,9.11619363568
0.862803561277,Voter,15,4,26.,1,false,true,false,false,18.,16.,2.,2.,9.11619383626
0.862803561277,Voter,15,4,31.,1,false,true,false,false,18.,16.,2.,2.,9.11619383871
0.862803561277,Voter,15,4,36.,1,false,true,false,false,18.,16.,2.,2.,9.11619383874
0.862803561277,Voter,15,4,41.,1,false,true,false,false,18.,16.,2.,2.,9.11619383874
0.862803561277,Voter,15,4,46.,1,false,true,false,false,18.,16.,2.,2.,9.11619383874
0.862803561277,Voter,15,4,51.,1,false,true,false,false,18.,16.,2.,2.,9.11619383874
0.842664017759,Voter,15,5,1.,1,false,true,false,false,20.,20.,22.,22.,0.
0.842664017759,Voter,15,5,6.,1,false,true,false,false,32.,30.,14.,14.,8.8739406037
0.842664017759,Voter,15,5,11.,1,false,true,false,false,32.,30.,14.,14.,8.97423280326
0.842664017759,Voter,15,5,16.,1,false,true,false,false,32.,30.,14.,14.,8.97536629353
0.842664017759,Voter,15,5,21.,1,false,true,false,false,32.,30.,14.,14.,8.9753791041
0.842664017759,Voter,15,5,26.,1,false,true,false,false,32.,30.,14.,14.,8.97537924888
0.842664017759,Voter,15,5,31.,1,false,true,false,false,32.,30.,14.,14.,8.97537925052
0.842664017759,Voter,15,5,36.,1,false,true,false,false,32.,30.,14.,14.,8.97537925053
0.842664017759,Voter,15,5,41.,1,false,true,false,false,32.,30.,14.,14.,8.97537925053
0.842664017759,Voter,15,5,46.,1,false,true,false,false,32.,30.,14.,14.,8.97537925053
0.842664017759,Voter,15,5,51.,1,false,true,false,false,32.,30.,14.,14.,8.97537925053
1.02067610468,Sample,15,3,1.,1,false,true,false,false,0.,0.,6.,6.,0.
1.02067610468,Sample,15,3,6.,1,false,true,false,false,6.,6.,0.,0.,9.9140080363
1.02067610468,Sample,15,3,11.,1,false,true,false,false,6.,6.,0.,0.,10.1184812434
1.02067610468,Sample,15,3,16.,1,false,true,false,false,6.,6.,0.,0.,10.1226984372
1.02067610468,Sample,15,3,21.,1,false,true,false,false,6.,6.,0.,0.,10.1227854154
1.02067610468,Sample,15,3,26.,1,false,true,false,false,6.,6.,0.,0.,10.1227872093
1.02067610468,Sample,15,3,31.,1,false,true,false,false,6.,6.,0.,0.,10.1227872463
1.02067610468,Sample,15,3,36.,1,false,true,false,false,6.,6.,0.,0.,10.1227872471
1.02067610468,Sample,15,3,41.,1,false,true,false,false,6.,6.,0.,0.,10.1227872471
1.02067610468,Sample,15,3,46.,1,false,true,false,false,6.,6.,0.,0.,10.1227872471
1.02067610468,Sample,15,3,51.,1,false,true,false,false,6.,6.,0.,0.,10.1227872471
1.02677769023,Voter,15,6,1.,1,false,true,false,false,34.,34.,72.,64.,0.
1.02677769023,Voter,15,6,6.,1,false,true,false,false,64.,52.,66.,56.,9.94530020138
1.02677769023,Voter,15,6,11.,1,false,true,false,false,64.,52.,66.,56.,10.1540671294
1.02677769023,Voter,15,6,16.,1,false,true,false,false,64.,52.,66.,56.,10.1584494637
1.02677769023,Voter,15,6,21.,1,false,true,false,false,64.,52.,66.,56.,10.1585414555
1.02677769023,Voter,15,6,26.,1,false,true,false,false,64.,52.,66.,56.,10.1585433866
1.02677769023,Voter,15,6,31.,1,false,true,false,false,64.,52.,66.,56.,10.1585434271
1.02677769023,Voter,15,6,36.,1,false,true,false,false,64.,52.,66.,56.,10.1585434279
1.02677769023,Voter,15,6,41.,1,false,true,false,false,64.,52.,66.,56.,10.158543428
1.02677769023,Voter,15,6,46.,1,false,true,false,false,64.,52.,66.,56.,10.158543428
1.02677769023,Voter,15,6,51.,1,false,true,false,false,64.,52.,66.,56.,10.158543428
1.21482909048,Voter,15,4,1.,1,false,true,false,false,24.,22.,38.,34.,0.
1.21482909048,Voter,15,4,6.,1,false,true,false,false,34.,32.,32.,32.,10.7882904738
1.21482909048,Voter,15,4,11.,1,false,true,false,false,36.,34.,30.,30.,11.1513087853
1.21482909048,Voter,15,4,16.,1,false,true,false,false,36.,34.,30.,30.,11.1635240937
1.21482909048,Voter,15,4,21.,1,false,true,false,false,36.,34.,30.,30.,11.1639351301
1.21482909048,Voter,15,4,26.,1,false,true,false,false,36.,34.,30.,30.,11.1639489612
1.21482909048,Voter,15,4,31.,1,false,true,false,false,36.,34.,30.,30.,11.1639494266
1.21482909048,Voter,15,4,36.,1,false,true,false,false,36.,34.,30.,30.,11.1639494423
1.21482909048,Voter,15,4,41.,1,false,true,false,false,36.,34.,30.,30.,11.1639494428
1.21482909048,Voter,15,4,46.,1,false,true,false,false,36.,34.,30.,30.,11.1639494428
1.21482909048,Voter,15,4,51.,1,false,true,false,false,36.,34.,30.,30.,11.1639494428
1.1493222644,Voter,15,4,1.,1,false,true,false,false,4.,4.,14.,14.,0.
1.1493222644,Voter,15,4,6.,1,false,true,false,false,18.,16.,8.,8.,10.5199674642
1.1493222644,Voter,15,4,11.,1,false,true,false,false,18.,16.,8.,8.,10.8246046343
1.1493222644,Voter,15,4,16.,1,false,true,false,false,18.,16.,8.,8.,10.8334263161
1.1493222644,Voter,15,4,21.,1,false,true,false,false,18.,16.,8.,8.,10.8336817743
1.1493222644,Voter,15,4,26.,1,false,true,false,false,18.,16.,8.,8.,10.8336891719
1.1493222644,Voter,15,4,31.,1,false,true,false,false,18.,16.,8.,8.,10.8336893861
1.1493222644,Voter,15,4,36.,1,false,true,false,false,18.,16.,8.,8.,10.8336893923
1.1493222644,Voter,15,4,41.,1,false,true,false,false,18.,16.,8.,8.,10.8336893925
1.1493222644,Voter,15,4,46.,1,false,true,false,false,18.,16.,8.,8.,10.8336893925
1.1493222644,Voter,15,4,51.,1,false,true,false,false,18.,16.,8.,8.,10.8336893925
1.05124342748,Voter,15,3,1.,1,false,true,false,false,2.,2.,6.,6.,0.
1.05124342748,Voter,15,3,6.,1,false,true,false,false,8.,6.,0.,0.,10.0681180112
1.05124342748,Voter,15,3,11.,1,false,true,false,false,8.,6.,0.,0.,10.2945691823
1.05124342748,Voter,15,3,16.,1,false,true,false,false,8.,6.,0.,0.,10.299662501
1.05124342748,Voter,15,3,21.,1,false,true,false,false,8.,6.,0.,0.,10.2997770594
1.05124342748,Voter,15,3,26.,1,false,true,false,false,8.,6.,0.,0.,10.299779636
1.05124342748,Voter,15,3,31.,1,false,true,false,false,8.,6.,0.,0.,10.299779694
1.05124342748,Voter,15,3,36.,1,false,true,false,false,8.,6.,0.,0.,10.2997796953
1.05124342748,Voter,15,3,41.,1,false,true,false,false,8.,6.,0.,0.,10.2997796953
1.05124342748,Voter,15,3,46.,1,false,true,false,false,8.,6.,0.,0.,10.2997796953
1.05124342748,Voter,15,3,51.,1,false,true,false,false,8.,6.,0.,0.,10.2997796953
1.02194196966,Sample,15,7,1.,1,false,true,false,false,56.,52.,120.,110.,0.
1.02194196966,Sample,15,7,6.,1,false,true,false,false,300.,228.,332.,262.,9.92052206205
1.02194196966,Sample,15,7,11.,1,false,true,false,false,306.,234.,338.,266.,10.1258822165
1.02194196966,Sample,15,7,16.,1,false,true,false,false,306.,234.,338.,266.,10.1301332824
1.02194196966,Sample,15,7,21.,1,false,true,false,false,308.,236.,340.,266.,10.1302212817
1.02194196966,Sample,15,7,26.,1,false,true,false,false,308.,236.,340.,266.,10.1302231034
1.02194196966,Sample,15,7,31.,1,false,true,false,false,308.,236.,340.,266.,10.1302231411
1.02194196966,Sample,15,7,36.,1,false,true,false,false,308.,236.,340.,266.,10.1302231419
1.02194196966,Sample,15,7,41.,1,false,true,false,false,308.,236.,340.,266.,10.1302231419
1.02194196966,Sample,15,7,46.,1,false,true,false,false,308.,236.,340.,266.,10.1302231419
1.02194196966,Sample,15,7,51.,1,false,true,false,false,308.,236.,340.,266.,10.1302231419
1.36894818778,Voter,15,5,1.,1,false,true,false,false,6.,6.,30.,26.,0.
1.36894818778,Voter,15,5,6.,1,false,true,false,false,26.,24.,10.,10.,11.3264784768
1.36894818778,Voter,15,5,11.,1,false,true,false,false,26.,24.,10.,10.,11.8441303518
1.36894818778,Voter,15,5,16.,1,false,true,false,false,26.,24.,10.,10.,11.8677884962
1.36894818778,Voter,15,5,21.,1,false,true,false,false,26.,24.,10.,10.,11.8688697398
1.36894818778,Voter,15,5,26.,1,false,true,false,false,26.,24.,10.,10.,11.8689191557
1.36894818778,Voter,15,5,31.,1,false,true,false,false,26.,24.,10.,10.,11.8689214141
1.36894818778,Voter,15,5,36.,1,false,true,false,false,26.,24.,10.,10.,11.8689215174
1.36894818778,Voter,15,5,41.,1,false,true,false,false,26.,24.,10.,10.,11.8689215221
1.36894818778,Voter,15,5,46.,1,false,true,false,false,26.,24.,10.,10.,11.8689215223
1.36894818778,Voter,15,5,51.,1,false,true,false,false,26.,24.,10.,10.,11.8689215223
0.864226624286,Voter,15,4,1.,1,false,true,false,false,18.,18.,18.,18.,0.
0.864226624286,Voter,15,4,6.,1,false,true,false,false,24.,22.,12.,12.,9.01393596493
0.864226624286,Voter,15,4,11.,1,false,true,false,false,24.,22.,12.,12.,9.12465192311
0.864226624286,Voter,15,4,16.,1,false,true,false,false,24.,22.,12.,12.,9.12601181999
0.864226624286,Voter,15,4,21.,1,false,true,false,false,24.,22.,12.,12.,9.12602852326
0.864226624286,Voter,15,4,26.,1,false,true,false,false,24.,22.,12.,12.,9.12602872843
0.864226624286,Voter,15,4,31.,1,false,true,false,false,24.,22.,12.,12.,9.12602873095
0.864226624286,Voter,15,4,36.,1,false,true,false,false,24.,22.,12.,12.,9.12602873098
0.864226624286,Voter,15,4,41.,1,false,true,false,false,24.,22.,12.,12.,9.12602873098
0.864226624286,Voter,15,4,46.,1,false,true,false,false,24.,22.,12.,12.,9.12602873098
0.864226624286,Voter,15,4,51.,1,false,true,false,false,24.,22.,12.,12.,9.12602873098
1.11890250838,Voter,15,3,1.,1,false,true,false,false,24.,22.,30.,28.,0.
1.11890250838,Voter,15,3,6.,1,false,true,false,false,34.,30.,40.,36.,10.3865026165
1.11890250838,Voter,15,3,11.,1,false,true,false,false,34.,30.,40.,36.,10.6656709334
1.11890250838,Voter,15,3,16.,1,false,true,false,false,34.,30.,40.,36.,10.6731744167
1.11890250838,Voter,15,3,21.,1,false,true,false,false,34.,30.,40.,36.,10.6733760953
1.11890250838,Voter,15,3,26.,1,false,true,false,false,34.,30.,40.,36.,10.673381516
1.11890250838,Voter,15,3,31.,1,false,true,false,false,34.,30.,40.,36.,10.6733816617
1.11890250838,Voter,15,3,36.,1,false,true,false,false,34.,30.,40.,36.,10.6733816656
1.11890250838,Voter,15,3,41.,1,false,true,false,false,34.,30.,40.,36.,10.6733816657
1.11890250838,Voter,15,3,46.,1,false,true,false,false,34.,30.,40.,36.,10.6733816657
1.11890250838,Voter,15,3,51.,1,false,true,false,false,34.,30.,40.,36.,10.6733816657
1.22615843236,Voter,15,3,1.,1,false,true,false,false,10.,10.,18.,16.,0.
1.22615843236,Voter,15,3,6.,1,false,true,false,false,20.,20.,20.,20.,10.8321648964
1.22615843236,Voter,15,3,11.,1,false,true,false,false,20.,20.,20.,20.,11.2057514272
1.22615843236,Voter,15,3,16.,1,false,true,false,false,20.,20.,20.,20.,11.2186359149
1.22615843236,Voter,15,3,21.,1,false,true,false,false,20.,20.,20.,20.,11.2190802833
1.22615843236,Voter,15,3,26.,1,false,true,false,false,20.,20.,20.,20.,11.2190956089
1.22615843236,Voter,15,3,31.,1,false,true,false,false,20.,20.,20.,20.,11.2190961375
1.22615843236,Voter,15,3,36.,1,false,true,false,false,20.,20.,20.,20.,11.2190961557
1.22615843236,Voter,15,3,41.,1,false,true,false,false,20.,20.,20.,20.,11.2190961563
1.22615843236,Voter,15,3,46.,1,false,true,false,false,20.,20.,20.,20.,11.2190961564
1.22615843236,Voter,15,3,51.,1,false,true,false,false,20.,20.,20.,20.,11.2190961564
1.36729096503,Voter,15,7,1.,1,false,true,false,false,24.,24.,86.,68.,0.
1.36729096503,Voter,15,7,6.,1,false,true,false,false,74.,62.,76.,58.,11.3213281278
1.36729096503,Voter,15,7,11.,1,false,true,false,false,74.,62.,76.,58.,11.8372005546
1.36729096503,Voter,15,7,16.,1,false,true,false,false,74.,62.,76.,58.,11.8607070159
1.36729096503,Voter,15,7,21.,1,false,true,false,false,74.,62.,76.,58.,11.8617781212
1.36729096503,Voter,15,7,26.,1,false,true,false,false,74.,62.,76.,58.,11.8618269277
1.36729096503,Voter,15,7,31.,1,false,true,false,false,74.,62.,76.,58.,11.8618291516
1.36729096503,Voter,15,7,36.,1,false,true,false,false,74.,62.,76.,58.,11.8618292529
1.36729096503,Voter,15,7,41.,1,false,true,false,false,74.,62.,76.,58.,11.8618292576
1.36729096503,Voter,15,7,46.,1,false,true,false,false,74.,62.,76.,58.,11.8618292578
1.36729096503,Voter,15,7,51.,1,false,true,false,false,74.,62.,76.,58.,11.8618292578
1.19347028356,Sample,15,5,1.,1,false,true,false,false,26.,22.,70.,56.,0.
1.19347028356,Sample,15,5,6.,1,false,true,false,false,92.,80.,128.,104.,10.7035810392
1.19347028356,Sample,15,5,11.,1,false,true,false,false,98.,86.,126.,102.,11.0470471068
1.19347028356,Sample,15,5,16.,1,false,true,false,false,98.,86.,126.,102.,11.0580685527
1.19347028356,Sample,15,5,21.,1,false,true,false,false,98.,86.,126.,102.,11.0584222187
1.19347028356,Sample,15,5,26.,1,false,true,false,false,98.,86.,126.,102.,11.0584335675
1.19347028356,Sample,15,5,31.,1,false,true,false,false,98.,86.,126.,102.,11.0584339317
1.19347028356,Sample,15,5,36.,1,false,true,false,false,98.,86.,126.,102.,11.0584339433
1.19347028356,Sample,15,5,41.,1,false,true,false,false,98.,86.,126.,102.,11.0584339437
1.19347028356,Sample,15,5,46.,1,false,true,false,false,98.,86.,126.,102.,11.0584339437
1.19347028356,Sample,15,5,51.,1,false,true,false,false,98.,86.,126.,102.,11.0584339437
1.33109918274,Voter,15,4,1.,1,false,true,false,false,4.,4.,18.,18.,0.
1.33109918274,Voter,15,4,6.,1,false,true,false,false,24.,22.,18.,18.,11.2055574024
1.33109918274,Voter,15,4,11.,1,false,true,false,false,24.,22.,18.,18.,11.6831647406
1.33109918274,Voter,15,4,16.,1,false,true,false,false,24.,22.,18.,18.,11.703521494
1.33109918274,Voter,15,4,21.,1,false,true,false,false,24.,22.,18.,18.,11.704389147
1.33109918274,Voter,15,4,26.,1,false,true,false,false,24.,22.,18.,18.,11.7044261284
1.33109918274,Voter,15,4,31.,1,false,true,false,false,24.,22.,18.,18.,11.7044277046
1.33109918274,Voter,15,4,36.,1,false,true,false,false,24.,22.,18.,18.,11.7044277718
1.33109918274,Voter,15,4,41.,1,false,true,false,false,24.,22.,18.,18.,11.7044277747
1.33109918274,Voter,15,4,46.,1,false,true,false,false,24.,22.,18.,18.,11.7044277748
1.33109918274,Voter,15,4,51.,1,false,true,false,false,24.,22.,18.,18.,11.7044277748
0.930114925966,Voter,15,7,1.,1,false,true,false,false,22.,22.,58.,54.,0.
0.930114925966,Voter,15,7,6.,1,false,true,false,false,54.,50.,26.,22.,9.41686764123
0.930114925966,Voter,15,7,11.,1,false,true,false,false,54.,50.,26.,22.,9.56319754752
0.930114925966,Voter,15,7,16.,1,false,true,false,false,54.,50.,26.,22.,9.56547138658
0.930114925966,Voter,15,7,21.,1,false,true,false,false,54.,50.,26.,22.,9.56550672005
0.930114925966,Voter,15,7,26.,1,false,true,false,false,54.,50.,26.,22.,9.5655072691
0.930114925966,Voter,15,7,31.,1,false,true,false,false,54.,50.,26.,22.,9.56550727763
0.930114925966,Voter,15,7,36.,1,false,true,false,false,54.,50.,26.,22.,9.56550727777
0.930114925966,Voter,15,7,41.,1,false,true,false,false,54.,50.,26.,22.,9.56550727777
0.930114925966,Voter,15,7,46.,1,false,true,false,false,54.,50.,26.,22.,9.56550727777
0.930114925966,Voter,15,7,51.,1,false,true,false,false,54.,50.,26.,22.,9.56550727777
0.946246108647,Sample,15,6,1.,1,false,true,false,false,50.,46.,74.,60.,0.
0.946246108647,Sample,15,6,6.,1,false,true,false,false,176.,146.,184.,148.,9.51005766927
0.946246108647,Sample,15,6,11.,1,false,true,false,false,182.,150.,186.,152.,9.66597008644
0.946246108647,Sample,15,6,16.,1,false,true,false,false,182.,150.,186.,152.,9.6685261889
0.946246108647,Sample,15,6,21.,1,false,true,false,false,182.,150.,186.,152.,9.66856809487
0.946246108647,Sample,15,6,26.,1,false,true,false,false,182.,150.,186.,152.,9.66856878189
0.946246108647,Sample,15,6,31.,1,false,true,false,false,182.,150.,186.,152.,9.66856879316
0.946246108647,Sample,15,6,36.,1,false,true,false,false,182.,150.,186.,152.,9.66856879334
0.946246108647,Sample,15,6,41.,1,false,true,false,false,182.,150.,186.,152.,9.66856879334
0.946246108647,Sample,15,6,46.,1,false,true,false,false,182.,150.,186.,152.,9.66856879334
0.946246108647,Sample,15,6,51.,1,false,true,false,false,182.,150.,186.,152.,9.66856879334
1.31636890043,Sample,15,7,1.,1,false,true,false,false,18.,18.,86.,76.,0.
1.31636890043,Sample,15,7,6.,1,false,true,false,false,106.,90.,118.,98.,11.1565966229
1.31636890043,Sample,15,7,11.,1,false,true,false,false,130.,108.,118.,98.,11.6189653652
1.31636890043,Sample,15,7,16.,1,false,true,false,false,130.,108.,118.,98.,11.6381275579
1.31636890043,Sample,15,7,21.,1,false,true,false,false,130.,108.,118.,98.,11.6389217068
1.31636890043,Sample,15,7,26.,1,false,true,false,false,130.,108.,118.,98.,11.6389546191
1.31636890043,Sample,15,7,31.,1,false,true,false,false,130.,108.,118.,98.,11.6389559831
1.31636890043,Sample,15,7,36.,1,false,true,false,false,130.,108.,118.,98.,11.6389560397
1.31636890043,Sample,15,7,41.,1,false,true,false,false,130.,108.,118.,98.,11.638956042
1.31636890043,Sample,15,7,46.,1,false,true,false,false,130.,108.,118.,98.,11.6389560421
1.31636890043,Sample,15,7,51.,1,false,true,false,false,130.,108.,118.,98.,11.6389560421
1.3876296776,Sample,15,5,1.,1,false,true,false,false,12.,12.,56.,50.,0.
1.3876296776,Sample,15,5,6.,1,false,true,false,false,50.,48.,78.,66.,11.3836439842
1.3876296776,Sample,15,5,11.,1,false,true,false,false,58.,56.,74.,64.,11.9215154329
1.3876296776,Sample,15,5,16.,1,false,true,false,false,58.,56.,74.,64.,11.9469295881
1.3876296776,Sample,15,5,21.,1,false,true,false,false,58.,56.,74.,64.,11.9481303941
1.3876296776,Sample,15,5,26.,1,false,true,false,false,58.,56.,74.,64.,11.9481871316
1.3876296776,Sample,15,5,31.,1,false,true,false,false,58.,56.,74.,64.,11.9481898124
1.3876296776,Sample,15,5,36.,1,false,true,false,false,58.,56.,74.,64.,11.9481899391
1.3876296776,Sample,15,5,41.,1,false,true,false,false,58.,56.,74.,64.,11.9481899451
1.3876296776,Sample,15,5,46.,1,false,true,false,false,58.,56.,74.,64.,11.9481899454
1.3876296776,Sample,15,5,51.,1,false,true,false,false,58.,56.,74.,64.,11.9481899454
1.38278573033,Voter,15,3,1.,1,false,true,false,false,0.,0.,6.,6.,0.
1.38278573033,Voter,15,3,6.,1,false,true,false,false,6.,6.,0.,0.,11.3689780705
1.38278573033,Voter,15,3,11.,1,false,true,false,false,6.,6.,0.,0.,11.9015787317
1.38278573033,Voter,15,3,16.,1,false,true,false,false,6.,6.,0.,0.,11.926529388
1.38278573033,Voter,15,3,21.,1,false,true,false,false,6.,6.,0.,0.,11.9276982473
1.38278573033,Voter,15,3,26.,1,false,true,false,false,6.,6.,0.,0.,11.9277530047
1.38278573033,Voter,15,3,31.,1,false,true,false,false,6.,6.,0.,0.,11.9277555699
1.38278573033,Voter,15,3,36.,1,false,true,false,false,6.,6.,0.,0.,11.9277556901
1.38278573033,Voter,15,3,41.,1,false,true,false,false,6.,6.,0.,0.,11.9277556957
1.38278573033,Voter,15,3,46.,1,false,true,false,false,6.,6.,0.,0.,11.927755696
1.38278573033,Voter,15,3,51.,1,false,true,false,false,6.,6.,0.,0.,11.927755696
1.0022921549,Voter,15,4,1.,1,false,true,false,false,20.,18.,24.,24.,0.
1.0022921549,Voter,15,4,6.,1,false,true,false,false,30.,28.,26.,26.,9.81809444856
1.0022921549,Voter,15,4,11.,1,false,true,false,false,30.,28.,26.,26.,10.0099148283
1.0022921549,Voter,15,4,16.,1,false,true,false,false,30.,28.,26.,26.,10.0136625065
1.0022921549,Voter,15,4,21.,1,false,true,false,false,30.,28.,26.,26.,10.0137357265
1.0022921549,Voter,15,4,26.,1,false,true,false,false,30.,28.,26.,26.,10.013737157
1.0022921549,Voter,15,4,31.,1,false,true,false,false,30.,28.,26.,26.,10.013737185
1.0022921549,Voter,15,4,36.,1,false,true,false,false,30.,28.,26.,26.,10.0137371855
1.0022921549,Voter,15,4,41.,1,false,true,false,false,30.,28.,26.,26.,10.0137371855
1.0022921549,Voter,15,4,46.,1,false,true,false,false,30.,28.,26.,26.,10.0137371855
1.0022921549,Voter,15,4,51.,1,false,true,false,false,30.,28.,26.,26.,10.0137371855
0.983178744117,Voter,15,7,1.,1,false,true,false,false,52.,48.,100.,84.,0.
0.983178744117,Voter,15,7,6.,1,false,true,false,false,106.,88.,106.,86.,9.71573094259
0.983178744117,Voter,15,7,11.,1,false,true,false,false,110.,90.,110.,88.,9.89485206304
0.983178744117,Voter,15,7,16.,1,false,true,false,false,110.,90.,110.,88.,9.89815437513
0.983178744117,Voter,15,7,21.,1,false,true,false,false,110.,90.,110.,88.,9.8982152572
0.983178744117,Voter,15,7,26.,1,false,true,false,false,110.,90.,110.,88.,9.89821637964
0.983178744117,Voter,15,7,31.,1,false,true,false,false,110.,90.,110.,88.,9.89821640033
0.983178744117,Voter,15,7,36.,1,false,true,false,false,110.,90.,110.,88.,9.89821640071
0.983178744117,Voter,15,7,41.,1,false,true,false,false,110.,90.,110.,88.,9.89821640072
0.983178744117,Voter,15,7,46.,1,false,true,false,false,110.,90.,110.,88.,9.89821640072
0.983178744117,Voter,15,7,51.,1,false,true,false,false,110.,90.,110.,88.,9.89821640072
1.18342556289,Voter,15,5,1.,1,false,true,false,false,58.,50.,86.,68.,0.
1.18342556289,Voter,15,5,6.,1,false,true,false,false,70.,52.,78.,62.,10.6628267577
1.18342556289,Voter,15,5,11.,1,false,true,false,false,68.,50.,76.,62.,10.997268416
1.18342556289,Voter,15,5,16.,1,false,true,false,false,68.,50.,76.,62.,11.0077582444
1.18342556289,Voter,15,5,21.,1,false,true,false,false,68.,50.,76.,62.,11.0080872599
1.18342556289,Voter,15,5,26.,1,false,true,false,false,68.,50.,76.,62.,11.0080975795
1.18342556289,Voter,15,5,31.,1,false,true,false,false,68.,50.,76.,62.,11.0080979032
1.18342556289,Voter,15,5,36.,1,false,true,false,false,68.,50.,76.,62.,11.0080979134
1.18342556289,Voter,15,5,41.,1,false,true,false,false,68.,50.,76.,62.,11.0080979137
1.18342556289,Voter,15,5,46.,1,false,true,false,false,68.,50.,76.,62.,11.0080979137
1.18342556289,Voter,15,5,51.,1,false,true,false,false,68.,50.,76.,62.,11.0080979137
1.16429919279,Sample,15,3,1.,1,false,true,false,false,8.,8.,18.,16.,0.
1.16429919279,Sample,15,3,6.,1,false,true,false,false,14.,12.,12.,12.,10.5835708997
1.16429919279,Sample,15,3,11.,1,false,true,false,false,14.,12.,12.,12.,10.9011366571
1.16429919279,Sample,15,3,16.,1,false,true,false,false,14.,12.,12.,12.,10.9106653891
1.16429919279,Sample,15,3,21.,1,false,true,false,false,14.,12.,12.,12.,10.9109513038
1.16429919279,Sample,15,3,26.,1,false,true,false,false,14.,12.,12.,12.,10.9109598829
1.16429919279,Sample,15,3,31.,1,false,true,false,false,14.,12.,12.,12.,10.9109601403
1.16429919279,Sample,15,3,36.,1,false,true,false,false,14.,12.,12.,12.,10.910960148
1.16429919279,Sample,15,3,41.,1,false,true,false,false,14.,12.,12.,12.,10.9109601482
1.16429919279,Sample,15,3,46.,1,false,true,false,false,14.,12.,12.,12.,10.9109601483
1.16429919279,Sample,15,3,51.,1,false,true,false,false,14.,12.,12.,12.,10.9109601483
1.09429092358,Sample,15,6,1.,1,false,true,false,false,14.,14.,54.,54.,0.
1.09429092358,Sample,15,6,6.,1,false,true,false,false,70.,66.,62.,58.,10.2742027793
1.09429092358,Sample,15,6,11.,1,false,true,false,false,78.,74.,62.,58.,10.5335575537
1.09429092358,Sample,15,6,16.,1,false,true,false,false,78.,74.,62.,58.,10.5401045239
1.09429092358,Sample,15,6,21.,1,false,true,false,false,78.,74.,62.,58.,10.540269791
1.09429092358,Sample,15,6,26.,1,false,true,false,false,78.,74.,62.,58.,10.5402739629
1.09429092358,Sample,15,6,31.,1,false,true,false,false,78.,74.,62.,58.,10.5402740682
1.09429092358,Sample,15,6,36.,1,false,true,false,false,78.,74.,62.,58.,10.5402740709
1.09429092358,Sample,15,6,41.,1,false,true,false,false,78.,74.,62.,58.,10.5402740709
1.09429092358,Sample,15,6,46.,1,false,true,false,false,78.,74.,62.,58.,10.5402740709
1.09429092358,Sample,15,6,51.,1,false,true,false,false,78.,74.,62.,58.,10.5402740709
1.03669535645,Sample,15,3,1.,1,false,true,false,false,0.,0.,6.,6.,0.
1.03669535645,Sample,15,3,6.,1,false,true,false,false,6.,6.,0.,0.,9.99559574888
1.03669535645,Sample,15,3,11.,1,false,true,false,false,6.,6.,0.,0.,10.2114414148
1.03669535645,Sample,15,3,16.,1,false,true,false,false,6.,6.,0.,0.,10.2161024027
1.03669535645,Sample,15,3,21.,1,false,true,false,false,6.,6.,0.,0.,10.2162030525
1.03669535645,Sample,15,3,26.,1,false,true,false,false,6.,6.,0.,0.,10.2162052259
1.03669535645,Sample,15,3,31.,1,false,true,false,false,6.,6.,0.,0.,10.2162052728
1.03669535645,Sample,15,3,36.,1,false,true,false,false,6.,6.,0.,0.,10.2162052739
1.03669535645,Sample,15,3,41.,1,false,true,false,false,6.,6.,0.,0.,10.2162052739
1.03669535645,Sample,15,3,46.,1,false,true,false,false,6.,6.,0.,0.,10.2162052739
1.03669535645,Sample,15,3,51.,1,false,true,false,false,6.,6.,0.,0.,10.2162052739
0.936041538351,Voter,15,3,1.,1,false,true,false,false,8.,6.,4.,4.,0.
0.936041538351,Voter,15,3,6.,1,false,true,false,false,16.,14.,4.,4.,9.45134769635
0.936041538351,Voter,15,3,11.,1,false,true,false,false,16.,14.,4.,4.,9.60115889039
0.936041538351,Voter,15,3,16.,1,false,true,false,false,16.,14.,4.,4.,9.60353351405
0.936041538351,Voter,15,3,21.,1,false,true,false,false,16.,14.,4.,4.,9.60357115368
0.936041538351,Voter,15,3,26.,1,false,true,false,false,16.,14.,4.,4.,9.6035717503
0.936041538351,Voter,15,3,31.,1,false,true,false,false,16.,14.,4.,4.,9.60357175976
0.936041538351,Voter,15,3,36.,1,false,true,false,false,16.,14.,4.,4.,9.60357175991
0.936041538351,Voter,15,3,41.,1,false,true,false,false,16.,14.,4.,4.,9.60357175991
0.936041538351,Voter,15,3,46.,1,false,true,false,false,16.,14.,4.,4.,9.60357175991
0.936041538351,Voter,15,3,51.,1,false,true,false,false,16.,14.,4.,4.,9.60357175991
0.813269268268,Sample,15,4,1.,1,false,true,false,false,12.,12.,28.,22.,0.
0.813269268268,Sample,15,4,6.,1,false,true,false,false,32.,30.,28.,26.,8.67630126196
0.813269268268,Sample,15,4,11.,1,false,true,false,false,32.,30.,28.,26.,8.7633559368
0.813269268268,Sample,15,4,16.,1,false,true,false,false,32.,30.,28.,26.,8.76422940998
0.813269268268,Sample,15,4,21.,1,false,true,false,false,32.,30.,28.,26.,8.76423817407
0.813269268268,Sample,15,4,26.,1,false,true,false,false,32.,30.,28.,26.,8.76423826201
0.813269268268,Sample,15,4,31.,1,false,true,false,false,32.,30.,28.,26.,8.76423826289
0.813269268268,Sample,15,4,36.,1,false,true,false,false,32.,30.,28.,26.,8.7642382629
0.813269268268,Sample,15,4,41.,1,false,true,false,false,32.,30.,28.,26.,8.7642382629
0.813269268268,Sample,15,4,46.,1,false,true,false,false,32.,30.,28.,26.,8.7642382629
0.813269268268,Sample,15,4,51.,1,false,true,false,false,32.,30.,28.,26.,8.7642382629
0.867539917631,Voter,15,5,1.,1,false,true,false,false,14.,14.,30.,24.,0.
0.867539917631,Voter,15,5,6.,1,false,true,false,false,38.,34.,26.,26.,9.03508248241
0.867539917631,Voter,15,5,11.,1,false,true,false,false,38.,34.,26.,26.,9.14745387926
0.867539917631,Voter,15,5,16.,1,false,true,false,false,38.,34.,26.,26.,9.14885146814
0.867539917631,Voter,15,5,21.,1,false,true,false,false,38.,34.,26.,26.,9.14886885027
0.867539917631,Voter,15,5,26.,1,false,true,false,false,38.,34.,26.,26.,9.14886906646
0.867539917631,Voter,15,5,31.,1,false,true,false,false,38.,34.,26.,26.,9.14886906915
0.867539917631,Voter,15,5,36.,1,false,true,false,false,38.,34.,26.,26.,9.14886906918
0.867539917631,Voter,15,5,41.,1,false,true,false,false,38.,34.,26.,26.,9.14886906918
0.867539917631,Voter,15,5,46.,1,false,true,false,false,38.,34.,26.,26.,9.14886906918
0.867539917631,Voter,15,5,51.,1,false,true,false,false,38.,34.,26.,26.,9.14886906918
1.39883127556,Sample,15,5,1.,1,false,true,false,false,6.,6.,36.,34.,0.
1.39883127556,Sample,15,5,6.,1,false,true,false,false,38.,34.,64.,56.,11.4171438262
1.39883127556,Sample,15,5,11.,1,false,true,false,false,58.,52.,60.,54.,11.9672778318
1.39883127556,Sample,15,5,16.,1,false,true,false,false,58.,52.,60.,54.,11.9937859873
1.39883127556,Sample,15,5,21.,1,false,true,false,false,58.,52.,60.,54.,11.9950632803
1.39883127556,Sample,15,5,26.,1,false,true,false,false,58.,52.,60.,54.,11.9951248266
1.39883127556,Sample,15,5,31.,1,false,true,false,false,58.,52.,60.,54.,11.9951277922
1.39883127556,Sample,15,5,36.,1,false,true,false,false,58.,52.,60.,54.,11.9951279351
1.39883127556,Sample,15,5,41.,1,false,true,false,false,58.,52.,60.,54.,11.9951279419
1.39883127556,Sample,15,5,46.,1,false,true,false,false,58.,52.,60.,54.,11.9951279423
1.39883127556,Sample,15,5,51.,1,false,true,false,false,58.,52.,60.,54.,11.9951279423
0.988631941315,Voter,15,7,1.,1,false,true,false,false,52.,48.,80.,70.,0.
0.988631941315,Voter,15,7,6.,1,false,true,false,false,90.,80.,70.,60.,9.74521450161
0.988631941315,Voter,15,7,11.,1,false,true,false,false,90.,80.,70.,60.,9.92791122049
0.988631941315,Voter,15,7,16.,1,false,true,false,false,90.,80.,70.,60.,9.93133629554
0.988631941315,Voter,15,7,21.,1,false,true,false,false,90.,80.,70.,60.,9.93140050654
0.988631941315,Voter,15,7,26.,1,false,true,false,false,90.,80.,70.,60.,9.93140171033
0.988631941315,Voter,15,7,31.,1,false,true,false,false,90.,80.,70.,60.,9.9314017329
0.988631941315,Voter,15,7,36.,1,false,true,false,false,90.,80.,70.,60.,9.93140173332
0.988631941315,Voter,15,7,41.,1,false,true,false,false,90.,80.,70.,60.,9.93140173333
0.988631941315,Voter,15,7,46.,1,false,true,false,false,90.,80.,70.,60.,9.93140173333
0.988631941315,Voter,15,7,51.,1,false,true,false,false,90.,80.,70.,60.,9.93140173333
1.26901656061,Sample,15,5,1.,1,false,true,false,false,4.,4.,34.,28.,0.
1.26901656061,Sample,15,5,6.,1,false,true,false,false,36.,34.,38.,34.,10.9917016944
1.26901656061,Sample,15,5,11.,1,false,true,false,false,38.,36.,36.,32.,11.4064657891
1.26901656061,Sample,15,5,16.,1,false,true,false,false,40.,38.,34.,30.,11.4221166191
1.26901656061,Sample,15,5,21.,1,false,true,false,false,40.,38.,34.,30.,11.4227071921
1.26901656061,Sample,15,5,26.,1,false,true,false,false,40.,38.,34.,30.,11.4227294769
1.26901656061,Sample,15,5,31.,1,false,true,false,false,40.,38.,34.,30.,11.4227303179
1.26901656061,Sample,15,5,36.,1,false,true,false,false,40.,38.,34.,30.,11.4227303496
1.26901656061,Sample,15,5,41.,1,false,true,false,false,40.,38.,34.,30.,11.4227303508
1.26901656061,Sample,15,5,46.,1,false,true,false,false,40.,38.,34.,30.,11.4227303508
1.26901656061,Sample,15,5,51.,1,false,true,false,false,40.,38.,34.,30.,11.4227303508
1.13227134341,Sample,15,3,1.,1,false,true,false,false,2.,2.,14.,14.,0.
1.13227134341,Sample,15,3,6.,1,false,true,false,false,12.,12.,8.,8.,10.445873152
1.13227134341,Sample,15,3,11.,1,false,true,false,false,12.,12.,8.,8.,10.7361026513
1.13227134341,Sample,15,3,16.,1,false,true,false,false,12.,12.,8.,8.,10.7441664255
1.13227134341,Sample,15,3,21.,1,false,true,false,false,12.,12.,8.,8.,10.7443904704
1.13227134341,Sample,15,3,26.,1,false,true,false,false,12.,12.,8.,8.,10.7443966953
1.13227134341,Sample,15,3,31.,1,false,true,false,false,12.,12.,8.,8.,10.7443968683
1.13227134341,Sample,15,3,36.,1,false,true,false,false,12.,12.,8.,8.,10.7443968731
1.13227134341,Sample,15,3,41.,1,false,true,false,false,12.,12.,8.,8.,10.7443968732
1.13227134341,Sample,15,3,46.,1,false,true,false,false,12.,12.,8.,8.,10.7443968732
1.13227134341,Sample,15,3,51.,1,false,true,false,false,12.,12.,8.,8.,10.7443968732
0.964121032838,Sample,15,3,1.,1,false,true,false,false,4.,4.,10.,10.,0.
0.964121032838,Sample,15,3,6.,1,false,true,false,false,16.,14.,10.,10.,9.61091807273
0.964121032838,Sample,15,3,11.,1,false,true,false,false,16.,14.,10.,10.,9.77784329982
0.964121032838,Sample,15,3,16.,1,false,true,false,false,16.,14.,10.,10.,9.78074250583
0.964121032838,Sample,15,3,21.,1,false,true,false,false,16.,14.,10.,10.,9.78079286008
0.964121032838,Sample,15,3,26.,1,false,true,false,false,16.,14.,10.,10.,9.78079373465
0.964121032838,Sample,15,3,31.,1,false,true,false,false,16.,14.,10.,10.,9.78079374984
0.964121032838,Sample,15,3,36.,1,false,true,false,false,16.,14.,10.,10.,9.78079375011
0.964121032838,Sample,15,3,41.,1,false,true,false,false,16.,14.,10.,10.,9.78079375011
0.964121032838,Sample,15,3,46.,1,false,true,false,false,16.,14.,10.,10.,9.78079375011
0.964121032838,Sample,15,3,51.,1,false,true,false,false,16.,14.,10.,10.,9.78079375011
1.1711931902,Voter,15,5,1.,1,false,true,false,false,8.,8.,38.,34.,0.
1.1711931902,Voter,15,5,6.,1,false,true,false,false,38.,36.,20.,20.,10.6123906062
1.1711931902,Voter,15,5,11.,1,false,true,false,false,40.,38.,18.,18.,10.9359923136
1.1711931902,Voter,15,5,16.,1,false,true,false,false,40.,38.,18.,18.,10.9458598419
1.1711931902,Voter,15,5,21.,1,false,true,false,false,40.,38.,18.,18.,10.9461607307
1.1711931902,Voter,15,5,26.,1,false,true,false,false,40.,38.,18.,18.,10.9461699056
1.1711931902,Voter,15,5,31.,1,false,true,false,false,40.,38.,18.,18.,10.9461701854
1.1711931902,Voter,15,5,36.,1,false,true,false,false,40.,38.,18.,18.,10.9461701939
1.1711931902,Voter,15,5,41.,1,false,true,false,false,40.,38.,18.,18.,10.9461701942
1.1711931902,Voter,15,5,46.,1,false,true,false,false,40.,38.,18.,18.,10.9461701942
1.1711931902,Voter,15,5,51.,1,false,true,false,false,40.,38.,18.,18.,10.9461701942
0.892670927333,Sample,15,4,1.,1,false,true,false,false,16.,14.,24.,24.,0.
0.892670927333,Sample,15,4,6.,1,false,true,false,false,32.,30.,12.,12.,9.19237833363
0.892670927333,Sample,15,4,11.,1,false,true,false,false,32.,30.,12.,12.,9.31777304944
0.892670927333,Sample,15,4,16.,1,false,true,false,false,32.,30.,12.,12.,9.31948357899
0.892670927333,Sample,15,4,21.,1,false,true,false,false,32.,30.,12.,12.,9.3195069126
0.892670927333,Sample,15,4,26.,1,false,true,false,false,32.,30.,12.,12.,9.3195072309
0.892670927333,Sample,15,4,31.,1,false,true,false,false,32.,30.,12.,12.,9.31950723524
0.892670927333,Sample,15,4,36.,1,false,true,false,false,32.,30.,12.,12.,9.3195072353
0.892670927333,Sample,15,4,41.,1,false,true,false,false,32.,30.,12.,12.,9.3195072353
0.892670927333,Sample,15,4,46.,1,false,true,false,false,32.,30.,12.,12.,9.3195072353
0.892670927333,Sample,15,4,51.,1,false,true,false,false,32.,30.,12.,12.,9.3195072353
0.849421391894,Sample,15,6,1.,1,false,true,false,false,22.,22.,56.,46.,0.
0.849421391894,Sample,15,6,6.,1,false,true,false,false,114.,90.,100.,80.,8.91825951401
0.849421391894,Sample,15,6,11.,1,false,true,false,false,116.,92.,98.,80.,9.02175320204
0.849421391894,Sample,15,6,16.,1,false,true,false,false,116.,92.,98.,80.,9.0229542148
0.849421391894,Sample,15,6,21.,1,false,true,false,false,116.,92.,98.,80.,9.02296815218
0.849421391894,Sample,15,6,26.,1,false,true,false,false,116.,92.,98.,80.,9.02296831392
0.849421391894,Sample,15,6,31.,1,false,true,false,false,116.,92.,98.,80.,9.0229683158
0.849421391894,Sample,15,6,36.,1,false,true,false,false,116.,92.,98.,80.,9.02296831582
0.849421391894,Sample,15,6,41.,1,false,true,false,false,116.,92.,98.,80.,9.02296831582
0.849421391894,Sample,15,6,46.,1,false,true,false,false,116.,92.,98.,80.,9.02296831582
0.849421391894,Sample,15,6,51.,1,false,true,false,false,116.,92.,98.,80.,9.02296831582
1.23517014401,Sample,15,7,1.,1,false,true,false,false,48.,46.,106.,92.,0.
1.23517014401,Sample,15,7,6.,1,false,true,false,false,252.,196.,278.,214.,10.8665490035
1.23517014401,Sample,15,7,11.,1,false,true,false,false,266.,206.,276.,214.,11.2486377837
1.23517014401,Sample,15,7,16.,1,false,true,false,false,266.,206.,276.,214.,11.2620727607
1.23517014401,Sample,15,7,21.,1,false,true,false,false,266.,206.,276.,214.,11.2625451603
1.23517014401,Sample,15,7,26.,1,false,true,false,false,266.,206.,276.,214.,11.2625617708
1.23517014401,Sample,15,7,31.,1,false,true,false,false,266.,206.,276.,214.,11.2625623549
1.23517014401,Sample,15,7,36.,1,false,true,false,false,266.,206.,276.,214.,11.2625623754
1.23517014401,Sample,15,7,41.,1,false,true,false,false,266.,206.,276.,214.,11.2625623761
1.23517014401,Sample,15,7,46.,1,false,true,false,false,266.,206.,276.,214.,11.2625623761
1.23517014401,Sample,15,7,51.,1,false,true,false,false,266.,206.,276.,214.,11.2625623761
0.805753576759,Sample,15,6,1.,1,false,true,false,false,30.,26.,80.,66.,0.
0.805753576759,Sample,15,6,6.,1,false,true,false,false,176.,142.,190.,150.,8.62447768805
0.805753576759,Sample,15,6,11.,1,false,true,false,false,178.,144.,192.,152.,8.7083267564
0.805753576759,Sample,15,6,16.,1,false,true,false,false,178.,144.,192.,152.,8.70914195548
0.805753576759,Sample,15,6,21.,1,false,true,false,false,178.,144.,192.,152.,8.70914988103
0.805753576759,Sample,15,6,26.,1,false,true,false,false,178.,144.,192.,152.,8.70914995808
0.805753576759,Sample,15,6,31.,1,false,true,false,false,178.,144.,192.,152.,8.70914995883
0.805753576759,Sample,15,6,36.,1,false,true,false,false,178.,144.,192.,152.,8.70914995884
0.805753576759,Sample,15,6,41.,1,false,true,false,false,178.,144.,192.,152.,8.70914995884
0.805753576759,Sample,15,6,46.,1,false,true,false,false,178.,144.,192.,152.,8.70914995884
0.805753576759,Sample,15,6,51.,1,false,true,false,false,178.,144.,192.,152.,8.70914995884
1.1288875707,Sample,15,5,1.,1,false,true,false,false,14.,14.,52.,48.,0.
1.1288875707,Sample,15,5,6.,1,false,true,false,false,88.,76.,78.,68.,10.4309528768
1.1288875707,Sample,15,5,11.,1,false,true,false,false,98.,86.,84.,74.,10.7183630251
1.1288875707,Sample,15,5,16.,1,false,true,false,false,98.,86.,84.,74.,10.7262822051
1.1288875707,Sample,15,5,21.,1,false,true,false,false,98.,86.,84.,74.,10.7265004069
1.1288875707,Sample,15,5,26.,1,false,true,false,false,98.,86.,84.,74.,10.7265064191
1.1288875707,Sample,15,5,31.,1,false,true,false,false,98.,86.,84.,74.,10.7265065848
1.1288875707,Sample,15,5,36.,1,false,true,false,false,98.,86.,84.,74.,10.7265065893
1.1288875707,Sample,15,5,41.,1,false,true,false,false,98.,86.,84.,74.,10.7265065895
1.1288875707,Sample,15,5,46.,1,false,true,false,false,98.,86.,84.,74.,10.7265065895
1.1288875707,Sample,15,5,51.,1,false,true,false,false,98.,86.,84.,74.,10.7265065895
0.960480343535,Voter,15,5,1.,1,false,true,false,false,24.,22.,30.,30.,0.
0.960480343535,Voter,15,5,6.,1,false,true,false,false,40.,36.,22.,22.,9.59057753255
0.960480343535,Voter,15,5,11.,1,false,true,false,false,40.,36.,22.,22.,9.75522618045
0.960480343535,Voter,15,5,16.,1,false,true,false,false,40.,36.,22.,22.,9.75805282745
0.960480343535,Voter,15,5,21.,1,false,true,false,false,40.,36.,22.,22.,9.75810135462
0.960480343535,Voter,15,5,26.,1,false,true,false,false,40.,36.,22.,22.,9.75810218772
0.960480343535,Voter,15,5,31.,1,false,true,false,false,40.,36.,22.,22.,9.75810220203
0.960480343535,Voter,15,5,36.,1,false,true,false,false,40.,36.,22.,22.,9.75810220227
0.960480343535,Voter,15,5,41.,1,false,true,false,false,40.,36.,22.,22.,9.75810220228
0.960480343535,Voter,15,5,46.,1,false,true,false,false,40.,36.,22.,22.,9.75810220228
0.960480343535,Voter,15,5,51.,1,false,true,false,false,40.,36.,22.,22.,9.75810220228
0.905186372982,Voter,15,7,1.,1,false,true,false,false,88.,76.,116.,94.,0.
0.905186372982,Voter,15,7,6.,1,false,true,false,false,118.,96.,110.,88.,9.26870630103
0.905186372982,Voter,15,7,11.,1,false,true,false,false,118.,96.,110.,88.,9.4008947114
0.905186372982,Voter,15,7,16.,1,false,true,false,false,118.,96.,110.,88.,9.40277995572
0.905186372982,Voter,15,7,21.,1,false,true,false,false,118.,96.,110.,88.,9.40280684269
0.905186372982,Voter,15,7,26.,1,false,true,false,false,118.,96.,110.,88.,9.40280722615
0.905186372982,Voter,15,7,31.,1,false,true,false,false,118.,96.,110.,88.,9.40280723161
0.905186372982,Voter,15,7,36.,1,false,true,false,false,118.,96.,110.,88.,9.40280723169
0.905186372982,Voter,15,7,41.,1,false,true,false,false,118.,96.,110.,88.,9.40280723169
0.905186372982,Voter,15,7,46.,1,false,true,false,false,118.,96.,110.,88.,9.40280723169
0.905186372982,Voter,15,7,51.,1,false,true,false,false,118.,96.,110.,88.,9.40280723169
1.24972269565,Voter,15,5,1.,1,false,true,false,false,20.,20.,66.,52.,0.
1.24972269565,Voter,15,5,6.,1,false,true,false,false,56.,50.,62.,50.,10.9211241125
1.24972269565,Voter,15,5,11.,1,false,true,false,false,58.,52.,60.,48.,11.3171196766
1.24972269565,Voter,15,5,16.,1,false,true,false,false,58.,52.,60.,48.,11.3314783164
1.24972269565,Voter,15,5,21.,1,false,true,false,false,58.,52.,60.,48.,11.3319989549
1.24972269565,Voter,15,5,26.,1,false,true,false,false,58.,52.,60.,48.,11.332017833
1.24972269565,Voter,15,5,31.,1,false,true,false,false,58.,52.,60.,48.,11.3320185175
1.24972269565,Voter,15,5,36.,1,false,true,false,false,58.,52.,60.,48.,11.3320185423
1.24972269565,Voter,15,5,41.,1,false,true,false,false,58.,52.,60.,48.,11.3320185432
1.24972269565,Voter,15,5,46.,1,false,true,false,false,58.,52.,60.,48.,11.3320185433
1.24972269565,Voter,15,5,51.,1,false,true,false,false,58.,52.,60.,48.,11.3320185433
0.960940724621,Sample,15,5,1.,1,false,true,false,false,12.,12.,46.,44.,0.
0.960940724621,Sample,15,5,6.,1,false,true,false,false,78.,70.,76.,68.,9.59315536277
0.960940724621,Sample,15,5,11.,1,false,true,false,false,82.,72.,80.,70.,9.75809094796
0.960940724621,Sample,15,5,16.,1,false,true,false,false,82.,72.,80.,70.,9.76092669347
0.960940724621,Sample,15,5,21.,1,false,true,false,false,82.,72.,80.,70.,9.76097544858
0.960940724621,Sample,15,5,26.,1,false,true,false,false,82.,72.,80.,70.,9.76097628683
0.960940724621,Sample,15,5,31.,1,false,true,false,false,82.,72.,80.,70.,9.76097630124
0.960940724621,Sample,15,5,36.,1,false,true,false,false,82.,72.,80.,70.,9.76097630149
0.960940724621,Sample,15,5,41.,1,false,true,false,false,82.,72.,80.,70.,9.76097630149
0.960940724621,Sample,15,5,46.,1,false,true,false,false,82.,72.,80.,70.,9.76097630149
0.960940724621,Sample,15,5,51.,1,false,true,false,false,82.,72.,80.,70.,9.76097630149
1.39046477949,Voter,15,5,1.,1,false,true,false,false,32.,26.,52.,40.,0.
1.39046477949,Voter,15,5,6.,1,false,true,false,false,64.,52.,48.,40.,11.3921773273
1.39046477949,Voter,15,5,11.,1,false,true,false,false,64.,52.,48.,40.,11.9331426955
1.39046477949,Voter,15,5,16.,1,false,true,false,false,64.,52.,48.,40.,11.9588308077
1.39046477949,Voter,15,5,21.,1,false,true,false,false,64.,52.,48.,40.,11.9600506254
1.39046477949,Voter,15,5,26.,1,false,true,false,false,64.,52.,48.,40.,11.9601085493
1.39046477949,Voter,15,5,31.,1,false,true,false,false,64.,52.,48.,40.,11.9601112998
1.39046477949,Voter,15,5,36.,1,false,true,false,false,64.,52.,48.,40.,11.9601114304
1.39046477949,Voter,15,5,41.,1,false,true,false,false,64.,52.,48.,40.,11.9601114366
1.39046477949,Voter,15,5,46.,1,false,true,false,false,64.,52.,48.,40.,11.9601114369
1.39046477949,Voter,15,5,51.,1,false,true,false,false,64.,52.,48.,40.,11.9601114369
1.34919540409,Sample,15,7,1.,1,false,true,false,false,62.,58.,146.,122.,0.
1.34919540409,Sample,15,7,6.,1,false,true,false,false,314.,234.,366.,254.,11.2642372505
1.34919540409,Sample,15,7,11.,1,false,true,false,false,326.,238.,366.,252.,11.7608335051
1.34919540409,Sample,15,7,16.,1,false,true,false,false,326.,238.,366.,252.,11.7827264957
1.34919540409,Sample,15,7,21.,1,false,true,false,false,326.,238.,366.,252.,11.7836916722
1.34919540409,Sample,15,7,26.,1,false,true,false,false,326.,238.,366.,252.,11.7837342231
1.34919540409,Sample,15,7,31.,1,false,true,false,false,326.,238.,366.,252.,11.783736099
1.34919540409,Sample,15,7,36.,1,false,true,false,false,326.,238.,366.,252.,11.7837361817
1.34919540409,Sample,15,7,41.,1,false,true,false,false,326.,238.,366.,252.,11.7837361853
1.34919540409,Sample,15,7,46.,1,false,true,false,false,326.,238.,366.,252.,11.7837361855
1.34919540409,Sample,15,7,51.,1,false,true,false,false,326.,238.,366.,252.,11.7837361855
1.01420395413,Sample,15,6,1.,1,false,true,false,false,22.,20.,58.,50.,0.
1.01420395413,Sample,15,6,6.,1,false,true,false,false,82.,72.,66.,56.,9.88052201844
1.01420395413,Sample,15,6,11.,1,false,true,false,false,88.,76.,68.,58.,10.0804919814
1.01420395413,Sample,15,6,16.,1,false,true,false,false,88.,76.,68.,58.,10.0845391345
1.01420395413,Sample,15,6,21.,1,false,true,false,false,88.,76.,68.,58.,10.0846210441
1.01420395413,Sample,15,6,26.,1,false,true,false,false,88.,76.,68.,58.,10.0846227018
1.01420395413,Sample,15,6,31.,1,false,true,false,false,88.,76.,68.,58.,10.0846227354
1.01420395413,Sample,15,6,36.,1,false,true,false,false,88.,76.,68.,58.,10.0846227361
1.01420395413,Sample,15,6,41.,1,false,true,false,false,88.,76.,68.,58.,10.0846227361
1.01420395413,Sample,15,6,46.,1,false,true,false,false,88.,76.,68.,58.,10.0846227361
1.01420395413,Sample,15,6,51.,1,false,true,false,false,88.,76.,68.,58.,10.0846227361
1.24931034963,Sample,15,6,1.,1,false,true,false,false,30.,26.,84.,68.,0.
1.24931034963,Sample,15,6,6.,1,false,true,false,false,114.,92.,100.,84.,10.9195937329
1.24931034963,Sample,15,6,11.,1,false,true,false,false,136.,108.,102.,84.,11.3151922698
1.24931034963,Sample,15,6,16.,1,false,true,false,false,136.,108.,102.,84.,11.3295241402
1.24931034963,Sample,15,6,21.,1,false,true,false,false,136.,108.,102.,84.,11.3300433598
1.24931034963,Sample,15,6,26.,1,false,true,false,false,136.,108.,102.,84.,11.3300621702
1.24931034963,Sample,15,6,31.,1,false,true,false,false,136.,108.,102.,84.,11.3300628517
1.24931034963,Sample,15,6,36.,1,false,true,false,false,136.,108.,102.,84.,11.3300628764
1.24931034963,Sample,15,6,41.,1,false,true,false,false,136.,108.,102.,84.,11.3300628773
1.24931034963,Sample,15,6,46.,1,false,true,false,false,136.,108.,102.,84.,11.3300628773
1.24931034963,Sample,15,6,51.,1,false,true,false,false,136.,108.,102.,84.,11.3300628773
1.00384774964,Sample,15,6,1.,1,false,true,false,false,24.,24.,70.,58.,0.
1.00384774964,Sample,15,6,6.,1,false,true,false,false,160.,128.,162.,134.,9.82630612069
1.00384774964,Sample,15,6,11.,1,false,true,false,false,160.,128.,162.,134.,10.0191805584
1.00384774964,Sample,15,6,16.,1,false,true,false,false,160.,128.,162.,134.,10.0229663705
1.00384774964,Sample,15,6,21.,1,false,true,false,false,160.,128.,162.,134.,10.0230406798
1.00384774964,Sample,15,6,26.,1,false,true,false,false,160.,128.,162.,134.,10.0230421384
1.00384774964,Sample,15,6,31.,1,false,true,false,false,160.,128.,162.,134.,10.023042167
1.00384774964,Sample,15,6,36.,1,false,true,false,false,160.,128.,162.,134.,10.0230421676
1.00384774964,Sample,15,6,41.,1,false,true,false,false,160.,128.,162.,134.,10.0230421676
1.00384774964,Sample,15,6,46.,1,false,true,false,false,160.,128.,162.,134.,10.0230421676
1.00384774964,Sample,15,6,51.,1,false,true,false,false,160.,128.,162.,134.,10.0230421676
1.24227301565,Voter,15,7,1.,1,false,true,false,false,32.,32.,78.,68.,0.
1.24227301565,Voter,15,7,6.,1,false,true,false,false,104.,84.,78.,68.,10.8933319056
1.24227301565,Voter,15,7,11.,1,false,true,false,false,104.,84.,78.,68.,11.2821812512
1.24227301565,Voter,15,7,16.,1,false,true,false,false,104.,84.,78.,68.,11.2960616521
1.24227301565,Voter,15,7,21.,1,false,true,false,false,104.,84.,78.,68.,11.2965571281
1.24227301565,Voter,15,7,26.,1,false,true,false,false,104.,84.,78.,68.,11.2965748147
1.24227301565,Voter,15,7,31.,1,false,true,false,false,104.,84.,78.,68.,11.296575446
1.24227301565,Voter,15,7,36.,1,false,true,false,false,104.,84.,78.,68.,11.2965754686
1.24227301565,Voter,15,7,41.,1,false,true,false,false,104.,84.,78.,68.,11.2965754694
1.24227301565,Voter,15,7,46.,1,false,true,false,false,104.,84.,78.,68.,11.2965754694
1.24227301565,Voter,15,7,51.,1,false,true,false,false,104.,84.,78.,68.,11.2965754694
1.39731363903,Voter,15,3,1.,1,false,true,false,false,4.,4.,16.,14.,0.
1.39731363903,Voter,15,3,6.,1,false,true,false,false,16.,14.,12.,12.,11.4126388747
1.39731363903,Voter,15,3,11.,1,false,true,false,false,16.,14.,12.,12.,11.9611055089
1.39731363903,Voter,15,3,16.,1,false,true,false,false,16.,14.,12.,12.,11.987463624
1.39731363903,Voter,15,3,21.,1,false,true,false,false,16.,14.,12.,12.,11.9887303378
1.39731363903,Voter,15,3,26.,1,false,true,false,false,16.,14.,12.,12.,11.9887912133
1.39731363903,Voter,15,3,31.,1,false,true,false,false,16.,14.,12.,12.,11.9887941388
1.39731363903,Voter,15,3,36.,1,false,true,false,false,16.,14.,12.,12.,11.9887942794
1.39731363903,Voter,15,3,41.,1,false,true,false,false,16.,14.,12.,12.,11.9887942862
1.39731363903,Voter,15,3,46.,1,false,true,false,false,16.,14.,12.,12.,11.9887942865
1.39731363903,Voter,15,3,51.,1,false,true,false,false,16.,14.,12.,12.,11.9887942865
1.14315975916,Sample,15,6,1.,1,false,true,false,false,28.,26.,78.,74.,0.
1.14315975916,Sample,15,6,6.,1,false,true,false,false,160.,132.,166.,128.,10.4933970415
1.14315975916,Sample,15,6,11.,1,false,true,false,false,174.,142.,168.,134.,10.7927885137
1.14315975916,Sample,15,6,16.,1,false,true,false,false,174.,142.,168.,134.,10.8013305762
1.14315975916,Sample,15,6,21.,1,false,true,false,false,174.,142.,168.,134.,10.8015742934
1.14315975916,Sample,15,6,26.,1,false,true,false,false,174.,142.,168.,134.,10.801581247
1.14315975916,Sample,15,6,31.,1,false,true,false,false,174.,142.,168.,134.,10.8015814454
1.14315975916,Sample,15,6,36.,1,false,true,false,false,174.,142.,168.,134.,10.801581451
1.14315975916,Sample,15,6,41.,1,false,true,false,false,174.,142.,168.,134.,10.8015814512
1.14315975916,Sample,15,6,46.,1,false,true,false,false,174.,142.,168.,134.,10.8015814512
1.14315975916,Sample,15,6,51.,1,false,true,false,false,174.,142.,168.,134.,10.8015814512
1.3003210043,Voter,15,4,1.,1,false,true,false,false,14.,14.,28.,26.,0.
1.3003210043,Voter,15,4,6.,1,false,true,false,false,40.,32.,26.,26.,11.1020112114
1.3003210043,Voter,15,4,11.,1,false,true,false,false,40.,32.,26.,26.,11.5480068874
1.3003210043,Voter,15,4,16.,1,false,true,false,false,40.,32.,26.,26.,11.565923654
1.3003210043,Voter,15,4,21.,1,false,true,false,false,40.,32.,26.,26.,11.5666434155
1.3003210043,Voter,15,4,26.,1,false,true,false,false,40.,32.,26.,26.,11.5666723301
1.3003210043,Voter,15,4,31.,1,false,true,false,false,40.,32.,26.,26.,11.5666734917
1.3003210043,Voter,15,4,36.,1,false,true,false,false,40.,32.,26.,26.,11.5666735384
1.3003210043,Voter,15,4,41.,1,false,true,false,false,40.,32.,26.,26.,11.5666735402
1.3003210043,Voter,15,4,46.,1,false,true,false,false,40.,32.,26.,26.,11.5666735403
1.3003210043,Voter,15,4,51.,1,false,true,false,false,40.,32.,26.,26.,11.5666735403
1.05138841899,Sample,15,5,1.,1,false,true,false,false,10.,10.,38.,34.,0.
1.05138841899,Sample,15,5,6.,1,false,true,false,false,38.,34.,54.,50.,10.0688333563
1.05138841899,Sample,15,5,11.,1,false,true,false,false,50.,42.,58.,50.,10.2953915467
1.05138841899,Sample,15,5,16.,1,false,true,false,false,50.,42.,58.,50.,10.3004893184
1.05138841899,Sample,15,5,21.,1,false,true,false,false,50.,42.,58.,50.,10.300604023
1.05138841899,Sample,15,5,26.,1,false,true,false,false,50.,42.,58.,50.,10.300606604
1.05138841899,Sample,15,5,31.,1,false,true,false,false,50.,42.,58.,50.,10.300606662
1.05138841899,Sample,15,5,36.,1,false,true,false,false,50.,42.,58.,50.,10.3006066633
1.05138841899,Sample,15,5,41.,1,false,true,false,false,50.,42.,58.,50.,10.3006066634
1.05138841899,Sample,15,5,46.,1,false,true,false,false,50.,42.,58.,50.,10.3006066634
1.05138841899,Sample,15,5,51.,1,false,true,false,false,50.,42.,58.,50.,10.3006066634
1.16348388342,Sample,15,3,1.,1,false,true,false,false,2.,2.,6.,6.,0.
1.16348388342,Sample,15,3,6.,1,false,true,false,false,6.,6.,2.,2.,10.5801436148
1.16348388342,Sample,15,3,11.,1,false,true,false,false,6.,6.,2.,2.,10.8969990573
1.16348388342,Sample,15,3,16.,1,false,true,false,false,6.,6.,2.,2.,10.9064882831
1.16348388342,Sample,15,3,21.,1,false,true,false,false,6.,6.,2.,2.,10.9067724676
1.16348388342,Sample,15,3,26.,1,false,true,false,false,6.,6.,2.,2.,10.9067809784
1.16348388342,Sample,15,3,31.,1,false,true,false,false,6.,6.,2.,2.,10.9067812333
1.16348388342,Sample,15,3,36.,1,false,true,false,false,6.,6.,2.,2.,10.9067812409
1.16348388342,Sample,15,3,41.,1,false,true,false,false,6.,6.,2.,2.,10.9067812412
1.16348388342,Sample,15,3,46.,1,false,true,false,false,6.,6.,2.,2.,10.9067812412
1.16348388342,Sample,15,3,51.,1,false,true,false,false,6.,6.,2.,2.,10.9067812412
1.22942674546,Voter,15,5,1.,1,false,true,false,false,18.,18.,56.,48.,0.
1.22942674546,Voter,15,5,6.,1,false,true,false,false,48.,46.,46.,42.,10.8446875435
1.22942674546,Voter,15,5,11.,1,false,true,false,false,48.,46.,46.,42.,11.221347851
1.22942674546,Voter,15,5,16.,1,false,true,false,false,48.,46.,46.,42.,11.2344301077
1.22942674546,Voter,15,5,21.,1,false,true,false,false,48.,46.,46.,42.,11.2348844839
1.22942674546,Voter,15,5,26.,1,false,true,false,false,48.,46.,46.,42.,11.2349002654
1.22942674546,Voter,15,5,31.,1,false,true,false,false,48.,46.,46.,42.,11.2349008135
1.22942674546,Voter,15,5,36.,1,false,true,false,false,48.,46.,46.,42.,11.2349008325
1.22942674546,Voter,15,5,41.,1,false,true,false,false,48.,46.,46.,42.,11.2349008332
1.22942674546,Voter,15,5,46.,1,false,true,false,false,48.,46.,46.,42.,11.2349008332
1.22942674546,Voter,15,5,51.,1,false,true,false,false,48.,46.,46.,42.,11.2349008332
1.31749871318,Sample,15,4,1.,1,false,true,false,false,6.,6.,16.,14.,0.
1.31749871318,Sample,15,4,6.,1,false,true,false,false,20.,18.,10.,10.,11.1603903864
1.31749871318,Sample,15,4,11.,1,false,true,false,false,22.,20.,8.,8.,11.6239208779
1.31749871318,Sample,15,4,16.,1,false,true,false,false,22.,20.,8.,8.,11.6431729389
1.31749871318,Sample,15,4,21.,1,false,true,false,false,22.,20.,8.,8.,11.6439725451
1.31749871318,Sample,15,4,26.,1,false,true,false,false,22.,20.,8.,8.,11.6440057556
1.31749871318,Sample,15,4,31.,1,false,true,false,false,22.,20.,8.,8.,11.6440071349
1.31749871318,Sample,15,4,36.,1,false,true,false,false,22.,20.,8.,8.,11.6440071922
1.31749871318,Sample,15,4,41.,1,false,true,false,false,22.,20.,8.,8.,11.6440071946
1.31749871318,Sample,15,4,46.,1,false,true,false,false,22.,20.,8.,8.,11.6440071947
1.31749871318,Sample,15,4,51.,1,false,true,false,false,22.,20.,8.,8.,11.6440071947
0.813251585071,Voter,15,6,1.,1,false,true,false,false,12.,10.,40.,36.,0.
0.813251585071,Voter,15,6,6.,1,false,true,false,false,38.,32.,22.,22.,8.67617995455
0.813251585071,Voter,15,6,11.,1,false,true,false,false,38.,32.,22.,22.,8.76322700191
0.813251585071,Voter,15,6,16.,1,false,true,false,false,38.,32.,22.,22.,8.76410033424
0.813251585071,Voter,15,6,21.,1,false,true,false,false,38.,32.,22.,22.,8.76410909627
0.813251585071,Voter,15,6,26.,1,false,true,false,false,38.,32.,22.,22.,8.76410918418
0.813251585071,Voter,15,6,31.,1,false,true,false,false,38.,32.,22.,22.,8.76410918506
0.813251585071,Voter,15,6,36.,1,false,true,false,false,38.,32.,22.,22.,8.76410918507
0.813251585071,Voter,15,6,41.,1,false,true,false,false,38.,32.,22.,22.,8.76410918507
0.813251585071,Voter,15,6,46.,1,false,true,false,false,38.,32.,22.,22.,8.76410918507
0.813251585071,Voter,15,6,51.,1,false,true,false,false,38.,32.,22.,22.,8.76410918507
1.26120860673,Voter,15,3,1.,1,false,true,false,false,4.,4.,6.,6.,0.
1.26120860673,Voter,15,3,6.,1,false,true,false,false,10.,10.,0.,0.,10.9633816501
1.26120860673,Voter,15,3,11.,1,false,true,false,false,10.,10.,0.,0.,11.3705054678
1.26120860673,Voter,15,3,16.,1,false,true,false,false,10.,10.,0.,0.,11.3856239603
1.26120860673,Voter,15,3,21.,1,false,true,false,false,10.,10.,0.,0.,11.3861853837
1.26120860673,Voter,15,3,26.,1,false,true,false,false,10.,10.,0.,0.,11.386206232
1.26120860673,Voter,15,3,31.,1,false,true,false,false,10.,10.,0.,0.,11.3862070062
1.26120860673,Voter,15,3,36.,1,false,true,false,false,10.,10.,0.,0.,11.386207035
1.26120860673,Voter,15,3,41.,1,false,true,false,false,10.,10.,0.,0.,11.3862070361
1.26120860673,Voter,15,3,46.,1,false,true,false,false,10.,10.,0.,0.,11.3862070361
1.26120860673,Voter,15,3,51.,1,false,true,false,false,10.,10.,0.,0.,11.3862070361
1.15279147755,Voter,15,7,1.,1,false,true,false,false,46.,42.,108.,90.,0.
1.15279147755,Voter,15,7,6.,1,false,true,false,false,130.,104.,116.,90.,10.5348224086
1.15279147755,Voter,15,7,11.,1,false,true,false,false,134.,104.,116.,92.,10.8424317201
1.15279147755,Voter,15,7,16.,1,false,true,false,false,134.,104.,116.,92.,10.8514136929
1.15279147755,Voter,15,7,21.,1,false,true,false,false,134.,104.,116.,92.,10.8516759601
1.15279147755,Voter,15,7,26.,1,false,true,false,false,134.,104.,116.,92.,10.8516836181
1.15279147755,Voter,15,7,31.,1,false,true,false,false,134.,104.,116.,92.,10.8516838418
1.15279147755,Voter,15,7,36.,1,false,true,false,false,134.,104.,116.,92.,10.8516838483
1.15279147755,Voter,15,7,41.,1,false,true,false,false,134.,104.,116.,92.,10.8516838485
1.15279147755,Voter,15,7,46.,1,false,true,false,false,134.,104.,116.,92.,10.8516838485
1.15279147755,Voter,15,7,51.,1,false,true,false,false,134.,104.,116.,92.,10.8516838485
1.15608004381,Voter,15,3,1.,1,false,true,false,false,8.,8.,16.,16.,0.
1.15608004381,Voter,15,3,6.,1,false,true,false,false,12.,12.,16.,16.,10.5488356827
1.15608004381,Voter,15,3,11.,1,false,true,false,false,10.,10.,14.,14.,10.8592749874
1.15608004381,Voter,15,3,16.,1,false,true,false,false,10.,10.,14.,14.,10.8684108356
1.15608004381,Voter,15,3,21.,1,false,true,false,false,10.,10.,14.,14.,10.8686796924
1.15608004381,Voter,15,3,26.,1,false,true,false,false,10.,10.,14.,14.,10.8686876045
1.15608004381,Voter,15,3,31.,1,false,true,false,false,10.,10.,14.,14.,10.8686878374
1.15608004381,Voter,15,3,36.,1,false,true,false,false,10.,10.,14.,14.,10.8686878442
1.15608004381,Voter,15,3,41.,1,false,true,false,false,10.,10.,14.,14.,10.8686878444
1.15608004381,Voter,15,3,46.,1,false,true,false,false,10.,10.,14.,14.,10.8686878444
1.15608004381,Voter,15,3,51.,1,false,true,false,false,10.,10.,14.,14.,10.8686878444
0.843685860253,Voter,15,6,1.,1,false,true,false,false,38.,32.,40.,38.,0.
0.843685860253,Voter,15,6,6.,1,false,true,false,false,52.,44.,42.,38.,8.8806688576
0.843685860253,Voter,15,6,11.,1,false,true,false,false,52.,44.,42.,38.,8.98144137159
0.843685860253,Voter,15,6,16.,1,false,true,false,false,52.,44.,42.,38.,8.98258487776
0.843685860253,Voter,15,6,21.,1,false,true,false,false,52.,44.,42.,38.,8.98259785358
0.843685860253,Voter,15,6,26.,1,false,true,false,false,52.,44.,42.,38.,8.98259800082
0.843685860253,Voter,15,6,31.,1,false,true,false,false,52.,44.,42.,38.,8.98259800249
0.843685860253,Voter,15,6,36.,1,false,true,false,false,52.,44.,42.,38.,8.98259800251
0.843685860253,Voter,15,6,41.,1,false,true,false,false,52.,44.,42.,38.,8.98259800251
0.843685860253,Voter,15,6,46.,1,false,true,false,false,52.,44.,42.,38.,8.98259800251
0.843685860253,Voter,15,6,51.,1,false,true,false,false,52.,44.,42.,38.,8.98259800251
1.26482945433,Sample,15,6,1.,1,false,true,false,false,12.,12.,46.,40.,0.
1.26482945433,Sample,15,6,6.,1,false,true,false,false,56.,48.,42.,38.,10.976555355
1.26482945433,Sample,15,6,11.,1,false,true,false,false,56.,50.,38.,36.,11.3872147194
1.26482945433,Sample,15,6,16.,1,false,true,false,false,56.,50.,38.,36.,11.402578475
1.26482945433,Sample,15,6,21.,1,false,true,false,false,56.,50.,38.,36.,11.4031532701
1.26482945433,Sample,15,6,26.,1,false,true,false,false,56.,50.,38.,36.,11.4031747746
1.26482945433,Sample,15,6,31.,1,false,true,false,false,56.,50.,38.,36.,11.4031755791
1.26482945433,Sample,15,6,36.,1,false,true,false,false,56.,50.,38.,36.,11.4031756092
1.26482945433,Sample,15,6,41.,1,false,true,false,false,56.,50.,38.,36.,11.4031756103
1.26482945433,Sample,15,6,46.,1,false,true,false,false,56.,50.,38.,36.,11.4031756104
1.26482945433,Sample,15,6,51.,1,false,true,false,false,56.,50.,38.,36.,11.4031756104
1.163439445,Voter,15,4,1.,1,false,true,false,false,14.,14.,24.,22.,0.
1.163439445,Voter,15,4,6.,1,false,true,false,false,26.,24.,12.,12.,10.5799566951
1.163439445,Voter,15,4,11.,1,false,true,false,false,26.,24.,12.,12.,10.8967734434
1.163439445,Voter,15,4,16.,1,false,true,false,false,26.,24.,12.,12.,10.9062605193
1.163439445,Voter,15,4,21.,1,false,true,false,false,26.,24.,12.,12.,10.9065446097
1.163439445,Voter,15,4,26.,1,false,true,false,false,26.,24.,12.,12.,10.9065531168
1.163439445,Voter,15,4,31.,1,false,true,false,false,26.,24.,12.,12.,10.9065533715
1.163439445,Voter,15,4,36.,1,false,true,false,false,26.,24.,12.,12.,10.9065533792
1.163439445,Voter,15,4,41.,1,false,true,false,false,26.,24.,12.,12.,10.9065533794
1.163439445,Voter,15,4,46.,1,false,true,false,false,26.,24.,12.,12.,10.9065533794
1.163439445,Voter,15,4,51.,1,false,true,false,false,26.,24.,12.,12.,10.9065533794
1.23719820056,Voter,15,7,1.,1,false,true,false,false,20.,18.,70.,58.,0.
1.23719820056,Voter,15,7,6.,1,false,true,false,false,62.,54.,32.,32.,10.8742246975
1.23719820056,Voter,15,7,11.,1,false,true,false,false,62.,54.,32.,32.,11.2582384944
1.23719820056,Voter,15,7,16.,1,false,true,false,false,62.,54.,32.,32.,11.271799608
1.23719820056,Voter,15,7,21.,1,false,true,false,false,64.,56.,34.,32.,11.272278507
1.23719820056,Voter,15,7,26.,1,false,true,false,false,64.,56.,34.,32.,11.2722954189
1.23719820056,Voter,15,7,31.,1,false,true,false,false,64.,56.,34.,32.,11.2722960161
1.23719820056,Voter,15,7,36.,1,false,true,false,false,64.,56.,34.,32.,11.2722960372
1.23719820056,Voter,15,7,41.,1,false,true,false,false,64.,56.,34.,32.,11.2722960379
1.23719820056,Voter,15,7,46.,1,false,true,false,false,64.,56.,34.,32.,11.2722960379
1.23719820056,Voter,15,7,51.,1,false,true,false,false,64.,56.,34.,32.,11.2722960379
1.0521701776,Voter,15,7,1.,1,false,true,false,false,54.,50.,100.,82.,0.
1.0521701776,Voter,15,7,6.,1,false,true,false,false,112.,92.,98.,86.,10.0726878075
1.0521701776,Voter,15,7,11.,1,false,true,false,false,112.,92.,98.,86.,10.2998234669
1.0521701776,Voter,15,7,16.,1,false,true,false,false,112.,92.,98.,86.,10.3049452982
1.0521701776,Voter,15,7,21.,1,false,true,false,false,112.,92.,98.,86.,10.3050607937
1.0521701776,Voter,15,7,26.,1,false,true,false,false,112.,92.,98.,86.,10.3050633981
1.0521701776,Voter,15,7,31.,1,false,true,false,false,112.,92.,98.,86.,10.3050634568
1.0521701776,Voter,15,7,36.,1,false,true,false,false,112.,92.,98.,86.,10.3050634582
1.0521701776,Voter,15,7,41.,1,false,true,false,false,112.,92.,98.,86.,10.3050634582
1.0521701776,Voter,15,7,46.,1,false,true,false,false,112.,92.,98.,86.,10.3050634582
1.0521701776,Voter,15,7,51.,1,false,true,false,false,112.,92.,98.,86.,10.3050634582
1.10785580604,Sample,15,3,1.,1,false,true,false,false,2.,2.,6.,6.,0.
1.10785580604,Sample,15,3,6.,1,false,true,false,false,8.,8.,0.,0.,10.3365835815
1.10785580604,Sample,15,3,11.,1,false,true,false,false,8.,8.,0.,0.,10.6067700021
1.10785580604,Sample,15,3,16.,1,false,true,false,false,8.,8.,0.,0.,10.6138323647
1.10785580604,Sample,15,3,21.,1,false,true,false,false,8.,8.,0.,0.,10.6140169668
1.10785580604,Sample,15,3,26.,1,false,true,false,false,8.,8.,0.,0.,10.6140217921
1.10785580604,Sample,15,3,31.,1,false,true,false,false,8.,8.,0.,0.,10.6140219182
1.10785580604,Sample,15,3,36.,1,false,true,false,false,8.,8.,0.,0.,10.6140219215
1.10785580604,Sample,15,3,41.,1,false,true,false,false,8.,8.,0.,0.,10.6140219216
1.10785580604,Sample,15,3,46.,1,false,true,false,false,8.,8.,0.,0.,10.6140219216
1.10785580604,Sample,15,3,51.,1,false,true,false,false,8.,8.,0.,0.,10.6140219216
0.992291924398,Sample,15,6,1.,1,false,true,false,false,32.,32.,62.,56.,0.
0.992291924398,Sample,15,6,6.,1,false,true,false,false,124.,98.,110.,84.,9.76487755359
0.992291924398,Sample,15,6,11.,1,false,true,false,false,124.,98.,110.,84.,9.94999542296
0.992291924398,Sample,15,6,16.,1,false,true,false,false,124.,98.,110.,84.,9.95350479882
0.992291924398,Sample,15,6,21.,1,false,true,false,false,124.,98.,110.,84.,9.95357132788
0.992291924398,Sample,15,6,26.,1,false,true,false,false,124.,98.,110.,84.,9.95357258911
0.992291924398,Sample,15,6,31.,1,false,true,false,false,124.,98.,110.,84.,9.95357261302
0.992291924398,Sample,15,6,36.,1,false,true,false,false,124.,98.,110.,84.,9.95357261347
0.992291924398,Sample,15,6,41.,1,false,true,false,false,124.,98.,110.,84.,9.95357261348
0.992291924398,Sample,15,6,46.,1,false,true,false,false,124.,98.,110.,84.,9.95357261348
0.992291924398,Sample,15,6,51.,1,false,true,false,false,124.,98.,110.,84.,9.95357261348
1.11217037078,Voter,15,3,1.,1,false,true,false,false,6.,6.,8.,8.,0.
1.11217037078,Voter,15,3,6.,1,false,true,false,false,14.,14.,8.,8.,10.3561741877
1.11217037078,Voter,15,3,11.,1,false,true,false,false,14.,14.,8.,8.,10.6298515956
1.11217037078,Voter,15,3,16.,1,false,true,false,false,14.,14.,8.,8.,10.6370839309
1.11217037078,Voter,15,3,21.,1,false,true,false,false,14.,14.,8.,8.,10.6372750562
1.11217037078,Voter,15,3,26.,1,false,true,false,false,14.,14.,8.,8.,10.6372801069
1.11217037078,Voter,15,3,31.,1,false,true,false,false,14.,14.,8.,8.,10.6372802404
1.11217037078,Voter,15,3,36.,1,false,true,false,false,14.,14.,8.,8.,10.6372802439
1.11217037078,Voter,15,3,41.,1,false,true,false,false,14.,14.,8.,8.,10.637280244
1.11217037078,Voter,15,3,46.,1,false,true,false,false,14.,14.,8.,8.,10.637280244
1.11217037078,Voter,15,3,51.,1,false,true,false,false,14.,14.,8.,8.,10.637280244
1.31289435799,Sample,15,7,1.,1,false,true,false,false,30.,30.,100.,90.,0.
1.31289435799,Sample,15,7,6.,1,false,true,false,false,180.,138.,190.,142.,11.1448892194
1.31289435799,Sample,15,7,11.,1,false,true,false,false,186.,142.,196.,146.,11.603692613
1.31289435799,Sample,15,7,16.,1,false,true,false,false,188.,144.,198.,148.,11.6225802439
1.31289435799,Sample,15,7,21.,1,false,true,false,false,188.,144.,198.,148.,11.6233577939
1.31289435799,Sample,15,7,26.,1,false,true,false,false,188.,144.,198.,148.,11.6233898035
1.31289435799,Sample,15,7,31.,1,false,true,false,false,188.,144.,198.,148.,11.6233911212
1.31289435799,Sample,15,7,36.,1,false,true,false,false,188.,144.,198.,148.,11.6233911754
1.31289435799,Sample,15,7,41.,1,false,true,false,false,188.,144.,198.,148.,11.6233911777
1.31289435799,Sample,15,7,46.,1,false,true,false,false,188.,144.,198.,148.,11.6233911778
1.31289435799,Sample,15,7,51.,1,false,true,false,false,188.,144.,198.,148.,11.6233911778
1.1060924532,Sample,15,5,1.,1,false,true,false,false,16.,16.,48.,38.,0.
1.1060924532,Sample,15,5,6.,1,false,true,false,false,54.,44.,54.,44.,10.3285422714
1.1060924532,Sample,15,5,11.,1,false,true,false,false,56.,44.,56.,44.,10.5973082724
1.1060924532,Sample,15,5,16.,1,false,true,false,false,56.,44.,56.,44.,10.6043020148
1.1060924532,Sample,15,5,21.,1,false,true,false,false,56.,44.,56.,44.,10.6044840037
1.1060924532,Sample,15,5,26.,1,false,true,false,false,56.,44.,56.,44.,10.6044887393
1.1060924532,Sample,15,5,31.,1,false,true,false,false,56.,44.,56.,44.,10.6044888625
1.1060924532,Sample,15,5,36.,1,false,true,false,false,56.,44.,56.,44.,10.6044888658
1.1060924532,Sample,15,5,41.,1,false,true,false,false,56.,44.,56.,44.,10.6044888658
1.1060924532,Sample,15,5,46.,1,false,true,false,false,56.,44.,56.,44.,10.6044888658
1.1060924532,Sample,15,5,51.,1,false,true,false,false,56.,44.,56.,44.,10.6044888658
1.28528145353,Voter,15,7,1.,1,false,true,false,false,22.,22.,90.,76.,0.
1.28528145353,Voter,15,7,6.,1,false,true,false,false,70.,64.,62.,54.,11.0496553039
1.28528145353,Voter,15,7,11.,1,false,true,false,false,70.,64.,62.,54.,11.4805280076
1.28528145353,Voter,15,7,16.,1,false,true,false,false,70.,64.,62.,54.,11.4973295532
1.28528145353,Voter,15,7,21.,1,false,true,false,false,70.,64.,62.,54.,11.4979847164
1.28528145353,Voter,15,7,26.,1,false,true,false,false,70.,64.,62.,54.,11.4980102639
1.28528145353,Voter,15,7,31.,1,false,true,false,false,70.,64.,62.,54.,11.4980112601
1.28528145353,Voter,15,7,36.,1,false,true,false,false,70.,64.,62.,54.,11.498011299
1.28528145353,Voter,15,7,41.,1,false,true,false,false,70.,64.,62.,54.,11.4980113005
1.28528145353,Voter,15,7,46.,1,false,true,false,false,70.,64.,62.,54.,11.4980113006
1.28528145353,Voter,15,7,51.,1,false,true,false,false,70.,64.,62.,54.,11.4980113006
1.31999647684,Voter,15,4,1.,1,false,true,false,false,8.,8.,42.,36.,0.
1.31999647684,Voter,15,4,6.,1,false,true,false,false,26.,26.,32.,30.,11.1687547647
1.31999647684,Voter,15,4,11.,1,false,true,false,false,26.,26.,32.,30.,11.6348578053
1.31999647684,Voter,15,4,16.,1,false,true,false,false,26.,26.,32.,30.,11.6543095749
1.31999647684,Voter,15,4,21.,1,false,true,false,false,26.,26.,32.,30.,11.655121351
1.31999647684,Voter,15,4,26.,1,false,true,false,false,26.,26.,32.,30.,11.6551552287
1.31999647684,Voter,15,4,31.,1,false,true,false,false,26.,26.,32.,30.,11.6551566425
1.31999647684,Voter,15,4,36.,1,false,true,false,false,26.,26.,32.,30.,11.6551567015
1.31999647684,Voter,15,4,41.,1,false,true,false,false,26.,26.,32.,30.,11.655156704
1.31999647684,Voter,15,4,46.,1,false,true,false,false,26.,26.,32.,30.,11.6551567041
1.31999647684,Voter,15,4,51.,1,false,true,false,false,26.,26.,32.,30.,11.6551567041
0.825716787696,Voter,15,7,1.,1,false,true,false,false,86.,74.,126.,100.,0.
0.825716787696,Voter,15,7,6.,1,false,true,false,false,152.,114.,144.,108.,8.76096674138
0.825716787696,Voter,15,7,11.,1,false,true,false,false,154.,114.,146.,108.,8.85349054333
0.825716787696,Voter,15,7,16.,1,false,true,false,false,154.,114.,146.,108.,8.85446767909
0.825716787696,Voter,15,7,21.,1,false,true,false,false,154.,114.,146.,108.,8.85447799854
0.825716787696,Voter,15,7,26.,1,false,true,false,false,154.,114.,146.,108.,8.85447810752
0.825716787696,Voter,15,7,31.,1,false,true,false,false,154.,114.,146.,108.,8.85447810867
0.825716787696,Voter,15,7,36.,1,false,true,false,false,154.,114.,146.,108.,8.85447810869
0.825716787696,Voter,15,7,41.,1,false,true,false,false,154.,114.,146.,108.,8.85447810869
0.825716787696,Voter,15,7,46.,1,false,true,false,false,154.,114.,146.,108.,8.85447810869
0.825716787696,Voter,15,7,51.,1,false,true,false,false,154.,114.,146.,108.,8.85447810869
1.27178593122,Sample,15,5,1.,1,false,true,false,false,8.,8.,50.,42.,0.
1.27178593122,Sample,15,5,6.,1,false,true,false,false,78.,66.,104.,80.,11.0016681584
1.27178593122,Sample,15,5,11.,1,false,true,false,false,98.,78.,104.,80.,11.4191566791
1.27178593122,Sample,15,5,16.,1,false,true,false,false,98.,78.,104.,80.,11.4349994279
1.27178593122,Sample,15,5,21.,1,false,true,false,false,98.,78.,104.,80.,11.4356006245
1.27178593122,Sample,15,5,26.,1,false,true,false,false,98.,78.,104.,80.,11.4356234386
1.27178593122,Sample,15,5,31.,1,false,true,false,false,98.,78.,104.,80.,11.4356243043
1.27178593122,Sample,15,5,36.,1,false,true,false,false,98.,78.,104.,80.,11.4356243372
1.27178593122,Sample,15,5,41.,1,false,true,false,false,98.,78.,104.,80.,11.4356243384
1.27178593122,Sample,15,5,46.,1,false,true,false,false,98.,78.,104.,80.,11.4356243385
1.27178593122,Sample,15,5,51.,1,false,true,false,false,98.,78.,104.,80.,11.4356243385
1.09406755469,Voter,15,6,1.,1,false,true,false,false,28.,26.,60.,56.,0.
1.09406755469,Voter,15,6,6.,1,false,true,false,false,54.,46.,42.,38.,10.2731654871
1.09406755469,Voter,15,6,11.,1,false,true,false,false,54.,46.,42.,38.,10.532343737
1.09406755469,Voter,15,6,16.,1,false,true,false,false,54.,46.,42.,38.,10.5388824582
1.09406755469,Voter,15,6,21.,1,false,true,false,false,54.,46.,42.,38.,10.5390474214
1.09406755469,Voter,15,6,26.,1,false,true,false,false,54.,46.,42.,38.,10.5390515832
1.09406755469,Voter,15,6,31.,1,false,true,false,false,54.,46.,42.,38.,10.5390516882
1.09406755469,Voter,15,6,36.,1,false,true,false,false,54.,46.,42.,38.,10.5390516909
1.09406755469,Voter,15,6,41.,1,false,true,false,false,54.,46.,42.,38.,10.539051691
1.09406755469,Voter,15,6,46.,1,false,true,false,false,54.,46.,42.,38.,10.539051691
1.09406755469,Voter,15,6,51.,1,false,true,false,false,54.,46.,42.,38.,10.539051691
1.09470733246,Sample,15,6,1.,1,false,true,false,false,22.,20.,66.,66.,0.
1.09470733246,Sample,15,6,6.,1,false,true,false,false,104.,86.,104.,84.,10.2761356437
1.09470733246,Sample,15,6,11.,1,false,true,false,false,114.,94.,106.,84.,10.5358196581
1.09470733246,Sample,15,6,16.,1,false,true,false,false,114.,94.,106.,84.,10.5423820265
1.09470733246,Sample,15,6,21.,1,false,true,false,false,114.,94.,106.,84.,10.5425478614
1.09470733246,Sample,15,6,26.,1,false,true,false,false,114.,94.,106.,84.,10.5425520522
1.09470733246,Sample,15,6,31.,1,false,true,false,false,114.,94.,106.,84.,10.5425521581
1.09470733246,Sample,15,6,36.,1,false,true,false,false,114.,94.,106.,84.,10.5425521607
1.09470733246,Sample,15,6,41.,1,false,true,false,false,114.,94.,106.,84.,10.5425521608
1.09470733246,Sample,15,6,46.,1,false,true,false,false,114.,94.,106.,84.,10.5425521608
1.09470733246,Sample,15,6,51.,1,false,true,false,false,114.,94.,106.,84.,10.5425521608
1.3468960751,Sample,15,5,1.,1,false,true,false,false,4.,4.,26.,26.,0.
1.3468960751,Sample,15,5,6.,1,false,true,false,false,30.,30.,40.,38.,11.2568700342
1.3468960751,Sample,15,5,11.,1,false,true,false,false,40.,40.,34.,32.,11.7510373898
1.3468960751,Sample,15,5,16.,1,false,true,false,false,40.,40.,34.,32.,11.7727309311
1.3468960751,Sample,15,5,21.,1,false,true,false,false,40.,40.,34.,32.,11.7736832598
1.3468960751,Sample,15,5,26.,1,false,true,false,false,40.,40.,34.,32.,11.7737250662
1.3468960751,Sample,15,5,31.,1,false,true,false,false,40.,40.,34.,32.,11.7737269015
1.3468960751,Sample,15,5,36.,1,false,true,false,false,40.,40.,34.,32.,11.7737269821
1.3468960751,Sample,15,5,41.,1,false,true,false,false,40.,40.,34.,32.,11.7737269856
1.3468960751,Sample,15,5,46.,1,false,true,false,false,40.,40.,34.,32.,11.7737269857
1.3468960751,Sample,15,5,51.,1,false,true,false,false,40.,40.,34.,32.,11.7737269857
0.830975661544,Sample,15,4,1.,1,false,true,false,false,8.,8.,28.,26.,0.
0.830975661544,Sample,15,4,6.,1,false,true,false,false,40.,34.,40.,36.,8.79630483108
0.830975661544,Sample,15,4,11.,1,false,true,false,false,42.,34.,42.,38.,8.89119939846
0.830975661544,Sample,15,4,16.,1,false,true,false,false,42.,34.,42.,38.,8.89222312139
0.830975661544,Sample,15,4,21.,1,false,true,false,false,42.,34.,42.,38.,8.89223416532
0.830975661544,Sample,15,4,26.,1,false,true,false,false,42.,34.,42.,38.,8.89223428446
0.830975661544,Sample,15,4,31.,1,false,true,false,false,42.,34.,42.,38.,8.89223428574
0.830975661544,Sample,15,4,36.,1,false,true,false,false,42.,34.,42.,38.,8.89223428576
0.830975661544,Sample,15,4,41.,1,false,true,false,false,42.,34.,42.,38.,8.89223428576
0.830975661544,Sample,15,4,46.,1,false,true,false,false,42.,34.,42.,38.,8.89223428576
0.830975661544,Sample,15,4,51.,1,false,true,false,false,42.,34.,42.,38.,8.89223428576
1.26336870165,Voter,15,3,1.,1,false,true,false,false,26.,26.,26.,26.,0.
1.26336870165,Voter,15,3,6.,1,false,true,false,false,44.,36.,48.,36.,10.9712491806
1.26336870165,Voter,15,3,11.,1,false,true,false,false,44.,36.,48.,36.,11.3804806313
1.26336870165,Voter,15,3,16.,1,false,true,false,false,44.,36.,48.,36.,11.3957451082
1.26336870165,Voter,15,3,21.,1,false,true,false,false,44.,36.,48.,36.,11.3963144786
1.26336870165,Voter,15,3,26.,1,false,true,false,false,44.,36.,48.,36.,11.3963357163
1.26336870165,Voter,15,3,31.,1,false,true,false,false,44.,36.,48.,36.,11.3963365085
1.26336870165,Voter,15,3,36.,1,false,true,false,false,44.,36.,48.,36.,11.396336538
1.26336870165,Voter,15,3,41.,1,false,true,false,false,44.,36.,48.,36.,11.3963365391
1.26336870165,Voter,15,3,46.,1,false,true,false,false,44.,36.,48.,36.,11.3963365392
1.26336870165,Voter,15,3,51.,1,false,true,false,false,44.,36.,48.,36.,11.3963365392
0.920207826556,Sample,15,7,1.,1,false,true,false,false,56.,50.,146.,118.,0.
0.920207826556,Sample,15,7,6.,1,false,true,false,false,168.,132.,126.,112.,9.35859527484
0.920207826556,Sample,15,7,11.,1,false,true,false,false,172.,132.,130.,112.,9.49920796102
0.920207826556,Sample,15,7,16.,1,false,true,false,false,172.,132.,130.,112.,9.5013206635
0.920207826556,Sample,15,7,21.,1,false,true,false,false,172.,132.,130.,112.,9.50135240681
0.920207826556,Sample,15,7,26.,1,false,true,false,false,172.,132.,130.,112.,9.50135288376
0.920207826556,Sample,15,7,31.,1,false,true,false,false,172.,132.,130.,112.,9.50135289092
0.920207826556,Sample,15,7,36.,1,false,true,false,false,172.,132.,130.,112.,9.50135289103
0.920207826556,Sample,15,7,41.,1,false,true,false,false,172.,132.,130.,112.,9.50135289103
0.920207826556,Sample,15,7,46.,1,false,true,false,false,172.,132.,130.,112.,9.50135289103
0.920207826556,Sample,15,7,51.,1,false,true,false,false,172.,132.,130.,112.,9.50135289103
1.35750121261,Sample,15,5,1.,1,false,true,false,false,20.,18.,56.,44.,0.
1.35750121261,Sample,15,5,6.,1,false,true,false,false,66.,62.,54.,50.,11.2906367515
1.35750121261,Sample,15,5,11.,1,false,true,false,false,82.,72.,58.,52.,11.7960454627
1.35750121261,Sample,15,5,16.,1,false,true,false,false,82.,72.,58.,52.,11.8186693386
1.35750121261,Sample,15,5,21.,1,false,true,false,false,82.,72.,58.,52.,11.8196820631
1.35750121261,Sample,15,5,26.,1,false,true,false,false,82.,72.,58.,52.,11.8197273962
1.35750121261,Sample,15,5,31.,1,false,true,false,false,82.,72.,58.,52.,11.8197294255
1.35750121261,Sample,15,5,36.,1,false,true,false,false,82.,72.,58.,52.,11.8197295163
1.35750121261,Sample,15,5,41.,1,false,true,false,false,82.,72.,58.,52.,11.8197295204
1.35750121261,Sample,15,5,46.,1,false,true,false,false,82.,72.,58.,52.,11.8197295205
1.35750121261,Sample,15,5,51.,1,false,true,false,false,82.,72.,58.,52.,11.8197295206
1.31795805565,Sample,15,7,1.,1,false,true,false,false,18.,18.,74.,58.,0.
1.31795805565,Sample,15,7,6.,1,false,true,false,false,166.,128.,178.,140.,11.1619309612
1.31795805565,Sample,15,7,11.,1,false,true,false,false,188.,142.,192.,140.,11.6259341166
1.31795805565,Sample,15,7,16.,1,false,true,false,false,188.,142.,192.,140.,11.6452227978
1.31795805565,Sample,15,7,21.,1,false,true,false,false,188.,142.,192.,140.,11.6460246312
1.31795805565,Sample,15,7,26.,1,false,true,false,false,188.,142.,192.,140.,11.6460579635
1.31795805565,Sample,15,7,31.,1,false,true,false,false,188.,142.,192.,140.,11.6460593492
1.31795805565,Sample,15,7,36.,1,false,true,false,false,188.,142.,192.,140.,11.6460594068
1.31795805565,Sample,15,7,41.,1,false,true,false,false,188.,142.,192.,140.,11.6460594092
1.31795805565,Sample,15,7,46.,1,false,true,false,false,188.,142.,192.,140.,11.6460594093
1.31795805565,Sample,15,7,51.,1,false,true,false,false,188.,142.,192.,140.,11.6460594093
0.832506914924,Voter,15,7,1.,1,false,true,false,false,72.,64.,86.,74.,0.
0.832506914924,Voter,15,7,6.,1,false,true,false,false,104.,90.,78.,68.,8.80654660806
0.832506914924,Voter,15,7,11.,1,false,true,false,false,104.,90.,78.,68.,8.90213821481
0.832506914924,Voter,15,7,16.,1,false,true,false,false,104.,90.,78.,68.,8.90317582418
0.832506914924,Voter,15,7,21.,1,false,true,false,false,104.,90.,78.,68.,8.90318708703
0.832506914924,Voter,15,7,26.,1,false,true,false,false,104.,90.,78.,68.,8.90318720928
0.832506914924,Voter,15,7,31.,1,false,true,false,false,104.,90.,78.,68.,8.90318721061
0.832506914924,Voter,15,7,36.,1,false,true,false,false,104.,90.,78.,68.,8.90318721062
0.832506914924,Voter,15,7,41.,1,false,true,false,false,104.,90.,78.,68.,8.90318721062
0.832506914924,Voter,15,7,46.,1,false,true,false,false,104.,90.,78.,68.,8.90318721062
0.832506914924,Voter,15,7,51.,1,false,true,false,false,104.,90.,78.,68.,8.90318721062
1.2538129494,Voter,15,6,1.,1,false,true,false,false,36.,32.,66.,60.,0.
1.2538129494,Voter,15,6,6.,1,false,true,false,false,82.,66.,60.,52.,10.9362544901
1.2538129494,Voter,15,6,11.,1,false,true,false,false,82.,66.,60.,52.,11.3361976893
1.2538129494,Voter,15,6,16.,1,false,true,false,false,82.,66.,60.,52.,11.350823772
1.2538129494,Voter,15,6,21.,1,false,true,false,false,82.,66.,60.,52.,11.3513586537
1.2538129494,Voter,15,6,26.,1,false,true,false,false,82.,66.,60.,52.,11.3513782145
1.2538129494,Voter,15,6,31.,1,false,true,false,false,82.,66.,60.,52.,11.3513789298
1.2538129494,Voter,15,6,36.,1,false,true,false,false,82.,66.,60.,52.,11.351378956
1.2538129494,Voter,15,6,41.,1,false,true,false,false,82.,66.,60.,52.,11.351378957
1.2538129494,Voter,15,6,46.,1,false,true,false,false,82.,66.,60.,52.,11.351378957
1.2538129494,Voter,15,6,51.,1,false,true,false,false,82.,66.,60.,52.,11.351378957
1.21637006743,Voter,15,3,1.,1,false,true,false,false,6.,6.,12.,12.,0.
1.21637006743,Voter,15,3,6.,1,false,true,false,false,12.,12.,10.,10.,10.7943008126
1.21637006743,Voter,15,3,11.,1,false,true,false,false,12.,12.,10.,10.,11.1587486195
1.21637006743,Voter,15,3,16.,1,false,true,false,false,12.,12.,10.,10.,11.171053465
1.21637006743,Voter,15,3,21.,1,false,true,false,false,12.,12.,10.,10.,11.1714689133
1.21637006743,Voter,15,3,26.,1,false,true,false,false,12.,12.,10.,10.,11.1714829401
1.21637006743,Voter,15,3,31.,1,false,true,false,false,12.,12.,10.,10.,11.1714834136
1.21637006743,Voter,15,3,36.,1,false,true,false,false,12.,12.,10.,10.,11.1714834296
1.21637006743,Voter,15,3,41.,1,false,true,false,false,12.,12.,10.,10.,11.1714834302
1.21637006743,Voter,15,3,46.,1,false,true,false,false,12.,12.,10.,10.,11.1714834302
1.21637006743,Voter,15,3,51.,1,false,true,false,false,12.,12.,10.,10.,11.1714834302
1.16993753444,Voter,15,6,1.,1,false,true,false,false,54.,46.,92.,80.,0.
1.16993753444,Voter,15,6,6.,1,false,true,false,false,112.,88.,126.,96.,10.6071627573
1.16993753444,Voter,15,6,11.,1,false,true,false,false,112.,88.,126.,96.,10.9296611371
1.16993753444,Voter,15,6,16.,1,false,true,false,false,112.,88.,126.,96.,10.9394663232
1.16993753444,Voter,15,6,21.,1,false,true,false,false,112.,88.,126.,96.,10.9397644385
1.16993753444,Voter,15,6,26.,1,false,true,false,false,112.,88.,126.,96.,10.9397735023
1.16993753444,Voter,15,6,31.,1,false,true,false,false,112.,88.,126.,96.,10.9397737779
1.16993753444,Voter,15,6,36.,1,false,true,false,false,112.,88.,126.,96.,10.9397737863
1.16993753444,Voter,15,6,41.,1,false,true,false,false,112.,88.,126.,96.,10.9397737865
1.16993753444,Voter,15,6,46.,1,false,true,false,false,112.,88.,126.,96.,10.9397737865
1.16993753444,Voter,15,6,51.,1,false,true,false,false,112.,88.,126.,96.,10.9397737865
0.878433742049,Sample,15,5,1.,1,false,true,false,false,24.,22.,54.,46.,0.
0.878433742049,Sample,15,5,6.,1,false,true,false,false,86.,74.,96.,84.,9.10393545942
0.878433742049,Sample,15,5,11.,1,false,true,false,false,88.,76.,94.,82.,9.22185086553
0.878433742049,Sample,15,5,16.,1,false,true,false,false,88.,76.,94.,82.,9.22337812185
0.878433742049,Sample,15,5,21.,1,false,true,false,false,88.,76.,94.,82.,9.22339790308
0.878433742049,Sample,15,5,26.,1,false,true,false,false,88.,76.,94.,82.,9.22339815929
0.878433742049,Sample,15,5,31.,1,false,true,false,false,88.,76.,94.,82.,9.22339816261
0.878433742049,Sample,15,5,36.,1,false,true,false,false,88.,76.,94.,82.,9.22339816265
0.878433742049,Sample,15,5,41.,1,false,true,false,false,88.,76.,94.,82.,9.22339816266
0.878433742049,Sample,15,5,46.,1,false,true,false,false,88.,76.,94.,82.,9.22339816266
0.878433742049,Sample,15,5,51.,1,false,true,false,false,88.,76.,94.,82.,9.22339816266
0.978366421142,Sample,15,4,1.,1,false,true,false,false,0.,0.,18.,18.,0.
0.978366421142,Sample,15,4,6.,1,false,true,false,false,22.,22.,16.,16.,9.68952583259
0.978366421142,Sample,15,4,11.,1,false,true,false,false,22.,22.,16.,16.,9.86552323947
0.978366421142,Sample,15,4,16.,1,false,true,false,false,22.,22.,16.,16.,9.86871999933
0.978366421142,Sample,15,4,21.,1,false,true,false,false,22.,22.,16.,16.,9.86877806424
0.978366421142,Sample,15,4,26.,1,false,true,false,false,22.,22.,16.,16.,9.86877911891
0.978366421142,Sample,15,4,31.,1,false,true,false,false,22.,22.,16.,16.,9.86877913807
0.978366421142,Sample,15,4,36.,1,false,true,false,false,22.,22.,16.,16.,9.86877913842
0.978366421142,Sample,15,4,41.,1,false,true,false,false,22.,22.,16.,16.,9.86877913842
0.978366421142,Sample,15,4,46.,1,false,true,false,false,22.,22.,16.,16.,9.86877913842
0.978366421142,Sample,15,4,51.,1,false,true,false,false,22.,22.,16.,16.,9.86877913842
1.07025426021,Voter,15,4,1.,1,false,true,false,false,8.,8.,24.,22.,0.
1.07025426021,Voter,15,4,6.,1,false,true,false,false,30.,28.,30.,30.,10.160676581
1.07025426021,Voter,15,4,11.,1,false,true,false,false,30.,28.,30.,30.,10.4013804772
1.07025426021,Voter,15,4,16.,1,false,true,false,false,30.,28.,30.,30.,10.4070826925
1.07025426021,Voter,15,4,21.,1,false,true,false,false,30.,28.,30.,30.,10.4072177765
1.07025426021,Voter,15,4,26.,1,false,true,false,false,30.,28.,30.,30.,10.4072209766
1.07025426021,Voter,15,4,31.,1,false,true,false,false,30.,28.,30.,30.,10.4072210525
1.07025426021,Voter,15,4,36.,1,false,true,false,false,30.,28.,30.,30.,10.4072210543
1.07025426021,Voter,15,4,41.,1,false,true,false,false,30.,28.,30.,30.,10.4072210543
1.07025426021,Voter,15,4,46.,1,false,true,false,false,30.,28.,30.,30.,10.4072210543
1.07025426021,Voter,15,4,51.,1,false,true,false,false,30.,28.,30.,30.,10.4072210543
1.15829132825,Voter,15,4,1.,1,false,true,false,false,2.,2.,18.,14.,0.
1.15829132825,Voter,15,4,6.,1,false,true,false,false,20.,18.,12.,12.,10.5582212707
1.15829132825,Voter,15,4,11.,1,false,true,false,false,20.,18.,12.,12.,10.8705703908
1.15829132825,Voter,15,4,16.,1,false,true,false,false,20.,18.,12.,12.,10.8798107704
1.15829132825,Voter,15,4,21.,1,false,true,false,false,20.,18.,12.,12.,10.8800841332
1.15829132825,Voter,15,4,26.,1,false,true,false,false,20.,18.,12.,12.,10.8800922202
1.15829132825,Voter,15,4,31.,1,false,true,false,false,20.,18.,12.,12.,10.8800924594
1.15829132825,Voter,15,4,36.,1,false,true,false,false,20.,18.,12.,12.,10.8800924665
1.15829132825,Voter,15,4,41.,1,false,true,false,false,20.,18.,12.,12.,10.8800924667
1.15829132825,Voter,15,4,46.,1,false,true,false,false,20.,18.,12.,12.,10.8800924667
1.15829132825,Voter,15,4,51.,1,false,true,false,false,20.,18.,12.,12.,10.8800924667
1.39634630148,Voter,15,6,1.,1,false,true,false,false,34.,30.,92.,72.,0.
1.39634630148,Voter,15,6,6.,1,false,true,false,false,88.,76.,82.,70.,11.409761931
1.39634630148,Voter,15,6,11.,1,false,true,false,false,90.,76.,84.,70.,11.9571667623
1.39634630148,Voter,15,6,16.,1,false,true,false,false,90.,76.,84.,70.,11.9834295407
1.39634630148,Voter,15,6,21.,1,false,true,false,false,90.,76.,84.,70.,11.984689547
1.39634630148,Voter,15,6,26.,1,false,true,false,false,90.,76.,84.,70.,11.9847499982
1.39634630148,Voter,15,6,31.,1,false,true,false,false,90.,76.,84.,70.,11.9847528984
1.39634630148,Voter,15,6,36.,1,false,true,false,false,90.,76.,84.,70.,11.9847530376
1.39634630148,Voter,15,6,41.,1,false,true,false,false,90.,76.,84.,70.,11.9847530442
1.39634630148,Voter,15,6,46.,1,false,true,false,false,90.,76.,84.,70.,11.9847530446
1.39634630148,Voter,15,6,51.,1,false,true,false,false,90.,76.,84.,70.,11.9847530446
1.27640316085,Voter,15,5,1.,1,false,true,false,false,34.,32.,44.,38.,0.
1.27640316085,Voter,15,5,6.,1,false,true,false,false,58.,48.,52.,44.,11.018194171
1.27640316085,Voter,15,5,11.,1,false,true,false,false,60.,50.,54.,46.,11.4402417867
1.27640316085,Voter,15,5,16.,1,false,true,false,false,60.,50.,54.,46.,11.4564081555
1.27640316085,Voter,15,5,21.,1,false,true,false,false,60.,50.,54.,46.,11.4570274019
1.27640316085,Voter,15,5,26.,1,false,true,false,false,60.,50.,54.,46.,11.4570511219
1.27640316085,Voter,15,5,31.,1,false,true,false,false,60.,50.,54.,46.,11.4570520305
1.27640316085,Voter,15,5,36.,1,false,true,false,false,60.,50.,54.,46.,11.4570520653
1.27640316085,Voter,15,5,41.,1,false,true,false,false,60.,50.,54.,46.,11.4570520666
1.27640316085,Voter,15,5,46.,1,false,true,false,false,60.,50.,54.,46.,11.4570520667
1.27640316085,Voter,15,5,51.,1,false,true,false,false,60.,50.,54.,46.,11.4570520667
0.982063890175,Sample,15,3,1.,1,false,true,false,false,12.,12.,20.,18.,0.
0.982063890175,Sample,15,3,6.,1,false,true,false,false,22.,20.,26.,26.,9.70967570463
0.982063890175,Sample,15,3,11.,1,false,true,false,false,22.,20.,26.,26.,9.88807052027
0.982063890175,Sample,15,3,16.,1,false,true,false,false,22.,20.,26.,26.,9.89134814882
0.982063890175,Sample,15,3,21.,1,false,true,false,false,22.,20.,26.,26.,9.89140836833
0.982063890175,Sample,15,3,26.,1,false,true,false,false,22.,20.,26.,26.,9.89140947474
0.982063890175,Sample,15,3,31.,1,false,true,false,false,22.,20.,26.,26.,9.89140949506
0.982063890175,Sample,15,3,36.,1,false,true,false,false,22.,20.,26.,26.,9.89140949544
0.982063890175,Sample,15,3,41.,1,false,true,false,false,22.,20.,26.,26.,9.89140949544
0.982063890175,Sample,15,3,46.,1,false,true,false,false,22.,20.,26.,26.,9.89140949544
0.982063890175,Sample,15,3,51.,1,false,true,false,false,22.,20.,26.,26.,9.89140949544
1.28576187669,Voter,15,7,1.,1,false,true,false,false,36.,36.,94.,78.,0.
1.28576187669,Voter,15,7,6.,1,false,true,false,false,86.,70.,80.,70.,11.0513459365
1.28576187669,Voter,15,7,11.,1,false,true,false,false,86.,70.,80.,70.,11.4826983684
1.28576187669,Voter,15,7,16.,1,false,true,false,false,86.,70.,80.,70.,11.499534772
1.28576187669,Voter,15,7,21.,1,false,true,false,false,86.,70.,80.,70.,11.5001919249
1.28576187669,Voter,15,7,26.,1,false,true,false,false,86.,70.,80.,70.,11.5002175747
1.28576187669,Voter,15,7,31.,1,false,true,false,false,86.,70.,80.,70.,11.5002185758
1.28576187669,Voter,15,7,36.,1,false,true,false,false,86.,70.,80.,70.,11.5002186149
1.28576187669,Voter,15,7,41.,1,false,true,false,false,86.,70.,80.,70.,11.5002186164
1.28576187669,Voter,15,7,46.,1,false,true,false,false,86.,70.,80.,70.,11.5002186165
1.28576187669,Voter,15,7,51.,1,false,true,false,false,86.,70.,80.,70.,11.5002186165
1.39852914697,Sample,15,4,1.,1,false,true,false,false,4.,4.,22.,20.,0.
1.39852914697,Sample,15,4,6.,1,false,true,false,false,26.,22.,12.,12.,11.4162478273
1.39852914697,Sample,15,4,11.,1,false,true,false,false,28.,24.,10.,10.,11.9660497466
1.39852914697,Sample,15,4,16.,1,false,true,false,false,28.,24.,10.,10.,11.9925279866
1.39852914697,Sample,15,4,21.,1,false,true,false,false,28.,24.,10.,10.,11.993803168
1.39852914697,Sample,15,4,26.,1,false,true,false,false,28.,24.,10.,10.,11.9938645803
1.39852914697,Sample,15,4,31.,1,false,true,false,false,28.,24.,10.,10.,11.9938675378
1.39852914697,Sample,15,4,36.,1,false,true,false,false,28.,24.,10.,10.,11.9938676803
1.39852914697,Sample,15,4,41.,1,false,true,false,false,28.,24.,10.,10.,11.9938676871
1.39852914697,Sample,15,4,46.,1,false,true,false,false,28.,24.,10.,10.,11.9938676875
1.39852914697,Sample,15,4,51.,1,false,true,false,false,28.,24.,10.,10.,11.9938676875
1.11342030788,Sample,15,7,1.,1,false,true,false,false,52.,50.,88.,78.,0.
1.11342030788,Sample,15,7,6.,1,false,true,false,false,186.,136.,170.,122.,10.3618271863
1.11342030788,Sample,15,7,11.,1,false,true,false,false,196.,140.,168.,124.,10.6365200445
1.11342030788,Sample,15,7,16.,1,false,true,false,false,196.,140.,168.,124.,10.6438021739
1.11342030788,Sample,15,7,21.,1,false,true,false,false,196.,140.,168.,124.,10.6439952238
1.11342030788,Sample,15,7,26.,1,false,true,false,false,196.,140.,168.,124.,10.6440003415
1.11342030788,Sample,15,7,31.,1,false,true,false,false,196.,140.,168.,124.,10.6440004772
1.11342030788,Sample,15,7,36.,1,false,true,false,false,196.,140.,168.,124.,10.6440004808
1.11342030788,Sample,15,7,41.,1,false,true,false,false,196.,140.,168.,124.,10.6440004809
1.11342030788,Sample,15,7,46.,1,false,true,false,false,196.,140.,168.,124.,10.6440004809
1.11342030788,Sample,15,7,51.,1,false,true,false,false,196.,140.,168.,124.,10.6440004809
1.28039303766,Voter,15,7,1.,1,false,true,false,false,26.,26.,84.,74.,0.
1.28039303766,Voter,15,7,6.,1,false,true,false,false,88.,70.,54.,46.,11.0323839842
1.28039303766,Voter,15,7,11.,1,false,true,false,false,92.,72.,58.,50.,11.4583880688
1.28039303766,Voter,15,7,16.,1,false,true,false,false,92.,72.,58.,50.,11.4748377754
1.28039303766,Voter,15,7,21.,1,false,true,false,false,92.,72.,58.,50.,11.4754729638
1.28039303766,Voter,15,7,26.,1,false,true,false,false,92.,72.,58.,50.,11.4754974909
1.28039303766,Voter,15,7,31.,1,false,true,false,false,92.,72.,58.,50.,11.475498438
1.28039303766,Voter,15,7,36.,1,false,true,false,false,92.,72.,58.,50.,11.4754984746
1.28039303766,Voter,15,7,41.,1,false,true,false,false,92.,72.,58.,50.,11.475498476
1.28039303766,Voter,15,7,46.,1,false,true,false,false,92.,72.,58.,50.,11.4754984761
1.28039303766,Voter,15,7,51.,1,false,true,false,false,92.,72.,58.,50.,11.4754984761
1.39003757913,Voter,15,3,1.,1,false,true,false,false,8.,8.,18.,16.,0.
1.39003757913,Voter,15,3,6.,1,false,true,false,false,14.,12.,12.,12.,11.3908938775
1.39003757913,Voter,15,3,11.,1,false,true,false,false,16.,14.,14.,12.,11.9313926229
1.39003757913,Voter,15,3,16.,1,false,true,false,false,16.,14.,14.,12.,11.9570393278
1.39003757913,Voter,15,3,21.,1,false,true,false,false,16.,14.,14.,12.,11.9582562659
1.39003757913,Voter,15,3,26.,1,false,true,false,false,16.,14.,14.,12.,11.9583140097
1.39003757913,Voter,15,3,31.,1,false,true,false,false,16.,14.,14.,12.,11.9583167496
1.39003757913,Voter,15,3,36.,1,false,true,false,false,16.,14.,14.,12.,11.9583168796
1.39003757913,Voter,15,3,41.,1,false,true,false,false,16.,14.,14.,12.,11.9583168858
1.39003757913,Voter,15,3,46.,1,false,true,false,false,16.,14.,14.,12.,11.9583168861
1.39003757913,Voter,15,3,51.,1,false,true,false,false,16.,14.,14.,12.,11.9583168861
1.25359983592,Sample,15,6,1.,1,false,true,false,false,26.,26.,70.,64.,0.
1.25359983592,Sample,15,6,6.,1,false,true,false,false,120.,100.,132.,112.,10.935468403
1.25359983592,Sample,15,6,11.,1,false,true,false,false,136.,114.,132.,112.,11.3352055015
1.25359983592,Sample,15,6,16.,1,false,true,false,false,136.,114.,132.,112.,11.3498175641
1.25359983592,Sample,15,6,21.,1,false,true,false,false,136.,114.,132.,112.,11.3503516961
1.25359983592,Sample,15,6,26.,1,false,true,false,false,136.,114.,132.,112.,11.3503712208
1.25359983592,Sample,15,6,31.,1,false,true,false,false,136.,114.,132.,112.,11.3503719345
1.25359983592,Sample,15,6,36.,1,false,true,false,false,136.,114.,132.,112.,11.3503719606
1.25359983592,Sample,15,6,41.,1,false,true,false,false,136.,114.,132.,112.,11.3503719616
1.25359983592,Sample,15,6,46.,1,false,true,false,false,136.,114.,132.,112.,11.3503719616
1.25359983592,Sample,15,6,51.,1,false,true,false,false,136.,114.,132.,112.,11.3503719616
0.85337080174,Voter,15,5,1.,1,false,true,false,false,36.,32.,36.,34.,0.
0.85337080174,Voter,15,5,6.,1,false,true,false,false,50.,46.,26.,26.,8.94397245084
0.85337080174,Voter,15,5,11.,1,false,true,false,false,50.,46.,26.,26.,9.04936479518
0.85337080174,Voter,15,5,16.,1,false,true,false,false,50.,46.,26.,26.,9.05060669818
0.85337080174,Voter,15,5,21.,1,false,true,false,false,50.,46.,26.,26.,9.05062133229
0.85337080174,Voter,15,5,26.,1,false,true,false,false,50.,46.,26.,26.,9.05062150473
0.85337080174,Voter,15,5,31.,1,false,true,false,false,50.,46.,26.,26.,9.05062150676
0.85337080174,Voter,15,5,36.,1,false,true,false,false,50.,46.,26.,26.,9.05062150679
0.85337080174,Voter,15,5,41.,1,false,true,false,false,50.,46.,26.,26.,9.05062150679
0.85337080174,Voter,15,5,46.,1,false,true,false,false,50.,46.,26.,26.,9.05062150679
0.85337080174,Voter,15,5,51.,1,false,true,false,false,50.,46.,26.,26.,9.05062150679
1.10090754763,Sample,15,4,1.,1,false,true,false,false,6.,6.,22.,16.,0.
1.10090754763,Sample,15,4,6.,1,false,true,false,false,26.,20.,10.,10.,10.3047807762
1.10090754763,Sample,15,4,11.,1,false,true,false,false,26.,20.,10.,10.,10.5693915979
1.10090754763,Sample,15,4,16.,1,false,true,false,false,26.,20.,10.,10.,10.5761863943
1.10090754763,Sample,15,4,21.,1,false,true,false,false,26.,20.,10.,10.,10.5763608741
1.10090754763,Sample,15,4,26.,1,false,true,false,false,26.,20.,10.,10.,10.5763653545
1.10090754763,Sample,15,4,31.,1,false,true,false,false,26.,20.,10.,10.,10.5763654695
1.10090754763,Sample,15,4,36.,1,false,true,false,false,26.,20.,10.,10.,10.5763654725
1.10090754763,Sample,15,4,41.,1,false,true,false,false,26.,20.,10.,10.,10.5763654726
1.10090754763,Sample,15,4,46.,1,false,true,false,false,26.,20.,10.,10.,10.5763654726
1.10090754763,Sample,15,4,51.,1,false,true,false,false,26.,20.,10.,10.,10.5763654726
0.900832261118,Sample,15,7,1.,1,false,true,false,false,56.,48.,102.,86.,0.
0.900832261118,Sample,15,7,6.,1,false,true,false,false,150.,120.,132.,112.,9.24230106402
0.900832261118,Sample,15,7,11.,1,false,true,false,false,156.,126.,134.,114.,9.37210272717
0.900832261118,Sample,15,7,16.,1,false,true,false,false,156.,126.,134.,114.,9.37392570087
0.900832261118,Sample,15,7,21.,1,false,true,false,false,156.,126.,134.,114.,9.37395130326
0.900832261118,Sample,15,7,26.,1,false,true,false,false,156.,126.,134.,114.,9.37395166283
0.900832261118,Sample,15,7,31.,1,false,true,false,false,156.,126.,134.,114.,9.37395166788
0.900832261118,Sample,15,7,36.,1,false,true,false,false,156.,126.,134.,114.,9.37395166795
0.900832261118,Sample,15,7,41.,1,false,true,false,false,156.,126.,134.,114.,9.37395166795
0.900832261118,Sample,15,7,46.,1,false,true,false,false,156.,126.,134.,114.,9.37395166795
0.900832261118,Sample,15,7,51.,1,false,true,false,false,156.,126.,134.,114.,9.37395166795
1.00140983449,Voter,15,3,1.,1,false,true,false,false,8.,8.,14.,14.,0.
1.00140983449,Voter,15,3,6.,1,false,true,false,false,18.,18.,12.,12.,9.81342892559
1.00140983449,Voter,15,3,11.,1,false,true,false,false,18.,18.,12.,12.,10.0046528197
1.00140983449,Voter,15,3,16.,1,false,true,false,false,18.,18.,12.,12.,10.0083789972
1.00140983449,Voter,15,3,21.,1,false,true,false,false,18.,18.,12.,12.,10.0084516053
1.00140983449,Voter,15,3,26.,1,false,true,false,false,18.,18.,12.,12.,10.0084530201
1.00140983449,Voter,15,3,31.,1,false,true,false,false,18.,18.,12.,12.,10.0084530477
1.00140983449,Voter,15,3,36.,1,false,true,false,false,18.,18.,12.,12.,10.0084530482
1.00140983449,Voter,15,3,41.,1,false,true,false,false,18.,18.,12.,12.,10.0084530482
1.00140983449,Voter,15,3,46.,1,false,true,false,false,18.,18.,12.,12.,10.0084530482
1.00140983449,Voter,15,3,51.,1,false,true,false,false,18.,18.,12.,12.,10.0084530482
0.935683164881,Voter,15,4,1.,1,false,true,false,false,8.,8.,14.,12.,0.
0.935683164881,Voter,15,4,6.,1,false,true,false,false,22.,22.,12.,12.,9.44927075724
0.935683164881,Voter,15,4,11.,1,false,true,false,false,24.,24.,14.,14.,9.59887014409
0.935683164881,Voter,15,4,16.,1,false,true,false,false,24.,24.,14.,14.,9.60123857834
0.935683164881,Voter,15,4,21.,1,false,true,false,false,24.,24.,14.,14.,9.60127607502
0.935683164881,Voter,15,4,26.,1,false,true,false,false,24.,24.,14.,14.,9.60127666867
0.935683164881,Voter,15,4,31.,1,false,true,false,false,24.,24.,14.,14.,9.60127667806
0.935683164881,Voter,15,4,36.,1,false,true,false,false,24.,24.,14.,14.,9.60127667821
0.935683164881,Voter,15,4,41.,1,false,true,false,false,24.,24.,14.,14.,9.60127667822
0.935683164881,Voter,15,4,46.,1,false,true,false,false,24.,24.,14.,14.,9.60127667822
0.935683164881,Voter,15,4,51.,1,false,true,false,false,24.,24.,14.,14.,9.60127667822
1.04693865289,Voter,15,6,1.,1,false,true,false,false,24.,24.,86.,74.,0.
1.04693865289,Voter,15,6,6.,1,false,true,false,false,68.,58.,74.,60.,10.0468129255
1.04693865289,Voter,15,6,11.,1,false,true,false,false,68.,58.,74.,60.,10.270098563
1.04693865289,Voter,15,6,16.,1,false,true,false,false,68.,58.,74.,60.,10.2750609801
1.04693865289,Voter,15,6,21.,1,false,true,false,false,68.,58.,74.,60.,10.2751712674
1.04693865289,Voter,15,6,26.,1,false,true,false,false,68.,58.,74.,60.,10.2751737185
1.04693865289,Voter,15,6,31.,1,false,true,false,false,68.,58.,74.,60.,10.275173773
1.04693865289,Voter,15,6,36.,1,false,true,false,false,68.,58.,74.,60.,10.2751737742
1.04693865289,Voter,15,6,41.,1,false,true,false,false,68.,58.,74.,60.,10.2751737742
1.04693865289,Voter,15,6,46.,1,false,true,false,false,68.,58.,74.,60.,10.2751737742
1.04693865289,Voter,15,6,51.,1,false,true,false,false,68.,58.,74.,60.,10.2751737742
1.3732163844,Voter,15,3,1.,1,false,true,false,false,8.,8.,12.,12.,0.
1.3732163844,Voter,15,3,6.,1,false,true,false,false,14.,14.,10.,10.,11.339683469
1.3732163844,Voter,15,3,11.,1,false,true,false,false,14.,14.,10.,10.,11.8619290866
1.3732163844,Voter,15,3,16.,1,false,true,false,false,14.,14.,10.,10.,11.8859809471
1.3732163844,Voter,15,3,21.,1,false,true,false,false,14.,14.,10.,10.,11.8870886482
1.3732163844,Voter,15,3,26.,1,false,true,false,false,14.,14.,10.,10.,11.887139663
1.3732163844,Voter,15,3,31.,1,false,true,false,false,14.,14.,10.,10.,11.8871420125
1.3732163844,Voter,15,3,36.,1,false,true,false,false,14.,14.,10.,10.,11.8871421207
1.3732163844,Voter,15,3,41.,1,false,true,false,false,14.,14.,10.,10.,11.8871421256
1.3732163844,Voter,15,3,46.,1,false,true,false,false,14.,14.,10.,10.,11.8871421259
1.3732163844,Voter,15,3,51.,1,false,true,false,false,14.,14.,10.,10.,11.8871421259
1.17156762826,Sample,15,7,1.,1,false,true,false,false,66.,60.,126.,104.,0.
1.17156762826,Sample,15,7,6.,1,false,true,false,false,246.,196.,246.,198.,10.6139477259
1.17156762826,Sample,15,7,11.,1,false,true,false,false,270.,214.,258.,202.,10.937878787
1.17156762826,Sample,15,7,16.,1,false,true,false,false,270.,214.,258.,202.,10.9477649608
1.17156762826,Sample,15,7,21.,1,false,true,false,false,270.,214.,258.,202.,10.9480666807
1.17156762826,Sample,15,7,26.,1,false,true,false,false,270.,214.,258.,202.,10.948075889
1.17156762826,Sample,15,7,31.,1,false,true,false,false,270.,214.,258.,202.,10.94807617
1.17156762826,Sample,15,7,36.,1,false,true,false,false,270.,214.,258.,202.,10.9480761786
1.17156762826,Sample,15,7,41.,1,false,true,false,false,270.,214.,258.,202.,10.9480761788
1.17156762826,Sample,15,7,46.,1,false,true,false,false,270.,214.,258.,202.,10.9480761788
1.17156762826,Sample,15,7,51.,1,false,true,false,false,270.,214.,258.,202.,10.9480761788
1.11563433845,Sample,15,6,1.,1,false,true,false,false,38.,36.,78.,72.,0.
1.11563433845,Sample,15,6,6.,1,false,true,false,false,150.,120.,126.,112.,10.3718157592
1.11563433845,Sample,15,6,11.,1,false,true,false,false,162.,130.,126.,112.,10.6483118147
1.11563433845,Sample,15,6,16.,1,false,true,false,false,162.,130.,126.,112.,10.6556827583
1.11563433845,Sample,15,6,21.,1,false,true,false,false,162.,130.,126.,112.,10.6558792558
1.11563433845,Sample,15,6,26.,1,false,true,false,false,162.,130.,126.,112.,10.6558844942
1.11563433845,Sample,15,6,31.,1,false,true,false,false,162.,130.,126.,112.,10.6558846338
1.11563433845,Sample,15,6,36.,1,false,true,false,false,162.,130.,126.,112.,10.6558846375
1.11563433845,Sample,15,6,41.,1,false,true,false,false,162.,130.,126.,112.,10.6558846376
1.11563433845,Sample,15,6,46.,1,false,true,false,false,162.,130.,126.,112.,10.6558846376
1.11563433845,Sample,15,6,51.,1,false,true,false,false,162.,130.,126.,112.,10.6558846376
1.10900175517,Sample,15,7,1.,1,false,true,false,false,30.,30.,94.,78.,0.
1.10900175517,Sample,15,7,6.,1,false,true,false,false,224.,168.,220.,168.,10.3417985833
1.10900175517,Sample,15,7,11.,1,false,true,false,false,234.,174.,222.,168.,10.6129100649
1.10900175517,Sample,15,7,16.,1,false,true,false,false,234.,174.,222.,168.,10.6200172847
1.10900175517,Sample,15,7,21.,1,false,true,false,false,234.,174.,222.,168.,10.6202036013
1.10900175517,Sample,15,7,26.,1,false,true,false,false,234.,174.,222.,168.,10.6202084856
1.10900175517,Sample,15,7,31.,1,false,true,false,false,234.,174.,222.,168.,10.6202086136
1.10900175517,Sample,15,7,36.,1,false,true,false,false,234.,174.,222.,168.,10.620208617
1.10900175517,Sample,15,7,41.,1,false,true,false,false,234.,174.,222.,168.,10.6202086171
1.10900175517,Sample,15,7,46.,1,false,true,false,false,234.,174.,222.,168.,10.6202086171
1.10900175517,Sample,15,7,51.,1,false,true,false,false,234.,174.,222.,168.,10.6202086171
1.16090051604,Voter,15,4,1.,1,false,true,false,false,32.,30.,52.,46.,0.
1.16090051604,Voter,15,4,6.,1,false,true,false,false,54.,46.,70.,56.,10.5692574157
1.16090051604,Voter,15,4,11.,1,false,true,false,false,54.,46.,70.,56.,10.8838671064
1.16090051604,Voter,15,4,16.,1,false,true,false,false,54.,46.,70.,56.,10.8932319324
1.16090051604,Voter,15,4,21.,1,false,true,false,false,54.,46.,70.,56.,10.8935106904
1.16090051604,Voter,15,4,26.,1,false,true,false,false,54.,46.,70.,56.,10.8935189881
1.16090051604,Voter,15,4,31.,1,false,true,false,false,54.,46.,70.,56.,10.8935192351
1.16090051604,Voter,15,4,36.,1,false,true,false,false,54.,46.,70.,56.,10.8935192424
1.16090051604,Voter,15,4,41.,1,false,true,false,false,54.,46.,70.,56.,10.8935192426
1.16090051604,Voter,15,4,46.,1,false,true,false,false,54.,46.,70.,56.,10.8935192426
1.16090051604,Voter,15,4,51.,1,false,true,false,false,54.,46.,70.,56.,10.8935192426
0.919355562523,Voter,15,5,1.,1,false,true,false,false,20.,14.,18.,18.,0.
0.919355562523,Voter,15,5,6.,1,false,true,false,false,36.,30.,10.,10.,9.35354500738
0.919355562523,Voter,15,5,11.,1,false,true,false,false,36.,30.,10.,10.,9.4936718463
0.919355562523,Voter,15,5,16.,1,false,true,false,false,36.,30.,10.,10.,9.49577110717
0.919355562523,Voter,15,5,21.,1,false,true,false,false,36.,30.,10.,10.,9.49580255651
0.919355562523,Voter,15,5,26.,1,false,true,false,false,36.,30.,10.,10.,9.49580302765
0.919355562523,Voter,15,5,31.,1,false,true,false,false,36.,30.,10.,10.,9.49580303471
0.919355562523,Voter,15,5,36.,1,false,true,false,false,36.,30.,10.,10.,9.49580303482
0.919355562523,Voter,15,5,41.,1,false,true,false,false,36.,30.,10.,10.,9.49580303482
0.919355562523,Voter,15,5,46.,1,false,true,false,false,36.,30.,10.,10.,9.49580303482
0.919355562523,Voter,15,5,51.,1,false,true,false,false,36.,30.,10.,10.,9.49580303482
0.89196082471,Sample,15,3,1.,1,false,true,false,false,4.,4.,16.,16.,0.
0.89196082471,Sample,15,3,6.,1,false,true,false,false,14.,14.,18.,18.,9.18800805053
0.89196082471,Sample,15,3,11.,1,false,true,false,false,14.,14.,18.,18.,9.31302344423
0.89196082471,Sample,15,3,16.,1,false,true,false,false,14.,14.,18.,18.,9.31472444934
0.89196082471,Sample,15,3,21.,1,false,true,false,false,14.,14.,18.,18.,9.31474759384
0.89196082471,Sample,15,3,26.,1,false,true,false,false,14.,14.,18.,18.,9.31474790875
0.89196082471,Sample,15,3,31.,1,false,true,false,false,14.,14.,18.,18.,9.31474791303
0.89196082471,Sample,15,3,36.,1,false,true,false,false,14.,14.,18.,18.,9.31474791309
0.89196082471,Sample,15,3,41.,1,false,true,false,false,14.,14.,18.,18.,9.31474791309
0.89196082471,Sample,15,3,46.,1,false,true,false,false,14.,14.,18.,18.,9.31474791309
0.89196082471,Sample,15,3,51.,1,false,true,false,false,14.,14.,18.,18.,9.31474791309
0.935999778021,Voter,15,7,1.,1,false,true,false,false,52.,48.,94.,74.,0.
0.935999778021,Voter,15,7,6.,1,false,true,false,false,100.,84.,90.,74.,9.45110572903
0.935999778021,Voter,15,7,11.,1,false,true,false,false,102.,86.,88.,72.,9.60089223313
0.935999778021,Voter,15,7,16.,1,false,true,false,false,102.,86.,88.,72.,9.60326613492
0.935999778021,Voter,15,7,21.,1,false,true,false,false,102.,86.,88.,72.,9.60330375787
0.935999778021,Voter,15,7,26.,1,false,true,false,false,102.,86.,88.,72.,9.60330435414
0.935999778021,Voter,15,7,31.,1,false,true,false,false,102.,86.,88.,72.,9.60330436359
0.935999778021,Voter,15,7,36.,1,false,true,false,false,102.,86.,88.,72.,9.60330436374
0.935999778021,Voter,15,7,41.,1,false,true,false,false,102.,86.,88.,72.,9.60330436374
0.935999778021,Voter,15,7,46.,1,false,true,false,false,102.,86.,88.,72.,9.60330436374
0.935999778021,Voter,15,7,51.,1,false,true,false,false,102.,86.,88.,72.,9.60330436374
1.1622570369,Voter,15,7,1.,1,false,true,false,false,46.,42.,78.,68.,0.
1.1622570369,Voter,15,7,6.,1,false,true,false,false,100.,84.,72.,62.,10.5749787817
1.1622570369,Voter,15,7,11.,1,false,true,false,false,102.,84.,74.,62.,10.8907667764
1.1622570369,Voter,15,7,16.,1,false,true,false,false,102.,84.,74.,62.,10.9001967771
1.1622570369,Voter,15,7,21.,1,false,true,false,false,102.,84.,74.,62.,10.900478374
1.1622570369,Voter,15,7,26.,1,false,true,false,false,102.,84.,74.,62.,10.900486783
1.1622570369,Voter,15,7,31.,1,false,true,false,false,102.,84.,74.,62.,10.9004870341
1.1622570369,Voter,15,7,36.,1,false,true,false,false,102.,84.,74.,62.,10.9004870416
1.1622570369,Voter,15,7,41.,1,false,true,false,false,102.,84.,74.,62.,10.9004870418
1.1622570369,Voter,15,7,46.,1,false,true,false,false,102.,84.,74.,62.,10.9004870418
1.1622570369,Voter,15,7,51.,1,false,true,false,false,102.,84.,74.,62.,10.9004870418
0.953047177434,Voter,15,4,1.,1,false,true,false,false,22.,22.,34.,30.,0.
0.953047177434,Voter,15,4,6.,1,false,true,false,false,38.,36.,34.,30.,9.5487280321
0.953047177434,Voter,15,4,11.,1,false,true,false,false,38.,36.,34.,30.,9.70878183942
0.953047177434,Voter,15,4,16.,1,false,true,false,false,38.,36.,34.,30.,9.71146462829
0.953047177434,Voter,15,4,21.,1,false,true,false,false,38.,36.,34.,30.,9.71150959664
0.953047177434,Voter,15,4,26.,1,false,true,false,false,38.,36.,34.,30.,9.71151035039
0.953047177434,Voter,15,4,31.,1,false,true,false,false,38.,36.,34.,30.,9.71151036303
0.953047177434,Voter,15,4,36.,1,false,true,false,false,38.,36.,34.,30.,9.71151036324
0.953047177434,Voter,15,4,41.,1,false,true,false,false,38.,36.,34.,30.,9.71151036324
0.953047177434,Voter,15,4,46.,1,false,true,false,false,38.,36.,34.,30.,9.71151036324
0.953047177434,Voter,15,4,51.,1,false,true,false,false,38.,36.,34.,30.,9.71151036324
1.09657916432,Sample,15,4,1.,1,false,true,false,false,6.,6.,32.,30.,0.
1.09657916432,Sample,15,4,6.,1,false,true,false,false,34.,28.,24.,24.,10.2848101248
1.09657916432,Sample,15,4,11.,1,false,true,false,false,36.,28.,26.,26.,10.545976694
1.09657916432,Sample,15,4,16.,1,false,true,false,false,36.,28.,26.,26.,10.5526086081
1.09657916432,Sample,15,4,21.,1,false,true,false,false,36.,28.,26.,26.,10.5527770151
1.09657916432,Sample,15,4,26.,1,false,true,false,false,36.,28.,26.,26.,10.5527812915
1.09657916432,Sample,15,4,31.,1,false,true,false,false,36.,28.,26.,26.,10.5527814001
1.09657916432,Sample,15,4,36.,1,false,true,false,false,36.,28.,26.,26.,10.5527814029
1.09657916432,Sample,15,4,41.,1,false,true,false,false,36.,28.,26.,26.,10.5527814029
1.09657916432,Sample,15,4,46.,1,false,true,false,false,36.,28.,26.,26.,10.5527814029
1.09657916432,Sample,15,4,51.,1,false,true,false,false,36.,28.,26.,26.,10.5527814029
1.31063731787,Voter,15,5,1.,1,false,true,false,false,16.,16.,30.,28.,0.
1.31063731787,Voter,15,5,6.,1,false,true,false,false,46.,44.,28.,28.,11.1372514538
1.31063731787,Voter,15,5,11.,1,false,true,false,false,46.,44.,28.,28.,11.5937448312
1.31063731787,Voter,15,5,16.,1,false,true,false,false,46.,44.,28.,28.,11.6124555701
1.31063731787,Voter,15,5,21.,1,false,true,false,false,46.,44.,28.,28.,11.6132224854
1.31063731787,Voter,15,5,26.,1,false,true,false,false,46.,44.,28.,28.,11.6132539197
1.31063731787,Voter,15,5,31.,1,false,true,false,false,46.,44.,28.,28.,11.6132552081
1.31063731787,Voter,15,5,36.,1,false,true,false,false,46.,44.,28.,28.,11.6132552609
1.31063731787,Voter,15,5,41.,1,false,true,false,false,46.,44.,28.,28.,11.6132552631
1.31063731787,Voter,15,5,46.,1,false,true,false,false,46.,44.,28.,28.,11.6132552632
1.31063731787,Voter,15,5,51.,1,false,true,false,false,46.,44.,28.,28.,11.6132552632
0.900267044143,Voter,15,6,1.,1,false,true,false,false,34.,30.,52.,46.,0.
0.900267044143,Voter,15,6,6.,1,false,true,false,false,68.,54.,42.,38.,9.23886170557
0.900267044143,Voter,15,6,11.,1,false,true,false,false,68.,54.,42.,38.,9.36835535697
0.900267044143,Voter,15,6,16.,1,false,true,false,false,68.,54.,42.,38.,9.37017036473
0.900267044143,Voter,15,6,21.,1,false,true,false,false,68.,54.,42.,38.,9.37019580423
0.900267044143,Voter,15,6,26.,1,false,true,false,false,68.,54.,42.,38.,9.37019616079
0.900267044143,Voter,15,6,31.,1,false,true,false,false,68.,54.,42.,38.,9.37019616579
0.900267044143,Voter,15,6,36.,1,false,true,false,false,68.,54.,42.,38.,9.37019616586
0.900267044143,Voter,15,6,41.,1,false,true,false,false,68.,54.,42.,38.,9.37019616586
0.900267044143,Voter,15,6,46.,1,false,true,false,false,68.,54.,42.,38.,9.37019616586
0.900267044143,Voter,15,6,51.,1,false,true,false,false,68.,54.,42.,38.,9.37019616586
1.31491133331,Voter,15,4,1.,1,false,true,false,false,8.,8.,14.,14.,0.
1.31491133331,Voter,15,4,6.,1,false,true,false,false,20.,18.,6.,6.,11.1516928002
1.31491133331,Voter,15,4,11.,1,false,true,false,false,20.,18.,6.,6.,11.6125645191
1.31491133331,Voter,15,4,16.,1,false,true,false,false,20.,18.,6.,6.,11.6316112006
1.31491133331,Voter,15,4,21.,1,false,true,false,false,20.,18.,6.,6.,11.6323983526
1.31491133331,Voter,15,4,26.,1,false,true,false,false,20.,18.,6.,6.,11.6324308836
1.31491133331,Voter,15,4,31.,1,false,true,false,false,20.,18.,6.,6.,11.632432228
1.31491133331,Voter,15,4,36.,1,false,true,false,false,20.,18.,6.,6.,11.6324322836
1.31491133331,Voter,15,4,41.,1,false,true,false,false,20.,18.,6.,6.,11.6324322859
1.31491133331,Voter,15,4,46.,1,false,true,false,false,20.,18.,6.,6.,11.632432286
1.31491133331,Voter,15,4,51.,1,false,true,false,false,20.,18.,6.,6.,11.632432286
1.0870221454,Voter,15,5,1.,1,false,true,false,false,22.,22.,74.,60.,0.
1.0870221454,Voter,15,5,6.,1,false,true,false,false,76.,64.,64.,54.,10.240278506
1.0870221454,Voter,15,5,11.,1,false,true,false,false,76.,64.,64.,54.,10.4939196131
1.0870221454,Voter,15,5,16.,1,false,true,false,false,76.,64.,64.,54.,10.500202041
1.0870221454,Voter,15,5,21.,1,false,true,false,false,76.,64.,64.,54.,10.5003576502
1.0870221454,Voter,15,5,26.,1,false,true,false,false,76.,64.,64.,54.,10.5003615045
1.0870221454,Voter,15,5,31.,1,false,true,false,false,76.,64.,64.,54.,10.5003615999
1.0870221454,Voter,15,5,36.,1,false,true,false,false,76.,64.,64.,54.,10.5003616023
1.0870221454,Voter,15,5,41.,1,false,true,false,false,76.,64.,64.,54.,10.5003616024
1.0870221454,Voter,15,5,46.,1,false,true,false,false,76.,64.,64.,54.,10.5003616024
1.0870221454,Voter,15,5,51.,1,false,true,false,false,76.,64.,64.,54.,10.5003616024
1.05455526941,Sample,15,3,1.,1,false,true,false,false,6.,6.,18.,18.,0.
1.05455526941,Sample,15,3,6.,1,false,true,false,false,12.,12.,12.,12.,10.0844213019
1.05455526941,Sample,15,3,11.,1,false,true,false,false,12.,12.,12.,12.,10.3133234431
1.05455526941,Sample,15,3,16.,1,false,true,false,false,12.,12.,12.,12.,10.3185191989
1.05455526941,Sample,15,3,21.,1,false,true,false,false,12.,12.,12.,12.,10.3186371352
1.05455526941,Sample,15,3,26.,1,false,true,false,false,12.,12.,12.,12.,10.3186398122
1.05455526941,Sample,15,3,31.,1,false,true,false,false,12.,12.,12.,12.,10.318639873
1.05455526941,Sample,15,3,36.,1,false,true,false,false,12.,12.,12.,12.,10.3186398743
1.05455526941,Sample,15,3,41.,1,false,true,false,false,12.,12.,12.,12.,10.3186398744
1.05455526941,Sample,15,3,46.,1,false,true,false,false,12.,12.,12.,12.,10.3186398744
1.05455526941,Sample,15,3,51.,1,false,true,false,false,12.,12.,12.,12.,10.3186398744
1.22508197256,Voter,15,4,1.,1,false,true,false,false,4.,4.,22.,20.,0.
1.22508197256,Voter,15,4,6.,1,false,true,false,false,16.,16.,10.,10.,10.8280272905
1.22508197256,Voter,15,4,11.,1,false,true,false,false,16.,16.,10.,10.,11.2006038784
1.22508197256,Voter,15,4,16.,1,false,true,false,false,16.,16.,10.,10.,11.213423694
1.22508197256,Voter,15,4,21.,1,false,true,false,false,16.,16.,10.,10.,11.2138648051
1.22508197256,Voter,15,4,26.,1,false,true,false,false,16.,16.,10.,10.,11.2138799831
1.22508197256,Voter,15,4,31.,1,false,true,false,false,16.,16.,10.,10.,11.2138805054
1.22508197256,Voter,15,4,36.,1,false,true,false,false,16.,16.,10.,10.,11.2138805233
1.22508197256,Voter,15,4,41.,1,false,true,false,false,16.,16.,10.,10.,11.213880524
1.22508197256,Voter,15,4,46.,1,false,true,false,false,16.,16.,10.,10.,11.213880524
1.22508197256,Voter,15,4,51.,1,false,true,false,false,16.,16.,10.,10.,11.213880524
0.807164367012,Voter,15,3,1.,1,false,true,false,false,18.,18.,26.,24.,0.
0.807164367012,Voter,15,3,6.,1,false,true,false,false,26.,26.,30.,28.,8.63424633681
0.807164367012,Voter,15,3,11.,1,false,true,false,false,26.,26.,30.,28.,8.71869160743
0.807164367012,Voter,15,3,16.,1,false,true,false,false,26.,26.,30.,28.,8.71951750508
0.807164367012,Voter,15,3,21.,1,false,true,false,false,26.,26.,30.,28.,8.71952558258
0.807164367012,Voter,15,3,26.,1,false,true,false,false,26.,26.,30.,28.,8.71952566158
0.807164367012,Voter,15,3,31.,1,false,true,false,false,26.,26.,30.,28.,8.71952566235
0.807164367012,Voter,15,3,36.,1,false,true,false,false,26.,26.,30.,28.,8.71952566236
0.807164367012,Voter,15,3,41.,1,false,true,false,false,26.,26.,30.,28.,8.71952566236
0.807164367012,Voter,15,3,46.,1,false,true,false,false,26.,26.,30.,28.,8.71952566236
0.807164367012,Voter,15,3,51.,1,false,true,false,false,26.,26.,30.,28.,8.71952566236
0.964746405844,Voter,15,6,1.,1,false,true,false,false,42.,40.,64.,56.,0.
0.964746405844,Voter,15,6,6.,1,false,true,false,false,74.,64.,48.,48.,9.61440170015
0.964746405844,Voter,15,6,11.,1,false,true,false,false,74.,64.,48.,48.,9.78171970583
0.964746405844,Voter,15,6,16.,1,false,true,false,false,74.,64.,48.,48.,9.78463151625
0.964746405844,Voter,15,6,21.,1,false,true,false,false,74.,64.,48.,48.,9.78468219005
0.964746405844,Voter,15,6,26.,1,false,true,false,false,74.,64.,48.,48.,9.78468307192
0.964746405844,Voter,15,6,31.,1,false,true,false,false,74.,64.,48.,48.,9.78468308727
0.964746405844,Voter,15,6,36.,1,false,true,false,false,74.,64.,48.,48.,9.78468308754
0.964746405844,Voter,15,6,41.,1,false,true,false,false,74.,64.,48.,48.,9.78468308754
0.964746405844,Voter,15,6,46.,1,false,true,false,false,74.,64.,48.,48.,9.78468308754
0.964746405844,Voter,15,6,51.,1,false,true,false,false,74.,64.,48.,48.,9.78468308754
0.863429791165,Voter,15,5,1.,1,false,true,false,false,18.,16.,16.,16.,0.
0.863429791165,Voter,15,5,6.,1,false,true,false,false,30.,28.,16.,16.,9.00883594075
0.863429791165,Voter,15,5,11.,1,false,true,false,false,30.,28.,16.,16.,9.11915591037
0.863429791165,Voter,15,5,16.,1,false,true,false,false,30.,28.,16.,16.,9.12050686135
0.863429791165,Voter,15,5,21.,1,false,true,false,false,30.,28.,16.,16.,9.12052340476
0.863429791165,Voter,15,5,26.,1,false,true,false,false,30.,28.,16.,16.,9.12052360734
0.863429791165,Voter,15,5,31.,1,false,true,false,false,30.,28.,16.,16.,9.12052360982
0.863429791165,Voter,15,5,36.,1,false,true,false,false,30.,28.,16.,16.,9.12052360986
0.863429791165,Voter,15,5,41.,1,false,true,false,false,30.,28.,16.,16.,9.12052360986
0.863429791165,Voter,15,5,46.,1,false,true,false,false,30.,28.,16.,16.,9.12052360986
0.863429791165,Voter,15,5,51.,1,false,true,false,false,30.,28.,16.,16.,9.12052360986
1.37585423812,Voter,15,4,1.,1,false,true,false,false,4.,4.,18.,16.,0.
1.37585423812,Voter,15,4,6.,1,false,true,false,false,16.,14.,10.,10.,11.3478015661
1.37585423812,Voter,15,4,11.,1,false,true,false,false,16.,14.,10.,10.,11.8728939422
1.37585423812,Voter,15,4,16.,1,false,true,false,false,16.,14.,10.,10.,11.897191336
1.37585423812,Voter,15,4,21.,1,false,true,false,false,16.,14.,10.,10.,11.8983156398
1.37585423812,Voter,15,4,26.,1,false,true,false,false,16.,14.,10.,10.,11.8983676642
1.37585423812,Voter,15,4,31.,1,false,true,false,false,16.,14.,10.,10.,11.8983700715
1.37585423812,Voter,15,4,36.,1,false,true,false,false,16.,14.,10.,10.,11.8983701829
1.37585423812,Voter,15,4,41.,1,false,true,false,false,16.,14.,10.,10.,11.8983701881
1.37585423812,Voter,15,4,46.,1,false,true,false,false,16.,14.,10.,10.,11.8983701883
1.37585423812,Voter,15,4,51.,1,false,true,false,false,16.,14.,10.,10.,11.8983701883
1.19198119335,Voter,15,4,1.,1,false,true,false,false,14.,14.,30.,26.,0.
1.19198119335,Voter,15,4,6.,1,false,true,false,false,32.,26.,32.,30.,10.6975767434
1.19198119335,Voter,15,4,11.,1,false,true,false,false,32.,26.,32.,30.,11.0396980234
1.19198119335,Voter,15,4,16.,1,false,true,false,false,32.,26.,32.,30.,11.0506394705
1.19198119335,Voter,15,4,21.,1,false,true,false,false,32.,26.,32.,30.,11.0509893911
1.19198119335,Voter,15,4,26.,1,false,true,false,false,32.,26.,32.,30.,11.0510005819
1.19198119335,Voter,15,4,31.,1,false,true,false,false,32.,26.,32.,30.,11.0510009398
1.19198119335,Voter,15,4,36.,1,false,true,false,false,32.,26.,32.,30.,11.0510009513
1.19198119335,Voter,15,4,41.,1,false,true,false,false,32.,26.,32.,30.,11.0510009516
1.19198119335,Voter,15,4,46.,1,false,true,false,false,32.,26.,32.,30.,11.0510009517
1.19198119335,Voter,15,4,51.,1,false,true,false,false,32.,26.,32.,30.,11.0510009517
1.31438591023,Voter,15,7,1.,1,false,true,false,false,22.,20.,68.,60.,0.
1.31438591023,Voter,15,7,6.,1,false,true,false,false,76.,60.,46.,42.,11.1499224439
1.31438591023,Voter,15,7,11.,1,false,true,false,false,76.,60.,46.,42.,11.6102549993
1.31438591023,Voter,15,7,16.,1,false,true,false,false,76.,60.,46.,42.,11.6292601594
1.31438591023,Voter,15,7,21.,1,false,true,false,false,76.,60.,46.,42.,11.6300448011
1.31438591023,Voter,15,7,26.,1,false,true,false,false,76.,60.,46.,42.,11.6300771956
1.31438591023,Voter,15,7,31.,1,false,true,false,false,76.,60.,46.,42.,11.630078533
1.31438591023,Voter,15,7,36.,1,false,true,false,false,76.,60.,46.,42.,11.6300785883
1.31438591023,Voter,15,7,41.,1,false,true,false,false,76.,60.,46.,42.,11.6300785905
1.31438591023,Voter,15,7,46.,1,false,true,false,false,76.,60.,46.,42.,11.6300785906
1.31438591023,Voter,15,7,51.,1,false,true,false,false,76.,60.,46.,42.,11.6300785906
1.16379255635,Sample,15,6,1.,1,false,true,false,false,28.,28.,64.,58.,0.
1.16379255635,Sample,15,6,6.,1,false,true,false,false,178.,136.,170.,134.,10.5814416445
1.16379255635,Sample,15,6,11.,1,false,true,false,false,192.,146.,164.,130.,10.8985659218
1.16379255635,Sample,15,6,16.,1,false,true,false,false,192.,146.,164.,130.,10.9080700905
1.16379255635,Sample,15,6,21.,1,false,true,false,false,192.,146.,164.,130.,10.9083549291
1.16379255635,Sample,15,6,26.,1,false,true,false,false,192.,146.,164.,130.,10.9083634657
1.16379255635,Sample,15,6,31.,1,false,true,false,false,192.,146.,164.,130.,10.9083637215
1.16379255635,Sample,15,6,36.,1,false,true,false,false,192.,146.,164.,130.,10.9083637292
1.16379255635,Sample,15,6,41.,1,false,true,false,false,192.,146.,164.,130.,10.9083637294
1.16379255635,Sample,15,6,46.,1,false,true,false,false,192.,146.,164.,130.,10.9083637294
1.16379255635,Sample,15,6,51.,1,false,true,false,false,192.,146.,164.,130.,10.9083637294
1.21368435703,Voter,15,4,1.,1,false,true,false,false,16.,14.,32.,26.,0.
1.21368435703,Voter,15,4,6.,1,false,true,false,false,28.,24.,28.,24.,10.7838168745
1.21368435703,Voter,15,4,11.,1,false,true,false,false,28.,24.,28.,24.,11.145774898
1.21368435703,Voter,15,4,16.,1,false,true,false,false,28.,24.,28.,24.,11.1579239926
1.21368435703,Voter,15,4,21.,1,false,true,false,false,28.,24.,28.,24.,11.158331776
1.21368435703,Voter,15,4,26.,1,false,true,false,false,28.,24.,28.,24.,11.1583454633
1.21368435703,Voter,15,4,31.,1,false,true,false,false,28.,24.,28.,24.,11.1583459227
1.21368435703,Voter,15,4,36.,1,false,true,false,false,28.,24.,28.,24.,11.1583459381
1.21368435703,Voter,15,4,41.,1,false,true,false,false,28.,24.,28.,24.,11.1583459386
1.21368435703,Voter,15,4,46.,1,false,true,false,false,28.,24.,28.,24.,11.1583459386
1.21368435703,Voter,15,4,51.,1,false,true,false,false,28.,24.,28.,24.,11.1583459386
0.8015082648,Voter,15,5,1.,1,false,true,false,false,18.,14.,60.,50.,0.
0.8015082648,Voter,15,5,6.,1,false,true,false,false,36.,28.,58.,46.,8.59496804437
0.8015082648,Voter,15,5,11.,1,false,true,false,false,36.,28.,58.,46.,8.67703842796
0.8015082648,Voter,15,5,16.,1,false,true,false,false,36.,28.,58.,46.,8.67782208973
0.8015082648,Voter,15,5,21.,1,false,true,false,false,36.,28.,58.,46.,8.67782957264
0.8015082648,Voter,15,5,26.,1,false,true,false,false,36.,28.,58.,46.,8.67782964409
0.8015082648,Voter,15,5,31.,1,false,true,false,false,36.,28.,58.,46.,8.67782964478
0.8015082648,Voter,15,5,36.,1,false,true,false,false,36.,28.,58.,46.,8.67782964478
0.8015082648,Voter,15,5,41.,1,false,true,false,false,36.,28.,58.,46.,8.67782964478
0.8015082648,Voter,15,5,46.,1,false,true,false,false,36.,28.,58.,46.,8.67782964478
0.8015082648,Voter,15,5,51.,1,false,true,false,false,36.,28.,58.,46.,8.67782964478
0.827004320665,Sample,15,3,1.,1,false,true,false,false,14.,14.,26.,22.,0.
0.827004320665,Sample,15,3,6.,1,false,true,false,false,34.,32.,38.,32.,8.76964214753
0.827004320665,Sample,15,3,11.,1,false,true,false,false,34.,32.,38.,32.,8.86274307693
0.827004320665,Sample,15,3,16.,1,false,true,false,false,34.,32.,38.,32.,8.86373146196
0.827004320665,Sample,15,3,21.,1,false,true,false,false,34.,32.,38.,32.,8.86374195493
0.827004320665,Sample,15,3,26.,1,false,true,false,false,34.,32.,38.,32.,8.86374206633
0.827004320665,Sample,15,3,31.,1,false,true,false,false,34.,32.,38.,32.,8.86374206751
0.827004320665,Sample,15,3,36.,1,false,true,false,false,34.,32.,38.,32.,8.86374206752
0.827004320665,Sample,15,3,41.,1,false,true,false,false,34.,32.,38.,32.,8.86374206752
0.827004320665,Sample,15,3,46.,1,false,true,false,false,34.,32.,38.,32.,8.86374206752
0.827004320665,Sample,15,3,51.,1,false,true,false,false,34.,32.,38.,32.,8.86374206752
1.28711811992,Voter,15,6,1.,1,false,true,false,false,26.,24.,58.,50.,0.
1.28711811992,Voter,15,6,6.,1,false,true,false,false,58.,46.,34.,32.,11.0561121156
1.28711811992,Voter,15,6,11.,1,false,true,false,false,58.,46.,34.,32.,11.4888200328
1.28711811992,Voter,15,6,16.,1,false,true,false,false,58.,46.,34.,32.,11.5057551127
1.28711811992,Voter,15,6,21.,1,false,true,false,false,58.,46.,34.,32.,11.5064179084
1.28711811992,Voter,15,6,26.,1,false,true,false,false,58.,46.,34.,32.,11.5064438485
1.28711811992,Voter,15,6,31.,1,false,true,false,false,58.,46.,34.,32.,11.5064448637
1.28711811992,Voter,15,6,36.,1,false,true,false,false,58.,46.,34.,32.,11.5064449035
1.28711811992,Voter,15,6,41.,1,false,true,false,false,58.,46.,34.,32.,11.506444905
1.28711811992,Voter,15,6,46.,1,false,true,false,false,58.,46.,34.,32.,11.5064449051
1.28711811992,Voter,15,6,51.,1,false,true,false,false,58.,46.,34.,32.,11.5064449051
1.08792922742,Sample,15,5,1.,1,false,true,false,false,18.,18.,50.,46.,0.
1.08792922742,Sample,15,5,6.,1,false,true,false,false,82.,70.,78.,66.,10.2445310747
1.08792922742,Sample,15,5,11.,1,false,true,false,false,82.,70.,78.,66.,10.4988817319
1.08792922742,Sample,15,5,16.,1,false,true,false,false,82.,70.,78.,66.,10.5051967361
1.08792922742,Sample,15,5,21.,1,false,true,false,false,82.,70.,78.,66.,10.5053535247
1.08792922742,Sample,15,5,26.,1,false,true,false,false,82.,70.,78.,66.,10.5053574174
1.08792922742,Sample,15,5,31.,1,false,true,false,false,82.,70.,78.,66.,10.5053575141
1.08792922742,Sample,15,5,36.,1,false,true,false,false,82.,70.,78.,66.,10.5053575165
1.08792922742,Sample,15,5,41.,1,false,true,false,false,82.,70.,78.,66.,10.5053575165
1.08792922742,Sample,15,5,46.,1,false,true,false,false,82.,70.,78.,66.,10.5053575165
1.08792922742,Sample,15,5,51.,1,false,true,false,false,82.,70.,78.,66.,10.5053575165
1.36605244641,Sample,15,3,1.,1,false,true,false,false,0.,0.,6.,6.,0.
1.36605244641,Sample,15,3,6.,1,false,true,false,false,6.,6.,4.,4.,11.3174705324
1.36605244641,Sample,15,3,11.,1,false,true,false,false,8.,8.,2.,2.,11.8320146271
1.36605244641,Sample,15,3,16.,1,false,true,false,false,8.,8.,2.,2.,11.8554081605
1.36605244641,Sample,15,3,21.,1,false,true,false,false,8.,8.,2.,2.,11.8564717378
1.36605244641,Sample,15,3,26.,1,false,true,false,false,8.,8.,2.,2.,11.8565200929
1.36605244641,Sample,15,3,31.,1,false,true,false,false,8.,8.,2.,2.,11.8565222913
1.36605244641,Sample,15,3,36.,1,false,true,false,false,8.,8.,2.,2.,11.8565223913
1.36605244641,Sample,15,3,41.,1,false,true,false,false,8.,8.,2.,2.,11.8565223958
1.36605244641,Sample,15,3,46.,1,false,true,false,false,8.,8.,2.,2.,11.856522396
1.36605244641,Sample,15,3,51.,1,false,true,false,false,8.,8.,2.,2.,11.856522396
1.0197128036,Sample,15,4,1.,1,false,true,false,false,4.,4.,20.,20.,0.
1.0197128036,Sample,15,4,6.,1,false,true,false,false,32.,30.,24.,22.,9.90904323704
1.0197128036,Sample,15,4,11.,1,false,true,false,false,34.,32.,22.,22.,10.1128428449
1.0197128036,Sample,15,4,16.,1,false,true,false,false,34.,32.,22.,22.,10.1170343979
1.0197128036,Sample,15,4,21.,1,false,true,false,false,34.,32.,22.,22.,10.1171206057
1.0197128036,Sample,15,4,26.,1,false,true,false,false,34.,32.,22.,22.,10.1171223788
1.0197128036,Sample,15,4,31.,1,false,true,false,false,34.,32.,22.,22.,10.1171224152
1.0197128036,Sample,15,4,36.,1,false,true,false,false,34.,32.,22.,22.,10.117122416
1.0197128036,Sample,15,4,41.,1,false,true,false,false,34.,32.,22.,22.,10.117122416
1.0197128036,Sample,15,4,46.,1,false,true,false,false,34.,32.,22.,22.,10.117122416
1.0197128036,Sample,15,4,51.,1,false,true,false,false,34.,32.,22.,22.,10.117122416
0.906152659168,Sample,15,7,1.,1,false,true,false,false,98.,82.,146.,124.,0.
0.906152659168,Sample,15,7,6.,1,false,true,false,false,258.,180.,254.,180.,9.27454482261
0.906152659168,Sample,15,7,11.,1,false,true,false,false,264.,184.,256.,180.,9.40726627144
0.906152659168,Sample,15,7,16.,1,false,true,false,false,264.,184.,256.,180.,9.40916555419
0.906152659168,Sample,15,7,21.,1,false,true,false,false,264.,184.,256.,180.,9.40919273348
0.906152659168,Sample,15,7,26.,1,false,true,false,false,264.,184.,256.,180.,9.40919312242
0.906152659168,Sample,15,7,31.,1,false,true,false,false,264.,184.,256.,180.,9.40919312799
0.906152659168,Sample,15,7,36.,1,false,true,false,false,264.,184.,256.,180.,9.40919312807
0.906152659168,Sample,15,7,41.,1,false,true,false,false,264.,184.,256.,180.,9.40919312807
0.906152659168,Sample,15,7,46.,1,false,true,false,false,264.,184.,256.,180.,9.40919312807
0.906152659168,Sample,15,7,51.,1,false,true,false,false,264.,184.,256.,180.,9.40919312807
1.04278776255,Sample,15,7,1.,1,false,true,false,false,56.,46.,108.,86.,0.
1.04278776255,Sample,15,7,6.,1,false,true,false,false,254.,178.,258.,180.,10.0261469658
1.04278776255,Sample,15,7,11.,1,false,true,false,false,258.,178.,262.,182.,10.246401982
1.04278776255,Sample,15,7,16.,1,false,true,false,false,258.,178.,262.,182.,10.2512405578
1.04278776255,Sample,15,7,21.,1,false,true,false,false,258.,178.,262.,182.,10.251346852
1.04278776255,Sample,15,7,26.,1,false,true,false,false,258.,178.,262.,182.,10.251349187
1.04278776255,Sample,15,7,31.,1,false,true,false,false,258.,178.,262.,182.,10.2513492383
1.04278776255,Sample,15,7,36.,1,false,true,false,false,258.,178.,262.,182.,10.2513492395
1.04278776255,Sample,15,7,41.,1,false,true,false,false,258.,178.,262.,182.,10.2513492395
1.04278776255,Sample,15,7,46.,1,false,true,false,false,258.,178.,262.,182.,10.2513492395
1.04278776255,Sample,15,7,51.,1,false,true,false,false,258.,178.,262.,182.,10.2513492395
1.36574900317,Voter,15,5,1.,1,false,true,false,false,4.,4.,28.,24.,0.
1.36574900317,Voter,15,5,6.,1,false,true,false,false,24.,22.,16.,16.,11.3165242916
1.36574900317,Voter,15,5,11.,1,false,true,false,false,24.,22.,16.,16.,11.8307431383
1.36574900317,Voter,15,5,16.,1,false,true,false,false,24.,22.,16.,16.,11.8541090601
1.36574900317,Voter,15,5,21.,1,false,true,false,false,24.,22.,16.,16.,11.8551707993
1.36574900317,Voter,15,5,26.,1,false,true,false,false,24.,22.,16.,16.,11.8552190444
1.36574900317,Voter,15,5,31.,1,false,true,false,false,24.,22.,16.,16.,11.8552212366
1.36574900317,Voter,15,5,36.,1,false,true,false,false,24.,22.,16.,16.,11.8552213362
1.36574900317,Voter,15,5,41.,1,false,true,false,false,24.,22.,16.,16.,11.8552213407
1.36574900317,Voter,15,5,46.,1,false,true,false,false,24.,22.,16.,16.,11.8552213409
1.36574900317,Voter,15,5,51.,1,false,true,false,false,24.,22.,16.,16.,11.855221341
0.971338598769,Sample,15,3,1.,1,false,true,false,false,2.,2.,8.,8.,0.
0.971338598769,Sample,15,3,6.,1,false,true,false,false,6.,6.,0.,0.,9.65093992703
0.971338598769,Sample,15,3,11.,1,false,true,false,false,6.,6.,0.,0.,9.8224289923
0.971338598769,Sample,15,3,16.,1,false,true,false,false,6.,6.,0.,0.,9.8254762084
0.971338598769,Sample,15,3,21.,1,false,true,false,false,6.,6.,0.,0.,9.82553035486
0.971338598769,Sample,15,3,26.,1,false,true,false,false,6.,6.,0.,0.,9.825531317
0.971338598769,Sample,15,3,31.,1,false,true,false,false,6.,6.,0.,0.,9.82553133409
0.971338598769,Sample,15,3,36.,1,false,true,false,false,6.,6.,0.,0.,9.8255313344
0.971338598769,Sample,15,3,41.,1,false,true,false,false,6.,6.,0.,0.,9.8255313344
0.971338598769,Sample,15,3,46.,1,false,true,false,false,6.,6.,0.,0.,9.8255313344
0.971338598769,Sample,15,3,51.,1,false,true,false,false,6.,6.,0.,0.,9.8255313344
0.845909486618,Sample,15,5,1.,1,false,true,false,false,24.,20.,56.,46.,0.
0.845909486618,Sample,15,5,6.,1,false,true,false,false,82.,68.,86.,74.,8.89527762211
0.845909486618,Sample,15,5,11.,1,false,true,false,false,86.,72.,86.,72.,8.99710003736
0.845909486618,Sample,15,5,16.,1,false,true,false,false,86.,72.,86.,72.,8.99826557763
0.845909486618,Sample,15,5,21.,1,false,true,false,false,86.,72.,86.,72.,8.99827891933
0.845909486618,Sample,15,5,26.,1,false,true,false,false,86.,72.,86.,72.,8.99827907205
0.845909486618,Sample,15,5,31.,1,false,true,false,false,86.,72.,86.,72.,8.9982790738
0.845909486618,Sample,15,5,36.,1,false,true,false,false,86.,72.,86.,72.,8.99827907382
0.845909486618,Sample,15,5,41.,1,false,true,false,false,86.,72.,86.,72.,8.99827907382
0.845909486618,Sample,15,5,46.,1,false,true,false,false,86.,72.,86.,72.,8.99827907382
0.845909486618,Sample,15,5,51.,1,false,true,false,false,86.,72.,86.,72.,8.99827907382
1.29709865241,Voter,15,5,1.,1,false,true,false,false,6.,6.,22.,22.,0.
1.29709865241,Voter,15,5,6.,1,false,true,false,false,26.,24.,6.,6.,11.0908920208
1.29709865241,Voter,15,5,11.,1,false,true,false,false,26.,24.,6.,6.,11.5336292782
1.29709865241,Voter,15,5,16.,1,false,true,false,false,26.,24.,6.,6.,11.5513029044
1.29709865241,Voter,15,5,21.,1,false,true,false,false,26.,24.,6.,6.,11.5520084178
1.29709865241,Voter,15,5,26.,1,false,true,false,false,26.,24.,6.,6.,11.5520365811
1.29709865241,Voter,15,5,31.,1,false,true,false,false,26.,24.,6.,6.,11.5520377054
1.29709865241,Voter,15,5,36.,1,false,true,false,false,26.,24.,6.,6.,11.5520377503
1.29709865241,Voter,15,5,41.,1,false,true,false,false,26.,24.,6.,6.,11.5520377521
1.29709865241,Voter,15,5,46.,1,false,true,false,false,26.,24.,6.,6.,11.5520377521
1.29709865241,Voter,15,5,51.,1,false,true,false,false,26.,24.,6.,6.,11.5520377521
0.929043544739,Voter,15,5,1.,1,false,true,false,false,24.,22.,34.,32.,0.
0.929043544739,Voter,15,5,6.,1,false,true,false,false,50.,46.,48.,42.,9.41060430899
0.929043544739,Voter,15,5,11.,1,false,true,false,false,50.,46.,48.,42.,9.55630976903
0.929043544739,Voter,15,5,16.,1,false,true,false,false,50.,46.,48.,42.,9.55856574329
0.929043544739,Voter,15,5,21.,1,false,true,false,false,50.,46.,48.,42.,9.55860067279
0.929043544739,Voter,15,5,26.,1,false,true,false,false,50.,46.,48.,42.,9.55860121361
0.929043544739,Voter,15,5,31.,1,false,true,false,false,50.,46.,48.,42.,9.55860122198
0.929043544739,Voter,15,5,36.,1,false,true,false,false,50.,46.,48.,42.,9.55860122211
0.929043544739,Voter,15,5,41.,1,false,true,false,false,50.,46.,48.,42.,9.55860122211
0.929043544739,Voter,15,5,46.,1,false,true,false,false,50.,46.,48.,42.,9.55860122211
0.929043544739,Voter,15,5,51.,1,false,true,false,false,50.,46.,48.,42.,9.55860122211
0.953308403814,Sample,15,3,1.,1,false,true,false,false,0.,0.,8.,8.,0.
0.953308403814,Sample,15,3,6.,1,false,true,false,false,8.,6.,4.,4.,9.55020608907
0.953308403814,Sample,15,3,11.,1,false,true,false,false,10.,8.,2.,2.,9.71042016156
0.953308403814,Sample,15,3,16.,1,false,true,false,false,10.,8.,2.,2.,9.71310790974
0.953308403814,Sample,15,3,21.,1,false,true,false,false,10.,8.,2.,2.,9.71315299935
0.953308403814,Sample,15,3,26.,1,false,true,false,false,10.,8.,2.,2.,9.71315375578
0.953308403814,Sample,15,3,31.,1,false,true,false,false,10.,8.,2.,2.,9.71315376847
0.953308403814,Sample,15,3,36.,1,false,true,false,false,10.,8.,2.,2.,9.71315376868
0.953308403814,Sample,15,3,41.,1,false,true,false,false,10.,8.,2.,2.,9.71315376868
0.953308403814,Sample,15,3,46.,1,false,true,false,false,10.,8.,2.,2.,9.71315376868
0.953308403814,Sample,15,3,51.,1,false,true,false,false,10.,8.,2.,2.,9.71315376868
1.07657394066,Sample,15,3,1.,1,false,true,false,false,2.,2.,8.,8.,0.
1.07657394066,Sample,15,3,6.,1,false,true,false,false,8.,8.,2.,2.,10.1908997089
1.07657394066,Sample,15,3,11.,1,false,true,false,false,8.,8.,2.,2.,10.4364394963
1.07657394066,Sample,15,3,16.,1,false,true,false,false,8.,8.,2.,2.,10.442355538
1.07657394066,Sample,15,3,21.,1,false,true,false,false,8.,8.,2.,2.,10.4424980792
1.07657394066,Sample,15,3,26.,1,false,true,false,false,8.,8.,2.,2.,10.4425015136
1.07657394066,Sample,15,3,31.,1,false,true,false,false,8.,8.,2.,2.,10.4425015964
1.07657394066,Sample,15,3,36.,1,false,true,false,false,8.,8.,2.,2.,10.4425015984
1.07657394066,Sample,15,3,41.,1,false,true,false,false,8.,8.,2.,2.,10.4425015984
1.07657394066,Sample,15,3,46.,1,false,true,false,false,8.,8.,2.,2.,10.4425015984
1.07657394066,Sample,15,3,51.,1,false,true,false,false,8.,8.,2.,2.,10.4425015984
0.821225413214,Voter,15,6,1.,1,false,true,false,false,76.,66.,82.,70.,0.
0.821225413214,Voter,15,6,6.,1,false,true,false,false,110.,88.,84.,68.,8.7305837103
0.821225413214,Voter,15,6,11.,1,false,true,false,false,110.,88.,84.,68.,8.82111106025
0.821225413214,Voter,15,6,16.,1,false,true,false,false,110.,88.,84.,68.,8.82204973759
0.821225413214,Voter,15,6,21.,1,false,true,false,false,110.,88.,84.,68.,8.82205947073
0.821225413214,Voter,15,6,26.,1,false,true,false,false,110.,88.,84.,68.,8.82205957165
0.821225413214,Voter,15,6,31.,1,false,true,false,false,110.,88.,84.,68.,8.8220595727
0.821225413214,Voter,15,6,36.,1,false,true,false,false,110.,88.,84.,68.,8.82205957271
0.821225413214,Voter,15,6,41.,1,false,true,false,false,110.,88.,84.,68.,8.82205957271
0.821225413214,Voter,15,6,46.,1,false,true,false,false,110.,88.,84.,68.,8.82205957271
0.821225413214,Voter,15,6,51.,1,false,true,false,false,110.,88.,84.,68.,8.82205957271
1.27675766748,Sample,15,4,1.,1,false,true,false,false,6.,6.,16.,16.,0.
1.27675766748,Sample,15,4,6.,1,false,true,false,false,22.,20.,16.,16.,11.0194583573
1.27675766748,Sample,15,4,11.,1,false,true,false,false,24.,22.,14.,14.,11.4418568813
1.27675766748,Sample,15,4,16.,1,false,true,false,false,24.,22.,14.,14.,11.4580482863
1.27675766748,Sample,15,4,21.,1,false,true,false,false,24.,22.,14.,14.,11.4586689362
1.27675766748,Sample,15,4,26.,1,false,true,false,false,24.,22.,14.,14.,11.458692727
1.27675766748,Sample,15,4,31.,1,false,true,false,false,24.,22.,14.,14.,11.4586936389
1.27675766748,Sample,15,4,36.,1,false,true,false,false,24.,22.,14.,14.,11.4586936739
1.27675766748,Sample,15,4,41.,1,false,true,false,false,24.,22.,14.,14.,11.4586936752
1.27675766748,Sample,15,4,46.,1,false,true,false,false,24.,22.,14.,14.,11.4586936753
1.27675766748,Sample,15,4,51.,1,false,true,false,false,24.,22.,14.,14.,11.4586936753
1.39277200027,Voter,15,6,1.,1,false,true,false,false,8.,8.,50.,42.,0.
1.39277200027,Voter,15,6,6.,1,false,true,false,false,54.,44.,40.,32.,11.3990944305
1.39277200027,Voter,15,6,11.,1,false,true,false,false,54.,44.,40.,32.,11.9425825199
1.39277200027,Voter,15,6,16.,1,false,true,false,false,54.,44.,40.,32.,11.9684950435
1.39277200027,Voter,15,6,21.,1,false,true,false,false,54.,44.,40.,32.,11.9697305055
1.39277200027,Voter,15,6,26.,1,false,true,false,false,54.,44.,40.,32.,11.9697894101
1.39277200027,Voter,15,6,31.,1,false,true,false,false,54.,44.,40.,32.,11.9697922185
1.39277200027,Voter,15,6,36.,1,false,true,false,false,54.,44.,40.,32.,11.9697923524
1.39277200027,Voter,15,6,41.,1,false,true,false,false,54.,44.,40.,32.,11.9697923588
1.39277200027,Voter,15,6,46.,1,false,true,false,false,54.,44.,40.,32.,11.9697923591
1.39277200027,Voter,15,6,51.,1,false,true,false,false,54.,44.,40.,32.,11.9697923591
1.29235777381,Sample,15,5,1.,1,false,true,false,false,14.,14.,40.,36.,0.
1.29235777381,Sample,15,5,6.,1,false,true,false,false,58.,58.,52.,48.,11.0744355456
1.29235777381,Sample,15,5,11.,1,false,true,false,false,60.,60.,54.,48.,11.5123968376
1.29235777381,Sample,15,5,16.,1,false,true,false,false,60.,60.,54.,48.,11.5297169161
1.29235777381,Sample,15,5,21.,1,false,true,false,false,60.,60.,54.,48.,11.5304018742
1.29235777381,Sample,15,5,26.,1,false,true,false,false,60.,60.,54.,48.,11.5304289623
1.29235777381,Sample,15,5,31.,1,false,true,false,false,60.,60.,54.,48.,11.5304300335
1.29235777381,Sample,15,5,36.,1,false,true,false,false,60.,60.,54.,48.,11.5304300759
1.29235777381,Sample,15,5,41.,1,false,true,false,false,60.,60.,54.,48.,11.5304300776
1.29235777381,Sample,15,5,46.,1,false,true,false,false,60.,60.,54.,48.,11.5304300776
1.29235777381,Sample,15,5,51.,1,false,true,false,false,60.,60.,54.,48.,11.5304300776
0.961737357254,Sample,15,5,1.,1,false,true,false,false,6.,6.,36.,34.,0.
0.961737357254,Sample,15,5,6.,1,false,true,false,false,72.,66.,70.,68.,9.59761209115
0.961737357254,Sample,15,5,11.,1,false,true,false,false,78.,72.,72.,70.,9.76304483314
0.961737357254,Sample,15,5,16.,1,false,true,false,false,78.,72.,72.,70.,9.76589637495
0.961737357254,Sample,15,5,21.,1,false,true,false,false,78.,72.,72.,70.,9.76594552659
0.961737357254,Sample,15,5,26.,1,false,true,false,false,78.,72.,72.,70.,9.76594637381
0.961737357254,Sample,15,5,31.,1,false,true,false,false,78.,72.,72.,70.,9.76594638841
0.961737357254,Sample,15,5,36.,1,false,true,false,false,78.,72.,72.,70.,9.76594638866
0.961737357254,Sample,15,5,41.,1,false,true,false,false,78.,72.,72.,70.,9.76594638867
0.961737357254,Sample,15,5,46.,1,false,true,false,false,78.,72.,72.,70.,9.76594638867
0.961737357254,Sample,15,5,51.,1,false,true,false,false,78.,72.,72.,70.,9.76594638867
1.31075677045,Sample,15,5,1.,1,false,true,false,false,4.,4.,42.,38.,0.
1.31075677045,Sample,15,5,6.,1,false,true,false,false,48.,40.,38.,34.,11.1376563254
1.31075677045,Sample,15,5,11.,1,false,true,false,false,54.,46.,40.,36.,11.5942718402
1.31075677045,Sample,15,5,16.,1,false,true,false,false,54.,46.,40.,36.,11.6129919122
1.31075677045,Sample,15,5,21.,1,false,true,false,false,54.,46.,40.,36.,11.6137593874
1.31075677045,Sample,15,5,26.,1,false,true,false,false,54.,46.,40.,36.,11.6137908519
1.31075677045,Sample,15,5,31.,1,false,true,false,false,54.,46.,40.,36.,11.6137921419
1.31075677045,Sample,15,5,36.,1,false,true,false,false,54.,46.,40.,36.,11.6137921948
1.31075677045,Sample,15,5,41.,1,false,true,false,false,54.,46.,40.,36.,11.6137921969
1.31075677045,Sample,15,5,46.,1,false,true,false,false,54.,46.,40.,36.,11.613792197
1.31075677045,Sample,15,5,51.,1,false,true,false,false,54.,46.,40.,36.,11.613792197
1.28256052886,Sample,15,5,1.,1,false,true,false,false,4.,4.,22.,18.,0.
1.28256052886,Sample,15,5,6.,1,false,true,false,false,32.,30.,22.,22.,11.0400574404
1.28256052886,Sample,15,5,11.,1,false,true,false,false,38.,32.,20.,20.,11.4682173747
1.28256052886,Sample,15,5,16.,1,false,true,false,false,38.,32.,20.,20.,11.4848224449
1.28256052886,Sample,15,5,21.,1,false,true,false,false,38.,32.,20.,20.,11.4854664294
1.28256052886,Sample,15,5,26.,1,false,true,false,false,38.,32.,20.,20.,11.4854914047
1.28256052886,Sample,15,5,31.,1,false,true,false,false,38.,32.,20.,20.,11.4854923733
1.28256052886,Sample,15,5,36.,1,false,true,false,false,38.,32.,20.,20.,11.4854924108
1.28256052886,Sample,15,5,41.,1,false,true,false,false,38.,32.,20.,20.,11.4854924123
1.28256052886,Sample,15,5,46.,1,false,true,false,false,38.,32.,20.,20.,11.4854924124
1.28256052886,Sample,15,5,51.,1,false,true,false,false,38.,32.,20.,20.,11.4854924124
1.27002818738,Voter,15,6,1.,1,false,true,false,false,26.,24.,48.,46.,0.
1.27002818738,Voter,15,6,6.,1,false,true,false,false,90.,78.,68.,58.,10.9953470898
1.27002818738,Voter,15,6,11.,1,false,true,false,false,90.,78.,68.,58.,11.4111055151
1.27002818738,Voter,15,6,16.,1,false,true,false,false,90.,78.,68.,58.,11.4268262619
1.27002818738,Voter,15,6,21.,1,false,true,false,false,90.,78.,68.,58.,11.4274206982
1.27002818738,Voter,15,6,26.,1,false,true,false,false,90.,78.,68.,58.,11.4274431751
1.27002818738,Voter,15,6,31.,1,false,true,false,false,90.,78.,68.,58.,11.427444025
1.27002818738,Voter,15,6,36.,1,false,true,false,false,90.,78.,68.,58.,11.4274440572
1.27002818738,Voter,15,6,41.,1,false,true,false,false,90.,78.,68.,58.,11.4274440584
1.27002818738,Voter,15,6,46.,1,false,true,false,false,90.,78.,68.,58.,11.4274440584
1.27002818738,Voter,15,6,51.,1,false,true,false,false,90.,78.,68.,58.,11.4274440584
1.33157925365,Sample,15,6,1.,1,false,true,false,false,46.,42.,82.,72.,0.
1.33157925365,Sample,15,6,6.,1,false,true,false,false,162.,124.,174.,134.,11.2071348908
1.33157925365,Sample,15,6,11.,1,false,true,false,false,182.,140.,174.,134.,11.6852421932
1.33157925365,Sample,15,6,16.,1,false,true,false,false,182.,140.,174.,134.,11.7056387169
1.33157925365,Sample,15,6,21.,1,false,true,false,false,182.,140.,174.,134.,11.7065088525
1.33157925365,Sample,15,6,26.,1,false,true,false,false,182.,140.,174.,134.,11.7065459734
1.33157925365,Sample,15,6,31.,1,false,true,false,false,182.,140.,174.,134.,11.706547557
1.33157925365,Sample,15,6,36.,1,false,true,false,false,182.,140.,174.,134.,11.7065476245
1.33157925365,Sample,15,6,41.,1,false,true,false,false,182.,140.,174.,134.,11.7065476274
1.33157925365,Sample,15,6,46.,1,false,true,false,false,182.,140.,174.,134.,11.7065476275
1.33157925365,Sample,15,6,51.,1,false,true,false,false,182.,140.,174.,134.,11.7065476276
1.2387367664,Sample,15,5,1.,1,false,true,false,false,14.,14.,42.,34.,0.
1.2387367664,Sample,15,5,6.,1,false,true,false,false,70.,56.,66.,54.,10.8800325881
1.2387367664,Sample,15,5,11.,1,false,true,false,false,70.,56.,66.,54.,11.265509612
1.2387367664,Sample,15,5,16.,1,false,true,false,false,70.,56.,66.,54.,11.2791669732
1.2387367664,Sample,15,5,21.,1,false,true,false,false,70.,56.,66.,54.,11.2796508504
1.2387367664,Sample,15,5,26.,1,false,true,false,false,70.,56.,66.,54.,11.279667994
1.2387367664,Sample,15,5,31.,1,false,true,false,false,70.,56.,66.,54.,11.2796686014
1.2387367664,Sample,15,5,36.,1,false,true,false,false,70.,56.,66.,54.,11.2796686229
1.2387367664,Sample,15,5,41.,1,false,true,false,false,70.,56.,66.,54.,11.2796686237
1.2387367664,Sample,15,5,46.,1,false,true,false,false,70.,56.,66.,54.,11.2796686237
1.2387367664,Sample,15,5,51.,1,false,true,false,false,70.,56.,66.,54.,11.2796686237
1.12830631605,Voter,15,5,1.,1,false,true,false,false,20.,18.,34.,30.,0.
1.12830631605,Voter,15,5,6.,1,false,true,false,false,36.,32.,18.,18.,10.4283826483
1.12830631605,Voter,15,5,11.,1,false,true,false,false,38.,34.,20.,20.,10.7153098342
1.12830631605,Voter,15,5,16.,1,false,true,false,false,38.,34.,20.,20.,10.7232043671
1.12830631605,Voter,15,5,21.,1,false,true,false,false,38.,34.,20.,20.,10.7234215778
1.12830631605,Voter,15,5,26.,1,false,true,false,false,38.,34.,20.,20.,10.7234275542
1.12830631605,Voter,15,5,31.,1,false,true,false,false,38.,34.,20.,20.,10.7234277186
1.12830631605,Voter,15,5,36.,1,false,true,false,false,38.,34.,20.,20.,10.7234277231
1.12830631605,Voter,15,5,41.,1,false,true,false,false,38.,34.,20.,20.,10.7234277233
1.12830631605,Voter,15,5,46.,1,false,true,false,false,38.,34.,20.,20.,10.7234277233
1.12830631605,Voter,15,5,51.,1,false,true,false,false,38.,34.,20.,20.,10.7234277233
1.11339819875,Sample,15,7,1.,1,false,true,false,false,72.,60.,156.,130.,0.
1.11339819875,Sample,15,7,6.,1,false,true,false,false,274.,204.,334.,232.,10.3617272823
1.11339819875,Sample,15,7,11.,1,false,true,false,false,276.,204.,336.,232.,10.6364021631
1.11339819875,Sample,15,7,16.,1,false,true,false,false,276.,204.,336.,232.,10.6436834095
1.11339819875,Sample,15,7,21.,1,false,true,false,false,276.,204.,336.,232.,10.6438764252
1.11339819875,Sample,15,7,26.,1,false,true,false,false,276.,204.,336.,232.,10.6438815417
1.11339819875,Sample,15,7,31.,1,false,true,false,false,276.,204.,336.,232.,10.6438816774
1.11339819875,Sample,15,7,36.,1,false,true,false,false,276.,204.,336.,232.,10.643881681
1.11339819875,Sample,15,7,41.,1,false,true,false,false,276.,204.,336.,232.,10.6438816811
1.11339819875,Sample,15,7,46.,1,false,true,false,false,276.,204.,336.,232.,10.6438816811
1.11339819875,Sample,15,7,51.,1,false,true,false,false,276.,204.,336.,232.,10.6438816811
1.31251571162,Sample,15,4,1.,1,false,true,false,false,2.,2.,20.,18.,0.
1.31251571162,Sample,15,4,6.,1,false,true,false,false,18.,18.,16.,16.,11.1436096911
1.31251571162,Sample,15,4,11.,1,false,true,false,false,20.,20.,18.,18.,11.6020252199
1.31251571162,Sample,15,4,16.,1,false,true,false,false,20.,20.,18.,18.,11.6208830947
1.31251571162,Sample,15,4,21.,1,false,true,false,false,20.,20.,18.,18.,11.6216588526
1.31251571162,Sample,15,4,26.,1,false,true,false,false,20.,20.,18.,18.,11.621690765
1.31251571162,Sample,15,4,31.,1,false,true,false,false,20.,20.,18.,18.,11.6216920778
1.31251571162,Sample,15,4,36.,1,false,true,false,false,20.,20.,18.,18.,11.6216921318
1.31251571162,Sample,15,4,41.,1,false,true,false,false,20.,20.,18.,18.,11.621692134
1.31251571162,Sample,15,4,46.,1,false,true,false,false,20.,20.,18.,18.,11.6216921341
1.31251571162,Sample,15,4,51.,1,false,true,false,false,20.,20.,18.,18.,11.6216921341
1.2208894323,Sample,15,3,1.,1,false,true,false,false,0.,0.,6.,6.,0.
1.2208894323,Sample,15,3,6.,1,false,true,false,false,4.,4.,2.,2.,10.8118501966
1.2208894323,Sample,15,3,11.,1,false,true,false,false,6.,6.,0.,0.,11.1805048937
1.2208894323,Sample,15,3,16.,1,false,true,false,false,6.,6.,0.,0.,11.1930750166
1.2208894323,Sample,15,3,21.,1,false,true,false,false,6.,6.,0.,0.,11.1935036236
1.2208894323,Sample,15,3,26.,1,false,true,false,false,6.,6.,0.,0.,11.1935182379
1.2208894323,Sample,15,3,31.,1,false,true,false,false,6.,6.,0.,0.,11.1935187362
1.2208894323,Sample,15,3,36.,1,false,true,false,false,6.,6.,0.,0.,11.1935187532
1.2208894323,Sample,15,3,41.,1,false,true,false,false,6.,6.,0.,0.,11.1935187538
1.2208894323,Sample,15,3,46.,1,false,true,false,false,6.,6.,0.,0.,11.1935187538
1.2208894323,Sample,15,3,51.,1,false,true,false,false,6.,6.,0.,0.,11.1935187538
0.858219116574,Voter,15,5,1.,1,false,true,false,false,42.,40.,66.,56.,0.
0.858219116574,Voter,15,5,6.,1,false,true,false,false,64.,52.,72.,58.,8.97534775492
0.858219116574,Voter,15,5,11.,1,false,true,false,false,64.,52.,72.,58.,9.08309868565
0.858219116574,Voter,15,5,16.,1,false,true,false,false,64.,52.,72.,58.,9.08439225815
0.858219116574,Voter,15,5,21.,1,false,true,false,false,64.,52.,72.,58.,9.08440778776
0.858219116574,Voter,15,5,26.,1,false,true,false,false,64.,52.,72.,58.,9.0844079742
0.858219116574,Voter,15,5,31.,1,false,true,false,false,64.,52.,72.,58.,9.08440797644
0.858219116574,Voter,15,5,36.,1,false,true,false,false,64.,52.,72.,58.,9.08440797646
0.858219116574,Voter,15,5,41.,1,false,true,false,false,64.,52.,72.,58.,9.08440797646
0.858219116574,Voter,15,5,46.,1,false,true,false,false,64.,52.,72.,58.,9.08440797646
0.858219116574,Voter,15,5,51.,1,false,true,false,false,64.,52.,72.,58.,9.08440797646
1.38561459687,Voter,15,4,1.,1,false,true,false,false,4.,4.,16.,14.,0.
1.38561459687,Voter,15,4,6.,1,false,true,false,false,14.,14.,6.,6.,11.3775561987
1.38561459687,Voter,15,4,11.,1,false,true,false,false,14.,14.,6.,6.,11.9132326399
1.38561459687,Voter,15,4,16.,1,false,true,false,false,14.,14.,6.,6.,11.93845328
1.38561459687,Voter,15,4,21.,1,false,true,false,false,14.,14.,6.,6.,11.9396407145
1.38561459687,Voter,15,4,26.,1,false,true,false,false,14.,14.,6.,6.,11.9396966211
1.38561459687,Voter,15,4,31.,1,false,true,false,false,14.,14.,6.,6.,11.9396992533
1.38561459687,Voter,15,4,36.,1,false,true,false,false,14.,14.,6.,6.,11.9396993772
1.38561459687,Voter,15,4,41.,1,false,true,false,false,14.,14.,6.,6.,11.9396993831
1.38561459687,Voter,15,4,46.,1,false,true,false,false,14.,14.,6.,6.,11.9396993833
1.38561459687,Voter,15,4,51.,1,false,true,false,false,14.,14.,6.,6.,11.9396993833
1.23568283206,Voter,15,7,1.,1,false,true,false,false,74.,66.,146.,124.,0.
1.23568283206,Voter,15,7,6.,1,false,true,false,false,150.,118.,162.,136.,10.8684915563
1.23568283206,Voter,15,7,11.,1,false,true,false,false,152.,118.,164.,136.,11.2510665749
1.23568283206,Voter,15,7,16.,1,false,true,false,false,152.,118.,164.,136.,11.2645333604
1.23568283206,Voter,15,7,21.,1,false,true,false,false,152.,118.,164.,136.,11.2650073964
1.23568283206,Voter,15,7,26.,1,false,true,false,false,152.,118.,164.,136.,11.2650240826
1.23568283206,Voter,15,7,31.,1,false,true,false,false,152.,118.,164.,136.,11.26502467
1.23568283206,Voter,15,7,36.,1,false,true,false,false,152.,118.,164.,136.,11.2650246907
1.23568283206,Voter,15,7,41.,1,false,true,false,false,152.,118.,164.,136.,11.2650246914
1.23568283206,Voter,15,7,46.,1,false,true,false,false,152.,118.,164.,136.,11.2650246914
1.23568283206,Voter,15,7,51.,1,false,true,false,false,152.,118.,164.,136.,11.2650246914
0.948263456445,Voter,15,4,1.,1,false,true,false,false,14.,14.,24.,22.,0.
0.948263456445,Voter,15,4,6.,1,false,true,false,false,30.,26.,16.,16.,9.5215661954
0.948263456445,Voter,15,4,11.,1,false,true,false,false,30.,26.,16.,16.,9.67870078158
0.948263456445,Voter,15,4,16.,1,false,true,false,false,30.,26.,16.,16.,9.68129397661
0.948263456445,Voter,15,4,21.,1,false,true,false,false,30.,26.,16.,16.,9.68133677216
0.948263456445,Voter,15,4,26.,1,false,true,false,false,30.,26.,16.,16.,9.68133747841
0.948263456445,Voter,15,4,31.,1,false,true,false,false,30.,26.,16.,16.,9.68133749007
0.948263456445,Voter,15,4,36.,1,false,true,false,false,30.,26.,16.,16.,9.68133749026
0.948263456445,Voter,15,4,41.,1,false,true,false,false,30.,26.,16.,16.,9.68133749026
0.948263456445,Voter,15,4,46.,1,false,true,false,false,30.,26.,16.,16.,9.68133749026
0.948263456445,Voter,15,4,51.,1,false,true,false,false,30.,26.,16.,16.,9.68133749026
0.990468734375,Sample,15,3,1.,1,false,true,false,false,4.,4.,10.,8.,0.
0.990468734375,Sample,15,3,6.,1,false,true,false,false,18.,16.,12.,12.,9.75509510222
0.990468734375,Sample,15,3,11.,1,false,true,false,false,18.,16.,12.,12.,9.93900475515
0.990468734375,Sample,15,3,16.,1,false,true,false,false,18.,16.,12.,12.,9.94247194436
0.990468734375,Sample,15,3,21.,1,false,true,false,false,18.,16.,12.,12.,9.94253731016
0.990468734375,Sample,15,3,26.,1,false,true,false,false,18.,16.,12.,12.,9.94253854248
0.990468734375,Sample,15,3,31.,1,false,true,false,false,18.,16.,12.,12.,9.94253856571
0.990468734375,Sample,15,3,36.,1,false,true,false,false,18.,16.,12.,12.,9.94253856615
0.990468734375,Sample,15,3,41.,1,false,true,false,false,18.,16.,12.,12.,9.94253856616
0.990468734375,Sample,15,3,46.,1,false,true,false,false,18.,16.,12.,12.,9.94253856616
0.990468734375,Sample,15,3,51.,1,false,true,false,false,18.,16.,12.,12.,9.94253856616
1.05045425886,Voter,15,7,1.,1,false,true,false,false,92.,72.,106.,84.,0.
1.05045425886,Voter,15,7,6.,1,false,true,false,false,112.,86.,82.,70.,10.0642219277
1.05045425886,Voter,15,7,11.,1,false,true,false,false,112.,86.,82.,70.,10.2900910639
1.05045425886,Voter,15,7,16.,1,false,true,false,false,112.,86.,82.,70.,10.2951601956
1.05045425886,Voter,15,7,21.,1,false,true,false,false,112.,86.,82.,70.,10.295273961
1.05045425886,Voter,15,7,26.,1,false,true,false,false,112.,86.,82.,70.,10.2952765142
1.05045425886,Voter,15,7,31.,1,false,true,false,false,112.,86.,82.,70.,10.2952765715
1.05045425886,Voter,15,7,36.,1,false,true,false,false,112.,86.,82.,70.,10.2952765728
1.05045425886,Voter,15,7,41.,1,false,true,false,false,112.,86.,82.,70.,10.2952765729
1.05045425886,Voter,15,7,46.,1,false,true,false,false,112.,86.,82.,70.,10.2952765729
1.05045425886,Voter,15,7,51.,1,false,true,false,false,112.,86.,82.,70.,10.2952765729
1.12157256576,Sample,15,4,1.,1,false,true,false,false,6.,6.,24.,22.,0.
1.12157256576,Sample,15,4,6.,1,false,true,false,false,32.,26.,14.,14.,10.3984509357
1.12157256576,Sample,15,4,11.,1,false,true,false,false,34.,30.,16.,16.,10.6798117554
1.12157256576,Sample,15,4,16.,1,false,true,false,false,34.,30.,16.,16.,10.6874248038
1.12157256576,Sample,15,4,21.,1,false,true,false,false,34.,30.,16.,16.,10.6876307974
1.12157256576,Sample,15,4,26.,1,false,true,false,false,34.,30.,16.,16.,10.6876363711
1.12157256576,Sample,15,4,31.,1,false,true,false,false,34.,30.,16.,16.,10.6876365219
1.12157256576,Sample,15,4,36.,1,false,true,false,false,34.,30.,16.,16.,10.687636526
1.12157256576,Sample,15,4,41.,1,false,true,false,false,34.,30.,16.,16.,10.6876365261
1.12157256576,Sample,15,4,46.,1,false,true,false,false,34.,30.,16.,16.,10.6876365261
1.12157256576,Sample,15,4,51.,1,false,true,false,false,34.,30.,16.,16.,10.6876365261
0.822412367214,Sample,15,4,1.,1,false,true,false,false,10.,10.,24.,24.,0.
0.822412367214,Sample,15,4,6.,1,false,true,false,false,36.,36.,30.,28.,8.73863134713
0.822412367214,Sample,15,4,11.,1,false,true,false,false,36.,36.,30.,28.,8.82968377419
0.822412367214,Sample,15,4,16.,1,false,true,false,false,36.,36.,30.,28.,8.83063249764
0.822412367214,Sample,15,4,21.,1,false,true,false,false,36.,36.,30.,28.,8.83064238289
0.822412367214,Sample,15,4,26.,1,false,true,false,false,36.,36.,30.,28.,8.83064248589
0.822412367214,Sample,15,4,31.,1,false,true,false,false,36.,36.,30.,28.,8.83064248697
0.822412367214,Sample,15,4,36.,1,false,true,false,false,36.,36.,30.,28.,8.83064248698
0.822412367214,Sample,15,4,41.,1,false,true,false,false,36.,36.,30.,28.,8.83064248698
0.822412367214,Sample,15,4,46.,1,false,true,false,false,36.,36.,30.,28.,8.83064248698
0.822412367214,Sample,15,4,51.,1,false,true,false,false,36.,36.,30.,28.,8.83064248698
1.19964461727,Sample,15,5,1.,1,false,true,false,false,10.,10.,38.,34.,0.
1.19964461727,Sample,15,5,6.,1,false,true,false,false,50.,44.,42.,42.,10.7283392574
1.19964461727,Sample,15,5,11.,1,false,true,false,false,56.,50.,40.,40.,11.0774069979
1.19964461727,Sample,15,5,16.,1,false,true,false,false,56.,50.,40.,40.,11.0887646073
1.19964461727,Sample,15,5,21.,1,false,true,false,false,56.,50.,40.,40.,11.0891341496
1.19964461727,Sample,15,5,26.,1,false,true,false,false,56.,50.,40.,40.,11.0891461734
1.19964461727,Sample,15,5,31.,1,false,true,false,false,56.,50.,40.,40.,11.0891465646
1.19964461727,Sample,15,5,36.,1,false,true,false,false,56.,50.,40.,40.,11.0891465774
1.19964461727,Sample,15,5,41.,1,false,true,false,false,56.,50.,40.,40.,11.0891465778
1.19964461727,Sample,15,5,46.,1,false,true,false,false,56.,50.,40.,40.,11.0891465778
1.19964461727,Sample,15,5,51.,1,false,true,false,false,56.,50.,40.,40.,11.0891465778
1.07628955454,Voter,15,6,1.,1,false,true,false,false,26.,24.,54.,48.,0.
1.07628955454,Voter,15,6,6.,1,false,true,false,false,56.,48.,36.,36.,10.1895454565
1.07628955454,Voter,15,6,11.,1,false,true,false,false,56.,48.,36.,36.,10.4348665849
1.07628955454,Voter,15,6,16.,1,false,true,false,false,56.,48.,36.,36.,10.4407728794
1.07628955454,Voter,15,6,21.,1,false,true,false,false,56.,48.,36.,36.,10.440915078
1.07628955454,Voter,15,6,26.,1,false,true,false,false,56.,48.,36.,36.,10.4409185015
1.07628955454,Voter,15,6,31.,1,false,true,false,false,56.,48.,36.,36.,10.4409185839
1.07628955454,Voter,15,6,36.,1,false,true,false,false,56.,48.,36.,36.,10.4409185859
1.07628955454,Voter,15,6,41.,1,false,true,false,false,56.,48.,36.,36.,10.440918586
1.07628955454,Voter,15,6,46.,1,false,true,false,false,56.,48.,36.,36.,10.440918586
1.07628955454,Voter,15,6,51.,1,false,true,false,false,56.,48.,36.,36.,10.440918586
1.0367384703,Sample,15,5,1.,1,false,true,false,false,24.,24.,54.,48.,0.
1.0367384703,Sample,15,5,6.,1,false,true,false,false,76.,66.,70.,52.,9.9958128687
1.0367384703,Sample,15,5,11.,1,false,true,false,false,78.,68.,72.,54.,10.2116895756
1.0367384703,Sample,15,5,16.,1,false,true,false,false,80.,70.,74.,56.,10.2163518029
1.0367384703,Sample,15,5,21.,1,false,true,false,false,80.,70.,74.,56.,10.2164524917
1.0367384703,Sample,15,5,26.,1,false,true,false,false,80.,70.,74.,56.,10.2164546663
1.0367384703,Sample,15,5,31.,1,false,true,false,false,80.,70.,74.,56.,10.2164547132
1.0367384703,Sample,15,5,36.,1,false,true,false,false,80.,70.,74.,56.,10.2164547143
1.0367384703,Sample,15,5,41.,1,false,true,false,false,80.,70.,74.,56.,10.2164547143
1.0367384703,Sample,15,5,46.,1,false,true,false,false,80.,70.,74.,56.,10.2164547143
1.0367384703,Sample,15,5,51.,1,false,true,false,false,80.,70.,74.,56.,10.2164547143
1.34042503012,Voter,15,5,1.,1,false,true,false,false,28.,26.,54.,48.,0.
1.34042503012,Voter,15,5,6.,1,false,true,false,false,66.,54.,68.,58.,11.2359982264
1.34042503012,Voter,15,5,11.,1,false,true,false,false,68.,54.,66.,58.,11.7233549858
1.34042503012,Voter,15,5,16.,1,false,true,false,false,68.,54.,66.,58.,11.744493883
1.34042503012,Voter,15,5,21.,1,false,true,false,false,68.,54.,66.,58.,11.7454107739
1.34042503012,Voter,15,5,26.,1,false,true,false,false,68.,54.,66.,58.,11.7454505436
1.34042503012,Voter,15,5,31.,1,false,true,false,false,68.,54.,66.,58.,11.7454522686
1.34042503012,Voter,15,5,36.,1,false,true,false,false,68.,54.,66.,58.,11.7454523434
1.34042503012,Voter,15,5,41.,1,false,true,false,false,68.,54.,66.,58.,11.7454523467
1.34042503012,Voter,15,5,46.,1,false,true,false,false,68.,54.,66.,58.,11.7454523468
1.34042503012,Voter,15,5,51.,1,false,true,false,false,68.,54.,66.,58.,11.7454523468
0.871988763693,Sample,15,6,1.,1,false,true,false,false,24.,24.,62.,56.,0.
0.871988763693,Sample,15,6,6.,1,false,true,false,false,82.,74.,56.,54.,9.06332545011
0.871988763693,Sample,15,6,11.,1,false,true,false,false,82.,74.,56.,54.,9.17794219365
0.871988763693,Sample,15,6,16.,1,false,true,false,false,82.,74.,56.,54.,9.1793916614
0.871988763693,Sample,15,6,21.,1,false,true,false,false,82.,74.,56.,54.,9.17940999167
0.871988763693,Sample,15,6,26.,1,false,true,false,false,82.,74.,56.,54.,9.17941022348
0.871988763693,Sample,15,6,31.,1,false,true,false,false,82.,74.,56.,54.,9.17941022641
0.871988763693,Sample,15,6,36.,1,false,true,false,false,82.,74.,56.,54.,9.17941022645
0.871988763693,Sample,15,6,41.,1,false,true,false,false,82.,74.,56.,54.,9.17941022645
0.871988763693,Sample,15,6,46.,1,false,true,false,false,82.,74.,56.,54.,9.17941022645
0.871988763693,Sample,15,6,51.,1,false,true,false,false,82.,74.,56.,54.,9.17941022645
1.3958472282,Voter,15,4,1.,1,false,true,false,false,8.,8.,16.,16.,0.
1.3958472282,Voter,15,4,6.,1,false,true,false,false,24.,20.,16.,14.,11.4082759687
1.3958472282,Voter,15,4,11.,1,false,true,false,false,24.,20.,16.,14.,11.955133287
1.3958472282,Voter,15,4,16.,1,false,true,false,false,24.,20.,16.,14.,11.9813469697
1.3958472282,Voter,15,4,21.,1,false,true,false,false,24.,20.,16.,14.,11.9826035263
1.3958472282,Voter,15,4,26.,1,false,true,false,false,24.,20.,16.,14.,11.9826637595
1.3958472282,Voter,15,4,31.,1,false,true,false,false,24.,20.,16.,14.,11.9826666468
1.3958472282,Voter,15,4,36.,1,false,true,false,false,24.,20.,16.,14.,11.9826667852
1.3958472282,Voter,15,4,41.,1,false,true,false,false,24.,20.,16.,14.,11.9826667918
1.3958472282,Voter,15,4,46.,1,false,true,false,false,24.,20.,16.,14.,11.9826667921
1.3958472282,Voter,15,4,51.,1,false,true,false,false,24.,20.,16.,14.,11.9826667921
1.215500911,Sample,15,4,1.,1,false,true,false,false,4.,4.,18.,16.,0.
1.215500911,Sample,15,4,6.,1,false,true,false,false,24.,22.,18.,18.,10.7909124642
1.215500911,Sample,15,4,11.,1,false,true,false,false,22.,20.,16.,16.,11.1545536842
1.215500911,Sample,15,4,16.,1,false,true,false,false,22.,20.,16.,16.,11.1668079711
1.215500911,Sample,15,4,21.,1,false,true,false,false,22.,20.,16.,16.,11.1672209263
1.215500911,Sample,15,4,26.,1,false,true,false,false,22.,20.,16.,16.,11.1672348425
1.215500911,Sample,15,4,31.,1,false,true,false,false,22.,20.,16.,16.,11.1672353114
1.215500911,Sample,15,4,36.,1,false,true,false,false,22.,20.,16.,16.,11.1672353272
1.215500911,Sample,15,4,41.,1,false,true,false,false,22.,20.,16.,16.,11.1672353277
1.215500911,Sample,15,4,46.,1,false,true,false,false,22.,20.,16.,16.,11.1672353278
1.215500911,Sample,15,4,51.,1,false,true,false,false,22.,20.,16.,16.,11.1672353278
1.31250215406,Voter,15,6,1.,1,false,true,false,false,20.,20.,86.,68.,0.
1.31250215406,Voter,15,6,6.,1,false,true,false,false,66.,52.,76.,56.,11.1435638637
1.31250215406,Voter,15,6,11.,1,false,true,false,false,70.,56.,72.,54.,11.6019655073
1.31250215406,Voter,15,6,16.,1,false,true,false,false,70.,56.,72.,54.,11.6208223173
1.31250215406,Voter,15,6,21.,1,false,true,false,false,70.,56.,72.,54.,11.6215980111
1.31250215406,Voter,15,6,26.,1,false,true,false,false,70.,56.,72.,54.,11.62162992
1.31250215406,Voter,15,6,31.,1,false,true,false,false,70.,56.,72.,54.,11.6216312326
1.31250215406,Voter,15,6,36.,1,false,true,false,false,70.,56.,72.,54.,11.6216312866
1.31250215406,Voter,15,6,41.,1,false,true,false,false,70.,56.,72.,54.,11.6216312888
1.31250215406,Voter,15,6,46.,1,false,true,false,false,70.,56.,72.,54.,11.6216312889
1.31250215406,Voter,15,6,51.,1,false,true,false,false,70.,56.,72.,54.,11.6216312889
1.29836781732,Voter,15,3,1.,1,false,true,false,false,10.,10.,14.,14.,0.
1.29836781732,Voter,15,3,6.,1,false,true,false,false,18.,18.,10.,10.,11.095277837
1.29836781732,Voter,15,3,11.,1,false,true,false,false,18.,18.,10.,10.,11.5392972878
1.29836781732,Voter,15,3,16.,1,false,true,false,false,18.,18.,10.,10.,11.5570664032
1.29836781732,Voter,15,3,21.,1,false,true,false,false,18.,18.,10.,10.,11.5577775015
1.29836781732,Voter,15,3,26.,1,false,true,false,false,18.,18.,10.,10.,11.5578059588
1.29836781732,Voter,15,3,31.,1,false,true,false,false,18.,18.,10.,10.,11.5578070976
1.29836781732,Voter,15,3,36.,1,false,true,false,false,18.,18.,10.,10.,11.5578071432
1.29836781732,Voter,15,3,41.,1,false,true,false,false,18.,18.,10.,10.,11.557807145
1.29836781732,Voter,15,3,46.,1,false,true,false,false,18.,18.,10.,10.,11.5578071451
1.29836781732,Voter,15,3,51.,1,false,true,false,false,18.,18.,10.,10.,11.5578071451
1.29618317539,Sample,15,7,1.,1,false,true,false,false,52.,48.,136.,116.,0.
1.29618317539,Sample,15,7,6.,1,false,true,false,false,168.,148.,232.,194.,11.087723278
1.29618317539,Sample,15,7,11.,1,false,true,false,false,196.,164.,236.,198.,11.5295366123
1.29618317539,Sample,15,7,16.,1,false,true,false,false,196.,164.,236.,198.,11.5471415811
1.29618317539,Sample,15,7,21.,1,false,true,false,false,196.,164.,236.,198.,11.5478430876
1.29618317539,Sample,15,7,26.,1,false,true,false,false,196.,164.,236.,198.,11.5478710405
1.29618317539,Sample,15,7,31.,1,false,true,false,false,196.,164.,236.,198.,11.5478721544
1.29618317539,Sample,15,7,36.,1,false,true,false,false,196.,164.,236.,198.,11.5478721988
1.29618317539,Sample,15,7,41.,1,false,true,false,false,196.,164.,236.,198.,11.5478722005
1.29618317539,Sample,15,7,46.,1,false,true,false,false,196.,164.,236.,198.,11.5478722006
1.29618317539,Sample,15,7,51.,1,false,true,false,false,196.,164.,236.,198.,11.5478722006
0.891500079594,Voter,15,6,1.,1,false,true,false,false,110.,88.,150.,110.,0.
0.891500079594,Voter,15,6,6.,1,false,true,false,false,150.,112.,146.,106.,9.1851701361
0.891500079594,Voter,15,6,11.,1,false,true,false,false,150.,112.,146.,106.,9.30993976198
0.891500079594,Voter,15,6,16.,1,false,true,false,false,150.,112.,146.,106.,9.31163460915
0.891500079594,Voter,15,6,21.,1,false,true,false,false,150.,112.,146.,106.,9.31165763163
0.891500079594,Voter,15,6,26.,1,false,true,false,false,150.,112.,146.,106.,9.31165794436
0.891500079594,Voter,15,6,31.,1,false,true,false,false,150.,112.,146.,106.,9.31165794861
0.891500079594,Voter,15,6,36.,1,false,true,false,false,150.,112.,146.,106.,9.31165794867
0.891500079594,Voter,15,6,41.,1,false,true,false,false,150.,112.,146.,106.,9.31165794867
0.891500079594,Voter,15,6,46.,1,false,true,false,false,150.,112.,146.,106.,9.31165794867
0.891500079594,Voter,15,6,51.,1,false,true,false,false,150.,112.,146.,106.,9.31165794867
1.35819061207,Voter,15,7,1.,1,false,true,false,false,14.,14.,46.,42.,0.
1.35819061207,Voter,15,7,6.,1,false,true,false,false,58.,48.,6.,6.,11.292813043
1.35819061207,Voter,15,7,11.,1,false,true,false,false,58.,48.,6.,6.,11.798955908
1.35819061207,Voter,15,7,16.,1,false,true,false,false,58.,48.,6.,6.,11.8216411856
1.35819061207,Voter,15,7,21.,1,false,true,false,false,58.,48.,6.,6.,11.8226579377
1.35819061207,Voter,15,7,26.,1,false,true,false,false,58.,48.,6.,6.,11.8227035085
1.35819061207,Voter,15,7,31.,1,false,true,false,false,58.,48.,6.,6.,11.822705551
1.35819061207,Voter,15,7,36.,1,false,true,false,false,58.,48.,6.,6.,11.8227056425
1.35819061207,Voter,15,7,41.,1,false,true,false,false,58.,48.,6.,6.,11.8227056466
1.35819061207,Voter,15,7,46.,1,false,true,false,false,58.,48.,6.,6.,11.8227056468
1.35819061207,Voter,15,7,51.,1,false,true,false,false,58.,48.,6.,6.,11.8227056468
1.05781617518,Sample,15,3,1.,1,false,true,false,false,4.,4.,10.,10.,0.
1.05781617518,Sample,15,3,6.,1,false,true,false,false,18.,16.,12.,12.,10.1003997505
1.05781617518,Sample,15,3,11.,1,false,true,false,false,18.,16.,12.,12.,10.331728383
1.05781617518,Sample,15,3,16.,1,false,true,false,false,18.,16.,12.,12.,10.3370264838
1.05781617518,Sample,15,3,21.,1,false,true,false,false,18.,16.,12.,12.,10.3371478258
1.05781617518,Sample,15,3,26.,1,false,true,false,false,18.,16.,12.,12.,10.3371506049
1.05781617518,Sample,15,3,31.,1,false,true,false,false,18.,16.,12.,12.,10.3371506685
1.05781617518,Sample,15,3,36.,1,false,true,false,false,18.,16.,12.,12.,10.33715067
1.05781617518,Sample,15,3,41.,1,false,true,false,false,18.,16.,12.,12.,10.33715067
1.05781617518,Sample,15,3,46.,1,false,true,false,false,18.,16.,12.,12.,10.33715067
1.05781617518,Sample,15,3,51.,1,false,true,false,false,18.,16.,12.,12.,10.33715067
1.2881060877,Sample,15,6,1.,1,false,true,false,false,12.,12.,52.,40.,0.
1.2881060877,Sample,15,6,6.,1,false,true,false,false,128.,106.,140.,108.,11.0595780389
1.2881060877,Sample,15,6,11.,1,false,true,false,false,144.,116.,136.,106.,11.4932744898
1.2881060877,Sample,15,6,16.,1,false,true,false,false,146.,118.,138.,108.,11.5102817039
1.2881060877,Sample,15,6,21.,1,false,true,false,false,146.,118.,138.,108.,11.5109486343
1.2881060877,Sample,15,6,26.,1,false,true,false,false,146.,118.,138.,108.,11.5109747877
1.2881060877,Sample,15,6,31.,1,false,true,false,false,146.,118.,138.,108.,11.5109758132
1.2881060877,Sample,15,6,36.,1,false,true,false,false,146.,118.,138.,108.,11.5109758535
1.2881060877,Sample,15,6,41.,1,false,true,false,false,146.,118.,138.,108.,11.510975855
1.2881060877,Sample,15,6,46.,1,false,true,false,false,146.,118.,138.,108.,11.5109758551
1.2881060877,Sample,15,6,51.,1,false,true,false,false,146.,118.,138.,108.,11.5109758551
0.846924066592,Sample,15,7,1.,1,false,true,false,false,72.,66.,136.,114.,0.
0.846924066592,Sample,15,7,6.,1,false,true,false,false,336.,244.,356.,262.,8.90192840899
0.846924066592,Sample,15,7,11.,1,false,true,false,false,340.,244.,352.,260.,9.00423200203
0.846924066592,Sample,15,7,16.,1,false,true,false,false,340.,244.,352.,260.,9.00540770516
0.846924066592,Sample,15,7,21.,1,false,true,false,false,340.,244.,352.,260.,9.00542121669
0.846924066592,Sample,15,7,26.,1,false,true,false,false,340.,244.,352.,260.,9.00542137197
0.846924066592,Sample,15,7,31.,1,false,true,false,false,340.,244.,352.,260.,9.00542137375
0.846924066592,Sample,15,7,36.,1,false,true,false,false,340.,244.,352.,260.,9.00542137377
0.846924066592,Sample,15,7,41.,1,false,true,false,false,340.,244.,352.,260.,9.00542137377
0.846924066592,Sample,15,7,46.,1,false,true,false,false,340.,244.,352.,260.,9.00542137377
0.846924066592,Sample,15,7,51.,1,false,true,false,false,340.,244.,352.,260.,9.00542137377
1.27353431474,Sample,15,6,1.,1,false,true,false,false,30.,28.,62.,54.,0.
1.27353431474,Sample,15,6,6.,1,false,true,false,false,136.,110.,140.,116.,11.0079392766
1.27353431474,Sample,15,6,11.,1,false,true,false,false,142.,114.,138.,114.,11.4271517018
1.27353431474,Sample,15,6,16.,1,false,true,false,false,144.,114.,140.,114.,11.4431164571
1.27353431474,Sample,15,6,21.,1,false,true,false,false,144.,114.,140.,114.,11.4437244386
1.27353431474,Sample,15,6,26.,1,false,true,false,false,144.,114.,140.,114.,11.4437475922
1.27353431474,Sample,15,6,31.,1,false,true,false,false,144.,114.,140.,114.,11.443748474
1.27353431474,Sample,15,6,36.,1,false,true,false,false,144.,114.,140.,114.,11.4437485076
1.27353431474,Sample,15,6,41.,1,false,true,false,false,144.,114.,140.,114.,11.4437485088
1.27353431474,Sample,15,6,46.,1,false,true,false,false,144.,114.,140.,114.,11.4437485089
1.27353431474,Sample,15,6,51.,1,false,true,false,false,144.,114.,140.,114.,11.4437485089
1.24705448848,Sample,15,5,1.,1,false,true,false,false,28.,26.,66.,60.,0.
1.24705448848,Sample,15,5,6.,1,false,true,false,false,114.,92.,120.,88.,10.911204895
1.24705448848,Sample,15,5,11.,1,false,true,false,false,122.,94.,120.,88.,11.3046344359
1.24705448848,Sample,15,5,16.,1,false,true,false,false,122.,94.,120.,88.,11.3188204773
1.24705448848,Sample,15,5,21.,1,false,true,false,false,122.,94.,120.,88.,11.3193319888
1.24705448848,Sample,15,5,26.,1,false,true,false,false,122.,94.,120.,88.,11.3193504326
1.24705448848,Sample,15,5,31.,1,false,true,false,false,122.,94.,120.,88.,11.3193510977
1.24705448848,Sample,15,5,36.,1,false,true,false,false,122.,94.,120.,88.,11.3193511216
1.24705448848,Sample,15,5,41.,1,false,true,false,false,122.,94.,120.,88.,11.3193511225
1.24705448848,Sample,15,5,46.,1,false,true,false,false,122.,94.,120.,88.,11.3193511225
1.24705448848,Sample,15,5,51.,1,false,true,false,false,122.,94.,120.,88.,11.3193511225
1.23570620118,Voter,15,3,1.,1,false,true,false,false,8.,8.,20.,20.,0.
1.23570620118,Voter,15,3,6.,1,false,true,false,false,40.,34.,28.,28.,10.8685800661
1.23570620118,Voter,15,3,11.,1,false,true,false,false,40.,34.,28.,28.,11.2511772547
1.23570620118,Voter,15,3,16.,1,false,true,false,false,40.,34.,28.,28.,11.2646454914
1.23570620118,Voter,15,3,21.,1,false,true,false,false,40.,34.,28.,28.,11.265119602
1.23570620118,Voter,15,3,26.,1,false,true,false,false,40.,34.,28.,28.,11.2651362917
1.23570620118,Voter,15,3,31.,1,false,true,false,false,40.,34.,28.,28.,11.2651368792
1.23570620118,Voter,15,3,36.,1,false,true,false,false,40.,34.,28.,28.,11.2651368999
1.23570620118,Voter,15,3,41.,1,false,true,false,false,40.,34.,28.,28.,11.2651369007
1.23570620118,Voter,15,3,46.,1,false,true,false,false,40.,34.,28.,28.,11.2651369007
1.23570620118,Voter,15,3,51.,1,false,true,false,false,40.,34.,28.,28.,11.2651369007
1.01202784203,Voter,15,3,1.,1,false,true,false,false,24.,20.,32.,30.,0.
1.01202784203,Voter,15,3,6.,1,false,true,false,false,30.,26.,42.,34.,9.86919484772
1.01202784203,Voter,15,3,11.,1,false,true,false,false,30.,26.,42.,34.,10.0676625808
1.01202784203,Voter,15,3,16.,1,false,true,false,false,30.,26.,42.,34.,10.0716537312
1.01202784203,Voter,15,3,21.,1,false,true,false,false,30.,26.,42.,34.,10.0717339926
1.01202784203,Voter,15,3,26.,1,false,true,false,false,30.,26.,42.,34.,10.0717356066
1.01202784203,Voter,15,3,31.,1,false,true,false,false,30.,26.,42.,34.,10.0717356391
1.01202784203,Voter,15,3,36.,1,false,true,false,false,30.,26.,42.,34.,10.0717356397
1.01202784203,Voter,15,3,41.,1,false,true,false,false,30.,26.,42.,34.,10.0717356397
1.01202784203,Voter,15,3,46.,1,false,true,false,false,30.,26.,42.,34.,10.0717356397
1.01202784203,Voter,15,3,51.,1,false,true,false,false,30.,26.,42.,34.,10.0717356397
0.850113362952,Sample,15,5,1.,1,false,true,false,false,34.,30.,68.,54.,0.
0.850113362952,Sample,15,5,6.,1,false,true,false,false,72.,60.,66.,58.,8.92277472203
0.850113362952,Sample,15,5,11.,1,false,true,false,false,72.,60.,66.,58.,9.02659960361
0.850113362952,Sample,15,5,16.,1,false,true,false,false,72.,60.,66.,58.,9.02780770382
0.850113362952,Sample,15,5,21.,1,false,true,false,false,72.,60.,66.,58.,9.0278217612
0.850113362952,Sample,15,5,26.,1,false,true,false,false,72.,60.,66.,58.,9.02782192477
0.850113362952,Sample,15,5,31.,1,false,true,false,false,72.,60.,66.,58.,9.02782192668
0.850113362952,Sample,15,5,36.,1,false,true,false,false,72.,60.,66.,58.,9.0278219267
0.850113362952,Sample,15,5,41.,1,false,true,false,false,72.,60.,66.,58.,9.0278219267
0.850113362952,Sample,15,5,46.,1,false,true,false,false,72.,60.,66.,58.,9.0278219267
0.850113362952,Sample,15,5,51.,1,false,true,false,false,72.,60.,66.,58.,9.0278219267
0.813272850715,Voter,15,6,1.,1,false,true,false,false,30.,30.,38.,38.,0.
0.813272850715,Voter,15,6,6.,1,false,true,false,false,56.,50.,36.,36.,8.67632583733
0.813272850715,Voter,15,6,11.,1,false,true,false,false,56.,50.,36.,36.,8.76338205748
0.813272850715,Voter,15,6,16.,1,false,true,false,false,56.,50.,36.,36.,8.76425555919
0.813272850715,Voter,15,6,21.,1,false,true,false,false,56.,50.,36.,36.,8.7642643237
0.813272850715,Voter,15,6,26.,1,false,true,false,false,56.,50.,36.,36.,8.76426441164
0.813272850715,Voter,15,6,31.,1,false,true,false,false,56.,50.,36.,36.,8.76426441252
0.813272850715,Voter,15,6,36.,1,false,true,false,false,56.,50.,36.,36.,8.76426441253
0.813272850715,Voter,15,6,41.,1,false,true,false,false,56.,50.,36.,36.,8.76426441253
0.813272850715,Voter,15,6,46.,1,false,true,false,false,56.,50.,36.,36.,8.76426441253
0.813272850715,Voter,15,6,51.,1,false,true,false,false,56.,50.,36.,36.,8.76426441253
1.28448764172,Sample,15,6,1.,1,false,true,false,false,28.,26.,72.,58.,0.
1.28448764172,Sample,15,6,6.,1,false,true,false,false,184.,140.,200.,154.,11.0468591961
1.28448764172,Sample,15,6,11.,1,false,true,false,false,198.,148.,202.,156.,11.4769397259
1.28448764172,Sample,15,6,16.,1,false,true,false,false,200.,150.,204.,158.,11.4936837849
1.28448764172,Sample,15,6,21.,1,false,true,false,false,200.,150.,204.,158.,11.4943356709
1.28448764172,Sample,15,6,26.,1,false,true,false,false,200.,150.,204.,158.,11.4943610504
1.28448764172,Sample,15,6,31.,1,false,true,false,false,200.,150.,204.,158.,11.4943620385
1.28448764172,Sample,15,6,36.,1,false,true,false,false,200.,150.,204.,158.,11.494362077
1.28448764172,Sample,15,6,41.,1,false,true,false,false,200.,150.,204.,158.,11.4943620785
1.28448764172,Sample,15,6,46.,1,false,true,false,false,200.,150.,204.,158.,11.4943620785
1.28448764172,Sample,15,6,51.,1,false,true,false,false,200.,150.,204.,158.,11.4943620785
1.20471374694,Voter,15,4,1.,1,false,true,false,false,24.,24.,48.,46.,0.
1.20471374694,Voter,15,4,6.,1,false,true,false,false,52.,42.,60.,48.,10.7485005346
1.20471374694,Voter,15,4,11.,1,false,true,false,false,52.,42.,60.,48.,11.1021980242
1.20471374694,Voter,15,4,16.,1,false,true,false,false,52.,42.,60.,48.,11.1138370351
1.20471374694,Voter,15,4,21.,1,false,true,false,false,52.,42.,60.,48.,11.1142200363
1.20471374694,Voter,15,4,26.,1,false,true,false,false,52.,42.,60.,48.,11.1142326396
1.20471374694,Voter,15,4,31.,1,false,true,false,false,52.,42.,60.,48.,11.1142330543
1.20471374694,Voter,15,4,36.,1,false,true,false,false,52.,42.,60.,48.,11.114233068
1.20471374694,Voter,15,4,41.,1,false,true,false,false,52.,42.,60.,48.,11.1142330684
1.20471374694,Voter,15,4,46.,1,false,true,false,false,52.,42.,60.,48.,11.1142330684
1.20471374694,Voter,15,4,51.,1,false,true,false,false,52.,42.,60.,48.,11.1142330684
1.33356310652,Sample,15,4,1.,1,false,true,false,false,4.,4.,20.,18.,0.
1.33356310652,Sample,15,4,6.,1,false,true,false,false,20.,18.,16.,16.,11.2136416429
1.33356310652,Sample,15,4,11.,1,false,true,false,false,24.,22.,16.,16.,11.6938172134
1.33356310652,Sample,15,4,16.,1,false,true,false,false,26.,24.,14.,14.,11.7143786497
1.33356310652,Sample,15,4,21.,1,false,true,false,false,26.,24.,14.,14.,11.715259104
1.33356310652,Sample,15,4,26.,1,false,true,false,false,26.,24.,14.,14.,11.7152968056
1.33356310652,Sample,15,4,31.,1,false,true,false,false,26.,24.,14.,14.,11.7152984201
1.33356310652,Sample,15,4,36.,1,false,true,false,false,26.,24.,14.,14.,11.7152984892
1.33356310652,Sample,15,4,41.,1,false,true,false,false,26.,24.,14.,14.,11.7152984921
1.33356310652,Sample,15,4,46.,1,false,true,false,false,26.,24.,14.,14.,11.7152984923
1.33356310652,Sample,15,4,51.,1,false,true,false,false,26.,24.,14.,14.,11.7152984923
1.3988709805,Voter,15,3,1.,1,false,true,false,false,0.,0.,6.,6.,0.
1.3988709805,Voter,15,3,6.,1,false,true,false,false,6.,6.,0.,0.,11.4172615451
1.3988709805,Voter,15,3,11.,1,false,true,false,false,6.,6.,0.,0.,11.967439198
1.3988709805,Voter,15,3,16.,1,false,true,false,false,6.,6.,0.,0.,11.9939512866
1.3988709805,Voter,15,3,21.,1,false,true,false,false,6.,6.,0.,0.,11.9952288573
1.3988709805,Voter,15,3,26.,1,false,true,false,false,6.,6.,0.,0.,11.9952904212
1.3988709805,Voter,15,3,31.,1,false,true,false,false,6.,6.,0.,0.,11.9952933879
1.3988709805,Voter,15,3,36.,1,false,true,false,false,6.,6.,0.,0.,11.9952935308
1.3988709805,Voter,15,3,41.,1,false,true,false,false,6.,6.,0.,0.,11.9952935377
1.3988709805,Voter,15,3,46.,1,false,true,false,false,6.,6.,0.,0.,11.995293538
1.3988709805,Voter,15,3,51.,1,false,true,false,false,6.,6.,0.,0.,11.995293538
1.09626701783,Sample,15,7,1.,1,false,true,false,false,28.,28.,92.,70.,0.
1.09626701783,Sample,15,7,6.,1,false,true,false,false,182.,144.,174.,132.,10.2833651692
1.09626701783,Sample,15,7,11.,1,false,true,false,false,192.,150.,172.,132.,10.5442842167
1.09626701783,Sample,15,7,16.,1,false,true,false,false,192.,150.,172.,132.,10.5509044959
1.09626701783,Sample,15,7,21.,1,false,true,false,false,192.,150.,172.,132.,10.5510724718
1.09626701783,Sample,15,7,26.,1,false,true,false,false,192.,150.,172.,132.,10.5510767338
1.09626701783,Sample,15,7,31.,1,false,true,false,false,192.,150.,172.,132.,10.551076842
1.09626701783,Sample,15,7,36.,1,false,true,false,false,192.,150.,172.,132.,10.5510768447
1.09626701783,Sample,15,7,41.,1,false,true,false,false,192.,150.,172.,132.,10.5510768448
1.09626701783,Sample,15,7,46.,1,false,true,false,false,192.,150.,172.,132.,10.5510768448
1.09626701783,Sample,15,7,51.,1,false,true,false,false,192.,150.,172.,132.,10.5510768448
0.906050530354,Voter,15,3,1.,1,false,true,false,false,16.,14.,12.,12.,0.
0.906050530354,Voter,15,3,6.,1,false,true,false,false,22.,20.,18.,18.,9.2739281046
0.906050530354,Voter,15,3,11.,1,false,true,false,false,22.,20.,18.,18.,9.40659315781
0.906050530354,Voter,15,3,16.,1,false,true,false,false,22.,20.,18.,18.,9.40849095302
0.906050530354,Voter,15,3,21.,1,false,true,false,false,22.,20.,18.,18.,9.40851810129
0.906050530354,Voter,15,3,26.,1,false,true,false,false,22.,20.,18.,18.,9.40851848965
0.906050530354,Voter,15,3,31.,1,false,true,false,false,22.,20.,18.,18.,9.4085184952
0.906050530354,Voter,15,3,36.,1,false,true,false,false,22.,20.,18.,18.,9.40851849528
0.906050530354,Voter,15,3,41.,1,false,true,false,false,22.,20.,18.,18.,9.40851849529
0.906050530354,Voter,15,3,46.,1,false,true,false,false,22.,20.,18.,18.,9.40851849529
0.906050530354,Voter,15,3,51.,1,false,true,false,false,22.,20.,18.,18.,9.40851849529
1.3613294209,Voter,15,5,1.,1,false,true,false,false,18.,18.,32.,30.,0.
1.3613294209,Voter,15,5,6.,1,false,true,false,false,40.,36.,22.,22.,11.3026928377
1.3613294209,Voter,15,5,11.,1,false,true,false,false,40.,36.,22.,22.,11.8121834767
1.3613294209,Voter,15,5,16.,1,false,true,false,false,40.,36.,22.,22.,11.8351497481
1.3613294209,Voter,15,5,21.,1,false,true,false,false,40.,36.,22.,22.,11.836184997
1.3613294209,Voter,15,5,26.,1,false,true,false,false,40.,36.,22.,22.,11.8362316629
1.3613294209,Voter,15,5,31.,1,false,true,false,false,40.,36.,22.,22.,11.8362337664
1.3613294209,Voter,15,5,36.,1,false,true,false,false,40.,36.,22.,22.,11.8362338613
1.3613294209,Voter,15,5,41.,1,false,true,false,false,40.,36.,22.,22.,11.8362338655
1.3613294209,Voter,15,5,46.,1,false,true,false,false,40.,36.,22.,22.,11.8362338657
1.3613294209,Voter,15,5,51.,1,false,true,false,false,40.,36.,22.,22.,11.8362338657
0.854671278283,Sample,15,7,1.,1,false,true,false,false,42.,40.,116.,94.,0.
0.854671278283,Sample,15,7,6.,1,false,true,false,false,158.,120.,152.,120.,8.95240884094
0.854671278283,Sample,15,7,11.,1,false,true,false,false,160.,122.,154.,122.,9.05843082858
0.854671278283,Sample,15,7,16.,1,false,true,false,false,160.,122.,154.,122.,9.05968643051
0.854671278283,Sample,15,7,21.,1,false,true,false,false,160.,122.,154.,122.,9.05970130041
0.854671278283,Sample,15,7,26.,1,false,true,false,false,160.,122.,154.,122.,9.05970147651
0.854671278283,Sample,15,7,31.,1,false,true,false,false,160.,122.,154.,122.,9.0597014786
0.854671278283,Sample,15,7,36.,1,false,true,false,false,160.,122.,154.,122.,9.05970147862
0.854671278283,Sample,15,7,41.,1,false,true,false,false,160.,122.,154.,122.,9.05970147862
0.854671278283,Sample,15,7,46.,1,false,true,false,false,160.,122.,154.,122.,9.05970147862
0.854671278283,Sample,15,7,51.,1,false,true,false,false,160.,122.,154.,122.,9.05970147862
1.21303621409,Voter,15,3,1.,1,false,true,false,false,4.,4.,16.,14.,0.
1.21303621409,Voter,15,3,6.,1,false,true,false,false,12.,12.,16.,16.,10.7812806326
1.21303621409,Voter,15,3,11.,1,false,true,false,false,12.,12.,16.,16.,11.1426389426
1.21303621409,Voter,15,3,16.,1,false,true,false,false,12.,12.,16.,16.,11.1547506604
1.21303621409,Voter,15,3,21.,1,false,true,false,false,12.,12.,16.,16.,11.1551566112
1.21303621409,Voter,15,3,26.,1,false,true,false,false,12.,12.,16.,16.,11.1551702175
1.21303621409,Voter,15,3,31.,1,false,true,false,false,12.,12.,16.,16.,11.1551706736
1.21303621409,Voter,15,3,36.,1,false,true,false,false,12.,12.,16.,16.,11.1551706889
1.21303621409,Voter,15,3,41.,1,false,true,false,false,12.,12.,16.,16.,11.1551706894
1.21303621409,Voter,15,3,46.,1,false,true,false,false,12.,12.,16.,16.,11.1551706894
1.21303621409,Voter,15,3,51.,1,false,true,false,false,12.,12.,16.,16.,11.1551706894
1.2670360647,Sample,15,7,1.,1,false,true,false,false,28.,28.,92.,80.,0.
1.2670360647,Sample,15,7,6.,1,false,true,false,false,226.,166.,258.,188.,10.9845491754
1.2670360647,Sample,15,7,11.,1,false,true,false,false,246.,182.,262.,190.,11.3973695693
1.2670360647,Sample,15,7,16.,1,false,true,false,false,246.,182.,262.,190.,11.4128841503
1.2670360647,Sample,15,7,21.,1,false,true,false,false,246.,182.,262.,190.,11.413467218
1.2670360647,Sample,15,7,26.,1,false,true,false,false,246.,182.,262.,190.,11.4134891308
1.2670360647,Sample,15,7,31.,1,false,true,false,false,246.,182.,262.,190.,11.4134899543
1.2670360647,Sample,15,7,36.,1,false,true,false,false,246.,182.,262.,190.,11.4134899853
1.2670360647,Sample,15,7,41.,1,false,true,false,false,246.,182.,262.,190.,11.4134899864
1.2670360647,Sample,15,7,46.,1,false,true,false,false,246.,182.,262.,190.,11.4134899865
1.2670360647,Sample,15,7,51.,1,false,true,false,false,246.,182.,262.,190.,11.4134899865
1.28831425796,Voter,15,3,1.,1,false,true,false,false,20.,16.,50.,42.,0.
1.28831425796,Voter,15,3,6.,1,false,true,false,false,34.,32.,48.,40.,11.060307679
1.28831425796,Voter,15,3,11.,1,false,true,false,false,34.,32.,48.,40.,11.4942125394
1.28831425796,Voter,15,3,16.,1,false,true,false,false,34.,32.,48.,40.,11.5112349798
1.28831425796,Voter,15,3,21.,1,false,true,false,false,34.,32.,48.,40.,11.511902784
1.28831425796,Voter,15,3,26.,1,false,true,false,false,34.,32.,48.,40.,11.5119289825
1.28831425796,Voter,15,3,31.,1,false,true,false,false,34.,32.,48.,40.,11.5119300103
1.28831425796,Voter,15,3,36.,1,false,true,false,false,34.,32.,48.,40.,11.5119300506
1.28831425796,Voter,15,3,41.,1,false,true,false,false,34.,32.,48.,40.,11.5119300522
1.28831425796,Voter,15,3,46.,1,false,true,false,false,34.,32.,48.,40.,11.5119300522
1.28831425796,Voter,15,3,51.,1,false,true,false,false,34.,32.,48.,40.,11.5119300522
1.26067400612,Voter,15,3,1.,1,false,true,false,false,0.,0.,6.,6.,0.
1.26067400612,Voter,15,3,6.,1,false,true,false,false,6.,6.,0.,0.,10.9614306453
1.26067400612,Voter,15,3,11.,1,false,true,false,false,6.,6.,0.,0.,11.3680335661
1.26067400612,Voter,15,3,16.,1,false,true,false,false,6.,6.,0.,0.,11.3831160804
1.26067400612,Voter,15,3,21.,1,false,true,false,false,6.,6.,0.,0.,11.3836755507
1.26067400612,Voter,15,3,26.,1,false,true,false,false,6.,6.,0.,0.,11.3836963037
1.26067400612,Voter,15,3,31.,1,false,true,false,false,6.,6.,0.,0.,11.3836970735
1.26067400612,Voter,15,3,36.,1,false,true,false,false,6.,6.,0.,0.,11.383697102
1.26067400612,Voter,15,3,41.,1,false,true,false,false,6.,6.,0.,0.,11.3836971031
1.26067400612,Voter,15,3,46.,1,false,true,false,false,6.,6.,0.,0.,11.3836971031
1.26067400612,Voter,15,3,51.,1,false,true,false,false,6.,6.,0.,0.,11.3836971031
1.11799379433,Voter,15,3,1.,1,false,true,false,false,0.,0.,16.,14.,0.
1.11799379433,Voter,15,3,6.,1,false,true,false,false,12.,10.,8.,8.,10.3824258011
1.11799379433,Voter,15,3,11.,1,false,true,false,false,16.,14.,12.,12.,10.6608498378
1.11799379433,Voter,15,3,16.,1,false,true,false,false,16.,14.,12.,12.,10.6683162956
1.11799379433,Voter,15,3,21.,1,false,true,false,false,16.,14.,12.,12.,10.6685165225
1.11799379433,Voter,15,3,26.,1,false,true,false,false,16.,14.,12.,12.,10.668521892
1.11799379433,Voter,15,3,31.,1,false,true,false,false,16.,14.,12.,12.,10.668522036
1.11799379433,Voter,15,3,36.,1,false,true,false,false,16.,14.,12.,12.,10.6685220398
1.11799379433,Voter,15,3,41.,1,false,true,false,false,16.,14.,12.,12.,10.66852204
1.11799379433,Voter,15,3,46.,1,false,true,false,false,16.,14.,12.,12.,10.66852204
1.11799379433,Voter,15,3,51.,1,false,true,false,false,16.,14.,12.,12.,10.66852204
1.24659486915,Voter,15,6,1.,1,false,true,false,false,22.,20.,62.,58.,0.
1.24659486915,Voter,15,6,6.,1,false,true,false,false,72.,60.,56.,54.,10.9094923015
1.24659486915,Voter,15,6,11.,1,false,true,false,false,72.,60.,56.,54.,11.3024805567
1.24659486915,Voter,15,6,16.,1,false,true,false,false,72.,60.,56.,54.,11.3166370146
1.24659486915,Voter,15,6,21.,1,false,true,false,false,72.,60.,56.,54.,11.317146967
1.24659486915,Voter,15,6,26.,1,false,true,false,false,72.,60.,56.,54.,11.3171653368
1.24659486915,Voter,15,6,31.,1,false,true,false,false,72.,60.,56.,54.,11.3171659986
1.24659486915,Voter,15,6,36.,1,false,true,false,false,72.,60.,56.,54.,11.3171660224
1.24659486915,Voter,15,6,41.,1,false,true,false,false,72.,60.,56.,54.,11.3171660233
1.24659486915,Voter,15,6,46.,1,false,true,false,false,72.,60.,56.,54.,11.3171660233
1.24659486915,Voter,15,6,51.,1,false,true,false,false,72.,60.,56.,54.,11.3171660233
1.03686027665,Voter,15,4,1.,1,false,true,false,false,38.,32.,42.,36.,0.
1.03686027665,Voter,15,4,6.,1,false,true,false,false,52.,46.,48.,40.,9.99642620999
1.03686027665,Voter,15,4,11.,1,false,true,false,false,52.,46.,48.,40.,10.2123906271
1.03686027665,Voter,15,4,16.,1,false,true,false,false,52.,46.,48.,40.,10.2170563575
1.03686027665,Voter,15,4,21.,1,false,true,false,false,52.,46.,48.,40.,10.2171571567
1.03686027665,Voter,15,4,26.,1,false,true,false,false,52.,46.,48.,40.,10.2171593343
1.03686027665,Voter,15,4,31.,1,false,true,false,false,52.,46.,48.,40.,10.2171593814
1.03686027665,Voter,15,4,36.,1,false,true,false,false,52.,46.,48.,40.,10.2171593824
1.03686027665,Voter,15,4,41.,1,false,true,false,false,52.,46.,48.,40.,10.2171593824
1.03686027665,Voter,15,4,46.,1,false,true,false,false,52.,46.,48.,40.,10.2171593824
1.03686027665,Voter,15,4,51.,1,false,true,false,false,52.,46.,48.,40.,10.2171593824
1.37971724443,Voter,15,5,1.,1,false,true,false,false,40.,36.,58.,52.,0.
1.37971724443,Voter,15,5,6.,1,false,true,false,false,72.,60.,58.,50.,11.359631199
1.37971724443,Voter,15,5,11.,1,false,true,false,false,72.,62.,58.,50.,11.8889030757
1.37971724443,Voter,15,5,16.,1,false,true,false,false,72.,62.,58.,50.,11.9135630946
1.37971724443,Voter,15,5,21.,1,false,true,false,false,72.,62.,58.,50.,11.9147120627
1.37971724443,Voter,15,5,26.,1,false,true,false,false,72.,62.,58.,50.,11.9147655959
1.37971724443,Voter,15,5,31.,1,false,true,false,false,72.,62.,58.,50.,11.9147680901
1.37971724443,Voter,15,5,36.,1,false,true,false,false,72.,62.,58.,50.,11.9147682063
1.37971724443,Voter,15,5,41.,1,false,true,false,false,72.,62.,58.,50.,11.9147682117
1.37971724443,Voter,15,5,46.,1,false,true,false,false,72.,62.,58.,50.,11.914768212
1.37971724443,Voter,15,5,51.,1,false,true,false,false,72.,62.,58.,50.,11.914768212
1.26056864026,Voter,15,4,1.,1,false,true,false,false,24.,22.,36.,32.,0.
1.26056864026,Voter,15,4,6.,1,false,true,false,false,52.,42.,64.,50.,10.9610459351
1.26056864026,Voter,15,4,11.,1,false,true,false,false,52.,42.,64.,50.,11.3675462246
1.26056864026,Voter,15,4,16.,1,false,true,false,false,52.,42.,64.,50.,11.382621655
1.26056864026,Voter,15,4,21.,1,false,true,false,false,52.,42.,64.,50.,11.3831807409
1.26056864026,Voter,15,4,26.,1,false,true,false,false,52.,42.,64.,50.,11.3832014752
1.26056864026,Voter,15,4,31.,1,false,true,false,false,52.,42.,64.,50.,11.3832022441
1.26056864026,Voter,15,4,36.,1,false,true,false,false,52.,42.,64.,50.,11.3832022726
1.26056864026,Voter,15,4,41.,1,false,true,false,false,52.,42.,64.,50.,11.3832022737
1.26056864026,Voter,15,4,46.,1,false,true,false,false,52.,42.,64.,50.,11.3832022737
1.26056864026,Voter,15,4,51.,1,false,true,false,false,52.,42.,64.,50.,11.3832022737
1.23319229067,Voter,15,6,1.,1,false,true,false,false,54.,48.,94.,76.,0.
1.23319229067,Voter,15,6,6.,1,false,true,false,false,112.,88.,88.,76.,10.8590413181
1.23319229067,Voter,15,6,11.,1,false,true,false,false,112.,88.,88.,76.,11.2392568317
1.23319229067,Voter,15,6,16.,1,false,true,false,false,114.,90.,90.,78.,11.2525695941
1.23319229067,Voter,15,6,21.,1,false,true,false,false,114.,90.,90.,78.,11.2530357235
1.23319229067,Voter,15,6,26.,1,false,true,false,false,114.,90.,90.,78.,11.2530520445
1.23319229067,Voter,15,6,31.,1,false,true,false,false,114.,90.,90.,78.,11.2530526159
1.23319229067,Voter,15,6,36.,1,false,true,false,false,114.,90.,90.,78.,11.2530526359
1.23319229067,Voter,15,6,41.,1,false,true,false,false,114.,90.,90.,78.,11.2530526366
1.23319229067,Voter,15,6,46.,1,false,true,false,false,114.,90.,90.,78.,11.2530526367
1.23319229067,Voter,15,6,51.,1,false,true,false,false,114.,90.,90.,78.,11.2530526367
1.12777962397,Sample,15,7,1.,1,false,true,false,false,56.,52.,122.,98.,0.
1.12777962397,Sample,15,7,6.,1,false,true,false,false,236.,174.,254.,188.,10.4260518446
1.12777962397,Sample,15,7,11.,1,false,true,false,false,248.,184.,250.,186.,10.7125417432
1.12777962397,Sample,15,7,16.,1,false,true,false,false,248.,184.,250.,186.,10.7204139908
1.12777962397,Sample,15,7,21.,1,false,true,false,false,248.,184.,250.,186.,10.7206303066
1.12777962397,Sample,15,7,26.,1,false,true,false,false,248.,184.,250.,186.,10.7206362506
1.12777962397,Sample,15,7,31.,1,false,true,false,false,248.,184.,250.,186.,10.7206364139
1.12777962397,Sample,15,7,36.,1,false,true,false,false,248.,184.,250.,186.,10.7206364184
1.12777962397,Sample,15,7,41.,1,false,true,false,false,248.,184.,250.,186.,10.7206364185
1.12777962397,Sample,15,7,46.,1,false,true,false,false,248.,184.,250.,186.,10.7206364185
1.12777962397,Sample,15,7,51.,1,false,true,false,false,248.,184.,250.,186.,10.7206364185
1.2681835557,Voter,15,6,1.,1,false,true,false,false,24.,24.,46.,42.,0.
1.2681835557,Voter,15,6,6.,1,false,true,false,false,54.,50.,20.,18.,10.9886958661
1.2681835557,Voter,15,6,11.,1,false,true,false,false,54.,50.,20.,18.,11.4026419585
1.2681835557,Voter,15,6,16.,1,false,true,false,false,54.,50.,20.,18.,11.4182353801
1.2681835557,Voter,15,6,21.,1,false,true,false,false,54.,50.,20.,18.,11.418822787
1.2681835557,Voter,15,6,26.,1,false,true,false,false,54.,50.,20.,18.,11.4188449148
1.2681835557,Voter,15,6,31.,1,false,true,false,false,54.,50.,20.,18.,11.4188457483
1.2681835557,Voter,15,6,36.,1,false,true,false,false,54.,50.,20.,18.,11.4188457797
1.2681835557,Voter,15,6,41.,1,false,true,false,false,54.,50.,20.,18.,11.4188457809
1.2681835557,Voter,15,6,46.,1,false,true,false,false,54.,50.,20.,18.,11.4188457809
1.2681835557,Voter,15,6,51.,1,false,true,false,false,54.,50.,20.,18.,11.4188457809
1.11312178027,Voter,15,3,1.,1,false,true,false,false,16.,16.,20.,18.,0.
1.11312178027,Voter,15,3,6.,1,false,true,false,false,20.,20.,16.,16.,10.3604779716
1.11312178027,Voter,15,3,11.,1,false,true,false,false,20.,20.,16.,16.,10.6349281383
1.11312178027,Voter,15,3,16.,1,false,true,false,false,20.,20.,16.,16.,10.6421983525
1.11312178027,Voter,15,3,21.,1,false,true,false,false,20.,20.,16.,16.,10.6423909412
1.11312178027,Voter,15,3,26.,1,false,true,false,false,20.,20.,16.,16.,10.6423960429
1.11312178027,Voter,15,3,31.,1,false,true,false,false,20.,20.,16.,16.,10.6423961781
1.11312178027,Voter,15,3,36.,1,false,true,false,false,20.,20.,16.,16.,10.6423961817
1.11312178027,Voter,15,3,41.,1,false,true,false,false,20.,20.,16.,16.,10.6423961818
1.11312178027,Voter,15,3,46.,1,false,true,false,false,20.,20.,16.,16.,10.6423961818
1.11312178027,Voter,15,3,51.,1,false,true,false,false,20.,20.,16.,16.,10.6423961818
0.80312940185,Voter,15,7,1.,1,false,true,false,false,96.,78.,128.,110.,0.
0.80312940185,Voter,15,7,6.,1,false,true,false,false,130.,104.,146.,120.,8.60625700069
0.80312940185,Voter,15,7,11.,1,false,true,false,false,130.,104.,146.,120.,8.68900387711
0.80312940185,Voter,15,7,16.,1,false,true,false,false,130.,104.,146.,120.,8.68979946636
0.80312940185,Voter,15,7,21.,1,false,true,false,false,130.,104.,146.,120.,8.68980711574
0.80312940185,Voter,15,7,26.,1,false,true,false,false,130.,104.,146.,120.,8.68980718929
0.80312940185,Voter,15,7,31.,1,false,true,false,false,130.,104.,146.,120.,8.68980719
0.80312940185,Voter,15,7,36.,1,false,true,false,false,130.,104.,146.,120.,8.68980719
0.80312940185,Voter,15,7,41.,1,false,true,false,false,130.,104.,146.,120.,8.68980719
0.80312940185,Voter,15,7,46.,1,false,true,false,false,130.,104.,146.,120.,8.68980719
0.80312940185,Voter,15,7,51.,1,false,true,false,false,130.,104.,146.,120.,8.68980719
1.16866529379,Voter,15,5,1.,1,false,true,false,false,14.,14.,32.,28.,0.
1.16866529379,Voter,15,5,6.,1,false,true,false,false,42.,36.,28.,24.,10.6018561986
1.16866529379,Voter,15,5,11.,1,false,true,false,false,42.,36.,28.,24.,10.9232384716
1.16866529379,Voter,15,5,16.,1,false,true,false,false,42.,36.,28.,24.,10.9329807812
1.16866529379,Voter,15,5,21.,1,false,true,false,false,42.,36.,28.,24.,10.9332761074
1.16866529379,Voter,15,5,26.,1,false,true,false,false,42.,36.,28.,24.,10.9332850599
1.16866529379,Voter,15,5,31.,1,false,true,false,false,42.,36.,28.,24.,10.9332853313
1.16866529379,Voter,15,5,36.,1,false,true,false,false,42.,36.,28.,24.,10.9332853395
1.16866529379,Voter,15,5,41.,1,false,true,false,false,42.,36.,28.,24.,10.9332853397
1.16866529379,Voter,15,5,46.,1,false,true,false,false,42.,36.,28.,24.,10.9332853397
1.16866529379,Voter,15,5,51.,1,false,true,false,false,42.,36.,28.,24.,10.9332853397
1.16501384603,Voter,15,5,1.,1,false,true,false,false,16.,16.,30.,28.,0.
1.16501384603,Voter,15,5,6.,1,false,true,false,false,36.,34.,10.,10.,10.5865717537
1.16501384603,Voter,15,5,11.,1,false,true,false,false,36.,34.,10.,10.,10.9047607456
1.16501384603,Voter,15,5,16.,1,false,true,false,false,36.,34.,10.,10.,10.9143242037
1.16501384603,Voter,15,5,21.,1,false,true,false,false,36.,34.,10.,10.,10.914611642
1.16501384603,Voter,15,5,26.,1,false,true,false,false,36.,34.,10.,10.,10.9146202813
1.16501384603,Voter,15,5,31.,1,false,true,false,false,36.,34.,10.,10.,10.9146205409
1.16501384603,Voter,15,5,36.,1,false,true,false,false,36.,34.,10.,10.,10.9146205487
1.16501384603,Voter,15,5,41.,1,false,true,false,false,36.,34.,10.,10.,10.914620549
1.16501384603,Voter,15,5,46.,1,false,true,false,false,36.,34.,10.,10.,10.914620549
1.16501384603,Voter,15,5,51.,1,false,true,false,false,36.,34.,10.,10.,10.914620549
1.0871550319,Voter,15,7,1.,1,false,true,false,false,30.,28.,70.,60.,0.
1.0871550319,Voter,15,7,6.,1,false,true,false,false,96.,74.,64.,54.,10.2409018441
1.0871550319,Voter,15,7,11.,1,false,true,false,false,96.,74.,64.,54.,10.4946468376
1.0871550319,Voter,15,7,16.,1,false,true,false,false,96.,74.,64.,54.,10.5009340302
1.0871550319,Voter,15,7,21.,1,false,true,false,false,96.,74.,64.,54.,10.5010898117
1.0871550319,Voter,15,7,26.,1,false,true,false,false,96.,74.,64.,54.,10.5010936716
1.0871550319,Voter,15,7,31.,1,false,true,false,false,96.,74.,64.,54.,10.5010937673
1.0871550319,Voter,15,7,36.,1,false,true,false,false,96.,74.,64.,54.,10.5010937696
1.0871550319,Voter,15,7,41.,1,false,true,false,false,96.,74.,64.,54.,10.5010937697
1.0871550319,Voter,15,7,46.,1,false,true,false,false,96.,74.,64.,54.,10.5010937697
1.0871550319,Voter,15,7,51.,1,false,true,false,false,96.,74.,64.,54.,10.5010937697
0.821792951867,Sample,15,7,1.,1,false,true,false,false,60.,56.,120.,112.,0.
0.821792951867,Sample,15,7,6.,1,false,true,false,false,260.,196.,272.,210.,8.7344332978
0.821792951867,Sample,15,7,11.,1,false,true,false,false,268.,200.,272.,208.,8.8252114849
0.821792951867,Sample,15,7,16.,1,false,true,false,false,268.,200.,272.,208.,8.8261549553
0.821792951867,Sample,15,7,21.,1,false,true,false,false,268.,200.,272.,208.,8.82616476092
0.821792951867,Sample,15,7,26.,1,false,true,false,false,268.,200.,272.,208.,8.82616486283
0.821792951867,Sample,15,7,31.,1,false,true,false,false,268.,200.,272.,208.,8.82616486389
0.821792951867,Sample,15,7,36.,1,false,true,false,false,268.,200.,272.,208.,8.8261648639
0.821792951867,Sample,15,7,41.,1,false,true,false,false,268.,200.,272.,208.,8.8261648639
0.821792951867,Sample,15,7,46.,1,false,true,false,false,268.,200.,272.,208.,8.8261648639
0.821792951867,Sample,15,7,51.,1,false,true,false,false,268.,200.,272.,208.,8.8261648639
1.0698178488,Sample,15,3,1.,1,false,true,false,false,4.,4.,12.,12.,0.
1.0698178488,Sample,15,3,6.,1,false,true,false,false,10.,10.,2.,2.,10.1585795206
1.0698178488,Sample,15,3,11.,1,false,true,false,false,10.,10.,2.,2.,10.3989512654
1.0698178488,Sample,15,3,16.,1,false,true,false,false,10.,10.,2.,2.,10.4046389283
1.0698178488,Sample,15,3,21.,1,false,true,false,false,10.,10.,2.,2.,10.4047735095
1.0698178488,Sample,15,3,26.,1,false,true,false,false,10.,10.,2.,2.,10.4047766939
1.0698178488,Sample,15,3,31.,1,false,true,false,false,10.,10.,2.,2.,10.4047767693
1.0698178488,Sample,15,3,36.,1,false,true,false,false,10.,10.,2.,2.,10.4047767711
1.0698178488,Sample,15,3,41.,1,false,true,false,false,10.,10.,2.,2.,10.4047767711
1.0698178488,Sample,15,3,46.,1,false,true,false,false,10.,10.,2.,2.,10.4047767711
1.0698178488,Sample,15,3,51.,1,false,true,false,false,10.,10.,2.,2.,10.4047767711
1.14502895657,Voter,15,6,1.,1,false,true,false,false,46.,40.,60.,54.,0.
1.14502895657,Voter,15,6,6.,1,false,true,false,false,106.,90.,96.,80.,10.5014811399
1.14502895657,Voter,15,6,11.,1,false,true,false,false,110.,94.,96.,78.,10.8024591388
1.14502895657,Voter,15,6,16.,1,false,true,false,false,110.,94.,96.,78.,10.8110853273
1.14502895657,Voter,15,6,21.,1,false,true,false,false,110.,94.,96.,78.,10.8113325584
1.14502895657,Voter,15,6,26.,1,false,true,false,false,110.,94.,96.,78.,10.8113396442
1.14502895657,Voter,15,6,31.,1,false,true,false,false,110.,94.,96.,78.,10.8113398473
1.14502895657,Voter,15,6,36.,1,false,true,false,false,110.,94.,96.,78.,10.8113398531
1.14502895657,Voter,15,6,41.,1,false,true,false,false,110.,94.,96.,78.,10.8113398533
1.14502895657,Voter,15,6,46.,1,false,true,false,false,110.,94.,96.,78.,10.8113398533
1.14502895657,Voter,15,6,51.,1,false,true,false,false,110.,94.,96.,78.,10.8113398533
0.983240803083,Sample,15,6,1.,1,false,true,false,false,34.,32.,88.,76.,0.
0.983240803083,Sample,15,6,6.,1,false,true,false,false,182.,140.,180.,146.,9.7160677348
0.983240803083,Sample,15,6,11.,1,false,true,false,false,192.,148.,178.,148.,9.89522933225
0.983240803083,Sample,15,6,16.,1,false,true,false,false,192.,148.,178.,148.,9.89853302247
0.983240803083,Sample,15,6,21.,1,false,true,false,false,192.,148.,178.,148.,9.8985939416
0.983240803083,Sample,15,6,26.,1,false,true,false,false,192.,148.,178.,148.,9.89859506494
0.983240803083,Sample,15,6,31.,1,false,true,false,false,192.,148.,178.,148.,9.89859508565
0.983240803083,Sample,15,6,36.,1,false,true,false,false,192.,148.,178.,148.,9.89859508603
0.983240803083,Sample,15,6,41.,1,false,true,false,false,192.,148.,178.,148.,9.89859508604
0.983240803083,Sample,15,6,46.,1,false,true,false,false,192.,148.,178.,148.,9.89859508604
0.983240803083,Sample,15,6,51.,1,false,true,false,false,192.,148.,178.,148.,9.89859508604
1.13761579933,Sample,15,5,1.,1,false,true,false,false,6.,6.,38.,36.,0.
1.13761579933,Sample,15,5,6.,1,false,true,false,false,82.,70.,94.,80.,10.4692922545
1.13761579933,Sample,15,5,11.,1,false,true,false,false,90.,76.,94.,80.,10.7640017357
1.13761579933,Sample,15,5,16.,1,false,true,false,false,90.,76.,94.,80.,10.7722977767
1.13761579933,Sample,15,5,21.,1,false,true,false,false,90.,76.,94.,80.,10.7725313094
1.13761579933,Sample,15,5,26.,1,false,true,false,false,90.,76.,94.,80.,10.7725378833
1.13761579933,Sample,15,5,31.,1,false,true,false,false,90.,76.,94.,80.,10.7725380684
1.13761579933,Sample,15,5,36.,1,false,true,false,false,90.,76.,94.,80.,10.7725380736
1.13761579933,Sample,15,5,41.,1,false,true,false,false,90.,76.,94.,80.,10.7725380737
1.13761579933,Sample,15,5,46.,1,false,true,false,false,90.,76.,94.,80.,10.7725380737
1.13761579933,Sample,15,5,51.,1,false,true,false,false,90.,76.,94.,80.,10.7725380737
1.29930271748,Voter,15,6,1.,1,false,true,false,false,34.,30.,68.,52.,0.
1.29930271748,Voter,15,6,6.,1,false,true,false,false,64.,56.,42.,38.,11.0985032393
1.29930271748,Voter,15,6,11.,1,false,true,false,false,62.,56.,40.,36.,11.5434681661
1.29930271748,Voter,15,6,16.,1,false,true,false,false,62.,56.,40.,36.,11.5613078497
1.29930271748,Voter,15,6,21.,1,false,true,false,false,62.,56.,40.,36.,11.5620230843
1.29930271748,Voter,15,6,26.,1,false,true,false,false,62.,56.,40.,36.,11.5620517597
1.29930271748,Voter,15,6,31.,1,false,true,false,false,62.,56.,40.,36.,11.5620529094
1.29930271748,Voter,15,6,36.,1,false,true,false,false,62.,56.,40.,36.,11.5620529555
1.29930271748,Voter,15,6,41.,1,false,true,false,false,62.,56.,40.,36.,11.5620529573
1.29930271748,Voter,15,6,46.,1,false,true,false,false,62.,56.,40.,36.,11.5620529574
1.29930271748,Voter,15,6,51.,1,false,true,false,false,62.,56.,40.,36.,11.5620529574
0.917721347457,Sample,15,4,1.,1,false,true,false,false,2.,2.,20.,16.,0.
0.917721347457,Sample,15,4,6.,1,false,true,false,false,28.,28.,14.,14.,9.34384448731
0.917721347457,Sample,15,4,11.,1,false,true,false,false,28.,28.,14.,14.,9.4830423663
0.917721347457,Sample,15,4,16.,1,false,true,false,false,28.,28.,14.,14.,9.48511603625
0.917721347457,Sample,15,4,21.,1,false,true,false,false,28.,28.,14.,14.,9.48514692829
0.917721347457,Sample,15,4,26.,1,false,true,false,false,28.,28.,14.,14.,9.4851473885
0.917721347457,Sample,15,4,31.,1,false,true,false,false,28.,28.,14.,14.,9.48514739536
0.917721347457,Sample,15,4,36.,1,false,true,false,false,28.,28.,14.,14.,9.48514739546
0.917721347457,Sample,15,4,41.,1,false,true,false,false,28.,28.,14.,14.,9.48514739546
0.917721347457,Sample,15,4,46.,1,false,true,false,false,28.,28.,14.,14.,9.48514739546
0.917721347457,Sample,15,4,51.,1,false,true,false,false,28.,28.,14.,14.,9.48514739546
0.827144447018,Sample,15,6,1.,1,false,true,false,false,24.,24.,54.,44.,0.
0.827144447018,Sample,15,6,6.,1,false,true,false,false,80.,74.,58.,56.,8.77058539646
0.827144447018,Sample,15,6,11.,1,false,true,false,false,80.,74.,58.,56.,8.86374926588
0.827144447018,Sample,15,6,16.,1,false,true,false,false,80.,74.,58.,56.,8.86473888131
0.827144447018,Sample,15,6,21.,1,false,true,false,false,80.,74.,58.,56.,8.86474939331
0.827144447018,Sample,15,6,26.,1,false,true,false,false,80.,74.,58.,56.,8.86474950497
0.827144447018,Sample,15,6,31.,1,false,true,false,false,80.,74.,58.,56.,8.86474950615
0.827144447018,Sample,15,6,36.,1,false,true,false,false,80.,74.,58.,56.,8.86474950617
0.827144447018,Sample,15,6,41.,1,false,true,false,false,80.,74.,58.,56.,8.86474950617
0.827144447018,Sample,15,6,46.,1,false,true,false,false,80.,74.,58.,56.,8.86474950617
0.827144447018,Sample,15,6,51.,1,false,true,false,false,80.,74.,58.,56.,8.86474950617
1.14264294562,Sample,15,5,1.,1,false,true,false,false,10.,10.,38.,32.,0.
1.14264294562,Sample,15,5,6.,1,false,true,false,false,56.,48.,44.,42.,10.4911580492
1.14264294562,Sample,15,5,11.,1,false,true,false,false,56.,48.,44.,42.,10.7901115697
1.14264294562,Sample,15,5,16.,1,false,true,false,false,56.,48.,44.,42.,10.7986304774
1.14264294562,Sample,15,5,21.,1,false,true,false,false,56.,48.,44.,42.,10.7988732302
1.14264294562,Sample,15,5,26.,1,false,true,false,false,56.,48.,44.,42.,10.7988801476
1.14264294562,Sample,15,5,31.,1,false,true,false,false,56.,48.,44.,42.,10.7988803447
1.14264294562,Sample,15,5,36.,1,false,true,false,false,56.,48.,44.,42.,10.7988803504
1.14264294562,Sample,15,5,41.,1,false,true,false,false,56.,48.,44.,42.,10.7988803505
1.14264294562,Sample,15,5,46.,1,false,true,false,false,56.,48.,44.,42.,10.7988803505
1.14264294562,Sample,15,5,51.,1,false,true,false,false,56.,48.,44.,42.,10.7988803505
1.37460099906,Voter,15,5,1.,1,false,true,false,false,20.,18.,42.,36.,0.
1.37460099906,Voter,15,5,6.,1,false,true,false,false,38.,32.,28.,26.,11.3439487537
1.37460099906,Voter,15,5,11.,1,false,true,false,false,38.,32.,28.,26.,11.8676879085
1.37460099906,Voter,15,5,16.,1,false,true,false,false,38.,32.,28.,26.,11.8918684393
1.37460099906,Voter,15,5,21.,1,false,true,false,false,38.,32.,28.,26.,11.892984831
1.37460099906,Voter,15,5,26.,1,false,true,false,false,38.,32.,28.,26.,11.8930363738
1.37460099906,Voter,15,5,31.,1,false,true,false,false,38.,32.,28.,26.,11.8930387534
1.37460099906,Voter,15,5,36.,1,false,true,false,false,38.,32.,28.,26.,11.8930388633
1.37460099906,Voter,15,5,41.,1,false,true,false,false,38.,32.,28.,26.,11.8930388684
1.37460099906,Voter,15,5,46.,1,false,true,false,false,38.,32.,28.,26.,11.8930388686
1.37460099906,Voter,15,5,51.,1,false,true,false,false,38.,32.,28.,26.,11.8930388686
0.882985931408,Sample,15,5,1.,1,false,true,false,false,4.,4.,24.,20.,0.
0.882985931408,Sample,15,5,6.,1,false,true,false,false,28.,24.,4.,4.,9.13240280201
0.882985931408,Sample,15,5,11.,1,false,true,false,false,28.,24.,4.,4.,9.2526808187
0.882985931408,Sample,15,5,16.,1,false,true,false,false,28.,24.,4.,4.,9.25426493644
0.882985931408,Sample,15,5,21.,1,false,true,false,false,28.,24.,4.,4.,9.25428580002
0.882985931408,Sample,15,5,26.,1,false,true,false,false,28.,24.,4.,4.,9.2542860748
0.882985931408,Sample,15,5,31.,1,false,true,false,false,28.,24.,4.,4.,9.25428607842
0.882985931408,Sample,15,5,36.,1,false,true,false,false,28.,24.,4.,4.,9.25428607847
0.882985931408,Sample,15,5,41.,1,false,true,false,false,28.,24.,4.,4.,9.25428607847
0.882985931408,Sample,15,5,46.,1,false,true,false,false,28.,24.,4.,4.,9.25428607847
0.882985931408,Sample,15,5,51.,1,false,true,false,false,28.,24.,4.,4.,9.25428607847
1.37170765002,Sample,15,6,1.,1,false,true,false,false,18.,18.,48.,44.,0.
1.37170765002,Sample,15,6,6.,1,false,true,false,false,106.,92.,96.,86.,11.3350255561
1.37170765002,Sample,15,6,11.,1,false,true,false,false,114.,100.,96.,86.,11.8556455985
1.37170765002,Sample,15,6,16.,1,false,true,false,false,114.,100.,96.,86.,11.8795577835
1.37170765002,Sample,15,6,21.,1,false,true,false,false,114.,100.,96.,86.,11.8806560751
1.37170765002,Sample,15,6,26.,1,false,true,false,false,114.,100.,96.,86.,11.8807065199
1.37170765002,Sample,15,6,31.,1,false,true,false,false,114.,100.,96.,86.,11.8807088368
1.37170765002,Sample,15,6,36.,1,false,true,false,false,114.,100.,96.,86.,11.8807089432
1.37170765002,Sample,15,6,41.,1,false,true,false,false,114.,100.,96.,86.,11.8807089481
1.37170765002,Sample,15,6,46.,1,false,true,false,false,114.,100.,96.,86.,11.8807089483
1.37170765002,Sample,15,6,51.,1,false,true,false,false,114.,100.,96.,86.,11.8807089483
1.31847682535,Sample,15,7,1.,1,false,true,false,false,46.,40.,92.,80.,0.
1.31847682535,Sample,15,7,6.,1,false,true,false,false,146.,118.,132.,112.,11.1636695712
1.31847682535,Sample,15,7,11.,1,false,true,false,false,156.,126.,134.,114.,11.6282067753
1.31847682535,Sample,15,7,16.,1,false,true,false,false,156.,126.,134.,114.,11.6475368721
1.31847682535,Sample,15,7,21.,1,false,true,false,false,156.,126.,134.,114.,11.6483412268
1.31847682535,Sample,15,7,26.,1,false,true,false,false,156.,126.,134.,114.,11.6483746972
1.31847682535,Sample,15,7,31.,1,false,true,false,false,156.,126.,134.,114.,11.6483760899
1.31847682535,Sample,15,7,36.,1,false,true,false,false,156.,126.,134.,114.,11.6483761479
1.31847682535,Sample,15,7,41.,1,false,true,false,false,156.,126.,134.,114.,11.6483761503
1.31847682535,Sample,15,7,46.,1,false,true,false,false,156.,126.,134.,114.,11.6483761504
1.31847682535,Sample,15,7,51.,1,false,true,false,false,156.,126.,134.,114.,11.6483761504
0.858053001548,Sample,15,4,1.,1,false,true,false,false,0.,0.,16.,14.,0.
0.858053001548,Sample,15,4,6.,1,false,true,false,false,16.,14.,12.,12.,8.97427621293
0.858053001548,Sample,15,4,11.,1,false,true,false,false,20.,18.,8.,8.,9.08194582581
0.858053001548,Sample,15,4,16.,1,false,true,false,false,20.,18.,8.,8.,9.0832376008
0.858053001548,Sample,15,4,21.,1,false,true,false,false,20.,18.,8.,8.,9.08325309897
0.858053001548,Sample,15,4,26.,1,false,true,false,false,20.,18.,8.,8.,9.08325328492
0.858053001548,Sample,15,4,31.,1,false,true,false,false,20.,18.,8.,8.,9.08325328715
0.858053001548,Sample,15,4,36.,1,false,true,false,false,20.,18.,8.,8.,9.08325328717
0.858053001548,Sample,15,4,41.,1,false,true,false,false,20.,18.,8.,8.,9.08325328717
0.858053001548,Sample,15,4,46.,1,false,true,false,false,20.,18.,8.,8.,9.08325328717
0.858053001548,Sample,15,4,51.,1,false,true,false,false,20.,18.,8.,8.,9.08325328717
1.29504975347,Voter,15,4,1.,1,false,true,false,false,4.,4.,18.,18.,0.
1.29504975347,Voter,15,4,6.,1,false,true,false,false,16.,14.,10.,10.,11.083794168
1.29504975347,Voter,15,4,11.,1,false,true,false,false,16.,14.,10.,10.,11.5244647299
1.29504975347,Voter,15,4,16.,1,false,true,false,false,16.,14.,10.,10.,11.5419849527
1.29504975347,Voter,15,4,21.,1,false,true,false,false,16.,14.,10.,10.,11.5426815235
1.29504975347,Voter,15,4,26.,1,false,true,false,false,16.,14.,10.,10.,11.5427092178
1.29504975347,Voter,15,4,31.,1,false,true,false,false,16.,14.,10.,10.,11.5427103189
1.29504975347,Voter,15,4,36.,1,false,true,false,false,16.,14.,10.,10.,11.5427103626
1.29504975347,Voter,15,4,41.,1,false,true,false,false,16.,14.,10.,10.,11.5427103644
1.29504975347,Voter,15,4,46.,1,false,true,false,false,16.,14.,10.,10.,11.5427103644
1.29504975347,Voter,15,4,51.,1,false,true,false,false,16.,14.,10.,10.,11.5427103644
0.935498745948,Sample,15,4,1.,1,false,true,false,false,6.,6.,30.,28.,0.
0.935498745948,Sample,15,4,6.,1,false,true,false,false,26.,24.,18.,18.,9.44820156336
0.935498745948,Sample,15,4,11.,1,false,true,false,false,26.,24.,18.,18.,9.59769201938
0.935498745948,Sample,15,4,16.,1,false,true,false,false,26.,24.,18.,18.,9.60005727337
0.935498745948,Sample,15,4,21.,1,false,true,false,false,26.,24.,18.,18.,9.60009469668
0.935498745948,Sample,15,4,26.,1,false,true,false,false,26.,24.,18.,18.,9.60009528879
0.935498745948,Sample,15,4,31.,1,false,true,false,false,26.,24.,18.,18.,9.60009529816
0.935498745948,Sample,15,4,36.,1,false,true,false,false,26.,24.,18.,18.,9.60009529831
0.935498745948,Sample,15,4,41.,1,false,true,false,false,26.,24.,18.,18.,9.60009529831
0.935498745948,Sample,15,4,46.,1,false,true,false,false,26.,24.,18.,18.,9.60009529831
0.935498745948,Sample,15,4,51.,1,false,true,false,false,26.,24.,18.,18.,9.60009529831
1.19505739512,Sample,15,3,1.,1,false,true,false,false,2.,2.,12.,10.,0.
1.19505739512,Sample,15,3,6.,1,false,true,false,false,6.,6.,4.,4.,10.7099663234
1.19505739512,Sample,15,3,11.,1,false,true,false,false,8.,8.,2.,2.,11.0548683546
1.19505739512,Sample,15,3,16.,1,false,true,false,false,8.,8.,2.,2.,11.0659755241
1.19505739512,Sample,15,3,21.,1,false,true,false,false,8.,8.,2.,2.,11.0663332176
1.19505739512,Sample,15,3,26.,1,false,true,false,false,8.,8.,2.,2.,11.0663447367
1.19505739512,Sample,15,3,31.,1,false,true,false,false,8.,8.,2.,2.,11.0663451077
1.19505739512,Sample,15,3,36.,1,false,true,false,false,8.,8.,2.,2.,11.0663451196
1.19505739512,Sample,15,3,41.,1,false,true,false,false,8.,8.,2.,2.,11.06634512
1.19505739512,Sample,15,3,46.,1,false,true,false,false,8.,8.,2.,2.,11.06634512
1.19505739512,Sample,15,3,51.,1,false,true,false,false,8.,8.,2.,2.,11.06634512
0.971476991049,Sample,15,6,1.,1,false,true,false,false,14.,14.,52.,38.,0.
0.971476991049,Sample,15,6,6.,1,false,true,false,false,116.,98.,94.,86.,9.65170340688
0.971476991049,Sample,15,6,11.,1,false,true,false,false,126.,104.,92.,82.,9.82328063711
0.971476991049,Sample,15,6,16.,1,false,true,false,false,126.,104.,92.,82.,9.82633074595
0.971476991049,Sample,15,6,21.,1,false,true,false,false,126.,104.,92.,82.,9.82638496739
0.971476991049,Sample,15,6,26.,1,false,true,false,false,126.,104.,92.,82.,9.82638593128
0.971476991049,Sample,15,6,31.,1,false,true,false,false,126.,104.,92.,82.,9.82638594841
0.971476991049,Sample,15,6,36.,1,false,true,false,false,126.,104.,92.,82.,9.82638594872
0.971476991049,Sample,15,6,41.,1,false,true,false,false,126.,104.,92.,82.,9.82638594872
0.971476991049,Sample,15,6,46.,1,false,true,false,false,126.,104.,92.,82.,9.82638594872
0.971476991049,Sample,15,6,51.,1,false,true,false,false,126.,104.,92.,82.,9.82638594872
1.27266186532,Voter,15,7,1.,1,false,true,false,false,26.,26.,80.,70.,0.
1.27266186532,Voter,15,7,6.,1,false,true,false,false,80.,70.,58.,56.,11.0048119955
1.27266186532,Voter,15,7,11.,1,false,true,false,false,80.,70.,58.,56.,11.4231638101
1.27266186532,Voter,15,7,16.,1,false,true,false,false,80.,70.,58.,56.,11.4390676021
1.27266186532,Voter,15,7,21.,1,false,true,false,false,80.,70.,58.,56.,11.4396721904
1.27266186532,Voter,15,7,26.,1,false,true,false,false,80.,70.,58.,56.,11.439695174
1.27266186532,Voter,15,7,31.,1,false,true,false,false,80.,70.,58.,56.,11.4396960478
1.27266186532,Voter,15,7,36.,1,false,true,false,false,80.,70.,58.,56.,11.439696081
1.27266186532,Voter,15,7,41.,1,false,true,false,false,80.,70.,58.,56.,11.4396960822
1.27266186532,Voter,15,7,46.,1,false,true,false,false,80.,70.,58.,56.,11.4396960823
1.27266186532,Voter,15,7,51.,1,false,true,false,false,80.,70.,58.,56.,11.4396960823
0.896005470229,Sample,15,3,1.,1,false,true,false,false,2.,2.,12.,12.,0.
0.896005470229,Sample,15,3,6.,1,false,true,false,false,12.,12.,6.,6.,9.21284351116
0.896005470229,Sample,15,3,11.,1,false,true,false,false,16.,16.,10.,10.,9.34002828792
0.896005470229,Sample,15,3,16.,1,false,true,false,false,16.,16.,10.,10.,9.34178409408
0.896005470229,Sample,15,3,21.,1,false,true,false,false,16.,16.,10.,10.,9.34180833327
0.896005470229,Sample,15,3,26.,1,false,true,false,false,16.,16.,10.,10.,9.34180866789
0.896005470229,Sample,15,3,31.,1,false,true,false,false,16.,16.,10.,10.,9.34180867251
0.896005470229,Sample,15,3,36.,1,false,true,false,false,16.,16.,10.,10.,9.34180867258
0.896005470229,Sample,15,3,41.,1,false,true,false,false,16.,16.,10.,10.,9.34180867258
0.896005470229,Sample,15,3,46.,1,false,true,false,false,16.,16.,10.,10.,9.34180867258
0.896005470229,Sample,15,3,51.,1,false,true,false,false,16.,16.,10.,10.,9.34180867258
0.921282568416,Sample,15,5,1.,1,false,true,false,false,6.,6.,36.,36.,0.
0.921282568416,Sample,15,5,6.,1,false,true,false,false,30.,28.,24.,24.,9.36495541293
0.921282568416,Sample,15,5,11.,1,false,true,false,false,32.,30.,22.,22.,9.50618212475
0.921282568416,Sample,15,5,16.,1,false,true,false,false,32.,30.,22.,22.,9.50831187158
0.921282568416,Sample,15,5,21.,1,false,true,false,false,32.,30.,22.,22.,9.50834398888
0.921282568416,Sample,15,5,26.,1,false,true,false,false,32.,30.,22.,22.,9.50834447322
0.921282568416,Sample,15,5,31.,1,false,true,false,false,32.,30.,22.,22.,9.50834448053
0.921282568416,Sample,15,5,36.,1,false,true,false,false,32.,30.,22.,22.,9.50834448064
0.921282568416,Sample,15,5,41.,1,false,true,false,false,32.,30.,22.,22.,9.50834448064
0.921282568416,Sample,15,5,46.,1,false,true,false,false,32.,30.,22.,22.,9.50834448064
0.921282568416,Sample,15,5,51.,1,false,true,false,false,32.,30.,22.,22.,9.50834448064
1.08220545968,Sample,15,4,1.,1,false,true,false,false,8.,8.,32.,32.,0.
1.08220545968,Sample,15,4,6.,1,false,true,false,false,44.,42.,48.,42.,10.2176052561
1.08220545968,Sample,15,4,11.,1,false,true,false,false,46.,44.,46.,42.,10.4674952074
1.08220545968,Sample,15,4,16.,1,false,true,false,false,46.,44.,46.,42.,10.4736067165
1.08220545968,Sample,15,4,21.,1,false,true,false,false,46.,44.,46.,42.,10.4737561845
1.08220545968,Sample,15,4,26.,1,false,true,false,false,46.,44.,46.,42.,10.47375984
1.08220545968,Sample,15,4,31.,1,false,true,false,false,46.,44.,46.,42.,10.4737599294
1.08220545968,Sample,15,4,36.,1,false,true,false,false,46.,44.,46.,42.,10.4737599316
1.08220545968,Sample,15,4,41.,1,false,true,false,false,46.,44.,46.,42.,10.4737599316
1.08220545968,Sample,15,4,46.,1,false,true,false,false,46.,44.,46.,42.,10.4737599316
1.08220545968,Sample,15,4,51.,1,false,true,false,false,46.,44.,46.,42.,10.4737599316
1.0827937988,Voter,15,5,1.,1,false,true,false,false,18.,18.,36.,34.,0.
1.0827937988,Voter,15,5,6.,1,false,true,false,false,38.,34.,16.,16.,10.2203829988
1.0827937988,Voter,15,5,11.,1,false,true,false,false,38.,34.,16.,16.,10.4707296374
1.0827937988,Voter,15,5,16.,1,false,true,false,false,38.,34.,16.,16.,10.4768618381
1.0827937988,Voter,15,5,21.,1,false,true,false,false,38.,34.,16.,16.,10.4770120453
1.0827937988,Voter,15,5,26.,1,false,true,false,false,38.,34.,16.,16.,10.4770157246
1.0827937988,Voter,15,5,31.,1,false,true,false,false,38.,34.,16.,16.,10.4770158148
1.0827937988,Voter,15,5,36.,1,false,true,false,false,38.,34.,16.,16.,10.477015817
1.0827937988,Voter,15,5,41.,1,false,true,false,false,38.,34.,16.,16.,10.477015817
1.0827937988,Voter,15,5,46.,1,false,true,false,false,38.,34.,16.,16.,10.477015817
1.0827937988,Voter,15,5,51.,1,false,true,false,false,38.,34.,16.,16.,10.477015817
0.920083718011,Sample,15,3,1.,1,false,true,false,false,6.,6.,12.,12.,0.
0.920083718011,Sample,15,3,6.,1,false,true,false,false,10.,10.,8.,8.,9.35786021358
0.920083718011,Sample,15,3,11.,1,false,true,false,false,10.,10.,8.,8.,9.49840209066
0.920083718011,Sample,15,3,16.,1,false,true,false,false,10.,10.,8.,8.,9.50051283166
0.920083718011,Sample,15,3,21.,1,false,true,false,false,10.,10.,8.,8.,9.50054453202
0.920083718011,Sample,15,3,26.,1,false,true,false,false,10.,10.,8.,8.,9.50054500811
0.920083718011,Sample,15,3,31.,1,false,true,false,false,10.,10.,8.,8.,9.50054501526
0.920083718011,Sample,15,3,36.,1,false,true,false,false,10.,10.,8.,8.,9.50054501537
0.920083718011,Sample,15,3,41.,1,false,true,false,false,10.,10.,8.,8.,9.50054501537
0.920083718011,Sample,15,3,46.,1,false,true,false,false,10.,10.,8.,8.,9.50054501537
0.920083718011,Sample,15,3,51.,1,false,true,false,false,10.,10.,8.,8.,9.50054501537
1.11541829282,Voter,15,7,1.,1,false,true,false,false,46.,40.,58.,48.,0.
1.11541829282,Voter,15,7,6.,1,false,true,false,false,94.,84.,66.,56.,10.370842458
1.11541829282,Voter,15,7,11.,1,false,true,false,false,94.,84.,70.,60.,10.6471623031
1.11541829282,Voter,15,7,16.,1,false,true,false,false,94.,84.,70.,60.,10.6545245456
1.11541829282,Voter,15,7,21.,1,false,true,false,false,94.,84.,70.,60.,10.6547207045
1.11541829282,Voter,15,7,26.,1,false,true,false,false,94.,84.,70.,60.,10.654725931
1.11541829282,Voter,15,7,31.,1,false,true,false,false,94.,84.,70.,60.,10.6547260702
1.11541829282,Voter,15,7,36.,1,false,true,false,false,94.,84.,70.,60.,10.654726074
1.11541829282,Voter,15,7,41.,1,false,true,false,false,94.,84.,70.,60.,10.6547260741
1.11541829282,Voter,15,7,46.,1,false,true,false,false,94.,84.,70.,60.,10.6547260741
1.11541829282,Voter,15,7,51.,1,false,true,false,false,94.,84.,70.,60.,10.6547260741
1.24292947476,Sample,15,4,1.,1,false,true,false,false,6.,6.,26.,24.,0.
1.24292947476,Sample,15,4,6.,1,false,true,false,false,28.,24.,24.,24.,10.8957931668
1.24292947476,Sample,15,4,11.,1,false,true,false,false,34.,30.,22.,22.,11.285269953
1.24292947476,Sample,15,4,16.,1,false,true,false,false,34.,30.,22.,22.,11.2991920387
1.24292947476,Sample,15,4,21.,1,false,true,false,false,34.,30.,22.,22.,11.2996896922
1.24292947476,Sample,15,4,26.,1,false,true,false,false,34.,30.,22.,22.,11.2997074811
1.24292947476,Sample,15,4,31.,1,false,true,false,false,34.,30.,22.,22.,11.299708117
1.24292947476,Sample,15,4,36.,1,false,true,false,false,34.,30.,22.,22.,11.2997081397
1.24292947476,Sample,15,4,41.,1,false,true,false,false,34.,30.,22.,22.,11.2997081406
1.24292947476,Sample,15,4,46.,1,false,true,false,false,34.,30.,22.,22.,11.2997081406
1.24292947476,Sample,15,4,51.,1,false,true,false,false,34.,30.,22.,22.,11.2997081406
0.924079648249,Voter,15,3,1.,1,false,true,false,false,2.,2.,4.,4.,0.
0.924079648249,Voter,15,3,6.,1,false,true,false,false,6.,6.,0.,0.,9.38146386041
0.924079648249,Voter,15,3,11.,1,false,true,false,false,6.,6.,0.,0.,9.52429567457
0.924079648249,Voter,15,3,16.,1,false,true,false,false,6.,6.,0.,0.,9.52647027413
0.924079648249,Voter,15,3,21.,1,false,true,false,false,6.,6.,0.,0.,9.52650338218
0.924079648249,Voter,15,3,26.,1,false,true,false,false,6.,6.,0.,0.,9.52650388625
0.924079648249,Voter,15,3,31.,1,false,true,false,false,6.,6.,0.,0.,9.52650389392
0.924079648249,Voter,15,3,36.,1,false,true,false,false,6.,6.,0.,0.,9.52650389404
0.924079648249,Voter,15,3,41.,1,false,true,false,false,6.,6.,0.,0.,9.52650389404
0.924079648249,Voter,15,3,46.,1,false,true,false,false,6.,6.,0.,0.,9.52650389404
0.924079648249,Voter,15,3,51.,1,false,true,false,false,6.,6.,0.,0.,9.52650389404
1.35238135402,Sample,15,6,1.,1,false,true,false,false,12.,12.,76.,62.,0.
1.35238135402,Sample,15,6,6.,1,false,true,false,false,50.,50.,66.,60.,11.2744029375
1.35238135402,Sample,15,6,11.,1,false,true,false,false,56.,54.,68.,62.,11.7743723545
1.35238135402,Sample,15,6,16.,1,false,true,false,false,56.,54.,68.,62.,11.7965437652
1.35238135402,Sample,15,6,21.,1,false,true,false,false,56.,54.,68.,62.,11.7975269683
1.35238135402,Sample,15,6,26.,1,false,true,false,false,56.,54.,68.,62.,11.7975705689
1.35238135402,Sample,15,6,31.,1,false,true,false,false,56.,54.,68.,62.,11.7975725024
1.35238135402,Sample,15,6,36.,1,false,true,false,false,56.,54.,68.,62.,11.7975725882
1.35238135402,Sample,15,6,41.,1,false,true,false,false,56.,54.,68.,62.,11.797572592
1.35238135402,Sample,15,6,46.,1,false,true,false,false,56.,54.,68.,62.,11.7975725921
1.35238135402,Sample,15,6,51.,1,false,true,false,false,56.,54.,68.,62.,11.7975725921
1.24713608007,Sample,15,6,1.,1,false,true,false,false,34.,32.,70.,64.,0.
1.24713608007,Sample,15,6,6.,1,false,true,false,false,132.,98.,120.,96.,10.9115087936
1.24713608007,Sample,15,6,11.,1,false,true,false,false,134.,100.,122.,98.,11.305016694
1.24713608007,Sample,15,6,16.,1,false,true,false,false,134.,100.,122.,98.,11.3192079915
1.24713608007,Sample,15,6,21.,1,false,true,false,false,134.,100.,122.,98.,11.3197197803
1.24713608007,Sample,15,6,26.,1,false,true,false,false,134.,100.,122.,98.,11.3197382372
1.24713608007,Sample,15,6,31.,1,false,true,false,false,134.,100.,122.,98.,11.3197389028
1.24713608007,Sample,15,6,36.,1,false,true,false,false,134.,100.,122.,98.,11.3197389268
1.24713608007,Sample,15,6,41.,1,false,true,false,false,134.,100.,122.,98.,11.3197389277
1.24713608007,Sample,15,6,46.,1,false,true,false,false,134.,100.,122.,98.,11.3197389277
1.24713608007,Sample,15,6,51.,1,false,true,false,false,134.,100.,122.,98.,11.3197389277
0.804896093858,Sample,15,4,1.,1,false,true,false,false,4.,4.,22.,20.,0.
0.804896093858,Sample,15,4,6.,1,false,true,false,false,28.,24.,18.,18.,8.61853104406
0.804896093858,Sample,15,4,11.,1,false,true,false,false,28.,24.,18.,18.,8.70201898611
0.804896093858,Sample,15,4,16.,1,false,true,false,false,28.,24.,18.,18.,8.70282773605
0.804896093858,Sample,15,4,21.,1,false,true,false,false,28.,24.,18.,18.,8.70283557043
0.804896093858,Sample,15,4,26.,1,false,true,false,false,28.,24.,18.,18.,8.70283564632
0.804896093858,Sample,15,4,31.,1,false,true,false,false,28.,24.,18.,18.,8.70283564706
0.804896093858,Sample,15,4,36.,1,false,true,false,false,28.,24.,18.,18.,8.70283564707
0.804896093858,Sample,15,4,41.,1,false,true,false,false,28.,24.,18.,18.,8.70283564707
0.804896093858,Sample,15,4,46.,1,false,true,false,false,28.,24.,18.,18.,8.70283564707
0.804896093858,Sample,15,4,51.,1,false,true,false,false,28.,24.,18.,18.,8.70283564707
1.1523987629,Voter,15,4,1.,1,false,true,false,false,18.,18.,26.,22.,0.
1.1523987629,Voter,15,4,6.,1,false,true,false,false,26.,24.,18.,18.,10.5331445407
1.1523987629,Voter,15,4,11.,1,false,true,false,false,26.,24.,18.,18.,10.8404167194
1.1523987629,Voter,15,4,16.,1,false,true,false,false,26.,24.,18.,18.,10.8493804426
1.1523987629,Voter,15,4,21.,1,false,true,false,false,26.,24.,18.,18.,10.8496419317
1.1523987629,Voter,15,4,26.,1,false,true,false,false,26.,24.,18.,18.,10.8496495598
1.1523987629,Voter,15,4,31.,1,false,true,false,false,26.,24.,18.,18.,10.8496497824
1.1523987629,Voter,15,4,36.,1,false,true,false,false,26.,24.,18.,18.,10.8496497889
1.1523987629,Voter,15,4,41.,1,false,true,false,false,26.,24.,18.,18.,10.849649789
1.1523987629,Voter,15,4,46.,1,false,true,false,false,26.,24.,18.,18.,10.8496497891
1.1523987629,Voter,15,4,51.,1,false,true,false,false,26.,24.,18.,18.,10.8496497891
0.886675893741,Sample,15,3,1.,1,false,true,false,false,8.,8.,16.,14.,0.
0.886675893741,Sample,15,3,6.,1,false,true,false,false,14.,12.,14.,14.,9.15534768018
0.886675893741,Sample,15,3,11.,1,false,true,false,false,14.,12.,14.,14.,9.27756068651
0.886675893741,Sample,15,3,16.,1,false,true,false,false,14.,12.,14.,14.,9.27919208484
0.886675893741,Sample,15,3,21.,1,false,true,false,false,14.,12.,14.,14.,9.27921386206
0.886675893741,Sample,15,3,26.,1,false,true,false,false,14.,12.,14.,14.,9.27921415276
0.886675893741,Sample,15,3,31.,1,false,true,false,false,14.,12.,14.,14.,9.27921415664
0.886675893741,Sample,15,3,36.,1,false,true,false,false,14.,12.,14.,14.,9.2792141567
0.886675893741,Sample,15,3,41.,1,false,true,false,false,14.,12.,14.,14.,9.2792141567
0.886675893741,Sample,15,3,46.,1,false,true,false,false,14.,12.,14.,14.,9.2792141567
0.886675893741,Sample,15,3,51.,1,false,true,false,false,14.,12.,14.,14.,9.2792141567
1.24938178586,Sample,15,6,1.,1,false,true,false,false,12.,12.,64.,60.,0.
1.24938178586,Sample,15,6,6.,1,false,true,false,false,136.,112.,152.,114.,10.9198589275
1.24938178586,Sample,15,6,11.,1,false,true,false,false,156.,124.,148.,118.,11.3155262344
1.24938178586,Sample,15,6,16.,1,false,true,false,false,156.,124.,148.,118.,11.3298627399
1.24938178586,Sample,15,6,21.,1,false,true,false,false,156.,124.,148.,118.,11.3303822051
1.24938178586,Sample,15,6,26.,1,false,true,false,false,156.,124.,148.,118.,11.3304010272
1.24938178586,Sample,15,6,31.,1,false,true,false,false,156.,124.,148.,118.,11.3304017092
1.24938178586,Sample,15,6,36.,1,false,true,false,false,156.,124.,148.,118.,11.3304017339
1.24938178586,Sample,15,6,41.,1,false,true,false,false,156.,124.,148.,118.,11.3304017348
1.24938178586,Sample,15,6,46.,1,false,true,false,false,156.,124.,148.,118.,11.3304017349
1.24938178586,Sample,15,6,51.,1,false,true,false,false,156.,124.,148.,118.,11.3304017349
0.981830277309,Voter,15,4,1.,1,false,true,false,false,36.,34.,66.,54.,0.
0.981830277309,Voter,15,4,6.,1,false,true,false,false,60.,52.,70.,56.,9.70840566442
0.981830277309,Voter,15,4,11.,1,false,true,false,false,62.,54.,72.,58.,9.88664848805
0.981830277309,Voter,15,4,16.,1,false,true,false,false,62.,54.,72.,58.,9.88992096195
0.981830277309,Voter,15,4,21.,1,false,true,false,false,62.,54.,72.,58.,9.88998104339
0.981830277309,Voter,15,4,26.,1,false,true,false,false,62.,54.,72.,58.,9.88998214647
0.981830277309,Voter,15,4,31.,1,false,true,false,false,62.,54.,72.,58.,9.88998216672
0.981830277309,Voter,15,4,36.,1,false,true,false,false,62.,54.,72.,58.,9.88998216709
0.981830277309,Voter,15,4,41.,1,false,true,false,false,62.,54.,72.,58.,9.8899821671
0.981830277309,Voter,15,4,46.,1,false,true,false,false,62.,54.,72.,58.,9.8899821671
0.981830277309,Voter,15,4,51.,1,false,true,false,false,62.,54.,72.,58.,9.8899821671
0.849595812537,Sample,15,7,1.,1,false,true,false,false,54.,44.,102.,80.,0.
0.849595812537,Sample,15,7,6.,1,false,true,false,false,178.,140.,162.,130.,8.91939803737
0.849595812537,Sample,15,7,11.,1,false,true,false,false,184.,142.,160.,130.,9.02297514843
0.849595812537,Sample,15,7,16.,1,false,true,false,false,184.,142.,160.,130.,9.02417794462
0.849595812537,Sample,15,7,21.,1,false,true,false,false,184.,142.,160.,130.,9.02419191217
0.849595812537,Sample,15,7,26.,1,false,true,false,false,184.,142.,160.,130.,9.02419207437
0.849595812537,Sample,15,7,31.,1,false,true,false,false,184.,142.,160.,130.,9.02419207625
0.849595812537,Sample,15,7,36.,1,false,true,false,false,184.,142.,160.,130.,9.02419207628
0.849595812537,Sample,15,7,41.,1,false,true,false,false,184.,142.,160.,130.,9.02419207628
0.849595812537,Sample,15,7,46.,1,false,true,false,false,184.,142.,160.,130.,9.02419207628
0.849595812537,Sample,15,7,51.,1,false,true,false,false,184.,142.,160.,130.,9.02419207628
1.1527660781,Voter,15,3,1.,1,false,true,false,false,14.,12.,28.,26.,0.
1.1527660781,Voter,15,3,6.,1,false,true,false,false,24.,22.,26.,24.,10.5347139184
1.1527660781,Voter,15,3,11.,1,false,true,false,false,24.,22.,26.,24.,10.84230142
1.1527660781,Voter,15,3,16.,1,false,true,false,false,24.,22.,26.,24.,10.8512822117
1.1527660781,Voter,15,3,21.,1,false,true,false,false,24.,22.,26.,24.,10.8515444285
1.1527660781,Voter,15,3,26.,1,false,true,false,false,24.,22.,26.,24.,10.8515520846
1.1527660781,Voter,15,3,31.,1,false,true,false,false,24.,22.,26.,24.,10.8515523081
1.1527660781,Voter,15,3,36.,1,false,true,false,false,24.,22.,26.,24.,10.8515523147
1.1527660781,Voter,15,3,41.,1,false,true,false,false,24.,22.,26.,24.,10.8515523149
1.1527660781,Voter,15,3,46.,1,false,true,false,false,24.,22.,26.,24.,10.8515523149
1.1527660781,Voter,15,3,51.,1,false,true,false,false,24.,22.,26.,24.,10.8515523149
1.06367150232,Voter,15,7,1.,1,false,true,false,false,44.,42.,82.,76.,0.
1.06367150232,Voter,15,7,6.,1,false,true,false,false,98.,84.,76.,64.,10.1289072725
1.06367150232,Voter,15,7,11.,1,false,true,false,false,100.,86.,78.,66.,10.3646257697
1.06367150232,Voter,15,7,16.,1,false,true,false,false,100.,86.,78.,66.,10.3701113773
1.06367150232,Voter,15,7,21.,1,false,true,false,false,100.,86.,78.,66.,10.3702390376
1.06367150232,Voter,15,7,26.,1,false,true,false,false,100.,86.,78.,66.,10.3702420084
1.06367150232,Voter,15,7,31.,1,false,true,false,false,100.,86.,78.,66.,10.3702420776
1.06367150232,Voter,15,7,36.,1,false,true,false,false,100.,86.,78.,66.,10.3702420792
1.06367150232,Voter,15,7,41.,1,false,true,false,false,100.,86.,78.,66.,10.3702420792
1.06367150232,Voter,15,7,46.,1,false,true,false,false,100.,86.,78.,66.,10.3702420792
1.06367150232,Voter,15,7,51.,1,false,true,false,false,100.,86.,78.,66.,10.3702420792
0.979426007501,Sample,15,3,1.,1,false,true,false,false,10.,10.,18.,18.,0.
0.979426007501,Sample,15,3,6.,1,false,true,false,false,26.,24.,22.,22.,9.69531079548
0.979426007501,Sample,15,3,11.,1,false,true,false,false,26.,24.,22.,22.,9.8719934351
0.979426007501,Sample,15,3,16.,1,false,true,false,false,26.,24.,22.,22.,9.8752132138
0.979426007501,Sample,15,3,21.,1,false,true,false,false,26.,24.,22.,22.,9.87527188948
0.979426007501,Sample,15,3,26.,1,false,true,false,false,26.,24.,22.,22.,9.87527295876
0.979426007501,Sample,15,3,31.,1,false,true,false,false,26.,24.,22.,22.,9.87527297824
0.979426007501,Sample,15,3,36.,1,false,true,false,false,26.,24.,22.,22.,9.8752729786
0.979426007501,Sample,15,3,41.,1,false,true,false,false,26.,24.,22.,22.,9.8752729786
0.979426007501,Sample,15,3,46.,1,false,true,false,false,26.,24.,22.,22.,9.8752729786
0.979426007501,Sample,15,3,51.,1,false,true,false,false,26.,24.,22.,22.,9.8752729786
0.91826649128,Voter,15,7,1.,1,false,true,false,false,42.,40.,84.,70.,0.
0.91826649128,Voter,15,7,6.,1,false,true,false,false,94.,74.,76.,66.,9.34708283397
0.91826649128,Voter,15,7,11.,1,false,true,false,false,94.,76.,76.,66.,9.48659020932
0.91826649128,Voter,15,7,16.,1,false,true,false,false,94.,76.,76.,66.,9.48867238919
0.91826649128,Voter,15,7,21.,1,false,true,false,false,94.,76.,76.,66.,9.48870346621
0.91826649128,Voter,15,7,26.,1,false,true,false,false,94.,76.,76.,66.,9.48870393004
0.91826649128,Voter,15,7,31.,1,false,true,false,false,94.,76.,76.,66.,9.48870393696
0.91826649128,Voter,15,7,36.,1,false,true,false,false,94.,76.,76.,66.,9.48870393707
0.91826649128,Voter,15,7,41.,1,false,true,false,false,94.,76.,76.,66.,9.48870393707
0.91826649128,Voter,15,7,46.,1,false,true,false,false,94.,76.,76.,66.,9.48870393707
0.91826649128,Voter,15,7,51.,1,false,true,false,false,94.,76.,76.,66.,9.48870393707
1.20830823866,Voter,15,7,1.,1,false,true,false,false,32.,28.,90.,84.,0.
1.20830823866,Voter,15,7,6.,1,false,true,false,false,108.,84.,78.,66.,10.7627070426
1.20830823866,Voter,15,7,11.,1,false,true,false,false,108.,84.,78.,66.,11.1197041806
1.20830823866,Voter,15,7,16.,1,false,true,false,false,108.,84.,78.,66.,11.1315457142
1.20830823866,Voter,15,7,21.,1,false,true,false,false,108.,84.,78.,66.,11.1319384958
1.20830823866,Voter,15,7,26.,1,false,true,false,false,108.,84.,78.,66.,11.1319515243
1.20830823866,Voter,15,7,31.,1,false,true,false,false,108.,84.,78.,66.,11.1319519564
1.20830823866,Voter,15,7,36.,1,false,true,false,false,108.,84.,78.,66.,11.1319519708
1.20830823866,Voter,15,7,41.,1,false,true,false,false,108.,84.,78.,66.,11.1319519713
1.20830823866,Voter,15,7,46.,1,false,true,false,false,108.,84.,78.,66.,11.1319519713
1.20830823866,Voter,15,7,51.,1,false,true,false,false,108.,84.,78.,66.,11.1319519713
1.03636337529,Sample,15,4,1.,1,false,true,false,false,6.,6.,20.,18.,0.
1.03636337529,Sample,15,4,6.,1,false,true,false,false,28.,26.,18.,18.,9.99392346378
1.03636337529,Sample,15,4,11.,1,false,true,false,false,28.,26.,18.,18.,10.2095301887
1.03636337529,Sample,15,4,16.,1,false,true,false,false,28.,26.,18.,18.,10.2141816412
1.03636337529,Sample,15,4,21.,1,false,true,false,false,28.,26.,18.,18.,10.2142819906
1.03636337529,Sample,15,4,26.,1,false,true,false,false,28.,26.,18.,18.,10.2142841555
1.03636337529,Sample,15,4,31.,1,false,true,false,false,28.,26.,18.,18.,10.2142842022
1.03636337529,Sample,15,4,36.,1,false,true,false,false,28.,26.,18.,18.,10.2142842033
1.03636337529,Sample,15,4,41.,1,false,true,false,false,28.,26.,18.,18.,10.2142842033
1.03636337529,Sample,15,4,46.,1,false,true,false,false,28.,26.,18.,18.,10.2142842033
1.03636337529,Sample,15,4,51.,1,false,true,false,false,28.,26.,18.,18.,10.2142842033
0.821471168109,Sample,15,6,1.,1,false,true,false,false,36.,34.,76.,66.,0.
0.821471168109,Sample,15,6,6.,1,false,true,false,false,142.,104.,142.,102.,8.73225102149
0.821471168109,Sample,15,6,11.,1,false,true,false,false,142.,104.,142.,102.,8.82288693758
0.821471168109,Sample,15,6,16.,1,false,true,false,false,142.,104.,142.,102.,8.82382768806
0.821471168109,Sample,15,6,21.,1,false,true,false,false,142.,104.,142.,102.,8.82383745252
0.821471168109,Sample,15,6,26.,1,false,true,false,false,142.,104.,142.,102.,8.82383755387
0.821471168109,Sample,15,6,31.,1,false,true,false,false,142.,104.,142.,102.,8.82383755492
0.821471168109,Sample,15,6,36.,1,false,true,false,false,142.,104.,142.,102.,8.82383755494
0.821471168109,Sample,15,6,41.,1,false,true,false,false,142.,104.,142.,102.,8.82383755494
0.821471168109,Sample,15,6,46.,1,false,true,false,false,142.,104.,142.,102.,8.82383755494
0.821471168109,Sample,15,6,51.,1,false,true,false,false,142.,104.,142.,102.,8.82383755494
1.15438152433,Sample,15,3,1.,1,false,true,false,false,0.,0.,12.,12.,0.
1.15438152433,Sample,15,3,6.,1,false,true,false,false,12.,12.,8.,8.,10.5416061985
1.15438152433,Sample,15,3,11.,1,false,true,false,false,12.,12.,8.,8.,10.8505823027
1.15438152433,Sample,15,3,16.,1,false,true,false,false,12.,12.,8.,8.,10.85963844
1.15438152433,Sample,15,3,21.,1,false,true,false,false,12.,12.,8.,8.,10.8599038767
1.15438152433,Sample,15,3,26.,1,false,true,false,false,12.,12.,8.,8.,10.8599116567
1.15438152433,Sample,15,3,31.,1,false,true,false,false,12.,12.,8.,8.,10.8599118848
1.15438152433,Sample,15,3,36.,1,false,true,false,false,12.,12.,8.,8.,10.8599118915
1.15438152433,Sample,15,3,41.,1,false,true,false,false,12.,12.,8.,8.,10.8599118916
1.15438152433,Sample,15,3,46.,1,false,true,false,false,12.,12.,8.,8.,10.8599118917
1.15438152433,Sample,15,3,51.,1,false,true,false,false,12.,12.,8.,8.,10.8599118917
1.32906846301,Voter,15,4,1.,1,false,true,false,false,14.,14.,22.,22.,0.
1.32906846301,Voter,15,4,6.,1,false,true,false,false,24.,22.,12.,12.,11.198871931
1.32906846301,Voter,15,4,11.,1,false,true,false,false,24.,22.,12.,12.,11.6743667079
1.32906846301,Voter,15,4,16.,1,false,true,false,false,24.,22.,12.,12.,11.6945558202
1.32906846301,Voter,15,4,21.,1,false,true,false,false,24.,22.,12.,12.,11.6954130331
1.32906846301,Voter,15,4,26.,1,false,true,false,false,24.,22.,12.,12.,11.6954494296
1.32906846301,Voter,15,4,31.,1,false,true,false,false,24.,22.,12.,12.,11.695450975
1.32906846301,Voter,15,4,36.,1,false,true,false,false,24.,22.,12.,12.,11.6954510406
1.32906846301,Voter,15,4,41.,1,false,true,false,false,24.,22.,12.,12.,11.6954510434
1.32906846301,Voter,15,4,46.,1,false,true,false,false,24.,22.,12.,12.,11.6954510435
1.32906846301,Voter,15,4,51.,1,false,true,false,false,24.,22.,12.,12.,11.6954510435
1.05504811638,Sample,15,6,1.,1,false,true,false,false,14.,14.,54.,46.,0.
1.05504811638,Sample,15,6,6.,1,false,true,false,false,90.,68.,66.,58.,10.0868409626
1.05504811638,Sample,15,6,11.,1,false,true,false,false,94.,70.,66.,56.,10.3161089984
1.05504811638,Sample,15,6,16.,1,false,true,false,false,94.,70.,66.,56.,10.3213201277
1.05504811638,Sample,15,6,21.,1,false,true,false,false,94.,70.,66.,56.,10.3214385736
1.05504811638,Sample,15,6,26.,1,false,true,false,false,94.,70.,66.,56.,10.3214412658
1.05504811638,Sample,15,6,31.,1,false,true,false,false,94.,70.,66.,56.,10.321441327
1.05504811638,Sample,15,6,36.,1,false,true,false,false,94.,70.,66.,56.,10.3214413284
1.05504811638,Sample,15,6,41.,1,false,true,false,false,94.,70.,66.,56.,10.3214413284
1.05504811638,Sample,15,6,46.,1,false,true,false,false,94.,70.,66.,56.,10.3214413284
1.05504811638,Sample,15,6,51.,1,false,true,false,false,94.,70.,66.,56.,10.3214413284
1.27362231633,Voter,15,7,1.,1,false,true,false,false,40.,38.,96.,82.,0.
1.27362231633,Voter,15,7,6.,1,false,true,false,false,92.,74.,60.,54.,11.0082544927
1.27362231633,Voter,15,7,11.,1,false,true,false,false,92.,74.,60.,54.,11.4275537669
1.27362231633,Voter,15,7,16.,1,false,true,false,false,92.,74.,60.,54.,11.4435246805
1.27362231633,Voter,15,7,21.,1,false,true,false,false,92.,74.,60.,54.,11.4441330051
1.27362231633,Voter,15,7,26.,1,false,true,false,false,92.,74.,60.,54.,11.4441561759
1.27362231633,Voter,15,7,31.,1,false,true,false,false,92.,74.,60.,54.,11.4441570585
1.27362231633,Voter,15,7,36.,1,false,true,false,false,92.,74.,60.,54.,11.4441570921
1.27362231633,Voter,15,7,41.,1,false,true,false,false,92.,74.,60.,54.,11.4441570934
1.27362231633,Voter,15,7,46.,1,false,true,false,false,92.,74.,60.,54.,11.4441570934
1.27362231633,Voter,15,7,51.,1,false,true,false,false,92.,74.,60.,54.,11.4441570934
1.1533872605,Sample,15,4,1.,1,false,true,false,false,16.,16.,30.,28.,0.
1.1533872605,Sample,15,4,6.,1,false,true,false,false,34.,32.,32.,32.,10.5373660772
1.1533872605,Sample,15,4,11.,1,false,true,false,false,36.,34.,30.,30.,10.8454871834
1.1533872605,Sample,15,4,16.,1,false,true,false,false,36.,34.,30.,30.,10.8544968938
1.1533872605,Sample,15,4,21.,1,false,true,false,false,36.,34.,30.,30.,10.854760345
1.1533872605,Sample,15,4,26.,1,false,true,false,false,36.,34.,30.,30.,10.8547680485
1.1533872605,Sample,15,4,31.,1,false,true,false,false,36.,34.,30.,30.,10.8547682738
1.1533872605,Sample,15,4,36.,1,false,true,false,false,36.,34.,30.,30.,10.8547682803
1.1533872605,Sample,15,4,41.,1,false,true,false,false,36.,34.,30.,30.,10.8547682805
1.1533872605,Sample,15,4,46.,1,false,true,false,false,36.,34.,30.,30.,10.8547682805
1.1533872605,Sample,15,4,51.,1,false,true,false,false,36.,34.,30.,30.,10.8547682805
1.27114652868,Voter,15,3,1.,1,false,true,false,false,2.,2.,8.,8.,0.
1.27114652868,Voter,15,3,6.,1,false,true,false,false,12.,12.,2.,2.,10.9993706882
1.27114652868,Voter,15,3,11.,1,false,true,false,false,12.,12.,2.,2.,11.4162295109
1.27114652868,Voter,15,3,16.,1,false,true,false,false,12.,12.,2.,2.,11.4320278037
1.27114652868,Voter,15,3,21.,1,false,true,false,false,12.,12.,2.,2.,11.4326265341
1.27114652868,Voter,15,3,26.,1,false,true,false,false,12.,12.,2.,2.,11.432649225
1.27114652868,Voter,15,3,31.,1,false,true,false,false,12.,12.,2.,2.,11.4326500849
1.27114652868,Voter,15,3,36.,1,false,true,false,false,12.,12.,2.,2.,11.4326501175
1.27114652868,Voter,15,3,41.,1,false,true,false,false,12.,12.,2.,2.,11.4326501188
1.27114652868,Voter,15,3,46.,1,false,true,false,false,12.,12.,2.,2.,11.4326501188
1.27114652868,Voter,15,3,51.,1,false,true,false,false,12.,12.,2.,2.,11.4326501188
1.08527676622,Voter,15,7,1.,1,false,true,false,false,30.,30.,52.,46.,0.
1.08527676622,Voter,15,7,6.,1,false,true,false,false,70.,62.,28.,28.,10.2320804598
1.08527676622,Voter,15,7,11.,1,false,true,false,false,70.,62.,28.,28.,10.4843590608
1.08527676622,Voter,15,7,16.,1,false,true,false,false,70.,62.,28.,28.,10.4905791539
1.08527676622,Voter,15,7,21.,1,false,true,false,false,70.,62.,28.,28.,10.4907325143
1.08527676622,Voter,15,7,26.,1,false,true,false,false,70.,62.,28.,28.,10.4907362955
1.08527676622,Voter,15,7,31.,1,false,true,false,false,70.,62.,28.,28.,10.4907363887
1.08527676622,Voter,15,7,36.,1,false,true,false,false,70.,62.,28.,28.,10.490736391
1.08527676622,Voter,15,7,41.,1,false,true,false,false,70.,62.,28.,28.,10.4907363911
1.08527676622,Voter,15,7,46.,1,false,true,false,false,70.,62.,28.,28.,10.4907363911
1.08527676622,Voter,15,7,51.,1,false,true,false,false,70.,62.,28.,28.,10.4907363911
1.0706905658,Voter,15,7,1.,1,false,true,false,false,92.,74.,118.,98.,0.
1.0706905658,Voter,15,7,6.,1,false,true,false,false,136.,108.,126.,108.,10.1627718417
1.0706905658,Voter,15,7,11.,1,false,true,false,false,136.,108.,126.,108.,10.4038080409
1.0706905658,Voter,15,7,16.,1,false,true,false,false,136.,108.,126.,108.,10.4095248326
1.0706905658,Voter,15,7,21.,1,false,true,false,false,136.,108.,126.,108.,10.4096604209
1.0706905658,Voter,15,7,26.,1,false,true,false,false,136.,108.,126.,108.,10.4096636368
1.0706905658,Voter,15,7,31.,1,false,true,false,false,136.,108.,126.,108.,10.409663713
1.0706905658,Voter,15,7,36.,1,false,true,false,false,136.,108.,126.,108.,10.4096637148
1.0706905658,Voter,15,7,41.,1,false,true,false,false,136.,108.,126.,108.,10.4096637149
1.0706905658,Voter,15,7,46.,1,false,true,false,false,136.,108.,126.,108.,10.4096637149
1.0706905658,Voter,15,7,51.,1,false,true,false,false,136.,108.,126.,108.,10.4096637149
1.38276508088,Sample,15,3,1.,1,false,true,false,false,2.,2.,6.,6.,0.
1.38276508088,Sample,15,3,6.,1,false,true,false,false,10.,10.,6.,6.,11.3689153172
1.38276508088,Sample,15,3,11.,1,false,true,false,false,12.,12.,8.,8.,11.901493551
1.38276508088,Sample,15,3,16.,1,false,true,false,false,12.,12.,8.,8.,11.9264422438
1.38276508088,Sample,15,3,21.,1,false,true,false,false,12.,12.,8.,8.,11.9276109684
1.38276508088,Sample,15,3,26.,1,false,true,false,false,12.,12.,8.,8.,11.9276657174
1.38276508088,Sample,15,3,31.,1,false,true,false,false,12.,12.,8.,8.,11.9276682821
1.38276508088,Sample,15,3,36.,1,false,true,false,false,12.,12.,8.,8.,11.9276684023
1.38276508088,Sample,15,3,41.,1,false,true,false,false,12.,12.,8.,8.,11.9276684079
1.38276508088,Sample,15,3,46.,1,false,true,false,false,12.,12.,8.,8.,11.9276684082
1.38276508088,Sample,15,3,51.,1,false,true,false,false,12.,12.,8.,8.,11.9276684082
1.38622932883,Sample,15,6,1.,1,false,true,false,false,16.,16.,80.,74.,0.
1.38622932883,Sample,15,6,6.,1,false,true,false,false,212.,158.,244.,176.,11.3794153683
1.38622932883,Sample,15,6,11.,1,false,true,false,false,230.,172.,254.,186.,11.9157610751
1.38622932883,Sample,15,6,16.,1,false,true,false,false,230.,172.,254.,186.,11.9410406442
1.38622932883,Sample,15,6,21.,1,false,true,false,false,230.,172.,254.,186.,11.9422321455
1.38622932883,Sample,15,6,26.,1,false,true,false,false,230.,172.,254.,186.,11.9422883045
1.38622932883,Sample,15,6,31.,1,false,true,false,false,230.,172.,254.,186.,11.9422909515
1.38622932883,Sample,15,6,36.,1,false,true,false,false,230.,172.,254.,186.,11.9422910762
1.38622932883,Sample,15,6,41.,1,false,true,false,false,230.,172.,254.,186.,11.9422910821
1.38622932883,Sample,15,6,46.,1,false,true,false,false,230.,172.,254.,186.,11.9422910824
1.38622932883,Sample,15,6,51.,1,false,true,false,false,230.,172.,254.,186.,11.9422910824
0.94062301402,Sample,15,7,1.,1,false,true,false,false,58.,52.,116.,90.,0.
0.94062301402,Sample,15,7,6.,1,false,true,false,false,206.,158.,204.,152.,9.47780891457
0.94062301402,Sample,15,7,11.,1,false,true,false,false,206.,158.,204.,152.,9.6303425896
0.94062301402,Sample,15,7,16.,1,false,true,false,false,206.,158.,204.,152.,9.63279743146
0.94062301402,Sample,15,7,21.,1,false,true,false,false,206.,158.,204.,152.,9.63283693912
0.94062301402,Sample,15,7,26.,1,false,true,false,false,206.,158.,204.,152.,9.63283757495
0.94062301402,Sample,15,7,31.,1,false,true,false,false,206.,158.,204.,152.,9.63283758518
0.94062301402,Sample,15,7,36.,1,false,true,false,false,206.,158.,204.,152.,9.63283758534
0.94062301402,Sample,15,7,41.,1,false,true,false,false,206.,158.,204.,152.,9.63283758535
0.94062301402,Sample,15,7,46.,1,false,true,false,false,206.,158.,204.,152.,9.63283758535
0.94062301402,Sample,15,7,51.,1,false,true,false,false,206.,158.,204.,152.,9.63283758535
0.88309757868,Sample,15,7,1.,1,false,true,false,false,66.,54.,128.,102.,0.
0.88309757868,Sample,15,7,6.,1,false,true,false,false,178.,148.,160.,136.,9.13309875631
0.88309757868,Sample,15,7,11.,1,false,true,false,false,180.,150.,162.,136.,9.25343505887
0.88309757868,Sample,15,7,16.,1,false,true,false,false,180.,150.,162.,136.,9.25502059146
0.88309757868,Sample,15,7,21.,1,false,true,false,false,180.,150.,162.,136.,9.2550414822
0.88309757868,Sample,15,7,26.,1,false,true,false,false,180.,150.,162.,136.,9.25504175745
0.88309757868,Sample,15,7,31.,1,false,true,false,false,180.,150.,162.,136.,9.25504176108
0.88309757868,Sample,15,7,36.,1,false,true,false,false,180.,150.,162.,136.,9.25504176112
0.88309757868,Sample,15,7,41.,1,false,true,false,false,180.,150.,162.,136.,9.25504176112
0.88309757868,Sample,15,7,46.,1,false,true,false,false,180.,150.,162.,136.,9.25504176112
0.88309757868,Sample,15,7,51.,1,false,true,false,false,180.,150.,162.,136.,9.25504176112
0.906725387092,Voter,15,3,1.,1,false,true,false,false,10.,10.,12.,12.,0.
0.906725387092,Voter,15,3,6.,1,false,true,false,false,14.,12.,12.,12.,9.27800170526
0.906725387092,Voter,15,3,11.,1,false,true,false,false,14.,12.,12.,12.,9.41103966749
0.906725387092,Voter,15,3,16.,1,false,true,false,false,14.,12.,12.,12.,9.41294730881
0.906725387092,Voter,15,3,21.,1,false,true,false,false,14.,12.,12.,12.,9.41297466262
0.906725387092,Voter,15,3,26.,1,false,true,false,false,14.,12.,12.,12.,9.41297505485
0.906725387092,Voter,15,3,31.,1,false,true,false,false,14.,12.,12.,12.,9.41297506047
0.906725387092,Voter,15,3,36.,1,false,true,false,false,14.,12.,12.,12.,9.41297506055
0.906725387092,Voter,15,3,41.,1,false,true,false,false,14.,12.,12.,12.,9.41297506055
0.906725387092,Voter,15,3,46.,1,false,true,false,false,14.,12.,12.,12.,9.41297506055
0.906725387092,Voter,15,3,51.,1,false,true,false,false,14.,12.,12.,12.,9.41297506055
0.929363975644,Sample,15,5,1.,1,false,true,false,false,38.,34.,46.,40.,0.
0.929363975644,Sample,15,5,6.,1,false,true,false,false,64.,52.,52.,46.,9.4124785317
0.929363975644,Sample,15,5,11.,1,false,true,false,false,66.,54.,54.,46.,9.55837059565
0.929363975644,Sample,15,5,16.,1,false,true,false,false,66.,54.,54.,46.,9.56063190166
0.929363975644,Sample,15,5,21.,1,false,true,false,false,66.,54.,54.,46.,9.56066695158
0.929363975644,Sample,15,5,26.,1,false,true,false,false,66.,54.,54.,46.,9.56066749485
0.929363975644,Sample,15,5,31.,1,false,true,false,false,66.,54.,54.,46.,9.56066750327
0.929363975644,Sample,15,5,36.,1,false,true,false,false,66.,54.,54.,46.,9.5606675034
0.929363975644,Sample,15,5,41.,1,false,true,false,false,66.,54.,54.,46.,9.5606675034
0.929363975644,Sample,15,5,46.,1,false,true,false,false,66.,54.,54.,46.,9.5606675034
0.929363975644,Sample,15,5,51.,1,false,true,false,false,66.,54.,54.,46.,9.5606675034
1.37563163727,Voter,15,6,1.,1,false,true,false,false,28.,28.,80.,68.,0.
1.37563163727,Voter,15,6,6.,1,false,true,false,false,86.,72.,74.,64.,11.3471177667
1.37563163727,Voter,15,6,11.,1,false,true,false,false,86.,72.,74.,64.,11.8719696864
1.37563163727,Voter,15,6,16.,1,false,true,false,false,86.,72.,74.,64.,11.8962462951
1.37563163727,Voter,15,6,21.,1,false,true,false,false,86.,72.,74.,64.,11.8973691904
1.37563163727,Voter,15,6,26.,1,false,true,false,false,86.,72.,74.,64.,11.897421129
1.37563163727,Voter,15,6,31.,1,false,true,false,false,86.,72.,74.,64.,11.8974235314
1.37563163727,Voter,15,6,36.,1,false,true,false,false,86.,72.,74.,64.,11.8974236425
1.37563163727,Voter,15,6,41.,1,false,true,false,false,86.,72.,74.,64.,11.8974236476
1.37563163727,Voter,15,6,46.,1,false,true,false,false,86.,72.,74.,64.,11.8974236479
1.37563163727,Voter,15,6,51.,1,false,true,false,false,86.,72.,74.,64.,11.8974236479
1.11307652334,Voter,15,6,1.,1,false,true,false,false,18.,18.,48.,42.,0.
1.11307652334,Voter,15,6,6.,1,false,true,false,false,54.,46.,36.,36.,10.36027338
1.11307652334,Voter,15,6,11.,1,false,true,false,false,56.,48.,34.,34.,10.6346867637
1.11307652334,Voter,15,6,16.,1,false,true,false,false,56.,48.,34.,34.,10.6419551728
1.11307652334,Voter,15,6,21.,1,false,true,false,false,56.,48.,34.,34.,10.6421476917
1.11307652334,Voter,15,6,26.,1,false,true,false,false,56.,48.,34.,34.,10.6421527909
1.11307652334,Voter,15,6,31.,1,false,true,false,false,56.,48.,34.,34.,10.642152926
1.11307652334,Voter,15,6,36.,1,false,true,false,false,56.,48.,34.,34.,10.6421529296
1.11307652334,Voter,15,6,41.,1,false,true,false,false,56.,48.,34.,34.,10.6421529297
1.11307652334,Voter,15,6,46.,1,false,true,false,false,56.,48.,34.,34.,10.6421529297
1.11307652334,Voter,15,6,51.,1,false,true,false,false,56.,48.,34.,34.,10.6421529297
1.072726341,Sample,15,4,1.,1,false,true,false,false,6.,6.,24.,20.,0.
1.072726341,Sample,15,4,6.,1,false,true,false,false,26.,24.,20.,20.,10.1725311546
1.072726341,Sample,15,4,11.,1,false,true,false,false,26.,24.,20.,20.,10.4151209267
1.072726341,Sample,15,4,16.,1,false,true,false,false,26.,24.,20.,20.,10.4209060942
1.072726341,Sample,15,4,21.,1,false,true,false,false,26.,24.,20.,20.,10.4210440562
1.072726341,Sample,15,4,26.,1,false,true,false,false,26.,24.,20.,20.,10.4210473463
1.072726341,Sample,15,4,31.,1,false,true,false,false,26.,24.,20.,20.,10.4210474247
1.072726341,Sample,15,4,36.,1,false,true,false,false,26.,24.,20.,20.,10.4210474266
1.072726341,Sample,15,4,41.,1,false,true,false,false,26.,24.,20.,20.,10.4210474266
1.072726341,Sample,15,4,46.,1,false,true,false,false,26.,24.,20.,20.,10.4210474266
1.072726341,Sample,15,4,51.,1,false,true,false,false,26.,24.,20.,20.,10.4210474266
0.864316388332,Voter,15,7,1.,1,false,true,false,false,108.,86.,112.,92.,0.
0.864316388332,Voter,15,7,6.,1,false,true,false,false,138.,106.,138.,112.,9.01451013793
0.864316388332,Voter,15,7,11.,1,false,true,false,false,138.,106.,138.,112.,9.12527075654
0.864316388332,Voter,15,7,16.,1,false,true,false,false,138.,106.,138.,112.,9.12663166406
0.864316388332,Voter,15,7,21.,1,false,true,false,false,138.,106.,138.,112.,9.12664838543
0.864316388332,Voter,15,7,26.,1,false,true,false,false,138.,106.,138.,112.,9.12664859089
0.864316388332,Voter,15,7,31.,1,false,true,false,false,138.,106.,138.,112.,9.12664859341
0.864316388332,Voter,15,7,36.,1,false,true,false,false,138.,106.,138.,112.,9.12664859344
0.864316388332,Voter,15,7,41.,1,false,true,false,false,138.,106.,138.,112.,9.12664859344
0.864316388332,Voter,15,7,46.,1,false,true,false,false,138.,106.,138.,112.,9.12664859344
0.864316388332,Voter,15,7,51.,1,false,true,false,false,138.,106.,138.,112.,9.12664859344
1.29753118318,Sample,15,3,1.,1,false,true,false,false,6.,6.,18.,18.,0.
1.29753118318,Sample,15,3,6.,1,false,true,false,false,14.,12.,14.,14.,11.0923876371
1.29753118318,Sample,15,3,11.,1,false,true,false,false,14.,12.,14.,14.,11.5355616933
1.29753118318,Sample,15,3,16.,1,false,true,false,false,14.,12.,14.,14.,11.5532678221
1.29753118318,Sample,15,3,21.,1,false,true,false,false,14.,12.,14.,14.,11.5539752349
1.29753118318,Sample,15,3,26.,1,false,true,false,false,14.,12.,14.,14.,11.5540034982
1.29753118318,Sample,15,3,31.,1,false,true,false,false,14.,12.,14.,14.,11.5540046274
1.29753118318,Sample,15,3,36.,1,false,true,false,false,14.,12.,14.,14.,11.5540046725
1.29753118318,Sample,15,3,41.,1,false,true,false,false,14.,12.,14.,14.,11.5540046743
1.29753118318,Sample,15,3,46.,1,false,true,false,false,14.,12.,14.,14.,11.5540046744
1.29753118318,Sample,15,3,51.,1,false,true,false,false,14.,12.,14.,14.,11.5540046744
1.28566098612,Voter,15,7,1.,1,false,true,false,false,44.,34.,116.,96.,0.
1.28566098612,Voter,15,7,6.,1,false,true,false,false,116.,94.,96.,74.,11.0509909977
1.28566098612,Voter,15,7,11.,1,false,true,false,false,116.,94.,96.,74.,11.4822426665
1.28566098612,Voter,15,7,16.,1,false,true,false,false,116.,94.,96.,74.,11.4990717456
1.28566098612,Voter,15,7,21.,1,false,true,false,false,116.,94.,96.,74.,11.4997284803
1.28566098612,Voter,15,7,26.,1,false,true,false,false,116.,94.,96.,74.,11.4997541085
1.28566098612,Voter,15,7,31.,1,false,true,false,false,116.,94.,96.,74.,11.4997551086
1.28566098612,Voter,15,7,36.,1,false,true,false,false,116.,94.,96.,74.,11.4997551477
1.28566098612,Voter,15,7,41.,1,false,true,false,false,116.,94.,96.,74.,11.4997551492
1.28566098612,Voter,15,7,46.,1,false,true,false,false,116.,94.,96.,74.,11.4997551493
1.28566098612,Voter,15,7,51.,1,false,true,false,false,116.,94.,96.,74.,11.4997551493
1.21859297478,Voter,15,7,1.,1,false,true,false,false,76.,62.,124.,100.,0.
1.21859297478,Voter,15,7,6.,1,false,true,false,false,156.,124.,132.,108.,10.8029471595
1.21859297478,Voter,15,7,11.,1,false,true,false,false,158.,126.,134.,110.,11.1694614847
1.21859297478,Voter,15,7,16.,1,false,true,false,false,158.,126.,134.,110.,11.181896309
1.21859297478,Voter,15,7,21.,1,false,true,false,false,158.,126.,134.,110.,11.1823181885
1.21859297478,Voter,15,7,26.,1,false,true,false,false,158.,126.,134.,110.,11.1823325017
1.21859297478,Voter,15,7,31.,1,false,true,false,false,158.,126.,134.,110.,11.1823329873
1.21859297478,Voter,15,7,36.,1,false,true,false,false,158.,126.,134.,110.,11.1823330038
1.21859297478,Voter,15,7,41.,1,false,true,false,false,158.,126.,134.,110.,11.1823330043
1.21859297478,Voter,15,7,46.,1,false,true,false,false,158.,126.,134.,110.,11.1823330044
1.21859297478,Voter,15,7,51.,1,false,true,false,false,158.,126.,134.,110.,11.1823330044
1.2910078529,Voter,15,4,1.,1,false,true,false,false,8.,8.,16.,16.,0.
1.2910078529,Voter,15,4,6.,1,false,true,false,false,20.,20.,8.,8.,11.0697284291
1.2910078529,Voter,15,4,11.,1,false,true,false,false,20.,20.,8.,8.,11.5063337419
1.2910078529,Voter,15,4,16.,1,false,true,false,false,20.,20.,8.,8.,11.5235540559
1.2910078529,Voter,15,4,21.,1,false,true,false,false,20.,20.,8.,8.,11.5242332488
1.2910078529,Voter,15,4,26.,1,false,true,false,false,20.,20.,8.,8.,11.5242600371
1.2910078529,Voter,15,4,31.,1,false,true,false,false,20.,20.,8.,8.,11.5242610936
1.2910078529,Voter,15,4,36.,1,false,true,false,false,20.,20.,8.,8.,11.5242611353
1.2910078529,Voter,15,4,41.,1,false,true,false,false,20.,20.,8.,8.,11.5242611369
1.2910078529,Voter,15,4,46.,1,false,true,false,false,20.,20.,8.,8.,11.524261137
1.2910078529,Voter,15,4,51.,1,false,true,false,false,20.,20.,8.,8.,11.524261137
1.13021716529,Sample,15,5,1.,1,false,true,false,false,18.,18.,48.,46.,0.
1.13021716529,Sample,15,5,6.,1,false,true,false,false,84.,72.,78.,64.,10.4368241445
1.13021716529,Sample,15,5,11.,1,false,true,false,false,94.,80.,76.,64.,10.7253405235
1.13021716529,Sample,15,5,16.,1,false,true,false,false,94.,80.,76.,64.,10.7333162928
1.13021716529,Sample,15,5,21.,1,false,true,false,false,94.,80.,76.,64.,10.7335367755
1.13021716529,Sample,15,5,26.,1,false,true,false,false,94.,80.,76.,64.,10.7335428706
1.13021716529,Sample,15,5,31.,1,false,true,false,false,94.,80.,76.,64.,10.7335430391
1.13021716529,Sample,15,5,36.,1,false,true,false,false,94.,80.,76.,64.,10.7335430437
1.13021716529,Sample,15,5,41.,1,false,true,false,false,94.,80.,76.,64.,10.7335430439
1.13021716529,Sample,15,5,46.,1,false,true,false,false,94.,80.,76.,64.,10.7335430439
1.13021716529,Sample,15,5,51.,1,false,true,false,false,94.,80.,76.,64.,10.7335430439
0.969292724717,Voter,15,7,1.,1,false,true,false,false,52.,46.,78.,70.,0.
0.969292724717,Voter,15,7,6.,1,false,true,false,false,94.,78.,72.,68.,9.63963614461
0.969292724717,Voter,15,7,11.,1,false,true,false,false,94.,78.,72.,68.,9.80982473288
0.969292724717,Voter,15,7,16.,1,false,true,false,false,94.,78.,72.,68.,9.81282942674
0.969292724717,Voter,15,7,21.,1,false,true,false,false,94.,78.,72.,68.,9.81288247486
0.969292724717,Voter,15,7,26.,1,false,true,false,false,94.,78.,72.,68.,9.81288341143
0.969292724717,Voter,15,7,31.,1,false,true,false,false,94.,78.,72.,68.,9.81288342797
0.969292724717,Voter,15,7,36.,1,false,true,false,false,94.,78.,72.,68.,9.81288342826
0.969292724717,Voter,15,7,41.,1,false,true,false,false,94.,78.,72.,68.,9.81288342826
0.969292724717,Voter,15,7,46.,1,false,true,false,false,94.,78.,72.,68.,9.81288342826
0.969292724717,Voter,15,7,51.,1,false,true,false,false,94.,78.,72.,68.,9.81288342826
0.879165581518,Voter,15,7,1.,1,false,true,false,false,54.,48.,70.,62.,0.
0.879165581518,Voter,15,7,6.,1,false,true,false,false,98.,80.,66.,54.,9.10852408816
0.879165581518,Voter,15,7,11.,1,false,true,false,false,98.,80.,66.,54.,9.22681749556
0.879165581518,Voter,15,7,16.,1,false,true,false,false,98.,80.,66.,54.,9.22835378509
0.879165581518,Voter,15,7,21.,1,false,true,false,false,98.,80.,66.,54.,9.22837373705
0.879165581518,Voter,15,7,26.,1,false,true,false,false,98.,80.,66.,54.,9.22837399617
0.879165581518,Voter,15,7,31.,1,false,true,false,false,98.,80.,66.,54.,9.22837399954
0.879165581518,Voter,15,7,36.,1,false,true,false,false,98.,80.,66.,54.,9.22837399958
0.879165581518,Voter,15,7,41.,1,false,true,false,false,98.,80.,66.,54.,9.22837399958
0.879165581518,Voter,15,7,46.,1,false,true,false,false,98.,80.,66.,54.,9.22837399958
0.879165581518,Voter,15,7,51.,1,false,true,false,false,98.,80.,66.,54.,9.22837399958
1.2428845499,Voter,15,6,1.,1,false,true,false,false,38.,32.,72.,60.,0.
1.2428845499,Voter,15,6,6.,1,false,true,false,false,72.,62.,50.,42.,10.8956248057
1.2428845499,Voter,15,6,11.,1,false,true,false,false,74.,62.,52.,44.,11.2850586388
1.2428845499,Voter,15,6,16.,1,false,true,false,false,74.,62.,52.,44.,11.2989778691
1.2428845499,Voter,15,6,21.,1,false,true,false,false,74.,62.,52.,44.,11.2994753733
1.2428845499,Voter,15,6,26.,1,false,true,false,false,74.,62.,52.,44.,11.2994931552
1.2428845499,Voter,15,6,31.,1,false,true,false,false,74.,62.,52.,44.,11.2994937907
1.2428845499,Voter,15,6,36.,1,false,true,false,false,74.,62.,52.,44.,11.2994938135
1.2428845499,Voter,15,6,41.,1,false,true,false,false,74.,62.,52.,44.,11.2994938143
1.2428845499,Voter,15,6,46.,1,false,true,false,false,74.,62.,52.,44.,11.2994938143
1.2428845499,Voter,15,6,51.,1,false,true,false,false,74.,62.,52.,44.,11.2994938143
1.05792637829,Voter,15,6,1.,1,false,true,false,false,26.,24.,50.,46.,0.
1.05792637829,Voter,15,6,6.,1,false,true,false,false,70.,60.,54.,50.,10.1009384653
1.05792637829,Voter,15,6,11.,1,false,true,false,false,70.,60.,54.,50.,10.3323493303
1.05792637829,Voter,15,6,16.,1,false,true,false,false,70.,60.,54.,50.,10.3376509158
1.05792637829,Voter,15,6,21.,1,false,true,false,false,70.,60.,54.,50.,10.3377723743
1.05792637829,Voter,15,6,26.,1,false,true,false,false,70.,60.,54.,50.,10.3377751569
1.05792637829,Voter,15,6,31.,1,false,true,false,false,70.,60.,54.,50.,10.3377752206
1.05792637829,Voter,15,6,36.,1,false,true,false,false,70.,60.,54.,50.,10.3377752221
1.05792637829,Voter,15,6,41.,1,false,true,false,false,70.,60.,54.,50.,10.3377752221
1.05792637829,Voter,15,6,46.,1,false,true,false,false,70.,60.,54.,50.,10.3377752221
1.05792637829,Voter,15,6,51.,1,false,true,false,false,70.,60.,54.,50.,10.3377752221
1.31956524735,Sample,15,4,1.,1,false,true,false,false,6.,6.,26.,22.,0.
1.31956524735,Sample,15,4,6.,1,false,true,false,false,26.,22.,14.,14.,11.1673129244
1.31956524735,Sample,15,4,11.,1,false,true,false,false,26.,22.,14.,14.,11.6329714135
1.31956524735,Sample,15,4,16.,1,false,true,false,false,26.,22.,14.,14.,11.6523886028
1.31956524735,Sample,15,4,21.,1,false,true,false,false,26.,22.,14.,14.,11.6531982674
1.31956524735,Sample,15,4,26.,1,false,true,false,false,26.,22.,14.,14.,11.6532320291
1.31956524735,Sample,15,4,31.,1,false,true,false,false,26.,22.,14.,14.,11.6532334369
1.31956524735,Sample,15,4,36.,1,false,true,false,false,26.,22.,14.,14.,11.6532334956
1.31956524735,Sample,15,4,41.,1,false,true,false,false,26.,22.,14.,14.,11.6532334981
1.31956524735,Sample,15,4,46.,1,false,true,false,false,26.,22.,14.,14.,11.6532334982
1.31956524735,Sample,15,4,51.,1,false,true,false,false,26.,22.,14.,14.,11.6532334982
1.05387485332,Sample,15,5,1.,1,false,true,false,false,46.,38.,86.,68.,0.
1.05387485332,Sample,15,5,6.,1,false,true,false,false,114.,96.,138.,108.,10.0810779998
1.05387485332,Sample,15,5,11.,1,false,true,false,false,116.,96.,136.,108.,10.3094754854
1.05387485332,Sample,15,5,16.,1,false,true,false,false,116.,96.,136.,108.,10.314650072
1.05387485332,Sample,15,5,21.,1,false,true,false,false,116.,96.,136.,108.,10.3147673078
1.05387485332,Sample,15,5,26.,1,false,true,false,false,116.,96.,136.,108.,10.3147699639
1.05387485332,Sample,15,5,31.,1,false,true,false,false,116.,96.,136.,108.,10.314770024
1.05387485332,Sample,15,5,36.,1,false,true,false,false,116.,96.,136.,108.,10.3147700254
1.05387485332,Sample,15,5,41.,1,false,true,false,false,116.,96.,136.,108.,10.3147700254
1.05387485332,Sample,15,5,46.,1,false,true,false,false,116.,96.,136.,108.,10.3147700254
1.05387485332,Sample,15,5,51.,1,false,true,false,false,116.,96.,136.,108.,10.3147700254
1.0635794453,Voter,15,6,1.,1,false,true,false,false,68.,60.,86.,68.,0.
1.0635794453,Voter,15,6,6.,1,false,true,false,false,118.,86.,100.,80.,10.1284608974
1.0635794453,Voter,15,6,11.,1,false,true,false,false,118.,86.,100.,80.,10.364110052
1.0635794453,Voter,15,6,16.,1,false,true,false,false,118.,86.,100.,80.,10.3695926742
1.0635794453,Voter,15,6,21.,1,false,true,false,false,118.,86.,100.,80.,10.3697202331
1.0635794453,Voter,15,6,26.,1,false,true,false,false,118.,86.,100.,80.,10.3697232008
1.0635794453,Voter,15,6,31.,1,false,true,false,false,118.,86.,100.,80.,10.3697232699
1.0635794453,Voter,15,6,36.,1,false,true,false,false,118.,86.,100.,80.,10.3697232715
1.0635794453,Voter,15,6,41.,1,false,true,false,false,118.,86.,100.,80.,10.3697232715
1.0635794453,Voter,15,6,46.,1,false,true,false,false,118.,86.,100.,80.,10.3697232715
1.0635794453,Voter,15,6,51.,1,false,true,false,false,118.,86.,100.,80.,10.3697232715
0.898274227084,Voter,15,7,1.,1,false,true,false,false,46.,38.,64.,58.,0.
0.898274227084,Voter,15,7,6.,1,false,true,false,false,86.,70.,72.,62.,9.22671397161
0.898274227084,Voter,15,7,11.,1,false,true,false,false,88.,70.,74.,62.,9.35512498085
0.898274227084,Voter,15,7,16.,1,false,true,false,false,88.,70.,74.,62.,9.35691211626
0.898274227084,Voter,15,7,21.,1,false,true,false,false,88.,70.,74.,62.,9.35693698837
0.898274227084,Voter,15,7,26.,1,false,true,false,false,88.,70.,74.,62.,9.35693733452
0.898274227084,Voter,15,7,31.,1,false,true,false,false,88.,70.,74.,62.,9.35693733934
0.898274227084,Voter,15,7,36.,1,false,true,false,false,88.,70.,74.,62.,9.35693733941
0.898274227084,Voter,15,7,41.,1,false,true,false,false,88.,70.,74.,62.,9.35693733941
0.898274227084,Voter,15,7,46.,1,false,true,false,false,88.,70.,74.,62.,9.35693733941
0.898274227084,Voter,15,7,51.,1,false,true,false,false,88.,70.,74.,62.,9.35693733941
1.2696576196,Voter,15,5,1.,1,false,true,false,false,6.,6.,38.,36.,0.
1.2696576196,Voter,15,5,6.,1,false,true,false,false,34.,32.,26.,26.,10.9940123824
1.2696576196,Voter,15,5,11.,1,false,true,false,false,34.,32.,26.,26.,11.4094064581
1.2696576196,Voter,15,5,16.,1,false,true,false,false,34.,32.,26.,26.,11.4251015685
1.2696576196,Voter,15,5,21.,1,false,true,false,false,34.,32.,26.,26.,11.4256945873
1.2696576196,Voter,15,5,26.,1,false,true,false,false,34.,32.,26.,26.,11.4257169937
1.2696576196,Voter,15,5,31.,1,false,true,false,false,34.,32.,26.,26.,11.4257178403
1.2696576196,Voter,15,5,36.,1,false,true,false,false,34.,32.,26.,26.,11.4257178723
1.2696576196,Voter,15,5,41.,1,false,true,false,false,34.,32.,26.,26.,11.4257178735
1.2696576196,Voter,15,5,46.,1,false,true,false,false,34.,32.,26.,26.,11.4257178736
1.2696576196,Voter,15,5,51.,1,false,true,false,false,34.,32.,26.,26.,11.4257178736
1.09913641536,Sample,15,4,1.,1,false,true,false,false,10.,10.,22.,20.,0.
1.09913641536,Sample,15,4,6.,1,false,true,false,false,28.,28.,28.,28.,10.2966238102
1.09913641536,Sample,15,4,11.,1,false,true,false,false,28.,28.,28.,28.,10.5598225761
1.09913641536,Sample,15,4,16.,1,false,true,false,false,28.,28.,28.,28.,10.5665503727
1.09913641536,Sample,15,4,21.,1,false,true,false,false,28.,28.,28.,28.,10.5667223463
1.09913641536,Sample,15,4,26.,1,false,true,false,false,28.,28.,28.,28.,10.5667267423
1.09913641536,Sample,15,4,31.,1,false,true,false,false,28.,28.,28.,28.,10.5667268546
1.09913641536,Sample,15,4,36.,1,false,true,false,false,28.,28.,28.,28.,10.5667268575
1.09913641536,Sample,15,4,41.,1,false,true,false,false,28.,28.,28.,28.,10.5667268576
1.09913641536,Sample,15,4,46.,1,false,true,false,false,28.,28.,28.,28.,10.5667268576
1.09913641536,Sample,15,4,51.,1,false,true,false,false,28.,28.,28.,28.,10.5667268576
0.962069769275,Sample,15,4,1.,1,false,true,false,false,12.,12.,22.,22.,0.
0.962069769275,Sample,15,4,6.,1,false,true,false,false,40.,38.,26.,22.,9.59947030005
0.962069769275,Sample,15,4,11.,1,false,true,false,false,40.,38.,26.,22.,9.76511073389
0.962069769275,Sample,15,4,16.,1,false,true,false,false,40.,38.,26.,22.,9.76796888674
0.962069769275,Sample,15,4,21.,1,false,true,false,false,40.,38.,26.,22.,9.76801820463
0.962069769275,Sample,15,4,26.,1,false,true,false,false,40.,38.,26.,22.,9.76801905562
0.962069769275,Sample,15,4,31.,1,false,true,false,false,40.,38.,26.,22.,9.76801907031
0.962069769275,Sample,15,4,36.,1,false,true,false,false,40.,38.,26.,22.,9.76801907056
0.962069769275,Sample,15,4,41.,1,false,true,false,false,40.,38.,26.,22.,9.76801907056
0.962069769275,Sample,15,4,46.,1,false,true,false,false,40.,38.,26.,22.,9.76801907056
0.962069769275,Sample,15,4,51.,1,false,true,false,false,40.,38.,26.,22.,9.76801907056
0.951914747246,Sample,15,6,1.,1,false,true,false,false,36.,34.,62.,52.,0.
0.951914747246,Sample,15,6,6.,1,false,true,false,false,96.,84.,86.,78.,9.54231438398
0.951914747246,Sample,15,6,11.,1,false,true,false,false,98.,86.,84.,76.,9.7016744559
0.951914747246,Sample,15,6,16.,1,false,true,false,false,98.,86.,84.,76.,9.70433582625
0.951914747246,Sample,15,6,21.,1,false,true,false,false,98.,86.,84.,76.,9.70438027209
0.951914747246,Sample,15,6,26.,1,false,true,false,false,98.,86.,84.,76.,9.70438101435
0.951914747246,Sample,15,6,31.,1,false,true,false,false,98.,86.,84.,76.,9.70438102675
0.951914747246,Sample,15,6,36.,1,false,true,false,false,98.,86.,84.,76.,9.70438102695
0.951914747246,Sample,15,6,41.,1,false,true,false,false,98.,86.,84.,76.,9.70438102696
0.951914747246,Sample,15,6,46.,1,false,true,false,false,98.,86.,84.,76.,9.70438102696
0.951914747246,Sample,15,6,51.,1,false,true,false,false,98.,86.,84.,76.,9.70438102696
1.08385458083,Sample,15,3,1.,1,false,true,false,false,2.,2.,8.,8.,0.
1.08385458083,Sample,15,3,6.,1,false,true,false,false,14.,14.,8.,8.,10.2253854595
1.08385458083,Sample,15,3,11.,1,false,true,false,false,14.,14.,8.,8.,10.4765565672
1.08385458083,Sample,15,3,16.,1,false,true,false,false,14.,14.,8.,8.,10.4827262051
1.08385458083,Sample,15,3,21.,1,false,true,false,false,14.,14.,8.,8.,10.4828777529
1.08385458083,Sample,15,3,26.,1,false,true,false,false,14.,14.,8.,8.,10.4828814755
1.08385458083,Sample,15,3,31.,1,false,true,false,false,14.,14.,8.,8.,10.4828815669
1.08385458083,Sample,15,3,36.,1,false,true,false,false,14.,14.,8.,8.,10.4828815691
1.08385458083,Sample,15,3,41.,1,false,true,false,false,14.,14.,8.,8.,10.4828815692
1.08385458083,Sample,15,3,46.,1,false,true,false,false,14.,14.,8.,8.,10.4828815692
1.08385458083,Sample,15,3,51.,1,false,true,false,false,14.,14.,8.,8.,10.4828815692
1.14722794123,Voter,15,3,1.,1,false,true,false,false,0.,0.,8.,8.,0.
1.14722794123,Voter,15,3,6.,1,false,true,false,false,8.,8.,0.,0.,10.5109638485
1.14722794123,Voter,15,3,11.,1,false,true,false,false,8.,8.,0.,0.,10.8138134056
1.14722794123,Voter,15,3,16.,1,false,true,false,false,8.,8.,0.,0.,10.8225393279
1.14722794123,Voter,15,3,21.,1,false,true,false,false,8.,8.,0.,0.,10.8227907456
1.14722794123,Voter,15,3,26.,1,false,true,false,false,8.,8.,0.,0.,10.8227979896
1.14722794123,Voter,15,3,31.,1,false,true,false,false,8.,8.,0.,0.,10.8227981983
1.14722794123,Voter,15,3,36.,1,false,true,false,false,8.,8.,0.,0.,10.8227982043
1.14722794123,Voter,15,3,41.,1,false,true,false,false,8.,8.,0.,0.,10.8227982045
1.14722794123,Voter,15,3,46.,1,false,true,false,false,8.,8.,0.,0.,10.8227982045
1.14722794123,Voter,15,3,51.,1,false,true,false,false,8.,8.,0.,0.,10.8227982045
1.06197248347,Voter,15,4,1.,1,false,true,false,false,18.,18.,32.,30.,0.
1.06197248347,Voter,15,4,6.,1,false,true,false,false,38.,32.,28.,26.,10.1206595644
1.06197248347,Voter,15,4,11.,1,false,true,false,false,38.,32.,28.,26.,10.3550999358
1.06197248347,Voter,15,4,16.,1,false,true,false,false,38.,32.,28.,26.,10.360530638
1.06197248347,Voter,15,4,21.,1,false,true,false,false,38.,32.,28.,26.,10.3606564376
1.06197248347,Voter,15,4,26.,1,false,true,false,false,38.,32.,28.,26.,10.3606593517
1.06197248347,Voter,15,4,31.,1,false,true,false,false,38.,32.,28.,26.,10.3606594192
1.06197248347,Voter,15,4,36.,1,false,true,false,false,38.,32.,28.,26.,10.3606594208
1.06197248347,Voter,15,4,41.,1,false,true,false,false,38.,32.,28.,26.,10.3606594208
1.06197248347,Voter,15,4,46.,1,false,true,false,false,38.,32.,28.,26.,10.3606594208
1.06197248347,Voter,15,4,51.,1,false,true,false,false,38.,32.,28.,26.,10.3606594208
1.33549093769,Sample,15,5,1.,1,false,true,false,false,16.,16.,44.,42.,0.
1.33549093769,Sample,15,5,6.,1,false,true,false,false,76.,66.,68.,62.,11.2199460372
1.33549093769,Sample,15,5,11.,1,false,true,false,false,88.,74.,68.,60.,11.7021348684
1.33549093769,Sample,15,5,16.,1,false,true,false,false,92.,78.,72.,64.,11.7228574341
1.33549093769,Sample,15,5,21.,1,false,true,false,false,92.,78.,72.,64.,11.7237480079
1.33549093769,Sample,15,5,26.,1,false,true,false,false,92.,78.,72.,64.,11.7237862812
1.33549093769,Sample,15,5,31.,1,false,true,false,false,92.,78.,72.,64.,11.723787926
1.33549093769,Sample,15,5,36.,1,false,true,false,false,92.,78.,72.,64.,11.7237879967
1.33549093769,Sample,15,5,41.,1,false,true,false,false,92.,78.,72.,64.,11.7237879998
1.33549093769,Sample,15,5,46.,1,false,true,false,false,92.,78.,72.,64.,11.7237879999
1.33549093769,Sample,15,5,51.,1,false,true,false,false,92.,78.,72.,64.,11.7237879999
1.0299733383,Voter,15,5,1.,1,false,true,false,false,38.,36.,52.,46.,0.
1.0299733383,Voter,15,5,6.,1,false,true,false,false,62.,54.,60.,54.,9.96158275703
1.0299733383,Voter,15,5,11.,1,false,true,false,false,62.,54.,60.,54.,10.1726171349
1.0299733383,Voter,15,5,16.,1,false,true,false,false,62.,54.,60.,54.,10.1770878611
1.0299733383,Voter,15,5,21.,1,false,true,false,false,62.,54.,60.,54.,10.1771825726
1.0299733383,Voter,15,5,26.,1,false,true,false,false,62.,54.,60.,54.,10.1771845791
1.0299733383,Voter,15,5,31.,1,false,true,false,false,62.,54.,60.,54.,10.1771846216
1.0299733383,Voter,15,5,36.,1,false,true,false,false,62.,54.,60.,54.,10.1771846225
1.0299733383,Voter,15,5,41.,1,false,true,false,false,62.,54.,60.,54.,10.1771846225
1.0299733383,Voter,15,5,46.,1,false,true,false,false,62.,54.,60.,54.,10.1771846225
1.0299733383,Voter,15,5,51.,1,false,true,false,false,62.,54.,60.,54.,10.1771846225
1.15313202038,Voter,15,3,1.,1,false,true,false,false,2.,2.,6.,6.,0.
1.15313202038,Voter,15,3,6.,1,false,true,false,false,8.,6.,0.,0.,10.5362766073
1.15313202038,Voter,15,3,11.,1,false,true,false,false,8.,6.,0.,0.,10.8441784056
1.15313202038,Voter,15,3,16.,1,false,true,false,false,8.,6.,0.,0.,10.8531762254
1.15313202038,Voter,15,3,21.,1,false,true,false,false,8.,6.,0.,0.,10.8534391688
1.15313202038,Voter,15,3,26.,1,false,true,false,false,8.,6.,0.,0.,10.8534468528
1.15313202038,Voter,15,3,31.,1,false,true,false,false,8.,6.,0.,0.,10.8534470774
1.15313202038,Voter,15,3,36.,1,false,true,false,false,8.,6.,0.,0.,10.8534470839
1.15313202038,Voter,15,3,41.,1,false,true,false,false,8.,6.,0.,0.,10.8534470841
1.15313202038,Voter,15,3,46.,1,false,true,false,false,8.,6.,0.,0.,10.8534470841
1.15313202038,Voter,15,3,51.,1,false,true,false,false,8.,6.,0.,0.,10.8534470841
1.10752101683,Sample,15,7,1.,1,false,true,false,false,40.,40.,94.,78.,0.
1.10752101683,Sample,15,7,6.,1,false,true,false,false,308.,220.,326.,232.,10.335058413
1.10752101683,Sample,15,7,11.,1,false,true,false,false,320.,226.,318.,232.,10.6049748702
1.10752101683,Sample,15,7,16.,1,false,true,false,false,322.,228.,320.,234.,10.612024167
1.10752101683,Sample,15,7,21.,1,false,true,false,false,322.,228.,320.,234.,10.6122082706
1.10752101683,Sample,15,7,26.,1,false,true,false,false,322.,228.,320.,234.,10.6122130787
1.10752101683,Sample,15,7,31.,1,false,true,false,false,322.,228.,320.,234.,10.6122132043
1.10752101683,Sample,15,7,36.,1,false,true,false,false,322.,228.,320.,234.,10.6122132076
1.10752101683,Sample,15,7,41.,1,false,true,false,false,322.,228.,320.,234.,10.6122132077
1.10752101683,Sample,15,7,46.,1,false,true,false,false,322.,228.,320.,234.,10.6122132077
1.10752101683,Sample,15,7,51.,1,false,true,false,false,322.,228.,320.,234.,10.6122132077
1.13679284068,Sample,15,4,1.,1,false,true,false,false,4.,4.,14.,14.,0.
1.13679284068,Sample,15,4,6.,1,false,true,false,false,22.,20.,8.,8.,10.4656977477
1.13679284068,Sample,15,4,11.,1,false,true,false,false,22.,20.,8.,8.,10.7597152371
1.13679284068,Sample,15,4,16.,1,false,true,false,false,22.,20.,8.,8.,10.7679752008
1.13679284068,Sample,15,4,21.,1,false,true,false,false,22.,20.,8.,8.,10.7682072517
1.13679284068,Sample,15,4,26.,1,false,true,false,false,22.,20.,8.,8.,10.7682137708
1.13679284068,Sample,15,4,31.,1,false,true,false,false,22.,20.,8.,8.,10.7682139539
1.13679284068,Sample,15,4,36.,1,false,true,false,false,22.,20.,8.,8.,10.768213959
1.13679284068,Sample,15,4,41.,1,false,true,false,false,22.,20.,8.,8.,10.7682139592
1.13679284068,Sample,15,4,46.,1,false,true,false,false,22.,20.,8.,8.,10.7682139592
1.13679284068,Sample,15,4,51.,1,false,true,false,false,22.,20.,8.,8.,10.7682139592
0.861602971584,Sample,15,6,1.,1,false,true,false,false,36.,34.,70.,62.,0.
0.861602971584,Sample,15,6,6.,1,false,true,false,false,162.,128.,136.,114.,8.99712253331
0.861602971584,Sample,15,6,11.,1,false,true,false,false,166.,128.,136.,116.,9.10653778686
0.861602971584,Sample,15,6,16.,1,false,true,false,false,166.,128.,136.,116.,9.10786840092
0.861602971584,Sample,15,6,21.,1,false,true,false,false,166.,128.,136.,116.,9.1078845827
0.861602971584,Sample,15,6,26.,1,false,true,false,false,166.,128.,136.,116.,9.10788477949
0.861602971584,Sample,15,6,31.,1,false,true,false,false,166.,128.,136.,116.,9.10788478188
0.861602971584,Sample,15,6,36.,1,false,true,false,false,166.,128.,136.,116.,9.10788478191
0.861602971584,Sample,15,6,41.,1,false,true,false,false,166.,128.,136.,116.,9.10788478191
0.861602971584,Sample,15,6,46.,1,false,true,false,false,166.,128.,136.,116.,9.10788478191
0.861602971584,Sample,15,6,51.,1,false,true,false,false,166.,128.,136.,116.,9.10788478191
1.39984987849,Sample,15,7,1.,1,false,true,false,false,40.,38.,110.,90.,0.
1.39984987849,Sample,15,7,6.,1,false,true,false,false,162.,128.,184.,140.,11.4201615447
1.39984987849,Sample,15,7,11.,1,false,true,false,false,178.,140.,184.,142.,11.9714156976
1.39984987849,Sample,15,7,16.,1,false,true,false,false,180.,140.,186.,142.,11.9980248782
1.39984987849,Sample,15,7,21.,1,false,true,false,false,180.,140.,186.,142.,11.9993093102
1.39984987849,Sample,15,7,26.,1,false,true,false,false,180.,140.,186.,142.,11.9993713101
1.39984987849,Sample,15,7,31.,1,false,true,false,false,180.,140.,186.,142.,11.9993743028
1.39984987849,Sample,15,7,36.,1,false,true,false,false,180.,140.,186.,142.,11.9993744473
1.39984987849,Sample,15,7,41.,1,false,true,false,false,180.,140.,186.,142.,11.9993744542
1.39984987849,Sample,15,7,46.,1,false,true,false,false,180.,140.,186.,142.,11.9993744546
1.39984987849,Sample,15,7,51.,1,false,true,false,false,180.,140.,186.,142.,11.9993744546
0.898985842753,Voter,15,3,1.,1,false,true,false,false,12.,10.,6.,6.,0.
0.898985842753,Voter,15,3,6.,1,false,true,false,false,12.,10.,6.,6.,9.23105563939
0.898985842753,Voter,15,3,11.,1,false,true,false,false,12.,10.,6.,6.,9.3598526537
0.898985842753,Voter,15,3,16.,1,false,true,false,false,12.,10.,6.,6.,9.36164970396
0.898985842753,Voter,15,3,21.,1,false,true,false,false,12.,10.,6.,6.,9.36167477744
0.898985842753,Voter,15,3,26.,1,false,true,false,false,12.,10.,6.,6.,9.36167512728
0.898985842753,Voter,15,3,31.,1,false,true,false,false,12.,10.,6.,6.,9.36167513216
0.898985842753,Voter,15,3,36.,1,false,true,false,false,12.,10.,6.,6.,9.36167513223
0.898985842753,Voter,15,3,41.,1,false,true,false,false,12.,10.,6.,6.,9.36167513223
0.898985842753,Voter,15,3,46.,1,false,true,false,false,12.,10.,6.,6.,9.36167513223
0.898985842753,Voter,15,3,51.,1,false,true,false,false,12.,10.,6.,6.,9.36167513223
1.26813716138,Sample,15,6,1.,1,false,true,false,false,16.,16.,54.,42.,0.
1.26813716138,Sample,15,6,6.,1,false,true,false,false,112.,88.,102.,88.,10.9885283473
1.26813716138,Sample,15,6,11.,1,false,true,false,false,114.,88.,104.,88.,11.4024289011
1.26813716138,Sample,15,6,16.,1,false,true,false,false,116.,88.,106.,88.,11.4180191297
1.26813716138,Sample,15,6,21.,1,false,true,false,false,116.,88.,106.,88.,11.4186063607
1.26813716138,Sample,15,6,26.,1,false,true,false,false,116.,88.,106.,88.,11.4186284797
1.26813716138,Sample,15,6,31.,1,false,true,false,false,116.,88.,106.,88.,11.4186293128
1.26813716138,Sample,15,6,36.,1,false,true,false,false,116.,88.,106.,88.,11.4186293442
1.26813716138,Sample,15,6,41.,1,false,true,false,false,116.,88.,106.,88.,11.4186293454
1.26813716138,Sample,15,6,46.,1,false,true,false,false,116.,88.,106.,88.,11.4186293454
1.26813716138,Sample,15,6,51.,1,false,true,false,false,116.,88.,106.,88.,11.4186293454
1.2655597159,Sample,15,4,1.,1,false,true,false,false,12.,12.,26.,26.,0.
1.2655597159,Sample,15,4,6.,1,false,true,false,false,54.,44.,52.,46.,10.9792037369
1.2655597159,Sample,15,4,11.,1,false,true,false,false,58.,46.,48.,44.,11.3905777424
1.2655597159,Sample,15,4,16.,1,false,true,false,false,58.,46.,48.,44.,11.4059912985
1.2655597159,Sample,15,4,21.,1,false,true,false,false,58.,46.,48.,44.,11.4065688209
1.2655597159,Sample,15,4,26.,1,false,true,false,false,58.,46.,48.,44.,11.4065904598
1.2655597159,Sample,15,4,31.,1,false,true,false,false,58.,46.,48.,44.,11.4065912706
1.2655597159,Sample,15,4,36.,1,false,true,false,false,58.,46.,48.,44.,11.4065913009
1.2655597159,Sample,15,4,41.,1,false,true,false,false,58.,46.,48.,44.,11.4065913021
1.2655597159,Sample,15,4,46.,1,false,true,false,false,58.,46.,48.,44.,11.4065913021
1.2655597159,Sample,15,4,51.,1,false,true,false,false,58.,46.,48.,44.,11.4065913021
1.36866455175,Sample,15,4,1.,1,false,true,false,false,6.,6.,22.,20.,0.
1.36866455175,Sample,15,4,6.,1,false,true,false,false,24.,22.,24.,22.,11.32559791
1.36866455175,Sample,15,4,11.,1,false,true,false,false,26.,24.,26.,24.,11.8429450638
1.36866455175,Sample,15,4,16.,1,false,true,false,false,26.,24.,26.,24.,11.8665772005
1.36866455175,Sample,15,4,21.,1,false,true,false,false,26.,24.,26.,24.,11.8676567036
1.36866455175,Sample,15,4,26.,1,false,true,false,false,26.,24.,26.,24.,11.8677060147
1.36866455175,Sample,15,4,31.,1,false,true,false,false,26.,24.,26.,24.,11.8677082672
1.36866455175,Sample,15,4,36.,1,false,true,false,false,26.,24.,26.,24.,11.8677083701
1.36866455175,Sample,15,4,41.,1,false,true,false,false,26.,24.,26.,24.,11.8677083748
1.36866455175,Sample,15,4,46.,1,false,true,false,false,26.,24.,26.,24.,11.867708375
1.36866455175,Sample,15,4,51.,1,false,true,false,false,26.,24.,26.,24.,11.867708375
1.27098708977,Voter,15,6,1.,1,false,true,false,false,44.,42.,88.,72.,0.
1.27098708977,Voter,15,6,6.,1,false,true,false,false,116.,94.,108.,92.,10.9987974613
1.27098708977,Voter,15,6,11.,1,false,true,false,false,118.,96.,110.,94.,11.4154993279
1.27098708977,Voter,15,6,16.,1,false,true,false,false,118.,96.,110.,94.,11.4312865488
1.27098708977,Voter,15,6,21.,1,false,true,false,false,118.,96.,110.,94.,11.4318846655
1.27098708977,Voter,15,6,26.,1,false,true,false,false,118.,96.,110.,94.,11.4319073259
1.27098708977,Voter,15,6,31.,1,false,true,false,false,118.,96.,110.,94.,11.4319081844
1.27098708977,Voter,15,6,36.,1,false,true,false,false,118.,96.,110.,94.,11.4319082169
1.27098708977,Voter,15,6,41.,1,false,true,false,false,118.,96.,110.,94.,11.4319082181
1.27098708977,Voter,15,6,46.,1,false,true,false,false,118.,96.,110.,94.,11.4319082182
1.27098708977,Voter,15,6,51.,1,false,true,false,false,118.,96.,110.,94.,11.4319082182
0.859201370904,Sample,15,6,1.,1,false,true,false,false,28.,28.,72.,68.,0.
0.859201370904,Sample,15,6,6.,1,false,true,false,false,146.,118.,166.,124.,8.98167889344
0.859201370904,Sample,15,6,11.,1,false,true,false,false,152.,124.,164.,122.,9.08991139996
0.859201370904,Sample,15,6,16.,1,false,true,false,false,152.,124.,164.,122.,9.09121564114
0.859201370904,Sample,15,6,21.,1,false,true,false,false,152.,124.,164.,122.,9.09123135772
0.859201370904,Sample,15,6,26.,1,false,true,false,false,152.,124.,164.,122.,9.09123154711
0.859201370904,Sample,15,6,31.,1,false,true,false,false,152.,124.,164.,122.,9.09123154939
0.859201370904,Sample,15,6,36.,1,false,true,false,false,152.,124.,164.,122.,9.09123154942
0.859201370904,Sample,15,6,41.,1,false,true,false,false,152.,124.,164.,122.,9.09123154942
0.859201370904,Sample,15,6,46.,1,false,true,false,false,152.,124.,164.,122.,9.09123154942
0.859201370904,Sample,15,6,51.,1,false,true,false,false,152.,124.,164.,122.,9.09123154942
0.862969855085,Sample,15,3,1.,1,false,true,false,false,8.,8.,18.,18.,0.
0.862969855085,Sample,15,3,6.,1,false,true,false,false,12.,12.,14.,14.,9.00588963894
0.862969855085,Sample,15,3,11.,1,false,true,false,false,12.,12.,14.,14.,9.11598141916
0.862969855085,Sample,15,3,16.,1,false,true,false,false,12.,12.,14.,14.,9.11732722735
0.862969855085,Sample,15,3,21.,1,false,true,false,false,12.,12.,14.,14.,9.11734367907
0.862969855085,Sample,15,3,26.,1,false,true,false,false,12.,12.,14.,14.,9.11734388019
0.862969855085,Sample,15,3,31.,1,false,true,false,false,12.,12.,14.,14.,9.11734388265
0.862969855085,Sample,15,3,36.,1,false,true,false,false,12.,12.,14.,14.,9.11734388268
0.862969855085,Sample,15,3,41.,1,false,true,false,false,12.,12.,14.,14.,9.11734388268
0.862969855085,Sample,15,3,46.,1,false,true,false,false,12.,12.,14.,14.,9.11734388268
0.862969855085,Sample,15,3,51.,1,false,true,false,false,12.,12.,14.,14.,9.11734388268
1.2231020288,Voter,15,4,1.,1,false,true,false,false,8.,8.,30.,26.,0.
1.2231020288,Voter,15,4,6.,1,false,true,false,false,24.,22.,22.,22.,10.8203999358
1.2231020288,Voter,15,4,11.,1,false,true,false,false,24.,22.,22.,22.,11.1911220953
1.2231020288,Voter,15,4,16.,1,false,true,false,false,24.,22.,22.,22.,11.2038235592
1.2231020288,Voter,15,4,21.,1,false,true,false,false,24.,22.,22.,22.,11.2042587293
1.2231020288,Voter,15,4,26.,1,false,true,false,false,24.,22.,22.,22.,11.2042736388
1.2231020288,Voter,15,4,31.,1,false,true,false,false,24.,22.,22.,22.,11.2042741497
1.2231020288,Voter,15,4,36.,1,false,true,false,false,24.,22.,22.,22.,11.2042741672
1.2231020288,Voter,15,4,41.,1,false,true,false,false,24.,22.,22.,22.,11.2042741678
1.2231020288,Voter,15,4,46.,1,false,true,false,false,24.,22.,22.,22.,11.2042741678
1.2231020288,Voter,15,4,51.,1,false,true,false,false,24.,22.,22.,22.,11.2042741678
1.2265349681,Voter,15,7,1.,1,false,true,false,false,44.,40.,108.,86.,0.
1.2265349681,Voter,15,7,6.,1,false,true,false,false,100.,82.,88.,70.,10.8336106569
1.2265349681,Voter,15,7,11.,1,false,true,false,false,102.,82.,86.,70.,11.2075507426
1.2265349681,Voter,15,7,16.,1,false,true,false,false,102.,82.,86.,70.,11.2204579065
1.2265349681,Voter,15,7,21.,1,false,true,false,false,102.,82.,86.,70.,11.2209034187
1.2265349681,Voter,15,7,26.,1,false,true,false,false,102.,82.,86.,70.,11.2209187963
1.2265349681,Voter,15,7,31.,1,false,true,false,false,102.,82.,86.,70.,11.2209193271
1.2265349681,Voter,15,7,36.,1,false,true,false,false,102.,82.,86.,70.,11.2209193454
1.2265349681,Voter,15,7,41.,1,false,true,false,false,102.,82.,86.,70.,11.220919346
1.2265349681,Voter,15,7,46.,1,false,true,false,false,102.,82.,86.,70.,11.2209193461
1.2265349681,Voter,15,7,51.,1,false,true,false,false,102.,82.,86.,70.,11.2209193461
0.974929080172,Sample,15,6,1.,1,false,true,false,false,14.,12.,52.,40.,0.
0.974929080172,Sample,15,6,6.,1,false,true,false,false,80.,64.,66.,54.,9.67070038588
0.974929080172,Sample,15,6,11.,1,false,true,false,false,86.,68.,64.,54.,9.84448480289
0.974929080172,Sample,15,6,16.,1,false,true,false,false,86.,68.,64.,54.,9.84760774356
0.974929080172,Sample,15,6,21.,1,false,true,false,false,86.,68.,64.,54.,9.84766386343
0.974929080172,Sample,15,6,26.,1,false,true,false,false,86.,68.,64.,54.,9.84766487192
0.974929080172,Sample,15,6,31.,1,false,true,false,false,86.,68.,64.,54.,9.84766489004
0.974929080172,Sample,15,6,36.,1,false,true,false,false,86.,68.,64.,54.,9.84766489037
0.974929080172,Sample,15,6,41.,1,false,true,false,false,86.,68.,64.,54.,9.84766489037
0.974929080172,Sample,15,6,46.,1,false,true,false,false,86.,68.,64.,54.,9.84766489037
0.974929080172,Sample,15,6,51.,1,false,true,false,false,86.,68.,64.,54.,9.84766489037
1.22033185828,Voter,15,3,1.,1,false,true,false,false,12.,10.,18.,18.,0.
1.22033185828,Voter,15,3,6.,1,false,true,false,false,22.,18.,24.,22.,10.8096913036
1.22033185828,Voter,15,3,11.,1,false,true,false,false,22.,18.,24.,22.,11.1778258129
1.22033185828,Voter,15,3,16.,1,false,true,false,false,22.,18.,24.,22.,11.1903629903
1.22033185828,Voter,15,3,21.,1,false,true,false,false,22.,18.,24.,22.,11.190789956
1.22033185828,Voter,15,3,26.,1,false,true,false,false,22.,18.,24.,22.,11.1908044967
1.22033185828,Voter,15,3,31.,1,false,true,false,false,22.,18.,24.,22.,11.1908049919
1.22033185828,Voter,15,3,36.,1,false,true,false,false,22.,18.,24.,22.,11.1908050088
1.22033185828,Voter,15,3,41.,1,false,true,false,false,22.,18.,24.,22.,11.1908050094
1.22033185828,Voter,15,3,46.,1,false,true,false,false,22.,18.,24.,22.,11.1908050094
1.22033185828,Voter,15,3,51.,1,false,true,false,false,22.,18.,24.,22.,11.1908050094
1.38847226284,Voter,15,6,1.,1,false,true,false,false,16.,16.,42.,40.,0.
1.38847226284,Voter,15,6,6.,1,false,true,false,false,62.,52.,28.,26.,11.386183953
1.38847226284,Voter,15,6,11.,1,false,true,false,false,62.,52.,28.,26.,11.9249742156
1.38847226284,Voter,15,6,16.,1,false,true,false,false,62.,52.,28.,26.,11.9504695833
1.38847226284,Voter,15,6,21.,1,false,true,false,false,62.,52.,28.,26.,11.9516760153
1.38847226284,Voter,15,6,26.,1,false,true,false,false,62.,52.,28.,26.,11.9517331032
1.38847226284,Voter,15,6,31.,1,false,true,false,false,62.,52.,28.,26.,11.9517358046
1.38847226284,Voter,15,6,36.,1,false,true,false,false,62.,52.,28.,26.,11.9517359324
1.38847226284,Voter,15,6,41.,1,false,true,false,false,62.,52.,28.,26.,11.9517359385
1.38847226284,Voter,15,6,46.,1,false,true,false,false,62.,52.,28.,26.,11.9517359388
1.38847226284,Voter,15,6,51.,1,false,true,false,false,62.,52.,28.,26.,11.9517359388
0.942281836515,Voter,15,5,1.,1,false,true,false,false,26.,24.,52.,48.,0.
0.942281836515,Voter,15,5,6.,1,false,true,false,false,62.,54.,60.,52.,9.48734847445
0.942281836515,Voter,15,5,11.,1,false,true,false,false,62.,54.,60.,52.,9.64087461239
0.942281836515,Voter,15,5,16.,1,false,true,false,false,62.,54.,60.,52.,9.64335900253
0.942281836515,Voter,15,5,21.,1,false,true,false,false,62.,54.,60.,52.,9.64339920542
0.942281836515,Voter,15,5,26.,1,false,true,false,false,62.,54.,60.,52.,9.64339985599
0.942281836515,Voter,15,5,31.,1,false,true,false,false,62.,54.,60.,52.,9.64339986652
0.942281836515,Voter,15,5,36.,1,false,true,false,false,62.,54.,60.,52.,9.64339986669
0.942281836515,Voter,15,5,41.,1,false,true,false,false,62.,54.,60.,52.,9.64339986669
0.942281836515,Voter,15,5,46.,1,false,true,false,false,62.,54.,60.,52.,9.64339986669
0.942281836515,Voter,15,5,51.,1,false,true,false,false,62.,54.,60.,52.,9.64339986669
1.17184908068,Sample,15,6,1.,1,false,true,false,false,42.,38.,82.,66.,0.
1.17184908068,Sample,15,6,6.,1,false,true,false,false,124.,104.,128.,106.,10.6151176068
1.17184908068,Sample,15,6,11.,1,false,true,false,false,128.,108.,132.,110.,10.9392963346
1.17184908068,Sample,15,6,16.,1,false,true,false,false,128.,108.,132.,110.,10.9491965403
1.17184908068,Sample,15,6,21.,1,false,true,false,false,128.,108.,132.,110.,10.9494988861
1.17184908068,Sample,15,6,26.,1,false,true,false,false,128.,108.,132.,110.,10.9495081195
1.17184908068,Sample,15,6,31.,1,false,true,false,false,128.,108.,132.,110.,10.9495084015
1.17184908068,Sample,15,6,36.,1,false,true,false,false,128.,108.,132.,110.,10.9495084101
1.17184908068,Sample,15,6,41.,1,false,true,false,false,128.,108.,132.,110.,10.9495084104
1.17184908068,Sample,15,6,46.,1,false,true,false,false,128.,108.,132.,110.,10.9495084104
1.17184908068,Sample,15,6,51.,1,false,true,false,false,128.,108.,132.,110.,10.9495084104
0.96930880616,Sample,15,6,1.,1,false,true,false,false,28.,28.,64.,54.,0.
0.96930880616,Sample,15,6,6.,1,false,true,false,false,136.,112.,124.,98.,9.6397251225
0.96930880616,Sample,15,6,11.,1,false,true,false,false,142.,114.,130.,100.,9.80992391204
0.96930880616,Sample,15,6,16.,1,false,true,false,false,142.,114.,130.,100.,9.81292893838
0.96930880616,Sample,15,6,21.,1,false,true,false,false,142.,114.,130.,100.,9.81298199507
0.96930880616,Sample,15,6,26.,1,false,true,false,false,142.,114.,130.,100.,9.81298293184
0.96930880616,Sample,15,6,31.,1,false,true,false,false,142.,114.,130.,100.,9.81298294837
0.96930880616,Sample,15,6,36.,1,false,true,false,false,142.,114.,130.,100.,9.81298294867
0.96930880616,Sample,15,6,41.,1,false,true,false,false,142.,114.,130.,100.,9.81298294867
0.96930880616,Sample,15,6,46.,1,false,true,false,false,142.,114.,130.,100.,9.81298294867
0.96930880616,Sample,15,6,51.,1,false,true,false,false,142.,114.,130.,100.,9.81298294867
1.2447593103,Voter,15,7,1.,1,false,true,false,false,42.,36.,106.,84.,0.
1.2447593103,Voter,15,7,6.,1,false,true,false,false,118.,92.,78.,74.,10.9026412578
1.2447593103,Voter,15,7,11.,1,false,true,false,false,118.,92.,78.,74.,11.293869321
1.2447593103,Voter,15,7,16.,1,false,true,false,false,118.,92.,78.,74.,11.3079080657
1.2447593103,Voter,15,7,21.,1,false,true,false,false,118.,92.,78.,74.,11.308411829
1.2447593103,Voter,15,7,26.,1,false,true,false,false,118.,92.,78.,74.,11.308429906
1.2447593103,Voter,15,7,31.,1,false,true,false,false,118.,92.,78.,74.,11.3084305546
1.2447593103,Voter,15,7,36.,1,false,true,false,false,118.,92.,78.,74.,11.3084305779
1.2447593103,Voter,15,7,41.,1,false,true,false,false,118.,92.,78.,74.,11.3084305788
1.2447593103,Voter,15,7,46.,1,false,true,false,false,118.,92.,78.,74.,11.3084305788
1.2447593103,Voter,15,7,51.,1,false,true,false,false,118.,92.,78.,74.,11.3084305788
1.22352285955,Voter,15,3,1.,1,false,true,false,false,0.,0.,6.,6.,0.
1.22352285955,Voter,15,3,6.,1,false,true,false,false,6.,6.,0.,0.,10.8220229523
1.22352285955,Voter,15,3,11.,1,false,true,false,false,6.,6.,0.,0.,11.1931389206
1.22352285955,Voter,15,3,16.,1,false,true,false,false,6.,6.,0.,0.,11.2058654748
1.22352285955,Voter,15,3,21.,1,false,true,false,false,6.,6.,0.,0.,11.2063019022
1.22352285955,Voter,15,3,26.,1,false,true,false,false,6.,6.,0.,0.,11.2063168684
1.22352285955,Voter,15,3,31.,1,false,true,false,false,6.,6.,0.,0.,11.2063173817
1.22352285955,Voter,15,3,36.,1,false,true,false,false,6.,6.,0.,0.,11.2063173993
1.22352285955,Voter,15,3,41.,1,false,true,false,false,6.,6.,0.,0.,11.2063173999
1.22352285955,Voter,15,3,46.,1,false,true,false,false,6.,6.,0.,0.,11.2063173999
1.22352285955,Voter,15,3,51.,1,false,true,false,false,6.,6.,0.,0.,11.2063173999
1.39587744375,Voter,15,3,1.,1,false,true,false,false,0.,0.,6.,6.,0.
1.39587744375,Voter,15,3,6.,1,false,true,false,false,6.,6.,0.,0.,11.4083659662
1.39587744375,Voter,15,3,11.,1,false,true,false,false,6.,6.,0.,0.,11.955256427
1.39587744375,Voter,15,3,16.,1,false,true,false,false,6.,6.,0.,0.,11.9814730804
1.39587744375,Voter,15,3,21.,1,false,true,false,false,6.,6.,0.,0.,11.9827298456
1.39587744375,Voter,15,3,26.,1,false,true,false,false,6.,6.,0.,0.,11.982790092
1.39587744375,Voter,15,3,31.,1,false,true,false,false,6.,6.,0.,0.,11.9827929801
1.39587744375,Voter,15,3,36.,1,false,true,false,false,6.,6.,0.,0.,11.9827931185
1.39587744375,Voter,15,3,41.,1,false,true,false,false,6.,6.,0.,0.,11.9827931252
1.39587744375,Voter,15,3,46.,1,false,true,false,false,6.,6.,0.,0.,11.9827931255
1.39587744375,Voter,15,3,51.,1,false,true,false,false,6.,6.,0.,0.,11.9827931255
1.38832121093,Sample,15,4,1.,1,false,true,false,false,10.,10.,22.,20.,0.
1.38832121093,Sample,15,4,6.,1,false,true,false,false,26.,26.,30.,28.,11.3857288494
1.38832121093,Sample,15,4,11.,1,false,true,false,false,28.,28.,28.,28.,11.9243543514
1.38832121093,Sample,15,4,16.,1,false,true,false,false,28.,28.,28.,28.,11.9498351471
1.38832121093,Sample,15,4,21.,1,false,true,false,false,28.,28.,28.,28.,11.951040569
1.38832121093,Sample,15,4,26.,1,false,true,false,false,28.,28.,28.,28.,11.951097594
1.38832121093,Sample,15,4,31.,1,false,true,false,false,28.,28.,28.,28.,11.9511002916
1.38832121093,Sample,15,4,36.,1,false,true,false,false,28.,28.,28.,28.,11.9511004193
1.38832121093,Sample,15,4,41.,1,false,true,false,false,28.,28.,28.,28.,11.9511004253
1.38832121093,Sample,15,4,46.,1,false,true,false,false,28.,28.,28.,28.,11.9511004256
1.38832121093,Sample,15,4,51.,1,false,true,false,false,28.,28.,28.,28.,11.9511004256
0.96611499532,Voter,15,6,1.,1,false,true,false,false,44.,36.,66.,54.,0.
0.96611499532,Voter,15,6,6.,1,false,true,false,false,78.,64.,72.,58.,9.62201485495
0.96611499532,Voter,15,6,11.,1,false,true,false,false,78.,64.,72.,58.,9.79019419344
0.96611499532,Voter,15,6,16.,1,false,true,false,false,78.,64.,72.,58.,9.79313373264
0.96611499532,Voter,15,6,21.,1,false,true,false,false,78.,64.,72.,58.,9.79318511167
0.96611499532,Voter,15,6,26.,1,false,true,false,false,78.,64.,72.,58.,9.7931860097
0.96611499532,Voter,15,6,31.,1,false,true,false,false,78.,64.,72.,58.,9.7931860254
0.96611499532,Voter,15,6,36.,1,false,true,false,false,78.,64.,72.,58.,9.79318602567
0.96611499532,Voter,15,6,41.,1,false,true,false,false,78.,64.,72.,58.,9.79318602568
0.96611499532,Voter,15,6,46.,1,false,true,false,false,78.,64.,72.,58.,9.79318602568
0.96611499532,Voter,15,6,51.,1,false,true,false,false,78.,64.,72.,58.,9.79318602568
0.985762736134,Sample,15,6,1.,1,false,true,false,false,16.,16.,50.,42.,0.
0.985762736134,Sample,15,6,6.,1,false,true,false,false,80.,70.,74.,66.,9.72972960635
0.985762736134,Sample,15,6,11.,1,false,true,false,false,82.,72.,76.,68.,9.91054027222
0.985762736134,Sample,15,6,16.,1,false,true,false,false,82.,72.,76.,68.,9.91390033445
0.985762736134,Sample,15,6,21.,1,false,true,false,false,82.,72.,76.,68.,9.91396277555
0.985762736134,Sample,15,6,26.,1,false,true,false,false,82.,72.,76.,68.,9.91396393592
0.985762736134,Sample,15,6,31.,1,false,true,false,false,82.,72.,76.,68.,9.91396395748
0.985762736134,Sample,15,6,36.,1,false,true,false,false,82.,72.,76.,68.,9.91396395788
0.985762736134,Sample,15,6,41.,1,false,true,false,false,82.,72.,76.,68.,9.91396395789
0.985762736134,Sample,15,6,46.,1,false,true,false,false,82.,72.,76.,68.,9.91396395789
0.985762736134,Sample,15,6,51.,1,false,true,false,false,82.,72.,76.,68.,9.91396395789
1.1734078087,Sample,15,3,1.,1,false,true,false,false,2.,2.,8.,8.,0.
1.1734078087,Sample,15,3,6.,1,false,true,false,false,6.,6.,0.,0.,10.6215880014
1.1734078087,Sample,15,3,11.,1,false,true,false,false,6.,6.,0.,0.,10.9471399426
1.1734078087,Sample,15,3,16.,1,false,true,false,false,6.,6.,0.,0.,10.9571181178
1.1734078087,Sample,15,3,21.,1,false,true,false,false,6.,6.,0.,0.,10.9574239491
1.1734078087,Sample,15,3,26.,1,false,true,false,false,6.,6.,0.,0.,10.9574333229
1.1734078087,Sample,15,3,31.,1,false,true,false,false,6.,6.,0.,0.,10.9574336102
1.1734078087,Sample,15,3,36.,1,false,true,false,false,6.,6.,0.,0.,10.957433619
1.1734078087,Sample,15,3,41.,1,false,true,false,false,6.,6.,0.,0.,10.9574336193
1.1734078087,Sample,15,3,46.,1,false,true,false,false,6.,6.,0.,0.,10.9574336193
1.1734078087,Sample,15,3,51.,1,false,true,false,false,6.,6.,0.,0.,10.9574336193
0.995536111916,Sample,15,7,1.,1,false,true,false,false,50.,44.,124.,100.,0.
0.995536111916,Sample,15,7,6.,1,false,true,false,false,186.,146.,192.,152.,9.78222311185
0.995536111916,Sample,15,7,11.,1,false,true,false,false,202.,158.,204.,164.,9.96950138091
0.995536111916,Sample,15,7,16.,1,false,true,false,false,202.,158.,204.,164.,9.97308677756
0.995536111916,Sample,15,7,21.,1,false,true,false,false,202.,158.,204.,164.,9.97315541911
0.995536111916,Sample,15,7,26.,1,false,true,false,false,202.,158.,204.,164.,9.97315673323
0.995536111916,Sample,15,7,31.,1,false,true,false,false,202.,158.,204.,164.,9.97315675839
0.995536111916,Sample,15,7,36.,1,false,true,false,false,202.,158.,204.,164.,9.97315675887
0.995536111916,Sample,15,7,41.,1,false,true,false,false,202.,158.,204.,164.,9.97315675888
0.995536111916,Sample,15,7,46.,1,false,true,false,false,202.,158.,204.,164.,9.97315675888
0.995536111916,Sample,15,7,51.,1,false,true,false,false,202.,158.,204.,164.,9.97315675888
1.1056564998,Voter,15,6,1.,1,false,true,false,false,22.,20.,80.,60.,0.
1.1056564998,Voter,15,6,6.,1,false,true,false,false,50.,40.,60.,48.,10.3265511097
1.1056564998,Voter,15,6,11.,1,false,true,false,false,50.,40.,60.,48.,10.5949665087
1.1056564998,Voter,15,6,16.,1,false,true,false,false,50.,40.,60.,48.,10.6019433615
1.1056564998,Voter,15,6,21.,1,false,true,false,false,50.,40.,60.,48.,10.602124709
1.1056564998,Voter,15,6,26.,1,false,true,false,false,50.,40.,60.,48.,10.6021294227
1.1056564998,Voter,15,6,31.,1,false,true,false,false,50.,40.,60.,48.,10.6021295453
1.1056564998,Voter,15,6,36.,1,false,true,false,false,50.,40.,60.,48.,10.6021295485
1.1056564998,Voter,15,6,41.,1,false,true,false,false,50.,40.,60.,48.,10.6021295485
1.1056564998,Voter,15,6,46.,1,false,true,false,false,50.,40.,60.,48.,10.6021295485
1.1056564998,Voter,15,6,51.,1,false,true,false,false,50.,40.,60.,48.,10.6021295485
0.809743848719,Voter,15,3,1.,1,false,true,false,false,6.,6.,8.,8.,0.
0.809743848719,Voter,15,3,6.,1,false,true,false,false,10.,10.,8.,8.,8.65205855799
0.809743848719,Voter,15,3,11.,1,false,true,false,false,10.,10.,8.,8.,8.73760052772
0.809743848719,Voter,15,3,16.,1,false,true,false,false,10.,10.,8.,8.,8.73844627195
0.809743848719,Voter,15,3,21.,1,false,true,false,false,10.,10.,8.,8.,8.73845463373
0.809743848719,Voter,15,3,26.,1,false,true,false,false,10.,10.,8.,8.,8.73845471641
0.809743848719,Voter,15,3,31.,1,false,true,false,false,10.,10.,8.,8.,8.73845471722
0.809743848719,Voter,15,3,36.,1,false,true,false,false,10.,10.,8.,8.,8.73845471723
0.809743848719,Voter,15,3,41.,1,false,true,false,false,10.,10.,8.,8.,8.73845471723
0.809743848719,Voter,15,3,46.,1,false,true,false,false,10.,10.,8.,8.,8.73845471723
0.809743848719,Voter,15,3,51.,1,false,true,false,false,10.,10.,8.,8.,8.73845471723
1.38690842439,Voter,15,5,1.,1,false,true,false,false,22.,20.,38.,36.,0.
1.38690842439,Voter,15,5,6.,1,false,true,false,false,52.,42.,52.,48.,11.3814671595
1.38690842439,Voter,15,5,11.,1,false,true,false,false,52.,42.,52.,48.,11.9185525686
1.38690842439,Voter,15,5,16.,1,false,true,false,false,52.,42.,52.,48.,11.9438973446
1.38690842439,Voter,15,5,21.,1,false,true,false,false,52.,42.,52.,48.,11.9450933512
1.38690842439,Voter,15,5,26.,1,false,true,false,false,52.,42.,52.,48.,11.9451497901
1.38690842439,Voter,15,5,31.,1,false,true,false,false,52.,42.,52.,48.,11.9451524535
1.38690842439,Voter,15,5,36.,1,false,true,false,false,52.,42.,52.,48.,11.9451525791
1.38690842439,Voter,15,5,41.,1,false,true,false,false,52.,42.,52.,48.,11.9451525851
1.38690842439,Voter,15,5,46.,1,false,true,false,false,52.,42.,52.,48.,11.9451525853
1.38690842439,Voter,15,5,51.,1,false,true,false,false,52.,42.,52.,48.,11.9451525854
1.30103764236,Sample,15,6,1.,1,false,true,false,false,22.,22.,56.,48.,0.
1.30103764236,Sample,15,6,6.,1,false,true,false,false,92.,76.,90.,76.,11.1044768177
1.30103764236,Sample,15,6,11.,1,false,true,false,false,100.,78.,86.,72.,11.5511984914
1.30103764236,Sample,15,6,16.,1,false,true,false,false,100.,78.,86.,72.,11.5691696446
1.30103764236,Sample,15,6,21.,1,false,true,false,false,100.,78.,86.,72.,11.5698926056
1.30103764236,Sample,15,6,26.,1,false,true,false,false,100.,78.,86.,72.,11.5699216896
1.30103764236,Sample,15,6,31.,1,false,true,false,false,100.,78.,86.,72.,11.5699228596
1.30103764236,Sample,15,6,36.,1,false,true,false,false,100.,78.,86.,72.,11.5699229067
1.30103764236,Sample,15,6,41.,1,false,true,false,false,100.,78.,86.,72.,11.5699229086
1.30103764236,Sample,15,6,46.,1,false,true,false,false,100.,78.,86.,72.,11.5699229086
1.30103764236,Sample,15,6,51.,1,false,true,false,false,100.,78.,86.,72.,11.5699229086
1.22964756451,Sample,15,5,1.,1,false,true,false,false,8.,8.,34.,30.,0.
1.22964756451,Sample,15,5,6.,1,false,true,false,false,40.,36.,34.,32.,10.8455314622
1.22964756451,Sample,15,5,11.,1,false,true,false,false,46.,40.,32.,32.,11.222399847
1.22964756451,Sample,15,5,16.,1,false,true,false,false,46.,40.,32.,32.,11.2354955426
1.22964756451,Sample,15,5,21.,1,false,true,false,false,46.,40.,32.,32.,11.2359506013
1.22964756451,Sample,15,5,26.,1,false,true,false,false,46.,40.,32.,32.,11.2359664141
1.22964756451,Sample,15,5,31.,1,false,true,false,false,46.,40.,32.,32.,11.2359669635
1.22964756451,Sample,15,5,36.,1,false,true,false,false,46.,40.,32.,32.,11.2359669826
1.22964756451,Sample,15,5,41.,1,false,true,false,false,46.,40.,32.,32.,11.2359669833
1.22964756451,Sample,15,5,46.,1,false,true,false,false,46.,40.,32.,32.,11.2359669833
1.22964756451,Sample,15,5,51.,1,false,true,false,false,46.,40.,32.,32.,11.2359669833
1.01589693919,Sample,15,3,1.,1,false,true,false,false,2.,2.,10.,10.,0.
1.01589693919,Sample,15,3,6.,1,false,true,false,false,12.,12.,8.,8.,9.88931059289
1.01589693919,Sample,15,3,11.,1,false,true,false,false,12.,12.,8.,8.,10.0904534092
1.01589693919,Sample,15,3,16.,1,false,true,false,false,12.,12.,8.,8.,10.0945445369
1.01589693919,Sample,15,3,21.,1,false,true,false,false,12.,12.,8.,8.,10.094627748
1.01589693919,Sample,15,3,26.,1,false,true,false,false,12.,12.,8.,8.,10.0946294405
1.01589693919,Sample,15,3,31.,1,false,true,false,false,12.,12.,8.,8.,10.0946294749
1.01589693919,Sample,15,3,36.,1,false,true,false,false,12.,12.,8.,8.,10.0946294756
1.01589693919,Sample,15,3,41.,1,false,true,false,false,12.,12.,8.,8.,10.0946294757
1.01589693919,Sample,15,3,46.,1,false,true,false,false,12.,12.,8.,8.,10.0946294757
1.01589693919,Sample,15,3,51.,1,false,true,false,false,12.,12.,8.,8.,10.0946294757
1.27363042618,Voter,15,3,1.,1,false,true,false,false,4.,4.,4.,4.,0.
1.27363042618,Voter,15,3,6.,1,false,true,false,false,8.,8.,0.,0.,11.0082835396
1.27363042618,Voter,15,3,11.,1,false,true,false,false,8.,8.,0.,0.,11.4275908178
1.27363042618,Voter,15,3,16.,1,false,true,false,false,8.,8.,0.,0.,11.443562299
1.27363042618,Voter,15,3,21.,1,false,true,false,false,8.,8.,0.,0.,11.4441706553
1.27363042618,Voter,15,3,26.,1,false,true,false,false,8.,8.,0.,0.,11.4441938277
1.27363042618,Voter,15,3,31.,1,false,true,false,false,8.,8.,0.,0.,11.4441947103
1.27363042618,Voter,15,3,36.,1,false,true,false,false,8.,8.,0.,0.,11.4441947439
1.27363042618,Voter,15,3,41.,1,false,true,false,false,8.,8.,0.,0.,11.4441947452
1.27363042618,Voter,15,3,46.,1,false,true,false,false,8.,8.,0.,0.,11.4441947453
1.27363042618,Voter,15,3,51.,1,false,true,false,false,8.,8.,0.,0.,11.4441947453
1.13646022576,Sample,15,5,1.,1,false,true,false,false,8.,8.,24.,20.,0.
1.13646022576,Sample,15,5,6.,1,false,true,false,false,54.,46.,46.,38.,10.4642437556
1.13646022576,Sample,15,5,11.,1,false,true,false,false,60.,50.,44.,38.,10.7579817845
1.13646022576,Sample,15,5,16.,1,false,true,false,false,60.,50.,44.,38.,10.7662271993
1.13646022576,Sample,15,5,21.,1,false,true,false,false,60.,50.,44.,38.,10.7664586533
1.13646022576,Sample,15,5,26.,1,false,true,false,false,60.,50.,44.,38.,10.7664651504
1.13646022576,Sample,15,5,31.,1,false,true,false,false,60.,50.,44.,38.,10.7664653328
1.13646022576,Sample,15,5,36.,1,false,true,false,false,60.,50.,44.,38.,10.7664653379
1.13646022576,Sample,15,5,41.,1,false,true,false,false,60.,50.,44.,38.,10.766465338
1.13646022576,Sample,15,5,46.,1,false,true,false,false,60.,50.,44.,38.,10.7664653381
1.13646022576,Sample,15,5,51.,1,false,true,false,false,60.,50.,44.,38.,10.7664653381
1.30941972714,Voter,15,6,1.,1,false,true,false,false,58.,50.,104.,82.,0.
1.30941972714,Voter,15,6,6.,1,false,true,false,false,112.,90.,114.,92.,11.1331204303
1.30941972714,Voter,15,6,11.,1,false,true,false,false,114.,92.,116.,94.,11.5883696111
1.30941972714,Voter,15,6,16.,1,false,true,false,false,114.,92.,116.,94.,11.6069853997
1.30941972714,Voter,15,6,21.,1,false,true,false,false,114.,92.,116.,94.,11.6077466259
1.30941972714,Voter,15,6,26.,1,false,true,false,false,114.,92.,116.,94.,11.6077777535
1.30941972714,Voter,15,6,31.,1,false,true,false,false,114.,92.,116.,94.,11.6077790263
1.30941972714,Voter,15,6,36.,1,false,true,false,false,114.,92.,116.,94.,11.6077790784
1.30941972714,Voter,15,6,41.,1,false,true,false,false,114.,92.,116.,94.,11.6077790805
1.30941972714,Voter,15,6,46.,1,false,true,false,false,114.,92.,116.,94.,11.6077790806
1.30941972714,Voter,15,6,51.,1,false,true,false,false,114.,92.,116.,94.,11.6077790806
1.39956362311,Sample,15,4,1.,1,false,true,false,false,12.,12.,34.,32.,0.
1.39956362311,Sample,15,4,6.,1,false,true,false,false,46.,40.,56.,50.,11.4193139615
1.39956362311,Sample,15,4,11.,1,false,true,false,false,48.,42.,58.,52.,11.9702532374
1.39956362311,Sample,15,4,16.,1,false,true,false,false,50.,44.,56.,52.,11.9968340011
1.39956362311,Sample,15,4,21.,1,false,true,false,false,50.,44.,56.,52.,11.9981164238
1.39956362311,Sample,15,4,26.,1,false,true,false,false,50.,44.,56.,52.,11.9981782959
1.39956362311,Sample,15,4,31.,1,false,true,false,false,50.,44.,56.,52.,11.998181281
1.39956362311,Sample,15,4,36.,1,false,true,false,false,50.,44.,56.,52.,11.998181425
1.39956362311,Sample,15,4,41.,1,false,true,false,false,50.,44.,56.,52.,11.9981814319
1.39956362311,Sample,15,4,46.,1,false,true,false,false,50.,44.,56.,52.,11.9981814323
1.39956362311,Sample,15,4,51.,1,false,true,false,false,50.,44.,56.,52.,11.9981814323
1.29264001669,Voter,15,3,1.,1,false,true,false,false,4.,4.,6.,6.,0.
1.29264001669,Voter,15,3,6.,1,false,true,false,false,12.,12.,10.,10.,11.0754185196
1.29264001669,Voter,15,3,11.,1,false,true,false,false,14.,14.,12.,12.,11.5136635419
1.29264001669,Voter,15,3,16.,1,false,true,false,false,14.,14.,12.,12.,11.5310045299
1.29264001669,Voter,15,3,21.,1,false,true,false,false,14.,14.,12.,12.,11.5316906983
1.29264001669,Voter,15,3,26.,1,false,true,false,false,14.,14.,12.,12.,11.5317178494
1.29264001669,Voter,15,3,31.,1,false,true,false,false,14.,14.,12.,12.,11.5317189237
1.29264001669,Voter,15,3,36.,1,false,true,false,false,14.,14.,12.,12.,11.5317189662
1.29264001669,Voter,15,3,41.,1,false,true,false,false,14.,14.,12.,12.,11.5317189679
1.29264001669,Voter,15,3,46.,1,false,true,false,false,14.,14.,12.,12.,11.531718968
1.29264001669,Voter,15,3,51.,1,false,true,false,false,14.,14.,12.,12.,11.531718968
1.17377490025,Voter,15,4,1.,1,false,true,false,false,14.,14.,26.,26.,0.
1.17377490025,Voter,15,4,6.,1,false,true,false,false,28.,28.,24.,20.,10.6231097099
1.17377490025,Voter,15,4,11.,1,false,true,false,false,30.,30.,26.,22.,10.9489854456
1.17377490025,Voter,15,4,16.,1,false,true,false,false,30.,30.,26.,22.,10.9589820472
1.17377490025,Voter,15,4,21.,1,false,true,false,false,30.,30.,26.,22.,10.9592887041
1.17377490025,Voter,15,4,26.,1,false,true,false,false,30.,30.,26.,22.,10.9592981111
1.17377490025,Voter,15,4,31.,1,false,true,false,false,30.,30.,26.,22.,10.9592983997
1.17377490025,Voter,15,4,36.,1,false,true,false,false,30.,30.,26.,22.,10.9592984086
1.17377490025,Voter,15,4,41.,1,false,true,false,false,30.,30.,26.,22.,10.9592984088
1.17377490025,Voter,15,4,46.,1,false,true,false,false,30.,30.,26.,22.,10.9592984088
1.17377490025,Voter,15,4,51.,1,false,true,false,false,30.,30.,26.,22.,10.9592984088
1.16302795562,Sample,15,7,1.,1,false,true,false,false,42.,38.,110.,88.,0.
1.16302795562,Sample,15,7,6.,1,false,true,false,false,132.,112.,116.,92.,10.5782252943
1.16302795562,Sample,15,7,11.,1,false,true,false,false,136.,116.,116.,92.,10.8946838482
1.16302795562,Sample,15,7,16.,1,false,true,false,false,136.,116.,116.,92.,10.9041510333
1.16302795562,Sample,15,7,21.,1,false,true,false,false,136.,116.,116.,92.,10.9044342539
1.16302795562,Sample,15,7,26.,1,false,true,false,false,136.,116.,116.,92.,10.9044427268
1.16302795562,Sample,15,7,31.,1,false,true,false,false,136.,116.,116.,92.,10.9044429802
1.16302795562,Sample,15,7,36.,1,false,true,false,false,136.,116.,116.,92.,10.9044429878
1.16302795562,Sample,15,7,41.,1,false,true,false,false,136.,116.,116.,92.,10.9044429881
1.16302795562,Sample,15,7,46.,1,false,true,false,false,136.,116.,116.,92.,10.9044429881
1.16302795562,Sample,15,7,51.,1,false,true,false,false,136.,116.,116.,92.,10.9044429881
0.928927955353,Voter,15,5,1.,1,false,true,false,false,22.,18.,18.,18.,0.
0.928927955353,Voter,15,5,6.,1,false,true,false,false,30.,24.,10.,10.,9.40992801485
0.928927955353,Voter,15,5,11.,1,false,true,false,false,32.,24.,8.,8.,9.55556619389
0.928927955353,Voter,15,5,16.,1,false,true,false,false,32.,24.,8.,8.,9.55782024718
0.928927955353,Voter,15,5,21.,1,false,true,false,false,32.,24.,8.,8.,9.55785513333
0.928927955353,Voter,15,5,26.,1,false,true,false,false,32.,24.,8.,8.,9.55785567327
0.928927955353,Voter,15,5,31.,1,false,true,false,false,32.,24.,8.,8.,9.55785568162
0.928927955353,Voter,15,5,36.,1,false,true,false,false,32.,24.,8.,8.,9.55785568175
0.928927955353,Voter,15,5,41.,1,false,true,false,false,32.,24.,8.,8.,9.55785568176
0.928927955353,Voter,15,5,46.,1,false,true,false,false,32.,24.,8.,8.,9.55785568176
0.928927955353,Voter,15,5,51.,1,false,true,false,false,32.,24.,8.,8.,9.55785568176
0.84041043923,Sample,15,4,1.,1,false,true,false,false,10.,10.,34.,32.,0.
0.84041043923,Sample,15,4,6.,1,false,true,false,false,34.,30.,30.,28.,8.85906868746
0.84041043923,Sample,15,4,11.,1,false,true,false,false,34.,30.,30.,28.,8.95830639453
0.84041043923,Sample,15,4,16.,1,false,true,false,false,34.,30.,30.,28.,8.95941803762
0.84041043923,Sample,15,4,21.,1,false,true,false,false,34.,30.,30.,28.,8.95943049005
0.84041043923,Sample,15,4,26.,1,false,true,false,false,34.,30.,30.,28.,8.95943062954
0.84041043923,Sample,15,4,31.,1,false,true,false,false,34.,30.,30.,28.,8.9594306311
0.84041043923,Sample,15,4,36.,1,false,true,false,false,34.,30.,30.,28.,8.95943063112
0.84041043923,Sample,15,4,41.,1,false,true,false,false,34.,30.,30.,28.,8.95943063112
0.84041043923,Sample,15,4,46.,1,false,true,false,false,34.,30.,30.,28.,8.95943063112
0.84041043923,Sample,15,4,51.,1,false,true,false,false,34.,30.,30.,28.,8.95943063112
1.26625772989,Sample,15,7,1.,1,false,true,false,false,28.,24.,76.,54.,0.
1.26625772989,Sample,15,7,6.,1,false,true,false,false,144.,114.,108.,86.,10.9817324999
1.26625772989,Sample,15,7,11.,1,false,true,false,false,152.,122.,108.,88.,11.3937900844
1.26625772989,Sample,15,7,16.,1,false,true,false,false,152.,122.,108.,88.,11.4092513473
1.26625772989,Sample,15,7,21.,1,false,true,false,false,152.,122.,108.,88.,11.4098314862
1.26625772989,Sample,15,7,26.,1,false,true,false,false,152.,122.,108.,88.,11.4098532543
1.26625772989,Sample,15,7,31.,1,false,true,false,false,152.,122.,108.,88.,11.4098540711
1.26625772989,Sample,15,7,36.,1,false,true,false,false,152.,122.,108.,88.,11.4098541017
1.26625772989,Sample,15,7,41.,1,false,true,false,false,152.,122.,108.,88.,11.4098541029
1.26625772989,Sample,15,7,46.,1,false,true,false,false,152.,122.,108.,88.,11.4098541029
1.26625772989,Sample,15,7,51.,1,false,true,false,false,152.,122.,108.,88.,11.4098541029
1.1038911526,Voter,15,4,1.,1,false,true,false,false,0.,0.,18.,18.,0.
1.1038911526,Voter,15,4,6.,1,false,true,false,false,12.,12.,10.,10.,10.3184754847
1.1038911526,Voter,15,4,11.,1,false,true,false,false,12.,12.,10.,10.,10.5854734637
1.1038911526,Voter,15,4,16.,1,false,true,false,false,12.,12.,10.,10.,10.5923822285
1.1038911526,Voter,15,4,21.,1,false,true,false,false,12.,12.,10.,10.,10.5925609978
1.1038911526,Voter,15,4,26.,1,false,true,false,false,12.,12.,10.,10.,10.5925656236
1.1038911526,Voter,15,4,31.,1,false,true,false,false,12.,12.,10.,10.,10.5925657433
1.1038911526,Voter,15,4,36.,1,false,true,false,false,12.,12.,10.,10.,10.5925657463
1.1038911526,Voter,15,4,41.,1,false,true,false,false,12.,12.,10.,10.,10.5925657464
1.1038911526,Voter,15,4,46.,1,false,true,false,false,12.,12.,10.,10.,10.5925657464
1.1038911526,Voter,15,4,51.,1,false,true,false,false,12.,12.,10.,10.,10.5925657464
1.18762405319,Sample,15,3,1.,1,false,true,false,false,8.,8.,10.,10.,0.
1.18762405319,Sample,15,3,6.,1,false,true,false,false,12.,10.,2.,2.,10.6799333395
1.18762405319,Sample,15,3,11.,1,false,true,false,false,12.,10.,2.,2.,11.0181335981
1.18762405319,Sample,15,3,16.,1,false,true,false,false,12.,10.,2.,2.,11.028843348
1.18762405319,Sample,15,3,21.,1,false,true,false,false,12.,10.,2.,2.,11.0291824925
1.18762405319,Sample,15,3,26.,1,false,true,false,false,12.,10.,2.,2.,11.0291932321
1.18762405319,Sample,15,3,31.,1,false,true,false,false,12.,10.,2.,2.,11.0291935722
1.18762405319,Sample,15,3,36.,1,false,true,false,false,12.,10.,2.,2.,11.029193583
1.18762405319,Sample,15,3,41.,1,false,true,false,false,12.,10.,2.,2.,11.0291935833
1.18762405319,Sample,15,3,46.,1,false,true,false,false,12.,10.,2.,2.,11.0291935833
1.18762405319,Sample,15,3,51.,1,false,true,false,false,12.,10.,2.,2.,11.0291935833
0.889120812283,Voter,15,3,1.,1,false,true,false,false,8.,8.,2.,2.,0.
0.889120812283,Voter,15,3,6.,1,false,true,false,false,10.,10.,0.,0.,9.17048658439
0.889120812283,Voter,15,3,11.,1,false,true,false,false,10.,10.,0.,0.,9.29399149374
0.889120812283,Voter,15,3,16.,1,false,true,false,false,10.,10.,0.,0.,9.29565481471
0.889120812283,Voter,15,3,21.,1,false,true,false,false,10.,10.,0.,0.,9.29567721574
0.889120812283,Voter,15,3,26.,1,false,true,false,false,10.,10.,0.,0.,9.29567751743
0.889120812283,Voter,15,3,31.,1,false,true,false,false,10.,10.,0.,0.,9.29567752149
0.889120812283,Voter,15,3,36.,1,false,true,false,false,10.,10.,0.,0.,9.29567752154
0.889120812283,Voter,15,3,41.,1,false,true,false,false,10.,10.,0.,0.,9.29567752154
0.889120812283,Voter,15,3,46.,1,false,true,false,false,10.,10.,0.,0.,9.29567752155
0.889120812283,Voter,15,3,51.,1,false,true,false,false,10.,10.,0.,0.,9.29567752155
1.04940436338,Sample,15,4,1.,1,false,true,false,false,2.,2.,16.,14.,0.
1.04940436338,Sample,15,4,6.,1,false,true,false,false,18.,18.,8.,8.,10.0590319401
1.04940436338,Sample,15,4,11.,1,false,true,false,false,18.,18.,8.,8.,10.2841279416
1.04940436338,Sample,15,4,16.,1,false,true,false,false,18.,18.,8.,8.,10.2891650277
1.04940436338,Sample,15,4,21.,1,false,true,false,false,18.,18.,8.,8.,10.2892777451
1.04940436338,Sample,15,4,26.,1,false,true,false,false,18.,18.,8.,8.,10.2892802674
1.04940436338,Sample,15,4,31.,1,false,true,false,false,18.,18.,8.,8.,10.2892803239
1.04940436338,Sample,15,4,36.,1,false,true,false,false,18.,18.,8.,8.,10.2892803251
1.04940436338,Sample,15,4,41.,1,false,true,false,false,18.,18.,8.,8.,10.2892803252
1.04940436338,Sample,15,4,46.,1,false,true,false,false,18.,18.,8.,8.,10.2892803252
1.04940436338,Sample,15,4,51.,1,false,true,false,false,18.,18.,8.,8.,10.2892803252
1.11958950148,Voter,15,4,1.,1,false,true,false,false,10.,10.,16.,16.,0.
1.11958950148,Voter,15,4,6.,1,false,true,false,false,24.,24.,10.,10.,10.3895812096
1.11958950148,Voter,15,4,11.,1,false,true,false,false,24.,24.,10.,10.,10.6693128492
1.11958950148,Voter,15,4,16.,1,false,true,false,false,24.,24.,10.,10.,10.6768444127
1.11958950148,Voter,15,4,21.,1,false,true,false,false,24.,24.,10.,10.,10.6770471944
1.11958950148,Voter,15,4,26.,1,false,true,false,false,24.,24.,10.,10.,10.6770526541
1.11958950148,Voter,15,4,31.,1,false,true,false,false,24.,24.,10.,10.,10.6770528011
1.11958950148,Voter,15,4,36.,1,false,true,false,false,24.,24.,10.,10.,10.6770528051
1.11958950148,Voter,15,4,41.,1,false,true,false,false,24.,24.,10.,10.,10.6770528052
1.11958950148,Voter,15,4,46.,1,false,true,false,false,24.,24.,10.,10.,10.6770528052
1.11958950148,Voter,15,4,51.,1,false,true,false,false,24.,24.,10.,10.,10.6770528052
1.36931280314,Sample,15,3,1.,1,false,true,false,false,2.,2.,10.,8.,0.
1.36931280314,Sample,15,3,6.,1,false,true,false,false,6.,6.,6.,6.,11.32760989
1.36931280314,Sample,15,3,11.,1,false,true,false,false,6.,6.,6.,6.,11.8456535859
1.36931280314,Sample,15,3,16.,1,false,true,false,false,6.,6.,6.,6.,11.869345192
1.36931280314,Sample,15,3,21.,1,false,true,false,false,6.,6.,6.,6.,11.8704286762
1.36931280314,Sample,15,3,26.,1,false,true,false,false,6.,6.,6.,6.,11.870478227
1.36931280314,Sample,15,3,31.,1,false,true,false,false,6.,6.,6.,6.,11.8704804931
1.36931280314,Sample,15,3,36.,1,false,true,false,false,6.,6.,6.,6.,11.8704805968
1.36931280314,Sample,15,3,41.,1,false,true,false,false,6.,6.,6.,6.,11.8704806015
1.36931280314,Sample,15,3,46.,1,false,true,false,false,6.,6.,6.,6.,11.8704806017
1.36931280314,Sample,15,3,51.,1,false,true,false,false,6.,6.,6.,6.,11.8704806017
1.36393013977,Sample,15,6,1.,1,false,true,false,false,8.,8.,46.,36.,0.
1.36393013977,Sample,15,6,6.,1,false,true,false,false,106.,90.,96.,86.,11.3108432713
1.36393013977,Sample,15,6,11.,1,false,true,false,false,128.,100.,90.,80.,11.8231142091
1.36393013977,Sample,15,6,16.,1,false,true,false,false,128.,100.,90.,80.,11.8463150888
1.36393013977,Sample,15,6,21.,1,false,true,false,false,128.,100.,90.,80.,11.8473658625
1.36393013977,Sample,15,6,26.,1,false,true,false,false,128.,100.,90.,80.,11.8474134523
1.36393013977,Sample,15,6,31.,1,false,true,false,false,128.,100.,90.,80.,11.8474156076
1.36393013977,Sample,15,6,36.,1,false,true,false,false,128.,100.,90.,80.,11.8474157052
1.36393013977,Sample,15,6,41.,1,false,true,false,false,128.,100.,90.,80.,11.8474157097
1.36393013977,Sample,15,6,46.,1,false,true,false,false,128.,100.,90.,80.,11.8474157099
1.36393013977,Sample,15,6,51.,1,false,true,false,false,128.,100.,90.,80.,11.8474157099
1.11375441719,Voter,15,3,1.,1,false,true,false,false,14.,14.,38.,32.,0.
1.11375441719,Voter,15,3,6.,1,false,true,false,false,28.,28.,48.,40.,10.3633365348
1.11375441719,Voter,15,3,11.,1,false,true,false,false,30.,30.,46.,40.,10.6383011357
1.11375441719,Voter,15,3,16.,1,false,true,false,false,30.,30.,46.,40.,10.6455966173
1.11375441719,Voter,15,3,21.,1,false,true,false,false,30.,30.,46.,40.,10.6457901842
1.11375441719,Voter,15,3,26.,1,false,true,false,false,30.,30.,46.,40.,10.64579532
1.11375441719,Voter,15,3,31.,1,false,true,false,false,30.,30.,46.,40.,10.6457954563
1.11375441719,Voter,15,3,36.,1,false,true,false,false,30.,30.,46.,40.,10.6457954599
1.11375441719,Voter,15,3,41.,1,false,true,false,false,30.,30.,46.,40.,10.64579546
1.11375441719,Voter,15,3,46.,1,false,true,false,false,30.,30.,46.,40.,10.64579546
1.11375441719,Voter,15,3,51.,1,false,true,false,false,30.,30.,46.,40.,10.64579546
0.889002218027,Sample,15,6,1.,1,false,true,false,false,24.,24.,62.,56.,0.
0.889002218027,Sample,15,6,6.,1,false,true,false,false,110.,84.,108.,78.,9.16975342549
0.889002218027,Sample,15,6,11.,1,false,true,false,false,110.,86.,104.,74.,9.29319548889
0.889002218027,Sample,15,6,16.,1,false,true,false,false,110.,86.,104.,74.,9.29485725037
0.889002218027,Sample,15,6,21.,1,false,true,false,false,110.,86.,104.,74.,9.29487962079
0.889002218027,Sample,15,6,26.,1,false,true,false,false,110.,86.,104.,74.,9.29487992194
0.889002218027,Sample,15,6,31.,1,false,true,false,false,110.,86.,104.,74.,9.29487992599
0.889002218027,Sample,15,6,36.,1,false,true,false,false,110.,86.,104.,74.,9.29487992605
0.889002218027,Sample,15,6,41.,1,false,true,false,false,110.,86.,104.,74.,9.29487992605
0.889002218027,Sample,15,6,46.,1,false,true,false,false,110.,86.,104.,74.,9.29487992605
0.889002218027,Sample,15,6,51.,1,false,true,false,false,110.,86.,104.,74.,9.29487992605
1.02922198821,Voter,15,6,1.,1,false,true,false,false,36.,36.,64.,56.,0.
1.02922198821,Voter,15,6,6.,1,false,true,false,false,74.,64.,58.,54.,9.95776101213
1.02922198821,Voter,15,6,11.,1,false,true,false,false,74.,64.,58.,54.,10.1682611236
1.02922198821,Voter,15,6,16.,1,false,true,false,false,74.,64.,58.,54.,10.1727109489
1.02922198821,Voter,15,6,21.,1,false,true,false,false,74.,64.,58.,54.,10.1728050151
1.02922198821,Voter,15,6,26.,1,false,true,false,false,74.,64.,58.,54.,10.1728070036
1.02922198821,Voter,15,6,31.,1,false,true,false,false,74.,64.,58.,54.,10.1728070456
1.02922198821,Voter,15,6,36.,1,false,true,false,false,74.,64.,58.,54.,10.1728070465
1.02922198821,Voter,15,6,41.,1,false,true,false,false,74.,64.,58.,54.,10.1728070465
1.02922198821,Voter,15,6,46.,1,false,true,false,false,74.,64.,58.,54.,10.1728070465
1.02922198821,Voter,15,6,51.,1,false,true,false,false,74.,64.,58.,54.,10.1728070465
0.884603250582,Voter,15,6,1.,1,false,true,false,false,38.,32.,46.,42.,0.
0.884603250582,Voter,15,6,6.,1,false,true,false,false,58.,46.,34.,32.,9.14247393995
0.884603250582,Voter,15,6,11.,1,false,true,false,false,58.,46.,34.,32.,9.26359787588
0.884603250582,Voter,15,6,16.,1,false,true,false,false,58.,46.,34.,32.,9.26520258462
0.884603250582,Voter,15,6,21.,1,false,true,false,false,58.,46.,34.,32.,9.26522384458
0.884603250582,Voter,15,6,26.,1,false,true,false,false,58.,46.,34.,32.,9.26522412624
0.884603250582,Voter,15,6,31.,1,false,true,false,false,58.,46.,34.,32.,9.26522412997
0.884603250582,Voter,15,6,36.,1,false,true,false,false,58.,46.,34.,32.,9.26522413002
0.884603250582,Voter,15,6,41.,1,false,true,false,false,58.,46.,34.,32.,9.26522413002
0.884603250582,Voter,15,6,46.,1,false,true,false,false,58.,46.,34.,32.,9.26522413002
0.884603250582,Voter,15,6,51.,1,false,true,false,false,58.,46.,34.,32.,9.26522413002
1.0795764317,Voter,15,5,1.,1,false,true,false,false,14.,14.,24.,24.,0.
1.0795764317,Voter,15,5,6.,1,false,true,false,false,44.,36.,34.,28.,10.20516446
1.0795764317,Voter,15,5,11.,1,false,true,false,false,44.,36.,34.,28.,10.4530187921
1.0795764317,Voter,15,5,16.,1,false,true,false,false,44.,36.,34.,28.,10.4590384668
1.0795764317,Voter,15,5,21.,1,false,true,false,false,44.,36.,34.,28.,10.4591846675
1.0795764317,Voter,15,5,26.,1,false,true,false,false,44.,36.,34.,28.,10.4591882183
1.0795764317,Voter,15,5,31.,1,false,true,false,false,44.,36.,34.,28.,10.4591883046
1.0795764317,Voter,15,5,36.,1,false,true,false,false,44.,36.,34.,28.,10.4591883067
1.0795764317,Voter,15,5,41.,1,false,true,false,false,44.,36.,34.,28.,10.4591883067
1.0795764317,Voter,15,5,46.,1,false,true,false,false,44.,36.,34.,28.,10.4591883067
1.0795764317,Voter,15,5,51.,1,false,true,false,false,44.,36.,34.,28.,10.4591883067
0.902585529257,Sample,15,7,1.,1,false,true,false,false,38.,32.,108.,84.,0.
0.902585529257,Sample,15,7,6.,1,false,true,false,false,174.,132.,184.,148.,9.25295271177
0.902585529257,Sample,15,7,11.,1,false,true,false,false,186.,142.,188.,150.,9.38371246516
0.902585529257,Sample,15,7,16.,1,false,true,false,false,186.,142.,188.,150.,9.38556031996
0.902585529257,Sample,15,7,21.,1,false,true,false,false,186.,142.,188.,150.,9.38558643325
0.902585529257,Sample,15,7,26.,1,false,true,false,false,186.,142.,188.,150.,9.38558680227
0.902585529257,Sample,15,7,31.,1,false,true,false,false,186.,142.,188.,150.,9.38558680749
0.902585529257,Sample,15,7,36.,1,false,true,false,false,186.,142.,188.,150.,9.38558680756
0.902585529257,Sample,15,7,41.,1,false,true,false,false,186.,142.,188.,150.,9.38558680756
0.902585529257,Sample,15,7,46.,1,false,true,false,false,186.,142.,188.,150.,9.38558680756
0.902585529257,Sample,15,7,51.,1,false,true,false,false,186.,142.,188.,150.,9.38558680756
1.22147577297,Voter,15,6,1.,1,false,true,false,false,64.,54.,100.,82.,0.
1.22147577297,Voter,15,6,6.,1,false,true,false,false,108.,84.,120.,96.,10.8141185778
1.22147577297,Voter,15,6,11.,1,false,true,false,false,110.,84.,118.,96.,11.1833206535
1.22147577297,Voter,15,6,16.,1,false,true,false,false,112.,86.,116.,94.,11.1959254878
1.22147577297,Voter,15,6,21.,1,false,true,false,false,112.,86.,116.,94.,11.1963558263
1.22147577297,Voter,15,6,26.,1,false,true,false,false,112.,86.,116.,94.,11.1963705183
1.22147577297,Voter,15,6,31.,1,false,true,false,false,112.,86.,116.,94.,11.1963710199
1.22147577297,Voter,15,6,36.,1,false,true,false,false,112.,86.,116.,94.,11.1963710371
1.22147577297,Voter,15,6,41.,1,false,true,false,false,112.,86.,116.,94.,11.1963710376
1.22147577297,Voter,15,6,46.,1,false,true,false,false,112.,86.,116.,94.,11.1963710377
1.22147577297,Voter,15,6,51.,1,false,true,false,false,112.,86.,116.,94.,11.1963710377
1.19499554313,Voter,15,6,1.,1,false,true,false,false,44.,44.,96.,80.,0.
1.19499554313,Voter,15,6,6.,1,false,true,false,false,94.,78.,94.,82.,10.7097177548
1.19499554313,Voter,15,6,11.,1,false,true,false,false,94.,78.,94.,82.,11.0545637733
1.19499554313,Voter,15,6,16.,1,false,true,false,false,94.,78.,94.,82.,11.0656675932
1.19499554313,Voter,15,6,21.,1,false,true,false,false,94.,78.,94.,82.,11.066025129
1.19499554313,Voter,15,6,26.,1,false,true,false,false,94.,78.,94.,82.,11.0660366414
1.19499554313,Voter,15,6,31.,1,false,true,false,false,94.,78.,94.,82.,11.0660370121
1.19499554313,Voter,15,6,36.,1,false,true,false,false,94.,78.,94.,82.,11.0660370241
1.19499554313,Voter,15,6,41.,1,false,true,false,false,94.,78.,94.,82.,11.0660370244
1.19499554313,Voter,15,6,46.,1,false,true,false,false,94.,78.,94.,82.,11.0660370245
1.19499554313,Voter,15,6,51.,1,false,true,false,false,94.,78.,94.,82.,11.0660370245
0.865553505333,Voter,15,7,1.,1,false,true,false,false,76.,70.,118.,100.,0.
0.865553505333,Voter,15,7,6.,1,false,true,false,false,110.,84.,108.,88.,9.02241611066
0.865553505333,Voter,15,7,11.,1,false,true,false,false,110.,84.,108.,88.,9.13379330521
0.865553505333,Voter,15,7,16.,1,false,true,false,false,110.,84.,108.,88.,9.13516820072
0.865553505333,Voter,15,7,21.,1,false,true,false,false,110.,84.,108.,88.,9.13518517312
0.865553505333,Voter,15,7,26.,1,false,true,false,false,110.,84.,108.,88.,9.13518538264
0.865553505333,Voter,15,7,31.,1,false,true,false,false,110.,84.,108.,88.,9.13518538522
0.865553505333,Voter,15,7,36.,1,false,true,false,false,110.,84.,108.,88.,9.13518538525
0.865553505333,Voter,15,7,41.,1,false,true,false,false,110.,84.,108.,88.,9.13518538525
0.865553505333,Voter,15,7,46.,1,false,true,false,false,110.,84.,108.,88.,9.13518538525
0.865553505333,Voter,15,7,51.,1,false,true,false,false,110.,84.,108.,88.,9.13518538525
0.914294325251,Sample,15,5,1.,1,false,true,false,false,12.,12.,44.,40.,0.
0.914294325251,Sample,15,5,6.,1,false,true,false,false,64.,62.,64.,58.,9.32343085731
0.914294325251,Sample,15,5,11.,1,false,true,false,false,66.,64.,66.,60.,9.46069198664
0.914294325251,Sample,15,5,16.,1,false,true,false,false,66.,64.,66.,60.,9.46271276825
0.914294325251,Sample,15,5,21.,1,false,true,false,false,66.,64.,66.,60.,9.46274251854
0.914294325251,Sample,15,5,26.,1,false,true,false,false,66.,64.,66.,60.,9.46274295653
0.914294325251,Sample,15,5,31.,1,false,true,false,false,66.,64.,66.,60.,9.46274296298
0.914294325251,Sample,15,5,36.,1,false,true,false,false,66.,64.,66.,60.,9.46274296307
0.914294325251,Sample,15,5,41.,1,false,true,false,false,66.,64.,66.,60.,9.46274296307
0.914294325251,Sample,15,5,46.,1,false,true,false,false,66.,64.,66.,60.,9.46274296307
0.914294325251,Sample,15,5,51.,1,false,true,false,false,66.,64.,66.,60.,9.46274296307
1.32655840986,Voter,15,7,1.,1,false,true,false,false,24.,24.,94.,76.,0.
1.32655840986,Voter,15,7,6.,1,false,true,false,false,86.,72.,76.,62.,11.1905801233
1.32655840986,Voter,15,7,11.,1,false,true,false,false,88.,74.,78.,62.,11.6634688604
1.32655840986,Voter,15,7,16.,1,false,true,false,false,88.,74.,78.,62.,11.6834520744
1.32655840986,Voter,15,7,21.,1,false,true,false,false,88.,74.,78.,62.,11.68429652
1.32655840986,Voter,15,7,26.,1,false,true,false,false,88.,74.,78.,62.,11.6843322044
1.32655840986,Voter,15,7,31.,1,false,true,false,false,88.,74.,78.,62.,11.6843337124
1.32655840986,Voter,15,7,36.,1,false,true,false,false,88.,74.,78.,62.,11.6843337761
1.32655840986,Voter,15,7,41.,1,false,true,false,false,88.,74.,78.,62.,11.6843337788
1.32655840986,Voter,15,7,46.,1,false,true,false,false,88.,74.,78.,62.,11.6843337789
1.32655840986,Voter,15,7,51.,1,false,true,false,false,88.,74.,78.,62.,11.6843337789
1.25917512972,Voter,15,5,1.,1,false,true,false,false,8.,8.,38.,32.,0.
1.25917512972,Voter,15,5,6.,1,false,true,false,false,38.,34.,12.,12.,10.9559523416
1.25917512972,Voter,15,5,11.,1,false,true,false,false,40.,36.,10.,10.,11.3610963331
1.25917512972,Voter,15,5,16.,1,false,true,false,false,40.,36.,10.,10.,11.3760782944
1.25917512972,Voter,15,5,21.,1,false,true,false,false,40.,36.,10.,10.,11.3766323176
1.25917512972,Voter,15,5,26.,1,false,true,false,false,40.,36.,10.,10.,11.376652805
1.25917512972,Voter,15,5,31.,1,false,true,false,false,40.,36.,10.,10.,11.3766535626
1.25917512972,Voter,15,5,36.,1,false,true,false,false,40.,36.,10.,10.,11.3766535906
1.25917512972,Voter,15,5,41.,1,false,true,false,false,40.,36.,10.,10.,11.3766535917
1.25917512972,Voter,15,5,46.,1,false,true,false,false,40.,36.,10.,10.,11.3766535917
1.25917512972,Voter,15,5,51.,1,false,true,false,false,40.,36.,10.,10.,11.3766535917
0.948324419901,Voter,15,5,1.,1,false,true,false,false,28.,28.,50.,46.,0.
0.948324419901,Voter,15,5,6.,1,false,true,false,false,52.,44.,42.,36.,9.52191347812
0.948324419901,Voter,15,5,11.,1,false,true,false,false,52.,44.,42.,36.,9.67908507997
0.948324419901,Voter,15,5,16.,1,false,true,false,false,52.,44.,42.,36.,9.68167940226
0.948324419901,Voter,15,5,21.,1,false,true,false,false,52.,44.,42.,36.,9.68172222494
0.948324419901,Voter,15,5,26.,1,false,true,false,false,52.,44.,42.,36.,9.68172293178
0.948324419901,Voter,15,5,31.,1,false,true,false,false,52.,44.,42.,36.,9.68172294345
0.948324419901,Voter,15,5,36.,1,false,true,false,false,52.,44.,42.,36.,9.68172294364
0.948324419901,Voter,15,5,41.,1,false,true,false,false,52.,44.,42.,36.,9.68172294364
0.948324419901,Voter,15,5,46.,1,false,true,false,false,52.,44.,42.,36.,9.68172294364
0.948324419901,Voter,15,5,51.,1,false,true,false,false,52.,44.,42.,36.,9.68172294364
1.27243052725,Sample,15,3,1.,1,false,true,false,false,8.,8.,16.,14.,0.
1.27243052725,Sample,15,3,6.,1,false,true,false,false,16.,16.,12.,12.,11.0039820902
1.27243052725,Sample,15,3,11.,1,false,true,false,false,16.,16.,12.,12.,11.4221058316
1.27243052725,Sample,15,3,16.,1,false,true,false,false,16.,16.,12.,12.,11.4379934859
1.27243052725,Sample,15,3,21.,1,false,true,false,false,16.,16.,12.,12.,11.438597177
1.27243052725,Sample,15,3,26.,1,false,true,false,false,16.,16.,12.,12.,11.4386201157
1.27243052725,Sample,15,3,31.,1,false,true,false,false,16.,16.,12.,12.,11.4386209873
1.27243052725,Sample,15,3,36.,1,false,true,false,false,16.,16.,12.,12.,11.4386210204
1.27243052725,Sample,15,3,41.,1,false,true,false,false,16.,16.,12.,12.,11.4386210217
1.27243052725,Sample,15,3,46.,1,false,true,false,false,16.,16.,12.,12.,11.4386210218
1.27243052725,Sample,15,3,51.,1,false,true,false,false,16.,16.,12.,12.,11.4386210218
1.14470143058,Voter,15,6,1.,1,false,true,false,false,74.,68.,150.,122.,0.
1.14470143058,Voter,15,6,6.,1,false,true,false,false,120.,96.,168.,136.,10.500066186
1.14470143058,Voter,15,6,11.,1,false,true,false,false,120.,96.,168.,136.,10.8007659002
1.14470143058,Voter,15,6,16.,1,false,true,false,false,120.,96.,168.,136.,10.8093773048
1.14470143058,Voter,15,6,21.,1,false,true,false,false,120.,96.,168.,136.,10.8096239173
1.14470143058,Voter,15,6,26.,1,false,true,false,false,120.,96.,168.,136.,10.8096309797
1.14470143058,Voter,15,6,31.,1,false,true,false,false,120.,96.,168.,136.,10.809631182
1.14470143058,Voter,15,6,36.,1,false,true,false,false,120.,96.,168.,136.,10.8096311878
1.14470143058,Voter,15,6,41.,1,false,true,false,false,120.,96.,168.,136.,10.8096311879
1.14470143058,Voter,15,6,46.,1,false,true,false,false,120.,96.,168.,136.,10.8096311879
1.14470143058,Voter,15,6,51.,1,false,true,false,false,120.,96.,168.,136.,10.8096311879
1.15256751461,Voter,15,6,1.,1,false,true,false,false,90.,76.,150.,116.,0.
1.15256751461,Voter,15,6,6.,1,false,true,false,false,136.,108.,144.,108.,10.5338656459
1.15256751461,Voter,15,6,11.,1,false,true,false,false,138.,108.,142.,106.,10.8412826711
1.15256751461,Voter,15,6,16.,1,false,true,false,false,138.,108.,142.,106.,10.8502542329
1.15256751461,Voter,15,6,21.,1,false,true,false,false,138.,108.,142.,106.,10.8505160562
1.15256751461,Voter,15,6,26.,1,false,true,false,false,138.,108.,142.,106.,10.8505236972
1.15256751461,Voter,15,6,31.,1,false,true,false,false,138.,108.,142.,106.,10.8505239201
1.15256751461,Voter,15,6,36.,1,false,true,false,false,138.,108.,142.,106.,10.8505239267
1.15256751461,Voter,15,6,41.,1,false,true,false,false,138.,108.,142.,106.,10.8505239268
1.15256751461,Voter,15,6,46.,1,false,true,false,false,138.,108.,142.,106.,10.8505239268
1.15256751461,Voter,15,6,51.,1,false,true,false,false,138.,108.,142.,106.,10.8505239268
0.810431106994,Sample,15,3,1.,1,false,true,false,false,10.,10.,18.,16.,0.
0.810431106994,Sample,15,3,6.,1,false,true,false,false,20.,18.,16.,16.,8.6567937099
0.810431106994,Sample,15,3,11.,1,false,true,false,false,20.,18.,16.,16.,8.74262931806
0.810431106994,Sample,15,3,16.,1,false,true,false,false,20.,18.,16.,16.,8.7434804128
0.810431106994,Sample,15,3,21.,1,false,true,false,false,20.,18.,16.,16.,8.74348885175
0.810431106994,Sample,15,3,26.,1,false,true,false,false,20.,18.,16.,16.,8.74348893543
0.810431106994,Sample,15,3,31.,1,false,true,false,false,20.,18.,16.,16.,8.74348893626
0.810431106994,Sample,15,3,36.,1,false,true,false,false,20.,18.,16.,16.,8.74348893627
0.810431106994,Sample,15,3,41.,1,false,true,false,false,20.,18.,16.,16.,8.74348893627
0.810431106994,Sample,15,3,46.,1,false,true,false,false,20.,18.,16.,16.,8.74348893627
0.810431106994,Sample,15,3,51.,1,false,true,false,false,20.,18.,16.,16.,8.74348893627
0.811432560491,Voter,15,6,1.,1,false,true,false,false,38.,36.,50.,46.,0.
0.811432560491,Voter,15,6,6.,1,false,true,false,false,66.,54.,62.,54.,8.66368566625
0.811432560491,Voter,15,6,11.,1,false,true,false,false,66.,54.,62.,54.,8.74995024294
0.811432560491,Voter,15,6,16.,1,false,true,false,false,66.,54.,62.,54.,8.75080918191
0.811432560491,Voter,15,6,21.,1,false,true,false,false,66.,54.,62.,54.,8.75081773439
0.811432560491,Voter,15,6,26.,1,false,true,false,false,66.,54.,62.,54.,8.75081781955
0.811432560491,Voter,15,6,31.,1,false,true,false,false,66.,54.,62.,54.,8.75081782039
0.811432560491,Voter,15,6,36.,1,false,true,false,false,66.,54.,62.,54.,8.7508178204
0.811432560491,Voter,15,6,41.,1,false,true,false,false,66.,54.,62.,54.,8.7508178204
0.811432560491,Voter,15,6,46.,1,false,true,false,false,66.,54.,62.,54.,8.7508178204
0.811432560491,Voter,15,6,51.,1,false,true,false,false,66.,54.,62.,54.,8.7508178204
1.2309977806,Sample,15,3,1.,1,false,true,false,false,4.,4.,18.,16.,0.
1.2309977806,Sample,15,3,6.,1,false,true,false,false,12.,12.,10.,10.,10.8506857457
1.2309977806,Sample,15,3,11.,1,false,true,false,false,12.,12.,10.,10.,11.2288275402
1.2309977806,Sample,15,3,16.,1,false,true,false,false,12.,12.,10.,10.,11.2420056213
1.2309977806,Sample,15,3,21.,1,false,true,false,false,12.,12.,10.,10.,11.2424648718
1.2309977806,Sample,15,3,26.,1,false,true,false,false,12.,12.,10.,10.,11.2424808765
1.2309977806,Sample,15,3,31.,1,false,true,false,false,12.,12.,10.,10.,11.2424814343
1.2309977806,Sample,15,3,36.,1,false,true,false,false,12.,12.,10.,10.,11.2424814537
1.2309977806,Sample,15,3,41.,1,false,true,false,false,12.,12.,10.,10.,11.2424814544
1.2309977806,Sample,15,3,46.,1,false,true,false,false,12.,12.,10.,10.,11.2424814544
1.2309977806,Sample,15,3,51.,1,false,true,false,false,12.,12.,10.,10.,11.2424814544
1.11609248899,Voter,15,5,1.,1,false,true,false,false,26.,22.,42.,36.,0.
1.11609248899,Voter,15,5,6.,1,false,true,false,false,36.,32.,28.,24.,10.3738787697
1.11609248899,Voter,15,5,11.,1,false,true,false,false,36.,32.,28.,24.,10.6507486819
1.11609248899,Voter,15,5,16.,1,false,true,false,false,36.,32.,28.,24.,10.658138102
1.11609248899,Voter,15,5,21.,1,false,true,false,false,36.,32.,28.,24.,10.6583353192
1.11609248899,Voter,15,5,26.,1,false,true,false,false,36.,32.,28.,24.,10.6583405828
1.11609248899,Voter,15,5,31.,1,false,true,false,false,36.,32.,28.,24.,10.6583407233
1.11609248899,Voter,15,5,36.,1,false,true,false,false,36.,32.,28.,24.,10.658340727
1.11609248899,Voter,15,5,41.,1,false,true,false,false,36.,32.,28.,24.,10.6583407271
1.11609248899,Voter,15,5,46.,1,false,true,false,false,36.,32.,28.,24.,10.6583407271
1.11609248899,Voter,15,5,51.,1,false,true,false,false,36.,32.,28.,24.,10.6583407271
1.23185797547,Sample,15,6,1.,1,false,true,false,false,24.,22.,54.,44.,0.
1.23185797547,Sample,15,6,6.,1,false,true,false,false,102.,82.,80.,74.,10.8539641269
1.23185797547,Sample,15,6,11.,1,false,true,false,false,102.,82.,80.,74.,11.2329181731
1.23185797547,Sample,15,6,16.,1,false,true,false,false,104.,82.,78.,72.,11.2461489308
1.23185797547,Sample,15,6,21.,1,false,true,false,false,104.,82.,78.,72.,11.246610868
1.23185797547,Sample,15,6,26.,1,false,true,false,false,104.,82.,78.,72.,11.246626996
1.23185797547,Sample,15,6,31.,1,false,true,false,false,104.,82.,78.,72.,11.2466275591
1.23185797547,Sample,15,6,36.,1,false,true,false,false,104.,82.,78.,72.,11.2466275787
1.23185797547,Sample,15,6,41.,1,false,true,false,false,104.,82.,78.,72.,11.2466275794
1.23185797547,Sample,15,6,46.,1,false,true,false,false,104.,82.,78.,72.,11.2466275794
1.23185797547,Sample,15,6,51.,1,false,true,false,false,104.,82.,78.,72.,11.2466275794
1.31717109041,Voter,15,5,1.,1,false,true,false,false,6.,6.,26.,26.,0.
1.31717109041,Voter,15,5,6.,1,false,true,false,false,34.,30.,14.,14.,11.1592909336
1.31717109041,Voter,15,5,11.,1,false,true,false,false,34.,30.,14.,14.,11.62248442
1.31717109041,Voter,15,5,16.,1,false,true,false,false,34.,30.,14.,14.,11.6417103912
1.31717109041,Voter,15,5,21.,1,false,true,false,false,34.,30.,14.,14.,11.6425084118
1.31717109041,Voter,15,5,26.,1,false,true,false,false,34.,30.,14.,14.,11.6425415356
1.31717109041,Voter,15,5,31.,1,false,true,false,false,34.,30.,14.,14.,11.6425429105
1.31717109041,Voter,15,5,36.,1,false,true,false,false,34.,30.,14.,14.,11.6425429676
1.31717109041,Voter,15,5,41.,1,false,true,false,false,34.,30.,14.,14.,11.6425429699
1.31717109041,Voter,15,5,46.,1,false,true,false,false,34.,30.,14.,14.,11.64254297
1.31717109041,Voter,15,5,51.,1,false,true,false,false,34.,30.,14.,14.,11.64254297
0.886741356407,Sample,15,5,1.,1,false,true,false,false,22.,20.,54.,46.,0.
0.886741356407,Sample,15,5,6.,1,false,true,false,false,88.,68.,80.,68.,9.15575368833
0.886741356407,Sample,15,5,11.,1,false,true,false,false,88.,68.,80.,68.,9.27800118351
0.886741356407,Sample,15,5,16.,1,false,true,false,false,88.,68.,80.,68.,9.27963343036
0.886741356407,Sample,15,5,21.,1,false,true,false,false,88.,68.,80.,68.,9.2796552241
0.886741356407,Sample,15,5,26.,1,false,true,false,false,88.,68.,80.,68.,9.27965551509
0.886741356407,Sample,15,5,31.,1,false,true,false,false,88.,68.,80.,68.,9.27965551897
0.886741356407,Sample,15,5,36.,1,false,true,false,false,88.,68.,80.,68.,9.27965551902
0.886741356407,Sample,15,5,41.,1,false,true,false,false,88.,68.,80.,68.,9.27965551902
0.886741356407,Sample,15,5,46.,1,false,true,false,false,88.,68.,80.,68.,9.27965551902
0.886741356407,Sample,15,5,51.,1,false,true,false,false,88.,68.,80.,68.,9.27965551902
1.36571825837,Voter,15,3,1.,1,false,true,false,false,4.,4.,12.,10.,0.
1.36571825837,Voter,15,3,6.,1,false,true,false,false,20.,20.,12.,12.,11.3164283943
1.36571825837,Voter,15,3,11.,1,false,true,false,false,20.,20.,12.,12.,11.8306142913
1.36571825837,Voter,15,3,16.,1,false,true,false,false,20.,20.,12.,12.,11.8539774168
1.36571825837,Voter,15,3,21.,1,false,true,false,false,20.,20.,12.,12.,11.8550389699
1.36571825837,Voter,15,3,26.,1,false,true,false,false,20.,20.,12.,12.,11.8550872038
1.36571825837,Voter,15,3,31.,1,false,true,false,false,20.,20.,12.,12.,11.8550893954
1.36571825837,Voter,15,3,36.,1,false,true,false,false,20.,20.,12.,12.,11.855089495
1.36571825837,Voter,15,3,41.,1,false,true,false,false,20.,20.,12.,12.,11.8550894995
1.36571825837,Voter,15,3,46.,1,false,true,false,false,20.,20.,12.,12.,11.8550894997
1.36571825837,Voter,15,3,51.,1,false,true,false,false,20.,20.,12.,12.,11.8550894997
1.25376900455,Voter,15,7,1.,1,false,true,false,false,34.,32.,68.,62.,0.
1.25376900455,Voter,15,7,6.,1,false,true,false,false,102.,86.,56.,50.,10.936092416
1.25376900455,Voter,15,7,11.,1,false,true,false,false,102.,86.,56.,50.,11.3359931126
1.25376900455,Voter,15,7,16.,1,false,true,false,false,102.,86.,56.,50.,11.3506163035
1.25376900455,Voter,15,7,21.,1,false,true,false,false,102.,86.,56.,50.,11.3511510305
1.25376900455,Voter,15,7,26.,1,false,true,false,false,102.,86.,56.,50.,11.3511705839
1.25376900455,Voter,15,7,31.,1,false,true,false,false,102.,86.,56.,50.,11.3511712989
1.25376900455,Voter,15,7,36.,1,false,true,false,false,102.,86.,56.,50.,11.3511713251
1.25376900455,Voter,15,7,41.,1,false,true,false,false,102.,86.,56.,50.,11.351171326
1.25376900455,Voter,15,7,46.,1,false,true,false,false,102.,86.,56.,50.,11.3511713261
1.25376900455,Voter,15,7,51.,1,false,true,false,false,102.,86.,56.,50.,11.3511713261
1.05408555993,Voter,15,4,1.,1,false,true,false,false,20.,20.,46.,40.,0.
1.05408555993,Voter,15,4,6.,1,false,true,false,false,38.,32.,48.,40.,10.0821136731
1.05408555993,Voter,15,4,11.,1,false,true,false,false,38.,32.,48.,40.,10.3106673759
1.05408555993,Voter,15,4,16.,1,false,true,false,false,38.,32.,48.,40.,10.3158485113
1.05408555993,Voter,15,4,21.,1,false,true,false,false,38.,32.,48.,40.,10.3159659636
1.05408555993,Voter,15,4,26.,1,false,true,false,false,38.,32.,48.,40.,10.3159686261
1.05408555993,Voter,15,4,31.,1,false,true,false,false,38.,32.,48.,40.,10.3159686865
1.05408555993,Voter,15,4,36.,1,false,true,false,false,38.,32.,48.,40.,10.3159686879
1.05408555993,Voter,15,4,41.,1,false,true,false,false,38.,32.,48.,40.,10.3159686879
1.05408555993,Voter,15,4,46.,1,false,true,false,false,38.,32.,48.,40.,10.3159686879
1.05408555993,Voter,15,4,51.,1,false,true,false,false,38.,32.,48.,40.,10.3159686879
1.32667265157,Voter,15,5,1.,1,false,true,false,false,48.,42.,92.,72.,0.
1.32667265157,Voter,15,5,6.,1,false,true,false,false,84.,66.,100.,80.,11.1909581944
1.32667265157,Voter,15,5,11.,1,false,true,false,false,84.,66.,100.,80.,11.6639654174
1.32667265157,Voter,15,5,16.,1,false,true,false,false,84.,66.,100.,80.,11.6839579711
1.32667265157,Voter,15,5,21.,1,false,true,false,false,84.,66.,100.,80.,11.6848029946
1.32667265157,Voter,15,5,26.,1,false,true,false,false,84.,66.,100.,80.,11.6848387111
1.32667265157,Voter,15,5,31.,1,false,true,false,false,84.,66.,100.,80.,11.6848402207
1.32667265157,Voter,15,5,36.,1,false,true,false,false,84.,66.,100.,80.,11.6848402845
1.32667265157,Voter,15,5,41.,1,false,true,false,false,84.,66.,100.,80.,11.6848402872
1.32667265157,Voter,15,5,46.,1,false,true,false,false,84.,66.,100.,80.,11.6848402873
1.32667265157,Voter,15,5,51.,1,false,true,false,false,84.,66.,100.,80.,11.6848402873
1.27926946661,Voter,15,7,1.,1,false,true,false,false,52.,48.,90.,74.,0.
1.27926946661,Voter,15,7,6.,1,false,true,false,false,120.,100.,74.,64.,11.0283965429
1.27926946661,Voter,15,7,11.,1,false,true,false,false,120.,100.,74.,64.,11.4532848917
1.27926946661,Voter,15,7,16.,1,false,true,false,false,120.,100.,74.,64.,11.4696544616
1.27926946661,Voter,15,7,21.,1,false,true,false,false,120.,100.,74.,64.,11.4702851281
1.27926946661,Voter,15,7,26.,1,false,true,false,false,120.,100.,74.,64.,11.4703094256
1.27926946661,Voter,15,7,31.,1,false,true,false,false,120.,100.,74.,64.,11.4703103617
1.27926946661,Voter,15,7,36.,1,false,true,false,false,120.,100.,74.,64.,11.4703103978
1.27926946661,Voter,15,7,41.,1,false,true,false,false,120.,100.,74.,64.,11.4703103992
1.27926946661,Voter,15,7,46.,1,false,true,false,false,120.,100.,74.,64.,11.4703103992
1.27926946661,Voter,15,7,51.,1,false,true,false,false,120.,100.,74.,64.,11.4703103992
1.23436052454,Voter,15,6,1.,1,false,true,false,false,20.,20.,42.,40.,0.
1.23436052454,Voter,15,6,6.,1,false,true,false,false,60.,54.,30.,28.,10.8634784177
1.23436052454,Voter,15,6,11.,1,false,true,false,false,62.,56.,32.,30.,11.2447999004
1.23436052454,Voter,15,6,16.,1,false,true,false,false,62.,56.,32.,30.,11.2581847545
1.23436052454,Voter,15,6,21.,1,false,true,false,false,62.,56.,32.,30.,11.2586545794
1.23436052454,Voter,15,6,26.,1,false,true,false,false,62.,56.,32.,30.,11.2586710708
1.23436052454,Voter,15,6,31.,1,false,true,false,false,62.,56.,32.,30.,11.2586716497
1.23436052454,Voter,15,6,36.,1,false,true,false,false,62.,56.,32.,30.,11.25867167
1.23436052454,Voter,15,6,41.,1,false,true,false,false,62.,56.,32.,30.,11.2586716707
1.23436052454,Voter,15,6,46.,1,false,true,false,false,62.,56.,32.,30.,11.2586716707
1.23436052454,Voter,15,6,51.,1,false,true,false,false,62.,56.,32.,30.,11.2586716707
1.30329597445,Voter,15,7,1.,1,false,true,false,false,50.,50.,122.,100.,0.
1.30329597445,Voter,15,7,6.,1,false,true,false,false,112.,98.,108.,92.,11.1122294215
1.30329597445,Voter,15,7,11.,1,false,true,false,false,114.,100.,106.,92.,11.5612420983
1.30329597445,Voter,15,7,16.,1,false,true,false,false,114.,100.,106.,92.,11.5793853868
1.30329597445,Voter,15,7,21.,1,false,true,false,false,114.,100.,106.,92.,11.580118504
1.30329597445,Voter,15,7,26.,1,false,true,false,false,114.,100.,106.,92.,11.5801481271
1.30329597445,Voter,15,7,31.,1,false,true,false,false,114.,100.,106.,92.,11.5801493241
1.30329597445,Voter,15,7,36.,1,false,true,false,false,114.,100.,106.,92.,11.5801493725
1.30329597445,Voter,15,7,41.,1,false,true,false,false,114.,100.,106.,92.,11.5801493744
1.30329597445,Voter,15,7,46.,1,false,true,false,false,114.,100.,106.,92.,11.5801493745
1.30329597445,Voter,15,7,51.,1,false,true,false,false,114.,100.,106.,92.,11.5801493745
0.928011970077,Sample,15,4,1.,1,false,true,false,false,6.,6.,28.,24.,0.
0.928011970077,Sample,15,4,6.,1,false,true,false,false,32.,24.,30.,26.,9.4045649158
0.928011970077,Sample,15,4,11.,1,false,true,false,false,32.,24.,30.,26.,9.54967054389
0.928011970077,Sample,15,4,16.,1,false,true,false,false,32.,24.,30.,26.,9.55190941868
0.928011970077,Sample,15,4,21.,1,false,true,false,false,32.,24.,30.,26.,9.5519439629
0.928011970077,Sample,15,4,26.,1,false,true,false,false,32.,24.,30.,26.,9.55194449589
0.928011970077,Sample,15,4,31.,1,false,true,false,false,32.,24.,30.,26.,9.55194450411
0.928011970077,Sample,15,4,36.,1,false,true,false,false,32.,24.,30.,26.,9.55194450424
0.928011970077,Sample,15,4,41.,1,false,true,false,false,32.,24.,30.,26.,9.55194450424
0.928011970077,Sample,15,4,46.,1,false,true,false,false,32.,24.,30.,26.,9.55194450424
0.928011970077,Sample,15,4,51.,1,false,true,false,false,32.,24.,30.,26.,9.55194450424
1.13696915713,Voter,15,7,1.,1,false,true,false,false,22.,20.,74.,66.,0.
1.13696915713,Voter,15,7,6.,1,false,true,false,false,78.,70.,50.,48.,10.4664682164
1.13696915713,Voter,15,7,11.,1,false,true,false,false,78.,70.,50.,48.,10.7606338973
1.13696915713,Voter,15,7,16.,1,false,true,false,false,78.,70.,50.,48.,10.7689015809
1.13696915713,Voter,15,7,21.,1,false,true,false,false,78.,70.,50.,48.,10.7691339486
1.13696915713,Voter,15,7,26.,1,false,true,false,false,78.,70.,50.,48.,10.7691404794
1.13696915713,Voter,15,7,31.,1,false,true,false,false,78.,70.,50.,48.,10.769140663
1.13696915713,Voter,15,7,36.,1,false,true,false,false,78.,70.,50.,48.,10.7691406681
1.13696915713,Voter,15,7,41.,1,false,true,false,false,78.,70.,50.,48.,10.7691406683
1.13696915713,Voter,15,7,46.,1,false,true,false,false,78.,70.,50.,48.,10.7691406683
1.13696915713,Voter,15,7,51.,1,false,true,false,false,78.,70.,50.,48.,10.7691406683
0.869000520412,Sample,15,5,1.,1,false,true,false,false,16.,16.,44.,38.,0.
0.869000520412,Sample,15,5,6.,1,false,true,false,false,44.,42.,28.,28.,9.04437399264
0.869000520412,Sample,15,5,11.,1,false,true,false,false,44.,42.,28.,28.,9.15747971022
0.869000520412,Sample,15,5,16.,1,false,true,false,false,44.,42.,28.,28.,9.15889417001
0.869000520412,Sample,15,5,21.,1,false,true,false,false,44.,42.,28.,28.,9.15891185874
0.869000520412,Sample,15,5,26.,1,false,true,false,false,44.,42.,28.,28.,9.15891207995
0.869000520412,Sample,15,5,31.,1,false,true,false,false,44.,42.,28.,28.,9.15891208271
0.869000520412,Sample,15,5,36.,1,false,true,false,false,44.,42.,28.,28.,9.15891208275
0.869000520412,Sample,15,5,41.,1,false,true,false,false,44.,42.,28.,28.,9.15891208275
0.869000520412,Sample,15,5,46.,1,false,true,false,false,44.,42.,28.,28.,9.15891208275
0.869000520412,Sample,15,5,51.,1,false,true,false,false,44.,42.,28.,28.,9.15891208275
0.871316425831,Sample,15,3,1.,1,false,true,false,false,0.,0.,6.,6.,0.
0.871316425831,Sample,15,3,6.,1,false,true,false,false,6.,6.,0.,0.,9.05906826344
0.871316425831,Sample,15,3,11.,1,false,true,false,false,6.,6.,0.,0.,9.17334401777
0.871316425831,Sample,15,3,16.,1,false,true,false,false,6.,6.,0.,0.,9.17478555101
0.871316425831,Sample,15,3,21.,1,false,true,false,false,6.,6.,0.,0.,9.17480373525
0.871316425831,Sample,15,3,26.,1,false,true,false,false,6.,6.,0.,0.,9.17480396464
0.871316425831,Sample,15,3,31.,1,false,true,false,false,6.,6.,0.,0.,9.17480396753
0.871316425831,Sample,15,3,36.,1,false,true,false,false,6.,6.,0.,0.,9.17480396757
0.871316425831,Sample,15,3,41.,1,false,true,false,false,6.,6.,0.,0.,9.17480396757
0.871316425831,Sample,15,3,46.,1,false,true,false,false,6.,6.,0.,0.,9.17480396757
0.871316425831,Sample,15,3,51.,1,false,true,false,false,6.,6.,0.,0.,9.17480396757
1.10170019591,Sample,15,7,1.,1,false,true,false,false,52.,44.,98.,84.,0.
1.10170019591,Sample,15,7,6.,1,false,true,false,false,148.,118.,134.,112.,10.3084246851
1.10170019591,Sample,15,7,11.,1,false,true,false,false,156.,126.,134.,114.,10.5736686651
1.10170019591,Sample,15,7,16.,1,false,true,false,false,156.,126.,134.,114.,10.5804936041
1.10170019591,Sample,15,7,21.,1,false,true,false,false,156.,126.,134.,114.,10.5806692152
1.10170019591,Sample,15,7,26.,1,false,true,false,false,156.,126.,134.,114.,10.5806737338
1.10170019591,Sample,15,7,31.,1,false,true,false,false,156.,126.,134.,114.,10.5806738501
1.10170019591,Sample,15,7,36.,1,false,true,false,false,156.,126.,134.,114.,10.580673853
1.10170019591,Sample,15,7,41.,1,false,true,false,false,156.,126.,134.,114.,10.5806738531
1.10170019591,Sample,15,7,46.,1,false,true,false,false,156.,126.,134.,114.,10.5806738531
1.10170019591,Sample,15,7,51.,1,false,true,false,false,156.,126.,134.,114.,10.5806738531
1.08078678796,Sample,15,7,1.,1,false,true,false,false,66.,60.,140.,120.,0.
1.08078678796,Sample,15,7,6.,1,false,true,false,false,244.,184.,286.,200.,10.2108977218
1.08078678796,Sample,15,7,11.,1,false,true,false,false,258.,192.,280.,194.,10.4596881768
1.08078678796,Sample,15,7,16.,1,false,true,false,false,258.,192.,280.,194.,10.4657500033
1.08078678796,Sample,15,7,21.,1,false,true,false,false,258.,192.,280.,194.,10.4658977009
1.08078678796,Sample,15,7,26.,1,false,true,false,false,258.,192.,280.,194.,10.4659012995
1.08078678796,Sample,15,7,31.,1,false,true,false,false,258.,192.,280.,194.,10.4659013872
1.08078678796,Sample,15,7,36.,1,false,true,false,false,258.,192.,280.,194.,10.4659013894
1.08078678796,Sample,15,7,41.,1,false,true,false,false,258.,192.,280.,194.,10.4659013894
1.08078678796,Sample,15,7,46.,1,false,true,false,false,258.,192.,280.,194.,10.4659013894
1.08078678796,Sample,15,7,51.,1,false,true,false,false,258.,192.,280.,194.,10.4659013894
0.980731809032,Voter,15,7,1.,1,false,true,false,false,54.,52.,88.,72.,0.
0.980731809032,Voter,15,7,6.,1,false,true,false,false,108.,90.,74.,64.,9.70242828551
0.980731809032,Voter,15,7,11.,1,false,true,false,false,108.,90.,74.,64.,9.8799573681
0.980731809032,Voter,15,7,16.,1,false,true,false,false,108.,90.,74.,64.,9.88320568638
0.980731809032,Voter,15,7,21.,1,false,true,false,false,108.,90.,74.,64.,9.88326512212
0.980731809032,Voter,15,7,26.,1,false,true,false,false,108.,90.,74.,64.,9.88326620964
0.980731809032,Voter,15,7,31.,1,false,true,false,false,108.,90.,74.,64.,9.88326622954
0.980731809032,Voter,15,7,36.,1,false,true,false,false,108.,90.,74.,64.,9.8832662299
0.980731809032,Voter,15,7,41.,1,false,true,false,false,108.,90.,74.,64.,9.88326622991
0.980731809032,Voter,15,7,46.,1,false,true,false,false,108.,90.,74.,64.,9.88326622991
0.980731809032,Voter,15,7,51.,1,false,true,false,false,108.,90.,74.,64.,9.88326622991
0.806209775973,Sample,15,5,1.,1,false,true,false,false,26.,26.,56.,48.,0.
0.806209775973,Sample,15,5,6.,1,false,true,false,false,130.,98.,128.,98.,8.62763858522
0.806209775973,Sample,15,5,11.,1,false,true,false,false,130.,98.,128.,98.,8.71168016476
0.806209775973,Sample,15,5,16.,1,false,true,false,false,130.,98.,128.,98.,8.71249881137
0.806209775973,Sample,15,5,21.,1,false,true,false,false,130.,98.,128.,98.,8.71250678579
0.806209775973,Sample,15,5,26.,1,false,true,false,false,130.,98.,128.,98.,8.71250686347
0.806209775973,Sample,15,5,31.,1,false,true,false,false,130.,98.,128.,98.,8.71250686422
0.806209775973,Sample,15,5,36.,1,false,true,false,false,130.,98.,128.,98.,8.71250686423
0.806209775973,Sample,15,5,41.,1,false,true,false,false,130.,98.,128.,98.,8.71250686423
0.806209775973,Sample,15,5,46.,1,false,true,false,false,130.,98.,128.,98.,8.71250686423
0.806209775973,Sample,15,5,51.,1,false,true,false,false,130.,98.,128.,98.,8.71250686423
1.0819494255,Sample,15,7,1.,1,false,true,false,false,62.,56.,114.,94.,0.
1.0819494255,Sample,15,7,6.,1,false,true,false,false,164.,146.,148.,132.,10.2163957121
1.0819494255,Sample,15,7,11.,1,false,true,false,false,172.,146.,148.,130.,10.4660870523
1.0819494255,Sample,15,7,16.,1,false,true,false,false,172.,146.,148.,130.,10.4721895729
1.0819494255,Sample,15,7,21.,1,false,true,false,false,172.,146.,148.,130.,10.47233872
1.0819494255,Sample,15,7,26.,1,false,true,false,false,172.,146.,148.,130.,10.4723423652
1.0819494255,Sample,15,7,31.,1,false,true,false,false,172.,146.,148.,130.,10.4723424543
1.0819494255,Sample,15,7,36.,1,false,true,false,false,172.,146.,148.,130.,10.4723424565
1.0819494255,Sample,15,7,41.,1,false,true,false,false,172.,146.,148.,130.,10.4723424565
1.0819494255,Sample,15,7,46.,1,false,true,false,false,172.,146.,148.,130.,10.4723424565
1.0819494255,Sample,15,7,51.,1,false,true,false,false,172.,146.,148.,130.,10.4723424565
1.10418090832,Voter,15,5,1.,1,false,true,false,false,20.,18.,44.,38.,0.
1.10418090832,Voter,15,5,6.,1,false,true,false,false,52.,44.,36.,32.,10.3198023697
1.10418090832,Voter,15,5,11.,1,false,true,false,false,52.,44.,36.,32.,10.5870327435
1.10418090832,Voter,15,5,16.,1,false,true,false,false,52.,44.,36.,32.,10.5939526505
1.10418090832,Voter,15,5,21.,1,false,true,false,false,52.,44.,36.,32.,10.5941318409
1.10418090832,Voter,15,5,26.,1,false,true,false,false,52.,44.,36.,32.,10.594136481
1.10418090832,Voter,15,5,31.,1,false,true,false,false,52.,44.,36.,32.,10.5941366011
1.10418090832,Voter,15,5,36.,1,false,true,false,false,52.,44.,36.,32.,10.5941366043
1.10418090832,Voter,15,5,41.,1,false,true,false,false,52.,44.,36.,32.,10.5941366043
1.10418090832,Voter,15,5,46.,1,false,true,false,false,52.,44.,36.,32.,10.5941366043
1.10418090832,Voter,15,5,51.,1,false,true,false,false,52.,44.,36.,32.,10.5941366043
1.30387914461,Sample,15,3,1.,1,false,true,false,false,2.,2.,12.,12.,0.
1.30387914461,Sample,15,3,6.,1,false,true,false,false,12.,12.,10.,10.,11.1142271367
1.30387914461,Sample,15,3,11.,1,false,true,false,false,14.,14.,8.,8.,11.5638322023
1.30387914461,Sample,15,3,16.,1,false,true,false,false,14.,14.,8.,8.,11.582020126
1.30387914461,Sample,15,3,21.,1,false,true,false,false,14.,14.,8.,8.,11.5827558841
1.30387914461,Sample,15,3,26.,1,false,true,false,false,14.,14.,8.,8.,11.5827856478
1.30387914461,Sample,15,3,31.,1,false,true,false,false,14.,14.,8.,8.,11.5827868519
1.30387914461,Sample,15,3,36.,1,false,true,false,false,14.,14.,8.,8.,11.5827869006
1.30387914461,Sample,15,3,41.,1,false,true,false,false,14.,14.,8.,8.,11.5827869026
1.30387914461,Sample,15,3,46.,1,false,true,false,false,14.,14.,8.,8.,11.5827869026
1.30387914461,Sample,15,3,51.,1,false,true,false,false,14.,14.,8.,8.,11.5827869026
1.3285817878,Sample,15,5,1.,1,false,true,false,false,2.,2.,36.,36.,0.
1.3285817878,Sample,15,5,6.,1,false,true,false,false,62.,54.,60.,54.,11.1972666758
1.3285817878,Sample,15,5,11.,1,false,true,false,false,76.,64.,58.,54.,11.6722557191
1.3285817878,Sample,15,5,16.,1,false,true,false,false,76.,64.,58.,54.,11.6924047963
1.3285817878,Sample,15,5,21.,1,false,true,false,false,76.,64.,58.,54.,11.693259522
1.3285817878,Sample,15,5,26.,1,false,true,false,false,76.,64.,58.,54.,11.6932957795
1.3285817878,Sample,15,5,31.,1,false,true,false,false,76.,64.,58.,54.,11.6932973176
1.3285817878,Sample,15,5,36.,1,false,true,false,false,76.,64.,58.,54.,11.6932973828
1.3285817878,Sample,15,5,41.,1,false,true,false,false,76.,64.,58.,54.,11.6932973856
1.3285817878,Sample,15,5,46.,1,false,true,false,false,76.,64.,58.,54.,11.6932973857
1.3285817878,Sample,15,5,51.,1,false,true,false,false,76.,64.,58.,54.,11.6932973857
0.977631458994,Sample,15,3,1.,1,false,true,false,false,0.,0.,6.,6.,0.
0.977631458994,Sample,15,3,6.,1,false,true,false,false,12.,12.,6.,6.,9.68550819095
0.977631458994,Sample,15,3,11.,1,false,true,false,false,12.,12.,6.,6.,9.86103114626
0.977631458994,Sample,15,3,16.,1,false,true,false,false,12.,12.,6.,6.,9.86421201269
0.977631458994,Sample,15,3,21.,1,false,true,false,false,12.,12.,6.,6.,9.86426965707
0.977631458994,Sample,15,3,26.,1,false,true,false,false,12.,12.,6.,6.,9.86427070171
0.977631458994,Sample,15,3,31.,1,false,true,false,false,12.,12.,6.,6.,9.86427072064
0.977631458994,Sample,15,3,36.,1,false,true,false,false,12.,12.,6.,6.,9.86427072099
0.977631458994,Sample,15,3,41.,1,false,true,false,false,12.,12.,6.,6.,9.86427072099
0.977631458994,Sample,15,3,46.,1,false,true,false,false,12.,12.,6.,6.,9.86427072099
0.977631458994,Sample,15,3,51.,1,false,true,false,false,12.,12.,6.,6.,9.86427072099
1.05102135729,Voter,15,6,1.,1,false,true,false,false,36.,32.,64.,52.,0.
1.05102135729,Voter,15,6,6.,1,false,true,false,false,74.,64.,50.,48.,10.0670220998
1.05102135729,Voter,15,6,11.,1,false,true,false,false,74.,64.,50.,48.,10.2933094099
1.05102135729,Voter,15,6,16.,1,false,true,false,false,74.,64.,50.,48.,10.2983959137
1.05102135729,Voter,15,6,21.,1,false,true,false,false,74.,64.,50.,48.,10.2985102485
1.05102135729,Voter,15,6,26.,1,false,true,false,false,74.,64.,50.,48.,10.2985128186
1.05102135729,Voter,15,6,31.,1,false,true,false,false,74.,64.,50.,48.,10.2985128763
1.05102135729,Voter,15,6,36.,1,false,true,false,false,74.,64.,50.,48.,10.2985128776
1.05102135729,Voter,15,6,41.,1,false,true,false,false,74.,64.,50.,48.,10.2985128777
1.05102135729,Voter,15,6,46.,1,false,true,false,false,74.,64.,50.,48.,10.2985128777
1.05102135729,Voter,15,6,51.,1,false,true,false,false,74.,64.,50.,48.,10.2985128777
0.96460159584,Sample,15,4,1.,1,false,true,false,false,6.,6.,22.,18.,0.
0.96460159584,Sample,15,4,6.,1,false,true,false,false,20.,16.,8.,8.,9.61359530807
0.96460159584,Sample,15,4,11.,1,false,true,false,false,20.,16.,8.,8.,9.78082231788
0.96460159584,Sample,15,4,16.,1,false,true,false,false,20.,16.,8.,8.,9.78373120596
0.96460159584,Sample,15,4,21.,1,false,true,false,false,20.,16.,8.,8.,9.78378180562
0.96460159584,Sample,15,4,26.,1,false,true,false,false,20.,16.,8.,8.,9.78378268579
0.96460159584,Sample,15,4,31.,1,false,true,false,false,20.,16.,8.,8.,9.7837827011
0.96460159584,Sample,15,4,36.,1,false,true,false,false,20.,16.,8.,8.,9.78378270137
0.96460159584,Sample,15,4,41.,1,false,true,false,false,20.,16.,8.,8.,9.78378270138
0.96460159584,Sample,15,4,46.,1,false,true,false,false,20.,16.,8.,8.,9.78378270138
0.96460159584,Sample,15,4,51.,1,false,true,false,false,20.,16.,8.,8.,9.78378270138
0.980160539121,Sample,15,3,1.,1,false,true,false,false,6.,6.,8.,8.,0.
0.980160539121,Sample,15,3,6.,1,false,true,false,false,12.,12.,2.,2.,9.69931607413
0.980160539121,Sample,15,3,11.,1,false,true,false,false,12.,12.,2.,2.,9.87647458038
0.980160539121,Sample,15,3,16.,1,false,true,false,false,12.,12.,2.,2.,9.87971038959
0.980160539121,Sample,15,3,21.,1,false,true,false,false,12.,12.,2.,2.,9.87976949182
0.980160539121,Sample,15,3,26.,1,false,true,false,false,12.,12.,2.,2.,9.87977057132
0.980160539121,Sample,15,3,31.,1,false,true,false,false,12.,12.,2.,2.,9.87977059104
0.980160539121,Sample,15,3,36.,1,false,true,false,false,12.,12.,2.,2.,9.8797705914
0.980160539121,Sample,15,3,41.,1,false,true,false,false,12.,12.,2.,2.,9.8797705914
0.980160539121,Sample,15,3,46.,1,false,true,false,false,12.,12.,2.,2.,9.8797705914
0.980160539121,Sample,15,3,51.,1,false,true,false,false,12.,12.,2.,2.,9.8797705914
1.04542611782,Sample,15,7,1.,1,false,true,false,false,72.,64.,116.,98.,0.
1.04542611782,Sample,15,7,6.,1,false,true,false,false,238.,184.,234.,190.,10.0392964539
1.04542611782,Sample,15,7,11.,1,false,true,false,false,242.,188.,238.,194.,10.2614752926
1.04542611782,Sample,15,7,16.,1,false,true,false,false,242.,188.,238.,194.,10.2663923141
1.04542611782,Sample,15,7,21.,1,false,true,false,false,242.,188.,238.,194.,10.2665011323
1.04542611782,Sample,15,7,26.,1,false,true,false,false,242.,188.,238.,194.,10.2665035406
1.04542611782,Sample,15,7,31.,1,false,true,false,false,242.,188.,238.,194.,10.2665035939
1.04542611782,Sample,15,7,36.,1,false,true,false,false,242.,188.,238.,194.,10.266503595
1.04542611782,Sample,15,7,41.,1,false,true,false,false,242.,188.,238.,194.,10.2665035951
1.04542611782,Sample,15,7,46.,1,false,true,false,false,242.,188.,238.,194.,10.2665035951
1.04542611782,Sample,15,7,51.,1,false,true,false,false,242.,188.,238.,194.,10.2665035951
1.03551443551,Voter,15,6,1.,1,false,true,false,false,76.,64.,98.,82.,0.
1.03551443551,Voter,15,6,6.,1,false,true,false,false,126.,106.,100.,84.,9.98964356342
1.03551443551,Voter,15,6,11.,1,false,true,false,false,126.,106.,100.,84.,10.204639896
1.03551443551,Voter,15,6,16.,1,false,true,false,false,126.,106.,100.,84.,10.2092670304
1.03551443551,Voter,15,6,21.,1,false,true,false,false,126.,106.,100.,84.,10.2093666152
1.03551443551,Voter,15,6,26.,1,false,true,false,false,126.,106.,100.,84.,10.2093687584
1.03551443551,Voter,15,6,31.,1,false,true,false,false,126.,106.,100.,84.,10.2093688046
1.03551443551,Voter,15,6,36.,1,false,true,false,false,126.,106.,100.,84.,10.2093688056
1.03551443551,Voter,15,6,41.,1,false,true,false,false,126.,106.,100.,84.,10.2093688056
1.03551443551,Voter,15,6,46.,1,false,true,false,false,126.,106.,100.,84.,10.2093688056
1.03551443551,Voter,15,6,51.,1,false,true,false,false,126.,106.,100.,84.,10.2093688056
1.36199264248,Voter,15,3,1.,1,false,true,false,false,0.,0.,8.,8.,0.
1.36199264248,Voter,15,3,6.,1,false,true,false,false,12.,10.,12.,12.,11.304774383
1.36199264248,Voter,15,3,11.,1,false,true,false,false,12.,10.,12.,12.,11.8149734861
1.36199264248,Voter,15,3,16.,1,false,true,false,false,12.,10.,12.,12.,11.8379994321
1.36199264248,Voter,15,3,21.,1,false,true,false,false,12.,10.,12.,12.,11.8390386228
1.36199264248,Voter,15,3,26.,1,false,true,false,false,12.,10.,12.,12.,11.8390855229
1.36199264248,Voter,15,3,31.,1,false,true,false,false,12.,10.,12.,12.,11.8390876395
1.36199264248,Voter,15,3,36.,1,false,true,false,false,12.,10.,12.,12.,11.8390877351
1.36199264248,Voter,15,3,41.,1,false,true,false,false,12.,10.,12.,12.,11.8390877394
1.36199264248,Voter,15,3,46.,1,false,true,false,false,12.,10.,12.,12.,11.8390877396
1.36199264248,Voter,15,3,51.,1,false,true,false,false,12.,10.,12.,12.,11.8390877396
1.26023187775,Sample,15,6,1.,1,false,true,false,false,26.,26.,92.,74.,0.
1.26023187775,Sample,15,6,6.,1,false,true,false,false,142.,112.,148.,112.,10.9598159517
1.26023187775,Sample,15,6,11.,1,false,true,false,false,154.,122.,152.,116.,11.3659882934
1.26023187775,Sample,15,6,16.,1,false,true,false,false,156.,124.,150.,116.,11.3810410983
1.26023187775,Sample,15,6,21.,1,false,true,false,false,156.,124.,150.,116.,11.3815989574
1.26023187775,Sample,15,6,26.,1,false,true,false,false,156.,124.,150.,116.,11.3816196318
1.26023187775,Sample,15,6,31.,1,false,true,false,false,156.,124.,150.,116.,11.3816203979
1.26023187775,Sample,15,6,36.,1,false,true,false,false,156.,124.,150.,116.,11.3816204263
1.26023187775,Sample,15,6,41.,1,false,true,false,false,156.,124.,150.,116.,11.3816204274
1.26023187775,Sample,15,6,46.,1,false,true,false,false,156.,124.,150.,116.,11.3816204274
1.26023187775,Sample,15,6,51.,1,false,true,false,false,156.,124.,150.,116.,11.3816204274
0.987996568181,Voter,15,7,1.,1,false,true,false,false,52.,44.,86.,74.,0.
0.987996568181,Voter,15,7,6.,1,false,true,false,false,98.,80.,68.,54.,9.74179077032
0.987996568181,Voter,15,7,11.,1,false,true,false,false,98.,80.,68.,54.,9.9240689225
0.987996568181,Voter,15,7,16.,1,false,true,false,false,98.,80.,68.,54.,9.92747951974
0.987996568181,Voter,15,7,21.,1,false,true,false,false,98.,80.,68.,54.,9.92754333525
0.987996568181,Voter,15,7,26.,1,false,true,false,false,98.,80.,68.,54.,9.9275445293
0.987996568181,Voter,15,7,31.,1,false,true,false,false,98.,80.,68.,54.,9.92754455164
0.987996568181,Voter,15,7,36.,1,false,true,false,false,98.,80.,68.,54.,9.92754455206
0.987996568181,Voter,15,7,41.,1,false,true,false,false,98.,80.,68.,54.,9.92754455207
0.987996568181,Voter,15,7,46.,1,false,true,false,false,98.,80.,68.,54.,9.92754455207
0.987996568181,Voter,15,7,51.,1,false,true,false,false,98.,80.,68.,54.,9.92754455207
1.19188803318,Sample,15,6,1.,1,false,true,false,false,34.,32.,90.,80.,0.
1.19188803318,Sample,15,6,6.,1,false,true,false,false,150.,122.,154.,128.,10.697200673
1.19188803318,Sample,15,6,11.,1,false,true,false,false,160.,132.,148.,122.,11.0392379008
1.19188803318,Sample,15,6,16.,1,false,true,false,false,160.,132.,148.,122.,11.0501743569
1.19188803318,Sample,15,6,21.,1,false,true,false,false,160.,132.,148.,122.,11.0505240442
1.19188803318,Sample,15,6,26.,1,false,true,false,false,160.,132.,148.,122.,11.0505352253
1.19188803318,Sample,15,6,31.,1,false,true,false,false,160.,132.,148.,122.,11.0505355828
1.19188803318,Sample,15,6,36.,1,false,true,false,false,160.,132.,148.,122.,11.0505355942
1.19188803318,Sample,15,6,41.,1,false,true,false,false,160.,132.,148.,122.,11.0505355946
1.19188803318,Sample,15,6,46.,1,false,true,false,false,160.,132.,148.,122.,11.0505355946
1.19188803318,Sample,15,6,51.,1,false,true,false,false,160.,132.,148.,122.,11.0505355946
1.07659312554,Voter,15,6,1.,1,false,true,false,false,72.,62.,102.,84.,0.
1.07659312554,Voter,15,6,6.,1,false,true,false,false,114.,92.,120.,92.,10.190991048
1.07659312554,Voter,15,6,11.,1,false,true,false,false,114.,92.,120.,92.,10.4365455899
1.07659312554,Voter,15,6,16.,1,false,true,false,false,114.,92.,120.,92.,10.4424622896
1.07659312554,Voter,15,6,21.,1,false,true,false,false,114.,92.,120.,92.,10.442604854
1.07659312554,Voter,15,6,26.,1,false,true,false,false,114.,92.,120.,92.,10.4426082891
1.07659312554,Voter,15,6,31.,1,false,true,false,false,114.,92.,120.,92.,10.4426083718
1.07659312554,Voter,15,6,36.,1,false,true,false,false,114.,92.,120.,92.,10.4426083738
1.07659312554,Voter,15,6,41.,1,false,true,false,false,114.,92.,120.,92.,10.4426083739
1.07659312554,Voter,15,6,46.,1,false,true,false,false,114.,92.,120.,92.,10.4426083739
1.07659312554,Voter,15,6,51.,1,false,true,false,false,114.,92.,120.,92.,10.4426083739
1.03956469209,Sample,15,6,1.,1,false,true,false,false,40.,36.,82.,72.,0.
1.03956469209,Sample,15,6,6.,1,false,true,false,false,180.,136.,182.,140.,10.0100169939
1.03956469209,Sample,15,6,11.,1,false,true,false,false,200.,150.,186.,142.,10.2279335695
1.03956469209,Sample,15,6,16.,1,false,true,false,false,200.,150.,186.,142.,10.2326775808
1.03956469209,Sample,15,6,21.,1,false,true,false,false,200.,150.,186.,142.,10.2327808573
1.03956469209,Sample,15,6,26.,1,false,true,false,false,200.,150.,186.,142.,10.2327831056
1.03956469209,Sample,15,6,31.,1,false,true,false,false,200.,150.,186.,142.,10.2327831545
1.03956469209,Sample,15,6,36.,1,false,true,false,false,200.,150.,186.,142.,10.2327831556
1.03956469209,Sample,15,6,41.,1,false,true,false,false,200.,150.,186.,142.,10.2327831556
1.03956469209,Sample,15,6,46.,1,false,true,false,false,200.,150.,186.,142.,10.2327831556
1.03956469209,Sample,15,6,51.,1,false,true,false,false,200.,150.,186.,142.,10.2327831556
1.15106615582,Voter,15,7,1.,1,false,true,false,false,52.,46.,106.,78.,0.
1.15106615582,Voter,15,7,6.,1,false,true,false,false,112.,92.,82.,74.,10.5274439391
1.15106615582,Voter,15,7,11.,1,false,true,false,false,112.,92.,82.,74.,10.8335734236
1.15106615582,Voter,15,7,16.,1,false,true,false,false,112.,92.,82.,74.,10.8424754194
1.15106615582,Voter,15,7,21.,1,false,true,false,false,112.,92.,82.,74.,10.8427342822
1.15106615582,Voter,15,7,26.,1,false,true,false,false,112.,92.,82.,74.,10.8427418097
1.15106615582,Voter,15,7,31.,1,false,true,false,false,112.,92.,82.,74.,10.8427420286
1.15106615582,Voter,15,7,36.,1,false,true,false,false,112.,92.,82.,74.,10.842742035
1.15106615582,Voter,15,7,41.,1,false,true,false,false,112.,92.,82.,74.,10.8427420351
1.15106615582,Voter,15,7,46.,1,false,true,false,false,112.,92.,82.,74.,10.8427420351
1.15106615582,Voter,15,7,51.,1,false,true,false,false,112.,92.,82.,74.,10.8427420351
1.26594031563,Voter,15,7,1.,1,false,true,false,false,50.,46.,106.,76.,0.
1.26594031563,Voter,15,7,6.,1,false,true,false,false,124.,98.,116.,94.,10.9805828958
1.26594031563,Voter,15,7,11.,1,false,true,false,false,124.,98.,116.,94.,11.3923295701
1.26594031563,Voter,15,7,16.,1,false,true,false,false,124.,98.,116.,94.,11.4077691261
1.26594031563,Voter,15,7,21.,1,false,true,false,false,124.,98.,116.,94.,11.408348074
1.26594031563,Voter,15,7,26.,1,false,true,false,false,124.,98.,116.,94.,11.4083697832
1.26594031563,Voter,15,7,31.,1,false,true,false,false,124.,98.,116.,94.,11.4083705973
1.26594031563,Voter,15,7,36.,1,false,true,false,false,124.,98.,116.,94.,11.4083706278
1.26594031563,Voter,15,7,41.,1,false,true,false,false,124.,98.,116.,94.,11.4083706289
1.26594031563,Voter,15,7,46.,1,false,true,false,false,124.,98.,116.,94.,11.408370629
1.26594031563,Voter,15,7,51.,1,false,true,false,false,124.,98.,116.,94.,11.408370629
1.09996612204,Voter,15,5,1.,1,false,true,false,false,28.,26.,72.,58.,0.
1.09996612204,Voter,15,5,6.,1,false,true,false,false,64.,52.,76.,62.,10.300447586
1.09996612204,Voter,15,5,11.,1,false,true,false,false,64.,52.,76.,62.,10.5643073798
1.09996612204,Voter,15,5,16.,1,false,true,false,false,64.,52.,76.,62.,10.5710665027
1.09996612204,Voter,15,5,21.,1,false,true,false,false,64.,52.,76.,62.,10.5712396467
1.09996612204,Voter,15,5,26.,1,false,true,false,false,64.,52.,76.,62.,10.571244082
1.09996612204,Voter,15,5,31.,1,false,true,false,false,64.,52.,76.,62.,10.5712441956
1.09996612204,Voter,15,5,36.,1,false,true,false,false,64.,52.,76.,62.,10.5712441985
1.09996612204,Voter,15,5,41.,1,false,true,false,false,64.,52.,76.,62.,10.5712441986
1.09996612204,Voter,15,5,46.,1,false,true,false,false,64.,52.,76.,62.,10.5712441986
1.09996612204,Voter,15,5,51.,1,false,true,false,false,64.,52.,76.,62.,10.5712441986
0.907670822897,Voter,15,7,1.,1,false,true,false,false,122.,102.,146.,118.,0.
0.907670822897,Voter,15,7,6.,1,false,true,false,false,178.,136.,170.,134.,9.28370221551
0.907670822897,Voter,15,7,11.,1,false,true,false,false,178.,136.,170.,134.,9.41726360289
0.907670822897,Voter,15,7,16.,1,false,true,false,false,178.,136.,170.,134.,9.41918510401
0.907670822897,Voter,15,7,21.,1,false,true,false,false,178.,136.,170.,134.,9.41921274798
0.907670822897,Voter,15,7,26.,1,false,true,false,false,178.,136.,170.,134.,9.41921314568
0.907670822897,Voter,15,7,31.,1,false,true,false,false,178.,136.,170.,134.,9.4192131514
0.907670822897,Voter,15,7,36.,1,false,true,false,false,178.,136.,170.,134.,9.41921315148
0.907670822897,Voter,15,7,41.,1,false,true,false,false,178.,136.,170.,134.,9.41921315149
0.907670822897,Voter,15,7,46.,1,false,true,false,false,178.,136.,170.,134.,9.41921315149
0.907670822897,Voter,15,7,51.,1,false,true,false,false,178.,136.,170.,134.,9.41921315149
1.03354070297,Sample,15,5,1.,1,false,true,false,false,20.,20.,68.,62.,0.
1.03354070297,Sample,15,5,6.,1,false,true,false,false,66.,60.,86.,72.,9.97967333281
1.03354070297,Sample,15,5,11.,1,false,true,false,false,68.,60.,84.,70.,10.1932540195
1.03354070297,Sample,15,5,16.,1,false,true,false,false,68.,60.,84.,70.,10.1978249817
1.03354070297,Sample,15,5,21.,1,false,true,false,false,68.,60.,84.,70.,10.1979228075
1.03354070297,Sample,15,5,26.,1,false,true,false,false,68.,60.,84.,70.,10.1979249011
1.03354070297,Sample,15,5,31.,1,false,true,false,false,68.,60.,84.,70.,10.1979249459
1.03354070297,Sample,15,5,36.,1,false,true,false,false,68.,60.,84.,70.,10.1979249469
1.03354070297,Sample,15,5,41.,1,false,true,false,false,68.,60.,84.,70.,10.1979249469
1.03354070297,Sample,15,5,46.,1,false,true,false,false,68.,60.,84.,70.,10.1979249469
1.03354070297,Sample,15,5,51.,1,false,true,false,false,68.,60.,84.,70.,10.1979249469
1.25299691044,Voter,15,6,1.,1,false,true,false,false,26.,26.,82.,62.,0.
1.25299691044,Voter,15,6,6.,1,false,true,false,false,72.,62.,72.,58.,10.9332431251
1.25299691044,Voter,15,6,11.,1,false,true,false,false,72.,62.,72.,58.,11.3323973868
1.25299691044,Voter,15,6,16.,1,false,true,false,false,72.,62.,72.,58.,11.3469698355
1.25299691044,Voter,15,6,21.,1,false,true,false,false,72.,62.,72.,58.,11.347501851
1.25299691044,Voter,15,6,26.,1,false,true,false,false,72.,62.,72.,58.,11.347521274
1.25299691044,Voter,15,6,31.,1,false,true,false,false,72.,62.,72.,58.,11.3475219831
1.25299691044,Voter,15,6,36.,1,false,true,false,false,72.,62.,72.,58.,11.347522009
1.25299691044,Voter,15,6,41.,1,false,true,false,false,72.,62.,72.,58.,11.34752201
1.25299691044,Voter,15,6,46.,1,false,true,false,false,72.,62.,72.,58.,11.34752201
1.25299691044,Voter,15,6,51.,1,false,true,false,false,72.,62.,72.,58.,11.34752201
1.24514029284,Sample,15,6,1.,1,false,true,false,false,32.,30.,88.,78.,0.
1.24514029284,Sample,15,6,6.,1,false,true,false,false,128.,110.,136.,116.,10.9040647576
1.24514029284,Sample,15,6,11.,1,false,true,false,false,144.,120.,140.,116.,11.2956578775
1.24514029284,Sample,15,6,16.,1,false,true,false,false,144.,120.,140.,116.,11.3097209975
1.24514029284,Sample,15,6,21.,1,false,true,false,false,144.,120.,140.,116.,11.3102260405
1.24514029284,Sample,15,6,26.,1,false,true,false,false,144.,120.,140.,116.,11.3102441779
1.24514029284,Sample,15,6,31.,1,false,true,false,false,144.,120.,140.,116.,11.3102448292
1.24514029284,Sample,15,6,36.,1,false,true,false,false,144.,120.,140.,116.,11.3102448526
1.24514029284,Sample,15,6,41.,1,false,true,false,false,144.,120.,140.,116.,11.3102448535
1.24514029284,Sample,15,6,46.,1,false,true,false,false,144.,120.,140.,116.,11.3102448535
1.24514029284,Sample,15,6,51.,1,false,true,false,false,144.,120.,140.,116.,11.3102448535
1.00397146232,Sample,15,4,1.,1,false,true,false,false,8.,8.,14.,14.,0.
1.00397146232,Sample,15,4,6.,1,false,true,false,false,36.,34.,26.,26.,9.82695840993
1.00397146232,Sample,15,4,11.,1,false,true,false,false,36.,34.,26.,26.,10.0199168063
1.00397146232,Sample,15,4,16.,1,false,true,false,false,36.,34.,26.,26.,10.0237056635
1.00397146232,Sample,15,4,21.,1,false,true,false,false,36.,34.,26.,26.,10.0237800601
1.00397146232,Sample,15,4,26.,1,false,true,false,false,36.,34.,26.,26.,10.0237815209
1.00397146232,Sample,15,4,31.,1,false,true,false,false,36.,34.,26.,26.,10.0237815496
1.00397146232,Sample,15,4,36.,1,false,true,false,false,36.,34.,26.,26.,10.0237815502
1.00397146232,Sample,15,4,41.,1,false,true,false,false,36.,34.,26.,26.,10.0237815502
1.00397146232,Sample,15,4,46.,1,false,true,false,false,36.,34.,26.,26.,10.0237815502
1.00397146232,Sample,15,4,51.,1,false,true,false,false,36.,34.,26.,26.,10.0237815502
1.35804928088,Voter,15,6,1.,1,false,true,false,false,52.,46.,106.,88.,0.
1.35804928088,Voter,15,6,6.,1,false,true,false,false,114.,100.,116.,96.,11.2923670754
1.35804928088,Voter,15,6,11.,1,false,true,false,false,116.,100.,118.,96.,11.7983594007
1.35804928088,Voter,15,6,16.,1,false,true,false,false,116.,100.,118.,96.,11.8210320814
1.35804928088,Voter,15,6,21.,1,false,true,false,false,116.,100.,118.,96.,11.8220480068
1.35804928088,Voter,15,6,26.,1,false,true,false,false,116.,100.,118.,96.,11.8220935287
1.35804928088,Voter,15,6,31.,1,false,true,false,false,116.,100.,118.,96.,11.8220955685
1.35804928088,Voter,15,6,36.,1,false,true,false,false,116.,100.,118.,96.,11.8220956599
1.35804928088,Voter,15,6,41.,1,false,true,false,false,116.,100.,118.,96.,11.822095664
1.35804928088,Voter,15,6,46.,1,false,true,false,false,116.,100.,118.,96.,11.8220956642
1.35804928088,Voter,15,6,51.,1,false,true,false,false,116.,100.,118.,96.,11.8220956642
0.979721834342,Voter,15,7,1.,1,false,true,false,false,116.,102.,196.,154.,0.
0.979721834342,Voter,15,7,6.,1,false,true,false,false,182.,156.,222.,170.,9.69692438227
0.979721834342,Voter,15,7,11.,1,false,true,false,false,184.,156.,220.,170.,9.87379859011
0.979721834342,Voter,15,7,16.,1,false,true,false,false,184.,156.,220.,170.,9.87702481775
0.979721834342,Voter,15,7,21.,1,false,true,false,false,184.,156.,220.,170.,9.87708366491
0.979721834342,Voter,15,7,26.,1,false,true,false,false,184.,156.,220.,170.,9.87708473829
0.979721834342,Voter,15,7,31.,1,false,true,false,false,184.,156.,220.,170.,9.87708475787
0.979721834342,Voter,15,7,36.,1,false,true,false,false,184.,156.,220.,170.,9.87708475823
0.979721834342,Voter,15,7,41.,1,false,true,false,false,184.,156.,220.,170.,9.87708475823
0.979721834342,Voter,15,7,46.,1,false,true,false,false,184.,156.,220.,170.,9.87708475823
0.979721834342,Voter,15,7,51.,1,false,true,false,false,184.,156.,220.,170.,9.87708475823
1.11268406098,Voter,15,4,1.,1,false,true,false,false,6.,6.,14.,14.,0.
1.11268406098,Voter,15,4,6.,1,false,true,false,false,18.,16.,6.,6.,10.3584986342
1.11268406098,Voter,15,4,11.,1,false,true,false,false,18.,16.,6.,6.,10.6325931416
1.11268406098,Voter,15,4,16.,1,false,true,false,false,18.,16.,6.,6.,10.6398459108
1.11268406098,Voter,15,4,21.,1,false,true,false,false,18.,16.,6.,6.,10.6400378251
1.11268406098,Voter,15,4,26.,1,false,true,false,false,18.,16.,6.,6.,10.6400429033
1.11268406098,Voter,15,4,31.,1,false,true,false,false,18.,16.,6.,6.,10.6400430377
1.11268406098,Voter,15,4,36.,1,false,true,false,false,18.,16.,6.,6.,10.6400430412
1.11268406098,Voter,15,4,41.,1,false,true,false,false,18.,16.,6.,6.,10.6400430413
1.11268406098,Voter,15,4,46.,1,false,true,false,false,18.,16.,6.,6.,10.6400430413
1.11268406098,Voter,15,4,51.,1,false,true,false,false,18.,16.,6.,6.,10.6400430413
1.22611570782,Voter,15,7,1.,1,false,true,false,false,22.,22.,90.,76.,0.
1.22611570782,Voter,15,7,6.,1,false,true,false,false,70.,64.,62.,54.,10.8320007994
1.22611570782,Voter,15,7,11.,1,false,true,false,false,70.,64.,62.,54.,11.2055472226
1.22611570782,Voter,15,7,16.,1,false,true,false,false,70.,64.,62.,54.,11.2184291391
1.22611570782,Voter,15,7,21.,1,false,true,false,false,70.,64.,62.,54.,11.2188733778
1.22611570782,Voter,15,7,26.,1,false,true,false,false,70.,64.,62.,54.,11.2188886976
1.22611570782,Voter,15,7,31.,1,false,true,false,false,70.,64.,62.,54.,11.2188892259
1.22611570782,Voter,15,7,36.,1,false,true,false,false,70.,64.,62.,54.,11.2188892441
1.22611570782,Voter,15,7,41.,1,false,true,false,false,70.,64.,62.,54.,11.2188892447
1.22611570782,Voter,15,7,46.,1,false,true,false,false,70.,64.,62.,54.,11.2188892448
1.22611570782,Voter,15,7,51.,1,false,true,false,false,70.,64.,62.,54.,11.2188892448
1.27587358999,Sample,15,3,1.,1,false,true,false,false,4.,4.,8.,8.,0.
1.27587358999,Sample,15,3,6.,1,false,true,false,false,10.,10.,2.,2.,11.0163044604
1.27587358999,Sample,15,3,11.,1,false,true,false,false,10.,10.,2.,2.,11.4378281102
1.27587358999,Sample,15,3,16.,1,false,true,false,false,10.,10.,2.,2.,11.4539571295
1.27587358999,Sample,15,3,21.,1,false,true,false,false,10.,10.,2.,2.,11.4545742841
1.27587358999,Sample,15,3,26.,1,false,true,false,false,10.,10.,2.,2.,11.4545978986
1.27587358999,Sample,15,3,31.,1,false,true,false,false,10.,10.,2.,2.,11.4545988022
1.27587358999,Sample,15,3,36.,1,false,true,false,false,10.,10.,2.,2.,11.4545988368
1.27587358999,Sample,15,3,41.,1,false,true,false,false,10.,10.,2.,2.,11.4545988381
1.27587358999,Sample,15,3,46.,1,false,true,false,false,10.,10.,2.,2.,11.4545988382
1.27587358999,Sample,15,3,51.,1,false,true,false,false,10.,10.,2.,2.,11.4545988382
1.00599536803,Sample,15,3,1.,1,false,true,false,false,0.,0.,6.,6.,0.
1.00599536803,Sample,15,3,6.,1,false,true,false,false,10.,10.,4.,4.,9.83761369965
1.00599536803,Sample,15,3,11.,1,false,true,false,false,10.,10.,4.,4.,10.0319483971
1.00599536803,Sample,15,3,16.,1,false,true,false,false,10.,10.,4.,4.,10.0357873336
1.00599536803,Sample,15,3,21.,1,false,true,false,false,10.,10.,4.,4.,10.0358631689
1.00599536803,Sample,15,3,26.,1,false,true,false,false,10.,10.,4.,4.,10.035864667
1.00599536803,Sample,15,3,31.,1,false,true,false,false,10.,10.,4.,4.,10.0358646966
1.00599536803,Sample,15,3,36.,1,false,true,false,false,10.,10.,4.,4.,10.0358646972
1.00599536803,Sample,15,3,41.,1,false,true,false,false,10.,10.,4.,4.,10.0358646972
1.00599536803,Sample,15,3,46.,1,false,true,false,false,10.,10.,4.,4.,10.0358646972
1.00599536803,Sample,15,3,51.,1,false,true,false,false,10.,10.,4.,4.,10.0358646972
1.38852976584,Sample,15,3,1.,1,false,true,false,false,4.,4.,24.,20.,0.
1.38852976584,Sample,15,3,6.,1,false,true,false,false,18.,18.,22.,20.,11.3863571757
1.38852976584,Sample,15,3,11.,1,false,true,false,false,20.,20.,20.,18.,11.925210165
1.38852976584,Sample,15,3,16.,1,false,true,false,false,20.,20.,20.,18.,11.9507110815
1.38852976584,Sample,15,3,21.,1,false,true,false,false,20.,20.,20.,18.,11.9519178981
1.38852976584,Sample,15,3,26.,1,false,true,false,false,20.,20.,20.,18.,11.9519750101
1.38852976584,Sample,15,3,31.,1,false,true,false,false,20.,20.,20.,18.,11.9519777129
1.38852976584,Sample,15,3,36.,1,false,true,false,false,20.,20.,20.,18.,11.9519778408
1.38852976584,Sample,15,3,41.,1,false,true,false,false,20.,20.,20.,18.,11.9519778468
1.38852976584,Sample,15,3,46.,1,false,true,false,false,20.,20.,20.,18.,11.9519778471
1.38852976584,Sample,15,3,51.,1,false,true,false,false,20.,20.,20.,18.,11.9519778471
0.990912030947,Sample,15,7,1.,1,false,true,false,false,74.,66.,156.,122.,0.
0.990912030947,Sample,15,7,6.,1,false,true,false,false,312.,226.,362.,262.,9.75747592773
0.990912030947,Sample,15,7,11.,1,false,true,false,false,318.,230.,364.,260.,9.94167895962
0.990912030947,Sample,15,7,16.,1,false,true,false,false,320.,232.,362.,258.,9.94515637091
0.990912030947,Sample,15,7,21.,1,false,true,false,false,320.,232.,362.,258.,9.94522201798
0.990912030947,Sample,15,7,26.,1,false,true,false,false,320.,232.,362.,258.,9.94522325727
0.990912030947,Sample,15,7,31.,1,false,true,false,false,320.,232.,362.,258.,9.94522328067
0.990912030947,Sample,15,7,36.,1,false,true,false,false,320.,232.,362.,258.,9.94522328111
0.990912030947,Sample,15,7,41.,1,false,true,false,false,320.,232.,362.,258.,9.94522328112
0.990912030947,Sample,15,7,46.,1,false,true,false,false,320.,232.,362.,258.,9.94522328112
0.990912030947,Sample,15,7,51.,1,false,true,false,false,320.,232.,362.,258.,9.94522328112
1.22000299414,Voter,15,3,1.,1,false,true,false,false,0.,0.,6.,6.,0.
1.22000299414,Voter,15,3,6.,1,false,true,false,false,6.,6.,0.,0.,10.8084171376
1.22000299414,Voter,15,3,11.,1,false,true,false,false,6.,6.,0.,0.,11.1762449872
1.22000299414,Voter,15,3,16.,1,false,true,false,false,6.,6.,0.,0.,11.1887627616
1.22000299414,Voter,15,3,21.,1,false,true,false,false,6.,6.,0.,0.,11.1891887616
1.22000299414,Voter,15,3,26.,1,false,true,false,false,6.,6.,0.,0.,11.1892032591
1.22000299414,Voter,15,3,31.,1,false,true,false,false,6.,6.,0.,0.,11.1892037525
1.22000299414,Voter,15,3,36.,1,false,true,false,false,6.,6.,0.,0.,11.1892037693
1.22000299414,Voter,15,3,41.,1,false,true,false,false,6.,6.,0.,0.,11.1892037698
1.22000299414,Voter,15,3,46.,1,false,true,false,false,6.,6.,0.,0.,11.1892037698
1.22000299414,Voter,15,3,51.,1,false,true,false,false,6.,6.,0.,0.,11.1892037698
1.1823792178,Voter,15,3,1.,1,false,true,false,false,2.,2.,6.,6.,0.
1.1823792178,Voter,15,3,6.,1,false,true,false,false,8.,6.,0.,0.,10.6585472704
1.1823792178,Voter,15,3,11.,1,false,true,false,false,8.,6.,0.,0.,10.9920552256
1.1823792178,Voter,15,3,16.,1,false,true,false,false,8.,6.,0.,0.,11.0024907525
1.1823792178,Voter,15,3,21.,1,false,true,false,false,8.,6.,0.,0.,11.0028172821
1.1823792178,Voter,15,3,26.,1,false,true,false,false,8.,6.,0.,0.,11.0028274993
1.1823792178,Voter,15,3,31.,1,false,true,false,false,8.,6.,0.,0.,11.0028278189
1.1823792178,Voter,15,3,36.,1,false,true,false,false,8.,6.,0.,0.,11.002827829
1.1823792178,Voter,15,3,41.,1,false,true,false,false,8.,6.,0.,0.,11.0028278293
1.1823792178,Voter,15,3,46.,1,false,true,false,false,8.,6.,0.,0.,11.0028278293
1.1823792178,Voter,15,3,51.,1,false,true,false,false,8.,6.,0.,0.,11.0028278293
1.26601209116,Sample,15,4,1.,1,false,true,false,false,16.,16.,36.,26.,0.
1.26601209116,Sample,15,4,6.,1,false,true,false,false,38.,30.,22.,22.,10.980842898
1.26601209116,Sample,15,4,11.,1,false,true,false,false,38.,30.,22.,22.,11.3926598684
1.26601209116,Sample,15,4,16.,1,false,true,false,false,38.,30.,22.,22.,11.408104331
1.26601209116,Sample,15,4,21.,1,false,true,false,false,38.,30.,22.,22.,11.408683548
1.26601209116,Sample,15,4,26.,1,false,true,false,false,38.,30.,22.,22.,11.4087052706
1.26601209116,Sample,15,4,31.,1,false,true,false,false,38.,30.,22.,22.,11.4087060852
1.26601209116,Sample,15,4,36.,1,false,true,false,false,38.,30.,22.,22.,11.4087061158
1.26601209116,Sample,15,4,41.,1,false,true,false,false,38.,30.,22.,22.,11.4087061169
1.26601209116,Sample,15,4,46.,1,false,true,false,false,38.,30.,22.,22.,11.408706117
1.26601209116,Sample,15,4,51.,1,false,true,false,false,38.,30.,22.,22.,11.408706117
1.32686982476,Voter,15,4,1.,1,false,true,false,false,24.,24.,52.,44.,0.
1.32686982476,Voter,15,4,6.,1,false,true,false,false,50.,48.,58.,48.,11.1916105658
1.32686982476,Voter,15,4,11.,1,false,true,false,false,50.,48.,58.,48.,11.6648223151
1.32686982476,Voter,15,4,16.,1,false,true,false,false,50.,48.,58.,48.,11.6848309956
1.32686982476,Voter,15,4,21.,1,false,true,false,false,50.,48.,58.,48.,11.685677017
1.32686982476,Voter,15,4,26.,1,false,true,false,false,50.,48.,58.,48.,11.6857127891
1.32686982476,Voter,15,4,31.,1,false,true,false,false,50.,48.,58.,48.,11.6857143017
1.32686982476,Voter,15,4,36.,1,false,true,false,false,50.,48.,58.,48.,11.6857143656
1.32686982476,Voter,15,4,41.,1,false,true,false,false,50.,48.,58.,48.,11.6857143683
1.32686982476,Voter,15,4,46.,1,false,true,false,false,50.,48.,58.,48.,11.6857143684
1.32686982476,Voter,15,4,51.,1,false,true,false,false,50.,48.,58.,48.,11.6857143684
1.35289856981,Sample,15,7,1.,1,false,true,false,false,26.,26.,78.,62.,0.
1.35289856981,Sample,15,7,6.,1,false,true,false,false,126.,104.,102.,86.,11.2760486349
1.35289856981,Sample,15,7,11.,1,false,true,false,false,130.,106.,106.,88.,11.7765664993
1.35289856981,Sample,15,7,16.,1,false,true,false,false,130.,106.,106.,88.,11.7987833361
1.35289856981,Sample,15,7,21.,1,false,true,false,false,130.,106.,106.,88.,11.7997694904
1.35289856981,Sample,15,7,26.,1,false,true,false,false,130.,106.,106.,88.,11.7998132636
1.35289856981,Sample,15,7,31.,1,false,true,false,false,130.,106.,106.,88.,11.7998152065
1.35289856981,Sample,15,7,36.,1,false,true,false,false,130.,106.,106.,88.,11.7998152928
1.35289856981,Sample,15,7,41.,1,false,true,false,false,130.,106.,106.,88.,11.7998152966
1.35289856981,Sample,15,7,46.,1,false,true,false,false,130.,106.,106.,88.,11.7998152968
1.35289856981,Sample,15,7,51.,1,false,true,false,false,130.,106.,106.,88.,11.7998152968
0.884712673056,Sample,15,6,1.,1,false,true,false,false,40.,38.,92.,74.,0.
0.884712673056,Sample,15,6,6.,1,false,true,false,false,138.,116.,158.,128.,9.1431545107
0.884712673056,Sample,15,6,11.,1,false,true,false,false,140.,116.,156.,126.,9.26433580224
0.884712673056,Sample,15,6,16.,1,false,true,false,false,140.,116.,156.,126.,9.26594191153
0.884712673056,Sample,15,6,21.,1,false,true,false,false,140.,116.,156.,126.,9.26596319854
0.884712673056,Sample,15,6,26.,1,false,true,false,false,140.,116.,156.,126.,9.26596348067
0.884712673056,Sample,15,6,31.,1,false,true,false,false,140.,116.,156.,126.,9.26596348441
0.884712673056,Sample,15,6,36.,1,false,true,false,false,140.,116.,156.,126.,9.26596348446
0.884712673056,Sample,15,6,41.,1,false,true,false,false,140.,116.,156.,126.,9.26596348446
0.884712673056,Sample,15,6,46.,1,false,true,false,false,140.,116.,156.,126.,9.26596348446
0.884712673056,Sample,15,6,51.,1,false,true,false,false,140.,116.,156.,126.,9.26596348446
1.29169477585,Voter,15,6,1.,1,false,true,false,false,10.,10.,44.,40.,0.
1.29169477585,Voter,15,6,6.,1,false,true,false,false,38.,32.,12.,12.,11.0721248818
1.29169477585,Voter,15,6,11.,1,false,true,false,false,38.,32.,12.,12.,11.509419982
1.29169477585,Voter,15,6,16.,1,false,true,false,false,38.,32.,12.,12.,11.5266910123
1.29169477585,Voter,15,6,21.,1,false,true,false,false,38.,32.,12.,12.,11.5273731341
1.29169477585,Voter,15,6,26.,1,false,true,false,false,38.,32.,12.,12.,11.5274000746
1.29169477585,Voter,15,6,31.,1,false,true,false,false,38.,32.,12.,12.,11.5274011386
1.29169477585,Voter,15,6,36.,1,false,true,false,false,38.,32.,12.,12.,11.5274011806
1.29169477585,Voter,15,6,41.,1,false,true,false,false,38.,32.,12.,12.,11.5274011823
1.29169477585,Voter,15,6,46.,1,false,true,false,false,38.,32.,12.,12.,11.5274011823
1.29169477585,Voter,15,6,51.,1,false,true,false,false,38.,32.,12.,12.,11.5274011823
1.3721065119,Sample,15,7,1.,1,false,true,false,false,26.,24.,74.,60.,0.
1.3721065119,Sample,15,7,6.,1,false,true,false,false,118.,104.,94.,84.,11.3362580051
1.3721065119,Sample,15,7,11.,1,false,true,false,false,126.,108.,94.,82.,11.857307611
1.3721065119,Sample,15,7,16.,1,false,true,false,false,126.,108.,94.,82.,11.8812566683
1.3721065119,Sample,15,7,21.,1,false,true,false,false,126.,108.,94.,82.,11.8823574413
1.3721065119,Sample,15,7,26.,1,false,true,false,false,126.,108.,94.,82.,11.8824080362
1.3721065119,Sample,15,7,31.,1,false,true,false,false,126.,108.,94.,82.,11.8824103617
1.3721065119,Sample,15,7,36.,1,false,true,false,false,126.,108.,94.,82.,11.8824104686
1.3721065119,Sample,15,7,41.,1,false,true,false,false,126.,108.,94.,82.,11.8824104735
1.3721065119,Sample,15,7,46.,1,false,true,false,false,126.,108.,94.,82.,11.8824104737
1.3721065119,Sample,15,7,51.,1,false,true,false,false,126.,108.,94.,82.,11.8824104737
1.28022881283,Sample,15,7,1.,1,false,true,false,false,34.,34.,94.,80.,0.
1.28022881283,Sample,15,7,6.,1,false,true,false,false,230.,172.,270.,200.,11.0318015813
1.28022881283,Sample,15,7,11.,1,false,true,false,false,258.,188.,270.,198.,11.4576425095
1.28022881283,Sample,15,7,16.,1,false,true,false,false,260.,190.,272.,198.,11.474080486
1.28022881283,Sample,15,7,21.,1,false,true,false,false,260.,190.,272.,198.,11.4747150119
1.28022881283,Sample,15,7,26.,1,false,true,false,false,260.,190.,272.,198.,11.4747395054
1.28022881283,Sample,15,7,31.,1,false,true,false,false,260.,190.,272.,198.,11.4747404508
1.28022881283,Sample,15,7,36.,1,false,true,false,false,260.,190.,272.,198.,11.4747404873
1.28022881283,Sample,15,7,41.,1,false,true,false,false,260.,190.,272.,198.,11.4747404887
1.28022881283,Sample,15,7,46.,1,false,true,false,false,260.,190.,272.,198.,11.4747404888
1.28022881283,Sample,15,7,51.,1,false,true,false,false,260.,190.,272.,198.,11.4747404888
0.923723574686,Sample,15,7,1.,1,false,true,false,false,92.,82.,156.,126.,0.
0.923723574686,Sample,15,7,6.,1,false,true,false,false,334.,248.,362.,258.,9.3793658452
0.923723574686,Sample,15,7,11.,1,false,true,false,false,338.,252.,358.,258.,9.52199275994
0.923723574686,Sample,15,7,16.,1,false,true,false,false,338.,252.,358.,258.,9.52416160986
0.923723574686,Sample,15,7,21.,1,false,true,false,false,338.,252.,358.,258.,9.52419459038
0.923723574686,Sample,15,7,26.,1,false,true,false,false,338.,252.,358.,258.,9.5241950919
0.923723574686,Sample,15,7,31.,1,false,true,false,false,338.,252.,358.,258.,9.52419509952
0.923723574686,Sample,15,7,36.,1,false,true,false,false,338.,252.,358.,258.,9.52419509964
0.923723574686,Sample,15,7,41.,1,false,true,false,false,338.,252.,358.,258.,9.52419509964
0.923723574686,Sample,15,7,46.,1,false,true,false,false,338.,252.,358.,258.,9.52419509964
0.923723574686,Sample,15,7,51.,1,false,true,false,false,338.,252.,358.,258.,9.52419509964
1.36757085774,Voter,15,4,1.,1,false,true,false,false,4.,4.,20.,20.,0.
1.36757085774,Voter,15,4,6.,1,false,true,false,false,26.,24.,14.,14.,11.3221988972
1.36757085774,Voter,15,4,11.,1,false,true,false,false,26.,24.,14.,14.,11.8383716953
1.36757085774,Voter,15,4,16.,1,false,true,false,false,26.,24.,14.,14.,11.8619037282
1.36757085774,Voter,15,4,21.,1,false,true,false,false,26.,24.,14.,14.,11.8629765406
1.36757085774,Voter,15,4,26.,1,false,true,false,false,26.,24.,14.,14.,11.8630254496
1.36757085774,Voter,15,4,31.,1,false,true,false,false,26.,24.,14.,14.,11.8630276793
1.36757085774,Voter,15,4,36.,1,false,true,false,false,26.,24.,14.,14.,11.8630277809
1.36757085774,Voter,15,4,41.,1,false,true,false,false,26.,24.,14.,14.,11.8630277856
1.36757085774,Voter,15,4,46.,1,false,true,false,false,26.,24.,14.,14.,11.8630277858
1.36757085774,Voter,15,4,51.,1,false,true,false,false,26.,24.,14.,14.,11.8630277858
1.10093713805,Sample,15,4,1.,1,false,true,false,false,2.,2.,14.,14.,0.
1.10093713805,Sample,15,4,6.,1,false,true,false,false,24.,22.,12.,12.,10.304916881
1.10093713805,Sample,15,4,11.,1,false,true,false,false,26.,24.,10.,10.,10.5695513258
1.10093713805,Sample,15,4,16.,1,false,true,false,false,26.,24.,10.,10.,10.5763472456
1.10093713805,Sample,15,4,21.,1,false,true,false,false,26.,24.,10.,10.,10.5765217676
1.10093713805,Sample,15,4,26.,1,false,true,false,false,26.,24.,10.,10.,10.5765262494
1.10093713805,Sample,15,4,31.,1,false,true,false,false,26.,24.,10.,10.,10.5765263645
1.10093713805,Sample,15,4,36.,1,false,true,false,false,26.,24.,10.,10.,10.5765263674
1.10093713805,Sample,15,4,41.,1,false,true,false,false,26.,24.,10.,10.,10.5765263675
1.10093713805,Sample,15,4,46.,1,false,true,false,false,26.,24.,10.,10.,10.5765263675
1.10093713805,Sample,15,4,51.,1,false,true,false,false,26.,24.,10.,10.,10.5765263675
1.3729672503,Voter,15,6,1.,1,false,true,false,false,34.,34.,78.,72.,0.
1.3729672503,Voter,15,6,6.,1,false,true,false,false,92.,74.,104.,82.,11.3389150572
1.3729672503,Voter,15,6,11.,1,false,true,false,false,90.,74.,106.,82.,11.8608921142
1.3729672503,Voter,15,6,16.,1,false,true,false,false,90.,74.,106.,82.,11.8849208724
1.3729672503,Voter,15,6,21.,1,false,true,false,false,90.,74.,106.,82.,11.8860270153
1.3729672503,Voter,15,6,26.,1,false,true,false,false,90.,74.,106.,82.,11.8860779356
1.3729672503,Voter,15,6,31.,1,false,true,false,false,90.,74.,106.,82.,11.8860802797
1.3729672503,Voter,15,6,36.,1,false,true,false,false,90.,74.,106.,82.,11.8860803876
1.3729672503,Voter,15,6,41.,1,false,true,false,false,90.,74.,106.,82.,11.8860803926
1.3729672503,Voter,15,6,46.,1,false,true,false,false,90.,74.,106.,82.,11.8860803928
1.3729672503,Voter,15,6,51.,1,false,true,false,false,90.,74.,106.,82.,11.8860803928
0.865064595725,Voter,15,6,1.,1,false,true,false,false,78.,68.,94.,78.,0.
0.865064595725,Voter,15,6,6.,1,false,true,false,false,106.,88.,86.,66.,9.01929326989
0.865064595725,Voter,15,6,11.,1,false,true,false,false,108.,88.,84.,64.,9.1304265544
0.865064595725,Voter,15,6,16.,1,false,true,false,false,108.,88.,84.,64.,9.13179590858
0.865064595725,Voter,15,6,21.,1,false,true,false,false,108.,88.,84.,64.,9.13181278139
0.865064595725,Voter,15,6,26.,1,false,true,false,false,108.,88.,84.,64.,9.13181298929
0.865064595725,Voter,15,6,31.,1,false,true,false,false,108.,88.,84.,64.,9.13181299186
0.865064595725,Voter,15,6,36.,1,false,true,false,false,108.,88.,84.,64.,9.13181299189
0.865064595725,Voter,15,6,41.,1,false,true,false,false,108.,88.,84.,64.,9.13181299189
0.865064595725,Voter,15,6,46.,1,false,true,false,false,108.,88.,84.,64.,9.13181299189
0.865064595725,Voter,15,6,51.,1,false,true,false,false,108.,88.,84.,64.,9.13181299189
1.37076174512,Sample,15,7,1.,1,false,true,false,false,36.,36.,108.,94.,0.
1.37076174512,Sample,15,7,6.,1,false,true,false,false,306.,220.,334.,234.,11.3320997899
1.37076174512,Sample,15,7,11.,1,false,true,false,false,314.,222.,338.,238.,11.8517016575
1.37076174512,Sample,15,7,16.,1,false,true,false,false,314.,222.,338.,238.,11.8755265537
1.37076174512,Sample,15,7,21.,1,false,true,false,false,314.,222.,338.,238.,11.876618978
1.37076174512,Sample,15,7,26.,1,false,true,false,false,314.,222.,338.,238.,11.876669068
1.37076174512,Sample,15,7,31.,1,false,true,false,false,314.,222.,338.,238.,11.8766713648
1.37076174512,Sample,15,7,36.,1,false,true,false,false,314.,222.,338.,238.,11.8766714701
1.37076174512,Sample,15,7,41.,1,false,true,false,false,314.,222.,338.,238.,11.8766714749
1.37076174512,Sample,15,7,46.,1,false,true,false,false,314.,222.,338.,238.,11.8766714751
1.37076174512,Sample,15,7,51.,1,false,true,false,false,314.,222.,338.,238.,11.8766714751
0.810431611446,Voter,15,6,1.,1,false,true,false,false,58.,50.,66.,56.,0.
0.810431611446,Voter,15,6,6.,1,false,true,false,false,80.,66.,60.,52.,8.6567971839
0.810431611446,Voter,15,6,11.,1,false,true,false,false,80.,66.,60.,52.,8.74263300781
0.810431611446,Voter,15,6,16.,1,false,true,false,false,80.,66.,60.,52.,8.74348410649
0.810431611446,Voter,15,6,21.,1,false,true,false,false,80.,66.,60.,52.,8.7434925455
0.810431611446,Voter,15,6,26.,1,false,true,false,false,80.,66.,60.,52.,8.74349262917
0.810431611446,Voter,15,6,31.,1,false,true,false,false,80.,66.,60.,52.,8.74349263
0.810431611446,Voter,15,6,36.,1,false,true,false,false,80.,66.,60.,52.,8.74349263001
0.810431611446,Voter,15,6,41.,1,false,true,false,false,80.,66.,60.,52.,8.74349263001
0.810431611446,Voter,15,6,46.,1,false,true,false,false,80.,66.,60.,52.,8.74349263001
0.810431611446,Voter,15,6,51.,1,false,true,false,false,80.,66.,60.,52.,8.74349263001
1.32262947095,Sample,15,3,1.,1,false,true,false,false,0.,0.,12.,12.,0.
1.32262947095,Sample,15,3,6.,1,false,true,false,false,14.,14.,2.,2.,11.1775381079
1.32262947095,Sample,15,3,11.,1,false,true,false,false,14.,14.,2.,2.,11.6463591913
1.32262947095,Sample,15,3,16.,1,false,true,false,false,14.,14.,2.,2.,11.6660230212
1.32262947095,Sample,15,3,21.,1,false,true,false,false,14.,14.,2.,2.,11.666847784
1.32262947095,Sample,15,3,26.,1,false,true,false,false,14.,14.,2.,2.,11.6668823772
1.32262947095,Sample,15,3,31.,1,false,true,false,false,14.,14.,2.,2.,11.6668838281
1.32262947095,Sample,15,3,36.,1,false,true,false,false,14.,14.,2.,2.,11.666883889
1.32262947095,Sample,15,3,41.,1,false,true,false,false,14.,14.,2.,2.,11.6668838915
1.32262947095,Sample,15,3,46.,1,false,true,false,false,14.,14.,2.,2.,11.6668838916
1.32262947095,Sample,15,3,51.,1,false,true,false,false,14.,14.,2.,2.,11.6668838917
1.39262455625,Voter,15,6,1.,1,false,true,false,false,46.,44.,74.,66.,0.
1.39262455625,Voter,15,6,6.,1,false,true,false,false,110.,92.,90.,76.,11.3986531231
1.39262455625,Voter,15,6,11.,1,false,true,false,false,110.,92.,90.,76.,11.9419798664
1.39262455625,Voter,15,6,16.,1,false,true,false,false,110.,92.,90.,76.,11.9678780095
1.39262455625,Voter,15,6,21.,1,false,true,false,false,110.,92.,90.,76.,11.9691124671
1.39262455625,Voter,15,6,26.,1,false,true,false,false,110.,92.,90.,76.,11.9691713086
1.39262455625,Voter,15,6,31.,1,false,true,false,false,110.,92.,90.,76.,11.9691741134
1.39262455625,Voter,15,6,36.,1,false,true,false,false,110.,92.,90.,76.,11.969174247
1.39262455625,Voter,15,6,41.,1,false,true,false,false,110.,92.,90.,76.,11.9691742534
1.39262455625,Voter,15,6,46.,1,false,true,false,false,110.,92.,90.,76.,11.9691742537
1.39262455625,Voter,15,6,51.,1,false,true,false,false,110.,92.,90.,76.,11.9691742537
1.31563883324,Sample,15,4,1.,1,false,true,false,false,14.,14.,30.,26.,0.
1.31563883324,Sample,15,4,6.,1,false,true,false,false,40.,36.,28.,24.,11.1541417322
1.31563883324,Sample,15,4,11.,1,false,true,false,false,44.,38.,28.,26.,11.6157603985
1.31563883324,Sample,15,4,16.,1,false,true,false,false,44.,38.,28.,26.,11.6348646737
1.31563883324,Sample,15,4,21.,1,false,true,false,false,44.,38.,28.,26.,11.6356553119
1.31563883324,Sample,15,4,26.,1,false,true,false,false,44.,38.,28.,26.,11.6356880328
1.31563883324,Sample,15,4,31.,1,false,true,false,false,44.,38.,28.,26.,11.6356893869
1.31563883324,Sample,15,4,36.,1,false,true,false,false,44.,38.,28.,26.,11.635689443
1.31563883324,Sample,15,4,41.,1,false,true,false,false,44.,38.,28.,26.,11.6356894453
1.31563883324,Sample,15,4,46.,1,false,true,false,false,44.,38.,28.,26.,11.6356894454
1.31563883324,Sample,15,4,51.,1,false,true,false,false,44.,38.,28.,26.,11.6356894454
1.26944401442,Voter,15,7,1.,1,false,true,false,false,74.,64.,124.,98.,0.
1.26944401442,Voter,15,7,6.,1,false,true,false,false,162.,134.,176.,128.,10.9932426889
1.26944401442,Voter,15,7,11.,1,false,true,false,false,164.,136.,174.,126.,11.4084268056
1.26944401442,Voter,15,7,16.,1,false,true,false,false,164.,136.,174.,126.,11.4241071517
1.26944401442,Voter,15,7,21.,1,false,true,false,false,164.,136.,174.,126.,11.4246993547
1.26944401442,Voter,15,7,26.,1,false,true,false,false,164.,136.,174.,126.,11.4247217205
1.26944401442,Voter,15,7,31.,1,false,true,false,false,164.,136.,174.,126.,11.4247225652
1.26944401442,Voter,15,7,36.,1,false,true,false,false,164.,136.,174.,126.,11.4247225971
1.26944401442,Voter,15,7,41.,1,false,true,false,false,164.,136.,174.,126.,11.4247225983
1.26944401442,Voter,15,7,46.,1,false,true,false,false,164.,136.,174.,126.,11.4247225984
1.26944401442,Voter,15,7,51.,1,false,true,false,false,164.,136.,174.,126.,11.4247225984
1.10547599771,Sample,15,3,1.,1,false,true,false,false,2.,2.,12.,10.,0.
1.10547599771,Sample,15,3,6.,1,false,true,false,false,8.,8.,10.,10.,10.325726328
1.10547599771,Sample,15,3,11.,1,false,true,false,false,8.,8.,10.,10.,10.5939966299
1.10547599771,Sample,15,3,16.,1,false,true,false,false,8.,8.,10.,10.,10.6009664984
1.10547599771,Sample,15,3,21.,1,false,true,false,false,8.,8.,10.,10.,10.6011475809
1.10547599771,Sample,15,3,26.,1,false,true,false,false,8.,8.,10.,10.,10.6011522856
1.10547599771,Sample,15,3,31.,1,false,true,false,false,8.,8.,10.,10.,10.6011524078
1.10547599771,Sample,15,3,36.,1,false,true,false,false,8.,8.,10.,10.,10.601152411
1.10547599771,Sample,15,3,41.,1,false,true,false,false,8.,8.,10.,10.,10.6011524111
1.10547599771,Sample,15,3,46.,1,false,true,false,false,8.,8.,10.,10.,10.6011524111
1.10547599771,Sample,15,3,51.,1,false,true,false,false,8.,8.,10.,10.,10.6011524111
1.0430020934,Voter,15,5,1.,1,false,true,false,false,20.,20.,32.,32.,0.
1.0430020934,Voter,15,5,6.,1,false,true,false,false,50.,42.,34.,32.,10.0272170049
1.0430020934,Voter,15,5,11.,1,false,true,false,false,50.,42.,34.,32.,10.2476279832
1.0430020934,Voter,15,5,16.,1,false,true,false,false,50.,42.,34.,32.,10.2524728967
1.0430020934,Voter,15,5,21.,1,false,true,false,false,50.,42.,34.,32.,10.2525793941
1.0430020934,Voter,15,5,26.,1,false,true,false,false,50.,42.,34.,32.,10.252581735
1.0430020934,Voter,15,5,31.,1,false,true,false,false,50.,42.,34.,32.,10.2525817865
1.0430020934,Voter,15,5,36.,1,false,true,false,false,50.,42.,34.,32.,10.2525817876
1.0430020934,Voter,15,5,41.,1,false,true,false,false,50.,42.,34.,32.,10.2525817876
1.0430020934,Voter,15,5,46.,1,false,true,false,false,50.,42.,34.,32.,10.2525817876
1.0430020934,Voter,15,5,51.,1,false,true,false,false,50.,42.,34.,32.,10.2525817876
1.0396694561,Voter,15,3,1.,1,false,true,false,false,6.,6.,10.,10.,0.
1.0396694561,Voter,15,3,6.,1,false,true,false,false,8.,6.,8.,8.,10.0105424379
1.0396694561,Voter,15,3,11.,1,false,true,false,false,8.,6.,8.,8.,10.2285348199
1.0396694561,Voter,15,3,16.,1,false,true,false,false,8.,6.,8.,8.,10.2332818832
1.0396694561,Voter,15,3,21.,1,false,true,false,false,8.,6.,8.,8.,10.2333852566
1.0396694561,Voter,15,3,26.,1,false,true,false,false,8.,6.,8.,8.,10.2333875077
1.0396694561,Voter,15,3,31.,1,false,true,false,false,8.,6.,8.,8.,10.2333875567
1.0396694561,Voter,15,3,36.,1,false,true,false,false,8.,6.,8.,8.,10.2333875578
1.0396694561,Voter,15,3,41.,1,false,true,false,false,8.,6.,8.,8.,10.2333875578
1.0396694561,Voter,15,3,46.,1,false,true,false,false,8.,6.,8.,8.,10.2333875578
1.0396694561,Voter,15,3,51.,1,false,true,false,false,8.,6.,8.,8.,10.2333875578
0.97950007599,Sample,15,7,1.,1,false,true,false,false,60.,50.,140.,118.,0.
0.97950007599,Sample,15,7,6.,1,false,true,false,false,334.,252.,406.,274.,9.6957148642
0.97950007599,Sample,15,7,11.,1,false,true,false,false,334.,254.,402.,274.,9.87244545771
0.97950007599,Sample,15,7,16.,1,false,true,false,false,334.,254.,402.,274.,9.87566685016
0.97950007599,Sample,15,7,21.,1,false,true,false,false,334.,254.,402.,274.,9.87572556874
0.97950007599,Sample,15,7,26.,1,false,true,false,false,334.,254.,402.,274.,9.87572663904
0.97950007599,Sample,15,7,31.,1,false,true,false,false,334.,254.,402.,274.,9.87572665855
0.97950007599,Sample,15,7,36.,1,false,true,false,false,334.,254.,402.,274.,9.87572665891
0.97950007599,Sample,15,7,41.,1,false,true,false,false,334.,254.,402.,274.,9.87572665892
0.97950007599,Sample,15,7,46.,1,false,true,false,false,334.,254.,402.,274.,9.87572665892
0.97950007599,Sample,15,7,51.,1,false,true,false,false,334.,254.,402.,274.,9.87572665892
0.877781991634,Sample,15,7,1.,1,false,true,false,false,112.,96.,172.,148.,0.
0.877781991634,Sample,15,7,6.,1,false,true,false,false,314.,238.,362.,266.,9.09984509842
0.877781991634,Sample,15,7,11.,1,false,true,false,false,316.,238.,360.,264.,9.21742445923
0.877781991634,Sample,15,7,16.,1,false,true,false,false,316.,238.,360.,264.,9.21894370553
0.877781991634,Sample,15,7,21.,1,false,true,false,false,316.,238.,360.,264.,9.21896333576
0.877781991634,Sample,15,7,26.,1,false,true,false,false,316.,238.,360.,264.,9.2189635894
0.877781991634,Sample,15,7,31.,1,false,true,false,false,316.,238.,360.,264.,9.21896359268
0.877781991634,Sample,15,7,36.,1,false,true,false,false,316.,238.,360.,264.,9.21896359272
0.877781991634,Sample,15,7,41.,1,false,true,false,false,316.,238.,360.,264.,9.21896359272
0.877781991634,Sample,15,7,46.,1,false,true,false,false,316.,238.,360.,264.,9.21896359272
0.877781991634,Sample,15,7,51.,1,false,true,false,false,316.,238.,360.,264.,9.21896359272
0.984366691696,Sample,15,6,1.,1,false,true,false,false,22.,22.,62.,56.,0.
0.984366691696,Sample,15,6,6.,1,false,true,false,false,84.,78.,80.,74.,9.72217285065
0.984366691696,Sample,15,6,11.,1,false,true,false,false,92.,84.,84.,78.,9.90206964888
0.984366691696,Sample,15,6,16.,1,false,true,false,false,92.,84.,84.,78.,9.9053984169
0.984366691696,Sample,15,6,21.,1,false,true,false,false,92.,84.,84.,78.,9.90546001164
0.984366691696,Sample,15,6,26.,1,false,true,false,false,92.,84.,84.,78.,9.90546115137
0.984366691696,Sample,15,6,31.,1,false,true,false,false,92.,84.,84.,78.,9.90546117246
0.984366691696,Sample,15,6,36.,1,false,true,false,false,92.,84.,84.,78.,9.90546117285
0.984366691696,Sample,15,6,41.,1,false,true,false,false,92.,84.,84.,78.,9.90546117286
0.984366691696,Sample,15,6,46.,1,false,true,false,false,92.,84.,84.,78.,9.90546117286
0.984366691696,Sample,15,6,51.,1,false,true,false,false,92.,84.,84.,78.,9.90546117286
0.908584230549,Voter,15,4,1.,1,false,true,false,false,18.,18.,18.,18.,0.
0.908584230549,Voter,15,4,6.,1,false,true,false,false,24.,22.,12.,12.,9.28920255698
0.908584230549,Voter,15,4,11.,1,false,true,false,false,24.,22.,12.,12.,9.42327074692
0.908584230549,Voter,15,4,16.,1,false,true,false,false,24.,22.,12.,12.,9.42520571168
0.908584230549,Voter,15,4,21.,1,false,true,false,false,24.,22.,12.,12.,9.42523363843
0.908584230549,Voter,15,4,26.,1,false,true,false,false,24.,22.,12.,12.,9.42523404149
0.908584230549,Voter,15,4,31.,1,false,true,false,false,24.,22.,12.,12.,9.4252340473
0.908584230549,Voter,15,4,36.,1,false,true,false,false,24.,22.,12.,12.,9.42523404739
0.908584230549,Voter,15,4,41.,1,false,true,false,false,24.,22.,12.,12.,9.42523404739
0.908584230549,Voter,15,4,46.,1,false,true,false,false,24.,22.,12.,12.,9.42523404739
0.908584230549,Voter,15,4,51.,1,false,true,false,false,24.,22.,12.,12.,9.42523404739
1.01455767459,Sample,15,4,1.,1,false,true,false,false,18.,18.,38.,34.,0.
1.01455767459,Sample,15,4,6.,1,false,true,false,false,50.,40.,42.,38.,9.88235996168
1.01455767459,Sample,15,4,11.,1,false,true,false,false,50.,40.,42.,38.,10.0825746731
1.01455767459,Sample,15,4,16.,1,false,true,false,false,50.,40.,42.,38.,10.0866309847
1.01455767459,Sample,15,4,21.,1,false,true,false,false,50.,40.,42.,38.,10.0867131648
1.01455767459,Sample,15,4,26.,1,false,true,false,false,50.,40.,42.,38.,10.0867148297
1.01455767459,Sample,15,4,31.,1,false,true,false,false,50.,40.,42.,38.,10.0867148635
1.01455767459,Sample,15,4,36.,1,false,true,false,false,50.,40.,42.,38.,10.0867148641
1.01455767459,Sample,15,4,41.,1,false,true,false,false,50.,40.,42.,38.,10.0867148642
1.01455767459,Sample,15,4,46.,1,false,true,false,false,50.,40.,42.,38.,10.0867148642
1.01455767459,Sample,15,4,51.,1,false,true,false,false,50.,40.,42.,38.,10.0867148642
1.18547128561,Sample,15,7,1.,1,false,true,false,false,42.,38.,114.,92.,0.
1.18547128561,Sample,15,7,6.,1,false,true,false,false,244.,172.,272.,192.,10.6711749544
1.18547128561,Sample,15,7,11.,1,false,true,false,false,258.,180.,278.,196.,11.007445583
1.18547128561,Sample,15,7,16.,1,false,true,false,false,258.,180.,278.,196.,11.0180421608
1.18547128561,Sample,15,7,21.,1,false,true,false,false,258.,180.,278.,196.,11.0183760807
1.18547128561,Sample,15,7,26.,1,false,true,false,false,258.,180.,278.,196.,11.0183866032
1.18547128561,Sample,15,7,31.,1,false,true,false,false,258.,180.,278.,196.,11.0183869348
1.18547128561,Sample,15,7,36.,1,false,true,false,false,258.,180.,278.,196.,11.0183869453
1.18547128561,Sample,15,7,41.,1,false,true,false,false,258.,180.,278.,196.,11.0183869456
1.18547128561,Sample,15,7,46.,1,false,true,false,false,258.,180.,278.,196.,11.0183869456
1.18547128561,Sample,15,7,51.,1,false,true,false,false,258.,180.,278.,196.,11.0183869456
1.03889504317,Voter,15,4,1.,1,false,true,false,false,16.,16.,22.,20.,0.
1.03889504317,Voter,15,4,6.,1,false,true,false,false,30.,28.,24.,24.,10.0066565416
1.03889504317,Voter,15,4,11.,1,false,true,false,false,30.,28.,24.,24.,10.224088888
1.03889504317,Voter,15,4,16.,1,false,true,false,false,30.,28.,24.,24.,10.2288134256
1.03889504317,Voter,15,4,21.,1,false,true,false,false,30.,28.,24.,24.,10.228916084
1.03889504317,Voter,15,4,26.,1,false,true,false,false,30.,28.,24.,24.,10.2289183146
1.03889504317,Voter,15,4,31.,1,false,true,false,false,30.,28.,24.,24.,10.2289183631
1.03889504317,Voter,15,4,36.,1,false,true,false,false,30.,28.,24.,24.,10.2289183642
1.03889504317,Voter,15,4,41.,1,false,true,false,false,30.,28.,24.,24.,10.2289183642
1.03889504317,Voter,15,4,46.,1,false,true,false,false,30.,28.,24.,24.,10.2289183642
1.03889504317,Voter,15,4,51.,1,false,true,false,false,30.,28.,24.,24.,10.2289183642
1.24120454352,Sample,15,5,1.,1,false,true,false,false,16.,16.,40.,36.,0.
1.24120454352,Sample,15,5,6.,1,false,true,false,false,64.,54.,52.,48.,10.88932081
1.24120454352,Sample,15,5,11.,1,false,true,false,false,70.,58.,58.,52.,11.2771498598
1.24120454352,Sample,15,5,16.,1,false,true,false,false,70.,58.,58.,52.,11.2909626011
1.24120454352,Sample,15,5,21.,1,false,true,false,false,70.,58.,58.,52.,11.2914545494
1.24120454352,Sample,15,5,26.,1,false,true,false,false,70.,58.,58.,52.,11.2914720704
1.24120454352,Sample,15,5,31.,1,false,true,false,false,70.,58.,58.,52.,11.2914726944
1.24120454352,Sample,15,5,36.,1,false,true,false,false,70.,58.,58.,52.,11.2914727166
1.24120454352,Sample,15,5,41.,1,false,true,false,false,70.,58.,58.,52.,11.2914727174
1.24120454352,Sample,15,5,46.,1,false,true,false,false,70.,58.,58.,52.,11.2914727175
1.24120454352,Sample,15,5,51.,1,false,true,false,false,70.,58.,58.,52.,11.2914727175
0.943071577334,Voter,15,5,1.,1,false,true,false,false,18.,18.,46.,38.,0.
0.943071577334,Voter,15,5,6.,1,false,true,false,false,38.,32.,38.,34.,9.49188242587
0.943071577334,Voter,15,5,11.,1,false,true,false,false,38.,32.,38.,34.,9.64588231717
0.943071577334,Voter,15,5,16.,1,false,true,false,false,38.,32.,38.,34.,9.64838086966
0.943071577334,Voter,15,5,21.,1,false,true,false,false,38.,32.,38.,34.,9.64842140712
0.943071577334,Voter,15,5,26.,1,false,true,false,false,38.,32.,38.,34.,9.64842206482
0.943071577334,Voter,15,5,31.,1,false,true,false,false,38.,32.,38.,34.,9.64842207549
0.943071577334,Voter,15,5,36.,1,false,true,false,false,38.,32.,38.,34.,9.64842207566
0.943071577334,Voter,15,5,41.,1,false,true,false,false,38.,32.,38.,34.,9.64842207566
0.943071577334,Voter,15,5,46.,1,false,true,false,false,38.,32.,38.,34.,9.64842207566
0.943071577334,Voter,15,5,51.,1,false,true,false,false,38.,32.,38.,34.,9.64842207566
1.14321235796,Sample,15,6,1.,1,false,true,false,false,22.,22.,96.,82.,0.
1.14321235796,Sample,15,6,6.,1,false,true,false,false,158.,136.,168.,138.,10.4936248224
1.14321235796,Sample,15,6,11.,1,false,true,false,false,168.,144.,174.,140.,10.7930608845
1.14321235796,Sample,15,6,16.,1,false,true,false,false,170.,146.,172.,140.,10.8016053061
1.14321235796,Sample,15,6,21.,1,false,true,false,false,170.,146.,172.,140.,10.8018491216
1.14321235796,Sample,15,6,26.,1,false,true,false,false,170.,146.,172.,140.,10.8018560789
1.14321235796,Sample,15,6,31.,1,false,true,false,false,170.,146.,172.,140.,10.8018562774
1.14321235796,Sample,15,6,36.,1,false,true,false,false,170.,146.,172.,140.,10.8018562831
1.14321235796,Sample,15,6,41.,1,false,true,false,false,170.,146.,172.,140.,10.8018562832
1.14321235796,Sample,15,6,46.,1,false,true,false,false,170.,146.,172.,140.,10.8018562832
1.14321235796,Sample,15,6,51.,1,false,true,false,false,170.,146.,172.,140.,10.8018562832
0.801162576582,Sample,15,3,1.,1,false,true,false,false,6.,6.,14.,12.,0.
0.801162576582,Sample,15,3,6.,1,false,true,false,false,16.,16.,16.,16.,8.59255756563
0.801162576582,Sample,15,3,11.,1,false,true,false,false,18.,18.,18.,18.,8.67448413035
0.801162576582,Sample,15,3,16.,1,false,true,false,false,18.,18.,18.,18.,8.67526526705
0.801162576582,Sample,15,3,21.,1,false,true,false,false,18.,18.,18.,18.,8.67527271487
0.801162576582,Sample,15,3,26.,1,false,true,false,false,18.,18.,18.,18.,8.67527278588
0.801162576582,Sample,15,3,31.,1,false,true,false,false,18.,18.,18.,18.,8.67527278656
0.801162576582,Sample,15,3,36.,1,false,true,false,false,18.,18.,18.,18.,8.67527278657
0.801162576582,Sample,15,3,41.,1,false,true,false,false,18.,18.,18.,18.,8.67527278657
0.801162576582,Sample,15,3,46.,1,false,true,false,false,18.,18.,18.,18.,8.67527278657
0.801162576582,Sample,15,3,51.,1,false,true,false,false,18.,18.,18.,18.,8.67527278657
1.15380807411,Sample,15,7,1.,1,false,true,false,false,38.,36.,94.,82.,0.
1.15380807411,Sample,15,7,6.,1,false,true,false,false,128.,104.,124.,100.,10.5391614111
1.15380807411,Sample,15,7,11.,1,false,true,false,false,140.,114.,124.,98.,10.847644251
1.15380807411,Sample,15,7,16.,1,false,true,false,false,140.,114.,124.,98.,10.8566735901
1.15380807411,Sample,15,7,21.,1,false,true,false,false,140.,114.,124.,98.,10.8569378803
1.15380807411,Sample,15,7,26.,1,false,true,false,false,140.,114.,124.,98.,10.8569456161
1.15380807411,Sample,15,7,31.,1,false,true,false,false,140.,114.,124.,98.,10.8569458425
1.15380807411,Sample,15,7,36.,1,false,true,false,false,140.,114.,124.,98.,10.8569458491
1.15380807411,Sample,15,7,41.,1,false,true,false,false,140.,114.,124.,98.,10.8569458493
1.15380807411,Sample,15,7,46.,1,false,true,false,false,140.,114.,124.,98.,10.8569458493
1.15380807411,Sample,15,7,51.,1,false,true,false,false,140.,114.,124.,98.,10.8569458493
1.24838986158,Sample,15,5,1.,1,false,true,false,false,14.,14.,46.,42.,0.
1.24838986158,Sample,15,5,6.,1,false,true,false,false,72.,62.,96.,72.,10.9161740872
1.24838986158,Sample,15,5,11.,1,false,true,false,false,86.,72.,90.,72.,11.3108869555
1.24838986158,Sample,15,5,16.,1,false,true,false,false,86.,72.,90.,72.,11.3251591947
1.24838986158,Sample,15,5,21.,1,false,true,false,false,86.,72.,90.,72.,11.325675258
1.24838986158,Sample,15,5,26.,1,false,true,false,false,86.,72.,90.,72.,11.3256939181
1.24838986158,Sample,15,5,31.,1,false,true,false,false,86.,72.,90.,72.,11.3256945928
1.24838986158,Sample,15,5,36.,1,false,true,false,false,86.,72.,90.,72.,11.3256946172
1.24838986158,Sample,15,5,41.,1,false,true,false,false,86.,72.,90.,72.,11.3256946181
1.24838986158,Sample,15,5,46.,1,false,true,false,false,86.,72.,90.,72.,11.3256946181
1.24838986158,Sample,15,5,51.,1,false,true,false,false,86.,72.,90.,72.,11.3256946181
1.36165646931,Sample,15,7,1.,1,false,true,false,false,44.,42.,118.,98.,0.
1.36165646931,Sample,15,7,6.,1,false,true,false,false,192.,148.,214.,152.,11.3037195536
1.36165646931,Sample,15,7,11.,1,false,true,false,false,214.,166.,224.,162.,11.8135595037
1.36165646931,Sample,15,7,16.,1,false,true,false,false,214.,166.,224.,162.,11.8365551887
1.36165646931,Sample,15,7,21.,1,false,true,false,false,214.,166.,224.,162.,11.83759238
1.36165646931,Sample,15,7,26.,1,false,true,false,false,214.,166.,224.,162.,11.8376391612
1.36165646931,Sample,15,7,31.,1,false,true,false,false,214.,166.,224.,162.,11.8376412712
1.36165646931,Sample,15,7,36.,1,false,true,false,false,214.,166.,224.,162.,11.8376413663
1.36165646931,Sample,15,7,41.,1,false,true,false,false,214.,166.,224.,162.,11.8376413706
1.36165646931,Sample,15,7,46.,1,false,true,false,false,214.,166.,224.,162.,11.8376413708
1.36165646931,Sample,15,7,51.,1,false,true,false,false,214.,166.,224.,162.,11.8376413708
1.29891888448,Voter,15,7,1.,1,false,true,false,false,14.,14.,56.,46.,0.
1.29891888448,Voter,15,7,6.,1,false,true,false,false,70.,58.,16.,16.,11.097179561
1.29891888448,Voter,15,7,11.,1,false,true,false,false,70.,58.,16.,16.,11.5417562123
1.29891888448,Voter,15,7,16.,1,false,true,false,false,70.,58.,16.,16.,11.5595669
1.29891888448,Voter,15,7,21.,1,false,true,false,false,70.,58.,16.,16.,11.5602804341
1.29891888448,Voter,15,7,26.,1,false,true,false,false,70.,58.,16.,16.,11.5603090198
1.29891888448,Voter,15,7,31.,1,false,true,false,false,70.,58.,16.,16.,11.560310165
1.29891888448,Voter,15,7,36.,1,false,true,false,false,70.,58.,16.,16.,11.5603102109
1.29891888448,Voter,15,7,41.,1,false,true,false,false,70.,58.,16.,16.,11.5603102127
1.29891888448,Voter,15,7,46.,1,false,true,false,false,70.,58.,16.,16.,11.5603102128
1.29891888448,Voter,15,7,51.,1,false,true,false,false,70.,58.,16.,16.,11.5603102128
0.929670951297,Voter,15,5,1.,1,false,true,false,false,36.,34.,70.,56.,0.
0.929670951297,Voter,15,5,6.,1,false,true,false,false,98.,74.,96.,76.,9.41427327524
0.929670951297,Voter,15,5,11.,1,false,true,false,false,98.,74.,96.,76.,9.56034423287
0.929670951297,Voter,15,5,16.,1,false,true,false,false,98.,74.,96.,76.,9.56261065578
0.929670951297,Voter,15,5,21.,1,false,true,false,false,98.,74.,96.,76.,9.56264582138
0.929670951297,Voter,15,5,26.,1,false,true,false,false,98.,74.,96.,76.,9.56264636701
0.929670951297,Voter,15,5,31.,1,false,true,false,false,98.,74.,96.,76.,9.56264637547
0.929670951297,Voter,15,5,36.,1,false,true,false,false,98.,74.,96.,76.,9.5626463756
0.929670951297,Voter,15,5,41.,1,false,true,false,false,98.,74.,96.,76.,9.56264637561
0.929670951297,Voter,15,5,46.,1,false,true,false,false,98.,74.,96.,76.,9.56264637561
0.929670951297,Voter,15,5,51.,1,false,true,false,false,98.,74.,96.,76.,9.56264637561
1.20404441661,Voter,15,4,1.,1,false,true,false,false,18.,18.,38.,30.,0.
1.20404441661,Voter,15,4,6.,1,false,true,false,false,40.,38.,40.,36.,10.7458469309
1.20404441661,Voter,15,4,11.,1,false,true,false,false,40.,38.,40.,36.,11.0989315225
1.20404441661,Voter,15,4,16.,1,false,true,false,false,40.,38.,40.,36.,11.1105330957
1.20404441661,Voter,15,4,21.,1,false,true,false,false,40.,38.,40.,36.,11.1109142975
1.20404441661,Voter,15,4,26.,1,false,true,false,false,40.,38.,40.,36.,11.110926823
1.20404441661,Voter,15,4,31.,1,false,true,false,false,40.,38.,40.,36.,11.1109272345
1.20404441661,Voter,15,4,36.,1,false,true,false,false,40.,38.,40.,36.,11.110927248
1.20404441661,Voter,15,4,41.,1,false,true,false,false,40.,38.,40.,36.,11.1109272485
1.20404441661,Voter,15,4,46.,1,false,true,false,false,40.,38.,40.,36.,11.1109272485
1.20404441661,Voter,15,4,51.,1,false,true,false,false,40.,38.,40.,36.,11.1109272485
0.901337580227,Voter,15,3,1.,1,false,true,false,false,10.,10.,10.,10.,0.
0.901337580227,Voter,15,3,6.,1,false,true,false,false,20.,20.,16.,16.,9.24537367504
0.901337580227,Voter,15,3,11.,1,false,true,false,false,20.,20.,16.,16.,9.37545106251
0.901337580227,Voter,15,3,16.,1,false,true,false,false,20.,20.,16.,16.,9.37728118072
0.901337580227,Voter,15,3,21.,1,false,true,false,false,20.,20.,16.,16.,9.37730692949
0.901337580227,Voter,15,3,26.,1,false,true,false,false,20.,20.,16.,16.,9.37730729176
0.901337580227,Voter,15,3,31.,1,false,true,false,false,20.,20.,16.,16.,9.37730729686
0.901337580227,Voter,15,3,36.,1,false,true,false,false,20.,20.,16.,16.,9.37730729693
0.901337580227,Voter,15,3,41.,1,false,true,false,false,20.,20.,16.,16.,9.37730729693
0.901337580227,Voter,15,3,46.,1,false,true,false,false,20.,20.,16.,16.,9.37730729693
0.901337580227,Voter,15,3,51.,1,false,true,false,false,20.,20.,16.,16.,9.37730729693
0.921820983937,Voter,15,4,1.,1,false,true,false,false,12.,12.,24.,18.,0.
0.921820983937,Voter,15,4,6.,1,false,true,false,false,42.,40.,34.,32.,9.36813811614
0.921820983937,Voter,15,4,11.,1,false,true,false,false,42.,40.,34.,32.,9.50967300416
0.921820983937,Voter,15,4,16.,1,false,true,false,false,42.,40.,34.,32.,9.51181132923
0.921820983937,Voter,15,4,21.,1,false,true,false,false,42.,40.,34.,32.,9.51184363528
0.921820983937,Voter,15,4,26.,1,false,true,false,false,42.,40.,34.,32.,9.51184412337
0.921820983937,Voter,15,4,31.,1,false,true,false,false,42.,40.,34.,32.,9.51184413074
0.921820983937,Voter,15,4,36.,1,false,true,false,false,42.,40.,34.,32.,9.51184413085
0.921820983937,Voter,15,4,41.,1,false,true,false,false,42.,40.,34.,32.,9.51184413085
0.921820983937,Voter,15,4,46.,1,false,true,false,false,42.,40.,34.,32.,9.51184413085
0.921820983937,Voter,15,4,51.,1,false,true,false,false,42.,40.,34.,32.,9.51184413085
1.16793977402,Sample,15,7,1.,1,false,true,false,false,40.,40.,106.,92.,0.
1.16793977402,Sample,15,7,6.,1,false,true,false,false,184.,136.,186.,138.,10.5988256722
1.16793977402,Sample,15,7,11.,1,false,true,false,false,186.,136.,188.,140.,10.919572273
1.16793977402,Sample,15,7,16.,1,false,true,false,false,186.,136.,188.,140.,10.9292788561
1.16793977402,Sample,15,7,21.,1,false,true,false,false,186.,136.,188.,140.,10.9295726012
1.16793977402,Sample,15,7,26.,1,false,true,false,false,186.,136.,188.,140.,10.9295814907
1.16793977402,Sample,15,7,31.,1,false,true,false,false,186.,136.,188.,140.,10.9295817597
1.16793977402,Sample,15,7,36.,1,false,true,false,false,186.,136.,188.,140.,10.9295817678
1.16793977402,Sample,15,7,41.,1,false,true,false,false,186.,136.,188.,140.,10.9295817681
1.16793977402,Sample,15,7,46.,1,false,true,false,false,186.,136.,188.,140.,10.9295817681
1.16793977402,Sample,15,7,51.,1,false,true,false,false,186.,136.,188.,140.,10.9295817681
1.12380983504,Sample,15,4,1.,1,false,true,false,false,6.,6.,20.,18.,0.
1.12380983504,Sample,15,4,6.,1,false,true,false,false,28.,26.,14.,14.,10.4084275851
1.12380983504,Sample,15,4,11.,1,false,true,false,false,28.,26.,14.,14.,10.6916319472
1.12380983504,Sample,15,4,16.,1,false,true,false,false,28.,26.,14.,14.,10.6993376943
1.12380983504,Sample,15,4,21.,1,false,true,false,false,28.,26.,14.,14.,10.6995473611
1.12380983504,Sample,15,4,26.,1,false,true,false,false,28.,26.,14.,14.,10.6995530659
1.12380983504,Sample,15,4,31.,1,false,true,false,false,28.,26.,14.,14.,10.6995532212
1.12380983504,Sample,15,4,36.,1,false,true,false,false,28.,26.,14.,14.,10.6995532254
1.12380983504,Sample,15,4,41.,1,false,true,false,false,28.,26.,14.,14.,10.6995532255
1.12380983504,Sample,15,4,46.,1,false,true,false,false,28.,26.,14.,14.,10.6995532255
1.12380983504,Sample,15,4,51.,1,false,true,false,false,28.,26.,14.,14.,10.6995532255
0.982866136404,Sample,15,3,1.,1,false,true,false,false,8.,8.,18.,18.,0.
0.982866136404,Sample,15,3,6.,1,false,true,false,false,24.,24.,26.,24.,9.71403398716
0.982866136404,Sample,15,3,11.,1,false,true,false,false,24.,24.,26.,24.,9.89295128917
0.982866136404,Sample,15,3,16.,1,false,true,false,false,24.,24.,26.,24.,9.89624666584
0.982866136404,Sample,15,3,21.,1,false,true,false,false,24.,24.,26.,24.,9.89630736152
0.982866136404,Sample,15,3,26.,1,false,true,false,false,24.,24.,26.,24.,9.89630847944
0.982866136404,Sample,15,3,31.,1,false,true,false,false,24.,24.,26.,24.,9.89630850003
0.982866136404,Sample,15,3,36.,1,false,true,false,false,24.,24.,26.,24.,9.89630850041
0.982866136404,Sample,15,3,41.,1,false,true,false,false,24.,24.,26.,24.,9.89630850042
0.982866136404,Sample,15,3,46.,1,false,true,false,false,24.,24.,26.,24.,9.89630850042
0.982866136404,Sample,15,3,51.,1,false,true,false,false,24.,24.,26.,24.,9.89630850042
1.17585073287,Voter,15,4,1.,1,false,true,false,false,16.,14.,24.,22.,0.
1.17585073287,Voter,15,4,6.,1,false,true,false,false,40.,36.,32.,26.,10.6316995313
1.17585073287,Voter,15,4,11.,1,false,true,false,false,38.,34.,34.,28.,10.959409078
1.17585073287,Voter,15,4,16.,1,false,true,false,false,38.,34.,34.,28.,10.9695103367
1.17585073287,Voter,15,4,21.,1,false,true,false,false,38.,34.,34.,28.,10.969821696
1.17585073287,Voter,15,4,26.,1,false,true,false,false,38.,34.,34.,28.,10.9698312933
1.17585073287,Voter,15,4,31.,1,false,true,false,false,38.,34.,34.,28.,10.9698315891
1.17585073287,Voter,15,4,36.,1,false,true,false,false,38.,34.,34.,28.,10.9698315983
1.17585073287,Voter,15,4,41.,1,false,true,false,false,38.,34.,34.,28.,10.9698315985
1.17585073287,Voter,15,4,46.,1,false,true,false,false,38.,34.,34.,28.,10.9698315985
1.17585073287,Voter,15,4,51.,1,false,true,false,false,38.,34.,34.,28.,10.9698315985
1.33448036547,Voter,15,5,1.,1,false,true,false,false,0.,0.,30.,26.,0.
1.33448036547,Voter,15,5,6.,1,false,true,false,false,24.,22.,14.,14.,11.216643549
1.33448036547,Voter,15,5,11.,1,false,true,false,false,24.,22.,14.,14.,11.6977766086
1.33448036547,Voter,15,5,16.,1,false,true,false,false,24.,22.,14.,14.,11.7184146025
1.33448036547,Voter,15,5,21.,1,false,true,false,false,24.,22.,14.,14.,11.7192998603
1.33448036547,Voter,15,5,26.,1,false,true,false,false,24.,22.,14.,14.,11.719337833
1.33448036547,Voter,15,5,31.,1,false,true,false,false,24.,22.,14.,14.,11.7193394618
1.33448036547,Voter,15,5,36.,1,false,true,false,false,24.,22.,14.,14.,11.7193395317
1.33448036547,Voter,15,5,41.,1,false,true,false,false,24.,22.,14.,14.,11.7193395347
1.33448036547,Voter,15,5,46.,1,false,true,false,false,24.,22.,14.,14.,11.7193395348
1.33448036547,Voter,15,5,51.,1,false,true,false,false,24.,22.,14.,14.,11.7193395348
0.922097906352,Voter,15,5,1.,1,false,true,false,false,30.,28.,28.,24.,0.
0.922097906352,Voter,15,5,6.,1,false,true,false,false,54.,46.,24.,24.,9.36977414945
0.922097906352,Voter,15,5,11.,1,false,true,false,false,56.,46.,26.,26.,9.51146768854
0.922097906352,Voter,15,5,16.,1,false,true,false,false,56.,46.,26.,26.,9.51361043592
0.922097906352,Voter,15,5,21.,1,false,true,false,false,56.,46.,26.,26.,9.51364283941
0.922097906352,Voter,15,5,26.,1,false,true,false,false,56.,46.,26.,26.,9.51364332943
0.922097906352,Voter,15,5,31.,1,false,true,false,false,56.,46.,26.,26.,9.51364333684
0.922097906352,Voter,15,5,36.,1,false,true,false,false,56.,46.,26.,26.,9.51364333696
0.922097906352,Voter,15,5,41.,1,false,true,false,false,56.,46.,26.,26.,9.51364333696
0.922097906352,Voter,15,5,46.,1,false,true,false,false,56.,46.,26.,26.,9.51364333696
0.922097906352,Voter,15,5,51.,1,false,true,false,false,56.,46.,26.,26.,9.51364333696
0.906608664323,Voter,15,7,1.,1,false,true,false,false,62.,52.,80.,72.,0.
0.906608664323,Voter,15,7,6.,1,false,true,false,false,108.,80.,90.,74.,9.27729740913
0.906608664323,Voter,15,7,11.,1,false,true,false,false,108.,80.,90.,74.,9.4102708307
0.906608664323,Voter,15,7,16.,1,false,true,false,false,108.,80.,90.,74.,9.41217676624
0.906608664323,Voter,15,7,21.,1,false,true,false,false,108.,80.,90.,74.,9.41220408441
0.906608664323,Voter,15,7,26.,1,false,true,false,false,108.,80.,90.,74.,9.41220447596
0.906608664323,Voter,15,7,31.,1,false,true,false,false,108.,80.,90.,74.,9.41220448158
0.906608664323,Voter,15,7,36.,1,false,true,false,false,108.,80.,90.,74.,9.41220448166
0.906608664323,Voter,15,7,41.,1,false,true,false,false,108.,80.,90.,74.,9.41220448166
0.906608664323,Voter,15,7,46.,1,false,true,false,false,108.,80.,90.,74.,9.41220448166
0.906608664323,Voter,15,7,51.,1,false,true,false,false,108.,80.,90.,74.,9.41220448166
1.23907028196,Sample,15,5,1.,1,false,true,false,false,2.,2.,22.,20.,0.
1.23907028196,Sample,15,5,6.,1,false,true,false,false,50.,44.,30.,30.,10.8812898399
1.23907028196,Sample,15,5,11.,1,false,true,false,false,50.,44.,30.,30.,11.2670843698
1.23907028196,Sample,15,5,16.,1,false,true,false,false,50.,44.,30.,30.,11.280762658
1.23907028196,Sample,15,5,21.,1,false,true,false,false,50.,44.,30.,30.,11.2812476197
1.23907028196,Sample,15,5,26.,1,false,true,false,false,50.,44.,30.,30.,11.281264814
1.23907028196,Sample,15,5,31.,1,false,true,false,false,50.,44.,30.,30.,11.2812654236
1.23907028196,Sample,15,5,36.,1,false,true,false,false,50.,44.,30.,30.,11.2812654452
1.23907028196,Sample,15,5,41.,1,false,true,false,false,50.,44.,30.,30.,11.281265446
1.23907028196,Sample,15,5,46.,1,false,true,false,false,50.,44.,30.,30.,11.281265446
1.23907028196,Sample,15,5,51.,1,false,true,false,false,50.,44.,30.,30.,11.281265446
1.26072297969,Voter,15,3,1.,1,false,true,false,false,12.,12.,20.,20.,0.
1.26072297969,Voter,15,3,6.,1,false,true,false,false,24.,22.,28.,26.,10.9616094366
1.26072297969,Voter,15,3,11.,1,false,true,false,false,24.,22.,28.,26.,11.3682600637
1.26072297969,Voter,15,3,16.,1,false,true,false,false,24.,22.,28.,26.,11.3833458714
1.26072297969,Voter,15,3,21.,1,false,true,false,false,24.,22.,28.,26.,11.3839055203
1.26072297969,Voter,15,3,26.,1,false,true,false,false,24.,22.,28.,26.,11.383926282
1.26072297969,Voter,15,3,31.,1,false,true,false,false,24.,22.,28.,26.,11.3839270523
1.26072297969,Voter,15,3,36.,1,false,true,false,false,24.,22.,28.,26.,11.3839270808
1.26072297969,Voter,15,3,41.,1,false,true,false,false,24.,22.,28.,26.,11.3839270819
1.26072297969,Voter,15,3,46.,1,false,true,false,false,24.,22.,28.,26.,11.3839270819
1.26072297969,Voter,15,3,51.,1,false,true,false,false,24.,22.,28.,26.,11.3839270819
1.21483837051,Sample,15,7,1.,1,false,true,false,false,34.,34.,134.,116.,0.
1.21483837051,Sample,15,7,6.,1,false,true,false,false,270.,200.,298.,226.,10.7883267095
1.21483837051,Sample,15,7,11.,1,false,true,false,false,294.,214.,298.,224.,11.1513536222
1.21483837051,Sample,15,7,16.,1,false,true,false,false,294.,214.,298.,224.,11.1635694683
1.21483837051,Sample,15,7,21.,1,false,true,false,false,296.,216.,300.,224.,11.1639805313
1.21483837051,Sample,15,7,26.,1,false,true,false,false,296.,216.,300.,224.,11.1639943635
1.21483837051,Sample,15,7,31.,1,false,true,false,false,296.,216.,300.,224.,11.163994829
1.21483837051,Sample,15,7,36.,1,false,true,false,false,296.,216.,300.,224.,11.1639948446
1.21483837051,Sample,15,7,41.,1,false,true,false,false,296.,216.,300.,224.,11.1639948452
1.21483837051,Sample,15,7,46.,1,false,true,false,false,296.,216.,300.,224.,11.1639948452
1.21483837051,Sample,15,7,51.,1,false,true,false,false,296.,216.,300.,224.,11.1639948452
1.36787809942,Voter,15,7,1.,1,false,true,false,false,54.,48.,126.,102.,0.
1.36787809942,Voter,15,7,6.,1,false,true,false,false,116.,96.,112.,90.,11.3231543239
1.36787809942,Voter,15,7,11.,1,false,true,false,false,116.,96.,112.,90.,11.8396569203
1.36787809942,Voter,15,7,16.,1,false,true,false,false,116.,96.,112.,90.,11.8632170453
1.36787809942,Voter,15,7,21.,1,false,true,false,false,116.,96.,112.,90.,11.864291734
1.36787809942,Voter,15,7,26.,1,false,true,false,false,116.,96.,112.,90.,11.8643407556
1.36787809942,Voter,15,7,31.,1,false,true,false,false,116.,96.,112.,90.,11.8643429917
1.36787809942,Voter,15,7,36.,1,false,true,false,false,116.,96.,112.,90.,11.8643430937
1.36787809942,Voter,15,7,41.,1,false,true,false,false,116.,96.,112.,90.,11.8643430984
1.36787809942,Voter,15,7,46.,1,false,true,false,false,116.,96.,112.,90.,11.8643430986
1.36787809942,Voter,15,7,51.,1,false,true,false,false,116.,96.,112.,90.,11.8643430986
1.06926278234,Voter,15,7,1.,1,false,true,false,false,62.,56.,88.,80.,0.
1.06926278234,Voter,15,7,6.,1,false,true,false,false,104.,88.,74.,70.,10.1559104273
1.06926278234,Voter,15,7,11.,1,false,true,false,false,104.,88.,74.,70.,10.3958600485
1.06926278234,Voter,15,7,16.,1,false,true,false,false,104.,88.,74.,70.,10.4015292419
1.06926278234,Voter,15,7,21.,1,false,true,false,false,104.,88.,74.,70.,10.4016631857
1.06926278234,Voter,15,7,26.,1,false,true,false,false,104.,88.,74.,70.,10.4016663503
1.06926278234,Voter,15,7,31.,1,false,true,false,false,104.,88.,74.,70.,10.4016664251
1.06926278234,Voter,15,7,36.,1,false,true,false,false,104.,88.,74.,70.,10.4016664268
1.06926278234,Voter,15,7,41.,1,false,true,false,false,104.,88.,74.,70.,10.4016664269
1.06926278234,Voter,15,7,46.,1,false,true,false,false,104.,88.,74.,70.,10.4016664269
1.06926278234,Voter,15,7,51.,1,false,true,false,false,104.,88.,74.,70.,10.4016664269
1.00164576298,Sample,15,6,1.,1,false,true,false,false,18.,18.,74.,64.,0.
1.00164576298,Sample,15,6,6.,1,false,true,false,false,140.,110.,136.,106.,9.81467702817
1.00164576298,Sample,15,6,11.,1,false,true,false,false,154.,116.,134.,106.,10.0060603229
1.00164576298,Sample,15,6,16.,1,false,true,false,false,154.,116.,134.,106.,10.0097922404
1.00164576298,Sample,15,6,21.,1,false,true,false,false,154.,116.,134.,106.,10.0098650117
1.00164576298,Sample,15,6,26.,1,false,true,false,false,154.,116.,134.,106.,10.0098664308
1.00164576298,Sample,15,6,31.,1,false,true,false,false,154.,116.,134.,106.,10.0098664584
1.00164576298,Sample,15,6,36.,1,false,true,false,false,154.,116.,134.,106.,10.009866459
1.00164576298,Sample,15,6,41.,1,false,true,false,false,154.,116.,134.,106.,10.009866459
1.00164576298,Sample,15,6,46.,1,false,true,false,false,154.,116.,134.,106.,10.009866459
1.00164576298,Sample,15,6,51.,1,false,true,false,false,154.,116.,134.,106.,10.009866459
1.20310721651,Voter,15,3,1.,1,false,true,false,false,8.,8.,20.,20.,0.
1.20310721651,Voter,15,3,6.,1,false,true,false,false,18.,18.,30.,28.,10.7421269998
1.20310721651,Voter,15,3,11.,1,false,true,false,false,18.,18.,30.,28.,11.0943542168
1.20310721651,Voter,15,3,16.,1,false,true,false,false,18.,18.,30.,28.,11.1059035136
1.20310721651,Voter,15,3,21.,1,false,true,false,false,18.,18.,30.,28.,11.1062822073
1.20310721651,Voter,15,3,26.,1,false,true,false,false,18.,18.,30.,28.,11.1062946245
1.20310721651,Voter,15,3,31.,1,false,true,false,false,18.,18.,30.,28.,11.1062950316
1.20310721651,Voter,15,3,36.,1,false,true,false,false,18.,18.,30.,28.,11.106295045
1.20310721651,Voter,15,3,41.,1,false,true,false,false,18.,18.,30.,28.,11.1062950454
1.20310721651,Voter,15,3,46.,1,false,true,false,false,18.,18.,30.,28.,11.1062950454
1.20310721651,Voter,15,3,51.,1,false,true,false,false,18.,18.,30.,28.,11.1062950454
1.24839216345,Voter,15,3,1.,1,false,true,false,false,14.,12.,28.,24.,0.
1.24839216345,Voter,15,3,6.,1,false,true,false,false,34.,32.,36.,34.,10.9161826445
1.24839216345,Voter,15,3,11.,1,false,true,false,false,34.,32.,36.,34.,11.3108977265
1.24839216345,Voter,15,3,16.,1,false,true,false,false,34.,32.,36.,34.,11.3251701147
1.24839216345,Voter,15,3,21.,1,false,true,false,false,34.,32.,36.,34.,11.3256861858
1.24839216345,Voter,15,3,26.,1,false,true,false,false,34.,32.,36.,34.,11.3257048463
1.24839216345,Voter,15,3,31.,1,false,true,false,false,34.,32.,36.,34.,11.325705521
1.24839216345,Voter,15,3,36.,1,false,true,false,false,34.,32.,36.,34.,11.3257055454
1.24839216345,Voter,15,3,41.,1,false,true,false,false,34.,32.,36.,34.,11.3257055463
1.24839216345,Voter,15,3,46.,1,false,true,false,false,34.,32.,36.,34.,11.3257055463
1.24839216345,Voter,15,3,51.,1,false,true,false,false,34.,32.,36.,34.,11.3257055463
1.24841817888,Sample,15,6,1.,1,false,true,false,false,20.,18.,62.,54.,0.
1.24841817888,Sample,15,6,6.,1,false,true,false,false,106.,92.,92.,86.,10.9162793559
1.24841817888,Sample,15,6,11.,1,false,true,false,false,110.,92.,92.,84.,11.3110194575
1.24841817888,Sample,15,6,16.,1,false,true,false,false,110.,92.,92.,84.,11.3252935287
1.24841817888,Sample,15,6,21.,1,false,true,false,false,110.,92.,92.,84.,11.3258096888
1.24841817888,Sample,15,6,26.,1,false,true,false,false,110.,92.,92.,84.,11.3258283535
1.24841817888,Sample,15,6,31.,1,false,true,false,false,110.,92.,92.,84.,11.3258290284
1.24841817888,Sample,15,6,36.,1,false,true,false,false,110.,92.,92.,84.,11.3258290528
1.24841817888,Sample,15,6,41.,1,false,true,false,false,110.,92.,92.,84.,11.3258290537
1.24841817888,Sample,15,6,46.,1,false,true,false,false,110.,92.,92.,84.,11.3258290537
1.24841817888,Sample,15,6,51.,1,false,true,false,false,110.,92.,92.,84.,11.3258290538
0.989854147905,Voter,15,6,1.,1,false,true,false,false,14.,14.,32.,28.,0.
0.989854147905,Voter,15,6,6.,1,false,true,false,false,40.,38.,14.,14.,9.75179189163
0.989854147905,Voter,15,6,11.,1,false,true,false,false,40.,38.,14.,14.,9.9352952195
0.989854147905,Voter,15,6,16.,1,false,true,false,false,40.,38.,14.,14.,9.93874827425
0.989854147905,Voter,15,6,21.,1,false,true,false,false,40.,38.,14.,14.,9.93881325175
0.989854147905,Voter,15,6,26.,1,false,true,false,false,40.,38.,14.,14.,9.93881447445
0.989854147905,Voter,15,6,31.,1,false,true,false,false,40.,38.,14.,14.,9.93881449746
0.989854147905,Voter,15,6,36.,1,false,true,false,false,40.,38.,14.,14.,9.93881449789
0.989854147905,Voter,15,6,41.,1,false,true,false,false,40.,38.,14.,14.,9.9388144979
0.989854147905,Voter,15,6,46.,1,false,true,false,false,40.,38.,14.,14.,9.9388144979
0.989854147905,Voter,15,6,51.,1,false,true,false,false,40.,38.,14.,14.,9.9388144979
0.877698425937,Voter,15,7,1.,1,false,true,false,false,56.,46.,68.,62.,0.
0.877698425937,Voter,15,7,6.,1,false,true,false,false,86.,68.,70.,62.,9.09932037802
0.877698425937,Voter,15,7,11.,1,false,true,false,false,86.,68.,70.,62.,9.21685669214
0.877698425937,Voter,15,7,16.,1,false,true,false,false,86.,68.,70.,62.,9.21837491379
0.877698425937,Voter,15,7,21.,1,false,true,false,false,86.,68.,70.,62.,9.21839452472
0.877698425937,Voter,15,7,26.,1,false,true,false,false,86.,68.,70.,62.,9.21839477804
0.877698425937,Voter,15,7,31.,1,false,true,false,false,86.,68.,70.,62.,9.21839478131
0.877698425937,Voter,15,7,36.,1,false,true,false,false,86.,68.,70.,62.,9.21839478135
0.877698425937,Voter,15,7,41.,1,false,true,false,false,86.,68.,70.,62.,9.21839478135
0.877698425937,Voter,15,7,46.,1,false,true,false,false,86.,68.,70.,62.,9.21839478135
0.877698425937,Voter,15,7,51.,1,false,true,false,false,86.,68.,70.,62.,9.21839478135
0.896436152399,Sample,15,3,1.,1,false,true,false,false,0.,0.,8.,8.,0.
0.896436152399,Sample,15,3,6.,1,false,true,false,false,6.,6.,2.,2.,9.21547990035
0.896436152399,Sample,15,3,11.,1,false,true,false,false,6.,6.,2.,2.,9.34289693752
0.896436152399,Sample,15,3,16.,1,false,true,false,false,6.,6.,2.,2.,9.34465865818
0.896436152399,Sample,15,3,21.,1,false,true,false,false,6.,6.,2.,2.,9.34468301646
0.896436152399,Sample,15,3,26.,1,false,true,false,false,6.,6.,2.,2.,9.34468335325
0.896436152399,Sample,15,3,31.,1,false,true,false,false,6.,6.,2.,2.,9.3446833579
0.896436152399,Sample,15,3,36.,1,false,true,false,false,6.,6.,2.,2.,9.34468335797
0.896436152399,Sample,15,3,41.,1,false,true,false,false,6.,6.,2.,2.,9.34468335797
0.896436152399,Sample,15,3,46.,1,false,true,false,false,6.,6.,2.,2.,9.34468335797
0.896436152399,Sample,15,3,51.,1,false,true,false,false,6.,6.,2.,2.,9.34468335797
0.952739118608,Voter,15,7,1.,1,false,true,false,false,38.,36.,74.,66.,0.
0.952739118608,Voter,15,7,6.,1,false,true,false,false,86.,80.,70.,62.,9.5469843024
0.952739118608,Voter,15,7,11.,1,false,true,false,false,86.,80.,70.,62.,9.70684922597
0.952739118608,Voter,15,7,16.,1,false,true,false,false,86.,80.,70.,62.,9.70952617535
0.952739118608,Voter,15,7,21.,1,false,true,false,false,86.,80.,70.,62.,9.70957100106
0.952739118608,Voter,15,7,26.,1,false,true,false,false,86.,80.,70.,62.,9.70957175167
0.952739118608,Voter,15,7,31.,1,false,true,false,false,86.,80.,70.,62.,9.70957176424
0.952739118608,Voter,15,7,36.,1,false,true,false,false,86.,80.,70.,62.,9.70957176445
0.952739118608,Voter,15,7,41.,1,false,true,false,false,86.,80.,70.,62.,9.70957176445
0.952739118608,Voter,15,7,46.,1,false,true,false,false,86.,80.,70.,62.,9.70957176445
0.952739118608,Voter,15,7,51.,1,false,true,false,false,86.,80.,70.,62.,9.70957176445
1.26731476103,Sample,15,7,1.,1,false,true,false,false,38.,38.,120.,92.,0.
1.26731476103,Sample,15,7,6.,1,false,true,false,false,174.,132.,180.,140.,10.9855569476
1.26731476103,Sample,15,7,11.,1,false,true,false,false,188.,140.,174.,134.,11.398650625
1.26731476103,Sample,15,7,16.,1,false,true,false,false,188.,140.,174.,134.,11.4141843287
1.26731476103,Sample,15,7,21.,1,false,true,false,false,188.,140.,174.,134.,11.4147684479
1.26731476103,Sample,15,7,26.,1,false,true,false,false,188.,140.,174.,134.,11.4147904127
1.26731476103,Sample,15,7,31.,1,false,true,false,false,188.,140.,174.,134.,11.4147912387
1.26731476103,Sample,15,7,36.,1,false,true,false,false,188.,140.,174.,134.,11.4147912697
1.26731476103,Sample,15,7,41.,1,false,true,false,false,188.,140.,174.,134.,11.4147912709
1.26731476103,Sample,15,7,46.,1,false,true,false,false,188.,140.,174.,134.,11.4147912709
1.26731476103,Sample,15,7,51.,1,false,true,false,false,188.,140.,174.,134.,11.4147912709
1.09896919477,Voter,15,5,1.,1,false,true,false,false,10.,10.,34.,28.,0.
1.09896919477,Voter,15,5,6.,1,false,true,false,false,30.,26.,22.,22.,10.295852614
1.09896919477,Voter,15,5,11.,1,false,true,false,false,30.,26.,22.,22.,10.5589182545
1.09896919477,Voter,15,5,16.,1,false,true,false,false,30.,26.,22.,22.,10.5656397505
1.09896919477,Voter,15,5,21.,1,false,true,false,false,30.,26.,22.,22.,10.565811489
1.09896919477,Voter,15,5,26.,1,false,true,false,false,30.,26.,22.,22.,10.565815877
1.09896919477,Voter,15,5,31.,1,false,true,false,false,30.,26.,22.,22.,10.5658159891
1.09896919477,Voter,15,5,36.,1,false,true,false,false,30.,26.,22.,22.,10.565815992
1.09896919477,Voter,15,5,41.,1,false,true,false,false,30.,26.,22.,22.,10.5658159921
1.09896919477,Voter,15,5,46.,1,false,true,false,false,30.,26.,22.,22.,10.5658159921
1.09896919477,Voter,15,5,51.,1,false,true,false,false,30.,26.,22.,22.,10.5658159921
0.800005741909,Sample,15,5,1.,1,false,true,false,false,18.,16.,44.,40.,0.
0.800005741909,Sample,15,5,6.,1,false,true,false,false,60.,54.,38.,38.,8.58448267294
0.800005741909,Sample,15,5,11.,1,false,true,false,false,60.,54.,38.,38.,8.66592906437
0.800005741909,Sample,15,5,16.,1,false,true,false,false,60.,54.,38.,38.,8.66670179756
0.800005741909,Sample,15,5,21.,1,false,true,false,false,60.,54.,38.,38.,8.66670912897
0.800005741909,Sample,15,5,26.,1,false,true,false,false,60.,54.,38.,38.,8.66670919852
0.800005741909,Sample,15,5,31.,1,false,true,false,false,60.,54.,38.,38.,8.66670919918
0.800005741909,Sample,15,5,36.,1,false,true,false,false,60.,54.,38.,38.,8.66670919919
0.800005741909,Sample,15,5,41.,1,false,true,false,false,60.,54.,38.,38.,8.66670919919
0.800005741909,Sample,15,5,46.,1,false,true,false,false,60.,54.,38.,38.,8.66670919919
0.800005741909,Sample,15,5,51.,1,false,true,false,false,60.,54.,38.,38.,8.66670919919
1.30241494612,Voter,15,4,1.,1,false,true,false,false,8.,8.,20.,20.,0.
1.30241494612,Voter,15,4,6.,1,false,true,false,false,18.,16.,10.,10.,11.1092080581
1.30241494612,Voter,15,4,11.,1,false,true,false,false,18.,16.,10.,10.,11.5573263877
1.30241494612,Voter,15,4,16.,1,false,true,false,false,18.,16.,10.,10.,11.5754023871
1.30241494612,Voter,15,4,21.,1,false,true,false,false,18.,16.,10.,10.,11.5761315288
1.30241494612,Voter,15,4,26.,1,false,true,false,false,18.,16.,10.,10.,11.5761609406
1.30241494612,Voter,15,4,31.,1,false,true,false,false,18.,16.,10.,10.,11.576162127
1.30241494612,Voter,15,4,36.,1,false,true,false,false,18.,16.,10.,10.,11.5761621748
1.30241494612,Voter,15,4,41.,1,false,true,false,false,18.,16.,10.,10.,11.5761621767
1.30241494612,Voter,15,4,46.,1,false,true,false,false,18.,16.,10.,10.,11.5761621768
1.30241494612,Voter,15,4,51.,1,false,true,false,false,18.,16.,10.,10.,11.5761621768
0.986276212869,Sample,15,6,1.,1,false,true,false,false,14.,14.,56.,46.,0.
0.986276212869,Sample,15,6,6.,1,false,true,false,false,56.,52.,34.,34.,9.73250535111
0.986276212869,Sample,15,6,11.,1,false,true,false,false,62.,56.,32.,32.,9.91365277315
0.986276212869,Sample,15,6,16.,1,false,true,false,false,62.,56.,32.,32.,9.91702440125
0.986276212869,Sample,15,6,21.,1,false,true,false,false,62.,56.,32.,32.,9.91708715608
0.986276212869,Sample,15,6,26.,1,false,true,false,false,62.,56.,32.,32.,9.91708832412
0.986276212869,Sample,15,6,31.,1,false,true,false,false,62.,56.,32.,32.,9.91708834586
0.986276212869,Sample,15,6,36.,1,false,true,false,false,62.,56.,32.,32.,9.91708834626
0.986276212869,Sample,15,6,41.,1,false,true,false,false,62.,56.,32.,32.,9.91708834627
0.986276212869,Sample,15,6,46.,1,false,true,false,false,62.,56.,32.,32.,9.91708834627
0.986276212869,Sample,15,6,51.,1,false,true,false,false,62.,56.,32.,32.,9.91708834627
0.905986937603,Sample,15,7,1.,1,false,true,false,false,86.,70.,148.,116.,0.
0.905986937603,Sample,15,7,6.,1,false,true,false,false,256.,178.,254.,172.,9.2735440477
0.905986937603,Sample,15,7,11.,1,false,true,false,false,260.,178.,254.,172.,9.40617399182
0.905986937603,Sample,15,7,16.,1,false,true,false,false,262.,180.,252.,170.,9.40807086123
0.905986937603,Sample,15,7,21.,1,false,true,false,false,262.,180.,252.,170.,9.4080979902
0.905986937603,Sample,15,7,26.,1,false,true,false,false,262.,180.,252.,170.,9.4080983782
0.905986937603,Sample,15,7,31.,1,false,true,false,false,262.,180.,252.,170.,9.40809838375
0.905986937603,Sample,15,7,36.,1,false,true,false,false,262.,180.,252.,170.,9.40809838383
0.905986937603,Sample,15,7,41.,1,false,true,false,false,262.,180.,252.,170.,9.40809838383
0.905986937603,Sample,15,7,46.,1,false,true,false,false,262.,180.,252.,170.,9.40809838383
0.905986937603,Sample,15,7,51.,1,false,true,false,false,262.,180.,252.,170.,9.40809838383
1.28860466765,Sample,15,6,1.,1,false,true,false,false,14.,14.,78.,64.,0.
1.28860466765,Sample,15,6,6.,1,false,true,false,false,84.,70.,72.,70.,11.0613251924
1.28860466765,Sample,15,6,11.,1,false,true,false,false,88.,74.,72.,72.,11.4955208661
1.28860466765,Sample,15,6,16.,1,false,true,false,false,90.,74.,74.,74.,11.5125645638
1.28860466765,Sample,15,6,21.,1,false,true,false,false,90.,74.,74.,74.,11.5132335885
1.28860466765,Sample,15,6,26.,1,false,true,false,false,90.,74.,74.,74.,11.5132598501
1.28860466765,Sample,15,6,31.,1,false,true,false,false,90.,74.,74.,74.,11.5132608809
1.28860466765,Sample,15,6,36.,1,false,true,false,false,90.,74.,74.,74.,11.5132609214
1.28860466765,Sample,15,6,41.,1,false,true,false,false,90.,74.,74.,74.,11.513260923
1.28860466765,Sample,15,6,46.,1,false,true,false,false,90.,74.,74.,74.,11.513260923
1.28860466765,Sample,15,6,51.,1,false,true,false,false,90.,74.,74.,74.,11.513260923
0.964111988236,Voter,15,4,1.,1,false,true,false,false,18.,18.,22.,22.,0.
0.964111988236,Voter,15,4,6.,1,false,true,false,false,30.,28.,26.,22.,9.61086766777
0.964111988236,Voter,15,4,11.,1,false,true,false,false,30.,28.,26.,22.,9.77778721791
0.964111988236,Voter,15,4,16.,1,false,true,false,false,30.,28.,26.,22.,9.78068624193
0.964111988236,Voter,15,4,21.,1,false,true,false,false,30.,28.,26.,22.,9.78073659158
0.964111988236,Voter,15,4,26.,1,false,true,false,false,30.,28.,26.,22.,9.78073746604
0.964111988236,Voter,15,4,31.,1,false,true,false,false,30.,28.,26.,22.,9.78073748123
0.964111988236,Voter,15,4,36.,1,false,true,false,false,30.,28.,26.,22.,9.78073748149
0.964111988236,Voter,15,4,41.,1,false,true,false,false,30.,28.,26.,22.,9.7807374815
0.964111988236,Voter,15,4,46.,1,false,true,false,false,30.,28.,26.,22.,9.7807374815
0.964111988236,Voter,15,4,51.,1,false,true,false,false,30.,28.,26.,22.,9.7807374815
1.18764174627,Sample,15,7,1.,1,false,true,false,false,56.,52.,126.,114.,0.
1.18764174627,Sample,15,7,6.,1,false,true,false,false,212.,158.,250.,186.,10.6800052096
1.18764174627,Sample,15,7,11.,1,false,true,false,false,244.,176.,262.,192.,11.0182213484
1.18764174627,Sample,15,7,16.,1,false,true,false,false,244.,176.,262.,192.,11.028932032
1.18764174627,Sample,15,7,21.,1,false,true,false,false,244.,176.,262.,192.,11.0292712196
1.18764174627,Sample,15,7,26.,1,false,true,false,false,244.,176.,262.,192.,11.0292819611
1.18764174627,Sample,15,7,31.,1,false,true,false,false,244.,176.,262.,192.,11.0292823012
1.18764174627,Sample,15,7,36.,1,false,true,false,false,244.,176.,262.,192.,11.029282312
1.18764174627,Sample,15,7,41.,1,false,true,false,false,244.,176.,262.,192.,11.0292823123
1.18764174627,Sample,15,7,46.,1,false,true,false,false,244.,176.,262.,192.,11.0292823124
1.18764174627,Sample,15,7,51.,1,false,true,false,false,244.,176.,262.,192.,11.0292823124
1.07319078086,Sample,15,6,1.,1,false,true,false,false,18.,18.,60.,48.,0.
1.07319078086,Sample,15,6,6.,1,false,true,false,false,142.,120.,144.,114.,10.1747537069
1.07319078086,Sample,15,6,11.,1,false,true,false,false,154.,128.,140.,114.,10.4176986168
1.07319078086,Sample,15,6,16.,1,false,true,false,false,154.,128.,140.,114.,10.4234994677
1.07319078086,Sample,15,6,21.,1,false,true,false,false,154.,128.,140.,114.,10.4236379759
1.07319078086,Sample,15,6,26.,1,false,true,false,false,154.,128.,140.,114.,10.4236412831
1.07319078086,Sample,15,6,31.,1,false,true,false,false,154.,128.,140.,114.,10.4236413621
1.07319078086,Sample,15,6,36.,1,false,true,false,false,154.,128.,140.,114.,10.423641364
1.07319078086,Sample,15,6,41.,1,false,true,false,false,154.,128.,140.,114.,10.423641364
1.07319078086,Sample,15,6,46.,1,false,true,false,false,154.,128.,140.,114.,10.423641364
1.07319078086,Sample,15,6,51.,1,false,true,false,false,154.,128.,140.,114.,10.423641364
1.35262333021,Sample,15,6,1.,1,false,true,false,false,32.,32.,72.,64.,0.
1.35262333021,Sample,15,6,6.,1,false,true,false,false,124.,102.,128.,110.,11.2751730275
1.35262333021,Sample,15,6,11.,1,false,true,false,false,134.,108.,126.,108.,11.7753990031
1.35262333021,Sample,15,6,16.,1,false,true,false,false,136.,108.,128.,110.,11.7975916582
1.35262333021,Sample,15,6,21.,1,false,true,false,false,136.,108.,128.,110.,11.7985762411
1.35262333021,Sample,15,6,26.,1,false,true,false,false,136.,108.,128.,110.,11.7986199224
1.35262333021,Sample,15,6,31.,1,false,true,false,false,136.,108.,128.,110.,11.7986218603
1.35262333021,Sample,15,6,36.,1,false,true,false,false,136.,108.,128.,110.,11.7986219463
1.35262333021,Sample,15,6,41.,1,false,true,false,false,136.,108.,128.,110.,11.7986219501
1.35262333021,Sample,15,6,46.,1,false,true,false,false,136.,108.,128.,110.,11.7986219503
1.35262333021,Sample,15,6,51.,1,false,true,false,false,136.,108.,128.,110.,11.7986219503
0.814752357677,Sample,15,7,1.,1,false,true,false,false,50.,46.,106.,86.,0.
0.814752357677,Sample,15,7,6.,1,false,true,false,false,162.,122.,146.,112.,8.68646486217
0.814752357677,Sample,15,7,11.,1,false,true,false,false,174.,132.,146.,116.,8.77416068661
0.814752357677,Sample,15,7,16.,1,false,true,false,false,174.,132.,146.,116.,8.77504603615
0.814752357677,Sample,15,7,21.,1,false,true,false,false,174.,132.,146.,116.,8.77505497436
0.814752357677,Sample,15,7,26.,1,false,true,false,false,174.,132.,146.,116.,8.7750550646
0.814752357677,Sample,15,7,31.,1,false,true,false,false,174.,132.,146.,116.,8.77505506551
0.814752357677,Sample,15,7,36.,1,false,true,false,false,174.,132.,146.,116.,8.77505506552
0.814752357677,Sample,15,7,41.,1,false,true,false,false,174.,132.,146.,116.,8.77505506552
0.814752357677,Sample,15,7,46.,1,false,true,false,false,174.,132.,146.,116.,8.77505506552
0.814752357677,Sample,15,7,51.,1,false,true,false,false,174.,132.,146.,116.,8.77505506552
0.843413728453,Sample,15,4,1.,1,false,true,false,false,8.,8.,34.,32.,0.
0.843413728453,Sample,15,4,6.,1,false,true,false,false,52.,44.,34.,32.,8.87887794523
0.843413728453,Sample,15,4,11.,1,false,true,false,false,54.,46.,36.,34.,8.97952241177
0.843413728453,Sample,15,4,16.,1,false,true,false,false,54.,46.,36.,34.,8.98066324384
0.843413728453,Sample,15,4,21.,1,false,true,false,false,54.,46.,36.,34.,8.98067617547
0.843413728453,Sample,15,4,26.,1,false,true,false,false,54.,46.,36.,34.,8.98067632206
0.843413728453,Sample,15,4,31.,1,false,true,false,false,54.,46.,36.,34.,8.98067632372
0.843413728453,Sample,15,4,36.,1,false,true,false,false,54.,46.,36.,34.,8.98067632374
0.843413728453,Sample,15,4,41.,1,false,true,false,false,54.,46.,36.,34.,8.98067632374
0.843413728453,Sample,15,4,46.,1,false,true,false,false,54.,46.,36.,34.,8.98067632374
0.843413728453,Sample,15,4,51.,1,false,true,false,false,54.,46.,36.,34.,8.98067632374
1.21553816562,Sample,15,3,1.,1,false,true,false,false,2.,2.,8.,8.,0.
1.21553816562,Sample,15,3,6.,1,false,true,false,false,18.,18.,12.,12.,10.7910577869
1.21553816562,Sample,15,3,11.,1,false,true,false,false,18.,18.,12.,12.,11.1547335632
1.21553816562,Sample,15,3,16.,1,false,true,false,false,18.,18.,12.,12.,11.1669900142
1.21553816562,Sample,15,3,21.,1,false,true,false,false,18.,18.,12.,12.,11.167403076
1.21553816562,Sample,15,3,26.,1,false,true,false,false,18.,18.,12.,12.,11.1674169969
1.21553816562,Sample,15,3,31.,1,false,true,false,false,18.,18.,12.,12.,11.167417466
1.21553816562,Sample,15,3,36.,1,false,true,false,false,18.,18.,12.,12.,11.1674174818
1.21553816562,Sample,15,3,41.,1,false,true,false,false,18.,18.,12.,12.,11.1674174824
1.21553816562,Sample,15,3,46.,1,false,true,false,false,18.,18.,12.,12.,11.1674174824
1.21553816562,Sample,15,3,51.,1,false,true,false,false,18.,18.,12.,12.,11.1674174824
1.20147991383,Sample,15,5,1.,1,false,true,false,false,4.,4.,42.,32.,0.
1.20147991383,Sample,15,5,6.,1,false,true,false,false,34.,30.,28.,22.,10.7356558704
1.20147991383,Sample,15,5,11.,1,false,true,false,false,38.,34.,28.,24.,11.0863966333
1.20147991383,Sample,15,5,16.,1,false,true,false,false,36.,32.,26.,22.,11.097855559
1.20147991383,Sample,15,5,21.,1,false,true,false,false,36.,32.,26.,22.,11.0982299294
1.20147991383,Sample,15,5,26.,1,false,true,false,false,36.,32.,26.,22.,11.0982421604
1.20147991383,Sample,15,5,31.,1,false,true,false,false,36.,32.,26.,22.,11.0982425599
1.20147991383,Sample,15,5,36.,1,false,true,false,false,36.,32.,26.,22.,11.098242573
1.20147991383,Sample,15,5,41.,1,false,true,false,false,36.,32.,26.,22.,11.0982425734
1.20147991383,Sample,15,5,46.,1,false,true,false,false,36.,32.,26.,22.,11.0982425734
1.20147991383,Sample,15,5,51.,1,false,true,false,false,36.,32.,26.,22.,11.0982425734
0.814281715088,Sample,15,3,1.,1,false,true,false,false,2.,2.,12.,10.,0.
0.814281715088,Sample,15,3,6.,1,false,true,false,false,10.,8.,0.,0.,8.68324178837
0.814281715088,Sample,15,3,11.,1,false,true,false,false,10.,8.,0.,0.,8.77073384414
0.814281715088,Sample,15,3,16.,1,false,true,false,false,10.,8.,0.,0.,8.77161541118
0.814281715088,Sample,15,3,21.,1,false,true,false,false,10.,8.,0.,0.,8.77162429382
0.814281715088,Sample,15,3,26.,1,false,true,false,false,10.,8.,0.,0.,8.77162438333
0.814281715088,Sample,15,3,31.,1,false,true,false,false,10.,8.,0.,0.,8.77162438423
0.814281715088,Sample,15,3,36.,1,false,true,false,false,10.,8.,0.,0.,8.77162438424
0.814281715088,Sample,15,3,41.,1,false,true,false,false,10.,8.,0.,0.,8.77162438424
0.814281715088,Sample,15,3,46.,1,false,true,false,false,10.,8.,0.,0.,8.77162438424
0.814281715088,Sample,15,3,51.,1,false,true,false,false,10.,8.,0.,0.,8.77162438424
1.08623070004,Sample,15,5,1.,1,false,true,false,false,28.,26.,52.,46.,0.
1.08623070004,Sample,15,5,6.,1,false,true,false,false,82.,70.,74.,68.,10.2365635977
1.08623070004,Sample,15,5,11.,1,false,true,false,false,86.,74.,70.,66.,10.4895864191
1.08623070004,Sample,15,5,16.,1,false,true,false,false,86.,74.,70.,66.,10.4958405245
1.08623070004,Sample,15,5,21.,1,false,true,false,false,86.,74.,70.,66.,10.4959951107
1.08623070004,Sample,15,5,26.,1,false,true,false,false,86.,74.,70.,66.,10.4959989317
1.08623070004,Sample,15,5,31.,1,false,true,false,false,86.,74.,70.,66.,10.4959990261
1.08623070004,Sample,15,5,36.,1,false,true,false,false,86.,74.,70.,66.,10.4959990285
1.08623070004,Sample,15,5,41.,1,false,true,false,false,86.,74.,70.,66.,10.4959990285
1.08623070004,Sample,15,5,46.,1,false,true,false,false,86.,74.,70.,66.,10.4959990285
1.08623070004,Sample,15,5,51.,1,false,true,false,false,86.,74.,70.,66.,10.4959990285
1.0128570532,Sample,15,5,1.,1,false,true,false,false,16.,16.,46.,42.,0.
1.0128570532,Sample,15,5,6.,1,false,true,false,false,64.,56.,62.,58.,9.87351514954
1.0128570532,Sample,15,5,11.,1,false,true,false,false,64.,56.,62.,58.,10.0725546037
1.0128570532,Sample,15,5,16.,1,false,true,false,false,64.,56.,62.,58.,10.0765670252
1.0128570532,Sample,15,5,21.,1,false,true,false,false,64.,56.,62.,58.,10.0766479113
1.0128570532,Sample,15,5,26.,1,false,true,false,false,64.,56.,62.,58.,10.0766495418
1.0128570532,Sample,15,5,31.,1,false,true,false,false,64.,56.,62.,58.,10.0766495747
1.0128570532,Sample,15,5,36.,1,false,true,false,false,64.,56.,62.,58.,10.0766495754
1.0128570532,Sample,15,5,41.,1,false,true,false,false,64.,56.,62.,58.,10.0766495754
1.0128570532,Sample,15,5,46.,1,false,true,false,false,64.,56.,62.,58.,10.0766495754
1.0128570532,Sample,15,5,51.,1,false,true,false,false,64.,56.,62.,58.,10.0766495754
0.853454387881,Sample,15,6,1.,1,false,true,false,false,16.,14.,50.,46.,0.
0.853454387881,Sample,15,6,6.,1,false,true,false,false,64.,56.,42.,40.,8.94451513995
0.853454387881,Sample,15,6,11.,1,false,true,false,false,70.,58.,48.,46.,9.04994788739
0.853454387881,Sample,15,6,16.,1,false,true,false,false,70.,58.,48.,46.,9.05119066735
0.853454387881,Sample,15,6,21.,1,false,true,false,false,70.,58.,48.,46.,9.05120531652
0.853454387881,Sample,15,6,26.,1,false,true,false,false,70.,58.,48.,46.,9.0512054892
0.853454387881,Sample,15,6,31.,1,false,true,false,false,70.,58.,48.,46.,9.05120549123
0.853454387881,Sample,15,6,36.,1,false,true,false,false,70.,58.,48.,46.,9.05120549126
0.853454387881,Sample,15,6,41.,1,false,true,false,false,70.,58.,48.,46.,9.05120549126
0.853454387881,Sample,15,6,46.,1,false,true,false,false,70.,58.,48.,46.,9.05120549126
0.853454387881,Sample,15,6,51.,1,false,true,false,false,70.,58.,48.,46.,9.05120549126
0.805291599001,Voter,15,5,1.,1,false,true,false,false,30.,30.,40.,36.,0.
0.805291599001,Voter,15,5,6.,1,false,true,false,false,52.,42.,26.,24.,8.62127473981
0.805291599001,Voter,15,5,11.,1,false,true,false,false,52.,42.,26.,24.,8.7049291305
0.805291599001,Voter,15,5,16.,1,false,true,false,false,52.,42.,26.,24.,8.70574085003
0.805291599001,Voter,15,5,21.,1,false,true,false,false,52.,42.,26.,24.,8.70574872635
0.805291599001,Voter,15,5,26.,1,false,true,false,false,52.,42.,26.,24.,8.70574880278
0.805291599001,Voter,15,5,31.,1,false,true,false,false,52.,42.,26.,24.,8.70574880352
0.805291599001,Voter,15,5,36.,1,false,true,false,false,52.,42.,26.,24.,8.70574880353
0.805291599001,Voter,15,5,41.,1,false,true,false,false,52.,42.,26.,24.,8.70574880353
0.805291599001,Voter,15,5,46.,1,false,true,false,false,52.,42.,26.,24.,8.70574880353
0.805291599001,Voter,15,5,51.,1,false,true,false,false,52.,42.,26.,24.,8.70574880353
1.11212487751,Sample,15,3,1.,1,false,true,false,false,4.,4.,6.,6.,0.
1.11212487751,Sample,15,3,6.,1,false,true,false,false,16.,16.,10.,10.,10.3559682489
1.11212487751,Sample,15,3,11.,1,false,true,false,false,16.,16.,10.,10.,10.6296087328
1.11212487751,Sample,15,3,16.,1,false,true,false,false,16.,16.,10.,10.,10.6368392604
1.11212487751,Sample,15,3,21.,1,false,true,false,false,16.,16.,10.,10.,10.6370303159
1.11212487751,Sample,15,3,26.,1,false,true,false,false,16.,16.,10.,10.,10.6370353643
1.11212487751,Sample,15,3,31.,1,false,true,false,false,16.,16.,10.,10.,10.6370354977
1.11212487751,Sample,15,3,36.,1,false,true,false,false,16.,16.,10.,10.,10.6370355012
1.11212487751,Sample,15,3,41.,1,false,true,false,false,16.,16.,10.,10.,10.6370355013
1.11212487751,Sample,15,3,46.,1,false,true,false,false,16.,16.,10.,10.,10.6370355013
1.11212487751,Sample,15,3,51.,1,false,true,false,false,16.,16.,10.,10.,10.6370355013
0.853087940214,Sample,15,7,1.,1,false,true,false,false,54.,52.,100.,86.,0.
0.853087940214,Sample,15,7,6.,1,false,true,false,false,162.,134.,128.,112.,8.94213548977
0.853087940214,Sample,15,7,11.,1,false,true,false,false,166.,134.,132.,112.,9.04739117464
0.853087940214,Sample,15,7,16.,1,false,true,false,false,166.,134.,132.,112.,9.0486301135
0.853087940214,Sample,15,7,21.,1,false,true,false,false,166.,134.,132.,112.,9.04864469675
0.853087940214,Sample,15,7,26.,1,false,true,false,false,166.,134.,132.,112.,9.04864486841
0.853087940214,Sample,15,7,31.,1,false,true,false,false,166.,134.,132.,112.,9.04864487043
0.853087940214,Sample,15,7,36.,1,false,true,false,false,166.,134.,132.,112.,9.04864487045
0.853087940214,Sample,15,7,41.,1,false,true,false,false,166.,134.,132.,112.,9.04864487045
0.853087940214,Sample,15,7,46.,1,false,true,false,false,166.,134.,132.,112.,9.04864487045
0.853087940214,Sample,15,7,51.,1,false,true,false,false,166.,134.,132.,112.,9.04864487045
0.830837155503,Voter,15,6,1.,1,false,true,false,false,24.,24.,46.,40.,0.
0.830837155503,Voter,15,6,6.,1,false,true,false,false,58.,50.,44.,40.,8.79537737368
0.830837155503,Voter,15,6,11.,1,false,true,false,false,60.,52.,42.,38.,8.89020904177
0.830837155503,Voter,15,6,16.,1,false,true,false,false,60.,52.,42.,38.,8.89123151584
0.830837155503,Voter,15,6,21.,1,false,true,false,false,60.,52.,42.,38.,8.89124254014
0.830837155503,Voter,15,6,26.,1,false,true,false,false,60.,52.,42.,38.,8.89124265901
0.830837155503,Voter,15,6,31.,1,false,true,false,false,60.,52.,42.,38.,8.89124266029
0.830837155503,Voter,15,6,36.,1,false,true,false,false,60.,52.,42.,38.,8.8912426603
0.830837155503,Voter,15,6,41.,1,false,true,false,false,60.,52.,42.,38.,8.8912426603
0.830837155503,Voter,15,6,46.,1,false,true,false,false,60.,52.,42.,38.,8.8912426603
0.830837155503,Voter,15,6,51.,1,false,true,false,false,60.,52.,42.,38.,8.8912426603
0.935484986499,Sample,15,3,1.,1,false,true,false,false,2.,2.,8.,8.,0.
0.935484986499,Sample,15,3,6.,1,false,true,false,false,8.,6.,2.,2.,9.44812178014
0.935484986499,Sample,15,3,11.,1,false,true,false,false,8.,6.,2.,2.,9.59760411064
0.935484986499,Sample,15,3,16.,1,false,true,false,false,8.,6.,2.,2.,9.59996912748
0.935484986499,Sample,15,3,21.,1,false,true,false,false,8.,6.,2.,2.,9.60000654532
0.935484986499,Sample,15,3,26.,1,false,true,false,false,8.,6.,2.,2.,9.60000713732
0.935484986499,Sample,15,3,31.,1,false,true,false,false,8.,6.,2.,2.,9.60000714668
0.935484986499,Sample,15,3,36.,1,false,true,false,false,8.,6.,2.,2.,9.60000714683
0.935484986499,Sample,15,3,41.,1,false,true,false,false,8.,6.,2.,2.,9.60000714683
0.935484986499,Sample,15,3,46.,1,false,true,false,false,8.,6.,2.,2.,9.60000714683
0.935484986499,Sample,15,3,51.,1,false,true,false,false,8.,6.,2.,2.,9.60000714683
0.93259461361,Voter,15,5,1.,1,false,true,false,false,62.,54.,66.,54.,0.
0.93259461361,Voter,15,5,6.,1,false,true,false,false,84.,66.,64.,52.,9.43132844691
0.93259461361,Voter,15,5,11.,1,false,true,false,false,84.,66.,64.,52.,9.57910935527
0.93259461361,Voter,15,5,16.,1,false,true,false,false,84.,66.,64.,52.,9.58142495662
0.93259461361,Voter,15,5,21.,1,false,true,false,false,84.,66.,64.,52.,9.58146124013
0.93259461361,Voter,15,5,26.,1,false,true,false,false,84.,66.,64.,52.,9.58146180866
0.93259461361,Voter,15,5,31.,1,false,true,false,false,84.,66.,64.,52.,9.58146181757
0.93259461361,Voter,15,5,36.,1,false,true,false,false,84.,66.,64.,52.,9.58146181771
0.93259461361,Voter,15,5,41.,1,false,true,false,false,84.,66.,64.,52.,9.58146181771
0.93259461361,Voter,15,5,46.,1,false,true,false,false,84.,66.,64.,52.,9.58146181771
0.93259461361,Voter,15,5,51.,1,false,true,false,false,84.,66.,64.,52.,9.58146181771
1.23482379885,Sample,15,6,1.,1,false,true,false,false,28.,28.,82.,68.,0.
1.23482379885,Sample,15,6,6.,1,false,true,false,false,112.,92.,118.,98.,10.8652358907
1.23482379885,Sample,15,6,11.,1,false,true,false,false,118.,96.,120.,100.,11.2469963475
1.23482379885,Sample,15,6,16.,1,false,true,false,false,118.,96.,120.,100.,11.2604098664
1.23482379885,Sample,15,6,21.,1,false,true,false,false,118.,96.,120.,100.,11.2608811632
1.23482379885,Sample,15,6,26.,1,false,true,false,false,118.,96.,120.,100.,11.2608977227
1.23482379885,Sample,15,6,31.,1,false,true,false,false,118.,96.,120.,100.,11.2608983045
1.23482379885,Sample,15,6,36.,1,false,true,false,false,118.,96.,120.,100.,11.2608983249
1.23482379885,Sample,15,6,41.,1,false,true,false,false,118.,96.,120.,100.,11.2608983257
1.23482379885,Sample,15,6,46.,1,false,true,false,false,118.,96.,120.,100.,11.2608983257
1.23482379885,Sample,15,6,51.,1,false,true,false,false,118.,96.,120.,100.,11.2608983257
1.20845090823,Voter,15,6,1.,1,false,true,false,false,26.,24.,58.,50.,0.
1.20845090823,Voter,15,6,6.,1,false,true,false,false,58.,46.,34.,32.,10.7632693844
1.20845090823,Voter,15,6,11.,1,false,true,false,false,58.,46.,34.,32.,11.1203977746
1.20845090823,Voter,15,6,16.,1,false,true,false,false,58.,46.,34.,32.,11.1322473978
1.20845090823,Voter,15,6,21.,1,false,true,false,false,58.,46.,34.,32.,11.1326405718
1.20845090823,Voter,15,6,26.,1,false,true,false,false,58.,46.,34.,32.,11.1326536174
1.20845090823,Voter,15,6,31.,1,false,true,false,false,58.,46.,34.,32.,11.1326540503
1.20845090823,Voter,15,6,36.,1,false,true,false,false,58.,46.,34.,32.,11.1326540646
1.20845090823,Voter,15,6,41.,1,false,true,false,false,58.,46.,34.,32.,11.1326540651
1.20845090823,Voter,15,6,46.,1,false,true,false,false,58.,46.,34.,32.,11.1326540651
1.20845090823,Voter,15,6,51.,1,false,true,false,false,58.,46.,34.,32.,11.1326540651
1.13575377567,Voter,15,3,1.,1,false,true,false,false,12.,12.,20.,18.,0.
1.13575377567,Voter,15,3,6.,1,false,true,false,false,22.,20.,18.,18.,10.461153285
1.13575377567,Voter,15,3,11.,1,false,true,false,false,22.,20.,18.,18.,10.7542981834
1.13575377567,Voter,15,3,16.,1,false,true,false,false,22.,20.,18.,18.,10.7625127587
1.13575377567,Voter,15,3,21.,1,false,true,false,false,22.,20.,18.,18.,10.7627429495
1.13575377567,Voter,15,3,26.,1,false,true,false,false,22.,20.,18.,18.,10.7627494
1.13575377567,Voter,15,3,31.,1,false,true,false,false,22.,20.,18.,18.,10.7627495807
1.13575377567,Voter,15,3,36.,1,false,true,false,false,22.,20.,18.,18.,10.7627495858
1.13575377567,Voter,15,3,41.,1,false,true,false,false,22.,20.,18.,18.,10.7627495859
1.13575377567,Voter,15,3,46.,1,false,true,false,false,22.,20.,18.,18.,10.7627495859
1.13575377567,Voter,15,3,51.,1,false,true,false,false,22.,20.,18.,18.,10.7627495859
1.37873052197,Sample,15,3,1.,1,false,true,false,false,6.,6.,18.,18.,0.
1.37873052197,Sample,15,3,6.,1,false,true,false,false,18.,16.,18.,18.,11.356616216
1.37873052197,Sample,15,3,11.,1,false,true,false,false,18.,16.,18.,18.,11.8848193384
1.37873052197,Sample,15,3,16.,1,false,true,false,false,18.,16.,18.,18.,11.9093863866
1.37873052197,Sample,15,3,21.,1,false,true,false,false,18.,16.,18.,18.,11.910529015
1.37873052197,Sample,15,3,26.,1,false,true,false,false,18.,16.,18.,18.,11.9105821593
1.37873052197,Sample,15,3,31.,1,false,true,false,false,18.,16.,18.,18.,11.9105846311
1.37873052197,Sample,15,3,36.,1,false,true,false,false,18.,16.,18.,18.,11.9105847461
1.37873052197,Sample,15,3,41.,1,false,true,false,false,18.,16.,18.,18.,11.9105847514
1.37873052197,Sample,15,3,46.,1,false,true,false,false,18.,16.,18.,18.,11.9105847517
1.37873052197,Sample,15,3,51.,1,false,true,false,false,18.,16.,18.,18.,11.9105847517
0.997236378992,Sample,15,3,1.,1,false,true,false,false,6.,6.,10.,10.,0.
0.997236378992,Sample,15,3,6.,1,false,true,false,false,14.,14.,10.,10.,9.79128257023
0.997236378992,Sample,15,3,11.,1,false,true,false,false,14.,14.,10.,10.,9.97969845969
0.997236378992,Sample,15,3,16.,1,false,true,false,false,14.,14.,10.,10.,9.98332418973
0.997236378992,Sample,15,3,21.,1,false,true,false,false,14.,14.,10.,10.,9.98339396049
0.997236378992,Sample,15,3,26.,1,false,true,false,false,14.,14.,10.,10.,9.9833953031
0.997236378992,Sample,15,3,31.,1,false,true,false,false,14.,14.,10.,10.,9.98339532894
0.997236378992,Sample,15,3,36.,1,false,true,false,false,14.,14.,10.,10.,9.98339532943
0.997236378992,Sample,15,3,41.,1,false,true,false,false,14.,14.,10.,10.,9.98339532944
0.997236378992,Sample,15,3,46.,1,false,true,false,false,14.,14.,10.,10.,9.98339532944
0.997236378992,Sample,15,3,51.,1,false,true,false,false,14.,14.,10.,10.,9.98339532944
1.32700128753,Voter,15,6,1.,1,false,true,false,false,26.,26.,60.,48.,0.
1.32700128753,Voter,15,6,6.,1,false,true,false,false,70.,58.,44.,40.,11.1920454188
1.32700128753,Voter,15,6,11.,1,false,true,false,false,70.,58.,44.,40.,11.6653935532
1.32700128753,Voter,15,6,16.,1,false,true,false,false,70.,58.,44.,40.,11.685412991
1.32700128753,Voter,15,6,21.,1,false,true,false,false,70.,58.,44.,40.,11.6862596783
1.32700128753,Voter,15,6,26.,1,false,true,false,false,70.,58.,44.,40.,11.6862954875
1.32700128753,Voter,15,6,31.,1,false,true,false,false,70.,58.,44.,40.,11.686297002
1.32700128753,Voter,15,6,36.,1,false,true,false,false,70.,58.,44.,40.,11.686297066
1.32700128753,Voter,15,6,41.,1,false,true,false,false,70.,58.,44.,40.,11.6862970687
1.32700128753,Voter,15,6,46.,1,false,true,false,false,70.,58.,44.,40.,11.6862970689
1.32700128753,Voter,15,6,51.,1,false,true,false,false,70.,58.,44.,40.,11.6862970689
0.903026910404,Voter,15,4,1.,1,false,true,false,false,46.,42.,58.,50.,0.
0.903026910404,Voter,15,4,6.,1,false,true,false,false,54.,50.,66.,54.,9.25563018572
0.903026910404,Voter,15,4,11.,1,false,true,false,false,54.,50.,66.,54.,9.38663176918
0.903026910404,Voter,15,4,16.,1,false,true,false,false,54.,50.,66.,54.,9.3884859287
0.903026910404,Voter,15,4,21.,1,false,true,false,false,54.,50.,66.,54.,9.38851217195
0.903026910404,Voter,15,4,26.,1,false,true,false,false,54.,50.,66.,54.,9.38851254339
0.903026910404,Voter,15,4,31.,1,false,true,false,false,54.,50.,66.,54.,9.38851254865
0.903026910404,Voter,15,4,36.,1,false,true,false,false,54.,50.,66.,54.,9.38851254872
0.903026910404,Voter,15,4,41.,1,false,true,false,false,54.,50.,66.,54.,9.38851254873
0.903026910404,Voter,15,4,46.,1,false,true,false,false,54.,50.,66.,54.,9.38851254873
0.903026910404,Voter,15,4,51.,1,false,true,false,false,54.,50.,66.,54.,9.38851254873
1.28320808611,Sample,15,4,1.,1,false,true,false,false,0.,0.,16.,14.,0.
1.28320808611,Sample,15,4,6.,1,false,true,false,false,16.,16.,20.,20.,11.0423451687
1.28320808611,Sample,15,4,11.,1,false,true,false,false,18.,18.,18.,18.,11.4711500683
1.28320808611,Sample,15,4,16.,1,false,true,false,false,20.,20.,20.,20.,11.4878017523
1.28320808611,Sample,15,4,21.,1,false,true,false,false,20.,20.,20.,20.,11.4884483833
1.28320808611,Sample,15,4,26.,1,false,true,false,false,20.,20.,20.,20.,11.4884734938
1.28320808611,Sample,15,4,31.,1,false,true,false,false,20.,20.,20.,20.,11.4884744689
1.28320808611,Sample,15,4,36.,1,false,true,false,false,20.,20.,20.,20.,11.4884745068
1.28320808611,Sample,15,4,41.,1,false,true,false,false,20.,20.,20.,20.,11.4884745083
1.28320808611,Sample,15,4,46.,1,false,true,false,false,20.,20.,20.,20.,11.4884745083
1.28320808611,Sample,15,4,51.,1,false,true,false,false,20.,20.,20.,20.,11.4884745083
0.954394365158,Voter,15,6,1.,1,false,true,false,false,30.,24.,48.,44.,0.
0.954394365158,Voter,15,6,6.,1,false,true,false,false,52.,42.,26.,24.,9.556344882
0.954394365158,Voter,15,6,11.,1,false,true,false,false,52.,42.,26.,24.,9.7172261511
0.954394365158,Voter,15,6,16.,1,false,true,false,false,52.,42.,26.,24.,9.71993459068
0.954394365158,Voter,15,6,21.,1,false,true,false,false,52.,42.,26.,24.,9.71998018732
0.954394365158,Voter,15,6,26.,1,false,true,false,false,52.,42.,26.,24.,9.71998095494
0.954394365158,Voter,15,6,31.,1,false,true,false,false,52.,42.,26.,24.,9.71998096786
0.954394365158,Voter,15,6,36.,1,false,true,false,false,52.,42.,26.,24.,9.71998096808
0.954394365158,Voter,15,6,41.,1,false,true,false,false,52.,42.,26.,24.,9.71998096809
0.954394365158,Voter,15,6,46.,1,false,true,false,false,52.,42.,26.,24.,9.71998096809
0.954394365158,Voter,15,6,51.,1,false,true,false,false,52.,42.,26.,24.,9.71998096809
1.2961271076,Voter,15,3,1.,1,false,true,false,false,0.,0.,6.,6.,0.
1.2961271076,Voter,15,3,6.,1,false,true,false,false,6.,6.,0.,0.,11.0875290699
1.2961271076,Voter,15,3,11.,1,false,true,false,false,6.,6.,0.,0.,11.529285845
1.2961271076,Voter,15,3,16.,1,false,true,false,false,6.,6.,0.,0.,11.546886615
1.2961271076,Voter,15,3,21.,1,false,true,false,false,6.,6.,0.,0.,11.5475878767
1.2961271076,Voter,15,3,26.,1,false,true,false,false,6.,6.,0.,0.,11.5476158168
1.2961271076,Voter,15,3,31.,1,false,true,false,false,6.,6.,0.,0.,11.54761693
1.2961271076,Voter,15,3,36.,1,false,true,false,false,6.,6.,0.,0.,11.5476169744
1.2961271076,Voter,15,3,41.,1,false,true,false,false,6.,6.,0.,0.,11.5476169761
1.2961271076,Voter,15,3,46.,1,false,true,false,false,6.,6.,0.,0.,11.5476169762
1.2961271076,Voter,15,3,51.,1,false,true,false,false,6.,6.,0.,0.,11.5476169762
0.910615684114,Sample,15,4,1.,1,false,true,false,false,8.,6.,20.,20.,0.
0.910615684114,Sample,15,4,6.,1,false,true,false,false,18.,18.,2.,2.,9.30141071084
0.910615684114,Sample,15,4,11.,1,false,true,false,false,20.,20.,4.,4.,9.43660995706
0.910615684114,Sample,15,4,16.,1,false,true,false,false,20.,20.,4.,4.,9.43857512522
0.910615684114,Sample,15,4,21.,1,false,true,false,false,20.,20.,4.,4.,9.43860368962
0.910615684114,Sample,15,4,26.,1,false,true,false,false,20.,20.,4.,4.,9.43860410482
0.910615684114,Sample,15,4,31.,1,false,true,false,false,20.,20.,4.,4.,9.43860411085
0.910615684114,Sample,15,4,36.,1,false,true,false,false,20.,20.,4.,4.,9.43860411094
0.910615684114,Sample,15,4,41.,1,false,true,false,false,20.,20.,4.,4.,9.43860411094
0.910615684114,Sample,15,4,46.,1,false,true,false,false,20.,20.,4.,4.,9.43860411094
0.910615684114,Sample,15,4,51.,1,false,true,false,false,20.,20.,4.,4.,9.43860411094
1.29223871926,Sample,15,4,1.,1,false,true,false,false,10.,10.,26.,24.,0.
1.29223871926,Sample,15,4,6.,1,false,true,false,false,32.,32.,24.,24.,11.0740207877
1.29223871926,Sample,15,4,11.,1,false,true,false,false,34.,32.,26.,26.,11.5118624205
1.29223871926,Sample,15,4,16.,1,false,true,false,false,34.,32.,26.,26.,11.5291736844
1.29223871926,Sample,15,4,21.,1,false,true,false,false,34.,32.,26.,26.,11.5298581324
1.29223871926,Sample,15,4,26.,1,false,true,false,false,34.,32.,26.,26.,11.529885194
1.29223871926,Sample,15,4,31.,1,false,true,false,false,34.,32.,26.,26.,11.5298862639
1.29223871926,Sample,15,4,36.,1,false,true,false,false,34.,32.,26.,26.,11.5298863062
1.29223871926,Sample,15,4,41.,1,false,true,false,false,34.,32.,26.,26.,11.5298863079
1.29223871926,Sample,15,4,46.,1,false,true,false,false,34.,32.,26.,26.,11.5298863079
1.29223871926,Sample,15,4,51.,1,false,true,false,false,34.,32.,26.,26.,11.529886308
1.25361398706,Sample,15,7,1.,1,false,true,false,false,62.,48.,142.,118.,0.
1.25361398706,Sample,15,7,6.,1,false,true,false,false,256.,196.,296.,224.,10.9355206083
1.25361398706,Sample,15,7,11.,1,false,true,false,false,260.,196.,300.,224.,11.3352713909
1.25361398706,Sample,15,7,16.,1,false,true,false,false,262.,198.,298.,224.,11.3498843841
1.25361398706,Sample,15,7,21.,1,false,true,false,false,262.,198.,298.,224.,11.3504185658
1.25361398706,Sample,15,7,26.,1,false,true,false,false,262.,198.,298.,224.,11.350438093
1.25361398706,Sample,15,7,31.,1,false,true,false,false,262.,198.,298.,224.,11.3504388068
1.25361398706,Sample,15,7,36.,1,false,true,false,false,262.,198.,298.,224.,11.3504388329
1.25361398706,Sample,15,7,41.,1,false,true,false,false,262.,198.,298.,224.,11.3504388338
1.25361398706,Sample,15,7,46.,1,false,true,false,false,262.,198.,298.,224.,11.3504388339
1.25361398706,Sample,15,7,51.,1,false,true,false,false,262.,198.,298.,224.,11.3504388339
0.821908620499,Sample,15,5,1.,1,false,true,false,false,2.,2.,36.,30.,0.
0.821908620499,Sample,15,5,6.,1,false,true,false,false,32.,28.,10.,10.,8.73521750541
0.821908620499,Sample,15,5,11.,1,false,true,false,false,32.,28.,10.,10.,8.82604686602
0.821908620499,Sample,15,5,16.,1,false,true,false,false,32.,28.,10.,10.,8.82699131563
0.821908620499,Sample,15,5,21.,1,false,true,false,false,32.,28.,10.,10.,8.82700113608
0.821908620499,Sample,15,5,26.,1,false,true,false,false,32.,28.,10.,10.,8.82700123819
0.821908620499,Sample,15,5,31.,1,false,true,false,false,32.,28.,10.,10.,8.82700123925
0.821908620499,Sample,15,5,36.,1,false,true,false,false,32.,28.,10.,10.,8.82700123926
0.821908620499,Sample,15,5,41.,1,false,true,false,false,32.,28.,10.,10.,8.82700123926
0.821908620499,Sample,15,5,46.,1,false,true,false,false,32.,28.,10.,10.,8.82700123926
0.821908620499,Sample,15,5,51.,1,false,true,false,false,32.,28.,10.,10.,8.82700123926
0.822957796153,Voter,15,4,1.,1,false,true,false,false,16.,16.,14.,14.,0.
0.822957796153,Voter,15,4,6.,1,false,true,false,false,24.,22.,10.,10.,8.74232500905
0.822957796153,Voter,15,4,11.,1,false,true,false,false,24.,22.,10.,10.,8.8336193296
0.822957796153,Voter,15,4,16.,1,false,true,false,false,24.,22.,10.,10.,8.83457269761
0.822957796153,Voter,15,4,21.,1,false,true,false,false,24.,22.,10.,10.,8.83458265344
0.822957796153,Voter,15,4,26.,1,false,true,false,false,24.,22.,10.,10.,8.8345827574
0.822957796153,Voter,15,4,31.,1,false,true,false,false,24.,22.,10.,10.,8.83458275849
0.822957796153,Voter,15,4,36.,1,false,true,false,false,24.,22.,10.,10.,8.8345827585
0.822957796153,Voter,15,4,41.,1,false,true,false,false,24.,22.,10.,10.,8.8345827585
0.822957796153,Voter,15,4,46.,1,false,true,false,false,24.,22.,10.,10.,8.8345827585
0.822957796153,Voter,15,4,51.,1,false,true,false,false,24.,22.,10.,10.,8.8345827585
1.16674058817,Sample,15,4,1.,1,false,true,false,false,2.,2.,18.,16.,0.
1.16674058817,Sample,15,4,6.,1,false,true,false,false,20.,18.,12.,12.,10.5938096724
1.16674058817,Sample,15,4,11.,1,false,true,false,false,20.,18.,12.,12.,10.9135068833
1.16674058817,Sample,15,4,16.,1,false,true,false,false,20.,18.,12.,12.,10.9231546219
1.16674058817,Sample,15,4,21.,1,false,true,false,false,20.,18.,12.,12.,10.9234457689
1.16674058817,Sample,15,4,26.,1,false,true,false,false,20.,18.,12.,12.,10.923454555
1.16674058817,Sample,15,4,31.,1,false,true,false,false,20.,18.,12.,12.,10.9234548202
1.16674058817,Sample,15,4,36.,1,false,true,false,false,20.,18.,12.,12.,10.9234548282
1.16674058817,Sample,15,4,41.,1,false,true,false,false,20.,18.,12.,12.,10.9234548284
1.16674058817,Sample,15,4,46.,1,false,true,false,false,20.,18.,12.,12.,10.9234548284
1.16674058817,Sample,15,4,51.,1,false,true,false,false,20.,18.,12.,12.,10.9234548284
1.12954564432,Voter,15,4,1.,1,false,true,false,false,18.,18.,32.,30.,0.
1.12954564432,Voter,15,4,6.,1,false,true,false,false,30.,24.,24.,24.,10.4338602139
1.12954564432,Voter,15,4,11.,1,false,true,false,false,30.,24.,24.,24.,10.7218176269
1.12954564432,Voter,15,4,16.,1,false,true,false,false,30.,24.,24.,24.,10.7297647787
1.12954564432,Voter,15,4,21.,1,false,true,false,false,30.,24.,24.,24.,10.7299841071
1.12954564432,Voter,15,4,26.,1,false,true,false,false,30.,24.,24.,24.,10.7299901602
1.12954564432,Voter,15,4,31.,1,false,true,false,false,30.,24.,24.,24.,10.7299903272
1.12954564432,Voter,15,4,36.,1,false,true,false,false,30.,24.,24.,24.,10.7299903319
1.12954564432,Voter,15,4,41.,1,false,true,false,false,30.,24.,24.,24.,10.729990332
1.12954564432,Voter,15,4,46.,1,false,true,false,false,30.,24.,24.,24.,10.729990332
1.12954564432,Voter,15,4,51.,1,false,true,false,false,30.,24.,24.,24.,10.729990332
1.11525469599,Voter,15,7,1.,1,false,true,false,false,50.,42.,84.,66.,0.
1.11525469599,Voter,15,7,6.,1,false,true,false,false,88.,72.,54.,52.,10.3701052432
1.11525469599,Voter,15,7,11.,1,false,true,false,false,88.,72.,54.,52.,10.6462916926
1.11525469599,Voter,15,7,16.,1,false,true,false,false,88.,72.,54.,52.,10.6536473512
1.11525469599,Voter,15,7,21.,1,false,true,false,false,88.,72.,54.,52.,10.6538432541
1.11525469599,Voter,15,7,26.,1,false,true,false,false,88.,72.,54.,52.,10.6538484716
1.11525469599,Voter,15,7,31.,1,false,true,false,false,88.,72.,54.,52.,10.6538486105
1.11525469599,Voter,15,7,36.,1,false,true,false,false,88.,72.,54.,52.,10.6538486142
1.11525469599,Voter,15,7,41.,1,false,true,false,false,88.,72.,54.,52.,10.6538486143
1.11525469599,Voter,15,7,46.,1,false,true,false,false,88.,72.,54.,52.,10.6538486143
1.11525469599,Voter,15,7,51.,1,false,true,false,false,88.,72.,54.,52.,10.6538486143
1.15203837093,Sample,15,6,1.,1,false,true,false,false,46.,38.,90.,72.,0.
1.15203837093,Sample,15,6,6.,1,false,true,false,false,118.,96.,106.,98.,10.5316039383
1.15203837093,Sample,15,6,11.,1,false,true,false,false,132.,104.,104.,92.,10.8385668863
1.15203837093,Sample,15,6,16.,1,false,true,false,false,132.,104.,104.,92.,10.8475138854
1.15203837093,Sample,15,6,21.,1,false,true,false,false,132.,104.,104.,92.,10.8477746621
1.15203837093,Sample,15,6,26.,1,false,true,false,false,132.,104.,104.,92.,10.8477822629
1.15203837093,Sample,15,6,31.,1,false,true,false,false,132.,104.,104.,92.,10.8477824845
1.15203837093,Sample,15,6,36.,1,false,true,false,false,132.,104.,104.,92.,10.8477824909
1.15203837093,Sample,15,6,41.,1,false,true,false,false,132.,104.,104.,92.,10.8477824911
1.15203837093,Sample,15,6,46.,1,false,true,false,false,132.,104.,104.,92.,10.8477824911
1.15203837093,Sample,15,6,51.,1,false,true,false,false,132.,104.,104.,92.,10.8477824911
0.982211276553,Voter,15,7,1.,1,false,true,false,false,38.,36.,86.,74.,0.
0.982211276553,Voter,15,7,6.,1,false,true,false,false,86.,80.,50.,46.,9.71047676071
0.982211276553,Voter,15,7,11.,1,false,true,false,false,86.,80.,50.,46.,9.88896750415
0.982211276553,Voter,15,7,16.,1,false,true,false,false,86.,80.,50.,46.,9.89224838791
0.982211276553,Voter,15,7,21.,1,false,true,false,false,86.,80.,50.,46.,9.89230869467
0.982211276553,Voter,15,7,26.,1,false,true,false,false,86.,80.,50.,46.,9.89230980318
0.982211276553,Voter,15,7,31.,1,false,true,false,false,86.,80.,50.,46.,9.89230982356
0.982211276553,Voter,15,7,36.,1,false,true,false,false,86.,80.,50.,46.,9.89230982393
0.982211276553,Voter,15,7,41.,1,false,true,false,false,86.,80.,50.,46.,9.89230982394
0.982211276553,Voter,15,7,46.,1,false,true,false,false,86.,80.,50.,46.,9.89230982394
0.982211276553,Voter,15,7,51.,1,false,true,false,false,86.,80.,50.,46.,9.89230982394
0.800104037019,Sample,15,7,1.,1,false,true,false,false,60.,58.,130.,110.,0.
0.800104037019,Sample,15,7,6.,1,false,true,false,false,152.,120.,130.,108.,8.58516928594
0.800104037019,Sample,15,7,11.,1,false,true,false,false,152.,120.,130.,108.,8.66665641068
0.800104037019,Sample,15,7,16.,1,false,true,false,false,152.,120.,130.,108.,8.66742985513
0.800104037019,Sample,15,7,21.,1,false,true,false,false,152.,120.,130.,108.,8.66743719636
0.800104037019,Sample,15,7,26.,1,false,true,false,false,152.,120.,130.,108.,8.66743726604
0.800104037019,Sample,15,7,31.,1,false,true,false,false,152.,120.,130.,108.,8.6674372667
0.800104037019,Sample,15,7,36.,1,false,true,false,false,152.,120.,130.,108.,8.66743726671
0.800104037019,Sample,15,7,41.,1,false,true,false,false,152.,120.,130.,108.,8.66743726671
0.800104037019,Sample,15,7,46.,1,false,true,false,false,152.,120.,130.,108.,8.66743726671
0.800104037019,Sample,15,7,51.,1,false,true,false,false,152.,120.,130.,108.,8.66743726671
0.838382481779,Sample,15,5,1.,1,false,true,false,false,8.,8.,28.,26.,0.
0.838382481779,Sample,15,5,6.,1,false,true,false,false,40.,36.,28.,28.,8.84564634576
0.838382481779,Sample,15,5,11.,1,false,true,false,false,40.,36.,28.,28.,8.94394077204
0.838382481779,Sample,15,5,16.,1,false,true,false,false,40.,36.,28.,28.,8.94503303753
0.838382481779,Sample,15,5,21.,1,false,true,false,false,40.,36.,28.,28.,8.94504517498
0.838382481779,Sample,15,5,26.,1,false,true,false,false,40.,36.,28.,28.,8.94504530985
0.838382481779,Sample,15,5,31.,1,false,true,false,false,40.,36.,28.,28.,8.94504531135
0.838382481779,Sample,15,5,36.,1,false,true,false,false,40.,36.,28.,28.,8.94504531137
0.838382481779,Sample,15,5,41.,1,false,true,false,false,40.,36.,28.,28.,8.94504531137
0.838382481779,Sample,15,5,46.,1,false,true,false,false,40.,36.,28.,28.,8.94504531137
0.838382481779,Sample,15,5,51.,1,false,true,false,false,40.,36.,28.,28.,8.94504531137
1.34033772755,Voter,15,6,1.,1,false,true,false,false,18.,18.,58.,52.,0.
1.34033772755,Voter,15,6,6.,1,false,true,false,false,62.,56.,30.,28.,11.2357152411
1.34033772755,Voter,15,6,11.,1,false,true,false,false,64.,58.,32.,30.,11.7229803714
1.34033772755,Voter,15,6,16.,1,false,true,false,false,64.,58.,32.,30.,11.7441118528
1.34033772755,Voter,15,6,21.,1,false,true,false,false,64.,58.,32.,30.,11.7450282727
1.34033772755,Voter,15,6,26.,1,false,true,false,false,64.,58.,32.,30.,11.7450680156
1.34033772755,Voter,15,6,31.,1,false,true,false,false,64.,58.,32.,30.,11.7450697392
1.34033772755,Voter,15,6,36.,1,false,true,false,false,64.,58.,32.,30.,11.7450698139
1.34033772755,Voter,15,6,41.,1,false,true,false,false,64.,58.,32.,30.,11.7450698171
1.34033772755,Voter,15,6,46.,1,false,true,false,false,64.,58.,32.,30.,11.7450698173
1.34033772755,Voter,15,6,51.,1,false,true,false,false,64.,58.,32.,30.,11.7450698173
0.908567115467,Voter,15,4,1.,1,false,true,false,false,24.,24.,38.,34.,0.
0.908567115467,Voter,15,4,6.,1,false,true,false,false,30.,28.,32.,30.,9.28909955738
0.908567115467,Voter,15,4,11.,1,false,true,false,false,30.,28.,32.,30.,9.42315824103
0.908567115467,Voter,15,4,16.,1,false,true,false,false,30.,28.,32.,30.,9.42509295285
0.908567115467,Voter,15,4,21.,1,false,true,false,false,30.,28.,32.,30.,9.42512087427
0.908567115467,Voter,15,4,26.,1,false,true,false,false,30.,28.,32.,30.,9.42512127723
0.908567115467,Voter,15,4,31.,1,false,true,false,false,30.,28.,32.,30.,9.42512128305
0.908567115467,Voter,15,4,36.,1,false,true,false,false,30.,28.,32.,30.,9.42512128313
0.908567115467,Voter,15,4,41.,1,false,true,false,false,30.,28.,32.,30.,9.42512128313
0.908567115467,Voter,15,4,46.,1,false,true,false,false,30.,28.,32.,30.,9.42512128313
0.908567115467,Voter,15,4,51.,1,false,true,false,false,30.,28.,32.,30.,9.42512128313
1.30423073665,Voter,15,7,1.,1,false,true,false,false,78.,70.,138.,118.,0.
1.30423073665,Voter,15,7,6.,1,false,true,false,false,148.,120.,136.,112.,11.1154307143
1.30423073665,Voter,15,7,11.,1,false,true,false,false,148.,122.,140.,114.,11.5653930848
1.30423073665,Voter,15,7,16.,1,false,true,false,false,148.,122.,140.,114.,11.5836079556
1.30423073665,Voter,15,7,21.,1,false,true,false,false,148.,122.,140.,114.,11.5843453096
1.30423073665,Voter,15,7,26.,1,false,true,false,false,148.,122.,140.,114.,11.5843751583
1.30423073665,Voter,15,7,31.,1,false,true,false,false,148.,122.,140.,114.,11.5843763666
1.30423073665,Voter,15,7,36.,1,false,true,false,false,148.,122.,140.,114.,11.5843764155
1.30423073665,Voter,15,7,41.,1,false,true,false,false,148.,122.,140.,114.,11.5843764175
1.30423073665,Voter,15,7,46.,1,false,true,false,false,148.,122.,140.,114.,11.5843764176
1.30423073665,Voter,15,7,51.,1,false,true,false,false,148.,122.,140.,114.,11.5843764176
1.23640796976,Voter,15,7,1.,1,false,true,false,false,52.,46.,84.,68.,0.
1.23640796976,Voter,15,7,6.,1,false,true,false,false,102.,78.,74.,58.,10.8712365811
1.23640796976,Voter,15,7,11.,1,false,true,false,false,102.,78.,74.,58.,11.2544997914
1.23640796976,Voter,15,7,16.,1,false,true,false,false,102.,78.,74.,58.,11.2680116571
1.23640796976,Voter,15,7,21.,1,false,true,false,false,102.,78.,74.,58.,11.2684880151
1.23640796976,Voter,15,7,26.,1,false,true,false,false,102.,78.,74.,58.,11.268504809
1.23640796976,Voter,15,7,31.,1,false,true,false,false,102.,78.,74.,58.,11.2685054011
1.23640796976,Voter,15,7,36.,1,false,true,false,false,102.,78.,74.,58.,11.268505422
1.23640796976,Voter,15,7,41.,1,false,true,false,false,102.,78.,74.,58.,11.2685054227
1.23640796976,Voter,15,7,46.,1,false,true,false,false,102.,78.,74.,58.,11.2685054227
1.23640796976,Voter,15,7,51.,1,false,true,false,false,102.,78.,74.,58.,11.2685054227
1.37599405372,Sample,15,5,1.,1,false,true,false,false,10.,10.,40.,32.,0.
1.37599405372,Sample,15,5,6.,1,false,true,false,false,48.,42.,50.,38.,11.3482309415
1.37599405372,Sample,15,5,11.,1,false,true,false,false,56.,48.,50.,38.,11.8734743696
1.37599405372,Sample,15,5,16.,1,false,true,false,false,56.,48.,50.,38.,11.8977848247
1.37599405372,Sample,15,5,21.,1,false,true,false,false,56.,48.,50.,38.,11.8989100139
1.37599405372,Sample,15,5,26.,1,false,true,false,false,56.,48.,50.,38.,11.8989620923
1.37599405372,Sample,15,5,31.,1,false,true,false,false,56.,48.,50.,38.,11.8989645027
1.37599405372,Sample,15,5,36.,1,false,true,false,false,56.,48.,50.,38.,11.8989646143
1.37599405372,Sample,15,5,41.,1,false,true,false,false,56.,48.,50.,38.,11.8989646195
1.37599405372,Sample,15,5,46.,1,false,true,false,false,56.,48.,50.,38.,11.8989646197
1.37599405372,Sample,15,5,51.,1,false,true,false,false,56.,48.,50.,38.,11.8989646197
1.37206947732,Sample,15,6,1.,1,false,true,false,false,28.,28.,76.,62.,0.
1.37206947732,Sample,15,6,6.,1,false,true,false,false,88.,76.,84.,68.,11.336143603
1.37206947732,Sample,15,6,11.,1,false,true,false,false,96.,84.,88.,70.,11.857153318
1.37206947732,Sample,15,6,16.,1,false,true,false,false,98.,84.,86.,70.,11.88109895
1.37206947732,Sample,15,6,21.,1,false,true,false,false,98.,84.,86.,70.,11.8821994924
1.37206947732,Sample,15,6,26.,1,false,true,false,false,98.,84.,86.,70.,11.8822500734
1.37206947732,Sample,15,6,31.,1,false,true,false,false,98.,84.,86.,70.,11.8822523981
1.37206947732,Sample,15,6,36.,1,false,true,false,false,98.,84.,86.,70.,11.8822525049
1.37206947732,Sample,15,6,41.,1,false,true,false,false,98.,84.,86.,70.,11.8822525099
1.37206947732,Sample,15,6,46.,1,false,true,false,false,98.,84.,86.,70.,11.8822525101
1.37206947732,Sample,15,6,51.,1,false,true,false,false,98.,84.,86.,70.,11.8822525101
1.20692020482,Voter,15,5,1.,1,false,true,false,false,20.,18.,40.,36.,0.
1.20692020482,Voter,15,5,6.,1,false,true,false,false,46.,40.,30.,30.,10.7572299171
1.20692020482,Voter,15,5,11.,1,false,true,false,false,46.,40.,30.,30.,11.1129512371
1.20692020482,Voter,15,5,16.,1,false,true,false,false,46.,40.,30.,30.,11.1247142708
1.20692020482,Voter,15,5,21.,1,false,true,false,false,46.,40.,30.,30.,11.1251032521
1.20692020482,Voter,15,5,26.,1,false,true,false,false,46.,40.,30.,30.,11.125116115
1.20692020482,Voter,15,5,31.,1,false,true,false,false,46.,40.,30.,30.,11.1251165404
1.20692020482,Voter,15,5,36.,1,false,true,false,false,46.,40.,30.,30.,11.1251165544
1.20692020482,Voter,15,5,41.,1,false,true,false,false,46.,40.,30.,30.,11.1251165549
1.20692020482,Voter,15,5,46.,1,false,true,false,false,46.,40.,30.,30.,11.1251165549
1.20692020482,Voter,15,5,51.,1,false,true,false,false,46.,40.,30.,30.,11.1251165549
1.34995876781,Voter,15,4,1.,1,false,true,false,false,4.,4.,18.,16.,0.
1.34995876781,Voter,15,4,6.,1,false,true,false,false,18.,16.,12.,12.,11.266677455
1.34995876781,Voter,15,4,11.,1,false,true,false,false,18.,16.,12.,12.,11.7640811187
1.34995876781,Voter,15,4,16.,1,false,true,false,false,18.,16.,12.,12.,11.786040601
1.34995876781,Voter,15,4,21.,1,false,true,false,false,18.,16.,12.,12.,11.7870100729
1.34995876781,Voter,15,4,26.,1,false,true,false,false,18.,16.,12.,12.,11.7870528733
1.34995876781,Voter,15,4,31.,1,false,true,false,false,18.,16.,12.,12.,11.7870547629
1.34995876781,Voter,15,4,36.,1,false,true,false,false,18.,16.,12.,12.,11.7870548463
1.34995876781,Voter,15,4,41.,1,false,true,false,false,18.,16.,12.,12.,11.78705485
1.34995876781,Voter,15,4,46.,1,false,true,false,false,18.,16.,12.,12.,11.7870548502
1.34995876781,Voter,15,4,51.,1,false,true,false,false,18.,16.,12.,12.,11.7870548502
0.873606717355,Voter,15,4,1.,1,false,true,false,false,18.,16.,12.,12.,0.
0.873606717355,Voter,15,4,6.,1,false,true,false,false,20.,18.,10.,10.,9.07355408299
0.873606717355,Voter,15,4,11.,1,false,true,false,false,20.,18.,10.,10.,9.18899382362
0.873606717355,Voter,15,4,16.,1,false,true,false,false,20.,18.,10.,10.,9.19046252416
0.873606717355,Voter,15,4,21.,1,false,true,false,false,20.,18.,10.,10.,9.19048120993
0.873606717355,Voter,15,4,26.,1,false,true,false,false,20.,18.,10.,10.,9.19048144767
0.873606717355,Voter,15,4,31.,1,false,true,false,false,20.,18.,10.,10.,9.19048145069
0.873606717355,Voter,15,4,36.,1,false,true,false,false,20.,18.,10.,10.,9.19048145073
0.873606717355,Voter,15,4,41.,1,false,true,false,false,20.,18.,10.,10.,9.19048145073
0.873606717355,Voter,15,4,46.,1,false,true,false,false,20.,18.,10.,10.,9.19048145073
0.873606717355,Voter,15,4,51.,1,false,true,false,false,20.,18.,10.,10.,9.19048145073
1.00433062334,Voter,15,6,1.,1,false,true,false,false,48.,46.,80.,70.,0.
1.00433062334,Voter,15,6,6.,1,false,true,false,false,80.,66.,72.,58.,9.82885148915
1.00433062334,Voter,15,6,11.,1,false,true,false,false,80.,66.,72.,58.,10.0220537434
1.00433062334,Voter,15,6,16.,1,false,true,false,false,80.,66.,72.,58.,10.0258514517
1.00433062334,Voter,15,6,21.,1,false,true,false,false,80.,66.,72.,58.,10.0259261019
1.00433062334,Voter,15,6,26.,1,false,true,false,false,80.,66.,72.,58.,10.0259275693
1.00433062334,Voter,15,6,31.,1,false,true,false,false,80.,66.,72.,58.,10.0259275981
1.00433062334,Voter,15,6,36.,1,false,true,false,false,80.,66.,72.,58.,10.0259275987
1.00433062334,Voter,15,6,41.,1,false,true,false,false,80.,66.,72.,58.,10.0259275987
1.00433062334,Voter,15,6,46.,1,false,true,false,false,80.,66.,72.,58.,10.0259275987
1.00433062334,Voter,15,6,51.,1,false,true,false,false,80.,66.,72.,58.,10.0259275987
1.00923426574,Sample,15,6,1.,1,false,true,false,false,26.,24.,68.,60.,0.
1.00923426574,Sample,15,6,6.,1,false,true,false,false,108.,92.,90.,84.,9.85460303358
1.00923426574,Sample,15,6,11.,1,false,true,false,false,110.,92.,92.,84.,10.051151068
1.00923426574,Sample,15,6,16.,1,false,true,false,false,110.,92.,92.,84.,10.0550711782
1.00923426574,Sample,15,6,21.,1,false,true,false,false,110.,92.,92.,84.,10.055149364
1.00923426574,Sample,15,6,26.,1,false,true,false,false,110.,92.,92.,84.,10.0551509234
1.00923426574,Sample,15,6,31.,1,false,true,false,false,110.,92.,92.,84.,10.0551509545
1.00923426574,Sample,15,6,36.,1,false,true,false,false,110.,92.,92.,84.,10.0551509551
1.00923426574,Sample,15,6,41.,1,false,true,false,false,110.,92.,92.,84.,10.0551509552
1.00923426574,Sample,15,6,46.,1,false,true,false,false,110.,92.,92.,84.,10.0551509552
1.00923426574,Sample,15,6,51.,1,false,true,false,false,110.,92.,92.,84.,10.0551509552
1.20779289475,Sample,15,5,1.,1,false,true,false,false,10.,10.,46.,40.,0.
1.20779289475,Sample,15,5,6.,1,false,true,false,false,54.,50.,50.,46.,10.760674807
1.20779289475,Sample,15,5,11.,1,false,true,false,false,58.,52.,50.,46.,11.1171980237
1.20779289475,Sample,15,5,16.,1,false,true,false,false,58.,52.,50.,46.,11.1290103688
1.20779289475,Sample,15,5,21.,1,false,true,false,false,58.,52.,50.,46.,11.129401736
1.20779289475,Sample,15,5,26.,1,false,true,false,false,58.,52.,50.,46.,11.1294147028
1.20779289475,Sample,15,5,31.,1,false,true,false,false,58.,52.,50.,46.,11.1294151324
1.20779289475,Sample,15,5,36.,1,false,true,false,false,58.,52.,50.,46.,11.1294151466
1.20779289475,Sample,15,5,41.,1,false,true,false,false,58.,52.,50.,46.,11.1294151471
1.20779289475,Sample,15,5,46.,1,false,true,false,false,58.,52.,50.,46.,11.1294151471
1.20779289475,Sample,15,5,51.,1,false,true,false,false,58.,52.,50.,46.,11.1294151471
0.880539620504,Sample,15,7,1.,1,false,true,false,false,30.,30.,82.,70.,0.
0.880539620504,Sample,15,7,6.,1,false,true,false,false,104.,96.,84.,76.,9.11712683598
0.880539620504,Sample,15,7,11.,1,false,true,false,false,108.,98.,80.,74.,9.23613183722
0.880539620504,Sample,15,7,16.,1,false,true,false,false,108.,98.,80.,74.,9.23768519833
0.880539620504,Sample,15,7,21.,1,false,true,false,false,108.,98.,80.,74.,9.23770547421
0.880539620504,Sample,15,7,26.,1,false,true,false,false,108.,98.,80.,74.,9.23770573887
0.880539620504,Sample,15,7,31.,1,false,true,false,false,108.,98.,80.,74.,9.23770574232
0.880539620504,Sample,15,7,36.,1,false,true,false,false,108.,98.,80.,74.,9.23770574237
0.880539620504,Sample,15,7,41.,1,false,true,false,false,108.,98.,80.,74.,9.23770574237
0.880539620504,Sample,15,7,46.,1,false,true,false,false,108.,98.,80.,74.,9.23770574237
0.880539620504,Sample,15,7,51.,1,false,true,false,false,108.,98.,80.,74.,9.23770574237
1.1580490356,Voter,15,3,1.,1,false,true,false,false,2.,2.,8.,8.,0.
1.1580490356,Voter,15,3,6.,1,false,true,false,false,14.,12.,12.,12.,10.557194337
1.1580490356,Voter,15,3,11.,1,false,true,false,false,14.,12.,12.,12.,10.8693339272
1.1580490356,Voter,15,3,16.,1,false,true,false,false,14.,12.,12.,12.,10.8785628114
1.1580490356,Voter,15,3,21.,1,false,true,false,false,14.,12.,12.,12.,10.8788356775
1.1580490356,Voter,15,3,26.,1,false,true,false,false,14.,12.,12.,12.,10.8788437452
1.1580490356,Voter,15,3,31.,1,false,true,false,false,14.,12.,12.,12.,10.8788439837
1.1580490356,Voter,15,3,36.,1,false,true,false,false,14.,12.,12.,12.,10.8788439908
1.1580490356,Voter,15,3,41.,1,false,true,false,false,14.,12.,12.,12.,10.878843991
1.1580490356,Voter,15,3,46.,1,false,true,false,false,14.,12.,12.,12.,10.878843991
1.1580490356,Voter,15,3,51.,1,false,true,false,false,14.,12.,12.,12.,10.878843991
1.05583263764,Sample,15,7,1.,1,false,true,false,false,58.,52.,116.,104.,0.
1.05583263764,Sample,15,7,6.,1,false,true,false,false,278.,206.,296.,232.,10.0906891532
1.05583263764,Sample,15,7,11.,1,false,true,false,false,286.,210.,304.,236.,10.3205402434
1.05583263764,Sample,15,7,16.,1,false,true,false,false,286.,210.,304.,236.,10.3257759139
1.05583263764,Sample,15,7,21.,1,false,true,false,false,286.,210.,304.,236.,10.3258951748
1.05583263764,Sample,15,7,26.,1,false,true,false,false,286.,210.,304.,236.,10.3258978913
1.05583263764,Sample,15,7,31.,1,false,true,false,false,286.,210.,304.,236.,10.3258979532
1.05583263764,Sample,15,7,36.,1,false,true,false,false,286.,210.,304.,236.,10.3258979546
1.05583263764,Sample,15,7,41.,1,false,true,false,false,286.,210.,304.,236.,10.3258979547
1.05583263764,Sample,15,7,46.,1,false,true,false,false,286.,210.,304.,236.,10.3258979547
1.05583263764,Sample,15,7,51.,1,false,true,false,false,286.,210.,304.,236.,10.3258979547
1.12429345166,Voter,15,6,1.,1,false,true,false,false,36.,32.,66.,56.,0.
1.12429345166,Voter,15,6,6.,1,false,true,false,false,72.,60.,66.,60.,10.410579993
1.12429345166,Voter,15,6,11.,1,false,true,false,false,70.,58.,64.,58.,10.6941836306
1.12429345166,Voter,15,6,16.,1,false,true,false,false,70.,58.,64.,58.,10.7019095232
1.12429345166,Voter,15,6,21.,1,false,true,false,false,70.,58.,64.,58.,10.702119991
1.12429345166,Voter,15,6,26.,1,false,true,false,false,70.,58.,64.,58.,10.7021257245
1.12429345166,Voter,15,6,31.,1,false,true,false,false,70.,58.,64.,58.,10.7021258807
1.12429345166,Voter,15,6,36.,1,false,true,false,false,70.,58.,64.,58.,10.7021258849
1.12429345166,Voter,15,6,41.,1,false,true,false,false,70.,58.,64.,58.,10.7021258851
1.12429345166,Voter,15,6,46.,1,false,true,false,false,70.,58.,64.,58.,10.7021258851
1.12429345166,Voter,15,6,51.,1,false,true,false,false,70.,58.,64.,58.,10.7021258851
1.15403530911,Sample,15,4,1.,1,false,true,false,false,4.,4.,16.,16.,0.
1.15403530911,Sample,15,4,6.,1,false,true,false,false,24.,22.,12.,12.,10.5401304217
1.15403530911,Sample,15,4,11.,1,false,true,false,false,26.,24.,10.,10.,10.8488086777
1.15403530911,Sample,15,4,16.,1,false,true,false,false,26.,24.,10.,10.,10.857848629
1.15403530911,Sample,15,4,21.,1,false,true,false,false,26.,24.,10.,10.,10.858113373
1.15403530911,Sample,15,4,26.,1,false,true,false,false,26.,24.,10.,10.,10.8581211263
1.15403530911,Sample,15,4,31.,1,false,true,false,false,26.,24.,10.,10.,10.8581213533
1.15403530911,Sample,15,4,36.,1,false,true,false,false,26.,24.,10.,10.,10.85812136
1.15403530911,Sample,15,4,41.,1,false,true,false,false,26.,24.,10.,10.,10.8581213602
1.15403530911,Sample,15,4,46.,1,false,true,false,false,26.,24.,10.,10.,10.8581213602
1.15403530911,Sample,15,4,51.,1,false,true,false,false,26.,24.,10.,10.,10.8581213602
1.29354833345,Voter,15,4,1.,1,false,true,false,false,6.,6.,24.,22.,0.
1.29354833345,Voter,15,4,6.,1,false,true,false,false,30.,30.,32.,24.,11.0785791338
1.29354833345,Voter,15,4,11.,1,false,true,false,false,32.,30.,30.,24.,11.5177377775
1.29354833345,Voter,15,4,16.,1,false,true,false,false,32.,30.,30.,24.,11.5351461754
1.29354833345,Voter,15,4,21.,1,false,true,false,false,32.,30.,30.,24.,11.5358362502
1.29354833345,Voter,15,4,26.,1,false,true,false,false,32.,30.,30.,24.,11.535863605
1.29354833345,Voter,15,4,31.,1,false,true,false,false,32.,30.,30.,24.,11.5358646894
1.29354833345,Voter,15,4,36.,1,false,true,false,false,32.,30.,30.,24.,11.5358647324
1.29354833345,Voter,15,4,41.,1,false,true,false,false,32.,30.,30.,24.,11.5358647341
1.29354833345,Voter,15,4,46.,1,false,true,false,false,32.,30.,30.,24.,11.5358647342
1.29354833345,Voter,15,4,51.,1,false,true,false,false,32.,30.,30.,24.,11.5358647342
1.27814535827,Sample,15,4,1.,1,false,true,false,false,6.,6.,22.,20.,0.
1.27814535827,Sample,15,4,6.,1,false,true,false,false,20.,20.,12.,12.,11.0244005406
1.27814535827,Sample,15,4,11.,1,false,true,false,false,22.,22.,10.,10.,11.4481738528
1.27814535827,Sample,15,4,16.,1,false,true,false,false,22.,22.,10.,10.,11.4644635204
1.27814535827,Sample,15,4,21.,1,false,true,false,false,22.,22.,10.,10.,11.4650896884
1.27814535827,Sample,15,4,26.,1,false,true,false,false,22.,22.,10.,10.,11.465113758
1.27814535827,Sample,15,4,31.,1,false,true,false,false,22.,22.,10.,10.,11.4651146832
1.27814535827,Sample,15,4,36.,1,false,true,false,false,22.,22.,10.,10.,11.4651147188
1.27814535827,Sample,15,4,41.,1,false,true,false,false,22.,22.,10.,10.,11.4651147202
1.27814535827,Sample,15,4,46.,1,false,true,false,false,22.,22.,10.,10.,11.4651147202
1.27814535827,Sample,15,4,51.,1,false,true,false,false,22.,22.,10.,10.,11.4651147202
0.975394488182,Sample,15,7,1.,1,false,true,false,false,66.,60.,130.,104.,0.
0.975394488182,Sample,15,7,6.,1,false,true,false,false,232.,178.,240.,182.,9.67325457757
0.975394488182,Sample,15,7,11.,1,false,true,false,false,240.,180.,240.,182.,9.84733773902
0.975394488182,Sample,15,7,16.,1,false,true,false,false,240.,180.,240.,182.,9.85047059848
0.975394488182,Sample,15,7,21.,1,false,true,false,false,240.,180.,240.,182.,9.85052697847
0.975394488182,Sample,15,7,26.,1,false,true,false,false,240.,180.,240.,182.,9.85052799311
0.975394488182,Sample,15,7,31.,1,false,true,false,false,240.,180.,240.,182.,9.85052801137
0.975394488182,Sample,15,7,36.,1,false,true,false,false,240.,180.,240.,182.,9.8505280117
0.975394488182,Sample,15,7,41.,1,false,true,false,false,240.,180.,240.,182.,9.8505280117
0.975394488182,Sample,15,7,46.,1,false,true,false,false,240.,180.,240.,182.,9.8505280117
0.975394488182,Sample,15,7,51.,1,false,true,false,false,240.,180.,240.,182.,9.8505280117
1.39255913725,Voter,15,3,1.,1,false,true,false,false,4.,4.,8.,8.,0.
1.39255913725,Voter,15,3,6.,1,false,true,false,false,14.,12.,10.,10.,11.3984572887
1.39255913725,Voter,15,3,11.,1,false,true,false,false,14.,12.,10.,10.,11.9417124505
1.39255913725,Voter,15,3,16.,1,false,true,false,false,14.,12.,10.,10.,11.9676042149
1.39255913725,Voter,15,3,21.,1,false,true,false,false,14.,12.,10.,10.,11.9688382271
1.39255913725,Voter,15,3,26.,1,false,true,false,false,14.,12.,10.,10.,11.9688970406
1.39255913725,Voter,15,3,31.,1,false,true,false,false,14.,12.,10.,10.,11.9688998437
1.39255913725,Voter,15,3,36.,1,false,true,false,false,14.,12.,10.,10.,11.9688999773
1.39255913725,Voter,15,3,41.,1,false,true,false,false,14.,12.,10.,10.,11.9688999836
1.39255913725,Voter,15,3,46.,1,false,true,false,false,14.,12.,10.,10.,11.9688999839
1.39255913725,Voter,15,3,51.,1,false,true,false,false,14.,12.,10.,10.,11.968899984
1.34613674273,Sample,15,7,1.,1,false,true,false,false,48.,46.,118.,104.,0.
1.34613674273,Sample,15,7,6.,1,false,true,false,false,170.,142.,172.,144.,11.2544314392
1.34613674273,Sample,15,7,11.,1,false,true,false,false,180.,152.,178.,152.,11.7477976972
1.34613674273,Sample,15,7,16.,1,false,true,false,false,180.,152.,178.,152.,11.7694256458
1.34613674273,Sample,15,7,21.,1,false,true,false,false,180.,152.,178.,152.,11.7703737612
1.34613674273,Sample,15,7,26.,1,false,true,false,false,180.,152.,178.,152.,11.7704153242
1.34613674273,Sample,15,7,31.,1,false,true,false,false,180.,152.,178.,152.,11.7704171462
1.34613674273,Sample,15,7,36.,1,false,true,false,false,180.,152.,178.,152.,11.7704172261
1.34613674273,Sample,15,7,41.,1,false,true,false,false,180.,152.,178.,152.,11.7704172296
1.34613674273,Sample,15,7,46.,1,false,true,false,false,180.,152.,178.,152.,11.7704172298
1.34613674273,Sample,15,7,51.,1,false,true,false,false,180.,152.,178.,152.,11.7704172298
1.29113754335,Sample,15,3,1.,1,false,true,false,false,6.,6.,10.,10.,0.
1.29113754335,Sample,15,3,6.,1,false,true,false,false,16.,16.,12.,12.,11.0701810649
1.29113754335,Sample,15,3,11.,1,false,true,false,false,18.,18.,10.,10.,11.5069165743
1.29113754335,Sample,15,3,16.,1,false,true,false,false,18.,18.,10.,10.,11.5241464556
1.29113754335,Sample,15,3,21.,1,false,true,false,false,18.,18.,10.,10.,11.5248262006
1.29113754335,Sample,15,3,26.,1,false,true,false,false,18.,18.,10.,10.,11.5248530176
1.29113754335,Sample,15,3,31.,1,false,true,false,false,18.,18.,10.,10.,11.5248540756
1.29113754335,Sample,15,3,36.,1,false,true,false,false,18.,18.,10.,10.,11.5248541173
1.29113754335,Sample,15,3,41.,1,false,true,false,false,18.,18.,10.,10.,11.524854119
1.29113754335,Sample,15,3,46.,1,false,true,false,false,18.,18.,10.,10.,11.524854119
1.29113754335,Sample,15,3,51.,1,false,true,false,false,18.,18.,10.,10.,11.524854119
1.37770216463,Sample,15,6,1.,1,false,true,false,false,14.,14.,76.,62.,0.
1.37770216463,Sample,15,6,6.,1,false,true,false,false,74.,64.,84.,78.,11.3534691678
1.37770216463,Sample,15,6,11.,1,false,true,false,false,100.,82.,90.,80.,11.8805593077
1.37770216463,Sample,15,6,16.,1,false,true,false,false,100.,82.,90.,80.,11.9050297151
1.37770216463,Sample,15,6,21.,1,false,true,false,false,100.,82.,90.,80.,11.9061657653
1.37770216463,Sample,15,6,26.,1,false,true,false,false,100.,82.,90.,80.,11.9062185069
1.37770216463,Sample,15,6,31.,1,false,true,false,false,100.,82.,90.,80.,11.9062209555
1.37770216463,Sample,15,6,36.,1,false,true,false,false,100.,82.,90.,80.,11.9062210692
1.37770216463,Sample,15,6,41.,1,false,true,false,false,100.,82.,90.,80.,11.9062210744
1.37770216463,Sample,15,6,46.,1,false,true,false,false,100.,82.,90.,80.,11.9062210747
1.37770216463,Sample,15,6,51.,1,false,true,false,false,100.,82.,90.,80.,11.9062210747
1.37960550926,Sample,15,6,1.,1,false,true,false,false,18.,16.,54.,50.,0.
1.37960550926,Sample,15,6,6.,1,false,true,false,false,188.,136.,208.,144.,11.3592900147
1.37960550926,Sample,15,6,11.,1,false,true,false,false,192.,140.,204.,140.,11.8884408262
1.37960550926,Sample,15,6,16.,1,false,true,false,false,192.,140.,204.,140.,11.9130903053
1.37960550926,Sample,15,6,21.,1,false,true,false,false,192.,140.,204.,140.,11.9142385542
1.37960550926,Sample,15,6,26.,1,false,true,false,false,192.,140.,204.,140.,11.9142920431
1.37960550926,Sample,15,6,31.,1,false,true,false,false,192.,140.,204.,140.,11.9142945348
1.37960550926,Sample,15,6,36.,1,false,true,false,false,192.,140.,204.,140.,11.9142946509
1.37960550926,Sample,15,6,41.,1,false,true,false,false,192.,140.,204.,140.,11.9142946563
1.37960550926,Sample,15,6,46.,1,false,true,false,false,192.,140.,204.,140.,11.9142946565
1.37960550926,Sample,15,6,51.,1,false,true,false,false,192.,140.,204.,140.,11.9142946566
1.18502428136,Voter,15,5,1.,1,false,true,false,false,24.,24.,68.,56.,0.
1.18502428136,Voter,15,5,6.,1,false,true,false,false,60.,50.,60.,56.,10.6693529256
1.18502428136,Voter,15,5,11.,1,false,true,false,false,60.,50.,60.,56.,11.0052235196
1.18502428136,Voter,15,5,16.,1,false,true,false,false,60.,50.,60.,56.,11.0157967058
1.18502428136,Voter,15,5,21.,1,false,true,false,false,60.,50.,60.,56.,11.0161295491
1.18502428136,Voter,15,5,26.,1,false,true,false,false,60.,50.,60.,56.,11.016140027
1.18502428136,Voter,15,5,31.,1,false,true,false,false,60.,50.,60.,56.,11.0161403568
1.18502428136,Voter,15,5,36.,1,false,true,false,false,60.,50.,60.,56.,11.0161403672
1.18502428136,Voter,15,5,41.,1,false,true,false,false,60.,50.,60.,56.,11.0161403675
1.18502428136,Voter,15,5,46.,1,false,true,false,false,60.,50.,60.,56.,11.0161403676
1.18502428136,Voter,15,5,51.,1,false,true,false,false,60.,50.,60.,56.,11.0161403676
1.14769037813,Voter,15,7,1.,1,false,true,false,false,90.,76.,114.,94.,0.
1.14769037813,Voter,15,7,6.,1,false,true,false,false,120.,96.,76.,64.,10.5129542186
1.14769037813,Voter,15,7,11.,1,false,true,false,false,126.,102.,74.,62.,10.8161980591
1.14769037813,Voter,15,7,16.,1,false,true,false,false,126.,102.,74.,62.,10.8249450607
1.14769037813,Voter,15,7,21.,1,false,true,false,false,126.,102.,74.,62.,10.825197366
1.14769037813,Voter,15,7,26.,1,false,true,false,false,126.,102.,74.,62.,10.8252046437
1.14769037813,Voter,15,7,31.,1,false,true,false,false,126.,102.,74.,62.,10.8252048536
1.14769037813,Voter,15,7,36.,1,false,true,false,false,126.,102.,74.,62.,10.8252048597
1.14769037813,Voter,15,7,41.,1,false,true,false,false,126.,102.,74.,62.,10.8252048599
1.14769037813,Voter,15,7,46.,1,false,true,false,false,126.,102.,74.,62.,10.8252048599
1.14769037813,Voter,15,7,51.,1,false,true,false,false,126.,102.,74.,62.,10.8252048599
1.28603359612,Sample,15,4,1.,1,false,true,false,false,6.,6.,30.,26.,0.
1.28603359612,Sample,15,4,6.,1,false,true,false,false,32.,32.,20.,20.,11.0523015963
1.28603359612,Sample,15,4,11.,1,false,true,false,false,40.,38.,24.,24.,11.4839254535
1.28603359612,Sample,15,4,16.,1,false,true,false,false,40.,38.,24.,24.,11.5007815945
1.28603359612,Sample,15,4,21.,1,false,true,false,false,40.,38.,24.,24.,11.5014398748
1.28603359612,Sample,15,4,26.,1,false,true,false,false,40.,38.,24.,24.,11.5014655825
1.28603359612,Sample,15,4,31.,1,false,true,false,false,40.,38.,24.,24.,11.5014665865
1.28603359612,Sample,15,4,36.,1,false,true,false,false,40.,38.,24.,24.,11.5014666257
1.28603359612,Sample,15,4,41.,1,false,true,false,false,40.,38.,24.,24.,11.5014666272
1.28603359612,Sample,15,4,46.,1,false,true,false,false,40.,38.,24.,24.,11.5014666273
1.28603359612,Sample,15,4,51.,1,false,true,false,false,40.,38.,24.,24.,11.5014666273
0.807298049843,Voter,15,7,1.,1,false,true,false,false,74.,64.,76.,70.,0.
0.807298049843,Voter,15,7,6.,1,false,true,false,false,112.,94.,50.,46.,8.63517101018
0.807298049843,Voter,15,7,11.,1,false,true,false,false,112.,94.,50.,46.,8.71967290784
0.807298049843,Voter,15,7,16.,1,false,true,false,false,112.,94.,50.,46.,8.72049982496
0.807298049843,Voter,15,7,21.,1,false,true,false,false,112.,94.,50.,46.,8.72050791699
0.807298049843,Voter,15,7,26.,1,false,true,false,false,112.,94.,50.,46.,8.72050799617
0.807298049843,Voter,15,7,31.,1,false,true,false,false,112.,94.,50.,46.,8.72050799695
0.807298049843,Voter,15,7,36.,1,false,true,false,false,112.,94.,50.,46.,8.72050799696
0.807298049843,Voter,15,7,41.,1,false,true,false,false,112.,94.,50.,46.,8.72050799696
0.807298049843,Voter,15,7,46.,1,false,true,false,false,112.,94.,50.,46.,8.72050799696
0.807298049843,Voter,15,7,51.,1,false,true,false,false,112.,94.,50.,46.,8.72050799696
1.19224352587,Sample,15,6,1.,1,false,true,false,false,40.,38.,104.,76.,0.
1.19224352587,Sample,15,6,6.,1,false,true,false,false,132.,102.,140.,106.,10.6986354587
1.19224352587,Sample,15,6,11.,1,false,true,false,false,140.,106.,132.,104.,11.0409934743
1.19224352587,Sample,15,6,16.,1,false,true,false,false,140.,106.,132.,104.,11.0519489846
1.19224352587,Sample,15,6,21.,1,false,true,false,false,140.,106.,132.,104.,11.0522995627
1.19224352587,Sample,15,6,26.,1,false,true,false,false,140.,106.,132.,104.,11.0523107812
1.19224352587,Sample,15,6,31.,1,false,true,false,false,140.,106.,132.,104.,11.0523111402
1.19224352587,Sample,15,6,36.,1,false,true,false,false,140.,106.,132.,104.,11.0523111517
1.19224352587,Sample,15,6,41.,1,false,true,false,false,140.,106.,132.,104.,11.0523111521
1.19224352587,Sample,15,6,46.,1,false,true,false,false,140.,106.,132.,104.,11.0523111521
1.19224352587,Sample,15,6,51.,1,false,true,false,false,140.,106.,132.,104.,11.0523111521
0.881644150009,Voter,15,7,1.,1,false,true,false,false,44.,40.,48.,44.,0.
0.881644150009,Voter,15,7,6.,1,false,true,false,false,78.,64.,30.,30.,9.12403042687
0.881644150009,Voter,15,7,11.,1,false,true,false,false,78.,64.,30.,30.,9.24360923637
0.881644150009,Voter,15,7,16.,1,false,true,false,false,78.,64.,30.,30.,9.24517642664
0.881644150009,Voter,15,7,21.,1,false,true,false,false,78.,64.,30.,30.,9.24519696611
0.881644150009,Voter,15,7,26.,1,false,true,false,false,78.,64.,30.,30.,9.2451972353
0.881644150009,Voter,15,7,31.,1,false,true,false,false,78.,64.,30.,30.,9.24519723882
0.881644150009,Voter,15,7,36.,1,false,true,false,false,78.,64.,30.,30.,9.24519723887
0.881644150009,Voter,15,7,41.,1,false,true,false,false,78.,64.,30.,30.,9.24519723887
0.881644150009,Voter,15,7,46.,1,false,true,false,false,78.,64.,30.,30.,9.24519723887
0.881644150009,Voter,15,7,51.,1,false,true,false,false,78.,64.,30.,30.,9.24519723887
1.01502336241,Sample,15,5,1.,1,false,true,false,false,22.,22.,64.,54.,0.
1.01502336241,Sample,15,5,6.,1,false,true,false,false,78.,64.,76.,62.,9.88477830511
1.01502336241,Sample,15,5,11.,1,false,true,false,false,82.,66.,76.,62.,10.0853154794
1.01502336241,Sample,15,5,16.,1,false,true,false,false,82.,66.,76.,62.,10.0893838719
1.01502336241,Sample,15,5,21.,1,false,true,false,false,82.,66.,76.,62.,10.0894664093
1.01502336241,Sample,15,5,26.,1,false,true,false,false,82.,66.,76.,62.,10.0894680838
1.01502336241,Sample,15,5,31.,1,false,true,false,false,82.,66.,76.,62.,10.0894681178
1.01502336241,Sample,15,5,36.,1,false,true,false,false,82.,66.,76.,62.,10.0894681185
1.01502336241,Sample,15,5,41.,1,false,true,false,false,82.,66.,76.,62.,10.0894681185
1.01502336241,Sample,15,5,46.,1,false,true,false,false,82.,66.,76.,62.,10.0894681185
1.01502336241,Sample,15,5,51.,1,false,true,false,false,82.,66.,76.,62.,10.0894681185
1.17884759508,Sample,15,6,1.,1,false,true,false,false,8.,8.,48.,40.,0.
1.17884759508,Sample,15,6,6.,1,false,true,false,false,74.,62.,46.,42.,10.6440552673
1.17884759508,Sample,15,6,11.,1,false,true,false,false,76.,64.,48.,44.,10.9744206937
1.17884759508,Sample,15,6,16.,1,false,true,false,false,76.,64.,48.,44.,10.984674428
1.17884759508,Sample,15,6,21.,1,false,true,false,false,76.,64.,48.,44.,10.9849926789
1.17884759508,Sample,15,6,26.,1,false,true,false,false,76.,64.,48.,44.,10.9850025566
1.17884759508,Sample,15,6,31.,1,false,true,false,false,76.,64.,48.,44.,10.9850028632
1.17884759508,Sample,15,6,36.,1,false,true,false,false,76.,64.,48.,44.,10.9850028727
1.17884759508,Sample,15,6,41.,1,false,true,false,false,76.,64.,48.,44.,10.985002873
1.17884759508,Sample,15,6,46.,1,false,true,false,false,76.,64.,48.,44.,10.985002873
1.17884759508,Sample,15,6,51.,1,false,true,false,false,76.,64.,48.,44.,10.985002873
1.10815713169,Voter,15,5,1.,1,false,true,false,false,4.,4.,34.,32.,0.
1.10815713169,Voter,15,5,6.,1,false,true,false,false,30.,28.,24.,24.,10.3379556824
1.10815713169,Voter,15,5,11.,1,false,true,false,false,30.,28.,24.,24.,10.6083851958
1.10815713169,Voter,15,5,16.,1,false,true,false,false,30.,28.,24.,24.,10.6154593335
1.10815713169,Voter,15,5,21.,1,false,true,false,false,30.,28.,24.,24.,10.6156443851
1.10815713169,Voter,15,5,26.,1,false,true,false,false,30.,28.,24.,24.,10.6156492259
1.10815713169,Voter,15,5,31.,1,false,true,false,false,30.,28.,24.,24.,10.6156493525
1.10815713169,Voter,15,5,36.,1,false,true,false,false,30.,28.,24.,24.,10.6156493558
1.10815713169,Voter,15,5,41.,1,false,true,false,false,30.,28.,24.,24.,10.6156493559
1.10815713169,Voter,15,5,46.,1,false,true,false,false,30.,28.,24.,24.,10.6156493559
1.10815713169,Voter,15,5,51.,1,false,true,false,false,30.,28.,24.,24.,10.6156493559
0.815457565633,Voter,15,4,1.,1,false,true,false,false,12.,12.,10.,10.,0.
0.815457565633,Voter,15,4,6.,1,false,true,false,false,18.,16.,8.,8.,8.69129040834
0.815457565633,Voter,15,4,11.,1,false,true,false,false,18.,16.,8.,8.,8.77929209241
0.815457565633,Voter,15,4,16.,1,false,true,false,false,18.,16.,8.,8.,8.78018313345
0.815457565633,Voter,15,4,21.,1,false,true,false,false,18.,16.,8.,8.,8.78019215548
0.815457565633,Voter,15,4,26.,1,false,true,false,false,18.,16.,8.,8.,8.78019224683
0.815457565633,Voter,15,4,31.,1,false,true,false,false,18.,16.,8.,8.,8.78019224776
0.815457565633,Voter,15,4,36.,1,false,true,false,false,18.,16.,8.,8.,8.78019224777
0.815457565633,Voter,15,4,41.,1,false,true,false,false,18.,16.,8.,8.,8.78019224777
0.815457565633,Voter,15,4,46.,1,false,true,false,false,18.,16.,8.,8.,8.78019224777
0.815457565633,Voter,15,4,51.,1,false,true,false,false,18.,16.,8.,8.,8.78019224777
1.07941265323,Voter,15,6,1.,1,false,true,false,false,44.,44.,74.,64.,0.
1.07941265323,Voter,15,6,6.,1,false,true,false,false,82.,64.,76.,64.,10.2043879137
1.07941265323,Voter,15,6,11.,1,false,true,false,false,84.,66.,78.,66.,10.4521157114
1.07941265323,Voter,15,6,16.,1,false,true,false,false,84.,66.,78.,66.,10.4581296989
1.07941265323,Voter,15,6,21.,1,false,true,false,false,84.,66.,78.,66.,10.4582756981
1.07941265323,Voter,15,6,26.,1,false,true,false,false,84.,66.,78.,66.,10.4582792424
1.07941265323,Voter,15,6,31.,1,false,true,false,false,84.,66.,78.,66.,10.4582793285
1.07941265323,Voter,15,6,36.,1,false,true,false,false,84.,66.,78.,66.,10.4582793306
1.07941265323,Voter,15,6,41.,1,false,true,false,false,84.,66.,78.,66.,10.4582793306
1.07941265323,Voter,15,6,46.,1,false,true,false,false,84.,66.,78.,66.,10.4582793306
1.07941265323,Voter,15,6,51.,1,false,true,false,false,84.,66.,78.,66.,10.4582793306
1.17751879609,Sample,15,5,1.,1,false,true,false,false,10.,10.,42.,38.,0.
1.17751879609,Sample,15,5,6.,1,false,true,false,false,68.,56.,56.,52.,10.6385833714
1.17751879609,Sample,15,5,11.,1,false,true,false,false,78.,62.,58.,54.,10.9677699631
1.17751879609,Sample,15,5,16.,1,false,true,false,false,78.,62.,58.,54.,10.9779558881
1.17751879609,Sample,15,5,21.,1,false,true,false,false,78.,62.,58.,54.,10.9782710682
1.17751879609,Sample,15,5,26.,1,false,true,false,false,78.,62.,58.,54.,10.9782808207
1.17751879609,Sample,15,5,31.,1,false,true,false,false,78.,62.,58.,54.,10.9782811225
1.17751879609,Sample,15,5,36.,1,false,true,false,false,78.,62.,58.,54.,10.9782811318
1.17751879609,Sample,15,5,41.,1,false,true,false,false,78.,62.,58.,54.,10.9782811321
1.17751879609,Sample,15,5,46.,1,false,true,false,false,78.,62.,58.,54.,10.9782811321
1.17751879609,Sample,15,5,51.,1,false,true,false,false,78.,62.,58.,54.,10.9782811321
0.872293154218,Sample,15,3,1.,1,false,true,false,false,2.,2.,6.,6.,0.
0.872293154218,Sample,15,3,6.,1,false,true,false,false,8.,8.,0.,0.,9.06525153172
0.872293154218,Sample,15,3,11.,1,false,true,false,false,8.,8.,0.,0.,9.18002284702
0.872293154218,Sample,15,3,16.,1,false,true,false,false,8.,8.,0.,0.,9.1814759181
0.872293154218,Sample,15,3,21.,1,false,true,false,false,8.,8.,0.,0.,9.18149431482
0.872293154218,Sample,15,3,26.,1,false,true,false,false,8.,8.,0.,0.,9.18149454773
0.872293154218,Sample,15,3,31.,1,false,true,false,false,8.,8.,0.,0.,9.18149455068
0.872293154218,Sample,15,3,36.,1,false,true,false,false,8.,8.,0.,0.,9.18149455071
0.872293154218,Sample,15,3,41.,1,false,true,false,false,8.,8.,0.,0.,9.18149455072
0.872293154218,Sample,15,3,46.,1,false,true,false,false,8.,8.,0.,0.,9.18149455072
0.872293154218,Sample,15,3,51.,1,false,true,false,false,8.,8.,0.,0.,9.18149455072
0.88115021844,Voter,15,6,1.,1,false,true,false,false,24.,24.,32.,32.,0.
0.88115021844,Voter,15,6,6.,1,false,true,false,false,46.,42.,30.,28.,9.12094452529
0.88115021844,Voter,15,6,11.,1,false,true,false,false,46.,42.,30.,28.,9.2402665379
0.88115021844,Voter,15,6,16.,1,false,true,false,false,46.,42.,30.,28.,9.24182753223
0.88115021844,Voter,15,6,21.,1,false,true,false,false,46.,42.,30.,28.,9.24184795347
0.88115021844,Voter,15,6,26.,1,false,true,false,false,46.,42.,30.,28.,9.24184822063
0.88115021844,Voter,15,6,31.,1,false,true,false,false,46.,42.,30.,28.,9.24184822412
0.88115021844,Voter,15,6,36.,1,false,true,false,false,46.,42.,30.,28.,9.24184822417
0.88115021844,Voter,15,6,41.,1,false,true,false,false,46.,42.,30.,28.,9.24184822417
0.88115021844,Voter,15,6,46.,1,false,true,false,false,46.,42.,30.,28.,9.24184822417
0.88115021844,Voter,15,6,51.,1,false,true,false,false,46.,42.,30.,28.,9.24184822417
1.26618727479,Sample,15,6,1.,1,false,true,false,false,42.,40.,88.,78.,0.
1.26618727479,Sample,15,6,6.,1,false,true,false,false,114.,90.,120.,98.,10.9814773737
1.26618727479,Sample,15,6,11.,1,false,true,false,false,120.,94.,126.,98.,11.3934659382
1.26618727479,Sample,15,6,16.,1,false,true,false,false,120.,94.,126.,98.,11.408922381
1.26618727479,Sample,15,6,21.,1,false,true,false,false,120.,94.,126.,98.,11.4095022554
1.26618727479,Sample,15,6,26.,1,false,true,false,false,120.,94.,126.,98.,11.4095240104
1.26618727479,Sample,15,6,31.,1,false,true,false,false,120.,94.,126.,98.,11.4095248265
1.26618727479,Sample,15,6,36.,1,false,true,false,false,120.,94.,126.,98.,11.4095248572
1.26618727479,Sample,15,6,41.,1,false,true,false,false,120.,94.,126.,98.,11.4095248583
1.26618727479,Sample,15,6,46.,1,false,true,false,false,120.,94.,126.,98.,11.4095248584
1.26618727479,Sample,15,6,51.,1,false,true,false,false,120.,94.,126.,98.,11.4095248584
1.36728755361,Voter,15,3,1.,1,false,true,false,false,4.,4.,16.,14.,0.
1.36728755361,Voter,15,3,6.,1,false,true,false,false,14.,12.,10.,10.,11.3213175123
1.36728755361,Voter,15,3,11.,1,false,true,false,false,14.,12.,10.,10.,11.8371862785
1.36728755361,Voter,15,3,16.,1,false,true,false,false,14.,12.,10.,10.,11.8606924282
1.36728755361,Voter,15,3,21.,1,false,true,false,false,14.,12.,10.,10.,11.8617635128
1.36728755361,Voter,15,3,26.,1,false,true,false,false,14.,12.,10.,10.,11.861812318
1.36728755361,Voter,15,3,31.,1,false,true,false,false,14.,12.,10.,10.,11.8618145418
1.36728755361,Voter,15,3,36.,1,false,true,false,false,14.,12.,10.,10.,11.8618146432
1.36728755361,Voter,15,3,41.,1,false,true,false,false,14.,12.,10.,10.,11.8618146478
1.36728755361,Voter,15,3,46.,1,false,true,false,false,14.,12.,10.,10.,11.861814648
1.36728755361,Voter,15,3,51.,1,false,true,false,false,14.,12.,10.,10.,11.861814648
1.2476687843,Voter,15,7,1.,1,false,true,false,false,22.,22.,90.,76.,0.
1.2476687843,Voter,15,7,6.,1,false,true,false,false,70.,64.,62.,54.,10.9134920249
1.2476687843,Voter,15,7,11.,1,false,true,false,false,70.,64.,62.,54.,11.3075116942
1.2476687843,Voter,15,7,16.,1,false,true,false,false,70.,64.,62.,54.,11.3217373426
1.2476687843,Voter,15,7,21.,1,false,true,false,false,70.,64.,62.,54.,11.322250944
1.2476687843,Voter,15,7,26.,1,false,true,false,false,70.,64.,62.,54.,11.322269487
1.2476687843,Voter,15,7,31.,1,false,true,false,false,70.,64.,62.,54.,11.3222701565
1.2476687843,Voter,15,7,36.,1,false,true,false,false,70.,64.,62.,54.,11.3222701807
1.2476687843,Voter,15,7,41.,1,false,true,false,false,70.,64.,62.,54.,11.3222701816
1.2476687843,Voter,15,7,46.,1,false,true,false,false,70.,64.,62.,54.,11.3222701816
1.2476687843,Voter,15,7,51.,1,false,true,false,false,70.,64.,62.,54.,11.3222701816
1.21553762347,Voter,15,3,1.,1,false,true,false,false,6.,6.,10.,10.,0.
1.21553762347,Voter,15,3,6.,1,false,true,false,false,16.,16.,12.,12.,10.7910556722
1.21553762347,Voter,15,3,11.,1,false,true,false,false,16.,16.,12.,12.,11.1547309456
1.21553762347,Voter,15,3,16.,1,false,true,false,false,16.,16.,12.,12.,11.166987365
1.21553762347,Voter,15,3,21.,1,false,true,false,false,16.,16.,12.,12.,11.1674004253
1.21553762347,Voter,15,3,26.,1,false,true,false,false,16.,16.,12.,12.,11.1674143461
1.21553762347,Voter,15,3,31.,1,false,true,false,false,16.,16.,12.,12.,11.1674148153
1.21553762347,Voter,15,3,36.,1,false,true,false,false,16.,16.,12.,12.,11.1674148311
1.21553762347,Voter,15,3,41.,1,false,true,false,false,16.,16.,12.,12.,11.1674148316
1.21553762347,Voter,15,3,46.,1,false,true,false,false,16.,16.,12.,12.,11.1674148316
1.21553762347,Voter,15,3,51.,1,false,true,false,false,16.,16.,12.,12.,11.1674148316
0.906214008061,Voter,15,7,1.,1,false,true,false,false,76.,64.,150.,118.,0.
0.906214008061,Voter,15,7,6.,1,false,true,false,false,126.,96.,164.,128.,9.27491524405
0.906214008061,Voter,15,7,11.,1,false,true,false,false,126.,96.,164.,128.,9.40767057635
0.906214008061,Voter,15,7,16.,1,false,true,false,false,126.,96.,164.,128.,9.40957075309
0.906214008061,Voter,15,7,21.,1,false,true,false,false,126.,96.,164.,128.,9.40959795103
0.906214008061,Voter,15,7,26.,1,false,true,false,false,126.,96.,164.,128.,9.40959834033
0.906214008061,Voter,15,7,31.,1,false,true,false,false,126.,96.,164.,128.,9.4095983459
0.906214008061,Voter,15,7,36.,1,false,true,false,false,126.,96.,164.,128.,9.40959834598
0.906214008061,Voter,15,7,41.,1,false,true,false,false,126.,96.,164.,128.,9.40959834598
0.906214008061,Voter,15,7,46.,1,false,true,false,false,126.,96.,164.,128.,9.40959834598
0.906214008061,Voter,15,7,51.,1,false,true,false,false,126.,96.,164.,128.,9.40959834598
0.946648025498,Sample,15,5,1.,1,false,true,false,false,36.,34.,64.,52.,0.
0.946648025498,Sample,15,5,6.,1,false,true,false,false,100.,86.,80.,68.,9.51235308275
0.946648025498,Sample,15,5,11.,1,false,true,false,false,102.,90.,86.,72.,9.6685085717
0.946648025498,Sample,15,5,16.,1,false,true,false,false,102.,90.,86.,72.,9.67107203171
0.946648025498,Sample,15,5,21.,1,false,true,false,false,102.,90.,86.,72.,9.67111411366
0.946648025498,Sample,15,5,26.,1,false,true,false,false,102.,90.,86.,72.,9.67111480448
0.946648025498,Sample,15,5,31.,1,false,true,false,false,102.,90.,86.,72.,9.67111481582
0.946648025498,Sample,15,5,36.,1,false,true,false,false,102.,90.,86.,72.,9.67111481601
0.946648025498,Sample,15,5,41.,1,false,true,false,false,102.,90.,86.,72.,9.67111481601
0.946648025498,Sample,15,5,46.,1,false,true,false,false,102.,90.,86.,72.,9.67111481601
0.946648025498,Sample,15,5,51.,1,false,true,false,false,102.,90.,86.,72.,9.67111481601
0.836819276654,Sample,15,7,1.,1,false,true,false,false,34.,34.,96.,82.,0.
0.836819276654,Sample,15,7,6.,1,false,true,false,false,198.,152.,184.,150.,8.83527452832
0.836819276654,Sample,15,7,11.,1,false,true,false,false,200.,154.,182.,150.,8.93284549199
0.836819276654,Sample,15,7,16.,1,false,true,false,false,200.,154.,182.,150.,8.93392300158
0.836819276654,Sample,15,7,21.,1,false,true,false,false,200.,154.,182.,150.,8.93393490088
0.836819276654,Sample,15,7,26.,1,false,true,false,false,200.,154.,182.,150.,8.93393503229
0.836819276654,Sample,15,7,31.,1,false,true,false,false,200.,154.,182.,150.,8.93393503374
0.836819276654,Sample,15,7,36.,1,false,true,false,false,200.,154.,182.,150.,8.93393503376
0.836819276654,Sample,15,7,41.,1,false,true,false,false,200.,154.,182.,150.,8.93393503376
0.836819276654,Sample,15,7,46.,1,false,true,false,false,200.,154.,182.,150.,8.93393503376
0.836819276654,Sample,15,7,51.,1,false,true,false,false,200.,154.,182.,150.,8.93393503376
0.940351790326,Sample,15,4,1.,1,false,true,false,false,10.,10.,40.,36.,0.
0.940351790326,Sample,15,4,6.,1,false,true,false,false,34.,28.,28.,26.,9.47624707618
0.940351790326,Sample,15,4,11.,1,false,true,false,false,34.,28.,28.,26.,9.62861882002
0.940351790326,Sample,15,4,16.,1,false,true,false,false,34.,28.,28.,26.,9.63106885622
0.940351790326,Sample,15,4,21.,1,false,true,false,false,34.,28.,28.,26.,9.63110825117
0.940351790326,Sample,15,4,26.,1,false,true,false,false,34.,28.,28.,26.,9.63110888461
0.940351790326,Sample,15,4,31.,1,false,true,false,false,34.,28.,28.,26.,9.6311088948
0.940351790326,Sample,15,4,36.,1,false,true,false,false,34.,28.,28.,26.,9.63110889496
0.940351790326,Sample,15,4,41.,1,false,true,false,false,34.,28.,28.,26.,9.63110889496
0.940351790326,Sample,15,4,46.,1,false,true,false,false,34.,28.,28.,26.,9.63110889496
0.940351790326,Sample,15,4,51.,1,false,true,false,false,34.,28.,28.,26.,9.63110889496
1.01273993538,Sample,15,6,1.,1,false,true,false,false,38.,36.,60.,58.,0.
1.01273993538,Sample,15,6,6.,1,false,true,false,false,92.,82.,74.,72.,9.87290525358
1.01273993538,Sample,15,6,11.,1,false,true,false,false,94.,84.,72.,72.,10.0718639051
1.01273993538,Sample,15,6,16.,1,false,true,false,false,94.,84.,72.,72.,10.0758733171
1.01273993538,Sample,15,6,21.,1,false,true,false,false,94.,84.,72.,72.,10.0759541147
1.01273993538,Sample,15,6,26.,1,false,true,false,false,94.,84.,72.,72.,10.0759557429
1.01273993538,Sample,15,6,31.,1,false,true,false,false,94.,84.,72.,72.,10.0759557757
1.01273993538,Sample,15,6,36.,1,false,true,false,false,94.,84.,72.,72.,10.0759557764
1.01273993538,Sample,15,6,41.,1,false,true,false,false,94.,84.,72.,72.,10.0759557764
1.01273993538,Sample,15,6,46.,1,false,true,false,false,94.,84.,72.,72.,10.0759557764
1.01273993538,Sample,15,6,51.,1,false,true,false,false,94.,84.,72.,72.,10.0759557764
1.06789726083,Sample,15,6,1.,1,false,true,false,false,28.,26.,80.,72.,0.
1.06789726083,Sample,15,6,6.,1,false,true,false,false,152.,124.,140.,116.,10.1493352716
1.06789726083,Sample,15,6,11.,1,false,true,false,false,160.,130.,140.,118.,10.3882480256
1.06789726083,Sample,15,6,16.,1,false,true,false,false,160.,130.,140.,118.,10.3938719707
1.06789726083,Sample,15,6,21.,1,false,true,false,false,160.,130.,140.,118.,10.3940043569
1.06789726083,Sample,15,6,26.,1,false,true,false,false,160.,130.,140.,118.,10.3940074732
1.06789726083,Sample,15,6,31.,1,false,true,false,false,160.,130.,140.,118.,10.3940075466
1.06789726083,Sample,15,6,36.,1,false,true,false,false,160.,130.,140.,118.,10.3940075483
1.06789726083,Sample,15,6,41.,1,false,true,false,false,160.,130.,140.,118.,10.3940075484
1.06789726083,Sample,15,6,46.,1,false,true,false,false,160.,130.,140.,118.,10.3940075484
1.06789726083,Sample,15,6,51.,1,false,true,false,false,160.,130.,140.,118.,10.3940075484
1.23049100579,Sample,15,7,1.,1,false,true,false,false,28.,28.,116.,94.,0.
1.23049100579,Sample,15,7,6.,1,false,true,false,false,118.,102.,126.,102.,10.848752389
1.23049100579,Sample,15,7,11.,1,false,true,false,false,124.,104.,128.,102.,11.2264160138
1.23049100579,Sample,15,7,16.,1,false,true,false,false,124.,104.,128.,102.,11.2395631305
1.23049100579,Sample,15,7,21.,1,false,true,false,false,124.,104.,128.,102.,11.2400208041
1.23049100579,Sample,15,7,26.,1,false,true,false,false,124.,104.,128.,102.,11.2400367366
1.23049100579,Sample,15,7,31.,1,false,true,false,false,124.,104.,128.,102.,11.2400372912
1.23049100579,Sample,15,7,36.,1,false,true,false,false,124.,104.,128.,102.,11.2400373105
1.23049100579,Sample,15,7,41.,1,false,true,false,false,124.,104.,128.,102.,11.2400373112
1.23049100579,Sample,15,7,46.,1,false,true,false,false,124.,104.,128.,102.,11.2400373112
1.23049100579,Sample,15,7,51.,1,false,true,false,false,124.,104.,128.,102.,11.2400373112
1.32450990818,Voter,15,6,1.,1,false,true,false,false,30.,30.,78.,60.,0.
1.32450990818,Voter,15,6,6.,1,false,true,false,false,108.,86.,92.,76.,11.1837897836
1.32450990818,Voter,15,6,11.,1,false,true,false,false,110.,86.,94.,76.,11.6545559348
1.32450990818,Voter,15,6,16.,1,false,true,false,false,110.,86.,94.,76.,11.6743721844
1.32450990818,Voter,15,6,21.,1,false,true,false,false,110.,86.,94.,76.,11.675206322
1.32450990818,Voter,15,6,26.,1,false,true,false,false,110.,86.,94.,76.,11.6752414338
1.32450990818,Voter,15,6,31.,1,false,true,false,false,110.,86.,94.,76.,11.6752429118
1.32450990818,Voter,15,6,36.,1,false,true,false,false,110.,86.,94.,76.,11.675242974
1.32450990818,Voter,15,6,41.,1,false,true,false,false,110.,86.,94.,76.,11.6752429767
1.32450990818,Voter,15,6,46.,1,false,true,false,false,110.,86.,94.,76.,11.6752429768
1.32450990818,Voter,15,6,51.,1,false,true,false,false,110.,86.,94.,76.,11.6752429768
1.31777439666,Voter,15,5,1.,1,false,true,false,false,20.,20.,58.,46.,0.
1.31777439666,Voter,15,5,6.,1,false,true,false,false,48.,44.,54.,48.,11.1613151202
1.31777439666,Voter,15,5,11.,1,false,true,false,false,48.,44.,54.,48.,11.625129267
1.31777439666,Voter,15,5,16.,1,false,true,false,false,48.,44.,54.,48.,11.6444033006
1.31777439666,Voter,15,5,21.,1,false,true,false,false,48.,44.,54.,48.,11.6452042429
1.31777439666,Voter,15,5,26.,1,false,true,false,false,48.,44.,54.,48.,11.6452375264
1.31777439666,Voter,15,5,31.,1,false,true,false,false,48.,44.,54.,48.,11.6452389096
1.31777439666,Voter,15,5,36.,1,false,true,false,false,48.,44.,54.,48.,11.645238967
1.31777439666,Voter,15,5,41.,1,false,true,false,false,48.,44.,54.,48.,11.6452389694
1.31777439666,Voter,15,5,46.,1,false,true,false,false,48.,44.,54.,48.,11.6452389695
1.31777439666,Voter,15,5,51.,1,false,true,false,false,48.,44.,54.,48.,11.6452389695
0.833014003639,Voter,15,6,1.,1,false,true,false,false,38.,36.,56.,54.,0.
0.833014003639,Voter,15,6,6.,1,false,true,false,false,74.,66.,60.,54.,8.80993353089
0.833014003639,Voter,15,6,11.,1,false,true,false,false,76.,66.,62.,54.,8.90575663837
0.833014003639,Voter,15,6,16.,1,false,true,false,false,76.,66.,62.,54.,8.90679887869
0.833014003639,Voter,15,6,21.,1,false,true,false,false,76.,66.,62.,54.,8.90681021484
0.833014003639,Voter,15,6,26.,1,false,true,false,false,76.,66.,62.,54.,8.90681033814
0.833014003639,Voter,15,6,31.,1,false,true,false,false,76.,66.,62.,54.,8.90681033948
0.833014003639,Voter,15,6,36.,1,false,true,false,false,76.,66.,62.,54.,8.9068103395
0.833014003639,Voter,15,6,41.,1,false,true,false,false,76.,66.,62.,54.,8.9068103395
0.833014003639,Voter,15,6,46.,1,false,true,false,false,76.,66.,62.,54.,8.9068103395
0.833014003639,Voter,15,6,51.,1,false,true,false,false,76.,66.,62.,54.,8.9068103395
1.19964557858,Voter,15,6,1.,1,false,true,false,false,16.,16.,38.,32.,0.
1.19964557858,Voter,15,6,6.,1,false,true,false,false,48.,44.,14.,14.,10.7283430949
1.19964557858,Voter,15,6,11.,1,false,true,false,false,48.,44.,14.,14.,11.0774117107
1.19964557858,Voter,15,6,16.,1,false,true,false,false,48.,44.,14.,14.,11.0887693731
1.19964557858,Voter,15,6,21.,1,false,true,false,false,48.,44.,14.,14.,11.0891389179
1.19964557858,Voter,15,6,26.,1,false,true,false,false,48.,44.,14.,14.,11.0891509418
1.19964557858,Voter,15,6,31.,1,false,true,false,false,48.,44.,14.,14.,11.089151333
1.19964557858,Voter,15,6,36.,1,false,true,false,false,48.,44.,14.,14.,11.0891513457
1.19964557858,Voter,15,6,41.,1,false,true,false,false,48.,44.,14.,14.,11.0891513461
1.19964557858,Voter,15,6,46.,1,false,true,false,false,48.,44.,14.,14.,11.0891513461
1.19964557858,Voter,15,6,51.,1,false,true,false,false,48.,44.,14.,14.,11.0891513461
1.38943063916,Voter,15,4,1.,1,false,true,false,false,10.,10.,30.,26.,0.
1.38943063916,Voter,15,4,6.,1,false,true,false,false,30.,28.,22.,20.,11.3890689824
1.38943063916,Voter,15,4,11.,1,false,true,false,false,30.,28.,22.,20.,11.9289050367
1.38943063916,Voter,15,4,16.,1,false,true,false,false,30.,28.,22.,20.,11.95449299
1.38943063916,Voter,15,4,21.,1,false,true,false,false,30.,28.,22.,20.,11.955705846
1.38943063916,Voter,15,4,26.,1,false,true,false,false,30.,28.,22.,20.,11.9557633347
1.38943063916,Voter,15,4,31.,1,false,true,false,false,30.,28.,22.,20.,11.9557660597
1.38943063916,Voter,15,4,36.,1,false,true,false,false,30.,28.,22.,20.,11.9557661888
1.38943063916,Voter,15,4,41.,1,false,true,false,false,30.,28.,22.,20.,11.9557661949
1.38943063916,Voter,15,4,46.,1,false,true,false,false,30.,28.,22.,20.,11.9557661952
1.38943063916,Voter,15,4,51.,1,false,true,false,false,30.,28.,22.,20.,11.9557661952
1.16560151699,Sample,15,4,1.,1,false,true,false,false,16.,16.,42.,36.,0.
1.16560151699,Sample,15,4,6.,1,false,true,false,false,44.,40.,38.,32.,10.5890370921
1.16560151699,Sample,15,4,11.,1,false,true,false,false,46.,40.,36.,30.,10.907739009
1.16560151699,Sample,15,4,16.,1,false,true,false,false,46.,40.,36.,30.,10.9173310909
1.16560151699,Sample,15,4,21.,1,false,true,false,false,46.,40.,36.,30.,10.9176197871
1.16560151699,Sample,15,4,26.,1,false,true,false,false,46.,40.,36.,30.,10.9176284761
1.16560151699,Sample,15,4,31.,1,false,true,false,false,46.,40.,36.,30.,10.9176287377
1.16560151699,Sample,15,4,36.,1,false,true,false,false,46.,40.,36.,30.,10.9176287455
1.16560151699,Sample,15,4,41.,1,false,true,false,false,46.,40.,36.,30.,10.9176287458
1.16560151699,Sample,15,4,46.,1,false,true,false,false,46.,40.,36.,30.,10.9176287458
1.16560151699,Sample,15,4,51.,1,false,true,false,false,46.,40.,36.,30.,10.9176287458
1.33100599363,Voter,15,5,1.,1,false,true,false,false,6.,6.,32.,30.,0.
1.33100599363,Voter,15,5,6.,1,false,true,false,false,30.,28.,12.,12.,11.2052510556
1.33100599363,Voter,15,5,11.,1,false,true,false,false,30.,28.,12.,12.,11.6827613672
1.33100599363,Voter,15,5,16.,1,false,true,false,false,30.,28.,12.,12.,11.7031104068
1.33100599363,Voter,15,5,21.,1,false,true,false,false,30.,28.,12.,12.,11.7039775785
1.33100599363,Voter,15,5,26.,1,false,true,false,false,30.,28.,12.,12.,11.7040145329
1.33100599363,Voter,15,5,31.,1,false,true,false,false,30.,28.,12.,12.,11.7040161077
1.33100599363,Voter,15,5,36.,1,false,true,false,false,30.,28.,12.,12.,11.7040161748
1.33100599363,Voter,15,5,41.,1,false,true,false,false,30.,28.,12.,12.,11.7040161776
1.33100599363,Voter,15,5,46.,1,false,true,false,false,30.,28.,12.,12.,11.7040161778
1.33100599363,Voter,15,5,51.,1,false,true,false,false,30.,28.,12.,12.,11.7040161778
1.2196650117,Sample,15,5,1.,1,false,true,false,false,8.,8.,50.,44.,0.
1.2196650117,Sample,15,5,6.,1,false,true,false,false,44.,40.,54.,44.,10.807107006
1.2196650117,Sample,15,5,11.,1,false,true,false,false,54.,46.,48.,42.,11.174619812
1.2196650117,Sample,15,5,16.,1,false,true,false,false,54.,46.,48.,42.,11.1871176676
1.2196650117,Sample,15,5,21.,1,false,true,false,false,54.,46.,48.,42.,11.1875426769
1.2196650117,Sample,15,5,26.,1,false,true,false,false,54.,46.,48.,42.,11.1875571301
1.2196650117,Sample,15,5,31.,1,false,true,false,false,54.,46.,48.,42.,11.1875576216
1.2196650117,Sample,15,5,36.,1,false,true,false,false,54.,46.,48.,42.,11.1875576383
1.2196650117,Sample,15,5,41.,1,false,true,false,false,54.,46.,48.,42.,11.1875576388
1.2196650117,Sample,15,5,46.,1,false,true,false,false,54.,46.,48.,42.,11.1875576389
1.2196650117,Sample,15,5,51.,1,false,true,false,false,54.,46.,48.,42.,11.1875576389
0.801980287914,Voter,15,7,1.,1,false,true,false,false,72.,64.,76.,66.,0.
0.801980287914,Voter,15,7,6.,1,false,true,false,false,100.,78.,64.,58.,8.59825761252
0.801980287914,Voter,15,7,11.,1,false,true,false,false,100.,78.,64.,58.,8.68052462189
0.801980287914,Voter,15,7,16.,1,false,true,false,false,100.,78.,64.,58.,8.68131174193
0.801980287914,Voter,15,7,21.,1,false,true,false,false,100.,78.,64.,58.,8.68131927299
0.801980287914,Voter,15,7,26.,1,false,true,false,false,100.,78.,64.,58.,8.68131934504
0.801980287914,Voter,15,7,31.,1,false,true,false,false,100.,78.,64.,58.,8.68131934573
0.801980287914,Voter,15,7,36.,1,false,true,false,false,100.,78.,64.,58.,8.68131934574
0.801980287914,Voter,15,7,41.,1,false,true,false,false,100.,78.,64.,58.,8.68131934574
0.801980287914,Voter,15,7,46.,1,false,true,false,false,100.,78.,64.,58.,8.68131934574
0.801980287914,Voter,15,7,51.,1,false,true,false,false,100.,78.,64.,58.,8.68131934574
1.16089277746,Sample,15,6,1.,1,false,true,false,false,20.,18.,66.,60.,0.
1.16089277746,Sample,15,6,6.,1,false,true,false,false,98.,84.,96.,82.,10.5692247448
1.16089277746,Sample,15,6,11.,1,false,true,false,false,116.,96.,94.,80.,10.8838277195
1.16089277746,Sample,15,6,16.,1,false,true,false,false,116.,96.,94.,80.,10.8931921747
1.16089277746,Sample,15,6,21.,1,false,true,false,false,116.,96.,94.,80.,10.8934709166
1.16089277746,Sample,15,6,26.,1,false,true,false,false,116.,96.,94.,80.,10.8934792136
1.16089277746,Sample,15,6,31.,1,false,true,false,false,116.,96.,94.,80.,10.8934794606
1.16089277746,Sample,15,6,36.,1,false,true,false,false,116.,96.,94.,80.,10.8934794679
1.16089277746,Sample,15,6,41.,1,false,true,false,false,116.,96.,94.,80.,10.8934794682
1.16089277746,Sample,15,6,46.,1,false,true,false,false,116.,96.,94.,80.,10.8934794682
1.16089277746,Sample,15,6,51.,1,false,true,false,false,116.,96.,94.,80.,10.8934794682
0.896039891331,Voter,15,3,1.,1,false,true,false,false,10.,10.,10.,10.,0.
0.896039891331,Voter,15,3,6.,1,false,true,false,false,14.,14.,6.,6.,9.21305427492
0.896039891331,Voter,15,3,11.,1,false,true,false,false,14.,14.,6.,6.,9.34025760554
0.896039891331,Voter,15,3,16.,1,false,true,false,false,14.,14.,6.,6.,9.34201388384
0.896039891331,Voter,15,3,21.,1,false,true,false,false,14.,14.,6.,6.,9.34203813253
0.896039891331,Voter,15,3,26.,1,false,true,false,false,14.,14.,6.,6.,9.34203846733
0.896039891331,Voter,15,3,31.,1,false,true,false,false,14.,14.,6.,6.,9.34203847195
0.896039891331,Voter,15,3,36.,1,false,true,false,false,14.,14.,6.,6.,9.34203847201
0.896039891331,Voter,15,3,41.,1,false,true,false,false,14.,14.,6.,6.,9.34203847201
0.896039891331,Voter,15,3,46.,1,false,true,false,false,14.,14.,6.,6.,9.34203847201
0.896039891331,Voter,15,3,51.,1,false,true,false,false,14.,14.,6.,6.,9.34203847201
1.22754823788,Voter,15,4,1.,1,false,true,false,false,24.,24.,30.,30.,0.
1.22754823788,Voter,15,4,6.,1,false,true,false,false,38.,34.,36.,32.,10.8374972951
1.22754823788,Voter,15,4,11.,1,false,true,false,false,38.,34.,36.,32.,11.2123895446
1.22754823788,Voter,15,4,16.,1,false,true,false,false,38.,34.,36.,32.,11.2253578707
1.22754823788,Voter,15,4,21.,1,false,true,false,false,38.,34.,36.,32.,11.2258064728
1.22754823788,Voter,15,4,26.,1,false,true,false,false,38.,34.,36.,32.,11.225821991
1.22754823788,Voter,15,4,31.,1,false,true,false,false,38.,34.,36.,32.,11.2258225278
1.22754823788,Voter,15,4,36.,1,false,true,false,false,38.,34.,36.,32.,11.2258225463
1.22754823788,Voter,15,4,41.,1,false,true,false,false,38.,34.,36.,32.,11.225822547
1.22754823788,Voter,15,4,46.,1,false,true,false,false,38.,34.,36.,32.,11.225822547
1.22754823788,Voter,15,4,51.,1,false,true,false,false,38.,34.,36.,32.,11.225822547
1.3766338752,Sample,15,4,1.,1,false,true,false,false,8.,8.,26.,26.,0.
1.3766338752,Sample,15,4,6.,1,false,true,false,false,26.,26.,28.,26.,11.3501946706
1.3766338752,Sample,15,4,11.,1,false,true,false,false,32.,30.,22.,22.,11.8761295499
1.3766338752,Sample,15,4,16.,1,false,true,false,false,32.,30.,22.,22.,11.9004998365
1.3766338752,Sample,15,4,21.,1,false,true,false,false,32.,30.,22.,22.,11.9016290844
1.3766338752,Sample,15,4,26.,1,false,true,false,false,32.,30.,22.,22.,11.9016814105
1.3766338752,Sample,15,4,31.,1,false,true,false,false,32.,30.,22.,22.,11.9016838351
1.3766338752,Sample,15,4,36.,1,false,true,false,false,32.,30.,22.,22.,11.9016839474
1.3766338752,Sample,15,4,41.,1,false,true,false,false,32.,30.,22.,22.,11.9016839527
1.3766338752,Sample,15,4,46.,1,false,true,false,false,32.,30.,22.,22.,11.9016839529
1.3766338752,Sample,15,4,51.,1,false,true,false,false,32.,30.,22.,22.,11.9016839529
1.20921091469,Voter,15,3,1.,1,false,true,false,false,0.,0.,6.,6.,0.
1.20921091469,Voter,15,3,6.,1,false,true,false,false,6.,6.,0.,0.,10.766263035
1.20921091469,Voter,15,3,11.,1,false,true,false,false,6.,6.,0.,0.,11.1240909772
1.20921091469,Voter,15,3,16.,1,false,true,false,false,6.,6.,0.,0.,11.1359837607
1.20921091469,Voter,15,3,21.,1,false,true,false,false,6.,6.,0.,0.,11.1363790298
1.20921091469,Voter,15,3,26.,1,false,true,false,false,6.,6.,0.,0.,11.1363921669
1.20921091469,Voter,15,3,31.,1,false,true,false,false,6.,6.,0.,0.,11.1363926036
1.20921091469,Voter,15,3,36.,1,false,true,false,false,6.,6.,0.,0.,11.1363926181
1.20921091469,Voter,15,3,41.,1,false,true,false,false,6.,6.,0.,0.,11.1363926186
1.20921091469,Voter,15,3,46.,1,false,true,false,false,6.,6.,0.,0.,11.1363926186
1.20921091469,Voter,15,3,51.,1,false,true,false,false,6.,6.,0.,0.,11.1363926186
1.24324734709,Sample,15,7,1.,1,false,true,false,false,48.,48.,106.,92.,0.
1.24324734709,Sample,15,7,6.,1,false,true,false,false,236.,182.,246.,192.,10.896984113
1.24324734709,Sample,15,7,11.,1,false,true,false,false,242.,186.,244.,192.,11.2867648787
1.24324734709,Sample,15,7,16.,1,false,true,false,false,242.,186.,244.,192.,11.3007071809
1.24324734709,Sample,15,7,21.,1,false,true,false,false,242.,186.,244.,192.,11.3012058915
1.24324734709,Sample,15,7,26.,1,false,true,false,false,242.,186.,244.,192.,11.3012237301
1.24324734709,Sample,15,7,31.,1,false,true,false,false,242.,186.,244.,192.,11.3012243682
1.24324734709,Sample,15,7,36.,1,false,true,false,false,242.,186.,244.,192.,11.301224391
1.24324734709,Sample,15,7,41.,1,false,true,false,false,242.,186.,244.,192.,11.3012243919
1.24324734709,Sample,15,7,46.,1,false,true,false,false,242.,186.,244.,192.,11.3012243919
1.24324734709,Sample,15,7,51.,1,false,true,false,false,242.,186.,244.,192.,11.3012243919
0.849768439766,Sample,15,6,1.,1,false,true,false,false,44.,40.,76.,66.,0.
0.849768439766,Sample,15,6,6.,1,false,true,false,false,168.,140.,168.,144.,8.92052458597
0.849768439766,Sample,15,6,11.,1,false,true,false,false,174.,146.,170.,146.,9.02418430131
0.849768439766,Sample,15,6,16.,1,false,true,false,false,174.,146.,170.,146.,9.02538886462
0.849768439766,Sample,15,6,21.,1,false,true,false,false,174.,146.,170.,146.,9.02540286208
0.849768439766,Sample,15,6,26.,1,false,true,false,false,174.,146.,170.,146.,9.02540302473
0.849768439766,Sample,15,6,31.,1,false,true,false,false,174.,146.,170.,146.,9.02540302662
0.849768439766,Sample,15,6,36.,1,false,true,false,false,174.,146.,170.,146.,9.02540302664
0.849768439766,Sample,15,6,41.,1,false,true,false,false,174.,146.,170.,146.,9.02540302664
0.849768439766,Sample,15,6,46.,1,false,true,false,false,174.,146.,170.,146.,9.02540302664
0.849768439766,Sample,15,6,51.,1,false,true,false,false,174.,146.,170.,146.,9.02540302664
0.80860017163,Voter,15,6,1.,1,false,true,false,false,58.,50.,56.,48.,0.
0.80860017163,Voter,15,6,6.,1,false,true,false,false,84.,70.,62.,54.,8.64416883255
0.80860017163,Voter,15,6,11.,1,false,true,false,false,84.,70.,62.,54.,8.72922349922
0.80860017163,Voter,15,6,16.,1,false,true,false,false,84.,70.,62.,54.,8.73006039823
0.80860017163,Voter,15,6,21.,1,false,true,false,false,84.,70.,62.,54.,8.73006863293
0.80860017163,Voter,15,6,26.,1,false,true,false,false,84.,70.,62.,54.,8.73006871396
0.80860017163,Voter,15,6,31.,1,false,true,false,false,84.,70.,62.,54.,8.73006871476
0.80860017163,Voter,15,6,36.,1,false,true,false,false,84.,70.,62.,54.,8.73006871476
0.80860017163,Voter,15,6,41.,1,false,true,false,false,84.,70.,62.,54.,8.73006871476
0.80860017163,Voter,15,6,46.,1,false,true,false,false,84.,70.,62.,54.,8.73006871476
0.80860017163,Voter,15,6,51.,1,false,true,false,false,84.,70.,62.,54.,8.73006871476
1.20818776442,Voter,15,4,1.,1,false,true,false,false,12.,12.,18.,16.,0.
1.20818776442,Voter,15,4,6.,1,false,true,false,false,20.,16.,10.,10.,10.7622320943
1.20818776442,Voter,15,4,11.,1,false,true,false,false,20.,16.,10.,10.,11.1191184162
1.20818776442,Voter,15,4,16.,1,false,true,false,false,20.,16.,10.,10.,11.1309531216
1.20818776442,Voter,15,4,21.,1,false,true,false,false,20.,16.,10.,10.,11.1313455722
1.20818776442,Voter,15,4,26.,1,false,true,false,false,20.,16.,10.,10.,11.1313585863
1.20818776442,Voter,15,4,31.,1,false,true,false,false,20.,16.,10.,10.,11.1313590178
1.20818776442,Voter,15,4,36.,1,false,true,false,false,20.,16.,10.,10.,11.1313590322
1.20818776442,Voter,15,4,41.,1,false,true,false,false,20.,16.,10.,10.,11.1313590326
1.20818776442,Voter,15,4,46.,1,false,true,false,false,20.,16.,10.,10.,11.1313590326
1.20818776442,Voter,15,4,51.,1,false,true,false,false,20.,16.,10.,10.,11.1313590326
1.16584634784,Voter,15,3,1.,1,false,true,false,false,2.,2.,8.,8.,0.
1.16584634784,Voter,15,3,6.,1,false,true,false,false,12.,10.,10.,10.,10.5900635665
1.16584634784,Voter,15,3,11.,1,false,true,false,false,12.,10.,10.,10.,10.9089792883
1.16584634784,Voter,15,3,16.,1,false,true,false,false,12.,10.,10.,10.,10.9185833135
1.16584634784,Voter,15,3,21.,1,false,true,false,false,12.,10.,10.,10.,10.9188725351
1.16584634784,Voter,15,3,26.,1,false,true,false,false,12.,10.,10.,10.,10.9188812449
1.16584634784,Voter,15,3,31.,1,false,true,false,false,12.,10.,10.,10.,10.9188815072
1.16584634784,Voter,15,3,36.,1,false,true,false,false,12.,10.,10.,10.,10.9188815151
1.16584634784,Voter,15,3,41.,1,false,true,false,false,12.,10.,10.,10.,10.9188815153
1.16584634784,Voter,15,3,46.,1,false,true,false,false,12.,10.,10.,10.,10.9188815153
1.16584634784,Voter,15,3,51.,1,false,true,false,false,12.,10.,10.,10.,10.9188815153
1.08659432866,Sample,15,3,1.,1,false,true,false,false,0.,0.,12.,12.,0.
1.08659432866,Sample,15,3,6.,1,false,true,false,false,8.,8.,8.,8.,10.2382709249
1.08659432866,Sample,15,3,11.,1,false,true,false,false,8.,8.,8.,8.,10.4915777232
1.08659432866,Sample,15,3,16.,1,false,true,false,false,8.,8.,8.,8.,10.4978448297
1.08659432866,Sample,15,3,21.,1,false,true,false,false,8.,8.,8.,8.,10.4979998852
1.08659432866,Sample,15,3,26.,1,false,true,false,false,8.,8.,8.,8.,10.4980037215
1.08659432866,Sample,15,3,31.,1,false,true,false,false,8.,8.,8.,8.,10.4980038164
1.08659432866,Sample,15,3,36.,1,false,true,false,false,8.,8.,8.,8.,10.4980038187
1.08659432866,Sample,15,3,41.,1,false,true,false,false,8.,8.,8.,8.,10.4980038188
1.08659432866,Sample,15,3,46.,1,false,true,false,false,8.,8.,8.,8.,10.4980038188
1.08659432866,Sample,15,3,51.,1,false,true,false,false,8.,8.,8.,8.,10.4980038188
1.05302644894,Voter,15,3,1.,1,false,true,false,false,8.,8.,10.,8.,0.
1.05302644894,Voter,15,3,6.,1,false,true,false,false,12.,10.,6.,6.,10.0769047799
1.05302644894,Voter,15,3,11.,1,false,true,false,false,12.,10.,6.,6.,10.3046738156
1.05302644894,Voter,15,3,16.,1,false,true,false,false,12.,10.,6.,6.,10.3098220962
1.05302644894,Voter,15,3,21.,1,false,true,false,false,12.,10.,6.,6.,10.3099384632
1.05302644894,Voter,15,3,26.,1,false,true,false,false,12.,10.,6.,6.,10.3099410934
1.05302644894,Voter,15,3,31.,1,false,true,false,false,12.,10.,6.,6.,10.3099411529
1.05302644894,Voter,15,3,36.,1,false,true,false,false,12.,10.,6.,6.,10.3099411542
1.05302644894,Voter,15,3,41.,1,false,true,false,false,12.,10.,6.,6.,10.3099411543
1.05302644894,Voter,15,3,46.,1,false,true,false,false,12.,10.,6.,6.,10.3099411543
1.05302644894,Voter,15,3,51.,1,false,true,false,false,12.,10.,6.,6.,10.3099411543
0.803694598529,Voter,15,6,1.,1,false,true,false,false,44.,38.,56.,50.,0.
0.803694598529,Voter,15,6,6.,1,false,true,false,false,74.,64.,58.,54.,8.61018691926
0.803694598529,Voter,15,6,11.,1,false,true,false,false,74.,64.,58.,54.,8.69317044088
0.803694598529,Voter,15,6,16.,1,false,true,false,false,74.,64.,58.,54.,8.69397022199
0.803694598529,Voter,15,6,21.,1,false,true,false,false,74.,64.,58.,54.,8.69397793014
0.803694598529,Voter,15,6,26.,1,false,true,false,false,74.,64.,58.,54.,8.69397800443
0.803694598529,Voter,15,6,31.,1,false,true,false,false,74.,64.,58.,54.,8.69397800515
0.803694598529,Voter,15,6,36.,1,false,true,false,false,74.,64.,58.,54.,8.69397800516
0.803694598529,Voter,15,6,41.,1,false,true,false,false,74.,64.,58.,54.,8.69397800516
0.803694598529,Voter,15,6,46.,1,false,true,false,false,74.,64.,58.,54.,8.69397800516
0.803694598529,Voter,15,6,51.,1,false,true,false,false,74.,64.,58.,54.,8.69397800516
1.24351683147,Voter,15,6,1.,1,false,true,false,false,26.,24.,58.,50.,0.
1.24351683147,Voter,15,6,6.,1,false,true,false,false,58.,46.,34.,32.,10.8979933328
1.24351683147,Voter,15,6,11.,1,false,true,false,false,58.,46.,34.,32.,11.2880318859
1.24351683147,Voter,15,6,16.,1,false,true,false,false,58.,46.,34.,32.,11.3019913433
1.24351683147,Voter,15,6,21.,1,false,true,false,false,58.,46.,34.,32.,11.3024909514
1.24351683147,Voter,15,6,26.,1,false,true,false,false,58.,46.,34.,32.,11.3025088324
1.24351683147,Voter,15,6,31.,1,false,true,false,false,58.,46.,34.,32.,11.3025094724
1.24351683147,Voter,15,6,36.,1,false,true,false,false,58.,46.,34.,32.,11.3025094953
1.24351683147,Voter,15,6,41.,1,false,true,false,false,58.,46.,34.,32.,11.3025094961
1.24351683147,Voter,15,6,46.,1,false,true,false,false,58.,46.,34.,32.,11.3025094961
1.24351683147,Voter,15,6,51.,1,false,true,false,false,58.,46.,34.,32.,11.3025094961
1.12561873824,Sample,15,3,1.,1,false,true,false,false,2.,2.,6.,6.,0.
1.12561873824,Sample,15,3,6.,1,false,true,false,false,8.,8.,0.,0.,10.4164707712
1.12561873824,Sample,15,3,11.,1,false,true,false,false,8.,8.,0.,0.,10.7011699678
1.12561873824,Sample,15,3,16.,1,false,true,false,false,8.,8.,0.,0.,10.7089512629
1.12561873824,Sample,15,3,21.,1,false,true,false,false,8.,8.,0.,0.,10.7091639384
1.12561873824,Sample,15,3,26.,1,false,true,false,false,8.,8.,0.,0.,10.7091697512
1.12561873824,Sample,15,3,31.,1,false,true,false,false,8.,8.,0.,0.,10.7091699101
1.12561873824,Sample,15,3,36.,1,false,true,false,false,8.,8.,0.,0.,10.7091699144
1.12561873824,Sample,15,3,41.,1,false,true,false,false,8.,8.,0.,0.,10.7091699145
1.12561873824,Sample,15,3,46.,1,false,true,false,false,8.,8.,0.,0.,10.7091699145
1.12561873824,Sample,15,3,51.,1,false,true,false,false,8.,8.,0.,0.,10.7091699145
1.19610437324,Voter,15,5,1.,1,false,true,false,false,26.,26.,40.,34.,0.
1.19610437324,Voter,15,5,6.,1,false,true,false,false,44.,40.,22.,22.,10.7141704995
1.19610437324,Voter,15,5,11.,1,false,true,false,false,44.,40.,22.,22.,11.0600212969
1.19610437324,Voter,15,5,16.,1,false,true,false,false,44.,40.,22.,22.,11.0711852759
1.19610437324,Voter,15,5,21.,1,false,true,false,false,44.,40.,22.,22.,11.0715456464
1.19610437324,Voter,15,5,26.,1,false,true,false,false,44.,40.,22.,22.,11.0715572791
1.19610437324,Voter,15,5,31.,1,false,true,false,false,44.,40.,22.,22.,11.0715576546
1.19610437324,Voter,15,5,36.,1,false,true,false,false,44.,40.,22.,22.,11.0715576667
1.19610437324,Voter,15,5,41.,1,false,true,false,false,44.,40.,22.,22.,11.0715576671
1.19610437324,Voter,15,5,46.,1,false,true,false,false,44.,40.,22.,22.,11.0715576671
1.19610437324,Voter,15,5,51.,1,false,true,false,false,44.,40.,22.,22.,11.0715576671
0.814835774576,Voter,15,3,1.,1,false,true,false,false,4.,4.,2.,2.,0.
0.814835774576,Voter,15,3,6.,1,false,true,false,false,8.,6.,2.,2.,8.68703590443
0.814835774576,Voter,15,3,11.,1,false,true,false,false,8.,6.,2.,2.,8.77476787468
0.814835774576,Voter,15,3,16.,1,false,true,false,false,8.,6.,2.,2.,8.77565389595
0.814835774576,Voter,15,3,21.,1,false,true,false,false,8.,6.,2.,2.,8.77566284404
0.814835774576,Voter,15,3,26.,1,false,true,false,false,8.,6.,2.,2.,8.77566293441
0.814835774576,Voter,15,3,31.,1,false,true,false,false,8.,6.,2.,2.,8.77566293533
0.814835774576,Voter,15,3,36.,1,false,true,false,false,8.,6.,2.,2.,8.77566293534
0.814835774576,Voter,15,3,41.,1,false,true,false,false,8.,6.,2.,2.,8.77566293534
0.814835774576,Voter,15,3,46.,1,false,true,false,false,8.,6.,2.,2.,8.77566293534
0.814835774576,Voter,15,3,51.,1,false,true,false,false,8.,6.,2.,2.,8.77566293534
0.845855094556,Voter,15,6,1.,1,false,true,false,false,26.,26.,38.,36.,0.
0.845855094556,Voter,15,6,6.,1,false,true,false,false,48.,44.,40.,38.,8.89492080905
0.845855094556,Voter,15,6,11.,1,false,true,false,false,48.,44.,40.,38.,8.99671746598
0.845855094556,Voter,15,6,16.,1,false,true,false,false,48.,44.,40.,38.,8.99788246335
0.845855094556,Voter,15,6,21.,1,false,true,false,false,48.,44.,40.,38.,8.997895796
0.845855094556,Voter,15,6,26.,1,false,true,false,false,48.,44.,40.,38.,8.99789594858
0.845855094556,Voter,15,6,31.,1,false,true,false,false,48.,44.,40.,38.,8.99789595033
0.845855094556,Voter,15,6,36.,1,false,true,false,false,48.,44.,40.,38.,8.99789595035
0.845855094556,Voter,15,6,41.,1,false,true,false,false,48.,44.,40.,38.,8.99789595035
0.845855094556,Voter,15,6,46.,1,false,true,false,false,48.,44.,40.,38.,8.99789595035
0.845855094556,Voter,15,6,51.,1,false,true,false,false,48.,44.,40.,38.,8.99789595035
1.09364321781,Sample,15,4,1.,1,false,true,false,false,4.,4.,20.,20.,0.
1.09364321781,Sample,15,4,6.,1,false,true,false,false,22.,20.,18.,18.,10.2711940238
1.09364321781,Sample,15,4,11.,1,false,true,false,false,22.,20.,18.,18.,10.5300370923
1.09364321781,Sample,15,4,16.,1,false,true,false,false,22.,20.,18.,18.,10.5365601639
1.09364321781,Sample,15,4,21.,1,false,true,false,false,22.,20.,18.,18.,10.536724551
1.09364321781,Sample,15,4,26.,1,false,true,false,false,22.,20.,18.,18.,10.5367286937
1.09364321781,Sample,15,4,31.,1,false,true,false,false,22.,20.,18.,18.,10.5367287981
1.09364321781,Sample,15,4,36.,1,false,true,false,false,22.,20.,18.,18.,10.5367288008
1.09364321781,Sample,15,4,41.,1,false,true,false,false,22.,20.,18.,18.,10.5367288008
1.09364321781,Sample,15,4,46.,1,false,true,false,false,22.,20.,18.,18.,10.5367288008
1.09364321781,Sample,15,4,51.,1,false,true,false,false,22.,20.,18.,18.,10.5367288008
1.22143070944,Sample,15,4,1.,1,false,true,false,false,2.,2.,18.,16.,0.
1.22143070944,Sample,15,4,6.,1,false,true,false,false,30.,24.,30.,28.,10.813944309
1.22143070944,Sample,15,4,11.,1,false,true,false,false,34.,26.,26.,24.,11.1831043028
1.22143070944,Sample,15,4,16.,1,false,true,false,false,34.,26.,26.,24.,11.1957064669
1.22143070944,Sample,15,4,21.,1,false,true,false,false,34.,26.,26.,24.,11.1961366721
1.22143070944,Sample,15,4,26.,1,false,true,false,false,34.,26.,26.,24.,11.1961513582
1.22143070944,Sample,15,4,31.,1,false,true,false,false,34.,26.,26.,24.,11.1961518595
1.22143070944,Sample,15,4,36.,1,false,true,false,false,34.,26.,26.,24.,11.1961518766
1.22143070944,Sample,15,4,41.,1,false,true,false,false,34.,26.,26.,24.,11.1961518772
1.22143070944,Sample,15,4,46.,1,false,true,false,false,34.,26.,26.,24.,11.1961518772
1.22143070944,Sample,15,4,51.,1,false,true,false,false,34.,26.,26.,24.,11.1961518772
0.980378552595,Voter,15,5,1.,1,false,true,false,false,6.,6.,24.,22.,0.
0.980378552595,Voter,15,5,6.,1,false,true,false,false,22.,20.,8.,8.,9.70050407782
0.980378552595,Voter,15,5,11.,1,false,true,false,false,22.,20.,8.,8.,9.87780395751
0.980378552595,Voter,15,5,16.,1,false,true,false,false,22.,20.,8.,8.,9.88104453626
0.980378552595,Voter,15,5,21.,1,false,true,false,false,22.,20.,8.,8.,9.88110376557
0.980378552595,Voter,15,5,26.,1,false,true,false,false,22.,20.,8.,8.,9.88110484813
0.980378552595,Voter,15,5,31.,1,false,true,false,false,22.,20.,8.,8.,9.88110486792
0.980378552595,Voter,15,5,36.,1,false,true,false,false,22.,20.,8.,8.,9.88110486828
0.980378552595,Voter,15,5,41.,1,false,true,false,false,22.,20.,8.,8.,9.88110486829
0.980378552595,Voter,15,5,46.,1,false,true,false,false,22.,20.,8.,8.,9.88110486829
0.980378552595,Voter,15,5,51.,1,false,true,false,false,22.,20.,8.,8.,9.88110486829
0.981428616899,Sample,15,4,1.,1,false,true,false,false,16.,16.,42.,36.,0.
0.981428616899,Sample,15,4,6.,1,false,true,false,false,52.,48.,66.,54.,9.70622106552
0.981428616899,Sample,15,4,11.,1,false,true,false,false,54.,50.,68.,56.,9.88420272659
0.981428616899,Sample,15,4,16.,1,false,true,false,false,54.,50.,68.,56.,9.88746635221
0.981428616899,Sample,15,4,21.,1,false,true,false,false,54.,50.,68.,56.,9.88752619687
0.981428616899,Sample,15,4,26.,1,false,true,false,false,54.,50.,68.,56.,9.88752729423
0.981428616899,Sample,15,4,31.,1,false,true,false,false,54.,50.,68.,56.,9.88752731435
0.981428616899,Sample,15,4,36.,1,false,true,false,false,54.,50.,68.,56.,9.88752731472
0.981428616899,Sample,15,4,41.,1,false,true,false,false,54.,50.,68.,56.,9.88752731473
0.981428616899,Sample,15,4,46.,1,false,true,false,false,54.,50.,68.,56.,9.88752731473
0.981428616899,Sample,15,4,51.,1,false,true,false,false,54.,50.,68.,56.,9.88752731473
1.24121921137,Voter,15,7,1.,1,false,true,false,false,92.,82.,198.,156.,0.
1.24121921137,Voter,15,7,6.,1,false,true,false,false,206.,154.,252.,190.,10.8893759164
1.24121921137,Voter,15,7,11.,1,false,true,false,false,206.,152.,252.,192.,11.2772189648
1.24121921137,Voter,15,7,16.,1,false,true,false,false,206.,152.,252.,192.,11.2910326334
1.24121921137,Voter,15,7,21.,1,false,true,false,false,206.,152.,252.,192.,11.2915246299
1.24121921137,Voter,15,7,26.,1,false,true,false,false,206.,152.,252.,192.,11.2915421532
1.24121921137,Voter,15,7,31.,1,false,true,false,false,206.,152.,252.,192.,11.2915427773
1.24121921137,Voter,15,7,36.,1,false,true,false,false,206.,152.,252.,192.,11.2915427995
1.24121921137,Voter,15,7,41.,1,false,true,false,false,206.,152.,252.,192.,11.2915428003
1.24121921137,Voter,15,7,46.,1,false,true,false,false,206.,152.,252.,192.,11.2915428004
1.24121921137,Voter,15,7,51.,1,false,true,false,false,206.,152.,252.,192.,11.2915428004
1.32086794357,Voter,15,5,1.,1,false,true,false,false,30.,28.,78.,66.,0.
1.32086794357,Voter,15,5,6.,1,false,true,false,false,92.,68.,116.,88.,11.1716657157
1.32086794357,Voter,15,5,11.,1,false,true,false,false,94.,68.,118.,88.,11.6386676674
1.32086794357,Voter,15,5,16.,1,false,true,false,false,94.,68.,118.,88.,11.6581894494
1.32086794357,Voter,15,5,21.,1,false,true,false,false,94.,68.,118.,88.,11.6590055059
1.32086794357,Voter,15,5,26.,1,false,true,false,false,94.,68.,118.,88.,11.659039619
1.32086794357,Voter,15,5,31.,1,false,true,false,false,94.,68.,118.,88.,11.659041045
1.32086794357,Voter,15,5,36.,1,false,true,false,false,94.,68.,118.,88.,11.6590411046
1.32086794357,Voter,15,5,41.,1,false,true,false,false,94.,68.,118.,88.,11.6590411071
1.32086794357,Voter,15,5,46.,1,false,true,false,false,94.,68.,118.,88.,11.6590411072
1.32086794357,Voter,15,5,51.,1,false,true,false,false,94.,68.,118.,88.,11.6590411072
1.06463192139,Sample,15,3,1.,1,false,true,false,false,14.,14.,26.,24.,0.
1.06463192139,Sample,15,3,6.,1,false,true,false,false,34.,32.,34.,28.,10.1335607915
1.06463192139,Sample,15,3,11.,1,false,true,false,false,34.,32.,34.,28.,10.3700033515
1.06463192139,Sample,15,3,16.,1,false,true,false,false,34.,32.,34.,28.,10.3755201767
1.06463192139,Sample,15,3,21.,1,false,true,false,false,34.,32.,34.,28.,10.3756488988
1.06463192139,Sample,15,3,26.,1,false,true,false,false,34.,32.,34.,28.,10.3756519022
1.06463192139,Sample,15,3,31.,1,false,true,false,false,34.,32.,34.,28.,10.3756519723
1.06463192139,Sample,15,3,36.,1,false,true,false,false,34.,32.,34.,28.,10.3756519739
1.06463192139,Sample,15,3,41.,1,false,true,false,false,34.,32.,34.,28.,10.3756519739
1.06463192139,Sample,15,3,46.,1,false,true,false,false,34.,32.,34.,28.,10.3756519739
1.06463192139,Sample,15,3,51.,1,false,true,false,false,34.,32.,34.,28.,10.3756519739
1.35069497289,Sample,15,7,1.,1,false,true,false,false,36.,34.,90.,74.,0.
1.35069497289,Sample,15,7,6.,1,false,true,false,false,112.,98.,66.,64.,11.2690281705
1.35069497289,Sample,15,7,11.,1,false,true,false,false,122.,102.,64.,62.,11.7672110023
1.35069497289,Sample,15,7,16.,1,false,true,false,false,122.,102.,64.,62.,11.7892347412
1.35069497289,Sample,15,7,21.,1,false,true,false,false,122.,102.,64.,62.,11.7902083699
1.35069497289,Sample,15,7,26.,1,false,true,false,false,122.,102.,64.,62.,11.7902514122
1.35069497289,Sample,15,7,31.,1,false,true,false,false,122.,102.,64.,62.,11.790253315
1.35069497289,Sample,15,7,36.,1,false,true,false,false,122.,102.,64.,62.,11.7902533991
1.35069497289,Sample,15,7,41.,1,false,true,false,false,122.,102.,64.,62.,11.7902534028
1.35069497289,Sample,15,7,46.,1,false,true,false,false,122.,102.,64.,62.,11.790253403
1.35069497289,Sample,15,7,51.,1,false,true,false,false,122.,102.,64.,62.,11.790253403
1.17325435494,Voter,15,7,1.,1,false,true,false,false,84.,72.,150.,118.,0.
1.17325435494,Voter,15,7,6.,1,false,true,false,false,164.,130.,154.,124.,10.6209516489
1.17325435494,Voter,15,7,11.,1,false,true,false,false,166.,132.,156.,124.,10.9463682801
1.17325435494,Voter,15,7,16.,1,false,true,false,false,166.,132.,156.,124.,10.9563387599
1.17325435494,Voter,15,7,21.,1,false,true,false,false,166.,132.,156.,124.,10.9566442466
1.17325435494,Voter,15,7,26.,1,false,true,false,false,166.,132.,156.,124.,10.9566536064
1.17325435494,Voter,15,7,31.,1,false,true,false,false,166.,132.,156.,124.,10.9566538932
1.17325435494,Voter,15,7,36.,1,false,true,false,false,166.,132.,156.,124.,10.956653902
1.17325435494,Voter,15,7,41.,1,false,true,false,false,166.,132.,156.,124.,10.9566539023
1.17325435494,Voter,15,7,46.,1,false,true,false,false,166.,132.,156.,124.,10.9566539023
1.17325435494,Voter,15,7,51.,1,false,true,false,false,166.,132.,156.,124.,10.9566539023
1.20185283861,Sample,15,5,1.,1,false,true,false,false,6.,6.,34.,30.,0.
1.20185283861,Sample,15,5,6.,1,false,true,false,false,60.,52.,60.,56.,10.7371401939
1.20185283861,Sample,15,5,11.,1,false,true,false,false,60.,54.,52.,50.,11.088221352
1.20185283861,Sample,15,5,16.,1,false,true,false,false,60.,54.,52.,50.,11.0997009431
1.20185283861,Sample,15,5,21.,1,false,true,false,false,60.,54.,52.,50.,11.1000763008
1.20185283861,Sample,15,5,26.,1,false,true,false,false,60.,54.,52.,50.,11.1000885742
1.20185283861,Sample,15,5,31.,1,false,true,false,false,60.,54.,52.,50.,11.1000889755
1.20185283861,Sample,15,5,36.,1,false,true,false,false,60.,54.,52.,50.,11.1000889886
1.20185283861,Sample,15,5,41.,1,false,true,false,false,60.,54.,52.,50.,11.1000889891
1.20185283861,Sample,15,5,46.,1,false,true,false,false,60.,54.,52.,50.,11.1000889891
1.20185283861,Sample,15,5,51.,1,false,true,false,false,60.,54.,52.,50.,11.1000889891
1.25711649507,Voter,15,6,1.,1,false,true,false,false,24.,20.,46.,44.,0.
1.25711649507,Voter,15,6,6.,1,false,true,false,false,56.,50.,38.,36.,10.9484083935
1.25711649507,Voter,15,6,11.,1,false,true,false,false,56.,50.,38.,36.,11.3515522889
1.25711649507,Voter,15,6,16.,1,false,true,false,false,56.,50.,38.,36.,11.3663969124
1.25711649507,Voter,15,6,21.,1,false,true,false,false,56.,50.,38.,36.,11.3669435233
1.25711649507,Voter,15,6,26.,1,false,true,false,false,56.,50.,38.,36.,11.3669636507
1.25711649507,Voter,15,6,31.,1,false,true,false,false,56.,50.,38.,36.,11.3669643918
1.25711649507,Voter,15,6,36.,1,false,true,false,false,56.,50.,38.,36.,11.3669644191
1.25711649507,Voter,15,6,41.,1,false,true,false,false,56.,50.,38.,36.,11.3669644201
1.25711649507,Voter,15,6,46.,1,false,true,false,false,56.,50.,38.,36.,11.3669644201
1.25711649507,Voter,15,6,51.,1,false,true,false,false,56.,50.,38.,36.,11.3669644201
0.928045966022,Voter,15,4,1.,1,false,true,false,false,4.,4.,12.,12.,0.
0.928045966022,Voter,15,4,6.,1,false,true,false,false,22.,18.,10.,10.,9.40476408361
0.928045966022,Voter,15,4,11.,1,false,true,false,false,22.,18.,10.,10.,9.54988945729
0.928045966022,Voter,15,4,16.,1,false,true,false,false,22.,18.,10.,10.,9.55212889402
0.928045966022,Voter,15,4,21.,1,false,true,false,false,22.,18.,10.,10.,9.55216345088
0.928045966022,Voter,15,4,26.,1,false,true,false,false,22.,18.,10.,10.,9.55216398413
0.928045966022,Voter,15,4,31.,1,false,true,false,false,22.,18.,10.,10.,9.55216399236
0.928045966022,Voter,15,4,36.,1,false,true,false,false,22.,18.,10.,10.,9.55216399248
0.928045966022,Voter,15,4,41.,1,false,true,false,false,22.,18.,10.,10.,9.55216399248
0.928045966022,Voter,15,4,46.,1,false,true,false,false,22.,18.,10.,10.,9.55216399248
0.928045966022,Voter,15,4,51.,1,false,true,false,false,22.,18.,10.,10.,9.55216399248
0.918828513751,Voter,15,7,1.,1,false,true,false,false,54.,48.,52.,46.,0.
0.918828513751,Voter,15,7,6.,1,false,true,false,false,84.,72.,30.,28.,9.35041889501
0.918828513751,Voter,15,7,11.,1,false,true,false,false,84.,72.,30.,28.,9.49024575537
0.918828513751,Voter,15,7,16.,1,false,true,false,false,84.,72.,30.,28.,9.49233673665
0.918828513751,Voter,15,7,21.,1,false,true,false,false,84.,72.,30.,28.,9.49236800534
0.918828513751,Voter,15,7,26.,1,false,true,false,false,84.,72.,30.,28.,9.49236847293
0.918828513751,Voter,15,7,31.,1,false,true,false,false,84.,72.,30.,28.,9.49236847993
0.918828513751,Voter,15,7,36.,1,false,true,false,false,84.,72.,30.,28.,9.49236848003
0.918828513751,Voter,15,7,41.,1,false,true,false,false,84.,72.,30.,28.,9.49236848003
0.918828513751,Voter,15,7,46.,1,false,true,false,false,84.,72.,30.,28.,9.49236848003
0.918828513751,Voter,15,7,51.,1,false,true,false,false,84.,72.,30.,28.,9.49236848003
1.14172066837,Sample,15,5,1.,1,false,true,false,false,10.,10.,36.,32.,0.
1.14172066837,Sample,15,5,6.,1,false,true,false,false,34.,34.,32.,30.,10.4871583447
1.14172066837,Sample,15,5,11.,1,false,true,false,false,38.,38.,28.,28.,10.7853310815
1.14172066837,Sample,15,5,16.,1,false,true,false,false,38.,38.,28.,28.,10.7938087814
1.14172066837,Sample,15,5,21.,1,false,true,false,false,38.,38.,28.,28.,10.7940498209
1.14172066837,Sample,15,5,26.,1,false,true,false,false,38.,38.,28.,28.,10.7940566742
1.14172066837,Sample,15,5,31.,1,false,true,false,false,38.,38.,28.,28.,10.794056869
1.14172066837,Sample,15,5,36.,1,false,true,false,false,38.,38.,28.,28.,10.7940568746
1.14172066837,Sample,15,5,41.,1,false,true,false,false,38.,38.,28.,28.,10.7940568747
1.14172066837,Sample,15,5,46.,1,false,true,false,false,38.,38.,28.,28.,10.7940568747
1.14172066837,Sample,15,5,51.,1,false,true,false,false,38.,38.,28.,28.,10.7940568747
1.28492023424,Voter,15,6,1.,1,false,true,false,false,40.,36.,98.,72.,0.
1.28492023424,Voter,15,6,6.,1,false,true,false,false,82.,66.,80.,66.,11.0483833606
1.28492023424,Voter,15,6,11.,1,false,true,false,false,82.,66.,80.,66.,11.4788955147
1.28492023424,Voter,15,6,16.,1,false,true,false,false,82.,66.,80.,66.,11.4956708844
1.28492023424,Voter,15,6,21.,1,false,true,false,false,82.,66.,80.,66.,11.4963245547
1.28492023424,Voter,15,6,26.,1,false,true,false,false,82.,66.,80.,66.,11.4963500257
1.28492023424,Voter,15,6,31.,1,false,true,false,false,82.,66.,80.,66.,11.4963510182
1.28492023424,Voter,15,6,36.,1,false,true,false,false,82.,66.,80.,66.,11.4963510569
1.28492023424,Voter,15,6,41.,1,false,true,false,false,82.,66.,80.,66.,11.4963510584
1.28492023424,Voter,15,6,46.,1,false,true,false,false,82.,66.,80.,66.,11.4963510584
1.28492023424,Voter,15,6,51.,1,false,true,false,false,82.,66.,80.,66.,11.4963510584
1.13013831816,Voter,15,3,1.,1,false,true,false,false,4.,4.,14.,14.,0.
1.13013831816,Voter,15,3,6.,1,false,true,false,false,6.,4.,8.,8.,10.4364762797
1.13013831816,Voter,15,3,11.,1,false,true,false,false,6.,4.,8.,8.,10.7249270002
1.13013831816,Voter,15,3,16.,1,false,true,false,false,6.,4.,8.,8.,10.7328994055
1.13013831816,Voter,15,3,21.,1,false,true,false,false,6.,4.,8.,8.,10.7331197524
1.13013831816,Voter,15,3,26.,1,false,true,false,false,6.,4.,8.,8.,10.7331258425
1.13013831816,Voter,15,3,31.,1,false,true,false,false,6.,4.,8.,8.,10.7331260109
1.13013831816,Voter,15,3,36.,1,false,true,false,false,6.,4.,8.,8.,10.7331260155
1.13013831816,Voter,15,3,41.,1,false,true,false,false,6.,4.,8.,8.,10.7331260156
1.13013831816,Voter,15,3,46.,1,false,true,false,false,6.,4.,8.,8.,10.7331260156
1.13013831816,Voter,15,3,51.,1,false,true,false,false,6.,4.,8.,8.,10.7331260156
1.37894605799,Sample,15,5,1.,1,false,true,false,false,16.,16.,42.,40.,0.
1.37894605799,Sample,15,5,6.,1,false,true,false,false,56.,50.,66.,62.,11.3572751864
1.37894605799,Sample,15,5,11.,1,false,true,false,false,68.,62.,70.,66.,11.885711694
1.37894605799,Sample,15,5,16.,1,false,true,false,false,68.,62.,70.,66.,11.9102990301
1.37894605799,Sample,15,5,21.,1,false,true,false,false,68.,62.,70.,66.,11.911443041
1.37894605799,Sample,15,5,26.,1,false,true,false,false,68.,62.,70.,66.,11.91149627
1.37894605799,Sample,15,5,31.,1,false,true,false,false,68.,62.,70.,66.,11.9114987467
1.37894605799,Sample,15,5,36.,1,false,true,false,false,68.,62.,70.,66.,11.9114988619
1.37894605799,Sample,15,5,41.,1,false,true,false,false,68.,62.,70.,66.,11.9114988673
1.37894605799,Sample,15,5,46.,1,false,true,false,false,68.,62.,70.,66.,11.9114988675
1.37894605799,Sample,15,5,51.,1,false,true,false,false,68.,62.,70.,66.,11.9114988676
1.27379395285,Sample,15,7,1.,1,false,true,false,false,22.,20.,82.,80.,0.
1.27379395285,Sample,15,7,6.,1,false,true,false,false,212.,156.,212.,152.,11.0088691656
1.27379395285,Sample,15,7,11.,1,false,true,false,false,218.,158.,218.,154.,11.4283378503
1.27379395285,Sample,15,7,16.,1,false,true,false,false,218.,158.,218.,154.,11.4443207796
1.27379395285,Sample,15,7,21.,1,false,true,false,false,218.,158.,218.,154.,11.4449297739
1.27379395285,Sample,15,7,26.,1,false,true,false,false,218.,158.,218.,154.,11.4449529783
1.27379395285,Sample,15,7,31.,1,false,true,false,false,218.,158.,218.,154.,11.4449538624
1.27379395285,Sample,15,7,36.,1,false,true,false,false,218.,158.,218.,154.,11.4449538961
1.27379395285,Sample,15,7,41.,1,false,true,false,false,218.,158.,218.,154.,11.4449538974
1.27379395285,Sample,15,7,46.,1,false,true,false,false,218.,158.,218.,154.,11.4449538975
1.27379395285,Sample,15,7,51.,1,false,true,false,false,218.,158.,218.,154.,11.4449538975
0.984320760397,Sample,15,5,1.,1,false,true,false,false,18.,16.,44.,34.,0.
0.984320760397,Sample,15,5,6.,1,false,true,false,false,66.,60.,48.,42.,9.72192397596
0.984320760397,Sample,15,5,11.,1,false,true,false,false,66.,60.,48.,42.,9.90179074945
0.984320760397,Sample,15,5,16.,1,false,true,false,false,66.,60.,48.,42.,9.9051184916
0.984320760397,Sample,15,5,21.,1,false,true,false,false,66.,60.,48.,42.,9.90518005866
0.984320760397,Sample,15,5,26.,1,false,true,false,false,66.,60.,48.,42.,9.90518119772
0.984320760397,Sample,15,5,31.,1,false,true,false,false,66.,60.,48.,42.,9.90518121879
0.984320760397,Sample,15,5,36.,1,false,true,false,false,66.,60.,48.,42.,9.90518121918
0.984320760397,Sample,15,5,41.,1,false,true,false,false,66.,60.,48.,42.,9.90518121919
0.984320760397,Sample,15,5,46.,1,false,true,false,false,66.,60.,48.,42.,9.90518121919
0.984320760397,Sample,15,5,51.,1,false,true,false,false,66.,60.,48.,42.,9.90518121919
0.890634932102,Voter,15,3,1.,1,false,true,false,false,6.,6.,8.,8.,0.
0.890634932102,Voter,15,3,6.,1,false,true,false,false,12.,12.,10.,10.,9.17983647799
0.890634932102,Voter,15,3,11.,1,false,true,false,false,12.,12.,10.,10.,9.30414537216
0.890634932102,Voter,15,3,16.,1,false,true,false,false,12.,12.,10.,10.,9.30582870292
0.890634932102,Voter,15,3,21.,1,false,true,false,false,12.,12.,10.,10.,9.30585149777
0.890634932102,Voter,15,3,26.,1,false,true,false,false,12.,12.,10.,10.,9.30585180645
0.890634932102,Voter,15,3,31.,1,false,true,false,false,12.,12.,10.,10.,9.30585181063
0.890634932102,Voter,15,3,36.,1,false,true,false,false,12.,12.,10.,10.,9.30585181068
0.890634932102,Voter,15,3,41.,1,false,true,false,false,12.,12.,10.,10.,9.30585181069
0.890634932102,Voter,15,3,46.,1,false,true,false,false,12.,12.,10.,10.,9.30585181069
0.890634932102,Voter,15,3,51.,1,false,true,false,false,12.,12.,10.,10.,9.30585181069
0.841447341556,Sample,15,7,1.,1,false,true,false,false,122.,106.,194.,148.,0.
0.841447341556,Sample,15,7,6.,1,false,true,false,false,218.,160.,246.,174.,8.86591717002
0.841447341556,Sample,15,7,11.,1,false,true,false,false,220.,162.,244.,172.,8.96563924393
0.841447341556,Sample,15,7,16.,1,false,true,false,false,220.,162.,244.,172.,8.966760898
0.841447341556,Sample,15,7,21.,1,false,true,false,false,220.,162.,244.,172.,8.96677351414
0.841447341556,Sample,15,7,26.,1,false,true,false,false,220.,162.,244.,172.,8.96677365604
0.841447341556,Sample,15,7,31.,1,false,true,false,false,220.,162.,244.,172.,8.96677365764
0.841447341556,Sample,15,7,36.,1,false,true,false,false,220.,162.,244.,172.,8.96677365766
0.841447341556,Sample,15,7,41.,1,false,true,false,false,220.,162.,244.,172.,8.96677365766
0.841447341556,Sample,15,7,46.,1,false,true,false,false,220.,162.,244.,172.,8.96677365766
0.841447341556,Sample,15,7,51.,1,false,true,false,false,220.,162.,244.,172.,8.96677365766
0.811733229688,Sample,15,6,1.,1,false,true,false,false,26.,26.,66.,60.,0.
0.811733229688,Sample,15,6,6.,1,false,true,false,false,148.,124.,144.,116.,8.66575301323
0.811733229688,Sample,15,6,11.,1,false,true,false,false,154.,124.,146.,116.,8.75214663203
0.811733229688,Sample,15,6,16.,1,false,true,false,false,154.,124.,146.,116.,8.75300793715
0.811733229688,Sample,15,6,21.,1,false,true,false,false,154.,124.,146.,116.,8.75301652397
0.811733229688,Sample,15,6,26.,1,false,true,false,false,154.,124.,146.,116.,8.75301660957
0.811733229688,Sample,15,6,31.,1,false,true,false,false,154.,124.,146.,116.,8.75301661043
0.811733229688,Sample,15,6,36.,1,false,true,false,false,154.,124.,146.,116.,8.75301661044
0.811733229688,Sample,15,6,41.,1,false,true,false,false,154.,124.,146.,116.,8.75301661044
0.811733229688,Sample,15,6,46.,1,false,true,false,false,154.,124.,146.,116.,8.75301661044
0.811733229688,Sample,15,6,51.,1,false,true,false,false,154.,124.,146.,116.,8.75301661044
1.24112517446,Voter,15,5,1.,1,false,true,false,false,24.,22.,48.,38.,0.
1.24112517446,Voter,15,5,6.,1,false,true,false,false,42.,36.,38.,32.,10.8890226037
1.24112517446,Voter,15,5,11.,1,false,true,false,false,42.,36.,38.,32.,11.2767759099
1.24112517446,Voter,15,5,16.,1,false,true,false,false,42.,36.,38.,32.,11.2905836346
1.24112517446,Voter,15,5,21.,1,false,true,false,false,42.,36.,38.,32.,11.2910753216
1.24112517446,Voter,15,5,26.,1,false,true,false,false,42.,36.,38.,32.,11.2910928303
1.24112517446,Voter,15,5,31.,1,false,true,false,false,42.,36.,38.,32.,11.2910934538
1.24112517446,Voter,15,5,36.,1,false,true,false,false,42.,36.,38.,32.,11.291093476
1.24112517446,Voter,15,5,41.,1,false,true,false,false,42.,36.,38.,32.,11.2910934768
1.24112517446,Voter,15,5,46.,1,false,true,false,false,42.,36.,38.,32.,11.2910934768
1.24112517446,Voter,15,5,51.,1,false,true,false,false,42.,36.,38.,32.,11.2910934768
1.04566640727,Sample,15,7,1.,1,false,true,false,false,76.,66.,130.,102.,0.
1.04566640727,Sample,15,7,6.,1,false,true,false,false,226.,172.,220.,162.,10.040491629
1.04566640727,Sample,15,7,11.,1,false,true,false,false,230.,174.,220.,164.,10.2628461101
1.04566640727,Sample,15,7,16.,1,false,true,false,false,230.,174.,220.,164.,10.2677703227
1.04566640727,Sample,15,7,21.,1,false,true,false,false,230.,174.,220.,164.,10.2678793732
1.04566640727,Sample,15,7,26.,1,false,true,false,false,230.,174.,220.,164.,10.2678817883
1.04566640727,Sample,15,7,31.,1,false,true,false,false,230.,174.,220.,164.,10.2678818417
1.04566640727,Sample,15,7,36.,1,false,true,false,false,230.,174.,220.,164.,10.2678818429
1.04566640727,Sample,15,7,41.,1,false,true,false,false,230.,174.,220.,164.,10.2678818429
1.04566640727,Sample,15,7,46.,1,false,true,false,false,230.,174.,220.,164.,10.2678818429
1.04566640727,Sample,15,7,51.,1,false,true,false,false,230.,174.,220.,164.,10.2678818429
1.32013995992,Voter,15,3,1.,1,false,true,false,false,0.,0.,14.,12.,0.
1.32013995992,Voter,15,3,6.,1,false,true,false,false,12.,12.,6.,6.,11.1692343016
1.32013995992,Voter,15,3,11.,1,false,true,false,false,12.,12.,6.,6.,11.6354852959
1.32013995992,Voter,15,3,16.,1,false,true,false,false,12.,12.,6.,6.,11.6549485808
1.32013995992,Voter,15,3,21.,1,false,true,false,false,12.,12.,6.,6.,11.6557610605
1.32013995992,Voter,15,3,26.,1,false,true,false,false,12.,12.,6.,6.,11.6557949768
1.32013995992,Voter,15,3,31.,1,false,true,false,false,12.,12.,6.,6.,11.6557963926
1.32013995992,Voter,15,3,36.,1,false,true,false,false,12.,12.,6.,6.,11.6557964517
1.32013995992,Voter,15,3,41.,1,false,true,false,false,12.,12.,6.,6.,11.6557964542
1.32013995992,Voter,15,3,46.,1,false,true,false,false,12.,12.,6.,6.,11.6557964543
1.32013995992,Voter,15,3,51.,1,false,true,false,false,12.,12.,6.,6.,11.6557964543
1.30022973091,Sample,15,3,1.,1,false,true,false,false,0.,0.,12.,12.,0.
1.30022973091,Sample,15,3,6.,1,false,true,false,false,12.,12.,8.,8.,11.1016969942
1.30022973091,Sample,15,3,11.,1,false,true,false,false,12.,12.,8.,8.,11.5476002397
1.30022973091,Sample,15,3,16.,1,false,true,false,false,12.,12.,8.,8.,11.5655100876
1.30022973091,Sample,15,3,21.,1,false,true,false,false,12.,12.,8.,8.,11.5662294424
1.30022973091,Sample,15,3,26.,1,false,true,false,false,12.,12.,8.,8.,11.5662583356
1.30022973091,Sample,15,3,31.,1,false,true,false,false,12.,12.,8.,8.,11.5662594961
1.30022973091,Sample,15,3,36.,1,false,true,false,false,12.,12.,8.,8.,11.5662595427
1.30022973091,Sample,15,3,41.,1,false,true,false,false,12.,12.,8.,8.,11.5662595445
1.30022973091,Sample,15,3,46.,1,false,true,false,false,12.,12.,8.,8.,11.5662595446
1.30022973091,Sample,15,3,51.,1,false,true,false,false,12.,12.,8.,8.,11.5662595446
1.26332209062,Voter,15,4,1.,1,false,true,false,false,14.,14.,22.,22.,0.
1.26332209062,Voter,15,4,6.,1,false,true,false,false,24.,22.,12.,12.,10.9710796778
1.26332209062,Voter,15,4,11.,1,false,true,false,false,24.,22.,12.,12.,11.3802656004
1.26332209062,Voter,15,4,16.,1,false,true,false,false,24.,22.,12.,12.,11.3955269169
1.26332209062,Voter,15,4,21.,1,false,true,false,false,24.,22.,12.,12.,11.3960961148
1.26332209062,Voter,15,4,26.,1,false,true,false,false,24.,22.,12.,12.,11.3961173441
1.26332209062,Voter,15,4,31.,1,false,true,false,false,24.,22.,12.,12.,11.3961181358
1.26332209062,Voter,15,4,36.,1,false,true,false,false,24.,22.,12.,12.,11.3961181654
1.26332209062,Voter,15,4,41.,1,false,true,false,false,24.,22.,12.,12.,11.3961181665
1.26332209062,Voter,15,4,46.,1,false,true,false,false,24.,22.,12.,12.,11.3961181665
1.26332209062,Voter,15,4,51.,1,false,true,false,false,24.,22.,12.,12.,11.3961181665
1.15530339952,Voter,15,6,1.,1,false,true,false,false,46.,42.,80.,64.,0.
1.15530339952,Voter,15,6,6.,1,false,true,false,false,106.,80.,108.,88.,10.5455322059
1.15530339952,Voter,15,6,11.,1,false,true,false,false,108.,82.,110.,90.,10.85530206
1.15530339952,Voter,15,6,16.,1,false,true,false,false,108.,82.,110.,90.,10.8644013981
1.15530339952,Voter,15,6,21.,1,false,true,false,false,108.,82.,110.,90.,10.8646686867
1.15530339952,Voter,15,6,26.,1,false,true,false,false,108.,82.,110.,90.,10.8646765381
1.15530339952,Voter,15,6,31.,1,false,true,false,false,108.,82.,110.,90.,10.8646767688
1.15530339952,Voter,15,6,36.,1,false,true,false,false,108.,82.,110.,90.,10.8646767755
1.15530339952,Voter,15,6,41.,1,false,true,false,false,108.,82.,110.,90.,10.8646767757
1.15530339952,Voter,15,6,46.,1,false,true,false,false,108.,82.,110.,90.,10.8646767757
1.15530339952,Voter,15,6,51.,1,false,true,false,false,108.,82.,110.,90.,10.8646767757
0.885958714261,Voter,15,5,1.,1,false,true,false,false,20.,20.,16.,16.,0.
0.885958714261,Voter,15,5,6.,1,false,true,false,false,30.,28.,14.,14.,9.15089724127
0.885958714261,Voter,15,5,11.,1,false,true,false,false,30.,28.,14.,14.,9.27273277013
0.885958714261,Voter,15,5,16.,1,false,true,false,false,30.,28.,14.,14.,9.27435489479
0.885958714261,Voter,15,5,21.,1,false,true,false,false,30.,28.,14.,14.,9.27437649185
0.885958714261,Voter,15,5,26.,1,false,true,false,false,30.,28.,14.,14.,9.27437677939
0.885958714261,Voter,15,5,31.,1,false,true,false,false,30.,28.,14.,14.,9.27437678322
0.885958714261,Voter,15,5,36.,1,false,true,false,false,30.,28.,14.,14.,9.27437678327
0.885958714261,Voter,15,5,41.,1,false,true,false,false,30.,28.,14.,14.,9.27437678327
0.885958714261,Voter,15,5,46.,1,false,true,false,false,30.,28.,14.,14.,9.27437678327
0.885958714261,Voter,15,5,51.,1,false,true,false,false,30.,28.,14.,14.,9.27437678327
0.842526502609,Voter,15,3,1.,1,false,true,false,false,4.,4.,2.,2.,0.
0.842526502609,Voter,15,3,6.,1,false,true,false,false,6.,6.,0.,0.,8.87303442408
0.842526502609,Voter,15,3,11.,1,false,true,false,false,6.,6.,0.,0.,8.97326208861
0.842526502609,Voter,15,3,16.,1,false,true,false,false,6.,6.,0.,0.,8.97439423622
0.842526502609,Voter,15,3,21.,1,false,true,false,false,6.,6.,0.,0.,8.97440702469
0.842526502609,Voter,15,3,26.,1,false,true,false,false,6.,6.,0.,0.,8.97440716914
0.842526502609,Voter,15,3,31.,1,false,true,false,false,6.,6.,0.,0.,8.97440717078
0.842526502609,Voter,15,3,36.,1,false,true,false,false,6.,6.,0.,0.,8.97440717079
0.842526502609,Voter,15,3,41.,1,false,true,false,false,6.,6.,0.,0.,8.97440717079
0.842526502609,Voter,15,3,46.,1,false,true,false,false,6.,6.,0.,0.,8.97440717079
0.842526502609,Voter,15,3,51.,1,false,true,false,false,6.,6.,0.,0.,8.97440717079
1.36899529887,Voter,15,3,1.,1,false,true,false,false,0.,0.,6.,6.,0.
1.36899529887,Voter,15,3,6.,1,false,true,false,false,6.,6.,0.,0.,11.3266246995
1.36899529887,Voter,15,3,11.,1,false,true,false,false,6.,6.,0.,0.,11.8443271943
1.36899529887,Voter,15,3,16.,1,false,true,false,false,6.,6.,0.,0.,11.8679896604
1.36899529887,Voter,15,3,21.,1,false,true,false,false,6.,6.,0.,0.,11.8690711933
1.36899529887,Voter,15,3,26.,1,false,true,false,false,6.,6.,0.,0.,11.8691206266
1.36899529887,Voter,15,3,31.,1,false,true,false,false,6.,6.,0.,0.,11.869122886
1.36899529887,Voter,15,3,36.,1,false,true,false,false,6.,6.,0.,0.,11.8691229893
1.36899529887,Voter,15,3,41.,1,false,true,false,false,6.,6.,0.,0.,11.869122994
1.36899529887,Voter,15,3,46.,1,false,true,false,false,6.,6.,0.,0.,11.8691229943
1.36899529887,Voter,15,3,51.,1,false,true,false,false,6.,6.,0.,0.,11.8691229943
0.910186672384,Sample,15,3,1.,1,false,true,false,false,6.,6.,16.,14.,0.
0.910186672384,Sample,15,3,6.,1,false,true,false,false,14.,14.,12.,12.,9.29883538532
0.910186672384,Sample,15,3,11.,1,false,true,false,false,14.,14.,12.,12.,9.43379532081
0.910186672384,Sample,15,3,16.,1,false,true,false,false,14.,14.,12.,12.,9.43575408052
0.910186672384,Sample,15,3,21.,1,false,true,false,false,14.,14.,12.,12.,9.43578250926
0.910186672384,Sample,15,3,26.,1,false,true,false,false,14.,14.,12.,12.,9.43578292186
0.910186672384,Sample,15,3,31.,1,false,true,false,false,14.,14.,12.,12.,9.43578292785
0.910186672384,Sample,15,3,36.,1,false,true,false,false,14.,14.,12.,12.,9.43578292793
0.910186672384,Sample,15,3,41.,1,false,true,false,false,14.,14.,12.,12.,9.43578292794
0.910186672384,Sample,15,3,46.,1,false,true,false,false,14.,14.,12.,12.,9.43578292794
0.910186672384,Sample,15,3,51.,1,false,true,false,false,14.,14.,12.,12.,9.43578292794
1.10683067512,Sample,15,6,1.,1,false,true,false,false,36.,34.,88.,82.,0.
1.10683067512,Sample,15,6,6.,1,false,true,false,false,178.,138.,194.,150.,10.3319111933
1.10683067512,Sample,15,6,11.,1,false,true,false,false,184.,142.,200.,154.,10.6012714001
1.10683067512,Sample,15,6,16.,1,false,true,false,false,184.,142.,200.,154.,10.6082938105
1.10683067512,Sample,15,6,21.,1,false,true,false,false,184.,142.,200.,154.,10.6084768897
1.10683067512,Sample,15,6,26.,1,false,true,false,false,184.,142.,200.,154.,10.6084816627
1.10683067512,Sample,15,6,31.,1,false,true,false,false,184.,142.,200.,154.,10.6084817871
1.10683067512,Sample,15,6,36.,1,false,true,false,false,184.,142.,200.,154.,10.6084817904
1.10683067512,Sample,15,6,41.,1,false,true,false,false,184.,142.,200.,154.,10.6084817905
1.10683067512,Sample,15,6,46.,1,false,true,false,false,184.,142.,200.,154.,10.6084817905
1.10683067512,Sample,15,6,51.,1,false,true,false,false,184.,142.,200.,154.,10.6084817905
1.22481043332,Sample,15,7,1.,1,false,true,false,false,20.,20.,78.,64.,0.
1.22481043332,Sample,15,7,6.,1,false,true,false,false,166.,124.,172.,124.,10.8269825424
1.22481043332,Sample,15,7,11.,1,false,true,false,false,178.,130.,180.,126.,11.1993045617
1.22481043332,Sample,15,7,16.,1,false,true,false,false,182.,134.,180.,126.,11.2121081
1.22481043332,Sample,15,7,21.,1,false,true,false,false,182.,134.,180.,126.,11.2125483925
1.22481043332,Sample,15,7,26.,1,false,true,false,false,182.,134.,180.,126.,11.2125635334
1.22481043332,Sample,15,7,31.,1,false,true,false,false,182.,134.,180.,126.,11.2125640541
1.22481043332,Sample,15,7,36.,1,false,true,false,false,182.,134.,180.,126.,11.212564072
1.22481043332,Sample,15,7,41.,1,false,true,false,false,182.,134.,180.,126.,11.2125640726
1.22481043332,Sample,15,7,46.,1,false,true,false,false,182.,134.,180.,126.,11.2125640726
1.22481043332,Sample,15,7,51.,1,false,true,false,false,182.,134.,180.,126.,11.2125640726
1.26774816618,Voter,15,4,1.,1,false,true,false,false,8.,8.,26.,24.,0.
1.26774816618,Voter,15,4,6.,1,false,true,false,false,20.,20.,14.,14.,10.987123326
1.26774816618,Voter,15,4,11.,1,false,true,false,false,20.,20.,14.,14.,11.4006421439
1.26774816618,Voter,15,4,16.,1,false,true,false,false,20.,20.,14.,14.,11.4162056183
1.26774816618,Voter,15,4,21.,1,false,true,false,false,20.,20.,14.,14.,11.4167913758
1.26774816618,Voter,15,4,26.,1,false,true,false,false,20.,20.,14.,14.,11.4168134217
1.26774816618,Voter,15,4,31.,1,false,true,false,false,20.,20.,14.,14.,11.4168142515
1.26774816618,Voter,15,4,36.,1,false,true,false,false,20.,20.,14.,14.,11.4168142827
1.26774816618,Voter,15,4,41.,1,false,true,false,false,20.,20.,14.,14.,11.4168142839
1.26774816618,Voter,15,4,46.,1,false,true,false,false,20.,20.,14.,14.,11.4168142839
1.26774816618,Voter,15,4,51.,1,false,true,false,false,20.,20.,14.,14.,11.4168142839
0.877156440409,Voter,15,7,1.,1,false,true,false,false,90.,74.,100.,84.,0.
0.877156440409,Voter,15,7,6.,1,false,true,false,false,120.,102.,114.,96.,9.09591571269
0.877156440409,Voter,15,7,11.,1,false,true,false,false,120.,102.,114.,96.,9.21317305873
0.877156440409,Voter,15,7,16.,1,false,true,false,false,120.,102.,114.,96.,9.21468464763
0.877156440409,Voter,15,7,21.,1,false,true,false,false,120.,102.,114.,96.,9.21470413384
0.877156440409,Voter,15,7,26.,1,false,true,false,false,120.,102.,114.,96.,9.21470438504
0.877156440409,Voter,15,7,31.,1,false,true,false,false,120.,102.,114.,96.,9.21470438828
0.877156440409,Voter,15,7,36.,1,false,true,false,false,120.,102.,114.,96.,9.21470438832
0.877156440409,Voter,15,7,41.,1,false,true,false,false,120.,102.,114.,96.,9.21470438832
0.877156440409,Voter,15,7,46.,1,false,true,false,false,120.,102.,114.,96.,9.21470438832
0.877156440409,Voter,15,7,51.,1,false,true,false,false,120.,102.,114.,96.,9.21470438832
1.24183960041,Sample,15,5,1.,1,false,true,false,false,26.,26.,62.,52.,0.
1.24183960041,Sample,15,5,6.,1,false,true,false,false,62.,54.,66.,58.,10.8917056022
1.24183960041,Sample,15,5,11.,1,false,true,false,false,70.,62.,70.,60.,11.2801409337
1.24183960041,Sample,15,5,16.,1,false,true,false,false,70.,62.,70.,60.,11.2939938611
1.24183960041,Sample,15,5,21.,1,false,true,false,false,70.,62.,70.,60.,11.2944879037
1.24183960041,Sample,15,5,26.,1,false,true,false,false,70.,62.,70.,60.,11.2945055229
1.24183960041,Sample,15,5,31.,1,false,true,false,false,70.,62.,70.,60.,11.2945061513
1.24183960041,Sample,15,5,36.,1,false,true,false,false,70.,62.,70.,60.,11.2945061737
1.24183960041,Sample,15,5,41.,1,false,true,false,false,70.,62.,70.,60.,11.2945061745
1.24183960041,Sample,15,5,46.,1,false,true,false,false,70.,62.,70.,60.,11.2945061745
1.24183960041,Sample,15,5,51.,1,false,true,false,false,70.,62.,70.,60.,11.2945061745
1.32000082127,Voter,15,4,1.,1,false,true,false,false,10.,10.,20.,20.,0.
1.32000082127,Voter,15,4,6.,1,false,true,false,false,20.,18.,10.,10.,11.1687692858
1.32000082127,Voter,15,4,11.,1,false,true,false,false,20.,18.,10.,10.,11.6348768059
1.32000082127,Voter,15,4,16.,1,false,true,false,false,20.,18.,10.,10.,11.6543289241
1.32000082127,Voter,15,4,21.,1,false,true,false,false,20.,18.,10.,10.,11.6551407215
1.32000082127,Voter,15,4,26.,1,false,true,false,false,20.,18.,10.,10.,11.6551746004
1.32000082127,Voter,15,4,31.,1,false,true,false,false,20.,18.,10.,10.,11.6551760142
1.32000082127,Voter,15,4,36.,1,false,true,false,false,20.,18.,10.,10.,11.6551760732
1.32000082127,Voter,15,4,41.,1,false,true,false,false,20.,18.,10.,10.,11.6551760757
1.32000082127,Voter,15,4,46.,1,false,true,false,false,20.,18.,10.,10.,11.6551760758
1.32000082127,Voter,15,4,51.,1,false,true,false,false,20.,18.,10.,10.,11.6551760758
0.920923545867,Sample,15,3,1.,1,false,true,false,false,6.,6.,12.,12.,0.
0.920923545867,Sample,15,3,6.,1,false,true,false,false,16.,16.,2.,2.,9.36283182898
0.920923545867,Sample,15,3,11.,1,false,true,false,false,16.,16.,2.,2.,9.50385325502
0.920923545867,Sample,15,3,16.,1,false,true,false,false,16.,16.,2.,2.,9.50597729644
0.920923545867,Sample,15,3,21.,1,false,true,false,false,16.,16.,2.,2.,9.5060092884
0.920923545867,Sample,15,3,26.,1,false,true,false,false,16.,16.,2.,2.,9.50600977025
0.920923545867,Sample,15,3,31.,1,false,true,false,false,16.,16.,2.,2.,9.50600977751
0.920923545867,Sample,15,3,36.,1,false,true,false,false,16.,16.,2.,2.,9.50600977762
0.920923545867,Sample,15,3,41.,1,false,true,false,false,16.,16.,2.,2.,9.50600977762
0.920923545867,Sample,15,3,46.,1,false,true,false,false,16.,16.,2.,2.,9.50600977762
0.920923545867,Sample,15,3,51.,1,false,true,false,false,16.,16.,2.,2.,9.50600977762
0.842503923369,Voter,15,6,1.,1,false,true,false,false,24.,22.,46.,42.,0.
0.842503923369,Voter,15,6,6.,1,false,true,false,false,46.,38.,32.,28.,8.87288561797
0.842503923369,Voter,15,6,11.,1,false,true,false,false,46.,38.,32.,28.,8.97310268855
0.842503923369,Voter,15,6,16.,1,false,true,false,false,46.,38.,32.,28.,8.97423461582
0.842503923369,Voter,15,6,21.,1,false,true,false,false,46.,38.,32.,28.,8.97424740067
0.842503923369,Voter,15,6,26.,1,false,true,false,false,46.,38.,32.,28.,8.97424754507
0.842503923369,Voter,15,6,31.,1,false,true,false,false,46.,38.,32.,28.,8.9742475467
0.842503923369,Voter,15,6,36.,1,false,true,false,false,46.,38.,32.,28.,8.97424754672
0.842503923369,Voter,15,6,41.,1,false,true,false,false,46.,38.,32.,28.,8.97424754672
0.842503923369,Voter,15,6,46.,1,false,true,false,false,46.,38.,32.,28.,8.97424754672
0.842503923369,Voter,15,6,51.,1,false,true,false,false,46.,38.,32.,28.,8.97424754672
1.30376335683,Voter,15,7,1.,1,false,true,false,false,82.,72.,158.,118.,0.
1.30376335683,Voter,15,7,6.,1,false,true,false,false,176.,132.,188.,140.,11.113830631
1.30376335683,Voter,15,7,11.,1,false,true,false,false,178.,134.,194.,140.,11.563318053
1.30376335683,Voter,15,7,16.,1,false,true,false,false,178.,134.,194.,140.,11.5814971084
1.30376335683,Voter,15,7,21.,1,false,true,false,false,178.,134.,194.,140.,11.5822323416
1.30376335683,Voter,15,7,26.,1,false,true,false,false,178.,134.,194.,140.,11.5822620773
1.30376335683,Voter,15,7,31.,1,false,true,false,false,178.,134.,194.,140.,11.58226328
1.30376335683,Voter,15,7,36.,1,false,true,false,false,178.,134.,194.,140.,11.5822633286
1.30376335683,Voter,15,7,41.,1,false,true,false,false,178.,134.,194.,140.,11.5822633306
1.30376335683,Voter,15,7,46.,1,false,true,false,false,178.,134.,194.,140.,11.5822633306
1.30376335683,Voter,15,7,51.,1,false,true,false,false,178.,134.,194.,140.,11.5822633306
0.839810274404,Sample,15,3,1.,1,false,true,false,false,6.,6.,8.,6.,0.
0.839810274404,Sample,15,3,6.,1,false,true,false,false,16.,14.,10.,10.,8.85510029495
0.839810274404,Sample,15,3,11.,1,false,true,false,false,16.,14.,10.,10.,8.95405828593
0.839810274404,Sample,15,3,16.,1,false,true,false,false,16.,14.,10.,10.,8.95516416657
0.839810274404,Sample,15,3,21.,1,false,true,false,false,16.,14.,10.,10.,8.95517652507
0.839810274404,Sample,15,3,26.,1,false,true,false,false,16.,14.,10.,10.,8.95517666318
0.839810274404,Sample,15,3,31.,1,false,true,false,false,16.,14.,10.,10.,8.95517666472
0.839810274404,Sample,15,3,36.,1,false,true,false,false,16.,14.,10.,10.,8.95517666474
0.839810274404,Sample,15,3,41.,1,false,true,false,false,16.,14.,10.,10.,8.95517666474
0.839810274404,Sample,15,3,46.,1,false,true,false,false,16.,14.,10.,10.,8.95517666474
0.839810274404,Sample,15,3,51.,1,false,true,false,false,16.,14.,10.,10.,8.95517666474
1.22496159363,Voter,15,4,1.,1,false,true,false,false,12.,12.,34.,34.,0.
1.22496159363,Voter,15,4,6.,1,false,true,false,false,34.,32.,40.,34.,10.8275641833
1.22496159363,Voter,15,4,11.,1,false,true,false,false,34.,32.,40.,34.,11.2000279061
1.22496159363,Voter,15,4,16.,1,false,true,false,false,34.,32.,40.,34.,11.2128405039
1.22496159363,Voter,15,4,21.,1,false,true,false,false,34.,32.,40.,34.,11.213281252
1.22496159363,Voter,15,4,26.,1,false,true,false,false,34.,32.,40.,34.,11.2132964135
1.22496159363,Voter,15,4,31.,1,false,true,false,false,34.,32.,40.,34.,11.2132969351
1.22496159363,Voter,15,4,36.,1,false,true,false,false,34.,32.,40.,34.,11.213296953
1.22496159363,Voter,15,4,41.,1,false,true,false,false,34.,32.,40.,34.,11.2132969536
1.22496159363,Voter,15,4,46.,1,false,true,false,false,34.,32.,40.,34.,11.2132969537
1.22496159363,Voter,15,4,51.,1,false,true,false,false,34.,32.,40.,34.,11.2132969537
1.32628390502,Sample,15,3,1.,1,false,true,false,false,0.,0.,10.,10.,0.
1.32628390502,Sample,15,3,6.,1,false,true,false,false,12.,12.,2.,2.,11.1896714124
1.32628390502,Sample,15,3,11.,1,false,true,false,false,14.,14.,4.,4.,11.6622754951
1.32628390502,Sample,15,3,16.,1,false,true,false,false,14.,14.,4.,4.,11.6822362795
1.32628390502,Sample,15,3,21.,1,false,true,false,false,14.,14.,4.,4.,11.6830793381
1.32628390502,Sample,15,3,26.,1,false,true,false,false,14.,14.,4.,4.,11.6831149453
1.32628390502,Sample,15,3,31.,1,false,true,false,false,14.,14.,4.,4.,11.6831164492
1.32628390502,Sample,15,3,36.,1,false,true,false,false,14.,14.,4.,4.,11.6831165127
1.32628390502,Sample,15,3,41.,1,false,true,false,false,14.,14.,4.,4.,11.6831165154
1.32628390502,Sample,15,3,46.,1,false,true,false,false,14.,14.,4.,4.,11.6831165155
1.32628390502,Sample,15,3,51.,1,false,true,false,false,14.,14.,4.,4.,11.6831165155
0.834929619266,Sample,15,7,1.,1,false,true,false,false,36.,36.,112.,90.,0.
0.834929619266,Sample,15,7,6.,1,false,true,false,false,184.,130.,172.,126.,8.82270699042
0.834929619266,Sample,15,7,11.,1,false,true,false,false,186.,130.,170.,126.,8.91940764029
0.834929619266,Sample,15,7,16.,1,false,true,false,false,186.,130.,170.,126.,8.92046752086
0.834929619266,Sample,15,7,21.,1,false,true,false,false,186.,130.,170.,126.,8.9204791376
0.834929619266,Sample,15,7,26.,1,false,true,false,false,186.,130.,170.,126.,8.92047926493
0.834929619266,Sample,15,7,31.,1,false,true,false,false,186.,130.,170.,126.,8.92047926632
0.834929619266,Sample,15,7,36.,1,false,true,false,false,186.,130.,170.,126.,8.92047926634
0.834929619266,Sample,15,7,41.,1,false,true,false,false,186.,130.,170.,126.,8.92047926634
0.834929619266,Sample,15,7,46.,1,false,true,false,false,186.,130.,170.,126.,8.92047926634
0.834929619266,Sample,15,7,51.,1,false,true,false,false,186.,130.,170.,126.,8.92047926634
0.967569346357,Sample,15,7,1.,1,false,true,false,false,46.,38.,106.,90.,0.
0.967569346357,Sample,15,7,6.,1,false,true,false,false,164.,126.,132.,104.,9.63008924094
0.967569346357,Sample,15,7,11.,1,false,true,false,false,166.,128.,134.,106.,9.79918653609
0.967569346357,Sample,15,7,16.,1,false,true,false,false,166.,128.,134.,106.,9.80215576042
0.967569346357,Sample,15,7,21.,1,false,true,false,false,166.,128.,134.,106.,9.80220789782
0.967569346357,Sample,15,7,26.,1,false,true,false,false,166.,128.,134.,106.,9.80220881331
0.967569346357,Sample,15,7,31.,1,false,true,false,false,166.,128.,134.,106.,9.80220882939
0.967569346357,Sample,15,7,36.,1,false,true,false,false,166.,128.,134.,106.,9.80220882967
0.967569346357,Sample,15,7,41.,1,false,true,false,false,166.,128.,134.,106.,9.80220882967
0.967569346357,Sample,15,7,46.,1,false,true,false,false,166.,128.,134.,106.,9.80220882967
0.967569346357,Sample,15,7,51.,1,false,true,false,false,166.,128.,134.,106.,9.80220882967
0.870903990246,Sample,15,4,1.,1,false,true,false,false,16.,16.,30.,26.,0.
0.870903990246,Sample,15,4,6.,1,false,true,false,false,26.,24.,28.,26.,9.05645480834
0.870903990246,Sample,15,4,11.,1,false,true,false,false,26.,24.,28.,26.,9.17052168015
0.870903990246,Sample,15,4,16.,1,false,true,false,false,26.,24.,28.,26.,9.17195836278
0.870903990246,Sample,15,4,21.,1,false,true,false,false,26.,24.,28.,26.,9.17197645793
0.870903990246,Sample,15,4,26.,1,false,true,false,false,26.,24.,28.,26.,9.17197668584
0.870903990246,Sample,15,4,31.,1,false,true,false,false,26.,24.,28.,26.,9.17197668871
0.870903990246,Sample,15,4,36.,1,false,true,false,false,26.,24.,28.,26.,9.17197668874
0.870903990246,Sample,15,4,41.,1,false,true,false,false,26.,24.,28.,26.,9.17197668874
0.870903990246,Sample,15,4,46.,1,false,true,false,false,26.,24.,28.,26.,9.17197668874
0.870903990246,Sample,15,4,51.,1,false,true,false,false,26.,24.,28.,26.,9.17197668874
1.13302312641,Voter,15,6,1.,1,false,true,false,false,40.,38.,98.,80.,0.
1.13302312641,Voter,15,6,6.,1,false,true,false,false,98.,86.,104.,84.,10.4491782501
1.13302312641,Voter,15,6,11.,1,false,true,false,false,98.,86.,104.,84.,10.7400359349
1.13302312641,Voter,15,6,16.,1,false,true,false,false,98.,86.,104.,84.,10.7481320924
1.13302312641,Voter,15,6,21.,1,false,true,false,false,98.,86.,104.,84.,10.7483574527
1.13302312641,Voter,15,6,26.,1,false,true,false,false,98.,86.,104.,84.,10.7483637257
1.13302312641,Voter,15,6,31.,1,false,true,false,false,98.,86.,104.,84.,10.7483639003
1.13302312641,Voter,15,6,36.,1,false,true,false,false,98.,86.,104.,84.,10.7483639051
1.13302312641,Voter,15,6,41.,1,false,true,false,false,98.,86.,104.,84.,10.7483639053
1.13302312641,Voter,15,6,46.,1,false,true,false,false,98.,86.,104.,84.,10.7483639053
1.13302312641,Voter,15,6,51.,1,false,true,false,false,98.,86.,104.,84.,10.7483639053
1.01510970217,Sample,15,3,1.,1,false,true,false,false,8.,8.,12.,12.,0.
1.01510970217,Sample,15,3,6.,1,false,true,false,false,16.,14.,8.,8.,9.88522649936
1.01510970217,Sample,15,3,11.,1,false,true,false,false,18.,16.,10.,10.,10.0858234892
1.01510970217,Sample,15,3,16.,1,false,true,false,false,18.,16.,10.,10.,10.0898941245
1.01510970217,Sample,15,3,21.,1,false,true,false,false,18.,16.,10.,10.,10.0899767283
1.01510970217,Sample,15,3,26.,1,false,true,false,false,18.,16.,10.,10.,10.0899784046
1.01510970217,Sample,15,3,31.,1,false,true,false,false,18.,16.,10.,10.,10.0899784386
1.01510970217,Sample,15,3,36.,1,false,true,false,false,18.,16.,10.,10.,10.0899784393
1.01510970217,Sample,15,3,41.,1,false,true,false,false,18.,16.,10.,10.,10.0899784393
1.01510970217,Sample,15,3,46.,1,false,true,false,false,18.,16.,10.,10.,10.0899784393
1.01510970217,Sample,15,3,51.,1,false,true,false,false,18.,16.,10.,10.,10.0899784393
1.31047941198,Sample,15,4,1.,1,false,true,false,false,12.,12.,22.,22.,0.
1.31047941198,Sample,15,4,6.,1,false,true,false,false,60.,50.,54.,46.,11.1367161378
1.31047941198,Sample,15,4,11.,1,false,true,false,false,58.,48.,52.,44.,11.5930480808
1.31047941198,Sample,15,4,16.,1,false,true,false,false,58.,48.,52.,44.,11.611746487
1.31047941198,Sample,15,4,21.,1,false,true,false,false,58.,48.,52.,44.,11.6125126626
1.31047941198,Sample,15,4,26.,1,false,true,false,false,58.,48.,52.,44.,11.612544057
1.31047941198,Sample,15,4,31.,1,false,true,false,false,58.,48.,52.,44.,11.6125453434
1.31047941198,Sample,15,4,36.,1,false,true,false,false,58.,48.,52.,44.,11.6125453961
1.31047941198,Sample,15,4,41.,1,false,true,false,false,58.,48.,52.,44.,11.6125453983
1.31047941198,Sample,15,4,46.,1,false,true,false,false,58.,48.,52.,44.,11.6125453983
1.31047941198,Sample,15,4,51.,1,false,true,false,false,58.,48.,52.,44.,11.6125453983
0.915112740012,Voter,15,7,1.,1,false,true,false,false,74.,58.,72.,62.,0.
0.915112740012,Voter,15,7,6.,1,false,true,false,false,116.,92.,90.,72.,9.32831466161
0.915112740012,Voter,15,7,11.,1,false,true,false,false,118.,94.,92.,74.,9.46603691673
0.915112740012,Voter,15,7,16.,1,false,true,false,false,118.,94.,92.,74.,9.46807023359
0.915112740012,Voter,15,7,21.,1,false,true,false,false,118.,94.,92.,74.,9.46810025327
0.915112740012,Voter,15,7,26.,1,false,true,false,false,118.,94.,92.,74.,9.46810069648
0.915112740012,Voter,15,7,31.,1,false,true,false,false,118.,94.,92.,74.,9.46810070302
0.915112740012,Voter,15,7,36.,1,false,true,false,false,118.,94.,92.,74.,9.46810070312
0.915112740012,Voter,15,7,41.,1,false,true,false,false,118.,94.,92.,74.,9.46810070312
0.915112740012,Voter,15,7,46.,1,false,true,false,false,118.,94.,92.,74.,9.46810070312
0.915112740012,Voter,15,7,51.,1,false,true,false,false,118.,94.,92.,74.,9.46810070312
0.904120733712,Sample,15,5,1.,1,false,true,false,false,28.,26.,52.,46.,0.
0.904120733712,Sample,15,5,6.,1,false,true,false,false,98.,84.,94.,86.,9.26225843955
0.904120733712,Sample,15,5,11.,1,false,true,false,false,98.,84.,94.,86.,9.39386041963
0.904120733712,Sample,15,5,16.,1,false,true,false,false,98.,84.,94.,86.,9.39573027473
0.904120733712,Sample,15,5,21.,1,false,true,false,false,98.,84.,94.,86.,9.3957568424
0.904120733712,Sample,15,5,26.,1,false,true,false,false,98.,84.,94.,86.,9.39575721988
0.904120733712,Sample,15,5,31.,1,false,true,false,false,98.,84.,94.,86.,9.39575722525
0.904120733712,Sample,15,5,36.,1,false,true,false,false,98.,84.,94.,86.,9.39575722532
0.904120733712,Sample,15,5,41.,1,false,true,false,false,98.,84.,94.,86.,9.39575722532
0.904120733712,Sample,15,5,46.,1,false,true,false,false,98.,84.,94.,86.,9.39575722532
0.904120733712,Sample,15,5,51.,1,false,true,false,false,98.,84.,94.,86.,9.39575722532
1.02368374409,Voter,15,3,1.,1,false,true,false,false,6.,6.,12.,10.,0.
1.02368374409,Voter,15,3,6.,1,false,true,false,false,12.,12.,10.,10.,9.92946622365
1.02368374409,Voter,15,3,11.,1,false,true,false,false,12.,12.,10.,10.,10.1360500745
1.02368374409,Voter,15,3,16.,1,false,true,false,false,12.,12.,10.,10.,10.1403480787
1.02368374409,Voter,15,3,21.,1,false,true,false,false,12.,12.,10.,10.,10.1404374992
1.02368374409,Voter,15,3,26.,1,false,true,false,false,12.,12.,10.,10.,10.1404393596
1.02368374409,Voter,15,3,31.,1,false,true,false,false,12.,12.,10.,10.,10.1404393983
1.02368374409,Voter,15,3,36.,1,false,true,false,false,12.,12.,10.,10.,10.1404393991
1.02368374409,Voter,15,3,41.,1,false,true,false,false,12.,12.,10.,10.,10.1404393991
1.02368374409,Voter,15,3,46.,1,false,true,false,false,12.,12.,10.,10.,10.1404393991
1.02368374409,Voter,15,3,51.,1,false,true,false,false,12.,12.,10.,10.,10.1404393991
0.818997079881,Voter,15,6,1.,1,false,true,false,false,42.,42.,76.,62.,0.
0.818997079881,Voter,15,6,6.,1,false,true,false,false,72.,64.,70.,60.,8.71544004762
0.818997079881,Voter,15,6,11.,1,false,true,false,false,72.,64.,70.,60.,8.80498655343
0.818997079881,Voter,15,6,16.,1,false,true,false,false,72.,64.,70.,60.,8.80590659609
0.818997079881,Voter,15,6,21.,1,false,true,false,false,72.,64.,70.,60.,8.80591604904
0.818997079881,Voter,15,6,26.,1,false,true,false,false,72.,64.,70.,60.,8.80591614617
0.818997079881,Voter,15,6,31.,1,false,true,false,false,72.,64.,70.,60.,8.80591614716
0.818997079881,Voter,15,6,36.,1,false,true,false,false,72.,64.,70.,60.,8.80591614717
0.818997079881,Voter,15,6,41.,1,false,true,false,false,72.,64.,70.,60.,8.80591614717
0.818997079881,Voter,15,6,46.,1,false,true,false,false,72.,64.,70.,60.,8.80591614717
0.818997079881,Voter,15,6,51.,1,false,true,false,false,72.,64.,70.,60.,8.80591614717
1.218492185,Sample,15,6,1.,1,false,true,false,false,34.,32.,76.,70.,0.
1.218492185,Sample,15,6,6.,1,false,true,false,false,126.,100.,112.,92.,10.8025557282
1.218492185,Sample,15,6,11.,1,false,true,false,false,136.,104.,114.,94.,11.1689762415
1.218492185,Sample,15,6,16.,1,false,true,false,false,136.,104.,114.,94.,11.1814051515
1.218492185,Sample,15,6,21.,1,false,true,false,false,136.,104.,114.,94.,11.1818267376
1.218492185,Sample,15,6,26.,1,false,true,false,false,136.,104.,114.,94.,11.1818410378
1.218492185,Sample,15,6,31.,1,false,true,false,false,136.,104.,114.,94.,11.1818415228
1.218492185,Sample,15,6,36.,1,false,true,false,false,136.,104.,114.,94.,11.1818415393
1.218492185,Sample,15,6,41.,1,false,true,false,false,136.,104.,114.,94.,11.1818415398
1.218492185,Sample,15,6,46.,1,false,true,false,false,136.,104.,114.,94.,11.1818415398
1.218492185,Sample,15,6,51.,1,false,true,false,false,136.,104.,114.,94.,11.1818415398
0.880448085961,Voter,15,5,1.,1,false,true,false,false,44.,42.,66.,56.,0.
0.880448085961,Voter,15,5,6.,1,false,true,false,false,64.,52.,74.,58.,9.11655425094
0.880448085961,Voter,15,5,11.,1,false,true,false,false,66.,52.,76.,58.,9.23551177111
0.880448085961,Voter,15,5,16.,1,false,true,false,false,66.,52.,76.,58.,9.23706399042
0.880448085961,Voter,15,5,21.,1,false,true,false,false,66.,52.,76.,58.,9.23708424458
0.880448085961,Voter,15,5,26.,1,false,true,false,false,66.,52.,76.,58.,9.23708450887
0.880448085961,Voter,15,5,31.,1,false,true,false,false,66.,52.,76.,58.,9.23708451232
0.880448085961,Voter,15,5,36.,1,false,true,false,false,66.,52.,76.,58.,9.23708451236
0.880448085961,Voter,15,5,41.,1,false,true,false,false,66.,52.,76.,58.,9.23708451237
0.880448085961,Voter,15,5,46.,1,false,true,false,false,66.,52.,76.,58.,9.23708451237
0.880448085961,Voter,15,5,51.,1,false,true,false,false,66.,52.,76.,58.,9.23708451237
0.826353097772,Sample,15,3,1.,1,false,true,false,false,0.,0.,6.,6.,0.
0.826353097772,Sample,15,3,6.,1,false,true,false,false,6.,6.,0.,0.,8.7652561165
0.826353097772,Sample,15,3,11.,1,false,true,false,false,6.,6.,0.,0.,8.85806487193
0.826353097772,Sample,15,3,16.,1,false,true,false,false,6.,6.,0.,0.,8.85904755458
0.826353097772,Sample,15,3,21.,1,false,true,false,false,6.,6.,0.,0.,8.85905795947
0.826353097772,Sample,15,3,26.,1,false,true,false,false,6.,6.,0.,0.,8.85905806964
0.826353097772,Sample,15,3,31.,1,false,true,false,false,6.,6.,0.,0.,8.85905807081
0.826353097772,Sample,15,3,36.,1,false,true,false,false,6.,6.,0.,0.,8.85905807082
0.826353097772,Sample,15,3,41.,1,false,true,false,false,6.,6.,0.,0.,8.85905807082
0.826353097772,Sample,15,3,46.,1,false,true,false,false,6.,6.,0.,0.,8.85905807082
0.826353097772,Sample,15,3,51.,1,false,true,false,false,6.,6.,0.,0.,8.85905807082
0.889440911649,Sample,15,7,1.,1,false,true,false,false,56.,48.,102.,86.,0.
0.889440911649,Sample,15,7,6.,1,false,true,false,false,150.,120.,132.,112.,9.17246486607
0.889440911649,Sample,15,7,11.,1,false,true,false,false,156.,126.,134.,114.,9.2961394956
0.889440911649,Sample,15,7,16.,1,false,true,false,false,156.,126.,134.,114.,9.29780703145
0.889440911649,Sample,15,7,21.,1,false,true,false,false,156.,126.,134.,114.,9.29782951525
0.889440911649,Sample,15,7,26.,1,false,true,false,false,156.,126.,134.,114.,9.29782981841
0.889440911649,Sample,15,7,31.,1,false,true,false,false,156.,126.,134.,114.,9.2978298225
0.889440911649,Sample,15,7,36.,1,false,true,false,false,156.,126.,134.,114.,9.29782982255
0.889440911649,Sample,15,7,41.,1,false,true,false,false,156.,126.,134.,114.,9.29782982255
0.889440911649,Sample,15,7,46.,1,false,true,false,false,156.,126.,134.,114.,9.29782982255
0.889440911649,Sample,15,7,51.,1,false,true,false,false,156.,126.,134.,114.,9.29782982255
1.33896593399,Voter,15,3,1.,1,false,true,false,false,8.,8.,12.,10.,0.
1.33896593399,Voter,15,3,6.,1,false,true,false,false,12.,10.,8.,8.,11.2312637628
1.33896593399,Voter,15,3,11.,1,false,true,false,false,12.,10.,8.,8.,11.7170900088
1.33896593399,Voter,15,3,16.,1,false,true,false,false,12.,10.,8.,8.,11.7381051987
1.33896593399,Voter,15,3,21.,1,false,true,false,false,12.,10.,8.,8.,11.7390142443
1.33896593399,Voter,15,3,26.,1,false,true,false,false,12.,10.,8.,8.,11.7390535665
1.33896593399,Voter,15,3,31.,1,false,true,false,false,12.,10.,8.,8.,11.7390552675
1.33896593399,Voter,15,3,36.,1,false,true,false,false,12.,10.,8.,8.,11.7390553411
1.33896593399,Voter,15,3,41.,1,false,true,false,false,12.,10.,8.,8.,11.7390553442
1.33896593399,Voter,15,3,46.,1,false,true,false,false,12.,10.,8.,8.,11.7390553444
1.33896593399,Voter,15,3,51.,1,false,true,false,false,12.,10.,8.,8.,11.7390553444
1.05501765249,Voter,15,4,1.,1,false,true,false,false,10.,10.,14.,14.,0.
1.05501765249,Voter,15,4,6.,1,false,true,false,false,22.,18.,14.,14.,10.0866914471
1.05501765249,Voter,15,4,11.,1,false,true,false,false,22.,18.,14.,14.,10.3159368575
1.05501765249,Voter,15,4,16.,1,false,true,false,false,22.,18.,14.,14.,10.3211470355
1.05501765249,Voter,15,4,21.,1,false,true,false,false,22.,18.,14.,14.,10.3212654499
1.05501765249,Voter,15,4,26.,1,false,true,false,false,22.,18.,14.,14.,10.3212681412
1.05501765249,Voter,15,4,31.,1,false,true,false,false,22.,18.,14.,14.,10.3212682023
1.05501765249,Voter,15,4,36.,1,false,true,false,false,22.,18.,14.,14.,10.3212682037
1.05501765249,Voter,15,4,41.,1,false,true,false,false,22.,18.,14.,14.,10.3212682037
1.05501765249,Voter,15,4,46.,1,false,true,false,false,22.,18.,14.,14.,10.3212682037
1.05501765249,Voter,15,4,51.,1,false,true,false,false,22.,18.,14.,14.,10.3212682037
1.15074542896,Voter,15,6,1.,1,false,true,false,false,40.,38.,74.,68.,0.
1.15074542896,Voter,15,6,6.,1,false,true,false,false,92.,80.,70.,68.,10.526070311
1.15074542896,Voter,15,6,11.,1,false,true,false,false,92.,80.,70.,68.,10.8319250776
1.15074542896,Voter,15,6,16.,1,false,true,false,false,92.,80.,70.,68.,10.8408122629
1.15074542896,Voter,15,6,21.,1,false,true,false,false,92.,80.,70.,68.,10.8410704968
1.15074542896,Voter,15,6,26.,1,false,true,false,false,92.,80.,70.,68.,10.8410780003
1.15074542896,Voter,15,6,31.,1,false,true,false,false,92.,80.,70.,68.,10.8410782183
1.15074542896,Voter,15,6,36.,1,false,true,false,false,92.,80.,70.,68.,10.8410782247
1.15074542896,Voter,15,6,41.,1,false,true,false,false,92.,80.,70.,68.,10.8410782248
1.15074542896,Voter,15,6,46.,1,false,true,false,false,92.,80.,70.,68.,10.8410782249
1.15074542896,Voter,15,6,51.,1,false,true,false,false,92.,80.,70.,68.,10.8410782249
1.04855501409,Sample,15,6,1.,1,false,true,false,false,26.,24.,72.,66.,0.
1.04855501409,Sample,15,6,6.,1,false,true,false,false,220.,168.,246.,186.,10.0548277083
1.04855501409,Sample,15,6,11.,1,false,true,false,false,226.,172.,248.,186.,10.2792992538
1.04855501409,Sample,15,6,16.,1,false,true,false,false,226.,172.,248.,186.,10.2843105256
1.04855501409,Sample,15,6,21.,1,false,true,false,false,226.,172.,248.,186.,10.284422401
1.04855501409,Sample,15,6,26.,1,false,true,false,false,226.,172.,248.,186.,10.2844248986
1.04855501409,Sample,15,6,31.,1,false,true,false,false,226.,172.,248.,186.,10.2844249544
1.04855501409,Sample,15,6,36.,1,false,true,false,false,226.,172.,248.,186.,10.2844249556
1.04855501409,Sample,15,6,41.,1,false,true,false,false,226.,172.,248.,186.,10.2844249557
1.04855501409,Sample,15,6,46.,1,false,true,false,false,226.,172.,248.,186.,10.2844249557
1.04855501409,Sample,15,6,51.,1,false,true,false,false,226.,172.,248.,186.,10.2844249557
1.0542740569,Voter,15,5,1.,1,false,true,false,false,10.,10.,28.,24.,0.
1.0542740569,Voter,15,5,6.,1,false,true,false,false,34.,30.,8.,8.,10.0830399204
1.0542740569,Voter,15,5,11.,1,false,true,false,false,34.,30.,8.,8.,10.3117334208
1.0542740569,Voter,15,5,16.,1,false,true,false,false,34.,30.,8.,8.,10.3169204197
1.0542740569,Voter,15,5,21.,1,false,true,false,false,34.,30.,8.,8.,10.317038066
1.0542740569,Voter,15,5,26.,1,false,true,false,false,34.,30.,8.,8.,10.3170407344
1.0542740569,Voter,15,5,31.,1,false,true,false,false,34.,30.,8.,8.,10.3170407949
1.0542740569,Voter,15,5,36.,1,false,true,false,false,34.,30.,8.,8.,10.3170407963
1.0542740569,Voter,15,5,41.,1,false,true,false,false,34.,30.,8.,8.,10.3170407963
1.0542740569,Voter,15,5,46.,1,false,true,false,false,34.,30.,8.,8.,10.3170407963
1.0542740569,Voter,15,5,51.,1,false,true,false,false,34.,30.,8.,8.,10.3170407963
0.870249775742,Sample,15,4,1.,1,false,true,false,false,6.,6.,34.,32.,0.
0.870249775742,Sample,15,4,6.,1,false,true,false,false,34.,34.,38.,32.,9.05230624749
0.870249775742,Sample,15,4,11.,1,false,true,false,false,34.,34.,38.,32.,9.16604224096
0.870249775742,Sample,15,4,16.,1,false,true,false,false,34.,34.,38.,32.,9.16747125538
0.870249775742,Sample,15,4,21.,1,false,true,false,false,34.,34.,38.,32.,9.16748920996
0.870249775742,Sample,15,4,26.,1,false,true,false,false,34.,34.,38.,32.,9.16748943555
0.870249775742,Sample,15,4,31.,1,false,true,false,false,34.,34.,38.,32.,9.16748943839
0.870249775742,Sample,15,4,36.,1,false,true,false,false,34.,34.,38.,32.,9.16748943842
0.870249775742,Sample,15,4,41.,1,false,true,false,false,34.,34.,38.,32.,9.16748943842
0.870249775742,Sample,15,4,46.,1,false,true,false,false,34.,34.,38.,32.,9.16748943842
0.870249775742,Sample,15,4,51.,1,false,true,false,false,34.,34.,38.,32.,9.16748943842
1.37678771605,Sample,15,7,1.,1,false,true,false,false,30.,28.,98.,82.,0.
1.37678771605,Sample,15,7,6.,1,false,true,false,false,142.,118.,122.,108.,11.35066655
1.37678771605,Sample,15,7,11.,1,false,true,false,false,146.,120.,118.,106.,11.8767677354
1.37678771605,Sample,15,7,16.,1,false,true,false,false,146.,120.,118.,106.,11.9011524229
1.37678771605,Sample,15,7,21.,1,false,true,false,false,146.,120.,118.,106.,11.9022826485
1.37678771605,Sample,15,7,26.,1,false,true,false,false,146.,120.,118.,106.,11.9023350342
1.37678771605,Sample,15,7,31.,1,false,true,false,false,146.,120.,118.,106.,11.9023374623
1.37678771605,Sample,15,7,36.,1,false,true,false,false,146.,120.,118.,106.,11.9023375748
1.37678771605,Sample,15,7,41.,1,false,true,false,false,146.,120.,118.,106.,11.90233758
1.37678771605,Sample,15,7,46.,1,false,true,false,false,146.,120.,118.,106.,11.9023375803
1.37678771605,Sample,15,7,51.,1,false,true,false,false,146.,120.,118.,106.,11.9023375803
0.844165529452,Voter,15,6,1.,1,false,true,false,false,78.,62.,106.,94.,0.
0.844165529452,Voter,15,6,6.,1,false,true,false,false,118.,88.,138.,110.,8.88382395602
0.844165529452,Voter,15,6,11.,1,false,true,false,false,118.,88.,138.,110.,8.98482240542
0.844165529452,Voter,15,6,16.,1,false,true,false,false,118.,88.,138.,110.,8.98597063695
0.844165529452,Voter,15,6,21.,1,false,true,false,false,118.,88.,138.,110.,8.98598369097
0.844165529452,Voter,15,6,26.,1,false,true,false,false,118.,88.,138.,110.,8.98598383938
0.844165529452,Voter,15,6,31.,1,false,true,false,false,118.,88.,138.,110.,8.98598384107
0.844165529452,Voter,15,6,36.,1,false,true,false,false,118.,88.,138.,110.,8.98598384109
0.844165529452,Voter,15,6,41.,1,false,true,false,false,118.,88.,138.,110.,8.98598384109
0.844165529452,Voter,15,6,46.,1,false,true,false,false,118.,88.,138.,110.,8.98598384109
0.844165529452,Voter,15,6,51.,1,false,true,false,false,118.,88.,138.,110.,8.98598384109
1.35805914848,Sample,15,3,1.,1,false,true,false,false,2.,2.,12.,12.,0.
1.35805914848,Sample,15,3,6.,1,false,true,false,false,14.,12.,12.,12.,11.2923982155
1.35805914848,Sample,15,3,11.,1,false,true,false,false,14.,12.,12.,12.,11.7984010507
1.35805914848,Sample,15,3,16.,1,false,true,false,false,14.,12.,12.,12.,11.8210746108
1.35805914848,Sample,15,3,21.,1,false,true,false,false,14.,12.,12.,12.,11.8220905939
1.35805914848,Sample,15,3,26.,1,false,true,false,false,14.,12.,12.,12.,11.8221361192
1.35805914848,Sample,15,3,31.,1,false,true,false,false,14.,12.,12.,12.,11.8221381592
1.35805914848,Sample,15,3,36.,1,false,true,false,false,14.,12.,12.,12.,11.8221382506
1.35805914848,Sample,15,3,41.,1,false,true,false,false,14.,12.,12.,12.,11.8221382547
1.35805914848,Sample,15,3,46.,1,false,true,false,false,14.,12.,12.,12.,11.8221382549
1.35805914848,Sample,15,3,51.,1,false,true,false,false,14.,12.,12.,12.,11.8221382549
0.953052745663,Sample,15,7,1.,1,false,true,false,false,12.,12.,70.,60.,0.
0.953052745663,Sample,15,7,6.,1,false,true,false,false,134.,108.,124.,106.,9.54875954354
0.953052745663,Sample,15,7,11.,1,false,true,false,false,132.,108.,122.,106.,9.7088167661
0.953052745663,Sample,15,7,16.,1,false,true,false,false,132.,108.,122.,106.,9.71149966061
0.953052745663,Sample,15,7,21.,1,false,true,false,false,132.,108.,122.,106.,9.71154463154
0.953052745663,Sample,15,7,26.,1,false,true,false,false,132.,108.,122.,106.,9.71154538535
0.953052745663,Sample,15,7,31.,1,false,true,false,false,132.,108.,122.,106.,9.71154539798
0.953052745663,Sample,15,7,36.,1,false,true,false,false,132.,108.,122.,106.,9.71154539819
0.953052745663,Sample,15,7,41.,1,false,true,false,false,132.,108.,122.,106.,9.7115453982
0.953052745663,Sample,15,7,46.,1,false,true,false,false,132.,108.,122.,106.,9.7115453982
0.953052745663,Sample,15,7,51.,1,false,true,false,false,132.,108.,122.,106.,9.7115453982
1.21608877202,Voter,15,5,1.,1,false,true,false,false,12.,12.,40.,40.,0.
1.21608877202,Voter,15,5,6.,1,false,true,false,false,42.,38.,34.,32.,10.7932046711
1.21608877202,Voter,15,5,11.,1,false,true,false,false,42.,38.,34.,32.,11.1573913451
1.21608877202,Voter,15,5,16.,1,false,true,false,false,42.,38.,34.,32.,11.1696798115
1.21608877202,Voter,15,5,21.,1,false,true,false,false,42.,38.,34.,32.,11.1700944517
1.21608877202,Voter,15,5,26.,1,false,true,false,false,42.,38.,34.,32.,11.1701084426
1.21608877202,Voter,15,5,31.,1,false,true,false,false,42.,38.,34.,32.,11.1701089146
1.21608877202,Voter,15,5,36.,1,false,true,false,false,42.,38.,34.,32.,11.1701089306
1.21608877202,Voter,15,5,41.,1,false,true,false,false,42.,38.,34.,32.,11.1701089311
1.21608877202,Voter,15,5,46.,1,false,true,false,false,42.,38.,34.,32.,11.1701089311
1.21608877202,Voter,15,5,51.,1,false,true,false,false,42.,38.,34.,32.,11.1701089311
1.03564985314,Sample,15,3,1.,1,false,true,false,false,0.,0.,6.,6.,0.
1.03564985314,Sample,15,3,6.,1,false,true,false,false,6.,6.,0.,0.,9.99032660854
1.03564985314,Sample,15,3,11.,1,false,true,false,false,8.,8.,2.,2.,10.2054202468
1.03564985314,Sample,15,3,16.,1,false,true,false,false,8.,8.,2.,2.,10.2100512539
1.03564985314,Sample,15,3,21.,1,false,true,false,false,8.,8.,2.,2.,10.2101509604
1.03564985314,Sample,15,3,26.,1,false,true,false,false,8.,8.,2.,2.,10.2101531071
1.03564985314,Sample,15,3,31.,1,false,true,false,false,8.,8.,2.,2.,10.2101531533
1.03564985314,Sample,15,3,36.,1,false,true,false,false,8.,8.,2.,2.,10.2101531543
1.03564985314,Sample,15,3,41.,1,false,true,false,false,8.,8.,2.,2.,10.2101531543
1.03564985314,Sample,15,3,46.,1,false,true,false,false,8.,8.,2.,2.,10.2101531543
1.03564985314,Sample,15,3,51.,1,false,true,false,false,8.,8.,2.,2.,10.2101531543
0.838060502891,Sample,15,5,1.,1,false,true,false,false,26.,24.,52.,44.,0.
0.838060502891,Sample,15,5,6.,1,false,true,false,false,76.,68.,62.,54.,8.84351184373
0.838060502891,Sample,15,5,11.,1,false,true,false,false,78.,70.,64.,56.,8.94165699648
0.838060502891,Sample,15,5,16.,1,false,true,false,false,78.,70.,64.,56.,8.94274620982
0.838060502891,Sample,15,5,21.,1,false,true,false,false,78.,70.,64.,56.,8.94275829789
0.838060502891,Sample,15,5,26.,1,false,true,false,false,78.,70.,64.,56.,8.94275843204
0.838060502891,Sample,15,5,31.,1,false,true,false,false,78.,70.,64.,56.,8.94275843353
0.838060502891,Sample,15,5,36.,1,false,true,false,false,78.,70.,64.,56.,8.94275843355
0.838060502891,Sample,15,5,41.,1,false,true,false,false,78.,70.,64.,56.,8.94275843355
0.838060502891,Sample,15,5,46.,1,false,true,false,false,78.,70.,64.,56.,8.94275843355
0.838060502891,Sample,15,5,51.,1,false,true,false,false,78.,70.,64.,56.,8.94275843355
1.12657335698,Voter,15,4,1.,1,false,true,false,false,8.,8.,16.,14.,0.
1.12657335698,Voter,15,4,6.,1,false,true,false,false,20.,20.,8.,8.,10.4207070657
1.12657335698,Voter,15,4,11.,1,false,true,false,false,20.,20.,8.,8.,10.706196674
1.12657335698,Voter,15,4,16.,1,false,true,false,false,20.,20.,8.,8.,10.7140180546
1.12657335698,Voter,15,4,21.,1,false,true,false,false,20.,20.,8.,8.,10.7142323321
1.12657335698,Voter,15,4,26.,1,false,true,false,false,20.,20.,8.,8.,10.7142382025
1.12657335698,Voter,15,4,31.,1,false,true,false,false,20.,20.,8.,8.,10.7142383634
1.12657335698,Voter,15,4,36.,1,false,true,false,false,20.,20.,8.,8.,10.7142383678
1.12657335698,Voter,15,4,41.,1,false,true,false,false,20.,20.,8.,8.,10.7142383679
1.12657335698,Voter,15,4,46.,1,false,true,false,false,20.,20.,8.,8.,10.7142383679
1.12657335698,Voter,15,4,51.,1,false,true,false,false,20.,20.,8.,8.,10.7142383679
1.24517738795,Sample,15,4,1.,1,false,true,false,false,4.,4.,26.,26.,0.
1.24517738795,Sample,15,4,6.,1,false,true,false,false,34.,32.,36.,36.,10.9042033168
1.24517738795,Sample,15,4,11.,1,false,true,false,false,36.,34.,34.,34.,11.2958319892
1.24517738795,Sample,15,4,16.,1,false,true,false,false,36.,34.,34.,34.,11.3098974842
1.24517738795,Sample,15,4,21.,1,false,true,false,false,36.,34.,34.,34.,11.3104026518
1.24517738795,Sample,15,4,26.,1,false,true,false,false,36.,34.,34.,34.,11.3104207951
1.24517738795,Sample,15,4,31.,1,false,true,false,false,36.,34.,34.,34.,11.3104214467
1.24517738795,Sample,15,4,36.,1,false,true,false,false,36.,34.,34.,34.,11.3104214702
1.24517738795,Sample,15,4,41.,1,false,true,false,false,36.,34.,34.,34.,11.310421471
1.24517738795,Sample,15,4,46.,1,false,true,false,false,36.,34.,34.,34.,11.310421471
1.24517738795,Sample,15,4,51.,1,false,true,false,false,36.,34.,34.,34.,11.310421471
1.20040868235,Sample,15,6,1.,1,false,true,false,false,16.,16.,52.,44.,0.
1.20040868235,Sample,15,6,6.,1,false,true,false,false,86.,72.,82.,70.,10.7313876567
1.20040868235,Sample,15,6,11.,1,false,true,false,false,94.,78.,82.,70.,11.0811514635
1.20040868235,Sample,15,6,16.,1,false,true,false,false,94.,78.,82.,70.,11.0925511747
1.20040868235,Sample,15,6,21.,1,false,true,false,false,94.,78.,82.,70.,11.0929227209
1.20040868235,Sample,15,6,26.,1,false,true,false,false,94.,78.,82.,70.,11.0929348306
1.20040868235,Sample,15,6,31.,1,false,true,false,false,94.,78.,82.,70.,11.0929352253
1.20040868235,Sample,15,6,36.,1,false,true,false,false,94.,78.,82.,70.,11.0929352381
1.20040868235,Sample,15,6,41.,1,false,true,false,false,94.,78.,82.,70.,11.0929352385
1.20040868235,Sample,15,6,46.,1,false,true,false,false,94.,78.,82.,70.,11.0929352386
1.20040868235,Sample,15,6,51.,1,false,true,false,false,94.,78.,82.,70.,11.0929352386
0.826522400835,Sample,15,6,1.,1,false,true,false,false,32.,30.,64.,58.,0.
0.826522400835,Sample,15,6,6.,1,false,true,false,false,120.,96.,104.,82.,8.7663967609
0.826522400835,Sample,15,6,11.,1,false,true,false,false,120.,96.,104.,82.,8.85928142211
0.826522400835,Sample,15,6,16.,1,false,true,false,false,120.,96.,104.,82.,8.86026558476
0.826522400835,Sample,15,6,21.,1,false,true,false,false,120.,96.,104.,82.,8.86027601249
0.826522400835,Sample,15,6,26.,1,false,true,false,false,120.,96.,104.,82.,8.86027612298
0.826522400835,Sample,15,6,31.,1,false,true,false,false,120.,96.,104.,82.,8.86027612415
0.826522400835,Sample,15,6,36.,1,false,true,false,false,120.,96.,104.,82.,8.86027612416
0.826522400835,Sample,15,6,41.,1,false,true,false,false,120.,96.,104.,82.,8.86027612416
0.826522400835,Sample,15,6,46.,1,false,true,false,false,120.,96.,104.,82.,8.86027612416
0.826522400835,Sample,15,6,51.,1,false,true,false,false,120.,96.,104.,82.,8.86027612416
1.18133746208,Voter,15,6,1.,1,false,true,false,false,44.,38.,76.,70.,0.
1.18133746208,Voter,15,6,6.,1,false,true,false,false,98.,78.,82.,68.,10.6542801174
1.18133746208,Voter,15,6,11.,1,false,true,false,false,98.,78.,82.,68.,10.9868596618
1.18133746208,Voter,15,6,16.,1,false,true,false,false,98.,78.,82.,68.,10.9972413255
1.18133746208,Voter,15,6,21.,1,false,true,false,false,98.,78.,82.,68.,10.9975653952
1.18133746208,Voter,15,6,26.,1,false,true,false,false,98.,78.,82.,68.,10.9975755112
1.18133746208,Voter,15,6,31.,1,false,true,false,false,98.,78.,82.,68.,10.997575827
1.18133746208,Voter,15,6,36.,1,false,true,false,false,98.,78.,82.,68.,10.9975758369
1.18133746208,Voter,15,6,41.,1,false,true,false,false,98.,78.,82.,68.,10.9975758372
1.18133746208,Voter,15,6,46.,1,false,true,false,false,98.,78.,82.,68.,10.9975758372
1.18133746208,Voter,15,6,51.,1,false,true,false,false,98.,78.,82.,68.,10.9975758372
0.806634798346,Voter,15,5,1.,1,false,true,false,false,26.,24.,48.,38.,0.
0.806634798346,Voter,15,5,6.,1,false,true,false,false,44.,36.,38.,34.,8.63058168911
0.806634798346,Voter,15,5,11.,1,false,true,false,false,44.,36.,38.,34.,8.71480286378
0.806634798346,Voter,15,5,16.,1,false,true,false,false,44.,36.,38.,34.,8.71562473263
0.806634798346,Voter,15,5,21.,1,false,true,false,false,44.,36.,38.,34.,8.71563275281
0.806634798346,Voter,15,5,26.,1,false,true,false,false,44.,36.,38.,34.,8.71563283107
0.806634798346,Voter,15,5,31.,1,false,true,false,false,44.,36.,38.,34.,8.71563283183
0.806634798346,Voter,15,5,36.,1,false,true,false,false,44.,36.,38.,34.,8.71563283184
0.806634798346,Voter,15,5,41.,1,false,true,false,false,44.,36.,38.,34.,8.71563283184
0.806634798346,Voter,15,5,46.,1,false,true,false,false,44.,36.,38.,34.,8.71563283184
0.806634798346,Voter,15,5,51.,1,false,true,false,false,44.,36.,38.,34.,8.71563283184
1.35000200473,Sample,15,3,1.,1,false,true,false,false,0.,0.,6.,6.,0.
1.35000200473,Sample,15,3,6.,1,false,true,false,false,6.,6.,0.,0.,11.2668155837
1.35000200473,Sample,15,3,11.,1,false,true,false,false,6.,6.,0.,0.,11.7642649944
1.35000200473,Sample,15,3,16.,1,false,true,false,false,6.,6.,0.,0.,11.7862282469
1.35000200473,Sample,15,3,21.,1,false,true,false,false,6.,6.,0.,0.,11.7871979625
1.35000200473,Sample,15,3,26.,1,false,true,false,false,6.,6.,0.,0.,11.7872407772
1.35000200473,Sample,15,3,31.,1,false,true,false,false,6.,6.,0.,0.,11.7872426675
1.35000200473,Sample,15,3,36.,1,false,true,false,false,6.,6.,0.,0.,11.787242751
1.35000200473,Sample,15,3,41.,1,false,true,false,false,6.,6.,0.,0.,11.7872427546
1.35000200473,Sample,15,3,46.,1,false,true,false,false,6.,6.,0.,0.,11.7872427548
1.35000200473,Sample,15,3,51.,1,false,true,false,false,6.,6.,0.,0.,11.7872427548
1.33810903897,Voter,15,4,1.,1,false,true,false,false,2.,2.,16.,12.,0.
1.33810903897,Voter,15,4,6.,1,false,true,false,false,22.,20.,12.,12.,11.2284784505
1.33810903897,Voter,15,4,11.,1,false,true,false,false,22.,20.,12.,12.,11.7134067462
1.33810903897,Voter,15,4,16.,1,false,true,false,false,22.,20.,12.,12.,11.7343495171
1.33810903897,Voter,15,4,21.,1,false,true,false,false,22.,20.,12.,12.,11.73525398
1.33810903897,Voter,15,4,26.,1,false,true,false,false,22.,20.,12.,12.,11.7352930414
1.33810903897,Voter,15,4,31.,1,false,true,false,false,22.,20.,12.,12.,11.7352947283
1.33810903897,Voter,15,4,36.,1,false,true,false,false,22.,20.,12.,12.,11.7352948012
1.33810903897,Voter,15,4,41.,1,false,true,false,false,22.,20.,12.,12.,11.7352948043
1.33810903897,Voter,15,4,46.,1,false,true,false,false,22.,20.,12.,12.,11.7352948045
1.33810903897,Voter,15,4,51.,1,false,true,false,false,22.,20.,12.,12.,11.7352948045
1.28204476533,Sample,15,7,1.,1,false,true,false,false,26.,26.,88.,72.,0.
1.28204476533,Sample,15,7,6.,1,false,true,false,false,192.,142.,190.,140.,11.0382337468
1.28204476533,Sample,15,7,11.,1,false,true,false,false,206.,150.,188.,138.,11.4658802734
1.28204476533,Sample,15,7,16.,1,false,true,false,false,206.,150.,188.,138.,11.482448282
1.28204476533,Sample,15,7,21.,1,false,true,false,false,206.,150.,188.,138.,11.4830901647
1.28204476533,Sample,15,7,26.,1,false,true,false,false,206.,150.,188.,138.,11.4831150327
1.28204476533,Sample,15,7,31.,1,false,true,false,false,206.,150.,188.,138.,11.4831159961
1.28204476533,Sample,15,7,36.,1,false,true,false,false,206.,150.,188.,138.,11.4831160334
1.28204476533,Sample,15,7,41.,1,false,true,false,false,206.,150.,188.,138.,11.4831160349
1.28204476533,Sample,15,7,46.,1,false,true,false,false,206.,150.,188.,138.,11.4831160349
1.28204476533,Sample,15,7,51.,1,false,true,false,false,206.,150.,188.,138.,11.4831160349
0.876460929753,Voter,15,4,1.,1,false,true,false,false,16.,14.,20.,18.,0.
0.876460929753,Voter,15,4,6.,1,false,true,false,false,26.,24.,18.,18.,9.0915429079
0.876460929753,Voter,15,4,11.,1,false,true,false,false,26.,24.,18.,18.,9.2084428266
0.876460929753,Voter,15,4,16.,1,false,true,false,false,26.,24.,18.,18.,9.20994593681
0.876460929753,Voter,15,4,21.,1,false,true,false,false,26.,24.,18.,18.,9.20996526394
0.876460929753,Voter,15,4,26.,1,false,true,false,false,26.,24.,18.,18.,9.20996551245
0.876460929753,Voter,15,4,31.,1,false,true,false,false,26.,24.,18.,18.,9.20996551565
0.876460929753,Voter,15,4,36.,1,false,true,false,false,26.,24.,18.,18.,9.20996551569
0.876460929753,Voter,15,4,41.,1,false,true,false,false,26.,24.,18.,18.,9.20996551569
0.876460929753,Voter,15,4,46.,1,false,true,false,false,26.,24.,18.,18.,9.20996551569
0.876460929753,Voter,15,4,51.,1,false,true,false,false,26.,24.,18.,18.,9.20996551569
1.35390708713,Sample,15,6,1.,1,false,true,false,false,20.,20.,62.,60.,0.
1.35390708713,Sample,15,6,6.,1,false,true,false,false,162.,132.,200.,150.,11.2792538636
1.35390708713,Sample,15,6,11.,1,false,true,false,false,200.,154.,222.,162.,11.7808418161
1.35390708713,Sample,15,6,16.,1,false,true,false,false,200.,154.,222.,162.,11.8031474116
1.35390708713,Sample,15,6,21.,1,false,true,false,false,200.,154.,222.,162.,11.8041393405
1.35390708713,Sample,15,6,26.,1,false,true,false,false,200.,154.,222.,162.,11.8041834516
1.35390708713,Sample,15,6,31.,1,false,true,false,false,200.,154.,222.,162.,11.8041854132
1.35390708713,Sample,15,6,36.,1,false,true,false,false,200.,154.,222.,162.,11.8041855004
1.35390708713,Sample,15,6,41.,1,false,true,false,false,200.,154.,222.,162.,11.8041855043
1.35390708713,Sample,15,6,46.,1,false,true,false,false,200.,154.,222.,162.,11.8041855045
1.35390708713,Sample,15,6,51.,1,false,true,false,false,200.,154.,222.,162.,11.8041855045
1.24867455572,Sample,15,3,1.,1,false,true,false,false,6.,6.,14.,12.,0.
1.24867455572,Sample,15,3,6.,1,false,true,false,false,14.,12.,10.,10.,10.9172322304
1.24867455572,Sample,15,3,11.,1,false,true,false,false,16.,14.,12.,12.,11.3122189317
1.24867455572,Sample,15,3,16.,1,false,true,false,false,16.,14.,12.,12.,11.3265095953
1.24867455572,Sample,15,3,21.,1,false,true,false,false,16.,14.,12.,12.,11.3270266332
1.24867455572,Sample,15,3,26.,1,false,true,false,false,16.,14.,12.,12.,11.3270453397
1.24867455572,Sample,15,3,31.,1,false,true,false,false,16.,14.,12.,12.,11.3270460165
1.24867455572,Sample,15,3,36.,1,false,true,false,false,16.,14.,12.,12.,11.327046041
1.24867455572,Sample,15,3,41.,1,false,true,false,false,16.,14.,12.,12.,11.3270460418
1.24867455572,Sample,15,3,46.,1,false,true,false,false,16.,14.,12.,12.,11.3270460419
1.24867455572,Sample,15,3,51.,1,false,true,false,false,16.,14.,12.,12.,11.3270460419
0.982537317522,Voter,15,3,1.,1,false,true,false,false,8.,8.,14.,14.,0.
0.982537317522,Voter,15,3,6.,1,false,true,false,false,18.,16.,16.,16.,9.71224823431
0.982537317522,Voter,15,3,11.,1,false,true,false,false,18.,16.,16.,16.,9.89095128355
0.982537317522,Voter,15,3,16.,1,false,true,false,false,18.,16.,16.,16.,9.894239377
0.982537317522,Voter,15,3,21.,1,false,true,false,false,18.,16.,16.,16.,9.89429987714
0.982537317522,Voter,15,3,26.,1,false,true,false,false,18.,16.,16.,16.,9.89430099033
0.982537317522,Voter,15,3,31.,1,false,true,false,false,18.,16.,16.,16.,9.89430101081
0.982537317522,Voter,15,3,36.,1,false,true,false,false,18.,16.,16.,16.,9.89430101119
0.982537317522,Voter,15,3,41.,1,false,true,false,false,18.,16.,16.,16.,9.89430101119
0.982537317522,Voter,15,3,46.,1,false,true,false,false,18.,16.,16.,16.,9.89430101119
0.982537317522,Voter,15,3,51.,1,false,true,false,false,18.,16.,16.,16.,9.89430101119
1.27299254294,Voter,15,3,1.,1,false,true,false,false,0.,0.,6.,6.,0.
1.27299254294,Voter,15,3,6.,1,false,true,false,false,6.,6.,0.,0.,11.0059977795
1.27299254294,Voter,15,3,11.,1,false,true,false,false,6.,6.,0.,0.,11.4246756964
1.27299254294,Voter,15,3,16.,1,false,true,false,false,6.,6.,0.,0.,11.4406025757
1.27299254294,Voter,15,3,21.,1,false,true,false,false,6.,6.,0.,0.,11.4412084483
1.27299254294,Voter,15,3,26.,1,false,true,false,false,6.,6.,0.,0.,11.4412314963
1.27299254294,Voter,15,3,31.,1,false,true,false,false,6.,6.,0.,0.,11.441232373
1.27299254294,Voter,15,3,36.,1,false,true,false,false,6.,6.,0.,0.,11.4412324064
1.27299254294,Voter,15,3,41.,1,false,true,false,false,6.,6.,0.,0.,11.4412324076
1.27299254294,Voter,15,3,46.,1,false,true,false,false,6.,6.,0.,0.,11.4412324077
1.27299254294,Voter,15,3,51.,1,false,true,false,false,6.,6.,0.,0.,11.4412324077
1.1410110299,Sample,15,3,1.,1,false,true,false,false,2.,2.,14.,14.,0.
1.1410110299,Sample,15,3,6.,1,false,true,false,false,14.,14.,10.,10.,10.4840772069
1.1410110299,Sample,15,3,11.,1,false,true,false,false,14.,14.,10.,10.,10.7816498408
1.1410110299,Sample,15,3,16.,1,false,true,false,false,14.,14.,10.,10.,10.790095932
1.1410110299,Sample,15,3,21.,1,false,true,false,false,14.,14.,10.,10.,10.7903356599
1.1410110299,Sample,15,3,26.,1,false,true,false,false,14.,14.,10.,10.,10.7903424642
1.1410110299,Sample,15,3,31.,1,false,true,false,false,14.,14.,10.,10.,10.7903426573
1.1410110299,Sample,15,3,36.,1,false,true,false,false,14.,14.,10.,10.,10.7903426628
1.1410110299,Sample,15,3,41.,1,false,true,false,false,14.,14.,10.,10.,10.790342663
1.1410110299,Sample,15,3,46.,1,false,true,false,false,14.,14.,10.,10.,10.790342663
1.1410110299,Sample,15,3,51.,1,false,true,false,false,14.,14.,10.,10.,10.790342663
1.02751196971,Voter,15,3,1.,1,false,true,false,false,4.,4.,18.,16.,0.
1.02751196971,Voter,15,3,6.,1,false,true,false,false,14.,14.,8.,8.,9.94904797828
1.02751196971,Voter,15,3,11.,1,false,true,false,false,14.,14.,8.,8.,10.1583347759
1.02751196971,Voter,15,3,16.,1,false,true,false,false,14.,14.,8.,8.,10.1627373041
1.02751196971,Voter,15,3,21.,1,false,true,false,false,14.,14.,8.,8.,10.162829915
1.02751196971,Voter,15,3,26.,1,false,true,false,false,14.,14.,8.,8.,10.1628318632
1.02751196971,Voter,15,3,31.,1,false,true,false,false,14.,14.,8.,8.,10.1628319042
1.02751196971,Voter,15,3,36.,1,false,true,false,false,14.,14.,8.,8.,10.162831905
1.02751196971,Voter,15,3,41.,1,false,true,false,false,14.,14.,8.,8.,10.162831905
1.02751196971,Voter,15,3,46.,1,false,true,false,false,14.,14.,8.,8.,10.162831905
1.02751196971,Voter,15,3,51.,1,false,true,false,false,14.,14.,8.,8.,10.162831905
0.974517780405,Voter,15,5,1.,1,false,true,false,false,32.,28.,36.,34.,0.
0.974517780405,Voter,15,5,6.,1,false,true,false,false,48.,40.,44.,40.,9.66844176797
0.974517780405,Voter,15,5,11.,1,false,true,false,false,50.,40.,46.,40.,9.84196240445
0.974517780405,Voter,15,5,16.,1,false,true,false,false,50.,40.,46.,40.,9.84507659927
0.974517780405,Voter,15,5,21.,1,false,true,false,false,50.,40.,46.,40.,9.84513249008
0.974517780405,Voter,15,5,26.,1,false,true,false,false,50.,40.,46.,40.,9.84513349316
0.974517780405,Voter,15,5,31.,1,false,true,false,false,50.,40.,46.,40.,9.84513351117
0.974517780405,Voter,15,5,36.,1,false,true,false,false,50.,40.,46.,40.,9.84513351149
0.974517780405,Voter,15,5,41.,1,false,true,false,false,50.,40.,46.,40.,9.84513351149
0.974517780405,Voter,15,5,46.,1,false,true,false,false,50.,40.,46.,40.,9.84513351149
0.974517780405,Voter,15,5,51.,1,false,true,false,false,50.,40.,46.,40.,9.84513351149
1.29307033968,Voter,15,3,1.,1,false,true,false,false,0.,0.,6.,6.,0.
1.29307033968,Voter,15,3,6.,1,false,true,false,false,6.,6.,0.,0.,11.076916421
1.29307033968,Voter,15,3,11.,1,false,true,false,false,6.,6.,0.,0.,11.515594181
1.29307033968,Voter,15,3,16.,1,false,true,false,false,6.,6.,0.,0.,11.5329670824
1.29307033968,Voter,15,3,21.,1,false,true,false,false,6.,6.,0.,0.,11.5336550993
1.29307033968,Voter,15,3,26.,1,false,true,false,false,6.,6.,0.,0.,11.5336823467
1.29307033968,Voter,15,3,31.,1,false,true,false,false,6.,6.,0.,0.,11.5336834258
1.29307033968,Voter,15,3,36.,1,false,true,false,false,6.,6.,0.,0.,11.5336834685
1.29307033968,Voter,15,3,41.,1,false,true,false,false,6.,6.,0.,0.,11.5336834702
1.29307033968,Voter,15,3,46.,1,false,true,false,false,6.,6.,0.,0.,11.5336834703
1.29307033968,Voter,15,3,51.,1,false,true,false,false,6.,6.,0.,0.,11.5336834703
1.2309208683,Voter,15,7,1.,1,false,true,false,false,52.,48.,126.,92.,0.
1.2309208683,Voter,15,7,6.,1,false,true,false,false,118.,94.,112.,86.,10.850392416
1.2309208683,Voter,15,7,11.,1,false,true,false,false,118.,94.,112.,86.,11.2284616223
1.2309208683,Voter,15,7,16.,1,false,true,false,false,118.,94.,112.,86.,11.2416350007
1.2309208683,Voter,15,7,21.,1,false,true,false,false,118.,94.,112.,86.,11.2420940116
1.2309208683,Voter,15,7,26.,1,false,true,false,false,118.,94.,112.,86.,11.2421100053
1.2309208683,Voter,15,7,31.,1,false,true,false,false,118.,94.,112.,86.,11.2421105626
1.2309208683,Voter,15,7,36.,1,false,true,false,false,118.,94.,112.,86.,11.242110582
1.2309208683,Voter,15,7,41.,1,false,true,false,false,118.,94.,112.,86.,11.2421105827
1.2309208683,Voter,15,7,46.,1,false,true,false,false,118.,94.,112.,86.,11.2421105827
1.2309208683,Voter,15,7,51.,1,false,true,false,false,118.,94.,112.,86.,11.2421105827
1.01035675917,Voter,15,3,1.,1,false,true,false,false,0.,0.,6.,6.,0.
1.01035675917,Voter,15,3,6.,1,false,true,false,false,6.,6.,0.,0.,9.86047305191
1.01035675917,Voter,15,3,11.,1,false,true,false,false,6.,6.,0.,0.,10.0577912574
1.01035675917,Voter,15,3,16.,1,false,true,false,false,6.,6.,0.,0.,10.0617397976
1.01035675917,Voter,15,3,21.,1,false,true,false,false,6.,6.,0.,0.,10.061818812
1.01035675917,Voter,15,3,26.,1,false,true,false,false,6.,6.,0.,0.,10.0618203931
1.01035675917,Voter,15,3,31.,1,false,true,false,false,6.,6.,0.,0.,10.0618204248
1.01035675917,Voter,15,3,36.,1,false,true,false,false,6.,6.,0.,0.,10.0618204254
1.01035675917,Voter,15,3,41.,1,false,true,false,false,6.,6.,0.,0.,10.0618204254
1.01035675917,Voter,15,3,46.,1,false,true,false,false,6.,6.,0.,0.,10.0618204254
1.01035675917,Voter,15,3,51.,1,false,true,false,false,6.,6.,0.,0.,10.0618204254
1.32581829594,Voter,15,6,1.,1,false,true,false,false,68.,64.,130.,106.,0.
1.32581829594,Voter,15,6,6.,1,false,true,false,false,156.,120.,174.,132.,11.1881292188
1.32581829594,Voter,15,6,11.,1,false,true,false,false,158.,120.,172.,132.,11.660250634
1.32581829594,Voter,15,6,16.,1,false,true,false,false,158.,120.,172.,132.,11.6801734135
1.32581829594,Voter,15,6,21.,1,false,true,false,false,158.,120.,172.,132.,11.6810141234
1.32581829594,Voter,15,6,26.,1,false,true,false,false,158.,120.,172.,132.,11.6810496
1.32581829594,Voter,15,6,31.,1,false,true,false,false,158.,120.,172.,132.,11.681051097
1.32581829594,Voter,15,6,36.,1,false,true,false,false,158.,120.,172.,132.,11.6810511602
1.32581829594,Voter,15,6,41.,1,false,true,false,false,158.,120.,172.,132.,11.6810511629
1.32581829594,Voter,15,6,46.,1,false,true,false,false,158.,120.,172.,132.,11.681051163
1.32581829594,Voter,15,6,51.,1,false,true,false,false,158.,120.,172.,132.,11.681051163
0.953602541361,Sample,15,3,1.,1,false,true,false,false,0.,0.,6.,4.,0.
0.953602541361,Sample,15,3,6.,1,false,true,false,false,6.,4.,0.,0.,9.55186972168
0.953602541361,Sample,15,3,11.,1,false,true,false,false,6.,4.,0.,0.,9.71226435653
0.953602541361,Sample,15,3,16.,1,false,true,false,false,6.,4.,0.,0.,9.71495769717
0.953602541361,Sample,15,3,21.,1,false,true,false,false,6.,4.,0.,0.,9.71500292364
0.953602541361,Sample,15,3,26.,1,false,true,false,false,6.,4.,0.,0.,9.71500368308
0.953602541361,Sample,15,3,31.,1,false,true,false,false,6.,4.,0.,0.,9.71500369583
0.953602541361,Sample,15,3,36.,1,false,true,false,false,6.,4.,0.,0.,9.71500369605
0.953602541361,Sample,15,3,41.,1,false,true,false,false,6.,4.,0.,0.,9.71500369605
0.953602541361,Sample,15,3,46.,1,false,true,false,false,6.,4.,0.,0.,9.71500369605
0.953602541361,Sample,15,3,51.,1,false,true,false,false,6.,4.,0.,0.,9.71500369605
0.937231794727,Voter,15,3,1.,1,false,true,false,false,16.,14.,38.,34.,0.
0.937231794727,Voter,15,3,6.,1,false,true,false,false,32.,26.,42.,38.,9.45823839484
0.937231794727,Voter,15,3,11.,1,false,true,false,false,32.,26.,42.,38.,9.60875425779
0.937231794727,Voter,15,3,16.,1,false,true,false,false,32.,26.,42.,38.,9.61114952677
0.937231794727,Voter,15,3,21.,1,false,true,false,false,32.,26.,42.,38.,9.61118764443
0.937231794727,Voter,15,3,26.,1,false,true,false,false,32.,26.,42.,38.,9.61118825103
0.937231794727,Voter,15,3,31.,1,false,true,false,false,32.,26.,42.,38.,9.61118826068
0.937231794727,Voter,15,3,36.,1,false,true,false,false,32.,26.,42.,38.,9.61118826083
0.937231794727,Voter,15,3,41.,1,false,true,false,false,32.,26.,42.,38.,9.61118826084
0.937231794727,Voter,15,3,46.,1,false,true,false,false,32.,26.,42.,38.,9.61118826084
0.937231794727,Voter,15,3,51.,1,false,true,false,false,32.,26.,42.,38.,9.61118826084
1.06137997368,Sample,15,3,1.,1,false,true,false,false,0.,0.,14.,12.,0.
1.06137997368,Sample,15,3,6.,1,false,true,false,false,18.,16.,16.,16.,10.117778639
1.06137997368,Sample,15,3,11.,1,false,true,false,false,18.,16.,16.,16.,10.351774114
1.06137997368,Sample,15,3,16.,1,false,true,false,false,18.,16.,16.,16.,10.3571857646
1.06137997368,Sample,15,3,21.,1,false,true,false,false,18.,16.,16.,16.,10.3573109207
1.06137997368,Sample,15,3,26.,1,false,true,false,false,18.,16.,16.,16.,10.3573138152
1.06137997368,Sample,15,3,31.,1,false,true,false,false,18.,16.,16.,16.,10.3573138821
1.06137997368,Sample,15,3,36.,1,false,true,false,false,18.,16.,16.,16.,10.3573138837
1.06137997368,Sample,15,3,41.,1,false,true,false,false,18.,16.,16.,16.,10.3573138837
1.06137997368,Sample,15,3,46.,1,false,true,false,false,18.,16.,16.,16.,10.3573138837
1.06137997368,Sample,15,3,51.,1,false,true,false,false,18.,16.,16.,16.,10.3573138837
1.38417088813,Sample,15,4,1.,1,false,true,false,false,4.,4.,20.,20.,0.
1.38417088813,Sample,15,4,6.,1,false,true,false,false,22.,20.,14.,14.,11.3731830087
1.38417088813,Sample,15,4,11.,1,false,true,false,false,24.,22.,16.,16.,11.9072888992
1.38417088813,Sample,15,4,16.,1,false,true,false,false,24.,22.,16.,16.,11.9323715082
1.38417088813,Sample,15,4,21.,1,false,true,false,false,24.,22.,16.,16.,11.9335494343
1.38417088813,Sample,15,4,26.,1,false,true,false,false,24.,22.,16.,16.,11.9336047519
1.38417088813,Sample,15,4,31.,1,false,true,false,false,24.,22.,16.,16.,11.9336073498
1.38417088813,Sample,15,4,36.,1,false,true,false,false,24.,22.,16.,16.,11.9336074718
1.38417088813,Sample,15,4,41.,1,false,true,false,false,24.,22.,16.,16.,11.9336074775
1.38417088813,Sample,15,4,46.,1,false,true,false,false,24.,22.,16.,16.,11.9336074777
1.38417088813,Sample,15,4,51.,1,false,true,false,false,24.,22.,16.,16.,11.9336074778
0.962960481461,Voter,15,3,1.,1,false,true,false,false,10.,10.,14.,14.,0.
0.962960481461,Voter,15,3,6.,1,false,true,false,false,20.,18.,8.,8.,9.60444522586
0.962960481461,Voter,15,3,11.,1,false,true,false,false,20.,18.,8.,8.,9.77064288276
0.962960481461,Voter,15,3,16.,1,false,true,false,false,20.,18.,8.,8.,9.77351880745
0.962960481461,Voter,15,3,21.,1,false,true,false,false,20.,18.,8.,8.,9.77356857315
0.962960481461,Voter,15,3,26.,1,false,true,false,false,20.,18.,8.,8.,9.77356943431
0.962960481461,Voter,15,3,31.,1,false,true,false,false,20.,18.,8.,8.,9.77356944921
0.962960481461,Voter,15,3,36.,1,false,true,false,false,20.,18.,8.,8.,9.77356944947
0.962960481461,Voter,15,3,41.,1,false,true,false,false,20.,18.,8.,8.,9.77356944948
0.962960481461,Voter,15,3,46.,1,false,true,false,false,20.,18.,8.,8.,9.77356944948
0.962960481461,Voter,15,3,51.,1,false,true,false,false,20.,18.,8.,8.,9.77356944948
1.22375251541,Sample,15,4,1.,1,false,true,false,false,0.,0.,14.,12.,0.
1.22375251541,Sample,15,4,6.,1,false,true,false,false,10.,8.,4.,4.,10.8229082447
1.22375251541,Sample,15,4,11.,1,false,true,false,false,14.,12.,4.,4.,11.1942392007
1.22375251541,Sample,15,4,16.,1,false,true,false,false,14.,12.,4.,4.,11.206979462
1.22375251541,Sample,15,4,21.,1,false,true,false,false,14.,12.,4.,4.,11.2074165768
1.22375251541,Sample,15,4,26.,1,false,true,false,false,14.,12.,4.,4.,11.2074315741
1.22375251541,Sample,15,4,31.,1,false,true,false,false,14.,12.,4.,4.,11.2074320886
1.22375251541,Sample,15,4,36.,1,false,true,false,false,14.,12.,4.,4.,11.2074321063
1.22375251541,Sample,15,4,41.,1,false,true,false,false,14.,12.,4.,4.,11.2074321069
1.22375251541,Sample,15,4,46.,1,false,true,false,false,14.,12.,4.,4.,11.2074321069
1.22375251541,Sample,15,4,51.,1,false,true,false,false,14.,12.,4.,4.,11.2074321069
1.32643635784,Sample,15,6,1.,1,false,true,false,false,12.,12.,60.,50.,0.
1.32643635784,Sample,15,6,6.,1,false,true,false,false,122.,102.,110.,94.,11.190176133
1.32643635784,Sample,15,6,11.,1,false,true,false,false,128.,106.,112.,94.,11.6629382968
1.32643635784,Sample,15,6,16.,1,false,true,false,false,130.,106.,110.,92.,11.6829115359
1.32643635784,Sample,15,6,21.,1,false,true,false,false,130.,106.,110.,92.,11.6837553646
1.32643635784,Sample,15,6,26.,1,false,true,false,false,130.,106.,110.,92.,11.6837910147
1.32643635784,Sample,15,6,31.,1,false,true,false,false,130.,106.,110.,92.,11.6837925208
1.32643635784,Sample,15,6,36.,1,false,true,false,false,130.,106.,110.,92.,11.6837925845
1.32643635784,Sample,15,6,41.,1,false,true,false,false,130.,106.,110.,92.,11.6837925872
1.32643635784,Sample,15,6,46.,1,false,true,false,false,130.,106.,110.,92.,11.6837925873
1.32643635784,Sample,15,6,51.,1,false,true,false,false,130.,106.,110.,92.,11.6837925873
0.903300711086,Sample,15,3,1.,1,false,true,false,false,4.,4.,12.,12.,0.
0.903300711086,Sample,15,3,6.,1,false,true,false,false,16.,16.,8.,8.,9.25729027681
0.903300711086,Sample,15,3,11.,1,false,true,false,false,16.,16.,8.,8.,9.38844200198
0.903300711086,Sample,15,3,16.,1,false,true,false,false,16.,16.,8.,8.,9.3903000808
0.903300711086,Sample,15,3,21.,1,false,true,false,false,16.,16.,8.,8.,9.39032640495
0.903300711086,Sample,15,3,26.,1,false,true,false,false,16.,16.,8.,8.,9.39032677789
0.903300711086,Sample,15,3,31.,1,false,true,false,false,16.,16.,8.,8.,9.39032678318
0.903300711086,Sample,15,3,36.,1,false,true,false,false,16.,16.,8.,8.,9.39032678325
0.903300711086,Sample,15,3,41.,1,false,true,false,false,16.,16.,8.,8.,9.39032678325
0.903300711086,Sample,15,3,46.,1,false,true,false,false,16.,16.,8.,8.,9.39032678325
0.903300711086,Sample,15,3,51.,1,false,true,false,false,16.,16.,8.,8.,9.39032678325
1.1509773452,Sample,15,3,1.,1,false,true,false,false,2.,2.,6.,6.,0.
1.1509773452,Sample,15,3,6.,1,false,true,false,false,12.,12.,8.,8.,10.527063639
1.1509773452,Sample,15,3,11.,1,false,true,false,false,12.,12.,8.,8.,10.8331170412
1.1509773452,Sample,15,3,16.,1,false,true,false,false,12.,12.,8.,8.,10.8420149342
1.1509773452,Sample,15,3,21.,1,false,true,false,false,12.,12.,8.,8.,10.8422736227
1.1509773452,Sample,15,3,26.,1,false,true,false,false,12.,12.,8.,8.,10.8422811435
1.1509773452,Sample,15,3,31.,1,false,true,false,false,12.,12.,8.,8.,10.8422813622
1.1509773452,Sample,15,3,36.,1,false,true,false,false,12.,12.,8.,8.,10.8422813685
1.1509773452,Sample,15,3,41.,1,false,true,false,false,12.,12.,8.,8.,10.8422813687
1.1509773452,Sample,15,3,46.,1,false,true,false,false,12.,12.,8.,8.,10.8422813687
1.1509773452,Sample,15,3,51.,1,false,true,false,false,12.,12.,8.,8.,10.8422813687
0.956391036148,Sample,15,6,1.,1,false,true,false,false,40.,40.,82.,78.,0.
0.956391036148,Sample,15,6,6.,1,false,true,false,false,176.,134.,186.,140.,9.56760770055
0.956391036148,Sample,15,6,11.,1,false,true,false,false,180.,136.,190.,144.,9.72971967705
0.956391036148,Sample,15,6,16.,1,false,true,false,false,180.,136.,190.,144.,9.73246647581
0.956391036148,Sample,15,6,21.,1,false,true,false,false,180.,136.,190.,144.,9.73251301711
0.956391036148,Sample,15,6,26.,1,false,true,false,false,180.,136.,190.,144.,9.7325138057
0.956391036148,Sample,15,6,31.,1,false,true,false,false,180.,136.,190.,144.,9.73251381906
0.956391036148,Sample,15,6,36.,1,false,true,false,false,180.,136.,190.,144.,9.73251381929
0.956391036148,Sample,15,6,41.,1,false,true,false,false,180.,136.,190.,144.,9.73251381929
0.956391036148,Sample,15,6,46.,1,false,true,false,false,180.,136.,190.,144.,9.73251381929
0.956391036148,Sample,15,6,51.,1,false,true,false,false,180.,136.,190.,144.,9.73251381929
1.23015496435,Sample,15,7,1.,1,false,true,false,false,26.,26.,88.,78.,0.
1.23015496435,Sample,15,7,6.,1,false,true,false,false,150.,122.,144.,114.,10.8474695929
1.23015496435,Sample,15,7,11.,1,false,true,false,false,158.,126.,148.,118.,11.2248162918
1.23015496435,Sample,15,7,16.,1,false,true,false,false,158.,126.,148.,118.,11.2379429044
1.23015496435,Sample,15,7,21.,1,false,true,false,false,158.,126.,148.,118.,11.2383995348
1.23015496435,Sample,15,7,26.,1,false,true,false,false,158.,126.,148.,118.,11.2384154194
1.23015496435,Sample,15,7,31.,1,false,true,false,false,158.,126.,148.,118.,11.238415972
1.23015496435,Sample,15,7,36.,1,false,true,false,false,158.,126.,148.,118.,11.2384159912
1.23015496435,Sample,15,7,41.,1,false,true,false,false,158.,126.,148.,118.,11.2384159919
1.23015496435,Sample,15,7,46.,1,false,true,false,false,158.,126.,148.,118.,11.2384159919
1.23015496435,Sample,15,7,51.,1,false,true,false,false,158.,126.,148.,118.,11.2384159919
0.87737895282,Voter,15,7,1.,1,false,true,false,false,58.,52.,88.,76.,0.
0.87737895282,Voter,15,7,6.,1,false,true,false,false,98.,80.,68.,58.,9.0973138067
0.87737895282,Voter,15,7,11.,1,false,true,false,false,100.,82.,66.,56.,9.21468563677
0.87737895282,Voter,15,7,16.,1,false,true,false,false,100.,82.,66.,56.,9.21619994603
0.87737895282,Voter,15,7,21.,1,false,true,false,false,100.,82.,66.,56.,9.21621948336
0.87737895282,Voter,15,7,26.,1,false,true,false,false,100.,82.,66.,56.,9.21621973543
0.87737895282,Voter,15,7,31.,1,false,true,false,false,100.,82.,66.,56.,9.21621973868
0.87737895282,Voter,15,7,36.,1,false,true,false,false,100.,82.,66.,56.,9.21621973872
0.87737895282,Voter,15,7,41.,1,false,true,false,false,100.,82.,66.,56.,9.21621973872
0.87737895282,Voter,15,7,46.,1,false,true,false,false,100.,82.,66.,56.,9.21621973872
0.87737895282,Voter,15,7,51.,1,false,true,false,false,100.,82.,66.,56.,9.21621973872
1.20359258549,Sample,15,4,1.,1,false,true,false,false,6.,6.,24.,24.,0.
1.20359258549,Sample,15,4,6.,1,false,true,false,false,18.,16.,16.,16.,10.744054157
1.20359258549,Sample,15,4,11.,1,false,true,false,false,18.,16.,16.,16.,11.0967252841
1.20359258549,Sample,15,4,16.,1,false,true,false,false,18.,16.,16.,16.,11.1083016334
1.20359258549,Sample,15,4,21.,1,false,true,false,false,18.,16.,16.,16.,11.1086816245
1.20359258549,Sample,15,4,26.,1,false,true,false,false,18.,16.,16.,16.,11.1086940976
1.20359258549,Sample,15,4,31.,1,false,true,false,false,18.,16.,16.,16.,11.108694507
1.20359258549,Sample,15,4,36.,1,false,true,false,false,18.,16.,16.,16.,11.1086945204
1.20359258549,Sample,15,4,41.,1,false,true,false,false,18.,16.,16.,16.,11.1086945209
1.20359258549,Sample,15,4,46.,1,false,true,false,false,18.,16.,16.,16.,11.1086945209
1.20359258549,Sample,15,4,51.,1,false,true,false,false,18.,16.,16.,16.,11.1086945209
1.03227476172,Sample,15,6,1.,1,false,true,false,false,12.,12.,52.,44.,0.
1.03227476172,Sample,15,6,6.,1,false,true,false,false,120.,90.,116.,82.,9.97326393519
1.03227476172,Sample,15,6,11.,1,false,true,false,false,122.,92.,118.,82.,10.1859391973
1.03227476172,Sample,15,6,16.,1,false,true,false,false,122.,92.,118.,82.,10.1904743994
1.03227476172,Sample,15,6,21.,1,false,true,false,false,122.,92.,118.,82.,10.1905711105
1.03227476172,Sample,15,6,26.,1,false,true,false,false,122.,92.,118.,82.,10.1905731728
1.03227476172,Sample,15,6,31.,1,false,true,false,false,122.,92.,118.,82.,10.1905732168
1.03227476172,Sample,15,6,36.,1,false,true,false,false,122.,92.,118.,82.,10.1905732177
1.03227476172,Sample,15,6,41.,1,false,true,false,false,122.,92.,118.,82.,10.1905732177
1.03227476172,Sample,15,6,46.,1,false,true,false,false,122.,92.,118.,82.,10.1905732177
1.03227476172,Sample,15,6,51.,1,false,true,false,false,122.,92.,118.,82.,10.1905732177
0.821051554851,Voter,15,7,1.,1,false,true,false,false,76.,62.,116.,94.,0.
0.821051554851,Voter,15,7,6.,1,false,true,false,false,132.,106.,112.,94.,8.72940383823
0.821051554851,Voter,15,7,11.,1,false,true,false,false,132.,106.,112.,94.,8.81985443056
0.821051554851,Voter,15,7,16.,1,false,true,false,false,132.,106.,112.,94.,8.82079164343
0.821051554851,Voter,15,7,21.,1,false,true,false,false,132.,106.,112.,94.,8.82080135446
0.821051554851,Voter,15,7,26.,1,false,true,false,false,132.,106.,112.,94.,8.82080145508
0.821051554851,Voter,15,7,31.,1,false,true,false,false,132.,106.,112.,94.,8.82080145612
0.821051554851,Voter,15,7,36.,1,false,true,false,false,132.,106.,112.,94.,8.82080145614
0.821051554851,Voter,15,7,41.,1,false,true,false,false,132.,106.,112.,94.,8.82080145614
0.821051554851,Voter,15,7,46.,1,false,true,false,false,132.,106.,112.,94.,8.82080145614
0.821051554851,Voter,15,7,51.,1,false,true,false,false,132.,106.,112.,94.,8.82080145614
0.887953460678,Sample,15,6,1.,1,false,true,false,false,98.,80.,136.,116.,0.
0.887953460678,Sample,15,6,6.,1,false,true,false,false,168.,140.,174.,150.,9.16326471393
0.887953460678,Sample,15,6,11.,1,false,true,false,false,174.,146.,176.,152.,9.28615181586
0.887953460678,Sample,15,6,16.,1,false,true,false,false,174.,146.,176.,152.,9.28779983546
0.887953460678,Sample,15,6,21.,1,false,true,false,false,174.,146.,176.,152.,9.28782193679
0.887953460678,Sample,15,6,26.,1,false,true,false,false,174.,146.,176.,152.,9.28782223318
0.887953460678,Sample,15,6,31.,1,false,true,false,false,174.,146.,176.,152.,9.28782223716
0.887953460678,Sample,15,6,36.,1,false,true,false,false,174.,146.,176.,152.,9.28782223721
0.887953460678,Sample,15,6,41.,1,false,true,false,false,174.,146.,176.,152.,9.28782223721
0.887953460678,Sample,15,6,46.,1,false,true,false,false,174.,146.,176.,152.,9.28782223721
0.887953460678,Sample,15,6,51.,1,false,true,false,false,174.,146.,176.,152.,9.28782223721
1.30577166891,Sample,15,7,1.,1,false,true,false,false,20.,20.,72.,60.,0.
1.30577166891,Sample,15,7,6.,1,false,true,false,false,188.,140.,184.,134.,11.1206982164
1.30577166891,Sample,15,7,11.,1,false,true,false,false,196.,144.,184.,138.,11.5722279294
1.30577166891,Sample,15,7,16.,1,false,true,false,false,196.,144.,184.,138.,11.590561228
1.30577166891,Sample,15,7,21.,1,false,true,false,false,196.,144.,184.,138.,11.5913056084
1.30577166891,Sample,15,7,26.,1,false,true,false,false,196.,144.,184.,138.,11.5913358322
1.30577166891,Sample,15,7,31.,1,false,true,false,false,196.,144.,184.,138.,11.5913370593
1.30577166891,Sample,15,7,36.,1,false,true,false,false,196.,144.,184.,138.,11.5913371092
1.30577166891,Sample,15,7,41.,1,false,true,false,false,196.,144.,184.,138.,11.5913371112
1.30577166891,Sample,15,7,46.,1,false,true,false,false,196.,144.,184.,138.,11.5913371113
1.30577166891,Sample,15,7,51.,1,false,true,false,false,196.,144.,184.,138.,11.5913371113
1.26429714617,Sample,15,6,1.,1,false,true,false,false,32.,30.,92.,76.,0.
1.26429714617,Sample,15,6,6.,1,false,true,false,false,136.,104.,124.,94.,10.9746230745
1.26429714617,Sample,15,6,11.,1,false,true,false,false,138.,104.,122.,94.,11.3847618513
1.26429714617,Sample,15,6,16.,1,false,true,false,false,138.,104.,122.,94.,11.4000893769
1.26429714617,Sample,15,6,21.,1,false,true,false,false,138.,104.,122.,94.,11.4006621904
1.26429714617,Sample,15,6,26.,1,false,true,false,false,138.,104.,122.,94.,11.4006835974
1.26429714617,Sample,15,6,31.,1,false,true,false,false,138.,104.,122.,94.,11.4006843974
1.26429714617,Sample,15,6,36.,1,false,true,false,false,138.,104.,122.,94.,11.4006844273
1.26429714617,Sample,15,6,41.,1,false,true,false,false,138.,104.,122.,94.,11.4006844284
1.26429714617,Sample,15,6,46.,1,false,true,false,false,138.,104.,122.,94.,11.4006844284
1.26429714617,Sample,15,6,51.,1,false,true,false,false,138.,104.,122.,94.,11.4006844284
1.05164892962,Voter,15,7,1.,1,false,true,false,false,54.,50.,86.,78.,0.
1.05164892962,Voter,15,7,6.,1,false,true,false,false,104.,88.,76.,66.,10.0701182718
1.05164892962,Voter,15,7,11.,1,false,true,false,false,104.,88.,76.,66.,10.2968688121
1.05164892962,Voter,15,7,16.,1,false,true,false,false,104.,88.,76.,66.,10.301974592
1.05164892962,Voter,15,7,21.,1,false,true,false,false,104.,88.,76.,66.,10.3020895597
1.05164892962,Voter,15,7,26.,1,false,true,false,false,104.,88.,76.,66.,10.3020921485
1.05164892962,Voter,15,7,31.,1,false,true,false,false,104.,88.,76.,66.,10.3020922068
1.05164892962,Voter,15,7,36.,1,false,true,false,false,104.,88.,76.,66.,10.3020922081
1.05164892962,Voter,15,7,41.,1,false,true,false,false,104.,88.,76.,66.,10.3020922081
1.05164892962,Voter,15,7,46.,1,false,true,false,false,104.,88.,76.,66.,10.3020922081
1.05164892962,Voter,15,7,51.,1,false,true,false,false,104.,88.,76.,66.,10.3020922081
1.21977721019,Voter,15,7,1.,1,false,true,false,false,44.,40.,82.,62.,0.
1.21977721019,Voter,15,7,6.,1,false,true,false,false,80.,66.,50.,38.,10.807541996
1.21977721019,Voter,15,7,11.,1,false,true,false,false,80.,66.,50.,38.,11.1751593723
1.21977721019,Voter,15,7,16.,1,false,true,false,false,82.,66.,48.,38.,11.1876638377
1.21977721019,Voter,15,7,21.,1,false,true,false,false,82.,66.,48.,38.,11.1880891758
1.21977721019,Voter,15,7,26.,1,false,true,false,false,82.,66.,48.,38.,11.1881036436
1.21977721019,Voter,15,7,31.,1,false,true,false,false,82.,66.,48.,38.,11.1881041357
1.21977721019,Voter,15,7,36.,1,false,true,false,false,82.,66.,48.,38.,11.1881041525
1.21977721019,Voter,15,7,41.,1,false,true,false,false,82.,66.,48.,38.,11.188104153
1.21977721019,Voter,15,7,46.,1,false,true,false,false,82.,66.,48.,38.,11.1881041531
1.21977721019,Voter,15,7,51.,1,false,true,false,false,82.,66.,48.,38.,11.1881041531
0.835595607349,Voter,15,3,1.,1,false,true,false,false,8.,8.,10.,10.,0.
0.835595607349,Voter,15,3,6.,1,false,true,false,false,10.,8.,8.,8.,8.82713999167
0.835595607349,Voter,15,3,11.,1,false,true,false,false,10.,8.,8.,8.,8.92414684506
0.835595607349,Voter,15,3,16.,1,false,true,false,false,10.,8.,8.,8.,8.92521291285
0.835595607349,Voter,15,3,21.,1,false,true,false,false,10.,8.,8.,8.,8.92522462852
0.835595607349,Voter,15,3,26.,1,false,true,false,false,10.,8.,8.,8.,8.92522475727
0.835595607349,Voter,15,3,31.,1,false,true,false,false,10.,8.,8.,8.,8.92522475869
0.835595607349,Voter,15,3,36.,1,false,true,false,false,10.,8.,8.,8.,8.9252247587
0.835595607349,Voter,15,3,41.,1,false,true,false,false,10.,8.,8.,8.,8.9252247587
0.835595607349,Voter,15,3,46.,1,false,true,false,false,10.,8.,8.,8.,8.9252247587
0.835595607349,Voter,15,3,51.,1,false,true,false,false,10.,8.,8.,8.,8.9252247587
1.31743567453,Voter,15,6,1.,1,false,true,false,false,22.,20.,62.,50.,0.
1.31743567453,Voter,15,6,6.,1,false,true,false,false,70.,58.,46.,42.,11.1601788801
1.31743567453,Voter,15,6,11.,1,false,true,false,false,70.,58.,46.,42.,11.62364452
1.31743567453,Voter,15,6,16.,1,false,true,false,false,70.,58.,46.,42.,11.6428915591
1.31743567453,Voter,15,6,21.,1,false,true,false,false,70.,58.,46.,42.,11.6436908601
1.31743567453,Voter,15,6,26.,1,false,true,false,false,70.,58.,46.,42.,11.6437240538
1.31743567453,Voter,15,6,31.,1,false,true,false,false,70.,58.,46.,42.,11.6437254323
1.31743567453,Voter,15,6,36.,1,false,true,false,false,70.,58.,46.,42.,11.6437254896
1.31743567453,Voter,15,6,41.,1,false,true,false,false,70.,58.,46.,42.,11.6437254919
1.31743567453,Voter,15,6,46.,1,false,true,false,false,70.,58.,46.,42.,11.643725492
1.31743567453,Voter,15,6,51.,1,false,true,false,false,70.,58.,46.,42.,11.643725492
0.986090766752,Voter,15,6,1.,1,false,true,false,false,30.,30.,66.,52.,0.
0.986090766752,Voter,15,6,6.,1,false,true,false,false,66.,58.,46.,42.,9.73150309824
0.986090766752,Voter,15,6,11.,1,false,true,false,false,66.,58.,46.,42.,9.91252885921
0.986090766752,Voter,15,6,16.,1,false,true,false,false,66.,58.,46.,42.,9.91589630675
0.986090766752,Voter,15,6,21.,1,false,true,false,false,66.,58.,46.,42.,9.91595894813
0.986090766752,Voter,15,6,26.,1,false,true,false,false,66.,58.,46.,42.,9.91596011338
0.986090766752,Voter,15,6,31.,1,false,true,false,false,66.,58.,46.,42.,9.91596013506
0.986090766752,Voter,15,6,36.,1,false,true,false,false,66.,58.,46.,42.,9.91596013546
0.986090766752,Voter,15,6,41.,1,false,true,false,false,66.,58.,46.,42.,9.91596013547
0.986090766752,Voter,15,6,46.,1,false,true,false,false,66.,58.,46.,42.,9.91596013547
0.986090766752,Voter,15,6,51.,1,false,true,false,false,66.,58.,46.,42.,9.91596013547
0.897739426583,Sample,15,6,1.,1,false,true,false,false,32.,30.,78.,64.,0.
0.897739426583,Sample,15,6,6.,1,false,true,false,false,122.,98.,116.,96.,9.22344827517
0.897739426583,Sample,15,6,11.,1,false,true,false,false,122.,98.,116.,96.,9.35156962576
0.897739426583,Sample,15,6,16.,1,false,true,false,false,122.,98.,116.,96.,9.35334933764
0.897739426583,Sample,15,6,21.,1,false,true,false,false,122.,98.,116.,96.,9.35337405932
0.897739426583,Sample,15,6,26.,1,false,true,false,false,122.,98.,116.,96.,9.35337440272
0.897739426583,Sample,15,6,31.,1,false,true,false,false,122.,98.,116.,96.,9.35337440749
0.897739426583,Sample,15,6,36.,1,false,true,false,false,122.,98.,116.,96.,9.35337440756
0.897739426583,Sample,15,6,41.,1,false,true,false,false,122.,98.,116.,96.,9.35337440756
0.897739426583,Sample,15,6,46.,1,false,true,false,false,122.,98.,116.,96.,9.35337440756
0.897739426583,Sample,15,6,51.,1,false,true,false,false,122.,98.,116.,96.,9.35337440756
0.829577246411,Sample,15,7,1.,1,false,true,false,false,30.,28.,86.,78.,0.
0.829577246411,Sample,15,7,6.,1,false,true,false,false,98.,88.,74.,68.,8.78693274037
0.829577246411,Sample,15,7,11.,1,false,true,false,false,100.,88.,76.,68.,8.88119339096
0.829577246411,Sample,15,7,16.,1,false,true,false,false,100.,88.,76.,68.,8.88220455954
0.829577246411,Sample,15,7,21.,1,false,true,false,false,100.,88.,76.,68.,8.88221540671
0.829577246411,Sample,15,7,26.,1,false,true,false,false,100.,88.,76.,68.,8.88221552308
0.829577246411,Sample,15,7,31.,1,false,true,false,false,100.,88.,76.,68.,8.88221552432
0.829577246411,Sample,15,7,36.,1,false,true,false,false,100.,88.,76.,68.,8.88221552434
0.829577246411,Sample,15,7,41.,1,false,true,false,false,100.,88.,76.,68.,8.88221552434
0.829577246411,Sample,15,7,46.,1,false,true,false,false,100.,88.,76.,68.,8.88221552434
0.829577246411,Sample,15,7,51.,1,false,true,false,false,100.,88.,76.,68.,8.88221552434
0.971469897325,Sample,15,5,1.,1,false,true,false,false,24.,22.,52.,46.,0.
0.971469897325,Sample,15,5,6.,1,false,true,false,false,70.,64.,66.,58.,9.65166427593
0.971469897325,Sample,15,5,11.,1,false,true,false,false,78.,68.,62.,56.,9.82323698639
0.971469897325,Sample,15,5,16.,1,false,true,false,false,78.,68.,62.,56.,9.82628694691
0.971469897325,Sample,15,5,21.,1,false,true,false,false,78.,68.,62.,56.,9.8263411645
0.971469897325,Sample,15,5,26.,1,false,true,false,false,78.,68.,62.,56.,9.8263421283
0.971469897325,Sample,15,5,31.,1,false,true,false,false,78.,68.,62.,56.,9.82634214543
0.971469897325,Sample,15,5,36.,1,false,true,false,false,78.,68.,62.,56.,9.82634214574
0.971469897325,Sample,15,5,41.,1,false,true,false,false,78.,68.,62.,56.,9.82634214574
0.971469897325,Sample,15,5,46.,1,false,true,false,false,78.,68.,62.,56.,9.82634214574
0.971469897325,Sample,15,5,51.,1,false,true,false,false,78.,68.,62.,56.,9.82634214574
1.1355118128,Voter,15,7,1.,1,false,true,false,false,20.,20.,64.,60.,0.
1.1355118128,Voter,15,7,6.,1,false,true,false,false,64.,54.,44.,42.,10.4600940644
1.1355118128,Voter,15,7,11.,1,false,true,false,false,62.,52.,42.,40.,10.7530359449
1.1355118128,Voter,15,7,16.,1,false,true,false,false,62.,52.,42.,40.,10.7612399767
1.1355118128,Voter,15,7,21.,1,false,true,false,false,62.,52.,42.,40.,10.7614697361
1.1355118128,Voter,15,7,26.,1,false,true,false,false,62.,52.,42.,40.,10.7614761707
1.1355118128,Voter,15,7,31.,1,false,true,false,false,62.,52.,42.,40.,10.7614763509
1.1355118128,Voter,15,7,36.,1,false,true,false,false,62.,52.,42.,40.,10.7614763559
1.1355118128,Voter,15,7,41.,1,false,true,false,false,62.,52.,42.,40.,10.7614763561
1.1355118128,Voter,15,7,46.,1,false,true,false,false,62.,52.,42.,40.,10.7614763561
1.1355118128,Voter,15,7,51.,1,false,true,false,false,62.,52.,42.,40.,10.7614763561
0.91638901161,Voter,15,7,1.,1,false,true,false,false,38.,34.,78.,70.,0.
0.91638901161,Voter,15,7,6.,1,false,true,false,false,70.,64.,62.,54.,9.33591967774
0.91638901161,Voter,15,7,11.,1,false,true,false,false,70.,64.,62.,54.,9.47436277778
0.91638901161,Voter,15,7,16.,1,false,true,false,false,70.,64.,62.,54.,9.47641576159
0.91638901161,Voter,15,7,21.,1,false,true,false,false,70.,64.,62.,54.,9.47644620545
0.91638901161,Voter,15,7,26.,1,false,true,false,false,70.,64.,62.,54.,9.4764466569
0.91638901161,Voter,15,7,31.,1,false,true,false,false,70.,64.,62.,54.,9.4764466636
0.91638901161,Voter,15,7,36.,1,false,true,false,false,70.,64.,62.,54.,9.4764466637
0.91638901161,Voter,15,7,41.,1,false,true,false,false,70.,64.,62.,54.,9.4764466637
0.91638901161,Voter,15,7,46.,1,false,true,false,false,70.,64.,62.,54.,9.4764466637
0.91638901161,Voter,15,7,51.,1,false,true,false,false,70.,64.,62.,54.,9.4764466637
1.23587985589,Sample,15,6,1.,1,false,true,false,false,16.,14.,50.,48.,0.
1.23587985589,Sample,15,6,6.,1,false,true,false,false,118.,106.,140.,122.,10.8692376829
1.23587985589,Sample,15,6,11.,1,false,true,false,false,142.,120.,128.,110.,11.2519996332
1.23587985589,Sample,15,6,16.,1,false,true,false,false,146.,122.,128.,112.,11.2654786567
1.23587985589,Sample,15,6,21.,1,false,true,false,false,146.,122.,128.,112.,11.2659533227
1.23587985589,Sample,15,6,26.,1,false,true,false,false,146.,122.,128.,112.,11.2659700382
1.23587985589,Sample,15,6,31.,1,false,true,false,false,146.,122.,128.,112.,11.2659706268
1.23587985589,Sample,15,6,36.,1,false,true,false,false,146.,122.,128.,112.,11.2659706475
1.23587985589,Sample,15,6,41.,1,false,true,false,false,146.,122.,128.,112.,11.2659706483
1.23587985589,Sample,15,6,46.,1,false,true,false,false,146.,122.,128.,112.,11.2659706483
1.23587985589,Sample,15,6,51.,1,false,true,false,false,146.,122.,128.,112.,11.2659706483
1.31517694733,Sample,15,6,1.,1,false,true,false,false,20.,20.,70.,60.,0.
1.31517694733,Sample,15,6,6.,1,false,true,false,false,70.,60.,68.,60.,11.1525872276
1.31517694733,Sample,15,6,11.,1,false,true,false,false,74.,60.,72.,64.,11.613731604
1.31517694733,Sample,15,6,16.,1,false,true,false,false,74.,60.,72.,64.,11.6327992994
1.31517694733,Sample,15,6,21.,1,false,true,false,false,74.,60.,72.,64.,11.6335877228
1.31517694733,Sample,15,6,26.,1,false,true,false,false,74.,60.,72.,64.,11.633620323
1.31517694733,Sample,15,6,31.,1,false,true,false,false,74.,60.,72.,64.,11.633621671
1.31517694733,Sample,15,6,36.,1,false,true,false,false,74.,60.,72.,64.,11.6336217267
1.31517694733,Sample,15,6,41.,1,false,true,false,false,74.,60.,72.,64.,11.633621729
1.31517694733,Sample,15,6,46.,1,false,true,false,false,74.,60.,72.,64.,11.6336217291
1.31517694733,Sample,15,6,51.,1,false,true,false,false,74.,60.,72.,64.,11.6336217291
0.97624102168,Sample,15,4,1.,1,false,true,false,false,4.,4.,20.,18.,0.
0.97624102168,Sample,15,4,6.,1,false,true,false,false,18.,18.,14.,14.,9.67789617748
0.97624102168,Sample,15,4,11.,1,false,true,false,false,18.,18.,14.,14.,9.85252344126
0.97624102168,Sample,15,4,16.,1,false,true,false,false,18.,18.,14.,14.,9.85567440306
0.97624102168,Sample,15,4,21.,1,false,true,false,false,18.,18.,14.,14.,9.85573125879
0.97624102168,Sample,15,4,26.,1,false,true,false,false,18.,18.,14.,14.,9.85573228469
0.97624102168,Sample,15,4,31.,1,false,true,false,false,18.,18.,14.,14.,9.85573230321
0.97624102168,Sample,15,4,36.,1,false,true,false,false,18.,18.,14.,14.,9.85573230354
0.97624102168,Sample,15,4,41.,1,false,true,false,false,18.,18.,14.,14.,9.85573230355
0.97624102168,Sample,15,4,46.,1,false,true,false,false,18.,18.,14.,14.,9.85573230355
0.97624102168,Sample,15,4,51.,1,false,true,false,false,18.,18.,14.,14.,9.85573230355
1.33849129904,Sample,15,6,1.,1,false,true,false,false,16.,16.,62.,52.,0.
1.33849129904,Sample,15,6,6.,1,false,true,false,false,92.,74.,110.,92.,11.2297214209
1.33849129904,Sample,15,6,11.,1,false,true,false,false,114.,88.,116.,98.,11.7150502103
1.33849129904,Sample,15,6,16.,1,false,true,false,false,116.,90.,118.,100.,11.7360252661
1.33849129904,Sample,15,6,21.,1,false,true,false,false,116.,90.,118.,100.,11.7369317711
1.33849129904,Sample,15,6,26.,1,false,true,false,false,116.,90.,118.,100.,11.7369709486
1.33849129904,Sample,15,6,31.,1,false,true,false,false,116.,90.,118.,100.,11.7369726418
1.33849129904,Sample,15,6,36.,1,false,true,false,false,116.,90.,118.,100.,11.736972715
1.33849129904,Sample,15,6,41.,1,false,true,false,false,116.,90.,118.,100.,11.7369727182
1.33849129904,Sample,15,6,46.,1,false,true,false,false,116.,90.,118.,100.,11.7369727183
1.33849129904,Sample,15,6,51.,1,false,true,false,false,116.,90.,118.,100.,11.7369727183
1.12355336902,Voter,15,6,1.,1,false,true,false,false,36.,34.,62.,52.,0.
1.12355336902,Voter,15,6,6.,1,false,true,false,false,78.,60.,56.,46.,10.407285542
1.12355336902,Voter,15,6,11.,1,false,true,false,false,80.,62.,54.,44.,10.6902782757
1.12355336902,Voter,15,6,16.,1,false,true,false,false,80.,62.,54.,44.,10.697973355
1.12355336902,Voter,15,6,21.,1,false,true,false,false,80.,62.,54.,44.,10.698182598
1.12355336902,Voter,15,6,26.,1,false,true,false,false,80.,62.,54.,44.,10.6981882877
1.12355336902,Voter,15,6,31.,1,false,true,false,false,80.,62.,54.,44.,10.6981884424
1.12355336902,Voter,15,6,36.,1,false,true,false,false,80.,62.,54.,44.,10.6981884466
1.12355336902,Voter,15,6,41.,1,false,true,false,false,80.,62.,54.,44.,10.6981884467
1.12355336902,Voter,15,6,46.,1,false,true,false,false,80.,62.,54.,44.,10.6981884467
1.12355336902,Voter,15,6,51.,1,false,true,false,false,80.,62.,54.,44.,10.6981884467
1.14953978655,Sample,15,7,1.,1,false,true,false,false,44.,42.,112.,92.,0.
1.14953978655,Sample,15,7,6.,1,false,true,false,false,224.,178.,248.,194.,10.5209010546
1.14953978655,Sample,15,7,11.,1,false,true,false,false,224.,178.,248.,194.,10.8257241778
1.14953978655,Sample,15,7,16.,1,false,true,false,false,224.,178.,248.,194.,10.8345558488
1.14953978655,Sample,15,7,21.,1,false,true,false,false,224.,178.,248.,194.,10.8348117296
1.14953978655,Sample,15,7,26.,1,false,true,false,false,224.,178.,248.,194.,10.8348191433
1.14953978655,Sample,15,7,31.,1,false,true,false,false,224.,178.,248.,194.,10.8348193581
1.14953978655,Sample,15,7,36.,1,false,true,false,false,224.,178.,248.,194.,10.8348193643
1.14953978655,Sample,15,7,41.,1,false,true,false,false,224.,178.,248.,194.,10.8348193645
1.14953978655,Sample,15,7,46.,1,false,true,false,false,224.,178.,248.,194.,10.8348193645
1.14953978655,Sample,15,7,51.,1,false,true,false,false,224.,178.,248.,194.,10.8348193645
1.2985169704,Voter,15,5,1.,1,false,true,false,false,10.,10.,42.,40.,0.
1.2985169704,Voter,15,5,6.,1,false,true,false,false,50.,44.,38.,34.,11.0957927162
1.2985169704,Voter,15,5,11.,1,false,true,false,false,50.,44.,38.,34.,11.5399629517
1.2985169704,Voter,15,5,16.,1,false,true,false,false,50.,44.,38.,34.,11.5577433125
1.2985169704,Voter,15,5,21.,1,false,true,false,false,50.,44.,38.,34.,11.5584550694
1.2985169704,Voter,15,5,26.,1,false,true,false,false,50.,44.,38.,34.,11.5584835614
1.2985169704,Voter,15,5,31.,1,false,true,false,false,50.,44.,38.,34.,11.5584847019
1.2985169704,Voter,15,5,36.,1,false,true,false,false,50.,44.,38.,34.,11.5584847476
1.2985169704,Voter,15,5,41.,1,false,true,false,false,50.,44.,38.,34.,11.5584847494
1.2985169704,Voter,15,5,46.,1,false,true,false,false,50.,44.,38.,34.,11.5584847495
1.2985169704,Voter,15,5,51.,1,false,true,false,false,50.,44.,38.,34.,11.5584847495
0.88410545863,Voter,15,6,1.,1,false,true,false,false,44.,40.,62.,52.,0.
0.88410545863,Voter,15,6,6.,1,false,true,false,false,72.,60.,58.,50.,9.13937654861
0.88410545863,Voter,15,6,11.,1,false,true,false,false,72.,60.,58.,50.,9.26023975619
0.88410545863,Voter,15,6,16.,1,false,true,false,false,72.,60.,58.,50.,9.26183810536
0.88410545863,Voter,15,6,21.,1,false,true,false,false,72.,60.,58.,50.,9.26185924265
0.88410545863,Voter,15,6,26.,1,false,true,false,false,72.,60.,58.,50.,9.26185952218
0.88410545863,Voter,15,6,31.,1,false,true,false,false,72.,60.,58.,50.,9.26185952587
0.88410545863,Voter,15,6,36.,1,false,true,false,false,72.,60.,58.,50.,9.26185952592
0.88410545863,Voter,15,6,41.,1,false,true,false,false,72.,60.,58.,50.,9.26185952592
0.88410545863,Voter,15,6,46.,1,false,true,false,false,72.,60.,58.,50.,9.26185952592
0.88410545863,Voter,15,6,51.,1,false,true,false,false,72.,60.,58.,50.,9.26185952592
0.853014520049,Sample,15,3,1.,1,false,true,false,false,2.,2.,8.,8.,0.
0.853014520049,Sample,15,3,6.,1,false,true,false,false,10.,10.,12.,12.,8.94165856747
0.853014520049,Sample,15,3,11.,1,false,true,false,false,10.,10.,12.,12.,9.04687879774
0.853014520049,Sample,15,3,16.,1,false,true,false,false,10.,10.,12.,12.,9.04811696813
0.853014520049,Sample,15,3,21.,1,false,true,false,false,10.,10.,12.,12.,9.0481315382
0.853014520049,Sample,15,3,26.,1,false,true,false,false,10.,10.,12.,12.,9.04813170965
0.853014520049,Sample,15,3,31.,1,false,true,false,false,10.,10.,12.,12.,9.04813171167
0.853014520049,Sample,15,3,36.,1,false,true,false,false,10.,10.,12.,12.,9.04813171169
0.853014520049,Sample,15,3,41.,1,false,true,false,false,10.,10.,12.,12.,9.04813171169
0.853014520049,Sample,15,3,46.,1,false,true,false,false,10.,10.,12.,12.,9.04813171169
0.853014520049,Sample,15,3,51.,1,false,true,false,false,10.,10.,12.,12.,9.04813171169
1.01314958689,Sample,15,5,1.,1,false,true,false,false,12.,12.,42.,38.,0.
1.01314958689,Sample,15,5,6.,1,false,true,false,false,110.,92.,120.,94.,9.87503809473
1.01314958689,Sample,15,5,11.,1,false,true,false,false,116.,94.,122.,94.,10.0742794513
1.01314958689,Sample,15,5,16.,1,false,true,false,false,118.,96.,124.,96.,10.0782993971
1.01314958689,Sample,15,5,21.,1,false,true,false,false,118.,96.,124.,96.,10.0783805046
1.01314958689,Sample,15,5,26.,1,false,true,false,false,118.,96.,124.,96.,10.078382141
1.01314958689,Sample,15,5,31.,1,false,true,false,false,118.,96.,124.,96.,10.078382174
1.01314958689,Sample,15,5,36.,1,false,true,false,false,118.,96.,124.,96.,10.0783821747
1.01314958689,Sample,15,5,41.,1,false,true,false,false,118.,96.,124.,96.,10.0783821747
1.01314958689,Sample,15,5,46.,1,false,true,false,false,118.,96.,124.,96.,10.0783821747
1.01314958689,Sample,15,5,51.,1,false,true,false,false,118.,96.,124.,96.,10.0783821747
1.24457575723,Sample,15,7,1.,1,false,true,false,false,50.,46.,126.,102.,0.
1.24457575723,Sample,15,7,6.,1,false,true,false,false,256.,188.,272.,198.,10.9019551474
1.24457575723,Sample,15,7,11.,1,false,true,false,false,274.,200.,278.,206.,11.2930073833
1.24457575723,Sample,15,7,16.,1,false,true,false,false,274.,200.,278.,206.,11.3070343949
1.24457575723,Sample,15,7,21.,1,false,true,false,false,274.,200.,278.,206.,11.3075375426
1.24457575723,Sample,15,7,26.,1,false,true,false,false,274.,200.,278.,206.,11.3075555905
1.24457575723,Sample,15,7,31.,1,false,true,false,false,274.,200.,278.,206.,11.3075562379
1.24457575723,Sample,15,7,36.,1,false,true,false,false,274.,200.,278.,206.,11.3075562611
1.24457575723,Sample,15,7,41.,1,false,true,false,false,274.,200.,278.,206.,11.3075562619
1.24457575723,Sample,15,7,46.,1,false,true,false,false,274.,200.,278.,206.,11.3075562619
1.24457575723,Sample,15,7,51.,1,false,true,false,false,274.,200.,278.,206.,11.3075562619
1.15422035438,Sample,15,4,1.,1,false,true,false,false,14.,14.,40.,36.,0.
1.15422035438,Sample,15,4,6.,1,false,true,false,false,68.,60.,90.,70.,10.5409192869
1.15422035438,Sample,15,4,11.,1,false,true,false,false,72.,64.,90.,72.,10.84975672
1.15422035438,Sample,15,4,16.,1,false,true,false,false,72.,64.,90.,72.,10.8588053198
1.15422035438,Sample,15,4,21.,1,false,true,false,false,72.,64.,90.,72.,10.8590704339
1.15422035438,Sample,15,4,26.,1,false,true,false,false,72.,64.,90.,72.,10.8590782014
1.15422035438,Sample,15,4,31.,1,false,true,false,false,72.,64.,90.,72.,10.859078429
1.15422035438,Sample,15,4,36.,1,false,true,false,false,72.,64.,90.,72.,10.8590784357
1.15422035438,Sample,15,4,41.,1,false,true,false,false,72.,64.,90.,72.,10.8590784359
1.15422035438,Sample,15,4,46.,1,false,true,false,false,72.,64.,90.,72.,10.8590784359
1.15422035438,Sample,15,4,51.,1,false,true,false,false,72.,64.,90.,72.,10.8590784359
0.926706820161,Sample,15,7,1.,1,false,true,false,false,38.,38.,86.,74.,0.
0.926706820161,Sample,15,7,6.,1,false,true,false,false,156.,126.,132.,108.,9.39691151664
0.926706820161,Sample,15,7,11.,1,false,true,false,false,156.,126.,132.,108.,9.54126022376
0.926706820161,Sample,15,7,16.,1,false,true,false,false,156.,126.,132.,108.,9.54347760649
0.926706820161,Sample,15,7,21.,1,false,true,false,false,156.,126.,132.,108.,9.54351166835
0.926706820161,Sample,15,7,26.,1,false,true,false,false,156.,126.,132.,108.,9.54351219159
0.926706820161,Sample,15,7,31.,1,false,true,false,false,156.,126.,132.,108.,9.54351219962
0.926706820161,Sample,15,7,36.,1,false,true,false,false,156.,126.,132.,108.,9.54351219975
0.926706820161,Sample,15,7,41.,1,false,true,false,false,156.,126.,132.,108.,9.54351219975
0.926706820161,Sample,15,7,46.,1,false,true,false,false,156.,126.,132.,108.,9.54351219975
0.926706820161,Sample,15,7,51.,1,false,true,false,false,156.,126.,132.,108.,9.54351219975
0.873943840557,Sample,15,5,1.,1,false,true,false,false,4.,4.,24.,24.,0.
0.873943840557,Sample,15,5,6.,1,false,true,false,false,40.,36.,28.,28.,9.07568249847
0.873943840557,Sample,15,5,11.,1,false,true,false,false,42.,38.,26.,26.,9.19129415257
0.873943840557,Sample,15,5,16.,1,false,true,false,false,42.,38.,26.,26.,9.19276688529
0.873943840557,Sample,15,5,21.,1,false,true,false,false,42.,38.,26.,26.,9.19278564587
0.873943840557,Sample,15,5,26.,1,false,true,false,false,42.,38.,26.,26.,9.19278588485
0.873943840557,Sample,15,5,31.,1,false,true,false,false,42.,38.,26.,26.,9.1927858879
0.873943840557,Sample,15,5,36.,1,false,true,false,false,42.,38.,26.,26.,9.19278588794
0.873943840557,Sample,15,5,41.,1,false,true,false,false,42.,38.,26.,26.,9.19278588794
0.873943840557,Sample,15,5,46.,1,false,true,false,false,42.,38.,26.,26.,9.19278588794
0.873943840557,Sample,15,5,51.,1,false,true,false,false,42.,38.,26.,26.,9.19278588794
1.20160847958,Voter,15,5,1.,1,false,true,false,false,24.,22.,42.,40.,0.
1.20160847958,Voter,15,5,6.,1,false,true,false,false,46.,38.,32.,30.,10.7361676815
1.20160847958,Voter,15,5,11.,1,false,true,false,false,46.,38.,32.,30.,11.0870257787
1.20160847958,Voter,15,5,16.,1,false,true,false,false,46.,38.,32.,30.,11.0984918258
1.20160847958,Voter,15,5,21.,1,false,true,false,false,46.,38.,32.,30.,11.0988665363
1.20160847958,Voter,15,5,26.,1,false,true,false,false,46.,38.,32.,30.,11.0988787819
1.20160847958,Voter,15,5,31.,1,false,true,false,false,46.,38.,32.,30.,11.0988791821
1.20160847958,Voter,15,5,36.,1,false,true,false,false,46.,38.,32.,30.,11.0988791951
1.20160847958,Voter,15,5,41.,1,false,true,false,false,46.,38.,32.,30.,11.0988791956
1.20160847958,Voter,15,5,46.,1,false,true,false,false,46.,38.,32.,30.,11.0988791956
1.20160847958,Voter,15,5,51.,1,false,true,false,false,46.,38.,32.,30.,11.0988791956
1.15156258672,Voter,15,5,1.,1,false,true,false,false,2.,2.,38.,38.,0.
1.15156258672,Voter,15,5,6.,1,false,true,false,false,34.,30.,22.,22.,10.5295688365
1.15156258672,Voter,15,5,11.,1,false,true,false,false,36.,32.,20.,20.,10.8361237685
1.15156258672,Voter,15,5,16.,1,false,true,false,false,36.,32.,20.,20.,10.8450487234
1.15156258672,Voter,15,5,21.,1,false,true,false,false,36.,32.,20.,20.,10.845308562
1.15156258672,Voter,15,5,26.,1,false,true,false,false,36.,32.,20.,20.,10.8453161269
1.15156258672,Voter,15,5,31.,1,false,true,false,false,36.,32.,20.,20.,10.8453163471
1.15156258672,Voter,15,5,36.,1,false,true,false,false,36.,32.,20.,20.,10.8453163536
1.15156258672,Voter,15,5,41.,1,false,true,false,false,36.,32.,20.,20.,10.8453163537
1.15156258672,Voter,15,5,46.,1,false,true,false,false,36.,32.,20.,20.,10.8453163538
1.15156258672,Voter,15,5,51.,1,false,true,false,false,36.,32.,20.,20.,10.8453163538
1.24354442407,Voter,15,5,1.,1,false,true,false,false,14.,14.,36.,34.,0.
1.24354442407,Voter,15,5,6.,1,false,true,false,false,40.,36.,26.,26.,10.8980966446
1.24354442407,Voter,15,5,11.,1,false,true,false,false,42.,36.,28.,28.,11.2881615969
1.24354442407,Voter,15,5,16.,1,false,true,false,false,42.,36.,28.,28.,11.3021228116
1.24354442407,Voter,15,5,21.,1,false,true,false,false,42.,36.,28.,28.,11.3026225117
1.24354442407,Voter,15,5,26.,1,false,true,false,false,42.,36.,28.,28.,11.302640397
1.24354442407,Voter,15,5,31.,1,false,true,false,false,42.,36.,28.,28.,11.3026410372
1.24354442407,Voter,15,5,36.,1,false,true,false,false,42.,36.,28.,28.,11.3026410601
1.24354442407,Voter,15,5,41.,1,false,true,false,false,42.,36.,28.,28.,11.3026410609
1.24354442407,Voter,15,5,46.,1,false,true,false,false,42.,36.,28.,28.,11.3026410609
1.24354442407,Voter,15,5,51.,1,false,true,false,false,42.,36.,28.,28.,11.3026410609
1.20960800038,Sample,15,7,1.,1,false,true,false,false,66.,56.,112.,94.,0.
1.20960800038,Sample,15,7,6.,1,false,true,false,false,282.,194.,284.,192.,10.7678258314
1.20960800038,Sample,15,7,11.,1,false,true,false,false,294.,200.,284.,194.,11.1260195185
1.20960800038,Sample,15,7,16.,1,false,true,false,false,294.,200.,284.,194.,11.1379348967
1.20960800038,Sample,15,7,21.,1,false,true,false,false,294.,200.,284.,194.,11.1383312639
1.20960800038,Sample,15,7,26.,1,false,true,false,false,294.,200.,284.,194.,11.1383444491
1.20960800038,Sample,15,7,31.,1,false,true,false,false,294.,200.,284.,194.,11.1383448878
1.20960800038,Sample,15,7,36.,1,false,true,false,false,294.,200.,284.,194.,11.1383449023
1.20960800038,Sample,15,7,41.,1,false,true,false,false,294.,200.,284.,194.,11.1383449028
1.20960800038,Sample,15,7,46.,1,false,true,false,false,294.,200.,284.,194.,11.1383449028
1.20960800038,Sample,15,7,51.,1,false,true,false,false,294.,200.,284.,194.,11.1383449028
0.839416255543,Sample,15,6,1.,1,false,true,false,false,46.,42.,94.,76.,0.
0.839416255543,Sample,15,6,6.,1,false,true,false,false,142.,108.,114.,88.,8.85249319793
0.839416255543,Sample,15,6,11.,1,false,true,false,false,146.,112.,118.,92.,8.95126780472
0.839416255543,Sample,15,6,16.,1,false,true,false,false,146.,112.,118.,92.,8.95236991491
0.839416255543,Sample,15,6,21.,1,false,true,false,false,146.,112.,118.,92.,8.95238221207
0.839416255543,Sample,15,6,26.,1,false,true,false,false,146.,112.,118.,92.,8.95238234928
0.839416255543,Sample,15,6,31.,1,false,true,false,false,146.,112.,118.,92.,8.95238235081
0.839416255543,Sample,15,6,36.,1,false,true,false,false,146.,112.,118.,92.,8.95238235082
0.839416255543,Sample,15,6,41.,1,false,true,false,false,146.,112.,118.,92.,8.95238235082
0.839416255543,Sample,15,6,46.,1,false,true,false,false,146.,112.,118.,92.,8.95238235082
0.839416255543,Sample,15,6,51.,1,false,true,false,false,146.,112.,118.,92.,8.95238235082
1.08175417349,Voter,15,4,1.,1,false,true,false,false,2.,2.,18.,16.,0.
1.08175417349,Voter,15,4,6.,1,false,true,false,false,16.,14.,4.,4.,10.2154730177
1.08175417349,Voter,15,4,11.,1,false,true,false,false,16.,14.,4.,4.,10.46501295
1.08175417349,Voter,15,4,16.,1,false,true,false,false,16.,14.,4.,4.,10.4711086225
1.08175417349,Voter,15,4,21.,1,false,true,false,false,16.,14.,4.,4.,10.4712575254
1.08175417349,Voter,15,4,26.,1,false,true,false,false,16.,14.,4.,4.,10.4712611627
1.08175417349,Voter,15,4,31.,1,false,true,false,false,16.,14.,4.,4.,10.4712612516
1.08175417349,Voter,15,4,36.,1,false,true,false,false,16.,14.,4.,4.,10.4712612538
1.08175417349,Voter,15,4,41.,1,false,true,false,false,16.,14.,4.,4.,10.4712612538
1.08175417349,Voter,15,4,46.,1,false,true,false,false,16.,14.,4.,4.,10.4712612538
1.08175417349,Voter,15,4,51.,1,false,true,false,false,16.,14.,4.,4.,10.4712612538
1.03591710975,Voter,15,5,1.,1,false,true,false,false,18.,16.,42.,36.,0.
1.03591710975,Voter,15,5,6.,1,false,true,false,false,44.,36.,36.,32.,9.99167426725
1.03591710975,Voter,15,5,11.,1,false,true,false,false,44.,36.,36.,32.,10.2069600127
1.03591710975,Voter,15,5,16.,1,false,true,false,false,44.,36.,36.,32.,10.2115986699
1.03591710975,Voter,15,5,21.,1,false,true,false,false,44.,36.,36.,32.,10.2116986168
1.03591710975,Voter,15,5,26.,1,false,true,false,false,44.,36.,36.,32.,10.2117007703
1.03591710975,Voter,15,5,31.,1,false,true,false,false,44.,36.,36.,32.,10.2117008167
1.03591710975,Voter,15,5,36.,1,false,true,false,false,44.,36.,36.,32.,10.2117008177
1.03591710975,Voter,15,5,41.,1,false,true,false,false,44.,36.,36.,32.,10.2117008177
1.03591710975,Voter,15,5,46.,1,false,true,false,false,44.,36.,36.,32.,10.2117008177
1.03591710975,Voter,15,5,51.,1,false,true,false,false,44.,36.,36.,32.,10.2117008177
0.899538825835,Sample,15,5,1.,1,false,true,false,false,6.,6.,32.,28.,0.
0.899538825835,Sample,15,5,6.,1,false,true,false,false,40.,36.,30.,30.,9.23442652904
0.899538825835,Sample,15,5,11.,1,false,true,false,false,40.,36.,30.,30.,9.36352395771
0.899538825835,Sample,15,5,16.,1,false,true,false,false,40.,36.,30.,30.,9.3653287418
0.899538825835,Sample,15,5,21.,1,false,true,false,false,40.,36.,30.,30.,9.36535397271
0.899538825835,Sample,15,5,26.,1,false,true,false,false,40.,36.,30.,30.,9.36535432544
0.899538825835,Sample,15,5,31.,1,false,true,false,false,40.,36.,30.,30.,9.36535433037
0.899538825835,Sample,15,5,36.,1,false,true,false,false,40.,36.,30.,30.,9.36535433044
0.899538825835,Sample,15,5,41.,1,false,true,false,false,40.,36.,30.,30.,9.36535433044
0.899538825835,Sample,15,5,46.,1,false,true,false,false,40.,36.,30.,30.,9.36535433044
0.899538825835,Sample,15,5,51.,1,false,true,false,false,40.,36.,30.,30.,9.36535433044
1.10386538658,Voter,15,5,1.,1,false,true,false,false,34.,30.,54.,44.,0.
1.10386538658,Voter,15,5,6.,1,false,true,false,false,64.,58.,60.,50.,10.3183574673
1.10386538658,Voter,15,5,11.,1,false,true,false,false,64.,58.,60.,50.,10.5853347858
1.10386538658,Voter,15,5,16.,1,false,true,false,false,64.,58.,60.,50.,10.5922425605
1.10386538658,Voter,15,5,21.,1,false,true,false,false,64.,58.,60.,50.,10.5924212923
1.10386538658,Voter,15,5,26.,1,false,true,false,false,64.,58.,60.,50.,10.5924259168
1.10386538658,Voter,15,5,31.,1,false,true,false,false,64.,58.,60.,50.,10.5924260365
1.10386538658,Voter,15,5,36.,1,false,true,false,false,64.,58.,60.,50.,10.5924260396
1.10386538658,Voter,15,5,41.,1,false,true,false,false,64.,58.,60.,50.,10.5924260397
1.10386538658,Voter,15,5,46.,1,false,true,false,false,64.,58.,60.,50.,10.5924260397
1.10386538658,Voter,15,5,51.,1,false,true,false,false,64.,58.,60.,50.,10.5924260397
1.01370936309,Sample,15,7,1.,1,false,true,false,false,52.,46.,104.,86.,0.
1.01370936309,Sample,15,7,6.,1,false,true,false,false,212.,164.,216.,168.,9.87795058221
1.01370936309,Sample,15,7,11.,1,false,true,false,false,220.,170.,212.,168.,10.0775785896
1.01370936309,Sample,15,7,16.,1,false,true,false,false,220.,170.,212.,168.,10.081612963
1.01370936309,Sample,15,7,21.,1,false,true,false,false,220.,170.,212.,168.,10.0816944955
1.01370936309,Sample,15,7,26.,1,false,true,false,false,220.,170.,212.,168.,10.0816961433
1.01370936309,Sample,15,7,31.,1,false,true,false,false,220.,170.,212.,168.,10.0816961766
1.01370936309,Sample,15,7,36.,1,false,true,false,false,220.,170.,212.,168.,10.0816961772
1.01370936309,Sample,15,7,41.,1,false,true,false,false,220.,170.,212.,168.,10.0816961772
1.01370936309,Sample,15,7,46.,1,false,true,false,false,220.,170.,212.,168.,10.0816961772
1.01370936309,Sample,15,7,51.,1,false,true,false,false,220.,170.,212.,168.,10.0816961772
1.17636140906,Sample,15,3,1.,1,false,true,false,false,0.,0.,12.,12.,0.
1.17636140906,Sample,15,3,6.,1,false,true,false,false,10.,10.,6.,6.,10.6338087744
1.17636140906,Sample,15,3,11.,1,false,true,false,false,12.,12.,4.,4.,10.9619701899
1.17636140906,Sample,15,3,16.,1,false,true,false,false,12.,12.,4.,4.,10.9720973153
1.17636140906,Sample,15,3,21.,1,false,true,false,false,12.,12.,4.,4.,10.9724098403
1.17636140906,Sample,15,3,26.,1,false,true,false,false,12.,12.,4.,4.,10.9724194849
1.17636140906,Sample,15,3,31.,1,false,true,false,false,12.,12.,4.,4.,10.9724197825
1.17636140906,Sample,15,3,36.,1,false,true,false,false,12.,12.,4.,4.,10.9724197917
1.17636140906,Sample,15,3,41.,1,false,true,false,false,12.,12.,4.,4.,10.972419792
1.17636140906,Sample,15,3,46.,1,false,true,false,false,12.,12.,4.,4.,10.972419792
1.17636140906,Sample,15,3,51.,1,false,true,false,false,12.,12.,4.,4.,10.972419792
1.14897686491,Sample,15,6,1.,1,false,true,false,false,22.,22.,66.,58.,0.
1.14897686491,Sample,15,6,6.,1,false,true,false,false,144.,120.,152.,130.,10.5184844339
1.14897686491,Sample,15,6,11.,1,false,true,false,false,152.,122.,152.,132.,10.8228264434
1.14897686491,Sample,15,6,16.,1,false,true,false,false,152.,122.,152.,132.,10.8316322803
1.14897686491,Sample,15,6,21.,1,false,true,false,false,152.,122.,152.,132.,10.8318870685
1.14897686491,Sample,15,6,26.,1,false,true,false,false,152.,122.,152.,132.,10.8318944406
1.14897686491,Sample,15,6,31.,1,false,true,false,false,152.,122.,152.,132.,10.8318946539
1.14897686491,Sample,15,6,36.,1,false,true,false,false,152.,122.,152.,132.,10.8318946601
1.14897686491,Sample,15,6,41.,1,false,true,false,false,152.,122.,152.,132.,10.8318946602
1.14897686491,Sample,15,6,46.,1,false,true,false,false,152.,122.,152.,132.,10.8318946603
1.14897686491,Sample,15,6,51.,1,false,true,false,false,152.,122.,152.,132.,10.8318946603
1.25171487226,Sample,15,7,1.,1,false,true,false,false,50.,44.,124.,102.,0.
1.25171487226,Sample,15,7,6.,1,false,true,false,false,164.,140.,146.,124.,10.9285048079
1.25171487226,Sample,15,7,11.,1,false,true,false,false,178.,154.,156.,132.,11.3264209692
1.25171487226,Sample,15,7,16.,1,false,true,false,false,178.,154.,156.,132.,11.3409094353
1.25171487226,Sample,15,7,21.,1,false,true,false,false,178.,154.,156.,132.,11.3414369727
1.25171487226,Sample,15,7,26.,1,false,true,false,false,178.,154.,156.,132.,11.3414561808
1.25171487226,Sample,15,7,31.,1,false,true,false,false,178.,154.,156.,132.,11.3414568802
1.25171487226,Sample,15,7,36.,1,false,true,false,false,178.,154.,156.,132.,11.3414569057
1.25171487226,Sample,15,7,41.,1,false,true,false,false,178.,154.,156.,132.,11.3414569066
1.25171487226,Sample,15,7,46.,1,false,true,false,false,178.,154.,156.,132.,11.3414569066
1.25171487226,Sample,15,7,51.,1,false,true,false,false,178.,154.,156.,132.,11.3414569066
1.27685529722,Sample,15,4,1.,1,false,true,false,false,10.,10.,22.,22.,0.
1.27685529722,Sample,15,4,6.,1,false,true,false,false,18.,16.,14.,14.,11.0198063927
1.27685529722,Sample,15,4,11.,1,false,true,false,false,20.,18.,12.,12.,11.4423015771
1.27685529722,Sample,15,4,16.,1,false,true,false,false,20.,18.,12.,12.,11.4584998817
1.27685529722,Sample,15,4,21.,1,false,true,false,false,20.,18.,12.,12.,11.4591209185
1.27685529722,Sample,15,4,26.,1,false,true,false,false,20.,18.,12.,12.,11.4591447288
1.27685529722,Sample,15,4,31.,1,false,true,false,false,20.,18.,12.,12.,11.4591456417
1.27685529722,Sample,15,4,36.,1,false,true,false,false,20.,18.,12.,12.,11.4591456767
1.27685529722,Sample,15,4,41.,1,false,true,false,false,20.,18.,12.,12.,11.459145678
1.27685529722,Sample,15,4,46.,1,false,true,false,false,20.,18.,12.,12.,11.4591456781
1.27685529722,Sample,15,4,51.,1,false,true,false,false,20.,18.,12.,12.,11.4591456781
1.10496542514,Sample,15,6,1.,1,false,true,false,false,12.,12.,62.,56.,0.
1.10496542514,Sample,15,6,6.,1,false,true,false,false,104.,94.,94.,84.,10.3233921845
1.10496542514,Sample,15,6,11.,1,false,true,false,false,108.,96.,98.,86.,10.5912522702
1.10496542514,Sample,15,6,16.,1,false,true,false,false,108.,96.,98.,86.,10.5982024107
1.10496542514,Sample,15,6,21.,1,false,true,false,false,108.,96.,98.,86.,10.5983827453
1.10496542514,Sample,15,6,26.,1,false,true,false,false,108.,96.,98.,86.,10.5983874244
1.10496542514,Sample,15,6,31.,1,false,true,false,false,108.,96.,98.,86.,10.5983875459
1.10496542514,Sample,15,6,36.,1,false,true,false,false,108.,96.,98.,86.,10.598387549
1.10496542514,Sample,15,6,41.,1,false,true,false,false,108.,96.,98.,86.,10.5983875491
1.10496542514,Sample,15,6,46.,1,false,true,false,false,108.,96.,98.,86.,10.5983875491
1.10496542514,Sample,15,6,51.,1,false,true,false,false,108.,96.,98.,86.,10.5983875491
0.843578588642,Voter,15,7,1.,1,false,true,false,false,94.,76.,106.,90.,0.
0.843578588642,Voter,15,7,6.,1,false,true,false,false,146.,110.,126.,100.,8.87996297784
0.843578588642,Voter,15,7,11.,1,false,true,false,false,146.,110.,126.,100.,8.98068500532
0.843578588642,Voter,15,7,16.,1,false,true,false,false,146.,110.,126.,100.,8.9818274568
0.843578588642,Voter,15,7,21.,1,false,true,false,false,146.,110.,126.,100.,8.98184041519
0.843578588642,Voter,15,7,26.,1,false,true,false,false,146.,110.,126.,100.,8.98184056217
0.843578588642,Voter,15,7,31.,1,false,true,false,false,146.,110.,126.,100.,8.98184056384
0.843578588642,Voter,15,7,36.,1,false,true,false,false,146.,110.,126.,100.,8.98184056386
0.843578588642,Voter,15,7,41.,1,false,true,false,false,146.,110.,126.,100.,8.98184056386
0.843578588642,Voter,15,7,46.,1,false,true,false,false,146.,110.,126.,100.,8.98184056386
0.843578588642,Voter,15,7,51.,1,false,true,false,false,146.,110.,126.,100.,8.98184056386
1.37816972095,Voter,15,3,1.,1,false,true,false,false,0.,0.,6.,6.,0.
1.37816972095,Voter,15,3,6.,1,false,true,false,false,6.,6.,0.,0.,11.3549006288
1.37816972095,Voter,15,3,11.,1,false,true,false,false,6.,6.,0.,0.,11.8824966911
1.37816972095,Voter,15,3,16.,1,false,true,false,false,6.,6.,0.,0.,11.9070110056
1.37816972095,Voter,15,3,21.,1,false,true,false,false,6.,6.,0.,0.,11.9081500429
1.37816972095,Voter,15,3,26.,1,false,true,false,false,6.,6.,0.,0.,11.9082029673
1.37816972095,Voter,15,3,31.,1,false,true,false,false,6.,6.,0.,0.,11.9082054264
1.37816972095,Voter,15,3,36.,1,false,true,false,false,6.,6.,0.,0.,11.9082055407
1.37816972095,Voter,15,3,41.,1,false,true,false,false,6.,6.,0.,0.,11.908205546
1.37816972095,Voter,15,3,46.,1,false,true,false,false,6.,6.,0.,0.,11.9082055462
1.37816972095,Voter,15,3,51.,1,false,true,false,false,6.,6.,0.,0.,11.9082055462
0.831640330612,Voter,15,3,1.,1,false,true,false,false,10.,10.,12.,12.,0.
0.831640330612,Voter,15,3,6.,1,false,true,false,false,14.,12.,8.,8.,8.80075310619
0.831640330612,Voter,15,3,11.,1,false,true,false,false,14.,12.,8.,8.,8.89594986336
0.831640330612,Voter,15,3,16.,1,false,true,false,false,14.,12.,8.,8.,8.89697959598
0.831640330612,Voter,15,3,21.,1,false,true,false,false,14.,12.,8.,8.,8.89699073449
0.831640330612,Voter,15,3,26.,1,false,true,false,false,14.,12.,8.,8.,8.89699085497
0.831640330612,Voter,15,3,31.,1,false,true,false,false,14.,12.,8.,8.,8.89699085627
0.831640330612,Voter,15,3,36.,1,false,true,false,false,14.,12.,8.,8.,8.89699085629
0.831640330612,Voter,15,3,41.,1,false,true,false,false,14.,12.,8.,8.,8.89699085629
0.831640330612,Voter,15,3,46.,1,false,true,false,false,14.,12.,8.,8.,8.89699085629
0.831640330612,Voter,15,3,51.,1,false,true,false,false,14.,12.,8.,8.,8.89699085629
1.03541313947,Voter,15,4,1.,1,false,true,false,false,4.,4.,10.,10.,0.
1.03541313947,Voter,15,4,6.,1,false,true,false,false,14.,12.,0.,0.,9.98913254242
1.03541313947,Voter,15,4,11.,1,false,true,false,false,14.,12.,0.,0.,10.2040561027
1.03541313947,Voter,15,4,16.,1,false,true,false,false,14.,12.,0.,0.,10.2086803417
1.03541313947,Voter,15,4,21.,1,false,true,false,false,14.,12.,0.,0.,10.2087798356
1.03541313947,Voter,15,4,26.,1,false,true,false,false,14.,12.,0.,0.,10.2087819763
1.03541313947,Voter,15,4,31.,1,false,true,false,false,14.,12.,0.,0.,10.2087820224
1.03541313947,Voter,15,4,36.,1,false,true,false,false,14.,12.,0.,0.,10.2087820234
1.03541313947,Voter,15,4,41.,1,false,true,false,false,14.,12.,0.,0.,10.2087820234
1.03541313947,Voter,15,4,46.,1,false,true,false,false,14.,12.,0.,0.,10.2087820234
1.03541313947,Voter,15,4,51.,1,false,true,false,false,14.,12.,0.,0.,10.2087820234
0.864334574913,Sample,15,6,1.,1,false,true,false,false,26.,26.,74.,64.,0.
0.864334574913,Sample,15,6,6.,1,false,true,false,false,124.,104.,128.,106.,9.01462645922
0.864334574913,Sample,15,6,11.,1,false,true,false,false,124.,104.,124.,104.,9.12539612751
0.864334574913,Sample,15,6,16.,1,false,true,false,false,124.,104.,124.,104.,9.12675723986
0.864334574913,Sample,15,6,21.,1,false,true,false,false,124.,104.,124.,104.,9.1267739649
0.864334574913,Sample,15,6,26.,1,false,true,false,false,124.,104.,124.,104.,9.12677417041
0.864334574913,Sample,15,6,31.,1,false,true,false,false,124.,104.,124.,104.,9.12677417294
0.864334574913,Sample,15,6,36.,1,false,true,false,false,124.,104.,124.,104.,9.12677417297
0.864334574913,Sample,15,6,41.,1,false,true,false,false,124.,104.,124.,104.,9.12677417297
0.864334574913,Sample,15,6,46.,1,false,true,false,false,124.,104.,124.,104.,9.12677417297
0.864334574913,Sample,15,6,51.,1,false,true,false,false,124.,104.,124.,104.,9.12677417297
1.39171997732,Voter,15,7,1.,1,false,true,false,false,70.,62.,124.,100.,0.
1.39171997732,Voter,15,7,6.,1,false,true,false,false,140.,108.,114.,94.,11.3959434824
1.39171997732,Voter,15,7,11.,1,false,true,false,false,140.,108.,114.,94.,11.9382807461
1.39171997732,Voter,15,7,16.,1,false,true,false,false,140.,108.,114.,94.,11.9640907818
1.39171997732,Voter,15,7,21.,1,false,true,false,false,140.,108.,114.,94.,11.9653190911
1.39171997732,Voter,15,7,26.,1,false,true,false,false,140.,108.,114.,94.,11.9653775468
1.39171997732,Voter,15,7,31.,1,false,true,false,false,140.,108.,114.,94.,11.9653803288
1.39171997732,Voter,15,7,36.,1,false,true,false,false,140.,108.,114.,94.,11.9653804612
1.39171997732,Voter,15,7,41.,1,false,true,false,false,140.,108.,114.,94.,11.9653804675
1.39171997732,Voter,15,7,46.,1,false,true,false,false,140.,108.,114.,94.,11.9653804678
1.39171997732,Voter,15,7,51.,1,false,true,false,false,140.,108.,114.,94.,11.9653804678
1.11848917208,Voter,15,5,1.,1,false,true,false,false,26.,26.,56.,50.,0.
1.11848917208,Voter,15,5,6.,1,false,true,false,false,62.,58.,56.,52.,10.384648897
1.11848917208,Voter,15,5,11.,1,false,true,false,false,62.,58.,56.,52.,10.6634785516
1.11848917208,Voter,15,5,16.,1,false,true,false,false,62.,58.,56.,52.,10.6709651771
1.11848917208,Voter,15,5,21.,1,false,true,false,false,62.,58.,56.,52.,10.6711661943
1.11848917208,Voter,15,5,26.,1,false,true,false,false,62.,58.,56.,52.,10.6711715916
1.11848917208,Voter,15,5,31.,1,false,true,false,false,62.,58.,56.,52.,10.6711717365
1.11848917208,Voter,15,5,36.,1,false,true,false,false,62.,58.,56.,52.,10.6711717404
1.11848917208,Voter,15,5,41.,1,false,true,false,false,62.,58.,56.,52.,10.6711717405
1.11848917208,Voter,15,5,46.,1,false,true,false,false,62.,58.,56.,52.,10.6711717405
1.11848917208,Voter,15,5,51.,1,false,true,false,false,62.,58.,56.,52.,10.6711717405
1.38077211223,Voter,15,7,1.,1,false,true,false,false,22.,22.,84.,72.,0.
1.38077211223,Voter,15,7,6.,1,false,true,false,false,88.,76.,70.,62.,11.3628493718
1.38077211223,Voter,15,7,11.,1,false,true,false,false,88.,76.,70.,62.,11.8932647142
1.38077211223,Voter,15,7,16.,1,false,true,false,false,88.,76.,70.,62.,11.9180243873
1.38077211223,Voter,15,7,21.,1,false,true,false,false,88.,76.,70.,62.,11.9191801634
1.38077211223,Voter,15,7,26.,1,false,true,false,false,88.,76.,70.,62.,11.9192341148
1.38077211223,Voter,15,7,31.,1,false,true,false,false,88.,76.,70.,62.,11.9192366332
1.38077211223,Voter,15,7,36.,1,false,true,false,false,88.,76.,70.,62.,11.9192367508
1.38077211223,Voter,15,7,41.,1,false,true,false,false,88.,76.,70.,62.,11.9192367563
1.38077211223,Voter,15,7,46.,1,false,true,false,false,88.,76.,70.,62.,11.9192367565
1.38077211223,Voter,15,7,51.,1,false,true,false,false,88.,76.,70.,62.,11.9192367566
0.856058942421,Voter,15,7,1.,1,false,true,false,false,64.,58.,98.,88.,0.
0.856058942421,Voter,15,7,6.,1,false,true,false,false,108.,84.,106.,88.,8.96139423457
0.856058942421,Voter,15,7,11.,1,false,true,false,false,108.,84.,106.,88.,9.06809050908
0.856058942421,Voter,15,7,16.,1,false,true,false,false,110.,86.,108.,88.,9.06936085772
0.856058942421,Voter,15,7,21.,1,false,true,false,false,110.,86.,108.,88.,9.06937598277
0.856058942421,Voter,15,7,26.,1,false,true,false,false,110.,86.,108.,88.,9.06937616285
0.856058942421,Voter,15,7,31.,1,false,true,false,false,110.,86.,108.,88.,9.06937616499
0.856058942421,Voter,15,7,36.,1,false,true,false,false,110.,86.,108.,88.,9.06937616502
0.856058942421,Voter,15,7,41.,1,false,true,false,false,110.,86.,108.,88.,9.06937616502
0.856058942421,Voter,15,7,46.,1,false,true,false,false,110.,86.,108.,88.,9.06937616502
0.856058942421,Voter,15,7,51.,1,false,true,false,false,110.,86.,108.,88.,9.06937616502
1.06886375645,Voter,15,4,1.,1,false,true,false,false,18.,16.,18.,18.,0.
1.06886375645,Voter,15,4,6.,1,false,true,false,false,28.,26.,20.,20.,10.1539903784
1.06886375645,Voter,15,4,11.,1,false,true,false,false,28.,26.,20.,20.,10.3936367759
1.06886375645,Voter,15,4,16.,1,false,true,false,false,28.,26.,20.,20.,10.3992927194
1.06886375645,Voter,15,4,21.,1,false,true,false,false,28.,26.,20.,20.,10.3994262065
1.06886375645,Voter,15,4,26.,1,false,true,false,false,28.,26.,20.,20.,10.3994293569
1.06886375645,Voter,15,4,31.,1,false,true,false,false,28.,26.,20.,20.,10.3994294313
1.06886375645,Voter,15,4,36.,1,false,true,false,false,28.,26.,20.,20.,10.399429433
1.06886375645,Voter,15,4,41.,1,false,true,false,false,28.,26.,20.,20.,10.3994294331
1.06886375645,Voter,15,4,46.,1,false,true,false,false,28.,26.,20.,20.,10.3994294331
1.06886375645,Voter,15,4,51.,1,false,true,false,false,28.,26.,20.,20.,10.3994294331
0.818423522824,Voter,15,3,1.,1,false,true,false,false,12.,10.,14.,14.,0.
0.818423522824,Voter,15,3,6.,1,false,true,false,false,20.,18.,18.,18.,8.71153468962
0.818423522824,Voter,15,3,11.,1,false,true,false,false,20.,18.,18.,18.,8.80082976981
0.818423522824,Voter,15,3,16.,1,false,true,false,false,20.,18.,18.,18.,8.80174506334
0.818423522824,Voter,15,3,21.,1,false,true,false,false,20.,18.,18.,18.,8.80175444529
0.818423522824,Voter,15,3,26.,1,false,true,false,false,20.,18.,18.,18.,8.80175454146
0.818423522824,Voter,15,3,31.,1,false,true,false,false,20.,18.,18.,18.,8.80175454245
0.818423522824,Voter,15,3,36.,1,false,true,false,false,20.,18.,18.,18.,8.80175454246
0.818423522824,Voter,15,3,41.,1,false,true,false,false,20.,18.,18.,18.,8.80175454246
0.818423522824,Voter,15,3,46.,1,false,true,false,false,20.,18.,18.,18.,8.80175454246
0.818423522824,Voter,15,3,51.,1,false,true,false,false,20.,18.,18.,18.,8.80175454246
1.16146871558,Sample,15,6,1.,1,false,true,false,false,32.,30.,70.,58.,0.
1.16146871558,Sample,15,6,6.,1,false,true,false,false,170.,122.,148.,110.,10.5716552565
1.16146871558,Sample,15,6,11.,1,false,true,false,false,176.,126.,150.,112.,10.8867582459
1.16146871558,Sample,15,6,16.,1,false,true,false,false,176.,126.,150.,112.,10.8961503317
1.16146871558,Sample,15,6,21.,1,false,true,false,false,176.,126.,150.,112.,10.896430276
1.16146871558,Sample,15,6,26.,1,false,true,false,false,176.,126.,150.,112.,10.8964386201
1.16146871558,Sample,15,6,31.,1,false,true,false,false,176.,126.,150.,112.,10.8964388688
1.16146871558,Sample,15,6,36.,1,false,true,false,false,176.,126.,150.,112.,10.8964388763
1.16146871558,Sample,15,6,41.,1,false,true,false,false,176.,126.,150.,112.,10.8964388765
1.16146871558,Sample,15,6,46.,1,false,true,false,false,176.,126.,150.,112.,10.8964388765
1.16146871558,Sample,15,6,51.,1,false,true,false,false,176.,126.,150.,112.,10.8964388765
1.34363741836,Sample,15,7,1.,1,false,true,false,false,28.,28.,100.,80.,0.
1.34363741836,Sample,15,7,6.,1,false,true,false,false,128.,100.,148.,110.,11.2463850434
1.34363741836,Sample,15,7,11.,1,false,true,false,false,144.,108.,156.,114.,11.7371181095
1.34363741836,Sample,15,7,16.,1,false,true,false,false,144.,108.,156.,114.,11.7585311183
1.34363741836,Sample,15,7,21.,1,false,true,false,false,144.,108.,156.,114.,11.7594654694
1.34363741836,Sample,15,7,26.,1,false,true,false,false,144.,108.,156.,114.,11.7595062395
1.34363741836,Sample,15,7,31.,1,false,true,false,false,144.,108.,156.,114.,11.7595080185
1.34363741836,Sample,15,7,36.,1,false,true,false,false,144.,108.,156.,114.,11.7595080961
1.34363741836,Sample,15,7,41.,1,false,true,false,false,144.,108.,156.,114.,11.7595080995
1.34363741836,Sample,15,7,46.,1,false,true,false,false,144.,108.,156.,114.,11.7595080997
1.34363741836,Sample,15,7,51.,1,false,true,false,false,144.,108.,156.,114.,11.7595080997
0.902051171191,Sample,15,6,1.,1,false,true,false,false,28.,28.,64.,58.,0.
0.902051171191,Sample,15,6,6.,1,false,true,false,false,112.,98.,88.,76.,9.24970904741
0.902051171191,Sample,15,6,11.,1,false,true,false,false,118.,104.,90.,78.,9.38017637
0.902051171191,Sample,15,6,16.,1,false,true,false,false,118.,104.,90.,78.,9.38201661407
0.902051171191,Sample,15,6,21.,1,false,true,false,false,118.,104.,90.,78.,9.38204257075
0.902051171191,Sample,15,6,26.,1,false,true,false,false,118.,104.,90.,78.,9.38204293687
0.902051171191,Sample,15,6,31.,1,false,true,false,false,118.,104.,90.,78.,9.38204294203
0.902051171191,Sample,15,6,36.,1,false,true,false,false,118.,104.,90.,78.,9.3820429421
0.902051171191,Sample,15,6,41.,1,false,true,false,false,118.,104.,90.,78.,9.38204294211
0.902051171191,Sample,15,6,46.,1,false,true,false,false,118.,104.,90.,78.,9.38204294211
0.902051171191,Sample,15,6,51.,1,false,true,false,false,118.,104.,90.,78.,9.38204294211
0.8565069478,Voter,15,4,1.,1,false,true,false,false,18.,16.,20.,20.,0.
0.8565069478,Voter,15,4,6.,1,false,true,false,false,38.,32.,32.,30.,8.96429150221
0.8565069478,Voter,15,4,11.,1,false,true,false,false,38.,32.,32.,30.,9.07120600523
0.8565069478,Voter,15,4,16.,1,false,true,false,false,38.,32.,32.,30.,9.07248114348
0.8565069478,Voter,15,4,21.,1,false,true,false,false,38.,32.,32.,30.,9.07249635168
0.8565069478,Voter,15,4,26.,1,false,true,false,false,38.,32.,32.,30.,9.07249653307
0.8565069478,Voter,15,4,31.,1,false,true,false,false,38.,32.,32.,30.,9.07249653523
0.8565069478,Voter,15,4,36.,1,false,true,false,false,38.,32.,32.,30.,9.07249653526
0.8565069478,Voter,15,4,41.,1,false,true,false,false,38.,32.,32.,30.,9.07249653526
0.8565069478,Voter,15,4,46.,1,false,true,false,false,38.,32.,32.,30.,9.07249653526
0.8565069478,Voter,15,4,51.,1,false,true,false,false,38.,32.,32.,30.,9.07249653526
1.24176625583,Voter,15,5,1.,1,false,true,false,false,8.,8.,30.,26.,0.
1.24176625583,Voter,15,5,6.,1,false,true,false,false,36.,32.,26.,26.,10.891430289
1.24176625583,Voter,15,5,11.,1,false,true,false,false,36.,32.,26.,26.,11.2797955782
1.24176625583,Voter,15,5,16.,1,false,true,false,false,36.,32.,26.,26.,11.2936438601
1.24176625583,Voter,15,5,21.,1,false,true,false,false,36.,32.,26.,26.,11.2941376605
1.24176625583,Voter,15,5,26.,1,false,true,false,false,36.,32.,26.,26.,11.2941552683
1.24176625583,Voter,15,5,31.,1,false,true,false,false,36.,32.,26.,26.,11.2941558962
1.24176625583,Voter,15,5,36.,1,false,true,false,false,36.,32.,26.,26.,11.2941559186
1.24176625583,Voter,15,5,41.,1,false,true,false,false,36.,32.,26.,26.,11.2941559194
1.24176625583,Voter,15,5,46.,1,false,true,false,false,36.,32.,26.,26.,11.2941559194
1.24176625583,Voter,15,5,51.,1,false,true,false,false,36.,32.,26.,26.,11.2941559194
1.15246685723,Sample,15,7,1.,1,false,true,false,false,48.,46.,124.,108.,0.
1.15246685723,Sample,15,7,6.,1,false,true,false,false,306.,236.,330.,248.,10.5334355405
1.15246685723,Sample,15,7,11.,1,false,true,false,false,310.,238.,338.,250.,10.8407661635
1.15246685723,Sample,15,7,16.,1,false,true,false,false,310.,238.,338.,250.,10.8497330491
1.15246685723,Sample,15,7,21.,1,false,true,false,false,310.,238.,338.,250.,10.849994673
1.15246685723,Sample,15,7,26.,1,false,true,false,false,310.,238.,338.,250.,10.8500023063
1.15246685723,Sample,15,7,31.,1,false,true,false,false,310.,238.,338.,250.,10.850002529
1.15246685723,Sample,15,7,36.,1,false,true,false,false,310.,238.,338.,250.,10.8500025355
1.15246685723,Sample,15,7,41.,1,false,true,false,false,310.,238.,338.,250.,10.8500025357
1.15246685723,Sample,15,7,46.,1,false,true,false,false,310.,238.,338.,250.,10.8500025357
1.15246685723,Sample,15,7,51.,1,false,true,false,false,310.,238.,338.,250.,10.8500025357
0.828178970316,Voter,15,7,1.,1,false,true,false,false,48.,42.,44.,44.,0.
0.828178970316,Voter,15,7,6.,1,false,true,false,false,70.,56.,30.,28.,8.77754360116
0.828178970316,Voter,15,7,11.,1,false,true,false,false,70.,56.,30.,28.,8.8711729296
0.828178970316,Voter,15,7,16.,1,false,true,false,false,70.,56.,30.,28.,8.87217166586
0.828178970316,Voter,15,7,21.,1,false,true,false,false,70.,56.,30.,28.,8.8721823193
0.828178970316,Voter,15,7,26.,1,false,true,false,false,70.,56.,30.,28.,8.87218243294
0.828178970316,Voter,15,7,31.,1,false,true,false,false,70.,56.,30.,28.,8.87218243415
0.828178970316,Voter,15,7,36.,1,false,true,false,false,70.,56.,30.,28.,8.87218243417
0.828178970316,Voter,15,7,41.,1,false,true,false,false,70.,56.,30.,28.,8.87218243417
0.828178970316,Voter,15,7,46.,1,false,true,false,false,70.,56.,30.,28.,8.87218243417
0.828178970316,Voter,15,7,51.,1,false,true,false,false,70.,56.,30.,28.,8.87218243417
1.00405246974,Sample,15,5,1.,1,false,true,false,false,8.,8.,38.,34.,0.
1.00405246974,Sample,15,5,6.,1,false,true,false,false,42.,38.,36.,36.,9.82738546976
1.00405246974,Sample,15,5,11.,1,false,true,false,false,46.,42.,36.,36.,10.020398853
1.00405246974,Sample,15,5,16.,1,false,true,false,false,46.,42.,36.,36.,10.0241897053
1.00405246974,Sample,15,5,21.,1,false,true,false,false,46.,42.,36.,36.,10.024264159
1.00405246974,Sample,15,5,26.,1,false,true,false,false,46.,42.,36.,36.,10.0242656213
1.00405246974,Sample,15,5,31.,1,false,true,false,false,46.,42.,36.,36.,10.02426565
1.00405246974,Sample,15,5,36.,1,false,true,false,false,46.,42.,36.,36.,10.0242656505
1.00405246974,Sample,15,5,41.,1,false,true,false,false,46.,42.,36.,36.,10.0242656505
1.00405246974,Sample,15,5,46.,1,false,true,false,false,46.,42.,36.,36.,10.0242656505
1.00405246974,Sample,15,5,51.,1,false,true,false,false,46.,42.,36.,36.,10.0242656505
1.01659251343,Voter,15,4,1.,1,false,true,false,false,12.,12.,28.,24.,0.
1.01659251343,Voter,15,4,6.,1,false,true,false,false,30.,24.,22.,22.,9.89291541036
1.01659251343,Voter,15,4,11.,1,false,true,false,false,30.,24.,22.,22.,10.0945411504
1.01659251343,Voter,15,4,16.,1,false,true,false,false,30.,24.,22.,22.,10.0986504485
1.01659251343,Voter,15,4,21.,1,false,true,false,false,30.,24.,22.,22.,10.0987341994
1.01659251343,Voter,15,4,26.,1,false,true,false,false,30.,24.,22.,22.,10.0987359063
1.01659251343,Voter,15,4,31.,1,false,true,false,false,30.,24.,22.,22.,10.0987359411
1.01659251343,Voter,15,4,36.,1,false,true,false,false,30.,24.,22.,22.,10.0987359418
1.01659251343,Voter,15,4,41.,1,false,true,false,false,30.,24.,22.,22.,10.0987359418
1.01659251343,Voter,15,4,46.,1,false,true,false,false,30.,24.,22.,22.,10.0987359418
1.01659251343,Voter,15,4,51.,1,false,true,false,false,30.,24.,22.,22.,10.0987359418
0.905011541023,Sample,15,3,1.,1,false,true,false,false,6.,6.,12.,10.,0.
0.905011541023,Sample,15,3,6.,1,false,true,false,false,12.,10.,6.,6.,9.26764909514
0.905011541023,Sample,15,3,11.,1,false,true,false,false,12.,10.,6.,6.,9.39974119224
0.905011541023,Sample,15,3,16.,1,false,true,false,false,12.,10.,6.,6.,9.4016239051
0.905011541023,Sample,15,3,21.,1,false,true,false,false,12.,10.,6.,6.,9.40165073947
0.905011541023,Sample,15,3,26.,1,false,true,false,false,12.,10.,6.,6.,9.40165112194
0.905011541023,Sample,15,3,31.,1,false,true,false,false,12.,10.,6.,6.,9.40165112739
0.905011541023,Sample,15,3,36.,1,false,true,false,false,12.,10.,6.,6.,9.40165112747
0.905011541023,Sample,15,3,41.,1,false,true,false,false,12.,10.,6.,6.,9.40165112747
0.905011541023,Sample,15,3,46.,1,false,true,false,false,12.,10.,6.,6.,9.40165112747
0.905011541023,Sample,15,3,51.,1,false,true,false,false,12.,10.,6.,6.,9.40165112747
0.852009154087,Sample,15,3,1.,1,false,true,false,false,6.,6.,10.,10.,0.
0.852009154087,Sample,15,3,6.,1,false,true,false,false,18.,16.,14.,14.,8.935123079
0.852009154087,Sample,15,3,11.,1,false,true,false,false,18.,16.,14.,14.,9.03985852448
0.852009154087,Sample,15,3,16.,1,false,true,false,false,18.,16.,14.,14.,9.04108620914
0.852009154087,Sample,15,3,21.,1,false,true,false,false,18.,16.,14.,14.,9.04110059978
0.852009154087,Sample,15,3,26.,1,false,true,false,false,18.,16.,14.,14.,9.04110076846
0.852009154087,Sample,15,3,31.,1,false,true,false,false,18.,16.,14.,14.,9.04110077044
0.852009154087,Sample,15,3,36.,1,false,true,false,false,18.,16.,14.,14.,9.04110077046
0.852009154087,Sample,15,3,41.,1,false,true,false,false,18.,16.,14.,14.,9.04110077046
0.852009154087,Sample,15,3,46.,1,false,true,false,false,18.,16.,14.,14.,9.04110077046
0.852009154087,Sample,15,3,51.,1,false,true,false,false,18.,16.,14.,14.,9.04110077046
1.05408739552,Voter,15,4,1.,1,false,true,false,false,14.,14.,30.,28.,0.
1.05408739552,Voter,15,4,6.,1,false,true,false,false,38.,36.,22.,20.,10.0821226941
1.05408739552,Voter,15,4,11.,1,false,true,false,false,38.,36.,22.,20.,10.3106777581
1.05408739552,Voter,15,4,16.,1,false,true,false,false,38.,36.,22.,20.,10.3158589505
1.05408739552,Voter,15,4,21.,1,false,true,false,false,38.,36.,22.,20.,10.3159764047
1.05408739552,Voter,15,4,26.,1,false,true,false,false,38.,36.,22.,20.,10.3159790673
1.05408739552,Voter,15,4,31.,1,false,true,false,false,38.,36.,22.,20.,10.3159791276
1.05408739552,Voter,15,4,36.,1,false,true,false,false,38.,36.,22.,20.,10.315979129
1.05408739552,Voter,15,4,41.,1,false,true,false,false,38.,36.,22.,20.,10.315979129
1.05408739552,Voter,15,4,46.,1,false,true,false,false,38.,36.,22.,20.,10.315979129
1.05408739552,Voter,15,4,51.,1,false,true,false,false,38.,36.,22.,20.,10.315979129
0.920789126683,Sample,15,6,1.,1,false,true,false,false,22.,22.,52.,44.,0.
0.920789126683,Sample,15,6,6.,1,false,true,false,false,92.,76.,74.,66.,9.36203648143
0.920789126683,Sample,15,6,11.,1,false,true,false,false,92.,76.,74.,66.,9.5029810911
0.920789126683,Sample,15,6,16.,1,false,true,false,false,92.,76.,74.,66.,9.50510299941
0.920789126683,Sample,15,6,21.,1,false,true,false,false,92.,76.,74.,66.,9.50513494454
0.920789126683,Sample,15,6,26.,1,false,true,false,false,92.,76.,74.,66.,9.50513542548
0.920789126683,Sample,15,6,31.,1,false,true,false,false,92.,76.,74.,66.,9.50513543272
0.920789126683,Sample,15,6,36.,1,false,true,false,false,92.,76.,74.,66.,9.50513543282
0.920789126683,Sample,15,6,41.,1,false,true,false,false,92.,76.,74.,66.,9.50513543283
0.920789126683,Sample,15,6,46.,1,false,true,false,false,92.,76.,74.,66.,9.50513543283
0.920789126683,Sample,15,6,51.,1,false,true,false,false,92.,76.,74.,66.,9.50513543283
1.03688727019,Sample,15,5,1.,1,false,true,false,false,18.,16.,46.,46.,0.
1.03688727019,Sample,15,5,6.,1,false,true,false,false,56.,50.,48.,46.,9.99656211858
1.03688727019,Sample,15,5,11.,1,false,true,false,false,60.,54.,48.,48.,10.2125459757
1.03688727019,Sample,15,5,16.,1,false,true,false,false,60.,54.,48.,48.,10.2172124826
1.03688727019,Sample,15,5,21.,1,false,true,false,false,60.,54.,48.,48.,10.2173133063
1.03688727019,Sample,15,5,26.,1,false,true,false,false,60.,54.,48.,48.,10.2173154847
1.03688727019,Sample,15,5,31.,1,false,true,false,false,60.,54.,48.,48.,10.2173155317
1.03688727019,Sample,15,5,36.,1,false,true,false,false,60.,54.,48.,48.,10.2173155327
1.03688727019,Sample,15,5,41.,1,false,true,false,false,60.,54.,48.,48.,10.2173155328
1.03688727019,Sample,15,5,46.,1,false,true,false,false,60.,54.,48.,48.,10.2173155328
1.03688727019,Sample,15,5,51.,1,false,true,false,false,60.,54.,48.,48.,10.2173155328
1.23478321771,Sample,15,4,1.,1,false,true,false,false,8.,8.,24.,22.,0.
1.23478321771,Sample,15,4,6.,1,false,true,false,false,32.,30.,16.,16.,10.8650819901
1.23478321771,Sample,15,4,11.,1,false,true,false,false,34.,32.,18.,18.,11.2468039856
1.23478321771,Sample,15,4,16.,1,false,true,false,false,34.,32.,18.,18.,11.2602149918
1.23478321771,Sample,15,4,21.,1,false,true,false,false,34.,32.,18.,18.,11.2606861595
1.23478321771,Sample,15,4,26.,1,false,true,false,false,34.,32.,18.,18.,11.260702713
1.23478321771,Sample,15,4,31.,1,false,true,false,false,34.,32.,18.,18.,11.2607032946
1.23478321771,Sample,15,4,36.,1,false,true,false,false,34.,32.,18.,18.,11.260703315
1.23478321771,Sample,15,4,41.,1,false,true,false,false,34.,32.,18.,18.,11.2607033157
1.23478321771,Sample,15,4,46.,1,false,true,false,false,34.,32.,18.,18.,11.2607033157
1.23478321771,Sample,15,4,51.,1,false,true,false,false,34.,32.,18.,18.,11.2607033157
1.06274221472,Voter,15,3,1.,1,false,true,false,false,6.,6.,2.,2.,0.
1.06274221472,Voter,15,3,6.,1,false,true,false,false,8.,8.,0.,0.,10.1243985916
1.06274221472,Voter,15,3,11.,1,false,true,false,false,8.,8.,0.,0.,10.3594175723
1.06274221472,Voter,15,3,16.,1,false,true,false,false,8.,8.,0.,0.,10.3648730985
1.06274221472,Voter,15,3,21.,1,false,true,false,false,8.,8.,0.,0.,10.3649997383
1.06274221472,Voter,15,3,26.,1,false,true,false,false,8.,8.,0.,0.,10.365002678
1.06274221472,Voter,15,3,31.,1,false,true,false,false,8.,8.,0.,0.,10.3650027463
1.06274221472,Voter,15,3,36.,1,false,true,false,false,8.,8.,0.,0.,10.3650027479
1.06274221472,Voter,15,3,41.,1,false,true,false,false,8.,8.,0.,0.,10.3650027479
1.06274221472,Voter,15,3,46.,1,false,true,false,false,8.,8.,0.,0.,10.3650027479
1.06274221472,Voter,15,3,51.,1,false,true,false,false,8.,8.,0.,0.,10.3650027479
0.813961926979,Voter,15,3,1.,1,false,true,false,false,2.,2.,6.,6.,0.
0.813961926979,Voter,15,3,6.,1,false,true,false,false,8.,6.,0.,0.,8.6810506165
0.813961926979,Voter,15,3,11.,1,false,true,false,false,8.,6.,0.,0.,8.76840438001
0.813961926979,Voter,15,3,16.,1,false,true,false,false,8.,6.,0.,0.,8.76928338422
0.813961926979,Voter,15,3,21.,1,false,true,false,false,8.,6.,0.,0.,8.76929222927
0.813961926979,Voter,15,3,26.,1,false,true,false,false,8.,6.,0.,0.,8.76929231827
0.813961926979,Voter,15,3,31.,1,false,true,false,false,8.,6.,0.,0.,8.76929231917
0.813961926979,Voter,15,3,36.,1,false,true,false,false,8.,6.,0.,0.,8.76929231918
0.813961926979,Voter,15,3,41.,1,false,true,false,false,8.,6.,0.,0.,8.76929231918
0.813961926979,Voter,15,3,46.,1,false,true,false,false,8.,6.,0.,0.,8.76929231918
0.813961926979,Voter,15,3,51.,1,false,true,false,false,8.,6.,0.,0.,8.76929231918
0.850531500817,Sample,15,6,1.,1,false,true,false,false,40.,34.,86.,68.,0.
0.850531500817,Sample,15,6,6.,1,false,true,false,false,116.,94.,122.,98.,8.92550105237
0.850531500817,Sample,15,6,11.,1,false,true,false,false,120.,98.,122.,98.,9.02952636669
0.850531500817,Sample,15,6,16.,1,false,true,false,false,120.,98.,122.,98.,9.0307387654
0.850531500817,Sample,15,6,21.,1,false,true,false,false,120.,98.,122.,98.,9.03075289572
0.850531500817,Sample,15,6,26.,1,false,true,false,false,120.,98.,122.,98.,9.03075306041
0.850531500817,Sample,15,6,31.,1,false,true,false,false,120.,98.,122.,98.,9.03075306233
0.850531500817,Sample,15,6,36.,1,false,true,false,false,120.,98.,122.,98.,9.03075306235
0.850531500817,Sample,15,6,41.,1,false,true,false,false,120.,98.,122.,98.,9.03075306235
0.850531500817,Sample,15,6,46.,1,false,true,false,false,120.,98.,122.,98.,9.03075306235
0.850531500817,Sample,15,6,51.,1,false,true,false,false,120.,98.,122.,98.,9.03075306235
1.035700699,Sample,15,3,1.,1,false,true,false,false,6.,6.,8.,8.,0.
1.035700699,Sample,15,3,6.,1,false,true,false,false,12.,12.,2.,2.,9.99058304099
1.035700699,Sample,15,3,11.,1,false,true,false,false,12.,12.,2.,2.,10.205713221
1.035700699,Sample,15,3,16.,1,false,true,false,false,12.,12.,2.,2.,10.2103456828
1.035700699,Sample,15,3,21.,1,false,true,false,false,12.,12.,2.,2.,10.210445435
1.035700699,Sample,15,3,26.,1,false,true,false,false,12.,12.,2.,2.,10.210447583
1.035700699,Sample,15,3,31.,1,false,true,false,false,12.,12.,2.,2.,10.2104476292
1.035700699,Sample,15,3,36.,1,false,true,false,false,12.,12.,2.,2.,10.2104476302
1.035700699,Sample,15,3,41.,1,false,true,false,false,12.,12.,2.,2.,10.2104476303
1.035700699,Sample,15,3,46.,1,false,true,false,false,12.,12.,2.,2.,10.2104476303
1.035700699,Sample,15,3,51.,1,false,true,false,false,12.,12.,2.,2.,10.2104476303
1.06526355196,Voter,15,5,1.,1,false,true,false,false,30.,30.,44.,42.,0.
1.06526355196,Voter,15,5,6.,1,false,true,false,false,58.,50.,44.,44.,10.1366177973
1.06526355196,Voter,15,5,11.,1,false,true,false,false,58.,50.,44.,44.,10.3735371613
1.06526355196,Voter,15,5,16.,1,false,true,false,false,58.,50.,44.,44.,10.3790745887
1.06526355196,Voter,15,5,21.,1,false,true,false,false,58.,50.,44.,44.,10.3792040129
1.06526355196,Voter,15,5,26.,1,false,true,false,false,58.,50.,44.,44.,10.3792070379
1.06526355196,Voter,15,5,31.,1,false,true,false,false,58.,50.,44.,44.,10.3792071086
1.06526355196,Voter,15,5,36.,1,false,true,false,false,58.,50.,44.,44.,10.3792071102
1.06526355196,Voter,15,5,41.,1,false,true,false,false,58.,50.,44.,44.,10.3792071103
1.06526355196,Voter,15,5,46.,1,false,true,false,false,58.,50.,44.,44.,10.3792071103
1.06526355196,Voter,15,5,51.,1,false,true,false,false,58.,50.,44.,44.,10.3792071103
0.901169669519,Sample,15,3,1.,1,false,true,false,false,0.,0.,12.,12.,0.
0.901169669519,Sample,15,3,6.,1,false,true,false,false,12.,12.,8.,8.,9.24435292532
0.901169669519,Sample,15,3,11.,1,false,true,false,false,12.,12.,8.,8.,9.3743386563
0.901169669519,Sample,15,3,16.,1,false,true,false,false,12.,12.,8.,8.,9.3761663981
0.901169669519,Sample,15,3,21.,1,false,true,false,false,12.,12.,8.,8.,9.37619209816
0.901169669519,Sample,15,3,26.,1,false,true,false,false,12.,12.,8.,8.,9.37619245953
0.901169669519,Sample,15,3,31.,1,false,true,false,false,12.,12.,8.,8.,9.37619246461
0.901169669519,Sample,15,3,36.,1,false,true,false,false,12.,12.,8.,8.,9.37619246468
0.901169669519,Sample,15,3,41.,1,false,true,false,false,12.,12.,8.,8.,9.37619246468
0.901169669519,Sample,15,3,46.,1,false,true,false,false,12.,12.,8.,8.,9.37619246468
0.901169669519,Sample,15,3,51.,1,false,true,false,false,12.,12.,8.,8.,9.37619246468
0.921299168604,Voter,15,4,1.,1,false,true,false,false,18.,18.,18.,18.,0.
0.921299168604,Voter,15,4,6.,1,false,true,false,false,24.,22.,12.,12.,9.36505357599
0.921299168604,Voter,15,4,11.,1,false,true,false,false,24.,22.,12.,12.,9.5062897837
0.921299168604,Voter,15,4,16.,1,false,true,false,false,24.,22.,12.,12.,9.50841979462
0.921299168604,Voter,15,4,21.,1,false,true,false,false,24.,22.,12.,12.,9.50845191773
0.921299168604,Voter,15,4,26.,1,false,true,false,false,24.,22.,12.,12.,9.50845240219
0.921299168604,Voter,15,4,31.,1,false,true,false,false,24.,22.,12.,12.,9.50845240949
0.921299168604,Voter,15,4,36.,1,false,true,false,false,24.,22.,12.,12.,9.5084524096
0.921299168604,Voter,15,4,41.,1,false,true,false,false,24.,22.,12.,12.,9.5084524096
0.921299168604,Voter,15,4,46.,1,false,true,false,false,24.,22.,12.,12.,9.5084524096
0.921299168604,Voter,15,4,51.,1,false,true,false,false,24.,22.,12.,12.,9.5084524096
1.30068923686,Sample,15,5,1.,1,false,true,false,false,20.,18.,72.,58.,0.
1.30068923686,Sample,15,5,6.,1,false,true,false,false,62.,54.,66.,58.,11.1032784516
1.30068923686,Sample,15,5,11.,1,false,true,false,false,62.,54.,70.,60.,11.5496471087
1.30068923686,Sample,15,5,16.,1,false,true,false,false,62.,54.,70.,60.,11.5675918067
1.30068923686,Sample,15,5,21.,1,false,true,false,false,62.,54.,70.,60.,11.5683132108
1.30068923686,Sample,15,5,26.,1,false,true,false,false,62.,54.,70.,60.,11.5683422123
1.30068923686,Sample,15,5,31.,1,false,true,false,false,62.,54.,70.,60.,11.5683433782
1.30068923686,Sample,15,5,36.,1,false,true,false,false,62.,54.,70.,60.,11.5683434251
1.30068923686,Sample,15,5,41.,1,false,true,false,false,62.,54.,70.,60.,11.568343427
1.30068923686,Sample,15,5,46.,1,false,true,false,false,62.,54.,70.,60.,11.5683434271
1.30068923686,Sample,15,5,51.,1,false,true,false,false,62.,54.,70.,60.,11.5683434271
1.23790407687,Sample,15,7,1.,1,false,true,false,false,38.,36.,90.,78.,0.
1.23790407687,Sample,15,7,6.,1,false,true,false,false,128.,102.,116.,94.,10.8768909175
1.23790407687,Sample,15,7,11.,1,false,true,false,false,134.,106.,114.,94.,11.2615757231
1.23790407687,Sample,15,7,16.,1,false,true,false,false,134.,106.,114.,94.,11.2751809345
1.23790407687,Sample,15,7,21.,1,false,true,false,false,134.,106.,114.,94.,11.2756621122
1.23790407687,Sample,15,7,26.,1,false,true,false,false,134.,106.,114.,94.,11.2756791301
1.23790407687,Sample,15,7,31.,1,false,true,false,false,134.,106.,114.,94.,11.275679732
1.23790407687,Sample,15,7,36.,1,false,true,false,false,134.,106.,114.,94.,11.2756797533
1.23790407687,Sample,15,7,41.,1,false,true,false,false,134.,106.,114.,94.,11.2756797541
1.23790407687,Sample,15,7,46.,1,false,true,false,false,134.,106.,114.,94.,11.2756797541
1.23790407687,Sample,15,7,51.,1,false,true,false,false,134.,106.,114.,94.,11.2756797541
1.00866991807,Sample,15,5,1.,1,false,true,false,false,4.,4.,38.,32.,0.
1.00866991807,Sample,15,5,6.,1,false,true,false,false,36.,32.,18.,18.,9.85164832826
1.00866991807,Sample,15,5,11.,1,false,true,false,false,38.,34.,16.,16.,10.0478097526
1.00866991807,Sample,15,5,16.,1,false,true,false,false,38.,34.,16.,16.,10.0517156273
1.00866991807,Sample,15,5,21.,1,false,true,false,false,38.,34.,16.,16.,10.0517933993
1.00866991807,Sample,15,5,26.,1,false,true,false,false,38.,34.,16.,16.,10.0517949478
1.00866991807,Sample,15,5,31.,1,false,true,false,false,38.,34.,16.,16.,10.0517949787
1.00866991807,Sample,15,5,36.,1,false,true,false,false,38.,34.,16.,16.,10.0517949793
1.00866991807,Sample,15,5,41.,1,false,true,false,false,38.,34.,16.,16.,10.0517949793
1.00866991807,Sample,15,5,46.,1,false,true,false,false,38.,34.,16.,16.,10.0517949793
1.00866991807,Sample,15,5,51.,1,false,true,false,false,38.,34.,16.,16.,10.0517949793
0.821741688875,Sample,15,7,1.,1,false,true,false,false,92.,74.,150.,126.,0.
0.821741688875,Sample,15,7,6.,1,false,true,false,false,260.,192.,266.,200.,8.73408570636
0.821741688875,Sample,15,7,11.,1,false,true,false,false,268.,198.,270.,200.,8.82484121949
0.821741688875,Sample,15,7,16.,1,false,true,false,false,268.,198.,270.,200.,8.82578425616
0.821741688875,Sample,15,7,21.,1,false,true,false,false,268.,198.,270.,200.,8.82579405522
0.821741688875,Sample,15,7,26.,1,false,true,false,false,268.,198.,270.,200.,8.82579415704
0.821741688875,Sample,15,7,31.,1,false,true,false,false,268.,198.,270.,200.,8.8257941581
0.821741688875,Sample,15,7,36.,1,false,true,false,false,268.,198.,270.,200.,8.82579415811
0.821741688875,Sample,15,7,41.,1,false,true,false,false,268.,198.,270.,200.,8.82579415811
0.821741688875,Sample,15,7,46.,1,false,true,false,false,268.,198.,270.,200.,8.82579415811
0.821741688875,Sample,15,7,51.,1,false,true,false,false,268.,198.,270.,200.,8.82579415811
1.18765693603,Sample,15,7,1.,1,false,true,false,false,44.,36.,90.,74.,0.
1.18765693603,Sample,15,7,6.,1,false,true,false,false,170.,130.,144.,120.,10.6800669096
1.18765693603,Sample,15,7,11.,1,false,true,false,false,178.,136.,144.,118.,11.018296682
1.18765693603,Sample,15,7,16.,1,false,true,false,false,178.,136.,144.,118.,11.0290081673
1.18765693603,Sample,15,7,21.,1,false,true,false,false,178.,136.,144.,118.,11.029347392
1.18765693603,Sample,15,7,26.,1,false,true,false,false,178.,136.,144.,118.,11.029358135
1.18765693603,Sample,15,7,31.,1,false,true,false,false,178.,136.,144.,118.,11.0293584753
1.18765693603,Sample,15,7,36.,1,false,true,false,false,178.,136.,144.,118.,11.029358486
1.18765693603,Sample,15,7,41.,1,false,true,false,false,178.,136.,144.,118.,11.0293584864
1.18765693603,Sample,15,7,46.,1,false,true,false,false,178.,136.,144.,118.,11.0293584864
1.18765693603,Sample,15,7,51.,1,false,true,false,false,178.,136.,144.,118.,11.0293584864
1.29485116066,Voter,15,5,1.,1,false,true,false,false,36.,30.,58.,50.,0.
1.29485116066,Voter,15,5,6.,1,false,true,false,false,70.,54.,72.,58.,11.0831050446
1.29485116066,Voter,15,5,11.,1,false,true,false,false,70.,54.,72.,58.,11.5235755015
1.29485116066,Voter,15,5,16.,1,false,true,false,false,70.,54.,72.,58.,11.5410809048
1.29485116066,Voter,15,5,21.,1,false,true,false,false,70.,54.,72.,58.,11.5417766135
1.29485116066,Voter,15,5,26.,1,false,true,false,false,70.,54.,72.,58.,11.5418042628
1.29485116066,Voter,15,5,31.,1,false,true,false,false,70.,54.,72.,58.,11.5418053616
1.29485116066,Voter,15,5,36.,1,false,true,false,false,70.,54.,72.,58.,11.5418054053
1.29485116066,Voter,15,5,41.,1,false,true,false,false,70.,54.,72.,58.,11.541805407
1.29485116066,Voter,15,5,46.,1,false,true,false,false,70.,54.,72.,58.,11.5418054071
1.29485116066,Voter,15,5,51.,1,false,true,false,false,70.,54.,72.,58.,11.5418054071
0.891112805636,Voter,15,5,1.,1,false,true,false,false,32.,28.,38.,34.,0.
0.891112805636,Voter,15,5,6.,1,false,true,false,false,64.,54.,50.,44.,9.18278336698
0.891112805636,Voter,15,5,11.,1,false,true,false,false,64.,54.,50.,44.,9.30734663027
0.891112805636,Voter,15,5,16.,1,false,true,false,false,64.,54.,50.,44.,9.30903631476
0.891112805636,Voter,15,5,21.,1,false,true,false,false,64.,54.,50.,44.,9.30905923511
0.891112805636,Voter,15,5,26.,1,false,true,false,false,64.,54.,50.,44.,9.30905954602
0.891112805636,Voter,15,5,31.,1,false,true,false,false,64.,54.,50.,44.,9.30905955024
0.891112805636,Voter,15,5,36.,1,false,true,false,false,64.,54.,50.,44.,9.30905955029
0.891112805636,Voter,15,5,41.,1,false,true,false,false,64.,54.,50.,44.,9.30905955029
0.891112805636,Voter,15,5,46.,1,false,true,false,false,64.,54.,50.,44.,9.30905955029
0.891112805636,Voter,15,5,51.,1,false,true,false,false,64.,54.,50.,44.,9.30905955029
1.01352974319,Sample,15,5,1.,1,false,true,false,false,12.,12.,42.,38.,0.
1.01352974319,Sample,15,5,6.,1,false,true,false,false,52.,46.,34.,34.,9.87701627727
1.01352974319,Sample,15,5,11.,1,false,true,false,false,52.,46.,34.,34.,10.0765201737
1.01352974319,Sample,15,5,16.,1,false,true,false,false,52.,46.,34.,34.,10.0805499134
1.01352974319,Sample,15,5,21.,1,false,true,false,false,52.,46.,34.,34.,10.0806313094
1.01352974319,Sample,15,5,26.,1,false,true,false,false,52.,46.,34.,34.,10.0806329535
1.01352974319,Sample,15,5,31.,1,false,true,false,false,52.,46.,34.,34.,10.0806329867
1.01352974319,Sample,15,5,36.,1,false,true,false,false,52.,46.,34.,34.,10.0806329873
1.01352974319,Sample,15,5,41.,1,false,true,false,false,52.,46.,34.,34.,10.0806329874
1.01352974319,Sample,15,5,46.,1,false,true,false,false,52.,46.,34.,34.,10.0806329874
1.01352974319,Sample,15,5,51.,1,false,true,false,false,52.,46.,34.,34.,10.0806329874
0.834680653045,Sample,15,7,1.,1,false,true,false,false,94.,80.,168.,130.,0.
0.834680653045,Sample,15,7,6.,1,false,true,false,false,174.,140.,160.,122.,8.82104876243
0.834680653045,Sample,15,7,11.,1,false,true,false,false,174.,140.,160.,122.,8.91763509201
0.834680653045,Sample,15,7,16.,1,false,true,false,false,174.,140.,160.,122.,8.91869266683
0.834680653045,Sample,15,7,21.,1,false,true,false,false,174.,140.,160.,122.,8.91870424677
0.834680653045,Sample,15,7,26.,1,false,true,false,false,174.,140.,160.,122.,8.91870437357
0.834680653045,Sample,15,7,31.,1,false,true,false,false,174.,140.,160.,122.,8.91870437496
0.834680653045,Sample,15,7,36.,1,false,true,false,false,174.,140.,160.,122.,8.91870437497
0.834680653045,Sample,15,7,41.,1,false,true,false,false,174.,140.,160.,122.,8.91870437497
0.834680653045,Sample,15,7,46.,1,false,true,false,false,174.,140.,160.,122.,8.91870437497
0.834680653045,Sample,15,7,51.,1,false,true,false,false,174.,140.,160.,122.,8.91870437497
1.18359862573,Sample,15,6,1.,1,false,true,false,false,24.,22.,78.,68.,0.
1.18359862573,Sample,15,6,6.,1,false,true,false,false,130.,102.,128.,110.,10.6635339503
1.18359862573,Sample,15,6,11.,1,false,true,false,false,138.,104.,132.,110.,10.9981301568
1.18359862573,Sample,15,6,16.,1,false,true,false,false,138.,104.,132.,110.,11.008628986
1.18359862573,Sample,15,6,21.,1,false,true,false,false,138.,104.,132.,110.,11.0089584141
1.18359862573,Sample,15,6,26.,1,false,true,false,false,138.,104.,132.,110.,11.0089687508
1.18359862573,Sample,15,6,31.,1,false,true,false,false,138.,104.,132.,110.,11.0089690751
1.18359862573,Sample,15,6,36.,1,false,true,false,false,138.,104.,132.,110.,11.0089690853
1.18359862573,Sample,15,6,41.,1,false,true,false,false,138.,104.,132.,110.,11.0089690856
1.18359862573,Sample,15,6,46.,1,false,true,false,false,138.,104.,132.,110.,11.0089690856
1.18359862573,Sample,15,6,51.,1,false,true,false,false,138.,104.,132.,110.,11.0089690856
1.31080976627,Sample,15,5,1.,1,false,true,false,false,2.,2.,30.,26.,0.
1.31080976627,Sample,15,5,6.,1,false,true,false,false,38.,34.,34.,32.,11.1378359258
1.31080976627,Sample,15,5,11.,1,false,true,false,false,44.,38.,28.,28.,11.5945056317
1.31080976627,Sample,15,5,16.,1,false,true,false,false,46.,40.,26.,26.,11.6132298455
1.31080976627,Sample,15,5,21.,1,false,true,false,false,46.,40.,26.,26.,11.6139975692
1.31080976627,Sample,15,5,26.,1,false,true,false,false,46.,40.,26.,26.,11.6140290472
1.31080976627,Sample,15,5,31.,1,false,true,false,false,46.,40.,26.,26.,11.6140303378
1.31080976627,Sample,15,5,36.,1,false,true,false,false,46.,40.,26.,26.,11.6140303907
1.31080976627,Sample,15,5,41.,1,false,true,false,false,46.,40.,26.,26.,11.6140303929
1.31080976627,Sample,15,5,46.,1,false,true,false,false,46.,40.,26.,26.,11.614030393
1.31080976627,Sample,15,5,51.,1,false,true,false,false,46.,40.,26.,26.,11.614030393
1.27469739279,Voter,15,4,1.,1,false,true,false,false,32.,32.,50.,42.,0.
1.27469739279,Voter,15,4,6.,1,false,true,false,false,50.,42.,52.,44.,11.0121020342
1.27469739279,Voter,15,4,11.,1,false,true,false,false,52.,44.,54.,46.,11.432462919
1.27469739279,Voter,15,4,16.,1,false,true,false,false,52.,44.,54.,46.,11.4485091991
1.27469739279,Voter,15,4,21.,1,false,true,false,false,52.,44.,54.,46.,11.4491217278
1.27469739279,Voter,15,4,26.,1,false,true,false,false,52.,44.,54.,46.,11.4491451096
1.27469739279,Voter,15,4,31.,1,false,true,false,false,52.,44.,54.,46.,11.4491460022
1.27469739279,Voter,15,4,36.,1,false,true,false,false,52.,44.,54.,46.,11.4491460362
1.27469739279,Voter,15,4,41.,1,false,true,false,false,52.,44.,54.,46.,11.4491460375
1.27469739279,Voter,15,4,46.,1,false,true,false,false,52.,44.,54.,46.,11.4491460376
1.27469739279,Voter,15,4,51.,1,false,true,false,false,52.,44.,54.,46.,11.4491460376
1.09916650323,Sample,15,7,1.,1,false,true,false,false,40.,38.,112.,92.,0.
1.09916650323,Sample,15,7,6.,1,false,true,false,false,202.,158.,226.,172.,10.2967625515
1.09916650323,Sample,15,7,11.,1,false,true,false,false,216.,168.,228.,178.,10.5599852741
1.09916650323,Sample,15,7,16.,1,false,true,false,false,216.,168.,228.,178.,10.5667142048
1.09916650323,Sample,15,7,21.,1,false,true,false,false,216.,168.,228.,178.,10.5668862208
1.09916650323,Sample,15,7,26.,1,false,true,false,false,216.,168.,228.,178.,10.5668906181
1.09916650323,Sample,15,7,31.,1,false,true,false,false,216.,168.,228.,178.,10.5668907305
1.09916650323,Sample,15,7,36.,1,false,true,false,false,216.,168.,228.,178.,10.5668907334
1.09916650323,Sample,15,7,41.,1,false,true,false,false,216.,168.,228.,178.,10.5668907335
1.09916650323,Sample,15,7,46.,1,false,true,false,false,216.,168.,228.,178.,10.5668907335
1.09916650323,Sample,15,7,51.,1,false,true,false,false,216.,168.,228.,178.,10.5668907335
0.827433064905,Sample,15,3,1.,1,false,true,false,false,0.,0.,6.,6.,0.
0.827433064905,Sample,15,3,6.,1,false,true,false,false,6.,6.,0.,0.,8.7725276331
0.827433064905,Sample,15,3,11.,1,false,true,false,false,6.,6.,0.,0.,8.86582121996
0.827433064905,Sample,15,3,16.,1,false,true,false,false,6.,6.,0.,0.,8.86681337338
0.827433064905,Sample,15,3,21.,1,false,true,false,false,6.,6.,0.,0.,8.86682392468
0.827433064905,Sample,15,3,26.,1,false,true,false,false,6.,6.,0.,0.,8.86682403689
0.827433064905,Sample,15,3,31.,1,false,true,false,false,6.,6.,0.,0.,8.86682403808
0.827433064905,Sample,15,3,36.,1,false,true,false,false,6.,6.,0.,0.,8.8668240381
0.827433064905,Sample,15,3,41.,1,false,true,false,false,6.,6.,0.,0.,8.8668240381
0.827433064905,Sample,15,3,46.,1,false,true,false,false,6.,6.,0.,0.,8.8668240381
0.827433064905,Sample,15,3,51.,1,false,true,false,false,6.,6.,0.,0.,8.8668240381
1.30322030867,Voter,15,7,1.,1,false,true,false,false,62.,56.,138.,116.,0.
1.30322030867,Voter,15,7,6.,1,false,true,false,false,154.,126.,166.,136.,11.1119700923
1.30322030867,Voter,15,7,11.,1,false,true,false,false,158.,128.,166.,136.,11.5609059308
1.30322030867,Voter,15,7,16.,1,false,true,false,false,158.,128.,166.,136.,11.5790434334
1.30322030867,Voter,15,7,21.,1,false,true,false,false,158.,128.,166.,136.,11.5797762085
1.30322030867,Voter,15,7,26.,1,false,true,false,false,158.,128.,166.,136.,11.5798058134
1.30322030867,Voter,15,7,31.,1,false,true,false,false,158.,128.,166.,136.,11.5798070095
1.30322030867,Voter,15,7,36.,1,false,true,false,false,158.,128.,166.,136.,11.5798070578
1.30322030867,Voter,15,7,41.,1,false,true,false,false,158.,128.,166.,136.,11.5798070598
1.30322030867,Voter,15,7,46.,1,false,true,false,false,158.,128.,166.,136.,11.5798070599
1.30322030867,Voter,15,7,51.,1,false,true,false,false,158.,128.,166.,136.,11.5798070599
1.02392501775,Voter,15,3,1.,1,false,true,false,false,4.,4.,10.,10.,0.
1.02392501775,Voter,15,3,6.,1,false,true,false,false,10.,10.,8.,8.,9.93070346528
1.02392501775,Voter,15,3,11.,1,false,true,false,false,10.,10.,8.,8.,10.1374571255
1.02392501775,Voter,15,3,16.,1,false,true,false,false,10.,10.,8.,8.,10.1417616621
1.02392501775,Voter,15,3,21.,1,false,true,false,false,10.,10.,8.,8.,10.141851281
1.02392501775,Voter,15,3,26.,1,false,true,false,false,10.,10.,8.,8.,10.1418531468
1.02392501775,Voter,15,3,31.,1,false,true,false,false,10.,10.,8.,8.,10.1418531857
1.02392501775,Voter,15,3,36.,1,false,true,false,false,10.,10.,8.,8.,10.1418531865
1.02392501775,Voter,15,3,41.,1,false,true,false,false,10.,10.,8.,8.,10.1418531865
1.02392501775,Voter,15,3,46.,1,false,true,false,false,10.,10.,8.,8.,10.1418531865
1.02392501775,Voter,15,3,51.,1,false,true,false,false,10.,10.,8.,8.,10.1418531865
1.06608221677,Voter,15,3,1.,1,false,true,false,false,4.,4.,10.,10.,0.
1.06608221677,Voter,15,3,6.,1,false,true,false,false,10.,10.,8.,8.,10.1405759729
1.06608221677,Voter,15,3,11.,1,false,true,false,false,10.,10.,8.,8.,10.3781140555
1.06608221677,Voter,15,3,16.,1,false,true,false,false,10.,10.,8.,8.,10.3836782701
1.06608221677,Voter,15,3,21.,1,false,true,false,false,10.,10.,8.,8.,10.3838086091
1.06608221677,Voter,15,3,26.,1,false,true,false,false,10.,10.,8.,8.,10.3838116622
1.06608221677,Voter,15,3,31.,1,false,true,false,false,10.,10.,8.,8.,10.3838117337
1.06608221677,Voter,15,3,36.,1,false,true,false,false,10.,10.,8.,8.,10.3838117354
1.06608221677,Voter,15,3,41.,1,false,true,false,false,10.,10.,8.,8.,10.3838117355
1.06608221677,Voter,15,3,46.,1,false,true,false,false,10.,10.,8.,8.,10.3838117355
1.06608221677,Voter,15,3,51.,1,false,true,false,false,10.,10.,8.,8.,10.3838117355
1.39695607395,Sample,15,5,1.,1,false,true,false,false,8.,8.,44.,36.,0.
1.39695607395,Sample,15,5,6.,1,false,true,false,false,60.,50.,64.,56.,11.4115759451
1.39695607395,Sample,15,5,11.,1,false,true,false,false,72.,60.,68.,58.,11.9596500077
1.39695607395,Sample,15,5,16.,1,false,true,false,false,72.,60.,68.,58.,11.9859728556
1.39695607395,Sample,15,5,21.,1,false,true,false,false,72.,60.,68.,58.,11.9872370868
1.39695607395,Sample,15,5,26.,1,false,true,false,false,72.,60.,68.,58.,11.9872978052
1.39695607395,Sample,15,5,31.,1,false,true,false,false,72.,60.,68.,58.,11.9873007213
1.39695607395,Sample,15,5,36.,1,false,true,false,false,72.,60.,68.,58.,11.9873008614
1.39695607395,Sample,15,5,41.,1,false,true,false,false,72.,60.,68.,58.,11.9873008681
1.39695607395,Sample,15,5,46.,1,false,true,false,false,72.,60.,68.,58.,11.9873008685
1.39695607395,Sample,15,5,51.,1,false,true,false,false,72.,60.,68.,58.,11.9873008685
1.20991717923,Voter,15,6,1.,1,false,true,false,false,48.,42.,124.,94.,0.
1.20991717923,Voter,15,6,6.,1,false,true,false,false,130.,102.,146.,102.,10.7690420308
1.20991717923,Voter,15,6,11.,1,false,true,false,false,128.,102.,144.,100.,11.1275206106
1.20991717923,Voter,15,6,16.,1,false,true,false,false,128.,102.,144.,100.,11.1394536026
1.20991717923,Voter,15,6,21.,1,false,true,false,false,128.,102.,144.,100.,11.1398508266
1.20991717923,Voter,15,6,26.,1,false,true,false,false,128.,102.,144.,100.,11.1398640493
1.20991717923,Voter,15,6,31.,1,false,true,false,false,128.,102.,144.,100.,11.1398644895
1.20991717923,Voter,15,6,36.,1,false,true,false,false,128.,102.,144.,100.,11.1398645041
1.20991717923,Voter,15,6,41.,1,false,true,false,false,128.,102.,144.,100.,11.1398645046
1.20991717923,Voter,15,6,46.,1,false,true,false,false,128.,102.,144.,100.,11.1398645046
1.20991717923,Voter,15,6,51.,1,false,true,false,false,128.,102.,144.,100.,11.1398645046
1.02945551168,Sample,15,7,1.,1,false,true,false,false,66.,60.,120.,106.,0.
1.02945551168,Sample,15,7,6.,1,false,true,false,false,300.,208.,322.,220.,9.95894926124
1.02945551168,Sample,15,7,11.,1,false,true,false,false,306.,212.,328.,222.,10.1696153497
1.02945551168,Sample,15,7,16.,1,false,true,false,false,306.,212.,328.,222.,10.1740716633
1.02945551168,Sample,15,7,21.,1,false,true,false,false,306.,212.,328.,222.,10.1741659297
1.02945551168,Sample,15,7,26.,1,false,true,false,false,306.,212.,328.,222.,10.1741679237
1.02945551168,Sample,15,7,31.,1,false,true,false,false,306.,212.,328.,222.,10.1741679659
1.02945551168,Sample,15,7,36.,1,false,true,false,false,306.,212.,328.,222.,10.1741679668
1.02945551168,Sample,15,7,41.,1,false,true,false,false,306.,212.,328.,222.,10.1741679668
1.02945551168,Sample,15,7,46.,1,false,true,false,false,306.,212.,328.,222.,10.1741679668
1.02945551168,Sample,15,7,51.,1,false,true,false,false,306.,212.,328.,222.,10.1741679668
1.28280787554,Sample,15,6,1.,1,false,true,false,false,46.,42.,120.,96.,0.
1.28280787554,Sample,15,6,6.,1,false,true,false,false,198.,150.,248.,186.,11.0409315409
1.28280787554,Sample,15,6,11.,1,false,true,false,false,210.,160.,256.,192.,11.4693377837
1.28280787554,Sample,15,6,16.,1,false,true,false,false,210.,160.,256.,192.,11.4859606482
1.28280787554,Sample,15,6,21.,1,false,true,false,false,210.,160.,256.,192.,11.4866056426
1.28280787554,Sample,15,6,26.,1,false,true,false,false,210.,160.,256.,192.,11.4866306694
1.28280787554,Sample,15,6,31.,1,false,true,false,false,210.,160.,256.,192.,11.4866316405
1.28280787554,Sample,15,6,36.,1,false,true,false,false,210.,160.,256.,192.,11.4866316782
1.28280787554,Sample,15,6,41.,1,false,true,false,false,210.,160.,256.,192.,11.4866316797
1.28280787554,Sample,15,6,46.,1,false,true,false,false,210.,160.,256.,192.,11.4866316797
1.28280787554,Sample,15,6,51.,1,false,true,false,false,210.,160.,256.,192.,11.4866316797
1.3731713328,Sample,15,6,1.,1,false,true,false,false,28.,28.,72.,62.,0.
1.3731713328,Sample,15,6,6.,1,false,true,false,false,104.,88.,80.,78.,11.3395445367
1.3731713328,Sample,15,6,11.,1,false,true,false,false,106.,90.,82.,80.,11.8617415858
1.3731713328,Sample,15,6,16.,1,false,true,false,false,108.,90.,80.,78.,11.8857892676
1.3731713328,Sample,15,6,21.,1,false,true,false,false,108.,90.,80.,78.,11.8868966867
1.3731713328,Sample,15,6,26.,1,false,true,false,false,108.,90.,80.,78.,11.8869476844
1.3731713328,Sample,15,6,31.,1,false,true,false,false,108.,90.,80.,78.,11.8869500329
1.3731713328,Sample,15,6,36.,1,false,true,false,false,108.,90.,80.,78.,11.8869501411
1.3731713328,Sample,15,6,41.,1,false,true,false,false,108.,90.,80.,78.,11.886950146
1.3731713328,Sample,15,6,46.,1,false,true,false,false,108.,90.,80.,78.,11.8869501463
1.3731713328,Sample,15,6,51.,1,false,true,false,false,108.,90.,80.,78.,11.8869501463
0.922085017628,Voter,15,7,1.,1,false,true,false,false,48.,42.,88.,70.,0.
0.922085017628,Voter,15,7,6.,1,false,true,false,false,84.,74.,68.,56.,9.36969801788
0.922085017628,Voter,15,7,11.,1,false,true,false,false,84.,74.,68.,56.,9.5113841707
0.922085017628,Voter,15,7,16.,1,false,true,false,false,84.,74.,68.,56.,9.51352671209
0.922085017628,Voter,15,7,21.,1,false,true,false,false,84.,74.,68.,56.,9.51355911105
0.922085017628,Voter,15,7,26.,1,false,true,false,false,84.,74.,68.,56.,9.51355960098
0.922085017628,Voter,15,7,31.,1,false,true,false,false,84.,74.,68.,56.,9.51355960839
0.922085017628,Voter,15,7,36.,1,false,true,false,false,84.,74.,68.,56.,9.5135596085
0.922085017628,Voter,15,7,41.,1,false,true,false,false,84.,74.,68.,56.,9.5135596085
0.922085017628,Voter,15,7,46.,1,false,true,false,false,84.,74.,68.,56.,9.5135596085
0.922085017628,Voter,15,7,51.,1,false,true,false,false,84.,74.,68.,56.,9.5135596085
1.36298720864,Voter,15,4,1.,1,false,true,false,false,14.,14.,26.,22.,0.
1.36298720864,Voter,15,4,6.,1,false,true,false,false,28.,28.,28.,26.,11.3078919315
1.36298720864,Voter,15,4,11.,1,false,true,false,false,28.,28.,28.,26.,11.8191541563
1.36298720864,Voter,15,4,16.,1,false,true,false,false,28.,28.,28.,26.,11.8422697877
1.36298720864,Voter,15,4,21.,1,false,true,false,false,28.,28.,28.,26.,11.8433149117
1.36298720864,Voter,15,4,26.,1,false,true,false,false,28.,28.,28.,26.,11.8433621648
1.36298720864,Voter,15,4,31.,1,false,true,false,false,28.,28.,28.,26.,11.8433643012
1.36298720864,Voter,15,4,36.,1,false,true,false,false,28.,28.,28.,26.,11.8433643978
1.36298720864,Voter,15,4,41.,1,false,true,false,false,28.,28.,28.,26.,11.8433644022
1.36298720864,Voter,15,4,46.,1,false,true,false,false,28.,28.,28.,26.,11.8433644024
1.36298720864,Voter,15,4,51.,1,false,true,false,false,28.,28.,28.,26.,11.8433644024
1.27124040505,Sample,15,7,1.,1,false,true,false,false,30.,30.,98.,84.,0.
1.27124040505,Sample,15,7,6.,1,false,true,false,false,130.,100.,110.,90.,10.9997081363
1.27124040505,Sample,15,7,11.,1,false,true,false,false,140.,110.,108.,88.,11.4166593854
1.27124040505,Sample,15,7,16.,1,false,true,false,false,140.,110.,108.,88.,11.4324641997
1.27124040505,Sample,15,7,21.,1,false,true,false,false,140.,110.,108.,88.,11.4330632916
1.27124040505,Sample,15,7,26.,1,false,true,false,false,140.,110.,108.,88.,11.4330860006
1.27124040505,Sample,15,7,31.,1,false,true,false,false,140.,110.,108.,88.,11.4330868614
1.27124040505,Sample,15,7,36.,1,false,true,false,false,140.,110.,108.,88.,11.4330868941
1.27124040505,Sample,15,7,41.,1,false,true,false,false,140.,110.,108.,88.,11.4330868953
1.27124040505,Sample,15,7,46.,1,false,true,false,false,140.,110.,108.,88.,11.4330868953
1.27124040505,Sample,15,7,51.,1,false,true,false,false,140.,110.,108.,88.,11.4330868953
1.08293580124,Sample,15,7,1.,1,false,true,false,false,20.,16.,94.,78.,0.
1.08293580124,Sample,15,7,6.,1,false,true,false,false,156.,116.,138.,110.,10.2210530926
1.08293580124,Sample,15,7,11.,1,false,true,false,false,158.,118.,140.,112.,10.4715100207
1.08293580124,Sample,15,7,16.,1,false,true,false,false,158.,118.,140.,112.,10.4776472232
1.08293580124,Sample,15,7,21.,1,false,true,false,false,158.,118.,140.,112.,10.4777976094
1.08293580124,Sample,15,7,26.,1,false,true,false,false,158.,118.,140.,112.,10.4778012944
1.08293580124,Sample,15,7,31.,1,false,true,false,false,158.,118.,140.,112.,10.4778013847
1.08293580124,Sample,15,7,36.,1,false,true,false,false,158.,118.,140.,112.,10.4778013869
1.08293580124,Sample,15,7,41.,1,false,true,false,false,158.,118.,140.,112.,10.477801387
1.08293580124,Sample,15,7,46.,1,false,true,false,false,158.,118.,140.,112.,10.477801387
1.08293580124,Sample,15,7,51.,1,false,true,false,false,158.,118.,140.,112.,10.477801387
1.1054781078,Sample,15,5,1.,1,false,true,false,false,14.,14.,36.,32.,0.
1.1054781078,Sample,15,5,6.,1,false,true,false,false,56.,50.,42.,42.,10.325735971
1.1054781078,Sample,15,5,11.,1,false,true,false,false,60.,52.,38.,38.,10.5940079689
1.1054781078,Sample,15,5,16.,1,false,true,false,false,60.,52.,38.,38.,10.600977919
1.1054781078,Sample,15,5,21.,1,false,true,false,false,60.,52.,38.,38.,10.6011590046
1.1054781078,Sample,15,5,26.,1,false,true,false,false,60.,52.,38.,38.,10.6011637094
1.1054781078,Sample,15,5,31.,1,false,true,false,false,60.,52.,38.,38.,10.6011638316
1.1054781078,Sample,15,5,36.,1,false,true,false,false,60.,52.,38.,38.,10.6011638348
1.1054781078,Sample,15,5,41.,1,false,true,false,false,60.,52.,38.,38.,10.6011638349
1.1054781078,Sample,15,5,46.,1,false,true,false,false,60.,52.,38.,38.,10.6011638349
1.1054781078,Sample,15,5,51.,1,false,true,false,false,60.,52.,38.,38.,10.6011638349
0.992047709902,Sample,15,4,1.,1,false,true,false,false,8.,8.,18.,18.,0.
0.992047709902,Sample,15,4,6.,1,false,true,false,false,30.,26.,16.,16.,9.76356864512
0.992047709902,Sample,15,4,11.,1,false,true,false,false,30.,26.,16.,16.,9.94852442874
0.992047709902,Sample,15,4,16.,1,false,true,false,false,30.,26.,16.,16.,9.95202813145
0.992047709902,Sample,15,4,21.,1,false,true,false,false,30.,26.,16.,16.,9.95209450371
0.992047709902,Sample,15,4,26.,1,false,true,false,false,30.,26.,16.,16.,9.95209576103
0.992047709902,Sample,15,4,31.,1,false,true,false,false,30.,26.,16.,16.,9.95209578484
0.992047709902,Sample,15,4,36.,1,false,true,false,false,30.,26.,16.,16.,9.9520957853
0.992047709902,Sample,15,4,41.,1,false,true,false,false,30.,26.,16.,16.,9.9520957853
0.992047709902,Sample,15,4,46.,1,false,true,false,false,30.,26.,16.,16.,9.9520957853
0.992047709902,Sample,15,4,51.,1,false,true,false,false,30.,26.,16.,16.,9.9520957853
0.95987876648,Sample,15,5,1.,1,false,true,false,false,20.,18.,50.,42.,0.
0.95987876648,Sample,15,5,6.,1,false,true,false,false,72.,66.,70.,70.,9.58720661537
0.95987876648,Sample,15,5,11.,1,false,true,false,false,76.,66.,70.,68.,9.75148073711
0.95987876648,Sample,15,5,16.,1,false,true,false,false,76.,66.,70.,68.,9.75429552855
0.95987876648,Sample,15,5,21.,1,false,true,false,false,76.,66.,70.,68.,9.75434375922
0.95987876648,Sample,15,5,26.,1,false,true,false,false,76.,66.,70.,68.,9.75434458564
0.95987876648,Sample,15,5,31.,1,false,true,false,false,76.,66.,70.,68.,9.7543445998
0.95987876648,Sample,15,5,36.,1,false,true,false,false,76.,66.,70.,68.,9.75434460004
0.95987876648,Sample,15,5,41.,1,false,true,false,false,76.,66.,70.,68.,9.75434460004
0.95987876648,Sample,15,5,46.,1,false,true,false,false,76.,66.,70.,68.,9.75434460004
0.95987876648,Sample,15,5,51.,1,false,true,false,false,76.,66.,70.,68.,9.75434460004
0.817081384958,Sample,15,3,1.,1,false,true,false,false,0.,0.,12.,12.,0.
0.817081384958,Sample,15,3,6.,1,false,true,false,false,12.,12.,8.,8.,8.70238405282
0.817081384958,Sample,15,3,11.,1,false,true,false,false,12.,12.,8.,8.,8.79109244842
0.817081384958,Sample,15,3,16.,1,false,true,false,false,12.,12.,8.,8.,8.79199670401
0.817081384958,Sample,15,3,21.,1,false,true,false,false,12.,12.,8.,8.,8.7920059216
0.817081384958,Sample,15,3,26.,1,false,true,false,false,12.,12.,8.,8.,8.79200601556
0.817081384958,Sample,15,3,31.,1,false,true,false,false,12.,12.,8.,8.,8.79200601652
0.817081384958,Sample,15,3,36.,1,false,true,false,false,12.,12.,8.,8.,8.79200601653
0.817081384958,Sample,15,3,41.,1,false,true,false,false,12.,12.,8.,8.,8.79200601653
0.817081384958,Sample,15,3,46.,1,false,true,false,false,12.,12.,8.,8.,8.79200601653
0.817081384958,Sample,15,3,51.,1,false,true,false,false,12.,12.,8.,8.,8.79200601653
0.86591687145,Voter,15,4,1.,1,false,true,false,false,18.,18.,18.,18.,0.
0.86591687145,Voter,15,4,6.,1,false,true,false,false,24.,22.,12.,12.,9.02473570163
0.86591687145,Voter,15,4,11.,1,false,true,false,false,24.,22.,12.,12.,9.13629437649
0.86591687145,Voter,15,4,16.,1,false,true,false,false,24.,22.,12.,12.,9.13767340169
0.86591687145,Voter,15,4,21.,1,false,true,false,false,24.,22.,12.,12.,9.13769044842
0.86591687145,Voter,15,4,26.,1,false,true,false,false,24.,22.,12.,12.,9.13769065914
0.86591687145,Voter,15,4,31.,1,false,true,false,false,24.,22.,12.,12.,9.13769066174
0.86591687145,Voter,15,4,36.,1,false,true,false,false,24.,22.,12.,12.,9.13769066178
0.86591687145,Voter,15,4,41.,1,false,true,false,false,24.,22.,12.,12.,9.13769066178
0.86591687145,Voter,15,4,46.,1,false,true,false,false,24.,22.,12.,12.,9.13769066178
0.86591687145,Voter,15,4,51.,1,false,true,false,false,24.,22.,12.,12.,9.13769066178
1.18758848941,Voter,15,5,1.,1,false,true,false,false,26.,26.,46.,42.,0.
1.18758848941,Voter,15,5,6.,1,false,true,false,false,52.,48.,40.,36.,10.6797888723
1.18758848941,Voter,15,5,11.,1,false,true,false,false,52.,48.,40.,36.,11.0179572121
1.18758848941,Voter,15,5,16.,1,false,true,false,false,52.,48.,40.,36.,11.0286650854
1.18758848941,Voter,15,5,21.,1,false,true,false,false,52.,48.,40.,36.,11.029004143
1.18758848941,Voter,15,5,26.,1,false,true,false,false,52.,48.,40.,36.,11.0290148791
1.18758848941,Voter,15,5,31.,1,false,true,false,false,52.,48.,40.,36.,11.029015219
1.18758848941,Voter,15,5,36.,1,false,true,false,false,52.,48.,40.,36.,11.0290152298
1.18758848941,Voter,15,5,41.,1,false,true,false,false,52.,48.,40.,36.,11.0290152301
1.18758848941,Voter,15,5,46.,1,false,true,false,false,52.,48.,40.,36.,11.0290152301
1.18758848941,Voter,15,5,51.,1,false,true,false,false,52.,48.,40.,36.,11.0290152301
0.906636534955,Voter,15,3,1.,1,false,true,false,false,22.,20.,20.,16.,0.
0.906636534955,Voter,15,3,6.,1,false,true,false,false,26.,24.,16.,14.,9.27746558866
0.906636534955,Voter,15,3,11.,1,false,true,false,false,26.,24.,16.,14.,9.41045441939
0.906636534955,Voter,15,3,16.,1,false,true,false,false,26.,24.,16.,14.,9.41236076213
0.906636534955,Voter,15,3,21.,1,false,true,false,false,26.,24.,16.,14.,9.4123880888
0.906636534955,Voter,15,3,26.,1,false,true,false,false,26.,24.,16.,14.,9.41238848052
0.906636534955,Voter,15,3,31.,1,false,true,false,false,26.,24.,16.,14.,9.41238848613
0.906636534955,Voter,15,3,36.,1,false,true,false,false,26.,24.,16.,14.,9.41238848622
0.906636534955,Voter,15,3,41.,1,false,true,false,false,26.,24.,16.,14.,9.41238848622
0.906636534955,Voter,15,3,46.,1,false,true,false,false,26.,24.,16.,14.,9.41238848622
0.906636534955,Voter,15,3,51.,1,false,true,false,false,26.,24.,16.,14.,9.41238848622
1.0204327609,Voter,15,7,1.,1,false,true,false,false,18.,18.,52.,46.,0.
1.0204327609,Voter,15,7,6.,1,false,true,false,false,60.,52.,22.,22.,9.91275448809
1.0204327609,Voter,15,7,11.,1,false,true,false,false,60.,52.,22.,22.,10.117057424
1.0204327609,Voter,15,7,16.,1,false,true,false,false,60.,52.,22.,22.,10.1212681294
1.0204327609,Voter,15,7,21.,1,false,true,false,false,60.,52.,22.,22.,10.1213549125
1.0204327609,Voter,15,7,26.,1,false,true,false,false,60.,52.,22.,22.,10.1213567011
1.0204327609,Voter,15,7,31.,1,false,true,false,false,60.,52.,22.,22.,10.121356738
1.0204327609,Voter,15,7,36.,1,false,true,false,false,60.,52.,22.,22.,10.1213567388
1.0204327609,Voter,15,7,41.,1,false,true,false,false,60.,52.,22.,22.,10.1213567388
1.0204327609,Voter,15,7,46.,1,false,true,false,false,60.,52.,22.,22.,10.1213567388
1.0204327609,Voter,15,7,51.,1,false,true,false,false,60.,52.,22.,22.,10.1213567388
1.30717154086,Sample,15,3,1.,1,false,true,false,false,8.,8.,16.,14.,0.
1.30717154086,Sample,15,3,6.,1,false,true,false,false,16.,14.,12.,12.,11.1254730153
1.30717154086,Sample,15,3,11.,1,false,true,false,false,16.,14.,12.,12.,11.5784285272
1.30717154086,Sample,15,3,16.,1,false,true,false,false,16.,14.,12.,12.,11.5968698731
1.30717154086,Sample,15,3,21.,1,false,true,false,false,16.,14.,12.,12.,11.5976206824
1.30717154086,Sample,15,3,26.,1,false,true,false,false,16.,14.,12.,12.,11.5976512504
1.30717154086,Sample,15,3,31.,1,false,true,false,false,16.,14.,12.,12.,11.5976524949
1.30717154086,Sample,15,3,36.,1,false,true,false,false,16.,14.,12.,12.,11.5976525456
1.30717154086,Sample,15,3,41.,1,false,true,false,false,16.,14.,12.,12.,11.5976525476
1.30717154086,Sample,15,3,46.,1,false,true,false,false,16.,14.,12.,12.,11.5976525477
1.30717154086,Sample,15,3,51.,1,false,true,false,false,16.,14.,12.,12.,11.5976525477
0.960434444049,Sample,15,3,1.,1,false,true,false,false,22.,18.,26.,22.,0.
0.960434444049,Sample,15,3,6.,1,false,true,false,false,30.,24.,30.,24.,9.59032043543
0.960434444049,Sample,15,3,11.,1,false,true,false,false,30.,24.,30.,24.,9.75494049102
0.960434444049,Sample,15,3,16.,1,false,true,false,false,30.,24.,30.,24.,9.75776623213
0.960434444049,Sample,15,3,21.,1,false,true,false,false,30.,24.,30.,24.,9.75781473662
0.960434444049,Sample,15,3,26.,1,false,true,false,false,30.,24.,30.,24.,9.75781556922
0.960434444049,Sample,15,3,31.,1,false,true,false,false,30.,24.,30.,24.,9.75781558351
0.960434444049,Sample,15,3,36.,1,false,true,false,false,30.,24.,30.,24.,9.75781558375
0.960434444049,Sample,15,3,41.,1,false,true,false,false,30.,24.,30.,24.,9.75781558376
0.960434444049,Sample,15,3,46.,1,false,true,false,false,30.,24.,30.,24.,9.75781558376
0.960434444049,Sample,15,3,51.,1,false,true,false,false,30.,24.,30.,24.,9.75781558376
1.29166049811,Sample,15,4,1.,1,false,true,false,false,0.,0.,18.,16.,0.
1.29166049811,Sample,15,4,6.,1,false,true,false,false,18.,16.,0.,0.,11.0720053559
1.29166049811,Sample,15,4,11.,1,false,true,false,false,18.,16.,0.,0.,11.5092660247
1.29166049811,Sample,15,4,16.,1,false,true,false,false,18.,16.,0.,0.,11.5265345218
1.29166049811,Sample,15,4,21.,1,false,true,false,false,18.,16.,0.,0.,11.5272164971
1.29166049811,Sample,15,4,26.,1,false,true,false,false,18.,16.,0.,0.,11.52724343
1.29166049811,Sample,15,4,31.,1,false,true,false,false,18.,16.,0.,0.,11.5272444937
1.29166049811,Sample,15,4,36.,1,false,true,false,false,18.,16.,0.,0.,11.5272445357
1.29166049811,Sample,15,4,41.,1,false,true,false,false,18.,16.,0.,0.,11.5272445373
1.29166049811,Sample,15,4,46.,1,false,true,false,false,18.,16.,0.,0.,11.5272445374
1.29166049811,Sample,15,4,51.,1,false,true,false,false,18.,16.,0.,0.,11.5272445374
1.31523368462,Voter,15,6,1.,1,false,true,false,false,58.,48.,112.,90.,0.
1.31523368462,Voter,15,6,6.,1,false,true,false,false,130.,106.,160.,122.,11.1527782383
1.31523368462,Voter,15,6,11.,1,false,true,false,false,134.,108.,156.,120.,11.6139808651
1.31523368462,Voter,15,6,16.,1,false,true,false,false,134.,108.,156.,120.,11.6330530513
1.31523368462,Voter,15,6,21.,1,false,true,false,false,134.,108.,156.,120.,11.6338417464
1.31523368462,Voter,15,6,26.,1,false,true,false,false,134.,108.,156.,120.,11.6338743615
1.31523368462,Voter,15,6,31.,1,false,true,false,false,134.,108.,156.,120.,11.6338757102
1.31523368462,Voter,15,6,36.,1,false,true,false,false,134.,108.,156.,120.,11.633875766
1.31523368462,Voter,15,6,41.,1,false,true,false,false,134.,108.,156.,120.,11.6338757683
1.31523368462,Voter,15,6,46.,1,false,true,false,false,134.,108.,156.,120.,11.6338757684
1.31523368462,Voter,15,6,51.,1,false,true,false,false,134.,108.,156.,120.,11.6338757684
1.03715878264,Sample,15,3,1.,1,false,true,false,false,0.,0.,8.,8.,0.
1.03715878264,Sample,15,3,6.,1,false,true,false,false,6.,6.,2.,2.,9.99792885803
1.03715878264,Sample,15,3,11.,1,false,true,false,false,6.,6.,2.,2.,10.2141083014
1.03715878264,Sample,15,3,16.,1,false,true,false,false,6.,6.,2.,2.,10.2187826247
1.03715878264,Sample,15,3,21.,1,false,true,false,false,6.,6.,2.,2.,10.2188836948
1.03715878264,Sample,15,3,26.,1,false,true,false,false,6.,6.,2.,2.,10.2188858802
1.03715878264,Sample,15,3,31.,1,false,true,false,false,6.,6.,2.,2.,10.2188859275
1.03715878264,Sample,15,3,36.,1,false,true,false,false,6.,6.,2.,2.,10.2188859285
1.03715878264,Sample,15,3,41.,1,false,true,false,false,6.,6.,2.,2.,10.2188859285
1.03715878264,Sample,15,3,46.,1,false,true,false,false,6.,6.,2.,2.,10.2188859285
1.03715878264,Sample,15,3,51.,1,false,true,false,false,6.,6.,2.,2.,10.2188859285
1.30034070075,Voter,15,5,1.,1,false,true,false,false,28.,26.,36.,36.,0.
1.30034070075,Voter,15,5,6.,1,false,true,false,false,72.,62.,40.,40.,11.1020790126
1.30034070075,Voter,15,5,11.,1,false,true,false,false,72.,62.,40.,40.,11.5480946358
1.30034070075,Voter,15,5,16.,1,false,true,false,false,72.,62.,40.,40.,11.5660128956
1.30034070075,Voter,15,5,21.,1,false,true,false,false,72.,62.,40.,40.,11.5667327449
1.30034070075,Voter,15,5,26.,1,false,true,false,false,72.,62.,40.,40.,11.5667616642
1.30034070075,Voter,15,5,31.,1,false,true,false,false,72.,62.,40.,40.,11.566762826
1.30034070075,Voter,15,5,36.,1,false,true,false,false,72.,62.,40.,40.,11.5667628727
1.30034070075,Voter,15,5,41.,1,false,true,false,false,72.,62.,40.,40.,11.5667628746
1.30034070075,Voter,15,5,46.,1,false,true,false,false,72.,62.,40.,40.,11.5667628746
1.30034070075,Voter,15,5,51.,1,false,true,false,false,72.,62.,40.,40.,11.5667628746
1.18628014634,Voter,15,7,1.,1,false,true,false,false,76.,62.,134.,112.,0.
1.18628014634,Voter,15,7,6.,1,false,true,false,false,156.,124.,150.,126.,10.6744689484
1.18628014634,Voter,15,7,11.,1,false,true,false,false,156.,124.,150.,126.,11.0114640026
1.18628014634,Voter,15,7,16.,1,false,true,false,false,156.,124.,150.,126.,11.0221030018
1.18628014634,Voter,15,7,21.,1,false,true,false,false,156.,124.,150.,126.,11.0224388771
1.18628014634,Voter,15,7,26.,1,false,true,false,false,156.,124.,150.,126.,11.0224494807
1.18628014634,Voter,15,7,31.,1,false,true,false,false,156.,124.,150.,126.,11.0224498155
1.18628014634,Voter,15,7,36.,1,false,true,false,false,156.,124.,150.,126.,11.0224498261
1.18628014634,Voter,15,7,41.,1,false,true,false,false,156.,124.,150.,126.,11.0224498264
1.18628014634,Voter,15,7,46.,1,false,true,false,false,156.,124.,150.,126.,11.0224498264
1.18628014634,Voter,15,7,51.,1,false,true,false,false,156.,124.,150.,126.,11.0224498264
1.21083223484,Voter,15,3,1.,1,false,true,false,false,2.,2.,6.,6.,0.
1.21083223484,Voter,15,3,6.,1,false,true,false,false,8.,8.,0.,0.,10.7726383277
1.21083223484,Voter,15,3,11.,1,false,true,false,false,8.,8.,0.,0.,11.1319606826
1.21083223484,Voter,15,3,16.,1,false,true,false,false,8.,8.,0.,0.,11.1439459132
1.21083223484,Voter,15,3,21.,1,false,true,false,false,8.,8.,0.,0.,11.1443456817
1.21083223484,Voter,15,3,26.,1,false,true,false,false,8.,8.,0.,0.,11.144359016
1.21083223484,Voter,15,3,31.,1,false,true,false,false,8.,8.,0.,0.,11.1443594608
1.21083223484,Voter,15,3,36.,1,false,true,false,false,8.,8.,0.,0.,11.1443594756
1.21083223484,Voter,15,3,41.,1,false,true,false,false,8.,8.,0.,0.,11.1443594761
1.21083223484,Voter,15,3,46.,1,false,true,false,false,8.,8.,0.,0.,11.1443594761
1.21083223484,Voter,15,3,51.,1,false,true,false,false,8.,8.,0.,0.,11.1443594761
0.924532241238,Sample,15,3,1.,1,false,true,false,false,10.,10.,26.,26.,0.
0.924532241238,Sample,15,3,6.,1,false,true,false,false,32.,30.,44.,36.,9.38412908695
0.924532241238,Sample,15,3,11.,1,false,true,false,false,32.,30.,44.,36.,9.52722158043
0.924532241238,Sample,15,3,16.,1,false,true,false,false,32.,30.,44.,36.,9.52940350499
0.924532241238,Sample,15,3,21.,1,false,true,false,false,32.,30.,44.,36.,9.52943677574
0.924532241238,Sample,15,3,26.,1,false,true,false,false,32.,30.,44.,36.,9.52943728307
0.924532241238,Sample,15,3,31.,1,false,true,false,false,32.,30.,44.,36.,9.5294372908
0.924532241238,Sample,15,3,36.,1,false,true,false,false,32.,30.,44.,36.,9.52943729092
0.924532241238,Sample,15,3,41.,1,false,true,false,false,32.,30.,44.,36.,9.52943729092
0.924532241238,Sample,15,3,46.,1,false,true,false,false,32.,30.,44.,36.,9.52943729092
0.924532241238,Sample,15,3,51.,1,false,true,false,false,32.,30.,44.,36.,9.52943729092
1.14990731737,Sample,15,3,1.,1,false,true,false,false,0.,0.,12.,12.,0.
1.14990731737,Sample,15,3,6.,1,false,true,false,false,12.,10.,16.,16.,10.5224778104
1.14990731737,Sample,15,3,11.,1,false,true,false,false,12.,10.,16.,16.,10.8276152468
1.14990731737,Sample,15,3,16.,1,false,true,false,false,12.,10.,16.,16.,10.8364638143
1.14990731737,Sample,15,3,21.,1,false,true,false,false,12.,10.,16.,16.,10.8367204106
1.14990731737,Sample,15,3,26.,1,false,true,false,false,12.,10.,16.,16.,10.8367278516
1.14990731737,Sample,15,3,31.,1,false,true,false,false,12.,10.,16.,16.,10.8367280673
1.14990731737,Sample,15,3,36.,1,false,true,false,false,12.,10.,16.,16.,10.8367280736
1.14990731737,Sample,15,3,41.,1,false,true,false,false,12.,10.,16.,16.,10.8367280738
1.14990731737,Sample,15,3,46.,1,false,true,false,false,12.,10.,16.,16.,10.8367280738
1.14990731737,Sample,15,3,51.,1,false,true,false,false,12.,10.,16.,16.,10.8367280738
0.959848474669,Voter,15,6,1.,1,false,true,false,false,30.,30.,42.,36.,0.
0.959848474669,Voter,15,6,6.,1,false,true,false,false,78.,66.,38.,34.,9.58703680179
0.959848474669,Voter,15,6,11.,1,false,true,false,false,78.,66.,38.,34.,9.75129207702
0.959848474669,Voter,15,6,16.,1,false,true,false,false,78.,66.,38.,34.,9.75410627248
0.959848474669,Voter,15,6,21.,1,false,true,false,false,78.,66.,38.,34.,9.75415448826
0.959848474669,Voter,15,6,26.,1,false,true,false,false,78.,66.,38.,34.,9.75415531434
0.959848474669,Voter,15,6,31.,1,false,true,false,false,78.,66.,38.,34.,9.75415532849
0.959848474669,Voter,15,6,36.,1,false,true,false,false,78.,66.,38.,34.,9.75415532874
0.959848474669,Voter,15,6,41.,1,false,true,false,false,78.,66.,38.,34.,9.75415532874
0.959848474669,Voter,15,6,46.,1,false,true,false,false,78.,66.,38.,34.,9.75415532874
0.959848474669,Voter,15,6,51.,1,false,true,false,false,78.,66.,38.,34.,9.75415532874
1.27640663535,Voter,15,6,1.,1,false,true,false,false,36.,32.,92.,76.,0.
1.27640663535,Voter,15,6,6.,1,false,true,false,false,84.,72.,88.,76.,11.0182065644
1.27640663535,Voter,15,6,11.,1,false,true,false,false,88.,74.,84.,74.,11.4402576189
1.27640663535,Voter,15,6,16.,1,false,true,false,false,88.,74.,84.,74.,11.4564242329
1.27640663535,Voter,15,6,21.,1,false,true,false,false,88.,74.,84.,74.,11.457043493
1.27640663535,Voter,15,6,26.,1,false,true,false,false,88.,74.,84.,74.,11.4570672137
1.27640663535,Voter,15,6,31.,1,false,true,false,false,88.,74.,84.,74.,11.4570681223
1.27640663535,Voter,15,6,36.,1,false,true,false,false,88.,74.,84.,74.,11.4570681571
1.27640663535,Voter,15,6,41.,1,false,true,false,false,88.,74.,84.,74.,11.4570681585
1.27640663535,Voter,15,6,46.,1,false,true,false,false,88.,74.,84.,74.,11.4570681585
1.27640663535,Voter,15,6,51.,1,false,true,false,false,88.,74.,84.,74.,11.4570681585
1.25411367734,Sample,15,6,1.,1,false,true,false,false,14.,12.,62.,60.,0.
1.25411367734,Sample,15,6,6.,1,false,true,false,false,166.,132.,206.,162.,10.9373633309
1.25411367734,Sample,15,6,11.,1,false,true,false,false,180.,142.,208.,162.,11.3375974402
1.25411367734,Sample,15,6,16.,1,false,true,false,false,188.,146.,204.,160.,11.3522433231
1.25411367734,Sample,15,6,21.,1,false,true,false,false,188.,146.,204.,160.,11.3527792641
1.25411367734,Sample,15,6,26.,1,false,true,false,false,188.,146.,204.,160.,11.352798876
1.25411367734,Sample,15,6,31.,1,false,true,false,false,188.,146.,204.,160.,11.3527995936
1.25411367734,Sample,15,6,36.,1,false,true,false,false,188.,146.,204.,160.,11.3527996199
1.25411367734,Sample,15,6,41.,1,false,true,false,false,188.,146.,204.,160.,11.3527996208
1.25411367734,Sample,15,6,46.,1,false,true,false,false,188.,146.,204.,160.,11.3527996209
1.25411367734,Sample,15,6,51.,1,false,true,false,false,188.,146.,204.,160.,11.3527996209
1.06294521499,Voter,15,7,1.,1,false,true,false,false,52.,50.,118.,88.,0.
1.06294521499,Voter,15,7,6.,1,false,true,false,false,104.,88.,98.,78.,10.1253840047
1.06294521499,Voter,15,7,11.,1,false,true,false,false,106.,90.,96.,76.,10.3605557025
1.06294521499,Voter,15,7,16.,1,false,true,false,false,106.,90.,96.,76.,10.3660177894
1.06294521499,Voter,15,7,21.,1,false,true,false,false,106.,90.,96.,76.,10.3661446515
1.06294521499,Voter,15,7,26.,1,false,true,false,false,106.,90.,96.,76.,10.366147598
1.06294521499,Voter,15,7,31.,1,false,true,false,false,106.,90.,96.,76.,10.3661476665
1.06294521499,Voter,15,7,36.,1,false,true,false,false,106.,90.,96.,76.,10.3661476681
1.06294521499,Voter,15,7,41.,1,false,true,false,false,106.,90.,96.,76.,10.3661476681
1.06294521499,Voter,15,7,46.,1,false,true,false,false,106.,90.,96.,76.,10.3661476681
1.06294521499,Voter,15,7,51.,1,false,true,false,false,106.,90.,96.,76.,10.3661476681
0.861795735024,Sample,15,4,1.,1,false,true,false,false,10.,10.,22.,20.,0.
0.861795735024,Sample,15,4,6.,1,false,true,false,false,22.,18.,14.,14.,8.99835990325
0.861795735024,Sample,15,4,11.,1,false,true,false,false,24.,20.,16.,16.,9.10787041567
0.861795735024,Sample,15,4,16.,1,false,true,false,false,24.,20.,16.,16.,9.10920316436
0.861795735024,Sample,15,4,21.,1,false,true,false,false,24.,20.,16.,16.,9.10921938398
0.861795735024,Sample,15,4,26.,1,false,true,false,false,24.,20.,16.,16.,9.10921958137
0.861795735024,Sample,15,4,31.,1,false,true,false,false,24.,20.,16.,16.,9.10921958377
0.861795735024,Sample,15,4,36.,1,false,true,false,false,24.,20.,16.,16.,9.1092195838
0.861795735024,Sample,15,4,41.,1,false,true,false,false,24.,20.,16.,16.,9.1092195838
0.861795735024,Sample,15,4,46.,1,false,true,false,false,24.,20.,16.,16.,9.1092195838
0.861795735024,Sample,15,4,51.,1,false,true,false,false,24.,20.,16.,16.,9.1092195838
0.915900570465,Sample,15,7,1.,1,false,true,false,false,86.,78.,136.,122.,0.
0.915900570465,Sample,15,7,6.,1,false,true,false,false,302.,208.,332.,236.,9.33301074893
0.915900570465,Sample,15,7,11.,1,false,true,false,false,304.,210.,330.,234.,9.47117772363
0.915900570465,Sample,15,7,16.,1,false,true,false,false,304.,210.,330.,234.,9.47322316356
0.915900570465,Sample,15,7,21.,1,false,true,false,false,304.,210.,330.,234.,9.47325344449
0.915900570465,Sample,15,7,26.,1,false,true,false,false,304.,210.,330.,234.,9.47325389278
0.915900570465,Sample,15,7,31.,1,false,true,false,false,304.,210.,330.,234.,9.47325389941
0.915900570465,Sample,15,7,36.,1,false,true,false,false,304.,210.,330.,234.,9.47325389951
0.915900570465,Sample,15,7,41.,1,false,true,false,false,304.,210.,330.,234.,9.47325389951
0.915900570465,Sample,15,7,46.,1,false,true,false,false,304.,210.,330.,234.,9.47325389951
0.915900570465,Sample,15,7,51.,1,false,true,false,false,304.,210.,330.,234.,9.47325389951
1.15382465816,Sample,15,5,1.,1,false,true,false,false,6.,6.,36.,28.,0.
1.15382465816,Sample,15,5,6.,1,false,true,false,false,54.,46.,32.,30.,10.539232142
1.15382465816,Sample,15,5,11.,1,false,true,false,false,56.,48.,30.,28.,10.8477292418
1.15382465816,Sample,15,5,16.,1,false,true,false,false,56.,48.,30.,28.,10.8567593551
1.15382465816,Sample,15,5,21.,1,false,true,false,false,56.,48.,30.,28.,10.8570236784
1.15382465816,Sample,15,5,26.,1,false,true,false,false,56.,48.,30.,28.,10.8570314154
1.15382465816,Sample,15,5,31.,1,false,true,false,false,56.,48.,30.,28.,10.8570316419
1.15382465816,Sample,15,5,36.,1,false,true,false,false,56.,48.,30.,28.,10.8570316486
1.15382465816,Sample,15,5,41.,1,false,true,false,false,56.,48.,30.,28.,10.8570316487
1.15382465816,Sample,15,5,46.,1,false,true,false,false,56.,48.,30.,28.,10.8570316488
1.15382465816,Sample,15,5,51.,1,false,true,false,false,56.,48.,30.,28.,10.8570316488
0.916197942351,Sample,15,4,1.,1,false,true,false,false,12.,12.,32.,28.,0.
0.916197942351,Sample,15,4,6.,1,false,true,false,false,28.,24.,20.,20.,9.33478199143
0.916197942351,Sample,15,4,11.,1,false,true,false,false,28.,24.,20.,20.,9.47311703919
0.916197942351,Sample,15,4,16.,1,false,true,false,false,28.,24.,20.,20.,9.47516706944
0.916197942351,Sample,15,4,21.,1,false,true,false,false,28.,24.,20.,20.,9.47519744947
0.916197942351,Sample,15,4,26.,1,false,true,false,false,28.,24.,20.,20.,9.47519789968
0.916197942351,Sample,15,4,31.,1,false,true,false,false,28.,24.,20.,20.,9.47519790636
0.916197942351,Sample,15,4,36.,1,false,true,false,false,28.,24.,20.,20.,9.47519790646
0.916197942351,Sample,15,4,41.,1,false,true,false,false,28.,24.,20.,20.,9.47519790646
0.916197942351,Sample,15,4,46.,1,false,true,false,false,28.,24.,20.,20.,9.47519790646
0.916197942351,Sample,15,4,51.,1,false,true,false,false,28.,24.,20.,20.,9.47519790646
0.944698781776,Voter,15,3,1.,1,false,true,false,false,6.,6.,12.,10.,0.
0.944698781776,Voter,15,3,6.,1,false,true,false,false,14.,14.,12.,12.,9.50120869153
0.944698781776,Voter,15,3,11.,1,false,true,false,false,14.,14.,12.,12.,9.65618727233
0.944698781776,Voter,15,3,16.,1,false,true,false,false,14.,14.,12.,12.,9.65871519917
0.944698781776,Voter,15,3,21.,1,false,true,false,false,14.,14.,12.,12.,9.65875643335
0.944698781776,Voter,15,3,26.,1,false,true,false,false,14.,14.,12.,12.,9.65875710594
0.944698781776,Voter,15,3,31.,1,false,true,false,false,14.,14.,12.,12.,9.65875711691
0.944698781776,Voter,15,3,36.,1,false,true,false,false,14.,14.,12.,12.,9.65875711709
0.944698781776,Voter,15,3,41.,1,false,true,false,false,14.,14.,12.,12.,9.65875711709
0.944698781776,Voter,15,3,46.,1,false,true,false,false,14.,14.,12.,12.,9.65875711709
0.944698781776,Voter,15,3,51.,1,false,true,false,false,14.,14.,12.,12.,9.65875711709
1.05580268075,Sample,15,4,1.,1,false,true,false,false,8.,8.,20.,20.,0.
1.05580268075,Sample,15,4,6.,1,false,true,false,false,32.,30.,12.,12.,10.0905422883
1.05580268075,Sample,15,4,11.,1,false,true,false,false,32.,30.,12.,12.,10.3203711007
1.05580268075,Sample,15,4,16.,1,false,true,false,false,32.,30.,12.,12.,10.3256058325
1.05580268075,Sample,15,4,21.,1,false,true,false,false,32.,30.,12.,12.,10.3257250622
1.05580268075,Sample,15,4,26.,1,false,true,false,false,32.,30.,12.,12.,10.3257277778
1.05580268075,Sample,15,4,31.,1,false,true,false,false,32.,30.,12.,12.,10.3257278397
1.05580268075,Sample,15,4,36.,1,false,true,false,false,32.,30.,12.,12.,10.3257278411
1.05580268075,Sample,15,4,41.,1,false,true,false,false,32.,30.,12.,12.,10.3257278411
1.05580268075,Sample,15,4,46.,1,false,true,false,false,32.,30.,12.,12.,10.3257278411
1.05580268075,Sample,15,4,51.,1,false,true,false,false,32.,30.,12.,12.,10.3257278411
1.18800333103,Sample,15,5,1.,1,false,true,false,false,6.,6.,38.,38.,0.
1.18800333103,Sample,15,5,6.,1,false,true,false,false,106.,88.,122.,100.,10.6814735796
1.18800333103,Sample,15,5,11.,1,false,true,false,false,128.,102.,120.,98.,11.0200143291
1.18800333103,Sample,15,5,16.,1,false,true,false,false,128.,102.,120.,98.,11.030744107
1.18800333103,Sample,15,5,21.,1,false,true,false,false,128.,102.,120.,98.,11.0310841787
1.18800333103,Sample,15,5,26.,1,false,true,false,false,128.,102.,120.,98.,11.031094957
1.18800333103,Sample,15,5,31.,1,false,true,false,false,128.,102.,120.,98.,11.0310952986
1.18800333103,Sample,15,5,36.,1,false,true,false,false,128.,102.,120.,98.,11.0310953094
1.18800333103,Sample,15,5,41.,1,false,true,false,false,128.,102.,120.,98.,11.0310953098
1.18800333103,Sample,15,5,46.,1,false,true,false,false,128.,102.,120.,98.,11.0310953098
1.18800333103,Sample,15,5,51.,1,false,true,false,false,128.,102.,120.,98.,11.0310953098
1.25752960675,Sample,15,6,1.,1,false,true,false,false,10.,10.,46.,42.,0.
1.25752960675,Sample,15,6,6.,1,false,true,false,false,118.,100.,126.,108.,10.9499240942
1.25752960675,Sample,15,6,11.,1,false,true,false,false,138.,112.,126.,102.,11.3534690128
1.25752960675,Sample,15,6,16.,1,false,true,false,false,138.,112.,126.,102.,11.3683411251
1.25752960675,Sample,15,6,21.,1,false,true,false,false,138.,112.,126.,102.,11.3688892171
1.25752960675,Sample,15,6,26.,1,false,true,false,false,138.,112.,126.,102.,11.3689094163
1.25752960675,Sample,15,6,31.,1,false,true,false,false,138.,112.,126.,102.,11.3689101607
1.25752960675,Sample,15,6,36.,1,false,true,false,false,138.,112.,126.,102.,11.3689101881
1.25752960675,Sample,15,6,41.,1,false,true,false,false,138.,112.,126.,102.,11.3689101891
1.25752960675,Sample,15,6,46.,1,false,true,false,false,138.,112.,126.,102.,11.3689101892
1.25752960675,Sample,15,6,51.,1,false,true,false,false,138.,112.,126.,102.,11.3689101892
1.29797591548,Sample,15,3,1.,1,false,true,false,false,2.,2.,12.,10.,0.
1.29797591548,Sample,15,3,6.,1,false,true,false,false,16.,16.,14.,14.,11.0939244388
1.29797591548,Sample,15,3,11.,1,false,true,false,false,16.,16.,14.,14.,11.5375478013
1.29797591548,Sample,15,3,16.,1,false,true,false,false,16.,16.,14.,14.,11.5552873928
1.29797591548,Sample,15,3,21.,1,false,true,false,false,16.,16.,14.,14.,11.5559967629
1.29797591548,Sample,15,3,26.,1,false,true,false,false,16.,16.,14.,14.,11.5560251291
1.29797591548,Sample,15,3,31.,1,false,true,false,false,16.,16.,14.,14.,11.5560262634
1.29797591548,Sample,15,3,36.,1,false,true,false,false,16.,16.,14.,14.,11.5560263088
1.29797591548,Sample,15,3,41.,1,false,true,false,false,16.,16.,14.,14.,11.5560263106
1.29797591548,Sample,15,3,46.,1,false,true,false,false,16.,16.,14.,14.,11.5560263107
1.29797591548,Sample,15,3,51.,1,false,true,false,false,16.,16.,14.,14.,11.5560263107
1.08828275193,Sample,15,4,1.,1,false,true,false,false,14.,14.,30.,28.,0.
1.08828275193,Sample,15,4,6.,1,false,true,false,false,48.,42.,36.,34.,10.2461869839
1.08828275193,Sample,15,4,11.,1,false,true,false,false,52.,46.,36.,34.,10.5008144481
1.08828275193,Sample,15,4,16.,1,false,true,false,false,52.,46.,36.,34.,10.5071421821
1.08828275193,Sample,15,4,21.,1,false,true,false,false,52.,46.,36.,34.,10.5072994323
1.08828275193,Sample,15,4,26.,1,false,true,false,false,52.,46.,36.,34.,10.5073033401
1.08828275193,Sample,15,4,31.,1,false,true,false,false,52.,46.,36.,34.,10.5073034372
1.08828275193,Sample,15,4,36.,1,false,true,false,false,52.,46.,36.,34.,10.5073034397
1.08828275193,Sample,15,4,41.,1,false,true,false,false,52.,46.,36.,34.,10.5073034397
1.08828275193,Sample,15,4,46.,1,false,true,false,false,52.,46.,36.,34.,10.5073034397
1.08828275193,Sample,15,4,51.,1,false,true,false,false,52.,46.,36.,34.,10.5073034397
1.1387165257,Sample,15,7,1.,1,false,true,false,false,38.,32.,100.,82.,0.
1.1387165257,Sample,15,7,6.,1,false,true,false,false,138.,116.,128.,120.,10.4740933781
1.1387165257,Sample,15,7,11.,1,false,true,false,false,140.,118.,126.,118.,10.7697296342
1.1387165257,Sample,15,7,16.,1,false,true,false,false,140.,118.,126.,118.,10.7780741078
1.1387165257,Sample,15,7,21.,1,false,true,false,false,140.,118.,126.,118.,10.7783096345
1.1387165257,Sample,15,7,26.,1,false,true,false,false,140.,118.,126.,118.,10.7783162824
1.1387165257,Sample,15,7,31.,1,false,true,false,false,140.,118.,126.,118.,10.77831647
1.1387165257,Sample,15,7,36.,1,false,true,false,false,140.,118.,126.,118.,10.7783164753
1.1387165257,Sample,15,7,41.,1,false,true,false,false,140.,118.,126.,118.,10.7783164755
1.1387165257,Sample,15,7,46.,1,false,true,false,false,140.,118.,126.,118.,10.7783164755
1.1387165257,Sample,15,7,51.,1,false,true,false,false,140.,118.,126.,118.,10.7783164755
0.856441205519,Voter,15,6,1.,1,false,true,false,false,42.,40.,76.,64.,0.
0.856441205519,Voter,15,6,6.,1,false,true,false,false,78.,66.,56.,52.,8.96386645598
0.856441205519,Voter,15,6,11.,1,false,true,false,false,78.,66.,56.,52.,9.07074891881
0.856441205519,Voter,15,6,16.,1,false,true,false,false,78.,66.,56.,52.,9.07202335333
0.856441205519,Voter,15,6,21.,1,false,true,false,false,78.,66.,56.,52.,9.0720385493
0.856441205519,Voter,15,6,26.,1,false,true,false,false,78.,66.,56.,52.,9.0720387305
0.856441205519,Voter,15,6,31.,1,false,true,false,false,78.,66.,56.,52.,9.07203873266
0.856441205519,Voter,15,6,36.,1,false,true,false,false,78.,66.,56.,52.,9.07203873268
0.856441205519,Voter,15,6,41.,1,false,true,false,false,78.,66.,56.,52.,9.07203873268
0.856441205519,Voter,15,6,46.,1,false,true,false,false,78.,66.,56.,52.,9.07203873268
0.856441205519,Voter,15,6,51.,1,false,true,false,false,78.,66.,56.,52.,9.07203873268
1.37352434398,Sample,15,7,1.,1,false,true,false,false,36.,32.,118.,100.,0.
1.37352434398,Sample,15,7,6.,1,false,true,false,false,134.,114.,156.,124.,11.3406329141
1.37352434398,Sample,15,7,11.,1,false,true,false,false,150.,130.,160.,124.,11.8632105773
1.37352434398,Sample,15,7,16.,1,false,true,false,false,150.,130.,160.,124.,11.8872910158
1.37352434398,Sample,15,7,21.,1,false,true,false,false,150.,130.,160.,124.,11.8884006452
1.37352434398,Sample,15,7,26.,1,false,true,false,false,150.,130.,160.,124.,11.888451777
1.37352434398,Sample,15,7,31.,1,false,true,false,false,150.,130.,160.,124.,11.8884541332
1.37352434398,Sample,15,7,36.,1,false,true,false,false,150.,130.,160.,124.,11.8884542418
1.37352434398,Sample,15,7,41.,1,false,true,false,false,150.,130.,160.,124.,11.8884542468
1.37352434398,Sample,15,7,46.,1,false,true,false,false,150.,130.,160.,124.,11.888454247
1.37352434398,Sample,15,7,51.,1,false,true,false,false,150.,130.,160.,124.,11.888454247
1.35732758476,Voter,15,5,1.,1,false,true,false,false,18.,18.,32.,30.,0.
1.35732758476,Voter,15,5,6.,1,false,true,false,false,40.,36.,22.,22.,11.2900882849
1.35732758476,Voter,15,5,11.,1,false,true,false,false,40.,36.,22.,22.,11.7953121617
1.35732758476,Voter,15,5,16.,1,false,true,false,false,40.,36.,22.,22.,11.8179205912
1.35732758476,Voter,15,5,21.,1,false,true,false,false,40.,36.,22.,22.,11.8189323033
1.35732758476,Voter,15,5,26.,1,false,true,false,false,40.,36.,22.,22.,11.8189775767
1.35732758476,Voter,15,5,31.,1,false,true,false,false,40.,36.,22.,22.,11.8189796026
1.35732758476,Voter,15,5,36.,1,false,true,false,false,40.,36.,22.,22.,11.8189796933
1.35732758476,Voter,15,5,41.,1,false,true,false,false,40.,36.,22.,22.,11.8189796974
1.35732758476,Voter,15,5,46.,1,false,true,false,false,40.,36.,22.,22.,11.8189796975
1.35732758476,Voter,15,5,51.,1,false,true,false,false,40.,36.,22.,22.,11.8189796976
1.149804182,Voter,15,3,1.,1,false,true,false,false,10.,10.,22.,20.,0.
1.149804182,Voter,15,3,6.,1,false,true,false,false,16.,14.,20.,20.,10.52203543
1.149804182,Voter,15,3,11.,1,false,true,false,false,16.,14.,20.,20.,10.8270846492
1.149804182,Voter,15,3,16.,1,false,true,false,false,16.,14.,20.,20.,10.8359284729
1.149804182,Voter,15,3,21.,1,false,true,false,false,16.,14.,20.,20.,10.8361848683
1.149804182,Voter,15,3,26.,1,false,true,false,false,16.,14.,20.,20.,10.8361923016
1.149804182,Voter,15,3,31.,1,false,true,false,false,16.,14.,20.,20.,10.8361925171
1.149804182,Voter,15,3,36.,1,false,true,false,false,16.,14.,20.,20.,10.8361925233
1.149804182,Voter,15,3,41.,1,false,true,false,false,16.,14.,20.,20.,10.8361925235
1.149804182,Voter,15,3,46.,1,false,true,false,false,16.,14.,20.,20.,10.8361925235
1.149804182,Voter,15,3,51.,1,false,true,false,false,16.,14.,20.,20.,10.8361925235
1.04152252612,Voter,15,3,1.,1,false,true,false,false,8.,8.,12.,12.,0.
1.04152252612,Voter,15,3,6.,1,false,true,false,false,14.,12.,6.,6.,10.0198237493
1.04152252612,Voter,15,3,11.,1,false,true,false,false,14.,12.,6.,6.,10.2391592552
1.04152252612,Voter,15,3,16.,1,false,true,false,false,14.,12.,6.,6.,10.2439605437
1.04152252612,Voter,15,3,21.,1,false,true,false,false,14.,12.,6.,6.,10.2440656447
1.04152252612,Voter,15,3,26.,1,false,true,false,false,14.,12.,6.,6.,10.2440679453
1.04152252612,Voter,15,3,31.,1,false,true,false,false,14.,12.,6.,6.,10.2440679957
1.04152252612,Voter,15,3,36.,1,false,true,false,false,14.,12.,6.,6.,10.2440679968
1.04152252612,Voter,15,3,41.,1,false,true,false,false,14.,12.,6.,6.,10.2440679968
1.04152252612,Voter,15,3,46.,1,false,true,false,false,14.,12.,6.,6.,10.2440679968
1.04152252612,Voter,15,3,51.,1,false,true,false,false,14.,12.,6.,6.,10.2440679968
1.05899277421,Voter,15,7,1.,1,false,true,false,false,24.,24.,62.,60.,0.
1.05899277421,Voter,15,7,6.,1,false,true,false,false,64.,62.,26.,24.,10.1061470964
1.05899277421,Voter,15,7,11.,1,false,true,false,false,64.,62.,26.,24.,10.3383544688
1.05899277421,Voter,15,7,16.,1,false,true,false,false,64.,62.,26.,24.,10.3436898616
1.05899277421,Voter,15,7,21.,1,false,true,false,false,64.,62.,26.,24.,10.3438124521
1.05899277421,Voter,15,7,26.,1,false,true,false,false,64.,62.,26.,24.,10.3438152688
1.05899277421,Voter,15,7,31.,1,false,true,false,false,64.,62.,26.,24.,10.3438153335
1.05899277421,Voter,15,7,36.,1,false,true,false,false,64.,62.,26.,24.,10.343815335
1.05899277421,Voter,15,7,41.,1,false,true,false,false,64.,62.,26.,24.,10.3438153351
1.05899277421,Voter,15,7,46.,1,false,true,false,false,64.,62.,26.,24.,10.3438153351
1.05899277421,Voter,15,7,51.,1,false,true,false,false,64.,62.,26.,24.,10.3438153351
1.23496670433,Sample,15,5,1.,1,false,true,false,false,22.,20.,68.,56.,0.
1.23496670433,Sample,15,5,6.,1,false,true,false,false,128.,102.,118.,100.,10.8657777749
1.23496670433,Sample,15,5,11.,1,false,true,false,false,140.,112.,122.,104.,11.2476736862
1.23496670433,Sample,15,5,16.,1,false,true,false,false,140.,112.,122.,104.,11.261096056
1.23496670433,Sample,15,5,21.,1,false,true,false,false,140.,112.,122.,104.,11.2615678076
1.23496670433,Sample,15,5,26.,1,false,true,false,false,140.,112.,122.,104.,11.2615843881
1.23496670433,Sample,15,5,31.,1,false,true,false,false,140.,112.,122.,104.,11.2615849709
1.23496670433,Sample,15,5,36.,1,false,true,false,false,140.,112.,122.,104.,11.2615849913
1.23496670433,Sample,15,5,41.,1,false,true,false,false,140.,112.,122.,104.,11.2615849921
1.23496670433,Sample,15,5,46.,1,false,true,false,false,140.,112.,122.,104.,11.2615849921
1.23496670433,Sample,15,5,51.,1,false,true,false,false,140.,112.,122.,104.,11.2615849921
1.06237134211,Voter,15,5,1.,1,false,true,false,false,18.,18.,56.,46.,0.
1.06237134211,Voter,15,5,6.,1,false,true,false,false,44.,40.,50.,44.,10.1225975566
1.06237134211,Voter,15,5,11.,1,false,true,false,false,44.,40.,50.,44.,10.3573376605
1.06237134211,Voter,15,5,16.,1,false,true,false,false,44.,40.,50.,44.,10.3627812155
1.06237134211,Voter,15,5,21.,1,false,true,false,false,44.,40.,50.,44.,10.36290745
1.06237134211,Voter,15,5,26.,1,false,true,false,false,44.,40.,50.,44.,10.3629103773
1.06237134211,Voter,15,5,31.,1,false,true,false,false,44.,40.,50.,44.,10.3629104452
1.06237134211,Voter,15,5,36.,1,false,true,false,false,44.,40.,50.,44.,10.3629104468
1.06237134211,Voter,15,5,41.,1,false,true,false,false,44.,40.,50.,44.,10.3629104468
1.06237134211,Voter,15,5,46.,1,false,true,false,false,44.,40.,50.,44.,10.3629104468
1.06237134211,Voter,15,5,51.,1,false,true,false,false,44.,40.,50.,44.,10.3629104468
1.36165824779,Voter,15,6,1.,1,false,true,false,false,46.,38.,66.,54.,0.
1.36165824779,Voter,15,6,6.,1,false,true,false,false,80.,66.,56.,52.,11.3037251354
1.36165824779,Voter,15,6,11.,1,false,true,false,false,80.,66.,56.,52.,11.8135669853
1.36165824779,Voter,15,6,16.,1,false,true,false,false,80.,66.,56.,52.,11.8365628304
1.36165824779,Voter,15,6,21.,1,false,true,false,false,80.,66.,56.,52.,11.8376000322
1.36165824779,Voter,15,6,26.,1,false,true,false,false,80.,66.,56.,52.,11.837646814
1.36165824779,Voter,15,6,31.,1,false,true,false,false,80.,66.,56.,52.,11.8376489241
1.36165824779,Voter,15,6,36.,1,false,true,false,false,80.,66.,56.,52.,11.8376490193
1.36165824779,Voter,15,6,41.,1,false,true,false,false,80.,66.,56.,52.,11.8376490235
1.36165824779,Voter,15,6,46.,1,false,true,false,false,80.,66.,56.,52.,11.8376490237
1.36165824779,Voter,15,6,51.,1,false,true,false,false,80.,66.,56.,52.,11.8376490237
0.811848707191,Voter,15,6,1.,1,false,true,false,false,50.,44.,66.,56.,0.
0.811848707191,Voter,15,6,6.,1,false,true,false,false,76.,64.,72.,60.,8.66654678939
0.811848707191,Voter,15,6,11.,1,false,true,false,false,78.,66.,74.,62.,8.75299000007
0.811848707191,Voter,15,6,16.,1,false,true,false,false,78.,66.,74.,62.,8.75385221531
0.811848707191,Voter,15,6,21.,1,false,true,false,false,78.,66.,74.,62.,8.75386081535
0.811848707191,Voter,15,6,26.,1,false,true,false,false,78.,66.,74.,62.,8.75386090113
0.811848707191,Voter,15,6,31.,1,false,true,false,false,78.,66.,74.,62.,8.75386090198
0.811848707191,Voter,15,6,36.,1,false,true,false,false,78.,66.,74.,62.,8.75386090199
0.811848707191,Voter,15,6,41.,1,false,true,false,false,78.,66.,74.,62.,8.75386090199
0.811848707191,Voter,15,6,46.,1,false,true,false,false,78.,66.,74.,62.,8.75386090199
0.811848707191,Voter,15,6,51.,1,false,true,false,false,78.,66.,74.,62.,8.75386090199
1.08167545959,Sample,15,4,1.,1,false,true,false,false,6.,6.,26.,24.,0.
1.08167545959,Sample,15,4,6.,1,false,true,false,false,24.,24.,16.,16.,10.2151009705
1.08167545959,Sample,15,4,11.,1,false,true,false,false,24.,24.,16.,16.,10.4645798773
1.08167545959,Sample,15,4,16.,1,false,true,false,false,24.,24.,16.,16.,10.4706727906
1.08167545959,Sample,15,4,21.,1,false,true,false,false,24.,24.,16.,16.,10.4708215952
1.08167545959,Sample,15,4,26.,1,false,true,false,false,24.,24.,16.,16.,10.4708252294
1.08167545959,Sample,15,4,31.,1,false,true,false,false,24.,24.,16.,16.,10.4708253181
1.08167545959,Sample,15,4,36.,1,false,true,false,false,24.,24.,16.,16.,10.4708253203
1.08167545959,Sample,15,4,41.,1,false,true,false,false,24.,24.,16.,16.,10.4708253203
1.08167545959,Sample,15,4,46.,1,false,true,false,false,24.,24.,16.,16.,10.4708253204
1.08167545959,Sample,15,4,51.,1,false,true,false,false,24.,24.,16.,16.,10.4708253204
1.16891543732,Voter,15,4,1.,1,false,true,false,false,10.,10.,14.,12.,0.
1.16891543732,Voter,15,4,6.,1,false,true,false,false,20.,18.,8.,8.,10.6029003243
1.16891543732,Voter,15,4,11.,1,false,true,false,false,20.,18.,8.,8.,10.9245018997
1.16891543732,Voter,15,4,16.,1,false,true,false,false,20.,18.,8.,8.,10.9342565489
1.16891543732,Voter,15,4,21.,1,false,true,false,false,20.,18.,8.,8.,10.9345524218
1.16891543732,Voter,15,4,26.,1,false,true,false,false,20.,18.,8.,8.,10.934561396
1.16891543732,Voter,15,4,31.,1,false,true,false,false,20.,18.,8.,8.,10.9345616682
1.16891543732,Voter,15,4,36.,1,false,true,false,false,20.,18.,8.,8.,10.9345616765
1.16891543732,Voter,15,4,41.,1,false,true,false,false,20.,18.,8.,8.,10.9345616768
1.16891543732,Voter,15,4,46.,1,false,true,false,false,20.,18.,8.,8.,10.9345616768
1.16891543732,Voter,15,4,51.,1,false,true,false,false,20.,18.,8.,8.,10.9345616768
1.33190966784,Voter,15,5,1.,1,false,true,false,false,38.,34.,60.,54.,0.
1.33190966784,Voter,15,5,6.,1,false,true,false,false,80.,70.,66.,60.,11.2082199523
1.33190966784,Voter,15,5,11.,1,false,true,false,false,82.,72.,68.,62.,11.6866714818
1.33190966784,Voter,15,5,16.,1,false,true,false,false,82.,72.,68.,62.,11.7070954088
1.33190966784,Voter,15,5,21.,1,false,true,false,false,82.,72.,68.,62.,11.7079672563
1.33190966784,Voter,15,5,26.,1,false,true,false,false,82.,72.,68.,62.,11.7080044734
1.33190966784,Voter,15,5,31.,1,false,true,false,false,82.,72.,68.,62.,11.7080060621
1.33190966784,Voter,15,5,36.,1,false,true,false,false,82.,72.,68.,62.,11.7080061299
1.33190966784,Voter,15,5,41.,1,false,true,false,false,82.,72.,68.,62.,11.7080061328
1.33190966784,Voter,15,5,46.,1,false,true,false,false,82.,72.,68.,62.,11.7080061329
1.33190966784,Voter,15,5,51.,1,false,true,false,false,82.,72.,68.,62.,11.7080061329
1.36574168616,Sample,15,4,1.,1,false,true,false,false,20.,20.,66.,56.,0.
1.36574168616,Sample,15,4,6.,1,false,true,false,false,56.,48.,90.,74.,11.3165014692
1.36574168616,Sample,15,4,11.,1,false,true,false,false,60.,52.,90.,72.,11.8307124741
1.36574168616,Sample,15,4,16.,1,false,true,false,false,60.,52.,90.,72.,11.8540777304
1.36574168616,Sample,15,4,21.,1,false,true,false,false,60.,52.,90.,72.,11.8551394253
1.36574168616,Sample,15,4,26.,1,false,true,false,false,60.,52.,90.,72.,11.8551876677
1.36574168616,Sample,15,4,31.,1,false,true,false,false,60.,52.,90.,72.,11.8551898598
1.36574168616,Sample,15,4,36.,1,false,true,false,false,60.,52.,90.,72.,11.8551899594
1.36574168616,Sample,15,4,41.,1,false,true,false,false,60.,52.,90.,72.,11.8551899639
1.36574168616,Sample,15,4,46.,1,false,true,false,false,60.,52.,90.,72.,11.8551899641
1.36574168616,Sample,15,4,51.,1,false,true,false,false,60.,52.,90.,72.,11.8551899641
1.22580168922,Sample,15,4,1.,1,false,true,false,false,4.,4.,28.,26.,0.
1.22580168922,Sample,15,4,6.,1,false,true,false,false,24.,22.,28.,28.,10.8307943981
1.22580168922,Sample,15,4,11.,1,false,true,false,false,32.,28.,28.,28.,11.2040460953
1.22580168922,Sample,15,4,16.,1,false,true,false,false,32.,28.,28.,28.,11.2169091249
1.22580168922,Sample,15,4,21.,1,false,true,false,false,32.,28.,28.,28.,11.2173524117
1.22580168922,Sample,15,4,26.,1,false,true,false,false,32.,28.,28.,28.,11.2173676883
1.22580168922,Sample,15,4,31.,1,false,true,false,false,32.,28.,28.,28.,11.2173682147
1.22580168922,Sample,15,4,36.,1,false,true,false,false,32.,28.,28.,28.,11.2173682329
1.22580168922,Sample,15,4,41.,1,false,true,false,false,32.,28.,28.,28.,11.2173682335
1.22580168922,Sample,15,4,46.,1,false,true,false,false,32.,28.,28.,28.,11.2173682335
1.22580168922,Sample,15,4,51.,1,false,true,false,false,32.,28.,28.,28.,11.2173682335
0.80126903481,Voter,15,6,1.,1,false,true,false,false,22.,22.,36.,30.,0.
0.80126903481,Voter,15,6,6.,1,false,true,false,false,46.,44.,12.,12.,8.59330001883
0.80126903481,Voter,15,6,11.,1,false,true,false,false,46.,44.,12.,12.,8.67527085775
0.80126903481,Voter,15,6,16.,1,false,true,false,false,46.,44.,12.,12.,8.67605277138
0.80126903481,Voter,15,6,21.,1,false,true,false,false,46.,44.,12.,12.,8.67606022999
0.80126903481,Voter,15,6,26.,1,false,true,false,false,46.,44.,12.,12.,8.67606030114
0.80126903481,Voter,15,6,31.,1,false,true,false,false,46.,44.,12.,12.,8.67606030182
0.80126903481,Voter,15,6,36.,1,false,true,false,false,46.,44.,12.,12.,8.67606030183
0.80126903481,Voter,15,6,41.,1,false,true,false,false,46.,44.,12.,12.,8.67606030183
0.80126903481,Voter,15,6,46.,1,false,true,false,false,46.,44.,12.,12.,8.67606030183
0.80126903481,Voter,15,6,51.,1,false,true,false,false,46.,44.,12.,12.,8.67606030183
1.3332359636,Voter,15,5,1.,1,false,true,false,false,46.,40.,80.,64.,0.
1.3332359636,Voter,15,5,6.,1,false,true,false,false,82.,66.,92.,74.,11.2125700002
1.3332359636,Voter,15,5,11.,1,false,true,false,false,82.,66.,92.,74.,11.6924042629
1.3332359636,Voter,15,5,16.,1,false,true,false,false,82.,66.,92.,74.,11.712938442
1.3332359636,Voter,15,5,21.,1,false,true,false,false,82.,66.,92.,74.,11.7138171881
1.3332359636,Voter,15,5,26.,1,false,true,false,false,82.,66.,92.,74.,11.7138547934
1.3332359636,Voter,15,5,31.,1,false,true,false,false,82.,66.,92.,74.,11.7138564027
1.3332359636,Voter,15,5,36.,1,false,true,false,false,82.,66.,92.,74.,11.7138564716
1.3332359636,Voter,15,5,41.,1,false,true,false,false,82.,66.,92.,74.,11.7138564745
1.3332359636,Voter,15,5,46.,1,false,true,false,false,82.,66.,92.,74.,11.7138564747
1.3332359636,Voter,15,5,51.,1,false,true,false,false,82.,66.,92.,74.,11.7138564747
0.997407913794,Voter,15,3,1.,1,false,true,false,false,2.,2.,8.,8.,0.
0.997407913794,Voter,15,3,6.,1,false,true,false,false,16.,14.,14.,14.,9.79219535921
0.997407913794,Voter,15,3,11.,1,false,true,false,false,16.,14.,14.,14.,9.9807262244
0.997407913794,Voter,15,3,16.,1,false,true,false,false,16.,14.,14.,14.,9.98435604242
0.997407913794,Voter,15,3,21.,1,false,true,false,false,16.,14.,14.,14.,9.98442592794
0.997407913794,Voter,15,3,26.,1,false,true,false,false,16.,14.,14.,14.,9.98442727346
0.997407913794,Voter,15,3,31.,1,false,true,false,false,16.,14.,14.,14.,9.98442729937
0.997407913794,Voter,15,3,36.,1,false,true,false,false,16.,14.,14.,14.,9.98442729986
0.997407913794,Voter,15,3,41.,1,false,true,false,false,16.,14.,14.,14.,9.98442729987
0.997407913794,Voter,15,3,46.,1,false,true,false,false,16.,14.,14.,14.,9.98442729987
0.997407913794,Voter,15,3,51.,1,false,true,false,false,16.,14.,14.,14.,9.98442729987
0.995153153256,Sample,15,5,1.,1,false,true,false,false,6.,6.,34.,28.,0.
0.995153153256,Sample,15,5,6.,1,false,true,false,false,48.,46.,36.,34.,9.78017964457
0.995153153256,Sample,15,5,11.,1,false,true,false,false,48.,46.,36.,34.,9.96720219103
0.995153153256,Sample,15,5,16.,1,false,true,false,false,48.,46.,36.,34.,9.97077854997
0.995153153256,Sample,15,5,21.,1,false,true,false,false,48.,46.,36.,34.,9.97084693928
0.995153153256,Sample,15,5,26.,1,false,true,false,false,48.,46.,36.,34.,9.97084824706
0.995153153256,Sample,15,5,31.,1,false,true,false,false,48.,46.,36.,34.,9.97084827207
0.995153153256,Sample,15,5,36.,1,false,true,false,false,48.,46.,36.,34.,9.97084827255
0.995153153256,Sample,15,5,41.,1,false,true,false,false,48.,46.,36.,34.,9.97084827256
0.995153153256,Sample,15,5,46.,1,false,true,false,false,48.,46.,36.,34.,9.97084827256
0.995153153256,Sample,15,5,51.,1,false,true,false,false,48.,46.,36.,34.,9.97084827256
0.80141061778,Voter,15,3,1.,1,false,true,false,false,8.,8.,8.,8.,0.
0.80141061778,Voter,15,3,6.,1,false,true,false,false,14.,14.,10.,10.,8.59428726878
0.80141061778,Voter,15,3,11.,1,false,true,false,false,14.,14.,10.,10.,8.67631701216
0.80141061778,Voter,15,3,16.,1,false,true,false,false,14.,14.,10.,10.,8.67709996001
0.80141061778,Voter,15,3,21.,1,false,true,false,false,14.,14.,10.,10.,8.677107433
0.80141061778,Voter,15,3,26.,1,false,true,false,false,14.,14.,10.,10.,8.67710750433
0.80141061778,Voter,15,3,31.,1,false,true,false,false,14.,14.,10.,10.,8.67710750501
0.80141061778,Voter,15,3,36.,1,false,true,false,false,14.,14.,10.,10.,8.67710750502
0.80141061778,Voter,15,3,41.,1,false,true,false,false,14.,14.,10.,10.,8.67710750502
0.80141061778,Voter,15,3,46.,1,false,true,false,false,14.,14.,10.,10.,8.67710750502
0.80141061778,Voter,15,3,51.,1,false,true,false,false,14.,14.,10.,10.,8.67710750502
1.39405789344,Sample,15,3,1.,1,false,true,false,false,10.,10.,28.,26.,0.
1.39405789344,Sample,15,3,6.,1,false,true,false,false,32.,28.,42.,40.,11.402938935
1.39405789344,Sample,15,3,11.,1,false,true,false,false,32.,28.,42.,40.,11.9478349142
1.39405789344,Sample,15,3,16.,1,false,true,false,false,32.,28.,42.,40.,11.9738730812
1.39405789344,Sample,15,3,21.,1,false,true,false,false,32.,28.,42.,40.,11.9751173299
1.39405789344,Sample,15,3,26.,1,false,true,false,false,32.,28.,42.,40.,11.975176787
1.39405789344,Sample,15,3,31.,1,false,true,false,false,32.,28.,42.,40.,11.9751796282
1.39405789344,Sample,15,3,36.,1,false,true,false,false,32.,28.,42.,40.,11.975179764
1.39405789344,Sample,15,3,41.,1,false,true,false,false,32.,28.,42.,40.,11.9751797705
1.39405789344,Sample,15,3,46.,1,false,true,false,false,32.,28.,42.,40.,11.9751797708
1.39405789344,Sample,15,3,51.,1,false,true,false,false,32.,28.,42.,40.,11.9751797708
1.15215440395,Voter,15,3,1.,1,false,true,false,false,8.,8.,14.,12.,0.
1.15215440395,Voter,15,3,6.,1,false,true,false,false,12.,10.,10.,10.,10.5321000429
1.15215440395,Voter,15,3,11.,1,false,true,false,false,12.,10.,10.,10.,10.8391625357
1.15215440395,Voter,15,3,16.,1,false,true,false,false,12.,10.,10.,10.,10.8481149169
1.15215440395,Voter,15,3,21.,1,false,true,false,false,12.,10.,10.,10.,10.8483759228
1.15215440395,Voter,15,3,26.,1,false,true,false,false,12.,10.,10.,10.,10.8483835324
1.15215440395,Voter,15,3,31.,1,false,true,false,false,12.,10.,10.,10.,10.8483837543
1.15215440395,Voter,15,3,36.,1,false,true,false,false,12.,10.,10.,10.,10.8483837607
1.15215440395,Voter,15,3,41.,1,false,true,false,false,12.,10.,10.,10.,10.8483837609
1.15215440395,Voter,15,3,46.,1,false,true,false,false,12.,10.,10.,10.,10.8483837609
1.15215440395,Voter,15,3,51.,1,false,true,false,false,12.,10.,10.,10.,10.8483837609
0.806744048157,Voter,15,6,1.,1,false,true,false,false,54.,46.,50.,44.,0.
0.806744048157,Voter,15,6,6.,1,false,true,false,false,78.,66.,54.,46.,8.6313379221
0.806744048157,Voter,15,6,11.,1,false,true,false,false,78.,66.,54.,46.,8.71560529822
0.806744048157,Voter,15,6,16.,1,false,true,false,false,78.,66.,54.,46.,8.71642799694
0.806744048157,Voter,15,6,21.,1,false,true,false,false,78.,66.,54.,46.,8.71643602891
0.806744048157,Voter,15,6,26.,1,false,true,false,false,78.,66.,54.,46.,8.71643610733
0.806744048157,Voter,15,6,31.,1,false,true,false,false,78.,66.,54.,46.,8.71643610809
0.806744048157,Voter,15,6,36.,1,false,true,false,false,78.,66.,54.,46.,8.7164361081
0.806744048157,Voter,15,6,41.,1,false,true,false,false,78.,66.,54.,46.,8.7164361081
0.806744048157,Voter,15,6,46.,1,false,true,false,false,78.,66.,54.,46.,8.7164361081
0.806744048157,Voter,15,6,51.,1,false,true,false,false,78.,66.,54.,46.,8.7164361081
0.83106884372,Sample,15,7,1.,1,false,true,false,false,50.,48.,112.,98.,0.
0.83106884372,Sample,15,7,6.,1,false,true,false,false,256.,190.,278.,210.,8.79692869393
0.83106884372,Sample,15,7,11.,1,false,true,false,false,258.,190.,276.,208.,8.89186559182
0.83106884372,Sample,15,7,16.,1,false,true,false,false,258.,190.,276.,208.,8.89289015561
0.83106884372,Sample,15,7,21.,1,false,true,false,false,258.,190.,276.,208.,8.89290121275
0.83106884372,Sample,15,7,26.,1,false,true,false,false,258.,190.,276.,208.,8.89290133208
0.83106884372,Sample,15,7,31.,1,false,true,false,false,258.,190.,276.,208.,8.89290133337
0.83106884372,Sample,15,7,36.,1,false,true,false,false,258.,190.,276.,208.,8.89290133338
0.83106884372,Sample,15,7,41.,1,false,true,false,false,258.,190.,276.,208.,8.89290133338
0.83106884372,Sample,15,7,46.,1,false,true,false,false,258.,190.,276.,208.,8.89290133338
0.83106884372,Sample,15,7,51.,1,false,true,false,false,258.,190.,276.,208.,8.89290133338
1.04576404788,Voter,15,6,1.,1,false,true,false,false,42.,36.,74.,66.,0.
1.04576404788,Voter,15,6,6.,1,false,true,false,false,74.,64.,62.,56.,10.0409771681
1.04576404788,Voter,15,6,11.,1,false,true,false,false,74.,64.,62.,56.,10.2634030413
1.04576404788,Voter,15,6,16.,1,false,true,false,false,74.,64.,62.,56.,10.2683301782
1.04576404788,Voter,15,6,21.,1,false,true,false,false,74.,64.,62.,56.,10.2684393232
1.04576404788,Voter,15,6,26.,1,false,true,false,false,74.,64.,62.,56.,10.2684417409
1.04576404788,Voter,15,6,31.,1,false,true,false,false,74.,64.,62.,56.,10.2684417945
1.04576404788,Voter,15,6,36.,1,false,true,false,false,74.,64.,62.,56.,10.2684417957
1.04576404788,Voter,15,6,41.,1,false,true,false,false,74.,64.,62.,56.,10.2684417957
1.04576404788,Voter,15,6,46.,1,false,true,false,false,74.,64.,62.,56.,10.2684417957
1.04576404788,Voter,15,6,51.,1,false,true,false,false,74.,64.,62.,56.,10.2684417957
1.02850845982,Voter,15,5,1.,1,false,true,false,false,18.,18.,42.,32.,0.
1.02850845982,Voter,15,5,6.,1,false,true,false,false,42.,36.,30.,28.,9.9541279193
1.02850845982,Voter,15,5,11.,1,false,true,false,false,42.,36.,30.,28.,10.1641213134
1.02850845982,Voter,15,5,16.,1,false,true,false,false,42.,36.,30.,28.,10.1685513575
1.02850845982,Voter,15,5,21.,1,false,true,false,false,42.,36.,30.,28.,10.1686448142
1.02850845982,Voter,15,5,26.,1,false,true,false,false,42.,36.,30.,28.,10.1686467857
1.02850845982,Voter,15,5,31.,1,false,true,false,false,42.,36.,30.,28.,10.1686468273
1.02850845982,Voter,15,5,36.,1,false,true,false,false,42.,36.,30.,28.,10.1686468282
1.02850845982,Voter,15,5,41.,1,false,true,false,false,42.,36.,30.,28.,10.1686468282
1.02850845982,Voter,15,5,46.,1,false,true,false,false,42.,36.,30.,28.,10.1686468282
1.02850845982,Voter,15,5,51.,1,false,true,false,false,42.,36.,30.,28.,10.1686468282
1.11138554477,Sample,15,7,1.,1,false,true,false,false,20.,20.,64.,58.,0.
1.11138554477,Sample,15,7,6.,1,false,true,false,false,150.,116.,146.,110.,10.3526195692
1.11138554477,Sample,15,7,11.,1,false,true,false,false,152.,118.,148.,112.,10.6256603251
1.11138554477,Sample,15,7,16.,1,false,true,false,false,152.,118.,148.,112.,10.6328615223
1.11138554477,Sample,15,7,21.,1,false,true,false,false,152.,118.,148.,112.,10.6330514472
1.11138554477,Sample,15,7,26.,1,false,true,false,false,152.,118.,148.,112.,10.6330564563
1.11138554477,Sample,15,7,31.,1,false,true,false,false,152.,118.,148.,112.,10.6330565884
1.11138554477,Sample,15,7,36.,1,false,true,false,false,152.,118.,148.,112.,10.6330565919
1.11138554477,Sample,15,7,41.,1,false,true,false,false,152.,118.,148.,112.,10.6330565919
1.11138554477,Sample,15,7,46.,1,false,true,false,false,152.,118.,148.,112.,10.633056592
1.11138554477,Sample,15,7,51.,1,false,true,false,false,152.,118.,148.,112.,10.633056592
1.26317851031,Sample,15,4,1.,1,false,true,false,false,14.,14.,32.,28.,0.
1.26317851031,Sample,15,4,6.,1,false,true,false,false,42.,34.,52.,46.,10.9705574694
1.26317851031,Sample,15,4,11.,1,false,true,false,false,46.,36.,48.,42.,11.3796031609
1.26317851031,Sample,15,4,16.,1,false,true,false,false,46.,36.,48.,42.,11.3948547448
1.26317851031,Sample,15,4,21.,1,false,true,false,false,46.,36.,48.,42.,11.3954234119
1.26317851031,Sample,15,4,26.,1,false,true,false,false,46.,36.,48.,42.,11.3954446151
1.26317851031,Sample,15,4,31.,1,false,true,false,false,46.,36.,48.,42.,11.3954454057
1.26317851031,Sample,15,4,36.,1,false,true,false,false,46.,36.,48.,42.,11.3954454351
1.26317851031,Sample,15,4,41.,1,false,true,false,false,46.,36.,48.,42.,11.3954454362
1.26317851031,Sample,15,4,46.,1,false,true,false,false,46.,36.,48.,42.,11.3954454363
1.26317851031,Sample,15,4,51.,1,false,true,false,false,46.,36.,48.,42.,11.3954454363
1.31213202001,Sample,15,6,1.,1,false,true,false,false,26.,24.,56.,50.,0.
1.31213202001,Sample,15,6,6.,1,false,true,false,false,130.,102.,124.,94.,11.1423123735
1.31213202001,Sample,15,6,11.,1,false,true,false,false,136.,104.,126.,94.,11.6003350054
1.31213202001,Sample,15,6,16.,1,false,true,false,false,138.,106.,128.,94.,11.6191627608
1.31213202001,Sample,15,6,21.,1,false,true,false,false,138.,106.,128.,94.,11.6199367059
1.31213202001,Sample,15,6,26.,1,false,true,false,false,138.,106.,128.,94.,11.6199685201
1.31213202001,Sample,15,6,31.,1,false,true,false,false,138.,106.,128.,94.,11.6199698279
1.31213202001,Sample,15,6,36.,1,false,true,false,false,138.,106.,128.,94.,11.6199698816
1.31213202001,Sample,15,6,41.,1,false,true,false,false,138.,106.,128.,94.,11.6199698839
1.31213202001,Sample,15,6,46.,1,false,true,false,false,138.,106.,128.,94.,11.6199698839
1.31213202001,Sample,15,6,51.,1,false,true,false,false,138.,106.,128.,94.,11.6199698839
1.17038802775,Sample,15,4,1.,1,false,true,false,false,4.,4.,24.,20.,0.
1.17038802775,Sample,15,4,6.,1,false,true,false,false,28.,28.,24.,24.,10.6090394483
1.17038802775,Sample,15,4,11.,1,false,true,false,false,34.,34.,26.,26.,10.9319334683
1.17038802775,Sample,15,4,16.,1,false,true,false,false,34.,34.,26.,26.,10.9417609884
1.17038802775,Sample,15,4,21.,1,false,true,false,false,34.,34.,26.,26.,10.9420600963
1.17038802775,Sample,15,4,26.,1,false,true,false,false,34.,34.,26.,26.,10.9420691999
1.17038802775,Sample,15,4,31.,1,false,true,false,false,34.,34.,26.,26.,10.9420694769
1.17038802775,Sample,15,4,36.,1,false,true,false,false,34.,34.,26.,26.,10.9420694854
1.17038802775,Sample,15,4,41.,1,false,true,false,false,34.,34.,26.,26.,10.9420694856
1.17038802775,Sample,15,4,46.,1,false,true,false,false,34.,34.,26.,26.,10.9420694856
1.17038802775,Sample,15,4,51.,1,false,true,false,false,34.,34.,26.,26.,10.9420694856
1.17811455094,Voter,15,7,1.,1,false,true,false,false,28.,26.,76.,68.,0.
1.17811455094,Voter,15,7,6.,1,false,true,false,false,88.,74.,68.,60.,10.6410379445
1.17811455094,Voter,15,7,11.,1,false,true,false,false,88.,74.,68.,60.,10.9707528145
1.17811455094,Voter,15,7,16.,1,false,true,false,false,88.,74.,68.,60.,10.9809691013
1.17811455094,Voter,15,7,21.,1,false,true,false,false,88.,74.,68.,60.,10.9812856551
1.17811455094,Voter,15,7,26.,1,false,true,false,false,88.,74.,68.,60.,10.9812954636
1.17811455094,Voter,15,7,31.,1,false,true,false,false,88.,74.,68.,60.,10.9812957675
1.17811455094,Voter,15,7,36.,1,false,true,false,false,88.,74.,68.,60.,10.981295777
1.17811455094,Voter,15,7,41.,1,false,true,false,false,88.,74.,68.,60.,10.9812957773
1.17811455094,Voter,15,7,46.,1,false,true,false,false,88.,74.,68.,60.,10.9812957773
1.17811455094,Voter,15,7,51.,1,false,true,false,false,88.,74.,68.,60.,10.9812957773
1.11755169382,Voter,15,3,1.,1,false,true,false,false,10.,10.,28.,26.,0.
1.11755169382,Voter,15,3,6.,1,false,true,false,false,22.,22.,32.,30.,10.3804404705
1.11755169382,Voter,15,3,11.,1,false,true,false,false,22.,22.,32.,30.,10.6585027561
1.11755169382,Voter,15,3,16.,1,false,true,false,false,22.,22.,32.,30.,10.6659512487
1.11755169382,Voter,15,3,21.,1,false,true,false,false,22.,22.,32.,30.,10.6661507725
1.11755169382,Voter,15,3,26.,1,false,true,false,false,22.,22.,32.,30.,10.6661561172
1.11755169382,Voter,15,3,31.,1,false,true,false,false,22.,22.,32.,30.,10.6661562604
1.11755169382,Voter,15,3,36.,1,false,true,false,false,22.,22.,32.,30.,10.6661562642
1.11755169382,Voter,15,3,41.,1,false,true,false,false,22.,22.,32.,30.,10.6661562643
1.11755169382,Voter,15,3,46.,1,false,true,false,false,22.,22.,32.,30.,10.6661562643
1.11755169382,Voter,15,3,51.,1,false,true,false,false,22.,22.,32.,30.,10.6661562643
1.15554298105,Sample,15,6,1.,1,false,true,false,false,32.,30.,72.,64.,0.
1.15554298105,Sample,15,6,6.,1,false,true,false,false,206.,162.,222.,172.,10.5465516654
1.15554298105,Sample,15,6,11.,1,false,true,false,false,218.,168.,218.,172.,10.8565279607
1.15554298105,Sample,15,6,16.,1,false,true,false,false,218.,168.,218.,172.,10.8656385503
1.15554298105,Sample,15,6,21.,1,false,true,false,false,218.,168.,218.,172.,10.8659063219
1.15554298105,Sample,15,6,26.,1,false,true,false,false,218.,168.,218.,172.,10.865914192
1.15554298105,Sample,15,6,31.,1,false,true,false,false,218.,168.,218.,172.,10.8659144234
1.15554298105,Sample,15,6,36.,1,false,true,false,false,218.,168.,218.,172.,10.8659144302
1.15554298105,Sample,15,6,41.,1,false,true,false,false,218.,168.,218.,172.,10.8659144304
1.15554298105,Sample,15,6,46.,1,false,true,false,false,218.,168.,218.,172.,10.8659144304
1.15554298105,Sample,15,6,51.,1,false,true,false,false,218.,168.,218.,172.,10.8659144304
1.02271037903,Voter,15,4,1.,1,false,true,false,false,8.,8.,8.,8.,0.
1.02271037903,Voter,15,4,6.,1,false,true,false,false,16.,16.,0.,0.,9.92447059942
1.02271037903,Voter,15,4,11.,1,false,true,false,false,16.,16.,0.,0.,10.1303701351
1.02271037903,Voter,15,4,16.,1,false,true,false,false,16.,16.,0.,0.,10.134641861
1.02271037903,Voter,15,4,21.,1,false,true,false,false,16.,16.,0.,0.,10.134730485
1.02271037903,Voter,15,4,26.,1,false,true,false,false,16.,16.,0.,0.,10.1347323237
1.02271037903,Voter,15,4,31.,1,false,true,false,false,16.,16.,0.,0.,10.1347323618
1.02271037903,Voter,15,4,36.,1,false,true,false,false,16.,16.,0.,0.,10.1347323626
1.02271037903,Voter,15,4,41.,1,false,true,false,false,16.,16.,0.,0.,10.1347323627
1.02271037903,Voter,15,4,46.,1,false,true,false,false,16.,16.,0.,0.,10.1347323627
1.02271037903,Voter,15,4,51.,1,false,true,false,false,16.,16.,0.,0.,10.1347323627
1.28290886353,Voter,15,3,1.,1,false,true,false,false,0.,0.,6.,6.,0.
1.28290886353,Voter,15,3,6.,1,false,true,false,false,6.,6.,0.,0.,11.0412883309
1.28290886353,Voter,15,3,11.,1,false,true,false,false,6.,6.,0.,0.,11.469795155
1.28290886353,Voter,15,3,16.,1,false,true,false,false,6.,6.,0.,0.,11.4864252884
1.28290886353,Voter,15,3,21.,1,false,true,false,false,6.,6.,0.,0.,11.4870706955
1.28290886353,Voter,15,3,26.,1,false,true,false,false,6.,6.,0.,0.,11.4870957434
1.28290886353,Voter,15,3,31.,1,false,true,false,false,6.,6.,0.,0.,11.4870967155
1.28290886353,Voter,15,3,36.,1,false,true,false,false,6.,6.,0.,0.,11.4870967532
1.28290886353,Voter,15,3,41.,1,false,true,false,false,6.,6.,0.,0.,11.4870967547
1.28290886353,Voter,15,3,46.,1,false,true,false,false,6.,6.,0.,0.,11.4870967548
1.28290886353,Voter,15,3,51.,1,false,true,false,false,6.,6.,0.,0.,11.4870967548
1.37187191226,Voter,15,7,1.,1,false,true,false,false,36.,32.,74.,62.,0.
1.37187191226,Voter,15,7,6.,1,false,true,false,false,82.,66.,60.,50.,11.3355332032
1.37187191226,Voter,15,7,11.,1,false,true,false,false,84.,68.,62.,52.,11.8563301353
1.37187191226,Voter,15,7,16.,1,false,true,false,false,84.,68.,62.,52.,11.8802575006
1.37187191226,Voter,15,7,21.,1,false,true,false,false,84.,68.,62.,52.,11.8813568136
1.37187191226,Voter,15,7,26.,1,false,true,false,false,84.,68.,62.,52.,11.8814073202
1.37187191226,Voter,15,7,31.,1,false,true,false,false,84.,68.,62.,52.,11.8814096406
1.37187191226,Voter,15,7,36.,1,false,true,false,false,84.,68.,62.,52.,11.8814097472
1.37187191226,Voter,15,7,41.,1,false,true,false,false,84.,68.,62.,52.,11.8814097521
1.37187191226,Voter,15,7,46.,1,false,true,false,false,84.,68.,62.,52.,11.8814097523
1.37187191226,Voter,15,7,51.,1,false,true,false,false,84.,68.,62.,52.,11.8814097524
1.01776193319,Sample,15,6,1.,1,false,true,false,false,16.,16.,66.,56.,0.
1.01776193319,Sample,15,6,6.,1,false,true,false,false,80.,72.,94.,74.,9.89896803481
1.01776193319,Sample,15,6,11.,1,false,true,false,false,84.,74.,90.,72.,10.1014070566
1.01776193319,Sample,15,6,16.,1,false,true,false,false,86.,76.,92.,74.,10.1055470394
1.01776193319,Sample,15,6,21.,1,false,true,false,false,86.,76.,92.,74.,10.1056317042
1.01776193319,Sample,15,6,26.,1,false,true,false,false,86.,76.,92.,74.,10.1056334356
1.01776193319,Sample,15,6,31.,1,false,true,false,false,86.,76.,92.,74.,10.105633471
1.01776193319,Sample,15,6,36.,1,false,true,false,false,86.,76.,92.,74.,10.1056334718
1.01776193319,Sample,15,6,41.,1,false,true,false,false,86.,76.,92.,74.,10.1056334718
1.01776193319,Sample,15,6,46.,1,false,true,false,false,86.,76.,92.,74.,10.1056334718
1.01776193319,Sample,15,6,51.,1,false,true,false,false,86.,76.,92.,74.,10.1056334718
1.11181375555,Voter,15,4,1.,1,false,true,false,false,8.,8.,12.,10.,0.
1.11181375555,Voter,15,4,6.,1,false,true,false,false,24.,24.,12.,12.,10.3545595052
1.11181375555,Voter,15,4,11.,1,false,true,false,false,24.,24.,12.,12.,10.6279475363
1.11181375555,Voter,15,4,16.,1,false,true,false,false,24.,24.,12.,12.,10.6351657106
1.11181375555,Voter,15,4,21.,1,false,true,false,false,24.,24.,12.,12.,10.6353562897
1.11181375555,Voter,15,4,26.,1,false,true,false,false,24.,24.,12.,12.,10.6353613215
1.11181375555,Voter,15,4,31.,1,false,true,false,false,24.,24.,12.,12.,10.6353614543
1.11181375555,Voter,15,4,36.,1,false,true,false,false,24.,24.,12.,12.,10.6353614578
1.11181375555,Voter,15,4,41.,1,false,true,false,false,24.,24.,12.,12.,10.6353614579
1.11181375555,Voter,15,4,46.,1,false,true,false,false,24.,24.,12.,12.,10.6353614579
1.11181375555,Voter,15,4,51.,1,false,true,false,false,24.,24.,12.,12.,10.6353614579
1.08411282415,Sample,15,6,1.,1,false,true,false,false,22.,22.,60.,56.,0.
1.08411282415,Sample,15,6,6.,1,false,true,false,false,132.,108.,126.,110.,10.226602153
1.08411282415,Sample,15,6,11.,1,false,true,false,false,140.,112.,134.,114.,10.4779741803
1.08411282415,Sample,15,6,16.,1,false,true,false,false,140.,112.,134.,114.,10.4841529574
1.08411282415,Sample,15,6,21.,1,false,true,false,false,140.,112.,134.,114.,10.4843048331
1.08411282415,Sample,15,6,26.,1,false,true,false,false,140.,112.,134.,114.,10.4843085662
1.08411282415,Sample,15,6,31.,1,false,true,false,false,140.,112.,134.,114.,10.484308658
1.08411282415,Sample,15,6,36.,1,false,true,false,false,140.,112.,134.,114.,10.4843086602
1.08411282415,Sample,15,6,41.,1,false,true,false,false,140.,112.,134.,114.,10.4843086603
1.08411282415,Sample,15,6,46.,1,false,true,false,false,140.,112.,134.,114.,10.4843086603
1.08411282415,Sample,15,6,51.,1,false,true,false,false,140.,112.,134.,114.,10.4843086603
1.16846654346,Sample,15,5,1.,1,false,true,false,false,14.,14.,58.,48.,0.
1.16846654346,Sample,15,5,6.,1,false,true,false,false,78.,72.,86.,74.,10.6010263252
1.16846654346,Sample,15,5,11.,1,false,true,false,false,90.,82.,86.,74.,10.9222344025
1.16846654346,Sample,15,5,16.,1,false,true,false,false,90.,82.,86.,74.,10.9319669157
1.16846654346,Sample,15,5,21.,1,false,true,false,false,90.,82.,86.,74.,10.9322618081
1.16846654346,Sample,15,5,26.,1,false,true,false,false,90.,82.,86.,74.,10.9322707432
1.16846654346,Sample,15,5,31.,1,false,true,false,false,90.,82.,86.,74.,10.932271014
1.16846654346,Sample,15,5,36.,1,false,true,false,false,90.,82.,86.,74.,10.9322710222
1.16846654346,Sample,15,5,41.,1,false,true,false,false,90.,82.,86.,74.,10.9322710224
1.16846654346,Sample,15,5,46.,1,false,true,false,false,90.,82.,86.,74.,10.9322710224
1.16846654346,Sample,15,5,51.,1,false,true,false,false,90.,82.,86.,74.,10.9322710224
0.911504931671,Sample,15,6,1.,1,false,true,false,false,22.,22.,62.,56.,0.
0.911504931671,Sample,15,6,6.,1,false,true,false,false,90.,82.,82.,76.,9.30674394628
0.911504931671,Sample,15,6,11.,1,false,true,false,false,92.,84.,84.,78.,9.44243999702
0.911504931671,Sample,15,6,16.,1,false,true,false,false,92.,84.,84.,78.,9.44441849973
0.911504931671,Sample,15,6,21.,1,false,true,false,false,92.,84.,84.,78.,9.44444734709
0.911504931671,Sample,15,6,26.,1,false,true,false,false,92.,84.,84.,78.,9.4444477677
0.911504931671,Sample,15,6,31.,1,false,true,false,false,92.,84.,84.,78.,9.44444777383
0.911504931671,Sample,15,6,36.,1,false,true,false,false,92.,84.,84.,78.,9.44444777392
0.911504931671,Sample,15,6,41.,1,false,true,false,false,92.,84.,84.,78.,9.44444777392
0.911504931671,Sample,15,6,46.,1,false,true,false,false,92.,84.,84.,78.,9.44444777392
0.911504931671,Sample,15,6,51.,1,false,true,false,false,92.,84.,84.,78.,9.44444777392
1.34162321751,Voter,15,4,1.,1,false,true,false,false,14.,14.,22.,22.,0.
1.34162321751,Voter,15,4,6.,1,false,true,false,false,24.,22.,12.,12.,11.2398782994
1.34162321751,Voter,15,4,11.,1,false,true,false,false,24.,22.,12.,12.,11.7284933126
1.34162321751,Voter,15,4,16.,1,false,true,false,false,24.,22.,12.,12.,11.7497341682
1.34162321751,Voter,15,4,21.,1,false,true,false,false,24.,22.,12.,12.,11.7506575412
1.34162321751,Voter,15,4,26.,1,false,true,false,false,24.,22.,12.,12.,11.7506976817
1.34162321751,Voter,15,4,31.,1,false,true,false,false,24.,22.,12.,12.,11.7506994267
1.34162321751,Voter,15,4,36.,1,false,true,false,false,24.,22.,12.,12.,11.7506995025
1.34162321751,Voter,15,4,41.,1,false,true,false,false,24.,22.,12.,12.,11.7506995058
1.34162321751,Voter,15,4,46.,1,false,true,false,false,24.,22.,12.,12.,11.750699506
1.34162321751,Voter,15,4,51.,1,false,true,false,false,24.,22.,12.,12.,11.750699506
