bias,cand_sampler,n_voters,n_candidates,time_steps,trial,sparse,grouped,credibility,knowledge,ks_distance_start,cs_distance_start,ks_distance_true,cs_distance_true,entrywise_distance
0.95647612354,Sample,13,3,1.,1,false,true,false,true,2.,2.,12.,12.,0.
0.95647612354,Sample,13,3,6.,1,false,true,false,true,14.,14.,4.,4.,10.5054223438
0.95647612354,Sample,13,3,11.,1,false,true,false,true,14.,14.,4.,4.,10.7064878636
0.95647612354,Sample,13,3,16.,1,false,true,false,true,14.,14.,4.,4.,10.7107052049
0.95647612354,Sample,13,3,21.,1,false,true,false,true,14.,14.,4.,4.,10.7107990425
0.95647612354,Sample,13,3,26.,1,false,true,false,true,14.,14.,4.,4.,10.7108012244
0.95647612354,Sample,13,3,31.,1,false,true,false,true,14.,14.,4.,4.,10.7108012769
0.95647612354,Sample,13,3,36.,1,false,true,false,true,14.,14.,4.,4.,10.7108012783
0.95647612354,Sample,13,3,41.,1,false,true,false,true,14.,14.,4.,4.,10.7108012783
0.95647612354,Sample,13,3,46.,1,false,true,false,true,14.,14.,4.,4.,10.7108012783
0.95647612354,Sample,13,3,51.,1,false,true,false,true,14.,14.,4.,4.,10.7108012783
0.934423456579,Voter,13,6,1.,1,false,true,false,true,32.,32.,66.,60.,0.
0.934423456579,Voter,13,6,6.,1,false,true,false,true,88.,74.,62.,56.,10.3700233505
0.934423456579,Voter,13,6,11.,1,false,true,false,true,88.,74.,62.,56.,10.5555736753
0.934423456579,Voter,13,6,16.,1,false,true,false,true,88.,74.,62.,56.,10.5592247107
0.934423456579,Voter,13,6,21.,1,false,true,false,true,88.,74.,62.,56.,10.5593010577
0.934423456579,Voter,13,6,26.,1,false,true,false,true,88.,74.,62.,56.,10.5593027283
0.934423456579,Voter,13,6,31.,1,false,true,false,true,88.,74.,62.,56.,10.5593027662
0.934423456579,Voter,13,6,36.,1,false,true,false,true,88.,74.,62.,56.,10.5593027671
0.934423456579,Voter,13,6,41.,1,false,true,false,true,88.,74.,62.,56.,10.5593027672
0.934423456579,Voter,13,6,46.,1,false,true,false,true,88.,74.,62.,56.,10.5593027672
0.934423456579,Voter,13,6,51.,1,false,true,false,true,88.,74.,62.,56.,10.5593027672
1.28731205088,Sample,13,4,1.,1,false,true,false,true,14.,12.,40.,34.,0.
1.28731205088,Sample,13,4,6.,1,false,true,false,true,40.,36.,26.,26.,12.0995852702
1.28731205088,Sample,13,4,11.,1,false,true,false,true,42.,38.,28.,28.,12.6091402785
1.28731205088,Sample,13,4,16.,1,false,true,false,true,42.,38.,28.,28.,12.6318407332
1.28731205088,Sample,13,4,21.,1,false,true,false,true,42.,38.,28.,28.,12.6328929687
1.28731205088,Sample,13,4,26.,1,false,true,false,true,42.,38.,28.,28.,12.6329432335
1.28731205088,Sample,13,4,31.,1,false,true,false,true,42.,38.,28.,28.,12.6329456943
1.28731205088,Sample,13,4,36.,1,false,true,false,true,42.,38.,28.,28.,12.6329458173
1.28731205088,Sample,13,4,41.,1,false,true,false,true,42.,38.,28.,28.,12.6329458236
1.28731205088,Sample,13,4,46.,1,false,true,false,true,42.,38.,28.,28.,12.6329458239
1.28731205088,Sample,13,4,51.,1,false,true,false,true,42.,38.,28.,28.,12.6329458239
0.906943367585,Voter,13,6,1.,1,false,true,false,true,54.,50.,62.,58.,0.
0.906943367585,Voter,13,6,6.,1,false,true,false,true,128.,114.,80.,76.,10.1953547947
0.906943367585,Voter,13,6,11.,1,false,true,false,true,128.,114.,80.,76.,10.3625272086
0.906943367585,Voter,13,6,16.,1,false,true,false,true,128.,114.,80.,76.,10.3655553846
0.906943367585,Voter,13,6,21.,1,false,true,false,true,128.,114.,80.,76.,10.3656138172
0.906943367585,Voter,13,6,26.,1,false,true,false,true,128.,114.,80.,76.,10.3656149992
0.906943367585,Voter,13,6,31.,1,false,true,false,true,128.,114.,80.,76.,10.365615024
0.906943367585,Voter,13,6,36.,1,false,true,false,true,128.,114.,80.,76.,10.3656150246
0.906943367585,Voter,13,6,41.,1,false,true,false,true,128.,114.,80.,76.,10.3656150246
0.906943367585,Voter,13,6,46.,1,false,true,false,true,128.,114.,80.,76.,10.3656150246
0.906943367585,Voter,13,6,51.,1,false,true,false,true,128.,114.,80.,76.,10.3656150246
0.930852409615,Voter,13,5,1.,1,false,true,false,true,44.,38.,36.,34.,0.
0.930852409615,Voter,13,5,6.,1,false,true,false,true,80.,74.,32.,28.,10.3477021835
0.930852409615,Voter,13,5,11.,1,false,true,false,true,82.,76.,34.,30.,10.5308041826
0.930852409615,Voter,13,5,16.,1,false,true,false,true,82.,76.,34.,30.,10.5343692233
0.930852409615,Voter,13,5,21.,1,false,true,false,true,82.,76.,34.,30.,10.5344430118
0.930852409615,Voter,13,5,26.,1,false,true,false,true,82.,76.,34.,30.,10.5344446103
0.930852409615,Voter,13,5,31.,1,false,true,false,true,82.,76.,34.,30.,10.5344446462
0.930852409615,Voter,13,5,36.,1,false,true,false,true,82.,76.,34.,30.,10.5344446471
0.930852409615,Voter,13,5,41.,1,false,true,false,true,82.,76.,34.,30.,10.5344446471
0.930852409615,Voter,13,5,46.,1,false,true,false,true,82.,76.,34.,30.,10.5344446471
0.930852409615,Voter,13,5,51.,1,false,true,false,true,82.,76.,34.,30.,10.5344446471
0.97993804258,Sample,13,6,1.,1,false,true,false,true,64.,60.,120.,102.,0.
0.97993804258,Sample,13,6,6.,1,false,true,false,true,162.,124.,182.,148.,10.6449517214
0.97993804258,Sample,13,6,11.,1,false,true,false,true,162.,124.,182.,148.,10.8632671663
0.97993804258,Sample,13,6,16.,1,false,true,false,true,162.,124.,182.,148.,10.8681570376
0.97993804258,Sample,13,6,21.,1,false,true,false,true,162.,124.,182.,148.,10.8682730097
0.97993804258,Sample,13,6,26.,1,false,true,false,true,162.,124.,182.,148.,10.8682758801
0.97993804258,Sample,13,6,31.,1,false,true,false,true,162.,124.,182.,148.,10.8682759537
0.97993804258,Sample,13,6,36.,1,false,true,false,true,162.,124.,182.,148.,10.8682759556
0.97993804258,Sample,13,6,41.,1,false,true,false,true,162.,124.,182.,148.,10.8682759557
0.97993804258,Sample,13,6,46.,1,false,true,false,true,162.,124.,182.,148.,10.8682759557
0.97993804258,Sample,13,6,51.,1,false,true,false,true,162.,124.,182.,148.,10.8682759557
1.24137209893,Voter,13,5,1.,1,false,true,false,true,40.,36.,68.,60.,0.
1.24137209893,Voter,13,5,6.,1,false,true,false,true,80.,66.,96.,74.,11.921370789
1.24137209893,Voter,13,5,11.,1,false,true,false,true,82.,66.,94.,74.,12.3803653227
1.24137209893,Voter,13,5,16.,1,false,true,false,true,82.,66.,94.,74.,12.3991263352
1.24137209893,Voter,13,5,21.,1,false,true,false,true,82.,66.,94.,74.,12.3999258509
1.24137209893,Voter,13,5,26.,1,false,true,false,true,82.,66.,94.,74.,12.3999610144
1.24137209893,Voter,13,5,31.,1,false,true,false,true,82.,66.,94.,74.,12.3999626012
1.24137209893,Voter,13,5,36.,1,false,true,false,true,82.,66.,94.,74.,12.3999626744
1.24137209893,Voter,13,5,41.,1,false,true,false,true,82.,66.,94.,74.,12.3999626779
1.24137209893,Voter,13,5,46.,1,false,true,false,true,82.,66.,94.,74.,12.399962678
1.24137209893,Voter,13,5,51.,1,false,true,false,true,82.,66.,94.,74.,12.399962678
1.03965618296,Sample,13,7,1.,1,false,true,false,true,62.,60.,170.,132.,0.
1.03965618296,Sample,13,7,6.,1,false,true,false,true,176.,146.,208.,164.,10.979973363
1.03965618296,Sample,13,7,11.,1,false,true,false,true,180.,148.,208.,164.,11.2455936834
1.03965618296,Sample,13,7,16.,1,false,true,false,true,180.,148.,208.,164.,11.2525554808
1.03965618296,Sample,13,7,21.,1,false,true,false,true,180.,148.,208.,164.,11.2527478679
1.03965618296,Sample,13,7,26.,1,false,true,false,true,180.,148.,208.,164.,11.252753399
1.03965618296,Sample,13,7,31.,1,false,true,false,true,180.,148.,208.,164.,11.2527535632
1.03965618296,Sample,13,7,36.,1,false,true,false,true,180.,148.,208.,164.,11.2527535682
1.03965618296,Sample,13,7,41.,1,false,true,false,true,180.,148.,208.,164.,11.2527535684
1.03965618296,Sample,13,7,46.,1,false,true,false,true,180.,148.,208.,164.,11.2527535684
1.03965618296,Sample,13,7,51.,1,false,true,false,true,180.,148.,208.,164.,11.2527535684
1.08538878413,Voter,13,5,1.,1,false,true,false,true,20.,20.,28.,26.,0.
1.08538878413,Voter,13,5,6.,1,false,true,false,true,54.,46.,26.,26.,11.2180196644
1.08538878413,Voter,13,5,11.,1,false,true,false,true,56.,48.,28.,28.,11.5230772571
1.08538878413,Voter,13,5,16.,1,false,true,false,true,56.,48.,28.,28.,11.5320163514
1.08538878413,Voter,13,5,21.,1,false,true,false,true,56.,48.,28.,28.,11.5322917289
1.08538878413,Voter,13,5,26.,1,false,true,false,true,56.,48.,28.,28.,11.5323005357
1.08538878413,Voter,13,5,31.,1,false,true,false,true,56.,48.,28.,28.,11.5323008261
1.08538878413,Voter,13,5,36.,1,false,true,false,true,56.,48.,28.,28.,11.5323008359
1.08538878413,Voter,13,5,41.,1,false,true,false,true,56.,48.,28.,28.,11.5323008363
1.08538878413,Voter,13,5,46.,1,false,true,false,true,56.,48.,28.,28.,11.5323008363
1.08538878413,Voter,13,5,51.,1,false,true,false,true,56.,48.,28.,28.,11.5323008363
1.29103025575,Voter,13,3,1.,1,false,true,false,true,4.,4.,8.,8.,0.
1.29103025575,Voter,13,3,6.,1,false,true,false,true,18.,18.,10.,10.,12.1134799903
1.29103025575,Voter,13,3,11.,1,false,true,false,true,18.,18.,10.,10.,12.6272220718
1.29103025575,Voter,13,3,16.,1,false,true,false,true,18.,18.,10.,10.,12.65026434
1.29103025575,Voter,13,3,21.,1,false,true,false,true,18.,18.,10.,10.,12.6513394957
1.29103025575,Voter,13,3,26.,1,false,true,false,true,18.,18.,10.,10.,12.6513911899
1.29103025575,Voter,13,3,31.,1,false,true,false,true,18.,18.,10.,10.,12.6513937369
1.29103025575,Voter,13,3,36.,1,false,true,false,true,18.,18.,10.,10.,12.651393865
1.29103025575,Voter,13,3,41.,1,false,true,false,true,18.,18.,10.,10.,12.6513938716
1.29103025575,Voter,13,3,46.,1,false,true,false,true,18.,18.,10.,10.,12.6513938719
1.29103025575,Voter,13,3,51.,1,false,true,false,true,18.,18.,10.,10.,12.6513938719
1.18430897979,Voter,13,5,1.,1,false,true,false,true,24.,24.,46.,46.,0.
1.18430897979,Voter,13,5,6.,1,false,true,false,true,74.,64.,48.,46.,11.6824122455
1.18430897979,Voter,13,5,11.,1,false,true,false,true,74.,64.,48.,46.,12.0817790258
1.18430897979,Voter,13,5,16.,1,false,true,false,true,74.,64.,48.,46.,12.0963439034
1.18430897979,Voter,13,5,21.,1,false,true,false,true,74.,64.,48.,46.,12.0968992526
1.18430897979,Voter,13,5,26.,1,false,true,false,true,74.,64.,48.,46.,12.0969211488
1.18430897979,Voter,13,5,31.,1,false,true,false,true,74.,64.,48.,46.,12.096922036
1.18430897979,Voter,13,5,36.,1,false,true,false,true,74.,64.,48.,46.,12.0969220728
1.18430897979,Voter,13,5,41.,1,false,true,false,true,74.,64.,48.,46.,12.0969220743
1.18430897979,Voter,13,5,46.,1,false,true,false,true,74.,64.,48.,46.,12.0969220744
1.18430897979,Voter,13,5,51.,1,false,true,false,true,74.,64.,48.,46.,12.0969220744
1.39805777616,Sample,13,3,1.,1,false,true,false,true,0.,0.,14.,12.,0.
1.39805777616,Sample,13,3,6.,1,false,true,false,true,10.,10.,8.,8.,12.4815180705
1.39805777616,Sample,13,3,11.,1,false,true,false,true,14.,14.,12.,12.,13.1214070558
1.39805777616,Sample,13,3,16.,1,false,true,false,true,14.,14.,12.,12.,13.1558545085
1.39805777616,Sample,13,3,21.,1,false,true,false,true,14.,14.,12.,12.,13.1577756436
1.39805777616,Sample,13,3,26.,1,false,true,false,true,14.,14.,12.,12.,13.1578857253
1.39805777616,Sample,13,3,31.,1,false,true,false,true,14.,14.,12.,12.,13.1578921737
1.39805777616,Sample,13,3,36.,1,false,true,false,true,14.,14.,12.,12.,13.1578925586
1.39805777616,Sample,13,3,41.,1,false,true,false,true,14.,14.,12.,12.,13.157892582
1.39805777616,Sample,13,3,46.,1,false,true,false,true,14.,14.,12.,12.,13.1578925834
1.39805777616,Sample,13,3,51.,1,false,true,false,true,14.,14.,12.,12.,13.1578925835
1.21874668364,Sample,13,3,1.,1,false,true,false,true,6.,6.,20.,18.,0.
1.21874668364,Sample,13,3,6.,1,false,true,false,true,26.,24.,28.,28.,11.8290215167
1.21874668364,Sample,13,3,11.,1,false,true,false,true,26.,24.,28.,28.,12.2639400319
1.21874668364,Sample,13,3,16.,1,false,true,false,true,26.,24.,28.,28.,12.280947854
1.21874668364,Sample,13,3,21.,1,false,true,false,true,26.,24.,28.,28.,12.2816420372
1.21874668364,Sample,13,3,26.,1,false,true,false,true,26.,24.,28.,28.,12.2816713003
1.21874668364,Sample,13,3,31.,1,false,true,false,true,26.,24.,28.,28.,12.2816725668
1.21874668364,Sample,13,3,36.,1,false,true,false,true,26.,24.,28.,28.,12.2816726228
1.21874668364,Sample,13,3,41.,1,false,true,false,true,26.,24.,28.,28.,12.2816726254
1.21874668364,Sample,13,3,46.,1,false,true,false,true,26.,24.,28.,28.,12.2816726255
1.21874668364,Sample,13,3,51.,1,false,true,false,true,26.,24.,28.,28.,12.2816726255
0.994699674718,Sample,13,4,1.,1,false,true,false,true,4.,4.,16.,14.,0.
0.994699674718,Sample,13,4,6.,1,false,true,false,true,22.,22.,10.,10.,10.7304107764
0.994699674718,Sample,13,4,11.,1,false,true,false,true,22.,22.,10.,10.,10.9599686175
0.994699674718,Sample,13,4,16.,1,false,true,false,true,22.,22.,10.,10.,10.9653208614
0.994699674718,Sample,13,4,21.,1,false,true,false,true,22.,22.,10.,10.,10.9654528523
0.994699674718,Sample,13,4,26.,1,false,true,false,true,22.,22.,10.,10.,10.9654562465
0.994699674718,Sample,13,4,31.,1,false,true,false,true,22.,22.,10.,10.,10.9654563368
0.994699674718,Sample,13,4,36.,1,false,true,false,true,22.,22.,10.,10.,10.9654563393
0.994699674718,Sample,13,4,41.,1,false,true,false,true,22.,22.,10.,10.,10.9654563393
0.994699674718,Sample,13,4,46.,1,false,true,false,true,22.,22.,10.,10.,10.9654563393
0.994699674718,Sample,13,4,51.,1,false,true,false,true,22.,22.,10.,10.,10.9654563393
1.29645621465,Sample,13,5,1.,1,false,true,false,true,18.,18.,56.,46.,0.
1.29645621465,Sample,13,5,6.,1,false,true,false,true,64.,54.,38.,38.,12.1336173924
1.29645621465,Sample,13,5,11.,1,false,true,false,true,66.,56.,40.,40.,12.6534944692
1.29645621465,Sample,13,5,16.,1,false,true,false,true,66.,56.,40.,40.,12.6770418582
1.29645621465,Sample,13,5,21.,1,false,true,false,true,66.,56.,40.,40.,12.6781511635
1.29645621465,Sample,13,5,26.,1,false,true,false,true,66.,56.,40.,40.,12.6782050047
1.29645621465,Sample,13,5,31.,1,false,true,false,true,66.,56.,40.,40.,12.6782076822
1.29645621465,Sample,13,5,36.,1,false,true,false,true,66.,56.,40.,40.,12.6782078181
1.29645621465,Sample,13,5,41.,1,false,true,false,true,66.,56.,40.,40.,12.6782078251
1.29645621465,Sample,13,5,46.,1,false,true,false,true,66.,56.,40.,40.,12.6782078255
1.29645621465,Sample,13,5,51.,1,false,true,false,true,66.,56.,40.,40.,12.6782078255
1.11901382832,Voter,13,5,1.,1,false,true,false,true,12.,12.,38.,38.,0.
1.11901382832,Voter,13,5,6.,1,false,true,false,true,52.,46.,26.,22.,11.3833743738
1.11901382832,Voter,13,5,11.,1,false,true,false,true,54.,46.,24.,22.,11.7191421681
1.11901382832,Voter,13,5,16.,1,false,true,false,true,54.,46.,24.,22.,11.7297754925
1.11901382832,Voter,13,5,21.,1,false,true,false,true,54.,46.,24.,22.,11.7301288035
1.11901382832,Voter,13,5,26.,1,false,true,false,true,54.,46.,24.,22.,11.7301409732
1.11901382832,Voter,13,5,31.,1,false,true,false,true,54.,46.,24.,22.,11.7301414049
1.11901382832,Voter,13,5,36.,1,false,true,false,true,54.,46.,24.,22.,11.7301414206
1.11901382832,Voter,13,5,41.,1,false,true,false,true,54.,46.,24.,22.,11.7301414212
1.11901382832,Voter,13,5,46.,1,false,true,false,true,54.,46.,24.,22.,11.7301414212
1.11901382832,Voter,13,5,51.,1,false,true,false,true,54.,46.,24.,22.,11.7301414212
1.27908415114,Voter,13,6,1.,1,false,true,false,true,22.,22.,60.,54.,0.
1.27908415114,Voter,13,6,6.,1,false,true,false,true,82.,76.,72.,64.,12.0685605863
1.27908415114,Voter,13,6,11.,1,false,true,false,true,84.,78.,70.,62.,12.5688997469
1.27908415114,Voter,13,6,16.,1,false,true,false,true,84.,78.,70.,62.,12.5908562347
1.27908415114,Voter,13,6,21.,1,false,true,false,true,84.,78.,70.,62.,12.5918591173
1.27908415114,Voter,13,6,26.,1,false,true,false,true,84.,78.,70.,62.,12.5919063364
1.27908415114,Voter,13,6,31.,1,false,true,false,true,84.,78.,70.,62.,12.5919086153
1.27908415114,Voter,13,6,36.,1,false,true,false,true,84.,78.,70.,62.,12.5919087277
1.27908415114,Voter,13,6,41.,1,false,true,false,true,84.,78.,70.,62.,12.5919087333
1.27908415114,Voter,13,6,46.,1,false,true,false,true,84.,78.,70.,62.,12.5919087336
1.27908415114,Voter,13,6,51.,1,false,true,false,true,84.,78.,70.,62.,12.5919087336
1.23970574418,Voter,13,3,1.,1,false,true,false,true,0.,0.,8.,8.,0.
1.23970574418,Voter,13,3,6.,1,false,true,false,true,8.,8.,0.,0.,11.9146743608
1.23970574418,Voter,13,3,11.,1,false,true,false,true,8.,8.,0.,0.,12.3718767236
1.23970574418,Voter,13,3,16.,1,false,true,false,true,8.,8.,0.,0.,12.3905044956
1.23970574418,Voter,13,3,21.,1,false,true,false,true,8.,8.,0.,0.,12.3912958458
1.23970574418,Voter,13,3,26.,1,false,true,false,true,8.,8.,0.,0.,12.3913305431
1.23970574418,Voter,13,3,31.,1,false,true,false,true,8.,8.,0.,0.,12.3913321041
1.23970574418,Voter,13,3,36.,1,false,true,false,true,8.,8.,0.,0.,12.3913321759
1.23970574418,Voter,13,3,41.,1,false,true,false,true,8.,8.,0.,0.,12.3913321793
1.23970574418,Voter,13,3,46.,1,false,true,false,true,8.,8.,0.,0.,12.3913321794
1.23970574418,Voter,13,3,51.,1,false,true,false,true,8.,8.,0.,0.,12.3913321794
0.99876563756,Voter,13,4,1.,1,false,true,false,true,6.,6.,22.,22.,0.
0.99876563756,Voter,13,4,6.,1,false,true,false,true,16.,16.,12.,12.,10.7536393086
0.99876563756,Voter,13,4,11.,1,false,true,false,true,16.,16.,12.,12.,10.9863461921
0.99876563756,Voter,13,4,16.,1,false,true,false,true,16.,16.,12.,12.,10.9918313286
0.99876563756,Voter,13,4,21.,1,false,true,false,true,16.,16.,12.,12.,10.9919680388
0.99876563756,Voter,13,4,26.,1,false,true,false,true,16.,16.,12.,12.,10.991971591
0.99876563756,Voter,13,4,31.,1,false,true,false,true,16.,16.,12.,12.,10.9919716865
0.99876563756,Voter,13,4,36.,1,false,true,false,true,16.,16.,12.,12.,10.9919716891
0.99876563756,Voter,13,4,41.,1,false,true,false,true,16.,16.,12.,12.,10.9919716892
0.99876563756,Voter,13,4,46.,1,false,true,false,true,16.,16.,12.,12.,10.9919716892
0.99876563756,Voter,13,4,51.,1,false,true,false,true,16.,16.,12.,12.,10.9919716892
0.973510915994,Sample,13,7,1.,1,false,true,false,true,80.,66.,160.,140.,0.
0.973510915994,Sample,13,7,6.,1,false,true,false,true,226.,176.,226.,180.,10.6071852354
0.973510915994,Sample,13,7,11.,1,false,true,false,true,230.,178.,226.,180.,10.8206994807
0.973510915994,Sample,13,7,16.,1,false,true,false,true,230.,178.,226.,180.,10.8253976596
0.973510915994,Sample,13,7,21.,1,false,true,false,true,230.,178.,226.,180.,10.8255071785
0.973510915994,Sample,13,7,26.,1,false,true,false,true,230.,178.,226.,180.,10.8255098437
0.973510915994,Sample,13,7,31.,1,false,true,false,true,230.,178.,226.,180.,10.8255099109
0.973510915994,Sample,13,7,36.,1,false,true,false,true,230.,178.,226.,180.,10.8255099126
0.973510915994,Sample,13,7,41.,1,false,true,false,true,230.,178.,226.,180.,10.8255099127
0.973510915994,Sample,13,7,46.,1,false,true,false,true,230.,178.,226.,180.,10.8255099127
0.973510915994,Sample,13,7,51.,1,false,true,false,true,230.,178.,226.,180.,10.8255099127
1.3697241337,Voter,13,3,1.,1,false,true,false,true,12.,10.,4.,4.,0.
1.3697241337,Voter,13,3,6.,1,false,true,false,true,22.,20.,10.,10.,12.389895143
1.3697241337,Voter,13,3,11.,1,false,true,false,true,22.,20.,10.,10.,12.9953780937
1.3697241337,Voter,13,3,16.,1,false,true,false,true,22.,20.,10.,10.,13.0265031305
1.3697241337,Voter,13,3,21.,1,false,true,false,true,22.,20.,10.,10.,13.0281624044
1.3697241337,Voter,13,3,26.,1,false,true,false,true,22.,20.,10.,10.,13.0282533533
1.3697241337,Voter,13,3,31.,1,false,true,false,true,22.,20.,10.,10.,13.0282584527
1.3697241337,Voter,13,3,36.,1,false,true,false,true,22.,20.,10.,10.,13.0282587442
1.3697241337,Voter,13,3,41.,1,false,true,false,true,22.,20.,10.,10.,13.0282587611
1.3697241337,Voter,13,3,46.,1,false,true,false,true,22.,20.,10.,10.,13.0282587621
1.3697241337,Voter,13,3,51.,1,false,true,false,true,22.,20.,10.,10.,13.0282587622
1.38239985158,Voter,13,4,1.,1,false,true,false,true,16.,14.,24.,20.,0.
1.38239985158,Voter,13,4,6.,1,false,true,false,true,34.,32.,26.,26.,12.4313831412
1.38239985158,Voter,13,4,11.,1,false,true,false,true,40.,32.,32.,30.,13.0521731048
1.38239985158,Voter,13,4,16.,1,false,true,false,true,40.,32.,32.,30.,13.0847567306
1.38239985158,Voter,13,4,21.,1,false,true,false,true,40.,32.,32.,30.,13.0865294898
1.38239985158,Voter,13,4,26.,1,false,true,false,true,40.,32.,32.,30.,13.0866286252
1.38239985158,Voter,13,4,31.,1,false,true,false,true,40.,32.,32.,30.,13.0866342945
1.38239985158,Voter,13,4,36.,1,false,true,false,true,40.,32.,32.,30.,13.086634625
1.38239985158,Voter,13,4,41.,1,false,true,false,true,40.,32.,32.,30.,13.0866346446
1.38239985158,Voter,13,4,46.,1,false,true,false,true,40.,32.,32.,30.,13.0866346458
1.38239985158,Voter,13,4,51.,1,false,true,false,true,40.,32.,32.,30.,13.0866346458
1.31105662994,Voter,13,7,1.,1,false,true,false,true,34.,32.,72.,64.,0.
1.31105662994,Voter,13,7,6.,1,false,true,false,true,92.,78.,46.,38.,12.1869920745
1.31105662994,Voter,13,7,11.,1,false,true,false,true,92.,78.,46.,38.,12.7235219841
1.31105662994,Voter,13,7,16.,1,false,true,false,true,92.,78.,46.,38.,12.7484661333
1.31105662994,Voter,13,7,21.,1,false,true,false,true,92.,78.,46.,38.,12.749671573
1.31105662994,Voter,13,7,26.,1,false,true,false,true,92.,78.,46.,38.,12.7497315649
1.31105662994,Voter,13,7,31.,1,false,true,false,true,92.,78.,46.,38.,12.7497346229
1.31105662994,Voter,13,7,36.,1,false,true,false,true,92.,78.,46.,38.,12.749734782
1.31105662994,Voter,13,7,41.,1,false,true,false,true,92.,78.,46.,38.,12.7497347905
1.31105662994,Voter,13,7,46.,1,false,true,false,true,92.,78.,46.,38.,12.7497347909
1.31105662994,Voter,13,7,51.,1,false,true,false,true,92.,78.,46.,38.,12.7497347909
1.22405040611,Sample,13,5,1.,1,false,true,false,true,20.,18.,48.,36.,0.
1.22405040611,Sample,13,5,6.,1,false,true,false,true,76.,66.,60.,52.,11.8509476409
1.22405040611,Sample,13,5,11.,1,false,true,false,true,78.,68.,62.,54.,12.2914596487
1.22405040611,Sample,13,5,16.,1,false,true,false,true,78.,68.,62.,54.,12.3088676906
1.22405040611,Sample,13,5,21.,1,false,true,false,true,78.,68.,62.,54.,12.3095855124
1.22405040611,Sample,13,5,26.,1,false,true,false,true,78.,68.,62.,54.,12.3096160775
1.22405040611,Sample,13,5,31.,1,false,true,false,true,78.,68.,62.,54.,12.3096174135
1.22405040611,Sample,13,5,36.,1,false,true,false,true,78.,68.,62.,54.,12.3096174732
1.22405040611,Sample,13,5,41.,1,false,true,false,true,78.,68.,62.,54.,12.3096174759
1.22405040611,Sample,13,5,46.,1,false,true,false,true,78.,68.,62.,54.,12.3096174761
1.22405040611,Sample,13,5,51.,1,false,true,false,true,78.,68.,62.,54.,12.3096174761
0.956140429127,Voter,13,3,1.,1,false,true,false,true,8.,8.,16.,16.,0.
0.956140429127,Voter,13,3,6.,1,false,true,false,true,24.,22.,20.,20.,10.5033924312
0.956140429127,Voter,13,3,11.,1,false,true,false,true,24.,22.,20.,20.,10.7042166818
0.956140429127,Voter,13,3,16.,1,false,true,false,true,24.,22.,20.,20.,10.7084249358
0.956140429127,Voter,13,3,21.,1,false,true,false,true,24.,22.,20.,20.,10.7085184842
0.956140429127,Voter,13,3,26.,1,false,true,false,true,24.,22.,20.,20.,10.7085206574
0.956140429127,Voter,13,3,31.,1,false,true,false,true,24.,22.,20.,20.,10.7085207097
0.956140429127,Voter,13,3,36.,1,false,true,false,true,24.,22.,20.,20.,10.708520711
0.956140429127,Voter,13,3,41.,1,false,true,false,true,24.,22.,20.,20.,10.7085207111
0.956140429127,Voter,13,3,46.,1,false,true,false,true,24.,22.,20.,20.,10.7085207111
0.956140429127,Voter,13,3,51.,1,false,true,false,true,24.,22.,20.,20.,10.7085207111
0.815570092777,Voter,13,3,1.,1,false,true,false,true,6.,6.,10.,10.,0.
0.815570092777,Voter,13,3,6.,1,false,true,false,true,22.,20.,14.,14.,9.56412965804
0.815570092777,Voter,13,3,11.,1,false,true,false,true,22.,20.,14.,14.,9.67788556035
0.815570092777,Voter,13,3,16.,1,false,true,false,true,22.,20.,14.,14.,9.67940701585
0.815570092777,Voter,13,3,21.,1,false,true,false,true,22.,20.,14.,14.,9.67942889341
0.815570092777,Voter,13,3,26.,1,false,true,false,true,22.,20.,14.,14.,9.67942922548
0.815570092777,Voter,13,3,31.,1,false,true,false,true,22.,20.,14.,14.,9.67942923074
0.815570092777,Voter,13,3,36.,1,false,true,false,true,22.,20.,14.,14.,9.67942923083
0.815570092777,Voter,13,3,41.,1,false,true,false,true,22.,20.,14.,14.,9.67942923083
0.815570092777,Voter,13,3,46.,1,false,true,false,true,22.,20.,14.,14.,9.67942923083
0.815570092777,Voter,13,3,51.,1,false,true,false,true,22.,20.,14.,14.,9.67942923083
1.35185501252,Voter,13,6,1.,1,false,true,false,true,18.,18.,40.,38.,0.
1.35185501252,Voter,13,6,6.,1,false,true,false,true,62.,54.,36.,34.,12.3300130214
1.35185501252,Voter,13,6,11.,1,false,true,false,true,66.,58.,40.,38.,12.9141586243
1.35185501252,Voter,13,6,16.,1,false,true,false,true,66.,58.,40.,38.,12.9433027817
1.35185501252,Voter,13,6,21.,1,false,true,false,true,66.,58.,40.,38.,12.944811741
1.35185501252,Voter,13,6,26.,1,false,true,false,true,66.,58.,40.,38.,12.9448921086
1.35185501252,Voter,13,6,31.,1,false,true,false,true,66.,58.,40.,38.,12.9448964887
1.35185501252,Voter,13,6,36.,1,false,true,false,true,66.,58.,40.,38.,12.9448967322
1.35185501252,Voter,13,6,41.,1,false,true,false,true,66.,58.,40.,38.,12.9448967459
1.35185501252,Voter,13,6,46.,1,false,true,false,true,66.,58.,40.,38.,12.9448967467
1.35185501252,Voter,13,6,51.,1,false,true,false,true,66.,58.,40.,38.,12.9448967468
1.13047576127,Voter,13,6,1.,1,false,true,false,true,24.,22.,26.,26.,0.
1.13047576127,Voter,13,6,6.,1,false,true,false,true,56.,48.,26.,24.,11.4379359152
1.13047576127,Voter,13,6,11.,1,false,true,false,true,60.,48.,30.,26.,11.7844949973
1.13047576127,Voter,13,6,16.,1,false,true,false,true,60.,48.,30.,26.,11.7957554273
1.13047576127,Voter,13,6,21.,1,false,true,false,true,60.,48.,30.,26.,11.7961390534
1.13047576127,Voter,13,6,26.,1,false,true,false,true,60.,48.,30.,26.,11.7961525957
1.13047576127,Voter,13,6,31.,1,false,true,false,true,60.,48.,30.,26.,11.7961530878
1.13047576127,Voter,13,6,36.,1,false,true,false,true,60.,48.,30.,26.,11.7961531062
1.13047576127,Voter,13,6,41.,1,false,true,false,true,60.,48.,30.,26.,11.7961531069
1.13047576127,Voter,13,6,46.,1,false,true,false,true,60.,48.,30.,26.,11.7961531069
1.13047576127,Voter,13,6,51.,1,false,true,false,true,60.,48.,30.,26.,11.7961531069
1.12368752141,Sample,13,6,1.,1,false,true,false,true,28.,28.,88.,80.,0.
1.12368752141,Sample,13,6,6.,1,false,true,false,true,120.,104.,128.,108.,11.4057312705
1.12368752141,Sample,13,6,11.,1,false,true,false,true,132.,110.,128.,110.,11.7458797153
1.12368752141,Sample,13,6,16.,1,false,true,false,true,132.,110.,128.,110.,11.7567656256
1.12368752141,Sample,13,6,21.,1,false,true,false,true,132.,110.,128.,110.,11.7571310546
1.12368752141,Sample,13,6,26.,1,false,true,false,true,132.,110.,128.,110.,11.757143769
1.12368752141,Sample,13,6,31.,1,false,true,false,true,132.,110.,128.,110.,11.7571442244
1.12368752141,Sample,13,6,36.,1,false,true,false,true,132.,110.,128.,110.,11.7571442412
1.12368752141,Sample,13,6,41.,1,false,true,false,true,132.,110.,128.,110.,11.7571442418
1.12368752141,Sample,13,6,46.,1,false,true,false,true,132.,110.,128.,110.,11.7571442418
1.12368752141,Sample,13,6,51.,1,false,true,false,true,132.,110.,128.,110.,11.7571442418
1.31485108419,Sample,13,3,1.,1,false,true,false,true,10.,10.,18.,18.,0.
1.31485108419,Sample,13,3,6.,1,false,true,false,true,26.,22.,30.,30.,12.2006714674
1.31485108419,Sample,13,3,11.,1,false,true,false,true,26.,22.,30.,30.,12.7415633037
1.31485108419,Sample,13,3,16.,1,false,true,false,true,26.,22.,30.,30.,12.7668795003
1.31485108419,Sample,13,3,21.,1,false,true,false,true,26.,22.,30.,30.,12.768110962
1.31485108419,Sample,13,3,26.,1,false,true,false,true,26.,22.,30.,30.,12.7681726451
1.31485108419,Sample,13,3,31.,1,false,true,false,true,26.,22.,30.,30.,12.7681758093
1.31485108419,Sample,13,3,36.,1,false,true,false,true,26.,22.,30.,30.,12.768175975
1.31485108419,Sample,13,3,41.,1,false,true,false,true,26.,22.,30.,30.,12.7681759839
1.31485108419,Sample,13,3,46.,1,false,true,false,true,26.,22.,30.,30.,12.7681759843
1.31485108419,Sample,13,3,51.,1,false,true,false,true,26.,22.,30.,30.,12.7681759844
1.32750455715,Voter,13,7,1.,1,false,true,false,true,60.,56.,154.,128.,0.
1.32750455715,Voter,13,7,6.,1,false,true,false,true,228.,180.,242.,190.,12.2457231723
1.32750455715,Voter,13,7,11.,1,false,true,false,true,236.,184.,242.,190.,12.8012608161
1.32750455715,Voter,13,7,16.,1,false,true,false,true,236.,184.,242.,190.,12.8278449825
1.32750455715,Voter,13,7,21.,1,false,true,false,true,236.,184.,242.,190.,12.829166413
1.32750455715,Voter,13,7,26.,1,false,true,false,true,236.,184.,242.,190.,12.8292340264
1.32750455715,Voter,13,7,31.,1,false,true,false,true,236.,184.,242.,190.,12.8292375685
1.32750455715,Voter,13,7,36.,1,false,true,false,true,236.,184.,242.,190.,12.8292377579
1.32750455715,Voter,13,7,41.,1,false,true,false,true,236.,184.,242.,190.,12.8292377682
1.32750455715,Voter,13,7,46.,1,false,true,false,true,236.,184.,242.,190.,12.8292377687
1.32750455715,Voter,13,7,51.,1,false,true,false,true,236.,184.,242.,190.,12.8292377688
0.855421682467,Voter,13,7,1.,1,false,true,false,true,50.,48.,104.,90.,0.
0.855421682467,Voter,13,7,6.,1,false,true,false,true,140.,114.,82.,76.,9.84929997137
0.855421682467,Voter,13,7,11.,1,false,true,false,true,146.,120.,88.,80.,9.98489624441
0.855421682467,Voter,13,7,16.,1,false,true,false,true,146.,120.,88.,80.,9.98697813341
0.855421682467,Voter,13,7,21.,1,false,true,false,true,146.,120.,88.,80.,9.98701235205
0.855421682467,Voter,13,7,26.,1,false,true,false,true,146.,120.,88.,80.,9.98701294382
0.855421682467,Voter,13,7,31.,1,false,true,false,true,146.,120.,88.,80.,9.98701295448
0.855421682467,Voter,13,7,36.,1,false,true,false,true,146.,120.,88.,80.,9.98701295468
0.855421682467,Voter,13,7,41.,1,false,true,false,true,146.,120.,88.,80.,9.98701295469
0.855421682467,Voter,13,7,46.,1,false,true,false,true,146.,120.,88.,80.,9.98701295469
0.855421682467,Voter,13,7,51.,1,false,true,false,true,146.,120.,88.,80.,9.98701295469
1.26469407141,Voter,13,4,1.,1,false,true,false,true,8.,8.,16.,16.,0.
1.26469407141,Voter,13,4,6.,1,false,true,false,true,24.,24.,12.,12.,12.0133717058
1.26469407141,Voter,13,4,11.,1,false,true,false,true,24.,24.,12.,12.,12.4977593001
1.26469407141,Voter,13,4,16.,1,false,true,false,true,24.,24.,12.,12.,12.518455325
1.26469407141,Voter,13,4,21.,1,false,true,false,true,24.,24.,12.,12.,12.519376292
1.26469407141,Voter,13,4,26.,1,false,true,false,true,24.,24.,12.,12.,12.5194185563
1.26469407141,Voter,13,4,31.,1,false,true,false,true,24.,24.,12.,12.,12.5194205452
1.26469407141,Voter,13,4,36.,1,false,true,false,true,24.,24.,12.,12.,12.5194206408
1.26469407141,Voter,13,4,41.,1,false,true,false,true,24.,24.,12.,12.,12.5194206455
1.26469407141,Voter,13,4,46.,1,false,true,false,true,24.,24.,12.,12.,12.5194206457
1.26469407141,Voter,13,4,51.,1,false,true,false,true,24.,24.,12.,12.,12.5194206457
1.00334425564,Voter,13,4,1.,1,false,true,false,true,12.,12.,10.,10.,0.
1.00334425564,Voter,13,4,6.,1,false,true,false,true,22.,22.,4.,4.,10.7796376752
1.00334425564,Voter,13,4,11.,1,false,true,false,true,22.,22.,4.,4.,11.0159176335
1.00334425564,Voter,13,4,16.,1,false,true,false,true,22.,22.,4.,4.,11.0215553418
1.00334425564,Voter,13,4,21.,1,false,true,false,true,22.,22.,4.,4.,11.0216975318
1.00334425564,Voter,13,4,26.,1,false,true,false,true,22.,22.,4.,4.,11.0217012696
1.00334425564,Voter,13,4,31.,1,false,true,false,true,22.,22.,4.,4.,11.0217013713
1.00334425564,Voter,13,4,36.,1,false,true,false,true,22.,22.,4.,4.,11.0217013741
1.00334425564,Voter,13,4,41.,1,false,true,false,true,22.,22.,4.,4.,11.0217013742
1.00334425564,Voter,13,4,46.,1,false,true,false,true,22.,22.,4.,4.,11.0217013742
1.00334425564,Voter,13,4,51.,1,false,true,false,true,22.,22.,4.,4.,11.0217013742
1.16123363811,Sample,13,3,1.,1,false,true,false,true,0.,0.,12.,12.,0.
1.16123363811,Sample,13,3,6.,1,false,true,false,true,18.,16.,10.,10.,11.5799570101
1.16123363811,Sample,13,3,11.,1,false,true,false,true,18.,16.,10.,10.,11.956265573
1.16123363811,Sample,13,3,16.,1,false,true,false,true,18.,16.,10.,10.,11.9693396492
1.16123363811,Sample,13,3,21.,1,false,true,false,true,18.,16.,10.,10.,11.9698151198
1.16123363811,Sample,13,3,26.,1,false,true,false,true,18.,16.,10.,10.,11.9698330155
1.16123363811,Sample,13,3,31.,1,false,true,false,true,18.,16.,10.,10.,11.9698337082
1.16123363811,Sample,13,3,36.,1,false,true,false,true,18.,16.,10.,10.,11.9698337357
1.16123363811,Sample,13,3,41.,1,false,true,false,true,18.,16.,10.,10.,11.9698337368
1.16123363811,Sample,13,3,46.,1,false,true,false,true,18.,16.,10.,10.,11.9698337368
1.16123363811,Sample,13,3,51.,1,false,true,false,true,18.,16.,10.,10.,11.9698337368
1.17850371392,Voter,13,6,1.,1,false,true,false,true,26.,26.,68.,66.,0.
1.17850371392,Voter,13,6,6.,1,false,true,false,true,124.,108.,94.,82.,11.6569605676
1.17850371392,Voter,13,6,11.,1,false,true,false,true,124.,108.,94.,82.,12.0504677815
1.17850371392,Voter,13,6,16.,1,false,true,false,true,124.,108.,94.,82.,12.0646468067
1.17850371392,Voter,13,6,21.,1,false,true,false,true,124.,108.,94.,82.,12.065181117
1.17850371392,Voter,13,6,26.,1,false,true,false,true,124.,108.,94.,82.,12.0652019416
1.17850371392,Voter,13,6,31.,1,false,true,false,true,124.,108.,94.,82.,12.0652027758
1.17850371392,Voter,13,6,36.,1,false,true,false,true,124.,108.,94.,82.,12.06520281
1.17850371392,Voter,13,6,41.,1,false,true,false,true,124.,108.,94.,82.,12.0652028115
1.17850371392,Voter,13,6,46.,1,false,true,false,true,124.,108.,94.,82.,12.0652028115
1.17850371392,Voter,13,6,51.,1,false,true,false,true,124.,108.,94.,82.,12.0652028115
1.19297332373,Sample,13,4,1.,1,false,true,false,true,6.,6.,28.,26.,0.
1.19297332373,Sample,13,4,6.,1,false,true,false,true,38.,36.,24.,24.,11.7199989955
1.19297332373,Sample,13,4,11.,1,false,true,false,true,42.,40.,24.,24.,12.1281835492
1.19297332373,Sample,13,4,16.,1,false,true,false,true,42.,40.,24.,24.,12.1433380522
1.19297332373,Sample,13,4,21.,1,false,true,false,true,42.,40.,24.,24.,12.1439260299
1.19297332373,Sample,13,4,26.,1,false,true,false,true,42.,40.,24.,24.,12.1439496123
1.19297332373,Sample,13,4,31.,1,false,true,false,true,42.,40.,24.,24.,12.1439505841
1.19297332373,Sample,13,4,36.,1,false,true,false,true,42.,40.,24.,24.,12.1439506251
1.19297332373,Sample,13,4,41.,1,false,true,false,true,42.,40.,24.,24.,12.1439506268
1.19297332373,Sample,13,4,46.,1,false,true,false,true,42.,40.,24.,24.,12.1439506269
1.19297332373,Sample,13,4,51.,1,false,true,false,true,42.,40.,24.,24.,12.1439506269
0.972544045992,Sample,13,4,1.,1,false,true,false,true,16.,16.,22.,22.,0.
0.972544045992,Sample,13,4,6.,1,false,true,false,true,40.,38.,14.,14.,10.6014742298
0.972544045992,Sample,13,4,11.,1,false,true,false,true,40.,38.,14.,14.,10.8142711384
0.972544045992,Sample,13,4,16.,1,false,true,false,true,40.,38.,14.,14.,10.8189409746
0.972544045992,Sample,13,4,21.,1,false,true,false,true,40.,38.,14.,14.,10.8190495489
0.972544045992,Sample,13,4,26.,1,false,true,false,true,40.,38.,14.,14.,10.8190521844
0.972544045992,Sample,13,4,31.,1,false,true,false,true,40.,38.,14.,14.,10.8190522507
0.972544045992,Sample,13,4,36.,1,false,true,false,true,40.,38.,14.,14.,10.8190522524
0.972544045992,Sample,13,4,41.,1,false,true,false,true,40.,38.,14.,14.,10.8190522524
0.972544045992,Sample,13,4,46.,1,false,true,false,true,40.,38.,14.,14.,10.8190522524
0.972544045992,Sample,13,4,51.,1,false,true,false,true,40.,38.,14.,14.,10.8190522524
1.34519617639,Sample,13,4,1.,1,false,true,false,true,18.,18.,50.,46.,0.
1.34519617639,Sample,13,4,6.,1,false,true,false,true,64.,48.,44.,42.,12.3072742758
1.34519617639,Sample,13,4,11.,1,false,true,false,true,66.,50.,42.,40.,12.8835423453
1.34519617639,Sample,13,4,16.,1,false,true,false,true,66.,50.,42.,40.,12.9119706104
1.34519617639,Sample,13,4,21.,1,false,true,false,true,66.,50.,42.,40.,12.913426351
1.34519617639,Sample,13,4,26.,1,false,true,false,true,66.,50.,42.,40.,12.9135030471
1.34519617639,Sample,13,4,31.,1,false,true,false,true,66.,50.,42.,40.,12.9135071825
1.34519617639,Sample,13,4,36.,1,false,true,false,true,66.,50.,42.,40.,12.91350741
1.34519617639,Sample,13,4,41.,1,false,true,false,true,66.,50.,42.,40.,12.9135074227
1.34519617639,Sample,13,4,46.,1,false,true,false,true,66.,50.,42.,40.,12.9135074235
1.34519617639,Sample,13,4,51.,1,false,true,false,true,66.,50.,42.,40.,12.9135074235
1.12648301597,Sample,13,6,1.,1,false,true,false,true,36.,36.,68.,60.,0.
1.12648301597,Sample,13,6,6.,1,false,true,false,true,120.,96.,76.,64.,11.4190318357
1.12648301597,Sample,13,6,11.,1,false,true,false,true,120.,96.,76.,64.,11.761813401
1.12648301597,Sample,13,6,16.,1,false,true,false,true,120.,96.,76.,64.,11.7728524405
1.12648301597,Sample,13,6,21.,1,false,true,false,true,120.,96.,76.,64.,11.7732252769
1.12648301597,Sample,13,6,26.,1,false,true,false,true,120.,96.,76.,64.,11.7732383268
1.12648301597,Sample,13,6,31.,1,false,true,false,true,120.,96.,76.,64.,11.7732387971
1.12648301597,Sample,13,6,36.,1,false,true,false,true,120.,96.,76.,64.,11.7732388144
1.12648301597,Sample,13,6,41.,1,false,true,false,true,120.,96.,76.,64.,11.7732388151
1.12648301597,Sample,13,6,46.,1,false,true,false,true,120.,96.,76.,64.,11.7732388151
1.12648301597,Sample,13,6,51.,1,false,true,false,true,120.,96.,76.,64.,11.7732388151
1.20688290522,Sample,13,6,1.,1,false,true,false,true,12.,12.,62.,54.,0.
1.20688290522,Sample,13,6,6.,1,false,true,false,true,82.,74.,36.,36.,11.7793502014
1.20688290522,Sample,13,6,11.,1,false,true,false,true,84.,74.,38.,36.,12.201869889
1.20688290522,Sample,13,6,16.,1,false,true,false,true,84.,74.,38.,36.,12.2180059097
1.20688290522,Sample,13,6,21.,1,false,true,false,true,84.,74.,38.,36.,12.2186494569
1.20688290522,Sample,13,6,26.,1,false,true,false,true,84.,74.,38.,36.,12.2186759762
1.20688290522,Sample,13,6,31.,1,false,true,false,true,84.,74.,38.,36.,12.2186770985
1.20688290522,Sample,13,6,36.,1,false,true,false,true,84.,74.,38.,36.,12.2186771471
1.20688290522,Sample,13,6,41.,1,false,true,false,true,84.,74.,38.,36.,12.2186771492
1.20688290522,Sample,13,6,46.,1,false,true,false,true,84.,74.,38.,36.,12.2186771493
1.20688290522,Sample,13,6,51.,1,false,true,false,true,84.,74.,38.,36.,12.2186771493
0.923796208901,Voter,13,3,1.,1,false,true,false,true,4.,4.,14.,12.,0.
0.923796208901,Voter,13,3,6.,1,false,true,false,true,14.,12.,8.,8.,10.3032679491
0.923796208901,Voter,13,3,11.,1,false,true,false,true,14.,12.,8.,8.,10.4815848973
0.923796208901,Voter,13,3,16.,1,false,true,false,true,14.,12.,8.,8.,10.4849845367
0.923796208901,Voter,13,3,21.,1,false,true,false,true,14.,12.,8.,8.,10.4850534793
0.923796208901,Voter,13,3,26.,1,false,true,false,true,14.,12.,8.,8.,10.4850549433
0.923796208901,Voter,13,3,31.,1,false,true,false,true,14.,12.,8.,8.,10.4850549756
0.923796208901,Voter,13,3,36.,1,false,true,false,true,14.,12.,8.,8.,10.4850549763
0.923796208901,Voter,13,3,41.,1,false,true,false,true,14.,12.,8.,8.,10.4850549763
0.923796208901,Voter,13,3,46.,1,false,true,false,true,14.,12.,8.,8.,10.4850549763
0.923796208901,Voter,13,3,51.,1,false,true,false,true,14.,12.,8.,8.,10.4850549763
0.932575350554,Sample,13,7,1.,1,false,true,false,true,28.,26.,118.,100.,0.
0.932575350554,Sample,13,7,6.,1,false,true,false,true,144.,116.,98.,84.,10.3584854975
0.932575350554,Sample,13,7,11.,1,false,true,false,true,144.,118.,94.,80.,10.5427665164
0.932575350554,Sample,13,7,16.,1,false,true,false,true,144.,118.,94.,80.,10.5463728536
0.932575350554,Sample,13,7,21.,1,false,true,false,true,144.,118.,94.,80.,10.5464478675
0.932575350554,Sample,13,7,26.,1,false,true,false,true,144.,118.,94.,80.,10.5464495004
0.932575350554,Sample,13,7,31.,1,false,true,false,true,144.,118.,94.,80.,10.5464495373
0.932575350554,Sample,13,7,36.,1,false,true,false,true,144.,118.,94.,80.,10.5464495381
0.932575350554,Sample,13,7,41.,1,false,true,false,true,144.,118.,94.,80.,10.5464495382
0.932575350554,Sample,13,7,46.,1,false,true,false,true,144.,118.,94.,80.,10.5464495382
0.932575350554,Sample,13,7,51.,1,false,true,false,true,144.,118.,94.,80.,10.5464495382
1.29563298525,Voter,13,7,1.,1,false,true,false,true,16.,16.,64.,58.,0.
1.29563298525,Voter,13,7,6.,1,false,true,false,true,82.,74.,62.,58.,12.1305727222
1.29563298525,Voter,13,7,11.,1,false,true,false,true,88.,80.,60.,58.,12.6495171067
1.29563298525,Voter,13,7,16.,1,false,true,false,true,88.,80.,60.,58.,12.6729873748
1.29563298525,Voter,13,7,21.,1,false,true,false,true,88.,80.,60.,58.,12.6740914447
1.29563298525,Voter,13,7,26.,1,false,true,false,true,88.,80.,60.,58.,12.6741449554
1.29563298525,Voter,13,7,31.,1,false,true,false,true,88.,80.,60.,58.,12.6741476128
1.29563298525,Voter,13,7,36.,1,false,true,false,true,88.,80.,60.,58.,12.6741477475
1.29563298525,Voter,13,7,41.,1,false,true,false,true,88.,80.,60.,58.,12.6741477545
1.29563298525,Voter,13,7,46.,1,false,true,false,true,88.,80.,60.,58.,12.6741477548
1.29563298525,Voter,13,7,51.,1,false,true,false,true,88.,80.,60.,58.,12.6741477549
1.31145439031,Sample,13,6,1.,1,false,true,false,true,42.,40.,92.,78.,0.
1.31145439031,Sample,13,6,6.,1,false,true,false,true,130.,106.,100.,92.,12.1884297347
1.31145439031,Sample,13,6,11.,1,false,true,false,true,144.,116.,102.,96.,12.7254162365
1.31145439031,Sample,13,6,16.,1,false,true,false,true,146.,116.,104.,96.,12.7503992102
1.31145439031,Sample,13,6,21.,1,false,true,false,true,148.,118.,102.,94.,12.7516073573
1.31145439031,Sample,13,6,26.,1,false,true,false,true,148.,118.,102.,94.,12.7516675246
1.31145439031,Sample,13,6,31.,1,false,true,false,true,148.,118.,102.,94.,12.7516705936
1.31145439031,Sample,13,6,36.,1,false,true,false,true,148.,118.,102.,94.,12.7516707534
1.31145439031,Sample,13,6,41.,1,false,true,false,true,148.,118.,102.,94.,12.7516707619
1.31145439031,Sample,13,6,46.,1,false,true,false,true,148.,118.,102.,94.,12.7516707623
1.31145439031,Sample,13,6,51.,1,false,true,false,true,148.,118.,102.,94.,12.7516707623
0.819802509093,Sample,13,4,1.,1,false,true,false,true,24.,24.,40.,38.,0.
0.819802509093,Sample,13,4,6.,1,false,true,false,true,56.,48.,48.,46.,9.59516867792
0.819802509093,Sample,13,4,11.,1,false,true,false,true,56.,48.,48.,46.,9.71113738916
0.819802509093,Sample,13,4,16.,1,false,true,false,true,56.,48.,48.,46.,9.7127120462
0.819802509093,Sample,13,4,21.,1,false,true,false,true,56.,48.,48.,46.,9.71273502241
0.819802509093,Sample,13,4,26.,1,false,true,false,true,56.,48.,48.,46.,9.71273537617
0.819802509093,Sample,13,4,31.,1,false,true,false,true,56.,48.,48.,46.,9.71273538186
0.819802509093,Sample,13,4,36.,1,false,true,false,true,56.,48.,48.,46.,9.71273538195
0.819802509093,Sample,13,4,41.,1,false,true,false,true,56.,48.,48.,46.,9.71273538195
0.819802509093,Sample,13,4,46.,1,false,true,false,true,56.,48.,48.,46.,9.71273538195
0.819802509093,Sample,13,4,51.,1,false,true,false,true,56.,48.,48.,46.,9.71273538195
1.24775259755,Sample,13,4,1.,1,false,true,false,true,24.,22.,50.,42.,0.
1.24775259755,Sample,13,4,6.,1,false,true,false,true,72.,56.,70.,58.,11.9468588632
1.24775259755,Sample,13,4,11.,1,false,true,false,true,70.,58.,68.,58.,12.4127431883
1.24775259755,Sample,13,4,16.,1,false,true,false,true,70.,58.,68.,58.,12.4320205186
1.24775259755,Sample,13,4,21.,1,false,true,false,true,70.,58.,68.,58.,12.4328519191
1.24775259755,Sample,13,4,26.,1,false,true,false,true,70.,58.,68.,58.,12.4328889172
1.24775259755,Sample,13,4,31.,1,false,true,false,true,70.,58.,68.,58.,12.4328906063
1.24775259755,Sample,13,4,36.,1,false,true,false,true,70.,58.,68.,58.,12.4328906851
1.24775259755,Sample,13,4,41.,1,false,true,false,true,70.,58.,68.,58.,12.4328906888
1.24775259755,Sample,13,4,46.,1,false,true,false,true,70.,58.,68.,58.,12.432890689
1.24775259755,Sample,13,4,51.,1,false,true,false,true,70.,58.,68.,58.,12.432890689
0.981931465785,Voter,13,5,1.,1,false,true,false,true,2.,2.,30.,28.,0.
0.981931465785,Voter,13,5,6.,1,false,true,false,true,42.,42.,14.,14.,10.6565961266
0.981931465785,Voter,13,5,11.,1,false,true,false,true,42.,42.,14.,14.,10.8764122718
0.981931465785,Voter,13,5,16.,1,false,true,false,true,42.,42.,14.,14.,10.8813627699
0.981931465785,Voter,13,5,21.,1,false,true,false,true,42.,42.,14.,14.,10.8814808063
0.981931465785,Voter,13,5,26.,1,false,true,false,true,42.,42.,14.,14.,10.8814837431
0.981931465785,Voter,13,5,31.,1,false,true,false,true,42.,42.,14.,14.,10.8814838187
0.981931465785,Voter,13,5,36.,1,false,true,false,true,42.,42.,14.,14.,10.8814838207
0.981931465785,Voter,13,5,41.,1,false,true,false,true,42.,42.,14.,14.,10.8814838208
0.981931465785,Voter,13,5,46.,1,false,true,false,true,42.,42.,14.,14.,10.8814838208
0.981931465785,Voter,13,5,51.,1,false,true,false,true,42.,42.,14.,14.,10.8814838208
0.894689383441,Voter,13,4,1.,1,false,true,false,true,12.,10.,8.,8.,0.
0.894689383441,Voter,13,4,6.,1,false,true,false,true,32.,28.,12.,12.,10.1152821461
0.894689383441,Voter,13,4,11.,1,false,true,false,true,32.,28.,12.,12.,10.2746032427
0.894689383441,Voter,13,4,16.,1,false,true,false,true,32.,28.,12.,12.,10.2773813691
0.894689383441,Voter,13,4,21.,1,false,true,false,true,32.,28.,12.,12.,10.2774330312
0.894689383441,Voter,13,4,26.,1,false,true,false,true,32.,28.,12.,12.,10.2774340392
0.894689383441,Voter,13,4,31.,1,false,true,false,true,32.,28.,12.,12.,10.2774340596
0.894689383441,Voter,13,4,36.,1,false,true,false,true,32.,28.,12.,12.,10.27743406
0.894689383441,Voter,13,4,41.,1,false,true,false,true,32.,28.,12.,12.,10.27743406
0.894689383441,Voter,13,4,46.,1,false,true,false,true,32.,28.,12.,12.,10.27743406
0.894689383441,Voter,13,4,51.,1,false,true,false,true,32.,28.,12.,12.,10.27743406
1.05542696022,Sample,13,6,1.,1,false,true,false,true,56.,50.,86.,80.,0.
1.05542696022,Sample,13,6,6.,1,false,true,false,true,144.,118.,118.,100.,11.0638206836
1.05542696022,Sample,13,6,11.,1,false,true,false,true,148.,120.,118.,98.,11.3427319359
1.05542696022,Sample,13,6,16.,1,false,true,false,true,148.,120.,118.,98.,11.3503349815
1.05542696022,Sample,13,6,21.,1,false,true,false,true,148.,120.,118.,98.,11.3505532807
1.05542696022,Sample,13,6,26.,1,false,true,false,true,148.,120.,118.,98.,11.3505597964
1.05542696022,Sample,13,6,31.,1,false,true,false,true,148.,120.,118.,98.,11.3505599972
1.05542696022,Sample,13,6,36.,1,false,true,false,true,148.,120.,118.,98.,11.3505600035
1.05542696022,Sample,13,6,41.,1,false,true,false,true,148.,120.,118.,98.,11.3505600037
1.05542696022,Sample,13,6,46.,1,false,true,false,true,148.,120.,118.,98.,11.3505600037
1.05542696022,Sample,13,6,51.,1,false,true,false,true,148.,120.,118.,98.,11.3505600037
0.947147169892,Sample,13,4,1.,1,false,true,false,true,12.,12.,24.,24.,0.
0.947147169892,Sample,13,4,6.,1,false,true,false,true,44.,42.,24.,24.,10.4486541042
0.947147169892,Sample,13,4,11.,1,false,true,false,true,46.,44.,22.,22.,10.643073241
0.947147169892,Sample,13,4,16.,1,false,true,false,true,46.,44.,22.,22.,10.6470434867
0.947147169892,Sample,13,4,21.,1,false,true,false,true,46.,44.,22.,22.,10.6471295583
0.947147169892,Sample,13,4,26.,1,false,true,false,true,46.,44.,22.,22.,10.6471315093
0.947147169892,Sample,13,4,31.,1,false,true,false,true,46.,44.,22.,22.,10.6471315552
0.947147169892,Sample,13,4,36.,1,false,true,false,true,46.,44.,22.,22.,10.6471315563
0.947147169892,Sample,13,4,41.,1,false,true,false,true,46.,44.,22.,22.,10.6471315563
0.947147169892,Sample,13,4,46.,1,false,true,false,true,46.,44.,22.,22.,10.6471315563
0.947147169892,Sample,13,4,51.,1,false,true,false,true,46.,44.,22.,22.,10.6471315563
1.04357165882,Sample,13,5,1.,1,false,true,false,true,38.,34.,70.,62.,0.
1.04357165882,Sample,13,5,6.,1,false,true,false,true,102.,90.,106.,98.,11.0009661552
1.04357165882,Sample,13,5,11.,1,false,true,false,true,102.,90.,106.,98.,11.2698555933
1.04357165882,Sample,13,5,16.,1,false,true,false,true,102.,90.,106.,98.,11.2769727331
1.04357165882,Sample,13,5,21.,1,false,true,false,true,102.,90.,106.,98.,11.2771713052
1.04357165882,Sample,13,5,26.,1,false,true,false,true,102.,90.,106.,98.,11.2771770679
1.04357165882,Sample,13,5,31.,1,false,true,false,true,102.,90.,106.,98.,11.2771772406
1.04357165882,Sample,13,5,36.,1,false,true,false,true,102.,90.,106.,98.,11.2771772459
1.04357165882,Sample,13,5,41.,1,false,true,false,true,102.,90.,106.,98.,11.2771772461
1.04357165882,Sample,13,5,46.,1,false,true,false,true,102.,90.,106.,98.,11.2771772461
1.04357165882,Sample,13,5,51.,1,false,true,false,true,102.,90.,106.,98.,11.2771772461
0.957318286958,Sample,13,3,1.,1,false,true,false,true,2.,2.,14.,12.,0.
0.957318286958,Sample,13,3,6.,1,false,true,false,true,16.,14.,0.,0.,10.510510625
0.957318286958,Sample,13,3,11.,1,false,true,false,true,16.,14.,0.,0.,10.7121821122
0.957318286958,Sample,13,3,16.,1,false,true,false,true,16.,14.,0.,0.,10.7164223161
0.957318286958,Sample,13,3,21.,1,false,true,false,true,16.,14.,0.,0.,10.7165168824
0.957318286958,Sample,13,3,26.,1,false,true,false,true,16.,14.,0.,0.,10.7165190863
0.957318286958,Sample,13,3,31.,1,false,true,false,true,16.,14.,0.,0.,10.7165191395
0.957318286958,Sample,13,3,36.,1,false,true,false,true,16.,14.,0.,0.,10.7165191409
0.957318286958,Sample,13,3,41.,1,false,true,false,true,16.,14.,0.,0.,10.7165191409
0.957318286958,Sample,13,3,46.,1,false,true,false,true,16.,14.,0.,0.,10.7165191409
0.957318286958,Sample,13,3,51.,1,false,true,false,true,16.,14.,0.,0.,10.7165191409
1.36541567587,Voter,13,3,1.,1,false,true,false,true,6.,6.,8.,6.,0.
1.36541567587,Voter,13,3,6.,1,false,true,false,true,14.,12.,0.,0.,12.3756072946
1.36541567587,Voter,13,3,11.,1,false,true,false,true,14.,12.,0.,0.,12.9759194889
1.36541567587,Voter,13,3,16.,1,false,true,false,true,14.,12.,0.,0.,13.006558893
1.36541567587,Voter,13,3,21.,1,false,true,false,true,14.,12.,0.,0.,13.0081809055
1.36541567587,Voter,13,3,26.,1,false,true,false,true,14.,12.,0.,0.,13.008269203
1.36541567587,Voter,13,3,31.,1,false,true,false,true,14.,12.,0.,0.,13.0082741202
1.36541567587,Voter,13,3,36.,1,false,true,false,true,14.,12.,0.,0.,13.0082743994
1.36541567587,Voter,13,3,41.,1,false,true,false,true,14.,12.,0.,0.,13.0082744155
1.36541567587,Voter,13,3,46.,1,false,true,false,true,14.,12.,0.,0.,13.0082744165
1.36541567587,Voter,13,3,51.,1,false,true,false,true,14.,12.,0.,0.,13.0082744165
1.1162774279,Voter,13,6,1.,1,false,true,false,true,30.,28.,34.,32.,0.
1.1162774279,Voter,13,6,6.,1,false,true,false,true,60.,52.,28.,26.,11.3702145641
1.1162774279,Voter,13,6,11.,1,false,true,false,true,62.,54.,30.,28.,11.7034301056
1.1162774279,Voter,13,6,16.,1,false,true,false,true,62.,54.,30.,28.,11.7139175203
1.1162774279,Voter,13,6,21.,1,false,true,false,true,62.,54.,30.,28.,11.7142638885
1.1162774279,Voter,13,6,26.,1,false,true,false,true,62.,54.,30.,28.,11.7142757487
1.1162774279,Voter,13,6,31.,1,false,true,false,true,62.,54.,30.,28.,11.714276167
1.1162774279,Voter,13,6,36.,1,false,true,false,true,62.,54.,30.,28.,11.7142761821
1.1162774279,Voter,13,6,41.,1,false,true,false,true,62.,54.,30.,28.,11.7142761827
1.1162774279,Voter,13,6,46.,1,false,true,false,true,62.,54.,30.,28.,11.7142761827
1.1162774279,Voter,13,6,51.,1,false,true,false,true,62.,54.,30.,28.,11.7142761827
0.879001305167,Sample,13,6,1.,1,false,true,false,true,58.,56.,148.,124.,0.
0.879001305167,Sample,13,6,6.,1,false,true,false,true,182.,142.,216.,168.,10.0107558888
0.879001305167,Sample,13,6,11.,1,false,true,false,true,184.,144.,214.,166.,10.1603359905
0.879001305167,Sample,13,6,16.,1,false,true,false,true,184.,144.,214.,166.,10.1628173936
0.879001305167,Sample,13,6,21.,1,false,true,false,true,184.,144.,214.,166.,10.1628613582
0.879001305167,Sample,13,6,26.,1,false,true,false,true,184.,144.,214.,166.,10.1628621764
0.879001305167,Sample,13,6,31.,1,false,true,false,true,184.,144.,214.,166.,10.1628621922
0.879001305167,Sample,13,6,36.,1,false,true,false,true,184.,144.,214.,166.,10.1628621925
0.879001305167,Sample,13,6,41.,1,false,true,false,true,184.,144.,214.,166.,10.1628621925
0.879001305167,Sample,13,6,46.,1,false,true,false,true,184.,144.,214.,166.,10.1628621925
0.879001305167,Sample,13,6,51.,1,false,true,false,true,184.,144.,214.,166.,10.1628621925
1.0364532427,Sample,13,4,1.,1,false,true,false,true,20.,20.,42.,36.,0.
1.0364532427,Sample,13,4,6.,1,false,true,false,true,50.,44.,44.,44.,10.9627138565
1.0364532427,Sample,13,4,11.,1,false,true,false,true,50.,44.,44.,44.,11.2256751089
1.0364532427,Sample,13,4,16.,1,false,true,false,true,50.,44.,44.,44.,11.232511702
1.0364532427,Sample,13,4,21.,1,false,true,false,true,50.,44.,44.,44.,11.2326991478
1.0364532427,Sample,13,4,26.,1,false,true,false,true,50.,44.,44.,44.,11.2327044953
1.0364532427,Sample,13,4,31.,1,false,true,false,true,50.,44.,44.,44.,11.2327046529
1.0364532427,Sample,13,4,36.,1,false,true,false,true,50.,44.,44.,44.,11.2327046577
1.0364532427,Sample,13,4,41.,1,false,true,false,true,50.,44.,44.,44.,11.2327046579
1.0364532427,Sample,13,4,46.,1,false,true,false,true,50.,44.,44.,44.,11.2327046579
1.0364532427,Sample,13,4,51.,1,false,true,false,true,50.,44.,44.,44.,11.2327046579
1.21090323379,Sample,13,3,1.,1,false,true,false,true,0.,0.,8.,8.,0.
1.21090323379,Sample,13,3,6.,1,false,true,false,true,8.,8.,0.,0.,11.7962798504
1.21090323379,Sample,13,3,11.,1,false,true,false,true,8.,8.,0.,0.,12.222983567
1.21090323379,Sample,13,3,16.,1,false,true,false,true,8.,8.,0.,0.,12.2394114133
1.21090323379,Sample,13,3,21.,1,false,true,false,true,8.,8.,0.,0.,12.2400717783
1.21090323379,Sample,13,3,26.,1,false,true,false,true,8.,8.,0.,0.,12.2400992019
1.21090323379,Sample,13,3,31.,1,false,true,false,true,8.,8.,0.,0.,12.2401003714
1.21090323379,Sample,13,3,36.,1,false,true,false,true,8.,8.,0.,0.,12.2401004224
1.21090323379,Sample,13,3,41.,1,false,true,false,true,8.,8.,0.,0.,12.2401004246
1.21090323379,Sample,13,3,46.,1,false,true,false,true,8.,8.,0.,0.,12.2401004247
1.21090323379,Sample,13,3,51.,1,false,true,false,true,8.,8.,0.,0.,12.2401004248
1.2468557016,Voter,13,6,1.,1,false,true,false,true,24.,22.,46.,46.,0.
1.2468557016,Voter,13,6,6.,1,false,true,false,true,80.,66.,34.,32.,11.9432906284
1.2468557016,Voter,13,6,11.,1,false,true,false,true,80.,66.,34.,32.,12.4082038375
1.2468557016,Voter,13,6,16.,1,false,true,false,true,80.,66.,34.,32.,12.427408
1.2468557016,Voter,13,6,21.,1,false,true,false,true,80.,66.,34.,32.,12.4282348587
1.2468557016,Voter,13,6,26.,1,false,true,false,true,80.,66.,34.,32.,12.4282715942
1.2468557016,Voter,13,6,31.,1,false,true,false,true,80.,66.,34.,32.,12.4282732685
1.2468557016,Voter,13,6,36.,1,false,true,false,true,80.,66.,34.,32.,12.4282733465
1.2468557016,Voter,13,6,41.,1,false,true,false,true,80.,66.,34.,32.,12.4282733502
1.2468557016,Voter,13,6,46.,1,false,true,false,true,80.,66.,34.,32.,12.4282733504
1.2468557016,Voter,13,6,51.,1,false,true,false,true,80.,66.,34.,32.,12.4282733504
1.2409744074,Sample,13,5,1.,1,false,true,false,true,34.,32.,98.,82.,0.
1.2409744074,Sample,13,5,6.,1,false,true,false,true,122.,98.,146.,114.,11.9197741264
1.2409744074,Sample,13,5,11.,1,false,true,false,true,126.,102.,150.,116.,12.3783406699
1.2409744074,Sample,13,5,16.,1,false,true,false,true,126.,102.,150.,116.,12.3970698232
1.2409744074,Sample,13,5,21.,1,false,true,false,true,126.,102.,150.,116.,12.3978673841
1.2409744074,Sample,13,5,26.,1,false,true,false,true,126.,102.,150.,116.,12.3979024359
1.2409744074,Sample,13,5,31.,1,false,true,false,true,126.,102.,150.,116.,12.3979040165
1.2409744074,Sample,13,5,36.,1,false,true,false,true,126.,102.,150.,116.,12.3979040893
1.2409744074,Sample,13,5,41.,1,false,true,false,true,126.,102.,150.,116.,12.3979040927
1.2409744074,Sample,13,5,46.,1,false,true,false,true,126.,102.,150.,116.,12.3979040929
1.2409744074,Sample,13,5,51.,1,false,true,false,true,126.,102.,150.,116.,12.3979040929
1.33715149365,Voter,13,5,1.,1,false,true,false,true,16.,16.,32.,30.,0.
1.33715149365,Voter,13,5,6.,1,false,true,false,true,44.,40.,16.,16.,12.2794920309
1.33715149365,Voter,13,5,11.,1,false,true,false,true,44.,40.,16.,16.,12.8462974602
1.33715149365,Voter,13,5,16.,1,false,true,false,true,44.,40.,16.,16.,12.8738767985
1.33715149365,Voter,13,5,21.,1,false,true,false,true,44.,40.,16.,16.,12.8752702076
1.33715149365,Voter,13,5,26.,1,false,true,false,true,44.,40.,16.,16.,12.8753426553
1.33715149365,Voter,13,5,31.,1,false,true,false,true,44.,40.,16.,16.,12.8753465111
1.33715149365,Voter,13,5,36.,1,false,true,false,true,44.,40.,16.,16.,12.8753467204
1.33715149365,Voter,13,5,41.,1,false,true,false,true,44.,40.,16.,16.,12.875346732
1.33715149365,Voter,13,5,46.,1,false,true,false,true,44.,40.,16.,16.,12.8753467327
1.33715149365,Voter,13,5,51.,1,false,true,false,true,44.,40.,16.,16.,12.8753467327
0.975563327221,Voter,13,5,1.,1,false,true,false,true,38.,32.,60.,56.,0.
0.975563327221,Voter,13,5,6.,1,false,true,false,true,106.,86.,100.,86.,10.6192825195
0.975563327221,Voter,13,5,11.,1,false,true,false,true,106.,86.,100.,86.,10.8343237634
0.975563327221,Voter,13,5,16.,1,false,true,false,true,106.,86.,100.,86.,10.8390825335
0.975563327221,Voter,13,5,21.,1,false,true,false,true,106.,86.,100.,86.,10.83919408
0.975563327221,Voter,13,5,26.,1,false,true,false,true,106.,86.,100.,86.,10.8391968093
0.975563327221,Voter,13,5,31.,1,false,true,false,true,106.,86.,100.,86.,10.8391968785
0.975563327221,Voter,13,5,36.,1,false,true,false,true,106.,86.,100.,86.,10.8391968803
0.975563327221,Voter,13,5,41.,1,false,true,false,true,106.,86.,100.,86.,10.8391968803
0.975563327221,Voter,13,5,46.,1,false,true,false,true,106.,86.,100.,86.,10.8391968803
0.975563327221,Voter,13,5,51.,1,false,true,false,true,106.,86.,100.,86.,10.8391968803
1.38543336631,Sample,13,7,1.,1,false,true,false,true,86.,74.,172.,142.,0.
1.38543336631,Sample,13,7,6.,1,false,true,false,true,224.,174.,278.,198.,12.4411916703
1.38543336631,Sample,13,7,11.,1,false,true,false,true,240.,180.,282.,202.,13.0656655051
1.38543336631,Sample,13,7,16.,1,false,true,false,true,240.,180.,282.,202.,13.0986048392
1.38543336631,Sample,13,7,21.,1,false,true,false,true,240.,180.,282.,202.,13.1004056274
1.38543336631,Sample,13,7,26.,1,false,true,false,true,240.,180.,282.,202.,13.1005068099
1.38543336631,Sample,13,7,31.,1,false,true,false,true,240.,180.,282.,202.,13.1005126235
1.38543336631,Sample,13,7,36.,1,false,true,false,true,240.,180.,282.,202.,13.1005129639
1.38543336631,Sample,13,7,41.,1,false,true,false,true,240.,180.,282.,202.,13.1005129842
1.38543336631,Sample,13,7,46.,1,false,true,false,true,240.,180.,282.,202.,13.1005129854
1.38543336631,Sample,13,7,51.,1,false,true,false,true,240.,180.,282.,202.,13.1005129855
1.00816848686,Voter,13,7,1.,1,false,true,false,true,42.,34.,68.,60.,0.
1.00816848686,Voter,13,7,6.,1,false,true,false,true,104.,88.,54.,52.,10.8068495723
1.00816848686,Voter,13,7,11.,1,false,true,false,true,104.,88.,54.,52.,11.0469251253
1.00816848686,Voter,13,7,16.,1,false,true,false,true,104.,88.,54.,52.,11.0527269807
1.00816848686,Voter,13,7,21.,1,false,true,false,true,104.,88.,54.,52.,11.0528751391
1.00816848686,Voter,13,7,26.,1,false,true,false,true,104.,88.,54.,52.,11.0528790815
1.00816848686,Voter,13,7,31.,1,false,true,false,true,104.,88.,54.,52.,11.05287919
1.00816848686,Voter,13,7,36.,1,false,true,false,true,104.,88.,54.,52.,11.052879193
1.00816848686,Voter,13,7,41.,1,false,true,false,true,104.,88.,54.,52.,11.0528791931
1.00816848686,Voter,13,7,46.,1,false,true,false,true,104.,88.,54.,52.,11.0528791931
1.00816848686,Voter,13,7,51.,1,false,true,false,true,104.,88.,54.,52.,11.0528791931
1.14960669302,Sample,13,7,1.,1,false,true,false,true,56.,48.,110.,96.,0.
1.14960669302,Sample,13,7,6.,1,false,true,false,true,212.,164.,198.,158.,11.5270141047
1.14960669302,Sample,13,7,11.,1,false,true,false,true,220.,170.,198.,158.,11.8919428231
1.14960669302,Sample,13,7,16.,1,false,true,false,true,220.,170.,198.,158.,11.9043084811
1.14960669302,Sample,13,7,21.,1,false,true,false,true,220.,170.,198.,158.,11.9047473585
1.14960669302,Sample,13,7,26.,1,false,true,false,true,220.,170.,198.,158.,11.9047634863
1.14960669302,Sample,13,7,31.,1,false,true,false,true,220.,170.,198.,158.,11.904764096
1.14960669302,Sample,13,7,36.,1,false,true,false,true,220.,170.,198.,158.,11.9047641196
1.14960669302,Sample,13,7,41.,1,false,true,false,true,220.,170.,198.,158.,11.9047641206
1.14960669302,Sample,13,7,46.,1,false,true,false,true,220.,170.,198.,158.,11.9047641206
1.14960669302,Sample,13,7,51.,1,false,true,false,true,220.,170.,198.,158.,11.9047641206
1.22062553297,Sample,13,3,1.,1,false,true,false,true,8.,8.,14.,14.,0.
1.22062553297,Sample,13,3,6.,1,false,true,false,true,28.,26.,26.,26.,11.8368085143
1.22062553297,Sample,13,3,11.,1,false,true,false,true,28.,26.,26.,26.,12.2737049769
1.22062553297,Sample,13,3,16.,1,false,true,false,true,28.,26.,26.,26.,12.2908538316
1.22062553297,Sample,13,3,21.,1,false,true,false,true,28.,26.,26.,26.,12.2915563169
1.22062553297,Sample,13,3,26.,1,false,true,false,true,28.,26.,26.,26.,12.2915860358
1.22062553297,Sample,13,3,31.,1,false,true,false,true,28.,26.,26.,26.,12.2915873265
1.22062553297,Sample,13,3,36.,1,false,true,false,true,28.,26.,26.,26.,12.2915873838
1.22062553297,Sample,13,3,41.,1,false,true,false,true,28.,26.,26.,26.,12.2915873864
1.22062553297,Sample,13,3,46.,1,false,true,false,true,28.,26.,26.,26.,12.2915873865
1.22062553297,Sample,13,3,51.,1,false,true,false,true,28.,26.,26.,26.,12.2915873865
1.38337271019,Voter,13,3,1.,1,false,true,false,true,6.,6.,2.,2.,0.
1.38337271019,Voter,13,3,6.,1,false,true,false,true,12.,12.,4.,4.,12.4345338016
1.38337271019,Voter,13,3,11.,1,false,true,false,true,12.,12.,4.,4.,13.056504334
1.38337271019,Voter,13,3,16.,1,false,true,false,true,12.,12.,4.,4.,13.089201756
1.38337271019,Voter,13,3,21.,1,false,true,false,true,12.,12.,4.,4.,13.0909834672
1.38337271019,Voter,13,3,26.,1,false,true,false,true,12.,12.,4.,4.,13.0910832553
1.38337271019,Voter,13,3,31.,1,false,true,false,true,12.,12.,4.,4.,13.0910889706
1.38337271019,Voter,13,3,36.,1,false,true,false,true,12.,12.,4.,4.,13.0910893042
1.38337271019,Voter,13,3,41.,1,false,true,false,true,12.,12.,4.,4.,13.091089324
1.38337271019,Voter,13,3,46.,1,false,true,false,true,12.,12.,4.,4.,13.0910893252
1.38337271019,Voter,13,3,51.,1,false,true,false,true,12.,12.,4.,4.,13.0910893253
1.13950471711,Sample,13,7,1.,1,false,true,false,true,78.,68.,162.,130.,0.
1.13950471711,Sample,13,7,6.,1,false,true,false,true,206.,166.,202.,162.,11.4802843661
1.13950471711,Sample,13,7,11.,1,false,true,false,true,210.,170.,202.,166.,11.8354576969
1.13950471711,Sample,13,7,16.,1,false,true,false,true,210.,170.,202.,166.,11.8472305063
1.13950471711,Sample,13,7,21.,1,false,true,false,true,210.,170.,202.,166.,11.8476394626
1.13950471711,Sample,13,7,26.,1,false,true,false,true,210.,170.,202.,166.,11.8476541772
1.13950471711,Sample,13,7,31.,1,false,true,false,true,210.,170.,202.,166.,11.8476547221
1.13950471711,Sample,13,7,36.,1,false,true,false,true,210.,170.,202.,166.,11.8476547428
1.13950471711,Sample,13,7,41.,1,false,true,false,true,210.,170.,202.,166.,11.8476547436
1.13950471711,Sample,13,7,46.,1,false,true,false,true,210.,170.,202.,166.,11.8476547436
1.13950471711,Sample,13,7,51.,1,false,true,false,true,210.,170.,202.,166.,11.8476547436
1.28198752172,Voter,13,5,1.,1,false,true,false,true,8.,8.,44.,40.,0.
1.28198752172,Voter,13,5,6.,1,false,true,false,true,46.,40.,26.,26.,12.0795520369
1.28198752172,Voter,13,5,11.,1,false,true,false,true,46.,40.,26.,26.,12.5831353488
1.28198752172,Voter,13,5,16.,1,false,true,false,true,46.,40.,26.,26.,12.605352413
1.28198752172,Voter,13,5,21.,1,false,true,false,true,46.,40.,26.,26.,12.6063724979
1.28198752172,Voter,13,5,26.,1,false,true,false,true,46.,40.,26.,26.,12.6064207735
1.28198752172,Voter,13,5,31.,1,false,true,false,true,46.,40.,26.,26.,12.6064231152
1.28198752172,Voter,13,5,36.,1,false,true,false,true,46.,40.,26.,26.,12.6064232312
1.28198752172,Voter,13,5,41.,1,false,true,false,true,46.,40.,26.,26.,12.6064232371
1.28198752172,Voter,13,5,46.,1,false,true,false,true,46.,40.,26.,26.,12.6064232374
1.28198752172,Voter,13,5,51.,1,false,true,false,true,46.,40.,26.,26.,12.6064232374
0.854140781547,Sample,13,7,1.,1,false,true,false,true,46.,42.,96.,82.,0.
0.854140781547,Sample,13,7,6.,1,false,true,false,true,138.,124.,92.,86.,9.84037703266
0.854140781547,Sample,13,7,11.,1,false,true,false,true,140.,124.,90.,84.,9.97523628254
0.854140781547,Sample,13,7,16.,1,false,true,false,true,140.,124.,90.,84.,9.97729798819
0.854140781547,Sample,13,7,21.,1,false,true,false,true,140.,124.,90.,84.,9.97733173438
0.854140781547,Sample,13,7,26.,1,false,true,false,true,140.,124.,90.,84.,9.97733231561
0.854140781547,Sample,13,7,31.,1,false,true,false,true,140.,124.,90.,84.,9.97733232605
0.854140781547,Sample,13,7,36.,1,false,true,false,true,140.,124.,90.,84.,9.97733232624
0.854140781547,Sample,13,7,41.,1,false,true,false,true,140.,124.,90.,84.,9.97733232624
0.854140781547,Sample,13,7,46.,1,false,true,false,true,140.,124.,90.,84.,9.97733232624
0.854140781547,Sample,13,7,51.,1,false,true,false,true,140.,124.,90.,84.,9.97733232624
0.933449693409,Sample,13,4,1.,1,false,true,false,true,12.,12.,18.,18.,0.
0.933449693409,Sample,13,4,6.,1,false,true,false,true,28.,22.,2.,2.,10.3639477949
0.933449693409,Sample,13,4,11.,1,false,true,false,true,28.,22.,2.,2.,10.5488287273
0.933449693409,Sample,13,4,16.,1,false,true,false,true,28.,22.,2.,2.,10.5524561594
0.933449693409,Sample,13,4,21.,1,false,true,false,true,28.,22.,2.,2.,10.5525318015
0.933449693409,Sample,13,4,26.,1,false,true,false,true,28.,22.,2.,2.,10.5525334522
0.933449693409,Sample,13,4,31.,1,false,true,false,true,28.,22.,2.,2.,10.5525334896
0.933449693409,Sample,13,4,36.,1,false,true,false,true,28.,22.,2.,2.,10.5525334904
0.933449693409,Sample,13,4,41.,1,false,true,false,true,28.,22.,2.,2.,10.5525334905
0.933449693409,Sample,13,4,46.,1,false,true,false,true,28.,22.,2.,2.,10.5525334905
0.933449693409,Sample,13,4,51.,1,false,true,false,true,28.,22.,2.,2.,10.5525334905
1.0254140481,Voter,13,7,1.,1,false,true,false,true,30.,28.,54.,50.,0.
1.0254140481,Voter,13,7,6.,1,false,true,false,true,94.,76.,46.,42.,10.9026233016
1.0254140481,Voter,13,7,11.,1,false,true,false,true,96.,78.,44.,40.,11.1565246948
1.0254140481,Voter,13,7,16.,1,false,true,false,true,96.,78.,44.,40.,11.1629424604
1.0254140481,Voter,13,7,21.,1,false,true,false,true,96.,78.,44.,40.,11.1631136657
1.0254140481,Voter,13,7,26.,1,false,true,false,true,96.,78.,44.,40.,11.1631184206
1.0254140481,Voter,13,7,31.,1,false,true,false,true,96.,78.,44.,40.,11.163118557
1.0254140481,Voter,13,7,36.,1,false,true,false,true,96.,78.,44.,40.,11.1631185611
1.0254140481,Voter,13,7,41.,1,false,true,false,true,96.,78.,44.,40.,11.1631185612
1.0254140481,Voter,13,7,46.,1,false,true,false,true,96.,78.,44.,40.,11.1631185612
1.0254140481,Voter,13,7,51.,1,false,true,false,true,96.,78.,44.,40.,11.1631185612
1.3030779356,Voter,13,7,1.,1,false,true,false,true,28.,26.,56.,54.,0.
1.3030779356,Voter,13,7,6.,1,false,true,false,true,92.,78.,52.,50.,12.1579703947
1.3030779356,Voter,13,7,11.,1,false,true,false,true,94.,80.,50.,48.,12.6853740736
1.3030779356,Voter,13,7,16.,1,false,true,false,true,94.,80.,50.,48.,12.7095481167
1.3030779356,Voter,13,7,21.,1,false,true,false,true,94.,80.,50.,48.,12.7107002456
1.3030779356,Voter,13,7,26.,1,false,true,false,true,94.,80.,50.,48.,12.7107568074
1.3030779356,Voter,13,7,31.,1,false,true,false,true,94.,80.,50.,48.,12.7107596521
1.3030779356,Voter,13,7,36.,1,false,true,false,true,94.,80.,50.,48.,12.7107597982
1.3030779356,Voter,13,7,41.,1,false,true,false,true,94.,80.,50.,48.,12.7107598058
1.3030779356,Voter,13,7,46.,1,false,true,false,true,94.,80.,50.,48.,12.7107598062
1.3030779356,Voter,13,7,51.,1,false,true,false,true,94.,80.,50.,48.,12.7107598062
1.05510368728,Voter,13,7,1.,1,false,true,false,true,38.,36.,64.,58.,0.
1.05510368728,Voter,13,7,6.,1,false,true,false,true,98.,82.,44.,38.,11.0621207709
1.05510368728,Voter,13,7,11.,1,false,true,false,true,96.,80.,42.,36.,11.3407562921
1.05510368728,Voter,13,7,16.,1,false,true,false,true,96.,80.,42.,36.,11.3483457738
1.05510368728,Voter,13,7,21.,1,false,true,false,true,96.,80.,42.,36.,11.3485635146
1.05510368728,Voter,13,7,26.,1,false,true,false,true,96.,80.,42.,36.,11.3485700088
1.05510368728,Voter,13,7,31.,1,false,true,false,true,96.,80.,42.,36.,11.3485702087
1.05510368728,Voter,13,7,36.,1,false,true,false,true,96.,80.,42.,36.,11.348570215
1.05510368728,Voter,13,7,41.,1,false,true,false,true,96.,80.,42.,36.,11.3485702153
1.05510368728,Voter,13,7,46.,1,false,true,false,true,96.,80.,42.,36.,11.3485702153
1.05510368728,Voter,13,7,51.,1,false,true,false,true,96.,80.,42.,36.,11.3485702153
0.912914994033,Sample,13,5,1.,1,false,true,false,true,46.,44.,84.,72.,0.
0.912914994033,Sample,13,5,6.,1,false,true,false,true,108.,98.,118.,108.,10.2338831828
0.912914994033,Sample,13,5,11.,1,false,true,false,true,110.,98.,120.,108.,10.4049586841
0.912914994033,Sample,13,5,16.,1,false,true,false,true,110.,98.,120.,108.,10.4081147569
0.912914994033,Sample,13,5,21.,1,false,true,false,true,110.,98.,120.,108.,10.4081767485
0.912914994033,Sample,13,5,26.,1,false,true,false,true,110.,98.,120.,108.,10.4081780244
0.912914994033,Sample,13,5,31.,1,false,true,false,true,110.,98.,120.,108.,10.4081780517
0.912914994033,Sample,13,5,36.,1,false,true,false,true,110.,98.,120.,108.,10.4081780523
0.912914994033,Sample,13,5,41.,1,false,true,false,true,110.,98.,120.,108.,10.4081780523
0.912914994033,Sample,13,5,46.,1,false,true,false,true,110.,98.,120.,108.,10.4081780523
0.912914994033,Sample,13,5,51.,1,false,true,false,true,110.,98.,120.,108.,10.4081780523
0.88910183001,Voter,13,4,1.,1,false,true,false,true,12.,12.,20.,18.,0.
0.88910183001,Voter,13,4,6.,1,false,true,false,true,22.,20.,10.,10.,10.0783147685
0.88910183001,Voter,13,4,11.,1,false,true,false,true,22.,20.,10.,10.,10.2341264367
0.88910183001,Voter,13,4,16.,1,false,true,false,true,22.,20.,10.,10.,10.2367959307
0.88910183001,Voter,13,4,21.,1,false,true,false,true,22.,20.,10.,10.,10.2368447313
0.88910183001,Voter,13,4,26.,1,false,true,false,true,22.,20.,10.,10.,10.2368456676
0.88910183001,Voter,13,4,31.,1,false,true,false,true,22.,20.,10.,10.,10.2368456863
0.88910183001,Voter,13,4,36.,1,false,true,false,true,22.,20.,10.,10.,10.2368456867
0.88910183001,Voter,13,4,41.,1,false,true,false,true,22.,20.,10.,10.,10.2368456867
0.88910183001,Voter,13,4,46.,1,false,true,false,true,22.,20.,10.,10.,10.2368456867
0.88910183001,Voter,13,4,51.,1,false,true,false,true,22.,20.,10.,10.,10.2368456867
1.03146070828,Sample,13,4,1.,1,false,true,false,true,20.,18.,42.,36.,0.
1.03146070828,Sample,13,4,6.,1,false,true,false,true,42.,36.,52.,44.,10.9356540039
1.03146070828,Sample,13,4,11.,1,false,true,false,true,42.,36.,52.,44.,11.1944977189
1.03146070828,Sample,13,4,16.,1,false,true,false,true,42.,36.,52.,44.,11.201142473
1.03146070828,Sample,13,4,21.,1,false,true,false,true,42.,36.,52.,44.,11.2013224243
1.03146070828,Sample,13,4,26.,1,false,true,false,true,42.,36.,52.,44.,11.2013274963
1.03146070828,Sample,13,4,31.,1,false,true,false,true,42.,36.,52.,44.,11.201327644
1.03146070828,Sample,13,4,36.,1,false,true,false,true,42.,36.,52.,44.,11.2013276485
1.03146070828,Sample,13,4,41.,1,false,true,false,true,42.,36.,52.,44.,11.2013276486
1.03146070828,Sample,13,4,46.,1,false,true,false,true,42.,36.,52.,44.,11.2013276486
1.03146070828,Sample,13,4,51.,1,false,true,false,true,42.,36.,52.,44.,11.2013276486
0.842179209313,Sample,13,7,1.,1,false,true,false,true,94.,90.,184.,148.,0.
0.842179209313,Sample,13,7,6.,1,false,true,false,true,208.,162.,218.,166.,9.75628125282
0.842179209313,Sample,13,7,11.,1,false,true,false,true,208.,162.,218.,166.,9.88437031773
0.842179209313,Sample,13,7,16.,1,false,true,false,true,208.,162.,218.,166.,9.88625074891
0.842179209313,Sample,13,7,21.,1,false,true,false,true,208.,162.,218.,166.,9.88628034227
0.842179209313,Sample,13,7,26.,1,false,true,false,true,208.,162.,218.,166.,9.8862808328
0.842179209313,Sample,13,7,31.,1,false,true,false,true,208.,162.,218.,166.,9.88628084128
0.842179209313,Sample,13,7,36.,1,false,true,false,true,208.,162.,218.,166.,9.88628084143
0.842179209313,Sample,13,7,41.,1,false,true,false,true,208.,162.,218.,166.,9.88628084143
0.842179209313,Sample,13,7,46.,1,false,true,false,true,208.,162.,218.,166.,9.88628084143
0.842179209313,Sample,13,7,51.,1,false,true,false,true,208.,162.,218.,166.,9.88628084143
1.25606564631,Sample,13,4,1.,1,false,true,false,true,30.,28.,42.,34.,0.
1.25606564631,Sample,13,4,6.,1,false,true,false,true,72.,60.,72.,60.,11.9797060759
1.25606564631,Sample,13,4,11.,1,false,true,false,true,76.,62.,72.,60.,12.4546320322
1.25606564631,Sample,13,4,16.,1,false,true,false,true,76.,62.,72.,60.,12.4745967755
1.25606564631,Sample,13,4,21.,1,false,true,false,true,76.,62.,72.,60.,12.4754712202
1.25606564631,Sample,13,4,26.,1,false,true,false,true,76.,62.,72.,60.,12.4755107288
1.25606564631,Sample,13,4,31.,1,false,true,false,true,76.,62.,72.,60.,12.4755125596
1.25606564631,Sample,13,4,36.,1,false,true,false,true,76.,62.,72.,60.,12.4755126463
1.25606564631,Sample,13,4,41.,1,false,true,false,true,76.,62.,72.,60.,12.4755126505
1.25606564631,Sample,13,4,46.,1,false,true,false,true,76.,62.,72.,60.,12.4755126507
1.25606564631,Sample,13,4,51.,1,false,true,false,true,76.,62.,72.,60.,12.4755126507
0.93199444612,Sample,13,6,1.,1,false,true,false,true,48.,42.,102.,84.,0.
0.93199444612,Sample,13,6,6.,1,false,true,false,true,122.,98.,112.,96.,10.3548527108
0.93199444612,Sample,13,6,11.,1,false,true,false,true,124.,98.,114.,96.,10.5387357469
0.93199444612,Sample,13,6,16.,1,false,true,false,true,124.,98.,114.,96.,10.5423281204
0.93199444612,Sample,13,6,21.,1,false,true,false,true,124.,98.,114.,96.,10.5424027192
0.93199444612,Sample,13,6,26.,1,false,true,false,true,124.,98.,114.,96.,10.5424043405
0.93199444612,Sample,13,6,31.,1,false,true,false,true,124.,98.,114.,96.,10.542404377
0.93199444612,Sample,13,6,36.,1,false,true,false,true,124.,98.,114.,96.,10.5424043779
0.93199444612,Sample,13,6,41.,1,false,true,false,true,124.,98.,114.,96.,10.5424043779
0.93199444612,Sample,13,6,46.,1,false,true,false,true,124.,98.,114.,96.,10.5424043779
0.93199444612,Sample,13,6,51.,1,false,true,false,true,124.,98.,114.,96.,10.5424043779
0.863071276915,Sample,13,3,1.,1,false,true,false,true,22.,20.,20.,20.,0.
0.863071276915,Sample,13,3,6.,1,false,true,false,true,42.,40.,36.,36.,9.90225919356
0.863071276915,Sample,13,3,11.,1,false,true,false,true,44.,42.,34.,34.,10.0423055077
0.863071276915,Sample,13,3,16.,1,false,true,false,true,44.,42.,34.,34.,10.0445111257
0.863071276915,Sample,13,3,21.,1,false,true,false,true,44.,42.,34.,34.,10.0445482835
0.863071276915,Sample,13,3,26.,1,false,true,false,true,44.,42.,34.,34.,10.0445489417
0.863071276915,Sample,13,3,31.,1,false,true,false,true,44.,42.,34.,34.,10.0445489539
0.863071276915,Sample,13,3,36.,1,false,true,false,true,44.,42.,34.,34.,10.0445489541
0.863071276915,Sample,13,3,41.,1,false,true,false,true,44.,42.,34.,34.,10.0445489541
0.863071276915,Sample,13,3,46.,1,false,true,false,true,44.,42.,34.,34.,10.0445489541
0.863071276915,Sample,13,3,51.,1,false,true,false,true,44.,42.,34.,34.,10.0445489541
1.35428857719,Sample,13,6,1.,1,false,true,false,true,42.,38.,88.,82.,0.
1.35428857719,Sample,13,6,6.,1,false,true,false,true,144.,122.,126.,112.,12.3382654198
1.35428857719,Sample,13,6,11.,1,false,true,false,true,146.,122.,128.,112.,12.9253000521
1.35428857719,Sample,13,6,16.,1,false,true,false,true,146.,122.,128.,112.,12.9547088446
1.35428857719,Sample,13,6,21.,1,false,true,false,true,146.,122.,128.,112.,12.9562376267
1.35428857719,Sample,13,6,26.,1,false,true,false,true,146.,122.,128.,112.,12.956319372
1.35428857719,Sample,13,6,31.,1,false,true,false,true,146.,122.,128.,112.,12.9563238446
1.35428857719,Sample,13,6,36.,1,false,true,false,true,146.,122.,128.,112.,12.9563240941
1.35428857719,Sample,13,6,41.,1,false,true,false,true,146.,122.,128.,112.,12.9563241083
1.35428857719,Sample,13,6,46.,1,false,true,false,true,146.,122.,128.,112.,12.9563241091
1.35428857719,Sample,13,6,51.,1,false,true,false,true,146.,122.,128.,112.,12.9563241092
0.930489600381,Sample,13,5,1.,1,false,true,false,true,36.,34.,72.,60.,0.
0.930489600381,Sample,13,5,6.,1,false,true,false,true,128.,98.,108.,88.,10.3454281702
0.930489600381,Sample,13,5,11.,1,false,true,false,true,126.,96.,110.,90.,10.5282824283
0.930489600381,Sample,13,5,16.,1,false,true,false,true,126.,96.,110.,90.,10.5318388188
0.930489600381,Sample,13,5,21.,1,false,true,false,true,126.,96.,110.,90.,10.5319123514
0.930489600381,Sample,13,5,26.,1,false,true,false,true,126.,96.,110.,90.,10.5319139427
0.930489600381,Sample,13,5,31.,1,false,true,false,true,126.,96.,110.,90.,10.5319139785
0.930489600381,Sample,13,5,36.,1,false,true,false,true,126.,96.,110.,90.,10.5319139793
0.930489600381,Sample,13,5,41.,1,false,true,false,true,126.,96.,110.,90.,10.5319139793
0.930489600381,Sample,13,5,46.,1,false,true,false,true,126.,96.,110.,90.,10.5319139793
0.930489600381,Sample,13,5,51.,1,false,true,false,true,126.,96.,110.,90.,10.5319139793
0.828908295593,Sample,13,5,1.,1,false,true,false,true,24.,24.,48.,44.,0.
0.828908295593,Sample,13,5,6.,1,false,true,false,true,60.,56.,40.,40.,9.66133372728
0.828908295593,Sample,13,5,11.,1,false,true,false,true,60.,56.,40.,40.,9.78214902273
0.828908295593,Sample,13,5,16.,1,false,true,false,true,60.,56.,40.,40.,9.78384304402
0.828908295593,Sample,13,5,21.,1,false,true,false,true,60.,56.,40.,40.,9.78386854317
0.828908295593,Sample,13,5,26.,1,false,true,false,true,60.,56.,40.,40.,9.78386894787
0.828908295593,Sample,13,5,31.,1,false,true,false,true,60.,56.,40.,40.,9.78386895458
0.828908295593,Sample,13,5,36.,1,false,true,false,true,60.,56.,40.,40.,9.78386895469
0.828908295593,Sample,13,5,41.,1,false,true,false,true,60.,56.,40.,40.,9.78386895469
0.828908295593,Sample,13,5,46.,1,false,true,false,true,60.,56.,40.,40.,9.78386895469
0.828908295593,Sample,13,5,51.,1,false,true,false,true,60.,56.,40.,40.,9.78386895469
0.805865863896,Sample,13,6,1.,1,false,true,false,true,60.,50.,82.,72.,0.
0.805865863896,Sample,13,6,6.,1,false,true,false,true,120.,102.,90.,78.,9.49227209723
0.805865863896,Sample,13,6,11.,1,false,true,false,true,118.,102.,88.,76.,9.60104982899
0.805865863896,Sample,13,6,16.,1,false,true,false,true,118.,102.,88.,76.,9.60245458647
0.805865863896,Sample,13,6,21.,1,false,true,false,true,118.,102.,88.,76.,9.60247411192
0.805865863896,Sample,13,6,26.,1,false,true,false,true,118.,102.,88.,76.,9.60247439863
0.805865863896,Sample,13,6,31.,1,false,true,false,true,118.,102.,88.,76.,9.60247440303
0.805865863896,Sample,13,6,36.,1,false,true,false,true,118.,102.,88.,76.,9.6024744031
0.805865863896,Sample,13,6,41.,1,false,true,false,true,118.,102.,88.,76.,9.60247440311
0.805865863896,Sample,13,6,46.,1,false,true,false,true,118.,102.,88.,76.,9.60247440311
0.805865863896,Sample,13,6,51.,1,false,true,false,true,118.,102.,88.,76.,9.60247440311
1.27927952915,Sample,13,5,1.,1,false,true,false,true,26.,26.,60.,56.,0.
1.27927952915,Sample,13,5,6.,1,false,true,false,true,86.,78.,92.,80.,12.0693017436
1.27927952915,Sample,13,5,11.,1,false,true,false,true,90.,82.,88.,80.,12.5698589453
1.27927952915,Sample,13,5,16.,1,false,true,false,true,90.,82.,88.,80.,12.5918329018
1.27927952915,Sample,13,5,21.,1,false,true,false,true,90.,82.,88.,80.,12.5928369348
1.27927952915,Sample,13,5,26.,1,false,true,false,true,90.,82.,88.,80.,12.5928842244
1.27927952915,Sample,13,5,31.,1,false,true,false,true,90.,82.,88.,80.,12.5928865075
1.27927952915,Sample,13,5,36.,1,false,true,false,true,90.,82.,88.,80.,12.5928866201
1.27927952915,Sample,13,5,41.,1,false,true,false,true,90.,82.,88.,80.,12.5928866257
1.27927952915,Sample,13,5,46.,1,false,true,false,true,90.,82.,88.,80.,12.592886626
1.27927952915,Sample,13,5,51.,1,false,true,false,true,90.,82.,88.,80.,12.592886626
1.07322075936,Sample,13,3,1.,1,false,true,false,true,0.,0.,10.,10.,0.
1.07322075936,Sample,13,3,6.,1,false,true,false,true,20.,20.,10.,10.,11.1561909654
1.07322075936,Sample,13,3,11.,1,false,true,false,true,20.,20.,10.,10.,11.450489786
1.07322075936,Sample,13,3,16.,1,false,true,false,true,20.,20.,10.,10.,11.4588672004
1.07322075936,Sample,13,3,21.,1,false,true,false,true,20.,20.,10.,10.,11.4591180896
1.07322075936,Sample,13,3,26.,1,false,true,false,true,20.,20.,10.,10.,11.4591258941
1.07322075936,Sample,13,3,31.,1,false,true,false,true,20.,20.,10.,10.,11.4591261445
1.07322075936,Sample,13,3,36.,1,false,true,false,true,20.,20.,10.,10.,11.4591261528
1.07322075936,Sample,13,3,41.,1,false,true,false,true,20.,20.,10.,10.,11.4591261531
1.07322075936,Sample,13,3,46.,1,false,true,false,true,20.,20.,10.,10.,11.4591261531
1.07322075936,Sample,13,3,51.,1,false,true,false,true,20.,20.,10.,10.,11.4591261531
1.01109791564,Voter,13,3,1.,1,false,true,false,true,2.,2.,12.,10.,0.
1.01109791564,Voter,13,3,6.,1,false,true,false,true,10.,10.,8.,8.,10.8232832928
1.01109791564,Voter,13,3,11.,1,false,true,false,true,10.,10.,8.,8.,11.0656790617
1.01109791564,Voter,13,3,16.,1,false,true,false,true,10.,10.,8.,8.,11.0715823089
1.01109791564,Voter,13,3,21.,1,false,true,false,true,10.,10.,8.,8.,11.0717341911
1.01109791564,Voter,13,3,26.,1,false,true,false,true,10.,10.,8.,8.,11.0717382623
1.01109791564,Voter,13,3,31.,1,false,true,false,true,10.,10.,8.,8.,11.0717383751
1.01109791564,Voter,13,3,36.,1,false,true,false,true,10.,10.,8.,8.,11.0717383784
1.01109791564,Voter,13,3,41.,1,false,true,false,true,10.,10.,8.,8.,11.0717383785
1.01109791564,Voter,13,3,46.,1,false,true,false,true,10.,10.,8.,8.,11.0717383785
1.01109791564,Voter,13,3,51.,1,false,true,false,true,10.,10.,8.,8.,11.0717383785
1.3357490907,Sample,13,5,1.,1,false,true,false,true,16.,16.,46.,38.,0.
1.3357490907,Sample,13,5,6.,1,false,true,false,true,52.,48.,30.,30.,12.2746137761
1.3357490907,Sample,13,5,11.,1,false,true,false,true,54.,48.,28.,28.,12.8397757598
1.3357490907,Sample,13,5,16.,1,false,true,false,true,54.,48.,28.,28.,12.8672088851
1.3357490907,Sample,13,5,21.,1,false,true,false,true,54.,48.,28.,28.,12.8685916448
1.3357490907,Sample,13,5,26.,1,false,true,false,true,54.,48.,28.,28.,12.8686633723
1.3357490907,Sample,13,5,31.,1,false,true,false,true,54.,48.,28.,28.,12.8686671811
1.3357490907,Sample,13,5,36.,1,false,true,false,true,54.,48.,28.,28.,12.8686673874
1.3357490907,Sample,13,5,41.,1,false,true,false,true,54.,48.,28.,28.,12.8686673988
1.3357490907,Sample,13,5,46.,1,false,true,false,true,54.,48.,28.,28.,12.8686673994
1.3357490907,Sample,13,5,51.,1,false,true,false,true,54.,48.,28.,28.,12.8686673994
1.34336861651,Voter,13,7,1.,1,false,true,false,true,42.,36.,98.,76.,0.
1.34336861651,Voter,13,7,6.,1,false,true,false,true,124.,106.,72.,62.,12.3009927958
1.34336861651,Voter,13,7,11.,1,false,true,false,true,126.,106.,70.,60.,12.8751059314
1.34336861651,Voter,13,7,16.,1,false,true,false,true,126.,106.,70.,60.,12.9033398121
1.34336861651,Voter,13,7,21.,1,false,true,false,true,126.,106.,70.,60.,12.9047812054
1.34336861651,Voter,13,7,26.,1,false,true,false,true,126.,106.,70.,60.,12.9048569186
1.34336861651,Voter,13,7,31.,1,false,true,false,true,126.,106.,70.,60.,12.9048609891
1.34336861651,Voter,13,7,36.,1,false,true,false,true,126.,106.,70.,60.,12.9048612123
1.34336861651,Voter,13,7,41.,1,false,true,false,true,126.,106.,70.,60.,12.9048612247
1.34336861651,Voter,13,7,46.,1,false,true,false,true,126.,106.,70.,60.,12.9048612254
1.34336861651,Voter,13,7,51.,1,false,true,false,true,126.,106.,70.,60.,12.9048612255
1.24373352322,Sample,13,7,1.,1,false,true,false,true,66.,56.,148.,120.,0.
1.24373352322,Sample,13,7,6.,1,false,true,false,true,268.,192.,298.,214.,11.9308321046
1.24373352322,Sample,13,7,11.,1,false,true,false,true,272.,192.,298.,216.,12.3923714704
1.24373352322,Sample,13,7,16.,1,false,true,false,true,272.,192.,298.,216.,12.4113224357
1.24373352322,Sample,13,7,21.,1,false,true,false,true,272.,192.,298.,216.,12.4121336369
1.24373352322,Sample,13,7,26.,1,false,true,false,true,272.,192.,298.,216.,12.4121694703
1.24373352322,Sample,13,7,31.,1,false,true,false,true,272.,192.,298.,216.,12.4121710942
1.24373352322,Sample,13,7,36.,1,false,true,false,true,272.,192.,298.,216.,12.4121711695
1.24373352322,Sample,13,7,41.,1,false,true,false,true,272.,192.,298.,216.,12.412171173
1.24373352322,Sample,13,7,46.,1,false,true,false,true,272.,192.,298.,216.,12.4121711732
1.24373352322,Sample,13,7,51.,1,false,true,false,true,272.,192.,298.,216.,12.4121711732
1.37732721793,Sample,13,7,1.,1,false,true,false,true,74.,68.,186.,154.,0.
1.37732721793,Sample,13,7,6.,1,false,true,false,true,212.,174.,248.,200.,12.4148779014
1.37732721793,Sample,13,7,11.,1,false,true,false,true,234.,192.,262.,210.,13.0295254391
1.37732721793,Sample,13,7,16.,1,false,true,false,true,234.,192.,262.,210.,13.0615199958
1.37732721793,Sample,13,7,21.,1,false,true,false,true,234.,192.,262.,210.,13.0632466409
1.37732721793,Sample,13,7,26.,1,false,true,false,true,234.,192.,262.,210.,13.0633424299
1.37732721793,Sample,13,7,31.,1,false,true,false,true,234.,192.,262.,210.,13.0633478648
1.37732721793,Sample,13,7,36.,1,false,true,false,true,234.,192.,262.,210.,13.0633481792
1.37732721793,Sample,13,7,41.,1,false,true,false,true,234.,192.,262.,210.,13.0633481976
1.37732721793,Sample,13,7,46.,1,false,true,false,true,234.,192.,262.,210.,13.0633481988
1.37732721793,Sample,13,7,51.,1,false,true,false,true,234.,192.,262.,210.,13.0633481988
1.31052323032,Voter,13,3,1.,1,false,true,false,true,2.,2.,18.,18.,0.
1.31052323032,Voter,13,3,6.,1,false,true,false,true,24.,24.,24.,24.,12.1850628011
1.31052323032,Voter,13,3,11.,1,false,true,false,true,24.,24.,24.,24.,12.7209806583
1.31052323032,Voter,13,3,16.,1,false,true,false,true,24.,24.,24.,24.,12.7458728083
1.31052323032,Voter,13,3,21.,1,false,true,false,true,24.,24.,24.,24.,12.7470746249
1.31052323032,Voter,13,3,26.,1,false,true,false,true,24.,24.,24.,24.,12.7471343821
1.31052323032,Voter,13,3,31.,1,false,true,false,true,24.,24.,24.,24.,12.7471374255
1.31052323032,Voter,13,3,36.,1,false,true,false,true,24.,24.,24.,24.,12.7471375837
1.31052323032,Voter,13,3,41.,1,false,true,false,true,24.,24.,24.,24.,12.7471375921
1.31052323032,Voter,13,3,46.,1,false,true,false,true,24.,24.,24.,24.,12.7471375925
1.31052323032,Voter,13,3,51.,1,false,true,false,true,24.,24.,24.,24.,12.7471375925
0.974631064908,Sample,13,5,1.,1,false,true,false,true,20.,20.,58.,54.,0.
0.974631064908,Sample,13,5,6.,1,false,true,false,true,72.,66.,42.,40.,10.6137919204
0.974631064908,Sample,13,5,11.,1,false,true,false,true,76.,70.,46.,44.,10.8281388377
0.974631064908,Sample,13,5,16.,1,false,true,false,true,76.,70.,46.,44.,10.8328700135
0.974631064908,Sample,13,5,21.,1,false,true,false,true,76.,70.,46.,44.,10.8329806352
0.974631064908,Sample,13,5,26.,1,false,true,false,true,76.,70.,46.,44.,10.8329833352
0.974631064908,Sample,13,5,31.,1,false,true,false,true,76.,70.,46.,44.,10.8329834035
0.974631064908,Sample,13,5,36.,1,false,true,false,true,76.,70.,46.,44.,10.8329834053
0.974631064908,Sample,13,5,41.,1,false,true,false,true,76.,70.,46.,44.,10.8329834053
0.974631064908,Sample,13,5,46.,1,false,true,false,true,76.,70.,46.,44.,10.8329834053
0.974631064908,Sample,13,5,51.,1,false,true,false,true,76.,70.,46.,44.,10.8329834053
0.801395834532,Voter,13,4,1.,1,false,true,false,true,8.,8.,12.,12.,0.
0.801395834532,Voter,13,4,6.,1,false,true,false,true,22.,20.,2.,2.,9.45884653077
0.801395834532,Voter,13,4,11.,1,false,true,false,true,22.,20.,2.,2.,9.56537581586
0.801395834532,Voter,13,4,16.,1,false,true,false,true,22.,20.,2.,2.,9.56672922923
0.801395834532,Voter,13,4,21.,1,false,true,false,true,22.,20.,2.,2.,9.56674774567
0.801395834532,Voter,13,4,26.,1,false,true,false,true,22.,20.,2.,2.,9.5667480134
0.801395834532,Voter,13,4,31.,1,false,true,false,true,22.,20.,2.,2.,9.56674801745
0.801395834532,Voter,13,4,36.,1,false,true,false,true,22.,20.,2.,2.,9.56674801752
0.801395834532,Voter,13,4,41.,1,false,true,false,true,22.,20.,2.,2.,9.56674801752
0.801395834532,Voter,13,4,46.,1,false,true,false,true,22.,20.,2.,2.,9.56674801752
0.801395834532,Voter,13,4,51.,1,false,true,false,true,22.,20.,2.,2.,9.56674801752
1.36089126282,Sample,13,6,1.,1,false,true,false,true,24.,24.,84.,76.,0.
1.36089126282,Sample,13,6,6.,1,false,true,false,true,122.,102.,74.,70.,12.3605007554
1.36089126282,Sample,13,6,11.,1,false,true,false,true,136.,114.,76.,70.,12.9554007545
1.36089126282,Sample,13,6,16.,1,false,true,false,true,136.,114.,76.,70.,12.9855356851
1.36089126282,Sample,13,6,21.,1,false,true,false,true,136.,114.,76.,70.,12.9871192711
1.36089126282,Sample,13,6,26.,1,false,true,false,true,136.,114.,76.,70.,12.9872048537
1.36089126282,Sample,13,6,31.,1,false,true,false,true,136.,114.,76.,70.,12.9872095857
1.36089126282,Sample,13,6,36.,1,false,true,false,true,136.,114.,76.,70.,12.9872098525
1.36089126282,Sample,13,6,41.,1,false,true,false,true,136.,114.,76.,70.,12.9872098678
1.36089126282,Sample,13,6,46.,1,false,true,false,true,136.,114.,76.,70.,12.9872098687
1.36089126282,Sample,13,6,51.,1,false,true,false,true,136.,114.,76.,70.,12.9872098688
1.27924657563,Sample,13,3,1.,1,false,true,false,true,2.,2.,16.,16.,0.
1.27924657563,Sample,13,3,6.,1,false,true,false,true,32.,32.,34.,32.,12.0691767512
1.27924657563,Sample,13,3,11.,1,false,true,false,true,36.,32.,30.,30.,12.5696971742
1.27924657563,Sample,13,3,16.,1,false,true,false,true,36.,32.,30.,30.,12.5916681836
1.27924657563,Sample,13,3,21.,1,false,true,false,true,36.,32.,30.,30.,12.5926720225
1.27924657563,Sample,13,3,26.,1,false,true,false,true,36.,32.,30.,30.,12.5927193002
1.27924657563,Sample,13,3,31.,1,false,true,false,true,36.,32.,30.,30.,12.5927215826
1.27924657563,Sample,13,3,36.,1,false,true,false,true,36.,32.,30.,30.,12.5927216951
1.27924657563,Sample,13,3,41.,1,false,true,false,true,36.,32.,30.,30.,12.5927217008
1.27924657563,Sample,13,3,46.,1,false,true,false,true,36.,32.,30.,30.,12.5927217011
1.27924657563,Sample,13,3,51.,1,false,true,false,true,36.,32.,30.,30.,12.5927217011
1.17380732857,Voter,13,5,1.,1,false,true,false,true,26.,22.,38.,36.,0.
1.17380732857,Voter,13,5,6.,1,false,true,false,true,66.,52.,38.,38.,11.6362119745
1.17380732857,Voter,13,5,11.,1,false,true,false,true,72.,58.,40.,38.,12.0250075662
1.17380732857,Voter,13,5,16.,1,false,true,false,true,72.,58.,40.,38.,12.0388797913
1.17380732857,Voter,13,5,21.,1,false,true,false,true,72.,58.,40.,38.,12.039397553
1.17380732857,Voter,13,5,26.,1,false,true,false,true,72.,58.,40.,38.,12.0394175435
1.17380732857,Voter,13,5,31.,1,false,true,false,true,72.,58.,40.,38.,12.0394183369
1.17380732857,Voter,13,5,36.,1,false,true,false,true,72.,58.,40.,38.,12.0394183692
1.17380732857,Voter,13,5,41.,1,false,true,false,true,72.,58.,40.,38.,12.0394183705
1.17380732857,Voter,13,5,46.,1,false,true,false,true,72.,58.,40.,38.,12.0394183706
1.17380732857,Voter,13,5,51.,1,false,true,false,true,72.,58.,40.,38.,12.0394183706
0.875749161822,Sample,13,5,1.,1,false,true,false,true,54.,50.,94.,84.,0.
0.875749161822,Sample,13,5,6.,1,false,true,false,true,110.,92.,122.,102.,9.98880074355
0.875749161822,Sample,13,5,11.,1,false,true,false,true,112.,92.,124.,104.,10.1364052335
0.875749161822,Sample,13,5,16.,1,false,true,false,true,112.,92.,124.,104.,10.1388282941
0.875749161822,Sample,13,5,21.,1,false,true,false,true,112.,92.,124.,104.,10.1388707901
0.875749161822,Sample,13,5,26.,1,false,true,false,true,112.,92.,124.,104.,10.1388715731
0.875749161822,Sample,13,5,31.,1,false,true,false,true,112.,92.,124.,104.,10.1388715881
0.875749161822,Sample,13,5,36.,1,false,true,false,true,112.,92.,124.,104.,10.1388715884
0.875749161822,Sample,13,5,41.,1,false,true,false,true,112.,92.,124.,104.,10.1388715884
0.875749161822,Sample,13,5,46.,1,false,true,false,true,112.,92.,124.,104.,10.1388715884
0.875749161822,Sample,13,5,51.,1,false,true,false,true,112.,92.,124.,104.,10.1388715884
1.2575019803,Sample,13,7,1.,1,false,true,false,true,60.,54.,120.,110.,0.
1.2575019803,Sample,13,7,6.,1,false,true,false,true,202.,156.,206.,168.,11.9853403455
1.2575019803,Sample,13,7,11.,1,false,true,false,true,208.,162.,212.,174.,12.4618359209
1.2575019803,Sample,13,7,16.,1,false,true,false,true,208.,162.,212.,174.,12.4819211346
1.2575019803,Sample,13,7,21.,1,false,true,false,true,208.,162.,212.,174.,12.4828031919
1.2575019803,Sample,13,7,26.,1,false,true,false,true,208.,162.,212.,174.,12.4828431485
1.2575019803,Sample,13,7,31.,1,false,true,false,true,208.,162.,212.,174.,12.4828450048
1.2575019803,Sample,13,7,36.,1,false,true,false,true,208.,162.,212.,174.,12.4828450929
1.2575019803,Sample,13,7,41.,1,false,true,false,true,208.,162.,212.,174.,12.4828450972
1.2575019803,Sample,13,7,46.,1,false,true,false,true,208.,162.,212.,174.,12.4828450974
1.2575019803,Sample,13,7,51.,1,false,true,false,true,208.,162.,212.,174.,12.4828450974
0.822293744321,Voter,13,4,1.,1,false,true,false,true,20.,20.,38.,36.,0.
0.822293744321,Voter,13,4,6.,1,false,true,false,true,62.,54.,40.,40.,9.61335364058
0.822293744321,Voter,13,4,11.,1,false,true,false,true,62.,54.,40.,40.,9.73063666505
0.822293744321,Voter,13,4,16.,1,false,true,false,true,62.,54.,40.,40.,9.73224330699
0.822293744321,Voter,13,4,21.,1,false,true,false,true,62.,54.,40.,40.,9.73226695146
0.822293744321,Voter,13,4,26.,1,false,true,false,true,62.,54.,40.,40.,9.73226731856
0.822293744321,Voter,13,4,31.,1,false,true,false,true,62.,54.,40.,40.,9.73226732451
0.822293744321,Voter,13,4,36.,1,false,true,false,true,62.,54.,40.,40.,9.73226732461
0.822293744321,Voter,13,4,41.,1,false,true,false,true,62.,54.,40.,40.,9.73226732461
0.822293744321,Voter,13,4,46.,1,false,true,false,true,62.,54.,40.,40.,9.73226732461
0.822293744321,Voter,13,4,51.,1,false,true,false,true,62.,54.,40.,40.,9.73226732461
0.982863651421,Sample,13,3,1.,1,false,true,false,true,4.,4.,12.,12.,0.
0.982863651421,Sample,13,3,6.,1,false,true,false,true,14.,12.,2.,2.,10.6620302135
0.982863651421,Sample,13,3,11.,1,false,true,false,true,14.,12.,2.,2.,10.8825500092
0.982863651421,Sample,13,3,16.,1,false,true,false,true,14.,12.,2.,2.,10.8875290503
0.982863651421,Sample,13,3,21.,1,false,true,false,true,14.,12.,2.,2.,10.8876480624
0.982863651421,Sample,13,3,26.,1,false,true,false,true,14.,12.,2.,2.,10.8876510306
0.982863651421,Sample,13,3,31.,1,false,true,false,true,14.,12.,2.,2.,10.8876511073
0.982863651421,Sample,13,3,36.,1,false,true,false,true,14.,12.,2.,2.,10.8876511093
0.982863651421,Sample,13,3,41.,1,false,true,false,true,14.,12.,2.,2.,10.8876511094
0.982863651421,Sample,13,3,46.,1,false,true,false,true,14.,12.,2.,2.,10.8876511094
0.982863651421,Sample,13,3,51.,1,false,true,false,true,14.,12.,2.,2.,10.8876511094
0.985074504232,Voter,13,7,1.,1,false,true,false,true,58.,48.,98.,80.,0.
0.985074504232,Voter,13,7,6.,1,false,true,false,true,110.,86.,78.,68.,10.6748897109
0.985074504232,Voter,13,7,11.,1,false,true,false,true,112.,88.,80.,70.,10.897083124
0.985074504232,Voter,13,7,16.,1,false,true,false,true,112.,88.,80.,70.,10.9021303519
0.985074504232,Voter,13,7,21.,1,false,true,false,true,112.,88.,80.,70.,10.9022517047
0.985074504232,Voter,13,7,26.,1,false,true,false,true,112.,88.,80.,70.,10.9022547487
0.985074504232,Voter,13,7,31.,1,false,true,false,true,112.,88.,80.,70.,10.9022548278
0.985074504232,Voter,13,7,36.,1,false,true,false,true,112.,88.,80.,70.,10.9022548299
0.985074504232,Voter,13,7,41.,1,false,true,false,true,112.,88.,80.,70.,10.9022548299
0.985074504232,Voter,13,7,46.,1,false,true,false,true,112.,88.,80.,70.,10.9022548299
0.985074504232,Voter,13,7,51.,1,false,true,false,true,112.,88.,80.,70.,10.9022548299
1.10791397468,Sample,13,4,1.,1,false,true,false,true,12.,12.,48.,42.,0.
1.10791397468,Sample,13,4,6.,1,false,true,false,true,64.,58.,60.,54.,11.329670426
1.10791397468,Sample,13,4,11.,1,false,true,false,true,66.,60.,62.,56.,11.6551432019
1.10791397468,Sample,13,4,16.,1,false,true,false,true,66.,60.,62.,56.,11.6651936195
1.10791397468,Sample,13,4,21.,1,false,true,false,true,66.,60.,62.,56.,11.6655194495
1.10791397468,Sample,13,4,26.,1,false,true,false,true,66.,60.,62.,56.,11.6655304051
1.10791397468,Sample,13,4,31.,1,false,true,false,true,66.,60.,62.,56.,11.6655307845
1.10791397468,Sample,13,4,36.,1,false,true,false,true,66.,60.,62.,56.,11.665530798
1.10791397468,Sample,13,4,41.,1,false,true,false,true,66.,60.,62.,56.,11.6655307985
1.10791397468,Sample,13,4,46.,1,false,true,false,true,66.,60.,62.,56.,11.6655307985
1.10791397468,Sample,13,4,51.,1,false,true,false,true,66.,60.,62.,56.,11.6655307985
0.917269867956,Voter,13,5,1.,1,false,true,false,true,22.,22.,16.,12.,0.
0.917269867956,Voter,13,5,6.,1,false,true,false,true,42.,38.,8.,8.,10.2617788172
0.917269867956,Voter,13,5,11.,1,false,true,false,true,42.,38.,8.,8.,10.4357324437
0.917269867956,Voter,13,5,16.,1,false,true,false,true,42.,38.,8.,8.,10.4389843475
0.917269867956,Voter,13,5,21.,1,false,true,false,true,42.,38.,8.,8.,10.4390490472
0.917269867956,Voter,13,5,26.,1,false,true,false,true,42.,38.,8.,8.,10.4390503957
0.917269867956,Voter,13,5,31.,1,false,true,false,true,42.,38.,8.,8.,10.4390504249
0.917269867956,Voter,13,5,36.,1,false,true,false,true,42.,38.,8.,8.,10.4390504255
0.917269867956,Voter,13,5,41.,1,false,true,false,true,42.,38.,8.,8.,10.4390504255
0.917269867956,Voter,13,5,46.,1,false,true,false,true,42.,38.,8.,8.,10.4390504255
0.917269867956,Voter,13,5,51.,1,false,true,false,true,42.,38.,8.,8.,10.4390504255
1.20583846606,Voter,13,5,1.,1,false,true,false,true,20.,18.,58.,54.,0.
1.20583846606,Voter,13,5,6.,1,false,true,false,true,78.,68.,64.,60.,11.7749356448
1.20583846606,Voter,13,5,11.,1,false,true,false,true,78.,68.,64.,60.,12.1963713364
1.20583846606,Voter,13,5,16.,1,false,true,false,true,80.,70.,66.,62.,12.2124321449
1.20583846606,Voter,13,5,21.,1,false,true,false,true,80.,70.,66.,62.,12.2130713794
1.20583846606,Voter,13,5,26.,1,false,true,false,true,80.,70.,66.,62.,12.2130976679
1.20583846606,Voter,13,5,31.,1,false,true,false,true,80.,70.,66.,62.,12.2130987782
1.20583846606,Voter,13,5,36.,1,false,true,false,true,80.,70.,66.,62.,12.2130988262
1.20583846606,Voter,13,5,41.,1,false,true,false,true,80.,70.,66.,62.,12.2130988283
1.20583846606,Voter,13,5,46.,1,false,true,false,true,80.,70.,66.,62.,12.2130988284
1.20583846606,Voter,13,5,51.,1,false,true,false,true,80.,70.,66.,62.,12.2130988284
1.00935635628,Sample,13,3,1.,1,false,true,false,true,16.,16.,26.,26.,0.
1.00935635628,Sample,13,3,6.,1,false,true,false,true,32.,28.,18.,18.,10.8135215642
1.00935635628,Sample,13,3,11.,1,false,true,false,true,32.,28.,18.,18.,11.0545365521
1.00935635628,Sample,13,3,16.,1,false,true,false,true,32.,28.,18.,18.,11.0603793642
1.00935635628,Sample,13,3,21.,1,false,true,false,true,32.,28.,18.,18.,11.0605290234
1.00935635628,Sample,13,3,26.,1,false,true,false,true,32.,28.,18.,18.,11.0605330176
1.00935635628,Sample,13,3,31.,1,false,true,false,true,32.,28.,18.,18.,11.0605331278
1.00935635628,Sample,13,3,36.,1,false,true,false,true,32.,28.,18.,18.,11.0605331309
1.00935635628,Sample,13,3,41.,1,false,true,false,true,32.,28.,18.,18.,11.060533131
1.00935635628,Sample,13,3,46.,1,false,true,false,true,32.,28.,18.,18.,11.060533131
1.00935635628,Sample,13,3,51.,1,false,true,false,true,32.,28.,18.,18.,11.060533131
1.2603093266,Sample,13,6,1.,1,false,true,false,true,50.,46.,106.,90.,0.
1.2603093266,Sample,13,6,6.,1,false,true,false,true,148.,118.,132.,112.,11.9963178653
1.2603093266,Sample,13,6,11.,1,false,true,false,true,152.,122.,128.,110.,12.4758875546
1.2603093266,Sample,13,6,16.,1,false,true,false,true,152.,122.,128.,110.,12.4962096838
1.2603093266,Sample,13,6,21.,1,false,true,false,true,152.,122.,128.,110.,12.4971067712
1.2603093266,Sample,13,6,26.,1,false,true,false,true,152.,122.,128.,110.,12.4971476157
1.2603093266,Sample,13,6,31.,1,false,true,false,true,152.,122.,128.,110.,12.4971495228
1.2603093266,Sample,13,6,36.,1,false,true,false,true,152.,122.,128.,110.,12.4971496138
1.2603093266,Sample,13,6,41.,1,false,true,false,true,152.,122.,128.,110.,12.4971496182
1.2603093266,Sample,13,6,46.,1,false,true,false,true,152.,122.,128.,110.,12.4971496184
1.2603093266,Sample,13,6,51.,1,false,true,false,true,152.,122.,128.,110.,12.4971496184
1.24159766305,Sample,13,3,1.,1,false,true,false,true,2.,2.,6.,6.,0.
1.24159766305,Sample,13,3,6.,1,false,true,false,true,8.,8.,0.,0.,11.922275971
1.24159766305,Sample,13,3,11.,1,false,true,false,true,8.,8.,0.,0.,12.3815133293
1.24159766305,Sample,13,3,16.,1,false,true,false,true,8.,8.,0.,0.,12.4002924287
1.24159766305,Sample,13,3,21.,1,false,true,false,true,8.,8.,0.,0.,12.4010930548
1.24159766305,Sample,13,3,26.,1,false,true,false,true,8.,8.,0.,0.,12.4011282818
1.24159766305,Sample,13,3,31.,1,false,true,false,true,8.,8.,0.,0.,12.4011298721
1.24159766305,Sample,13,3,36.,1,false,true,false,true,8.,8.,0.,0.,12.4011299455
1.24159766305,Sample,13,3,41.,1,false,true,false,true,8.,8.,0.,0.,12.401129949
1.24159766305,Sample,13,3,46.,1,false,true,false,true,8.,8.,0.,0.,12.4011299492
1.24159766305,Sample,13,3,51.,1,false,true,false,true,8.,8.,0.,0.,12.4011299492
1.13090512112,Sample,13,6,1.,1,false,true,false,true,38.,34.,94.,78.,0.
1.13090512112,Sample,13,6,6.,1,false,true,false,true,130.,110.,78.,68.,11.4399622813
1.13090512112,Sample,13,6,11.,1,false,true,false,true,130.,110.,78.,68.,11.7869287447
1.13090512112,Sample,13,6,16.,1,false,true,false,true,130.,110.,78.,68.,11.7982131705
1.13090512112,Sample,13,6,21.,1,false,true,false,true,130.,110.,78.,68.,11.7985979717
1.13090512112,Sample,13,6,26.,1,false,true,false,true,130.,110.,78.,68.,11.7986115679
1.13090512112,Sample,13,6,31.,1,false,true,false,true,130.,110.,78.,68.,11.7986120625
1.13090512112,Sample,13,6,36.,1,false,true,false,true,130.,110.,78.,68.,11.7986120809
1.13090512112,Sample,13,6,41.,1,false,true,false,true,130.,110.,78.,68.,11.7986120816
1.13090512112,Sample,13,6,46.,1,false,true,false,true,130.,110.,78.,68.,11.7986120816
1.13090512112,Sample,13,6,51.,1,false,true,false,true,130.,110.,78.,68.,11.7986120816
1.1427928445,Voter,13,6,1.,1,false,true,false,true,14.,14.,56.,52.,0.
1.1427928445,Voter,13,6,6.,1,false,true,false,true,76.,68.,38.,38.,11.4955697398
1.1427928445,Voter,13,6,11.,1,false,true,false,true,76.,68.,38.,38.,11.8539048339
1.1427928445,Voter,13,6,16.,1,false,true,false,true,76.,68.,38.,38.,11.8658683249
1.1427928445,Voter,13,6,21.,1,false,true,false,true,76.,68.,38.,38.,11.8662868339
1.1427928445,Voter,13,6,26.,1,false,true,false,true,76.,68.,38.,38.,11.8663019964
1.1427928445,Voter,13,6,31.,1,false,true,false,true,76.,68.,38.,38.,11.8663025617
1.1427928445,Voter,13,6,36.,1,false,true,false,true,76.,68.,38.,38.,11.8663025833
1.1427928445,Voter,13,6,41.,1,false,true,false,true,76.,68.,38.,38.,11.8663025841
1.1427928445,Voter,13,6,46.,1,false,true,false,true,76.,68.,38.,38.,11.8663025842
1.1427928445,Voter,13,6,51.,1,false,true,false,true,76.,68.,38.,38.,11.8663025842
1.18125164112,Sample,13,4,1.,1,false,true,false,true,18.,18.,46.,42.,0.
1.18125164112,Sample,13,4,6.,1,false,true,false,true,46.,46.,50.,46.,11.6690350596
1.18125164112,Sample,13,4,11.,1,false,true,false,true,52.,50.,48.,46.,12.0653110307
1.18125164112,Sample,13,4,16.,1,false,true,false,true,52.,50.,48.,46.,12.0796717844
1.18125164112,Sample,13,4,21.,1,false,true,false,true,52.,50.,48.,46.,12.0802159724
1.18125164112,Sample,13,4,26.,1,false,true,false,true,52.,50.,48.,46.,12.0802372985
1.18125164112,Sample,13,4,31.,1,false,true,false,true,52.,50.,48.,46.,12.0802381575
1.18125164112,Sample,13,4,36.,1,false,true,false,true,52.,50.,48.,46.,12.0802381929
1.18125164112,Sample,13,4,41.,1,false,true,false,true,52.,50.,48.,46.,12.0802381944
1.18125164112,Sample,13,4,46.,1,false,true,false,true,52.,50.,48.,46.,12.0802381945
1.18125164112,Sample,13,4,51.,1,false,true,false,true,52.,50.,48.,46.,12.0802381945
0.917297901178,Sample,13,7,1.,1,false,true,false,true,96.,82.,180.,146.,0.
0.917297901178,Sample,13,7,6.,1,false,true,false,true,222.,168.,218.,168.,10.2619578388
0.917297901178,Sample,13,7,11.,1,false,true,false,true,224.,170.,216.,166.,10.435930079
0.917297901178,Sample,13,7,16.,1,false,true,false,true,224.,170.,216.,166.,10.4391826068
0.917297901178,Sample,13,7,21.,1,false,true,false,true,224.,170.,216.,166.,10.4392473242
0.917297901178,Sample,13,7,26.,1,false,true,false,true,224.,170.,216.,166.,10.4392486732
0.917297901178,Sample,13,7,31.,1,false,true,false,true,224.,170.,216.,166.,10.4392487024
0.917297901178,Sample,13,7,36.,1,false,true,false,true,224.,170.,216.,166.,10.4392487031
0.917297901178,Sample,13,7,41.,1,false,true,false,true,224.,170.,216.,166.,10.4392487031
0.917297901178,Sample,13,7,46.,1,false,true,false,true,224.,170.,216.,166.,10.4392487031
0.917297901178,Sample,13,7,51.,1,false,true,false,true,224.,170.,216.,166.,10.4392487031
1.00656083599,Sample,13,7,1.,1,false,true,false,true,70.,62.,128.,106.,0.
1.00656083599,Sample,13,7,6.,1,false,true,false,true,190.,152.,176.,150.,10.7978019232
1.00656083599,Sample,13,7,11.,1,false,true,false,true,190.,152.,176.,150.,11.0366091022
1.00656083599,Sample,13,7,16.,1,false,true,false,true,190.,152.,176.,150.,11.0423558672
1.00656083599,Sample,13,7,21.,1,false,true,false,true,190.,152.,176.,150.,11.0425020142
1.00656083599,Sample,13,7,26.,1,false,true,false,true,190.,152.,176.,150.,11.0425058873
1.00656083599,Sample,13,7,31.,1,false,true,false,true,190.,152.,176.,150.,11.0425059934
1.00656083599,Sample,13,7,36.,1,false,true,false,true,190.,152.,176.,150.,11.0425059964
1.00656083599,Sample,13,7,41.,1,false,true,false,true,190.,152.,176.,150.,11.0425059965
1.00656083599,Sample,13,7,46.,1,false,true,false,true,190.,152.,176.,150.,11.0425059965
1.00656083599,Sample,13,7,51.,1,false,true,false,true,190.,152.,176.,150.,11.0425059965
1.01761446927,Voter,13,5,1.,1,false,true,false,true,14.,14.,24.,20.,0.
1.01761446927,Voter,13,5,6.,1,false,true,false,true,46.,44.,28.,28.,10.859597278
1.01761446927,Voter,13,5,11.,1,false,true,false,true,48.,46.,30.,30.,11.1071960335
1.01761446927,Voter,13,5,16.,1,false,true,false,true,48.,46.,30.,30.,11.1133295376
1.01761446927,Voter,13,5,21.,1,false,true,false,true,48.,46.,30.,30.,11.11348998
1.01761446927,Voter,13,5,26.,1,false,true,false,true,48.,46.,30.,30.,11.113494351
1.01761446927,Voter,13,5,31.,1,false,true,false,true,48.,46.,30.,30.,11.1134944741
1.01761446927,Voter,13,5,36.,1,false,true,false,true,48.,46.,30.,30.,11.1134944777
1.01761446927,Voter,13,5,41.,1,false,true,false,true,48.,46.,30.,30.,11.1134944778
1.01761446927,Voter,13,5,46.,1,false,true,false,true,48.,46.,30.,30.,11.1134944778
1.01761446927,Voter,13,5,51.,1,false,true,false,true,48.,46.,30.,30.,11.1134944778
1.21702835676,Voter,13,5,1.,1,false,true,false,true,10.,10.,26.,24.,0.
1.21702835676,Voter,13,5,6.,1,false,true,false,true,36.,34.,16.,16.,11.8218808897
1.21702835676,Voter,13,5,11.,1,false,true,false,true,36.,34.,16.,16.,12.2549938699
1.21702835676,Voter,13,5,16.,1,false,true,false,true,36.,34.,16.,16.,12.2718734226
1.21702835676,Voter,13,5,21.,1,false,true,false,true,36.,34.,16.,16.,12.2725600816
1.21702835676,Voter,13,5,26.,1,false,true,false,true,36.,34.,16.,16.,12.272588933
1.21702835676,Voter,13,5,31.,1,false,true,false,true,36.,34.,16.,16.,12.2725901777
1.21702835676,Voter,13,5,36.,1,false,true,false,true,36.,34.,16.,16.,12.2725902326
1.21702835676,Voter,13,5,41.,1,false,true,false,true,36.,34.,16.,16.,12.272590235
1.21702835676,Voter,13,5,46.,1,false,true,false,true,36.,34.,16.,16.,12.2725902352
1.21702835676,Voter,13,5,51.,1,false,true,false,true,36.,34.,16.,16.,12.2725902352
1.13979496914,Voter,13,4,1.,1,false,true,false,true,18.,16.,28.,24.,0.
1.13979496914,Voter,13,4,6.,1,false,true,false,true,34.,30.,20.,20.,11.4816365782
1.13979496914,Voter,13,4,11.,1,false,true,false,true,34.,30.,20.,20.,11.8370884784
1.13979496914,Voter,13,4,16.,1,false,true,false,true,34.,30.,20.,20.,11.8488780316
1.13979496914,Voter,13,4,21.,1,false,true,false,true,34.,30.,20.,20.,11.8492878239
1.13979496914,Voter,13,4,26.,1,false,true,false,true,34.,30.,20.,20.,11.8493025776
1.13979496914,Voter,13,4,31.,1,false,true,false,true,34.,30.,20.,20.,11.8493031243
1.13979496914,Voter,13,4,36.,1,false,true,false,true,34.,30.,20.,20.,11.849303145
1.13979496914,Voter,13,4,41.,1,false,true,false,true,34.,30.,20.,20.,11.8493031458
1.13979496914,Voter,13,4,46.,1,false,true,false,true,34.,30.,20.,20.,11.8493031459
1.13979496914,Voter,13,4,51.,1,false,true,false,true,34.,30.,20.,20.,11.8493031459
1.29123503522,Voter,13,3,1.,1,false,true,false,true,10.,8.,12.,12.,0.
1.29123503522,Voter,13,3,6.,1,false,true,false,true,18.,14.,20.,18.,12.1142429826
1.29123503522,Voter,13,3,11.,1,false,true,false,true,18.,14.,20.,18.,12.6282160694
1.29123503522,Voter,13,3,16.,1,false,true,false,true,18.,14.,20.,18.,12.6512772649
1.29123503522,Voter,13,3,21.,1,false,true,false,true,18.,14.,20.,18.,12.6523536942
1.29123503522,Voter,13,3,26.,1,false,true,false,true,18.,14.,20.,18.,12.6524054681
1.29123503522,Voter,13,3,31.,1,false,true,false,true,18.,14.,20.,18.,12.6524080199
1.29123503522,Voter,13,3,36.,1,false,true,false,true,18.,14.,20.,18.,12.6524081483
1.29123503522,Voter,13,3,41.,1,false,true,false,true,18.,14.,20.,18.,12.6524081549
1.29123503522,Voter,13,3,46.,1,false,true,false,true,18.,14.,20.,18.,12.6524081552
1.29123503522,Voter,13,3,51.,1,false,true,false,true,18.,14.,20.,18.,12.6524081553
1.07749369812,Voter,13,5,1.,1,false,true,false,true,18.,18.,38.,36.,0.
1.07749369812,Voter,13,5,6.,1,false,true,false,true,54.,46.,26.,24.,11.1780254304
1.07749369812,Voter,13,5,11.,1,false,true,false,true,54.,46.,26.,24.,11.4760805914
1.07749369812,Voter,13,5,16.,1,false,true,false,true,54.,46.,26.,24.,11.4846522236
1.07749369812,Voter,13,5,21.,1,false,true,false,true,54.,46.,26.,24.,11.4849115012
1.07749369812,Voter,13,5,26.,1,false,true,false,true,54.,46.,26.,24.,11.4849196459
1.07749369812,Voter,13,5,31.,1,false,true,false,true,54.,46.,26.,24.,11.4849199098
1.07749369812,Voter,13,5,36.,1,false,true,false,true,54.,46.,26.,24.,11.4849199186
1.07749369812,Voter,13,5,41.,1,false,true,false,true,54.,46.,26.,24.,11.4849199189
1.07749369812,Voter,13,5,46.,1,false,true,false,true,54.,46.,26.,24.,11.4849199189
1.07749369812,Voter,13,5,51.,1,false,true,false,true,54.,46.,26.,24.,11.4849199189
0.920616458403,Voter,13,3,1.,1,false,true,false,true,4.,4.,6.,6.,0.
0.920616458403,Voter,13,3,6.,1,false,true,false,true,12.,10.,2.,2.,10.2831009061
0.920616458403,Voter,13,3,11.,1,false,true,false,true,12.,10.,2.,2.,10.4592844662
0.920616458403,Voter,13,3,16.,1,false,true,false,true,12.,10.,2.,2.,10.4626115035
0.920616458403,Voter,13,3,21.,1,false,true,false,true,12.,10.,2.,2.,10.4626783508
0.920616458403,Voter,13,3,26.,1,false,true,false,true,12.,10.,2.,2.,10.4626797575
0.920616458403,Voter,13,3,31.,1,false,true,false,true,12.,10.,2.,2.,10.4626797882
0.920616458403,Voter,13,3,36.,1,false,true,false,true,12.,10.,2.,2.,10.4626797889
0.920616458403,Voter,13,3,41.,1,false,true,false,true,12.,10.,2.,2.,10.462679789
0.920616458403,Voter,13,3,46.,1,false,true,false,true,12.,10.,2.,2.,10.462679789
0.920616458403,Voter,13,3,51.,1,false,true,false,true,12.,10.,2.,2.,10.462679789
0.971732962562,Voter,13,5,1.,1,false,true,false,true,10.,10.,22.,20.,0.
0.971732962562,Voter,13,5,6.,1,false,true,false,true,28.,24.,4.,4.,10.5966774216
0.971732962562,Voter,13,5,11.,1,false,true,false,true,28.,24.,4.,4.,10.8088735712
0.971732962562,Voter,13,5,16.,1,false,true,false,true,28.,24.,4.,4.,10.8135197304
0.971732962562,Voter,13,5,21.,1,false,true,false,true,28.,24.,4.,4.,10.8136275175
0.971732962562,Voter,13,5,26.,1,false,true,false,true,28.,24.,4.,4.,10.8136301283
0.971732962562,Voter,13,5,31.,1,false,true,false,true,28.,24.,4.,4.,10.8136301938
0.971732962562,Voter,13,5,36.,1,false,true,false,true,28.,24.,4.,4.,10.8136301955
0.971732962562,Voter,13,5,41.,1,false,true,false,true,28.,24.,4.,4.,10.8136301955
0.971732962562,Voter,13,5,46.,1,false,true,false,true,28.,24.,4.,4.,10.8136301955
0.971732962562,Voter,13,5,51.,1,false,true,false,true,28.,24.,4.,4.,10.8136301955
1.3022082685,Sample,13,7,1.,1,false,true,false,true,62.,58.,142.,116.,0.
1.3022082685,Sample,13,7,6.,1,false,true,false,true,206.,164.,190.,154.,12.1547858538
1.3022082685,Sample,13,7,11.,1,false,true,false,true,210.,168.,194.,156.,12.6811985543
1.3022082685,Sample,13,7,16.,1,false,true,false,true,210.,168.,194.,156.,12.7052896521
1.3022082685,Sample,13,7,21.,1,false,true,false,true,210.,168.,194.,156.,12.7064360839
1.3022082685,Sample,13,7,26.,1,false,true,false,true,210.,168.,194.,156.,12.706492282
1.3022082685,Sample,13,7,31.,1,false,true,false,true,210.,168.,194.,156.,12.7064951042
1.3022082685,Sample,13,7,36.,1,false,true,false,true,210.,168.,194.,156.,12.7064952489
1.3022082685,Sample,13,7,41.,1,false,true,false,true,210.,168.,194.,156.,12.7064952564
1.3022082685,Sample,13,7,46.,1,false,true,false,true,210.,168.,194.,156.,12.7064952568
1.3022082685,Sample,13,7,51.,1,false,true,false,true,210.,168.,194.,156.,12.7064952569
0.895864362785,Voter,13,3,1.,1,false,true,false,true,18.,18.,14.,14.,0.
0.895864362785,Voter,13,3,6.,1,false,true,false,true,28.,26.,16.,12.,10.1230193183
0.895864362785,Voter,13,3,11.,1,false,true,false,true,28.,26.,16.,12.,10.2830840261
0.895864362785,Voter,13,3,16.,1,false,true,false,true,28.,26.,16.,12.,10.28588542
0.895864362785,Voter,13,3,21.,1,false,true,false,true,28.,26.,16.,12.,10.2859377014
0.895864362785,Voter,13,3,26.,1,false,true,false,true,28.,26.,16.,12.,10.285938725
0.895864362785,Voter,13,3,31.,1,false,true,false,true,28.,26.,16.,12.,10.2859387458
0.895864362785,Voter,13,3,36.,1,false,true,false,true,28.,26.,16.,12.,10.2859387463
0.895864362785,Voter,13,3,41.,1,false,true,false,true,28.,26.,16.,12.,10.2859387463
0.895864362785,Voter,13,3,46.,1,false,true,false,true,28.,26.,16.,12.,10.2859387463
0.895864362785,Voter,13,3,51.,1,false,true,false,true,28.,26.,16.,12.,10.2859387463
1.04105811149,Sample,13,4,1.,1,false,true,false,true,4.,4.,18.,14.,0.
1.04105811149,Sample,13,4,6.,1,false,true,false,true,26.,24.,8.,8.,10.987503207
1.04105811149,Sample,13,4,11.,1,false,true,false,true,28.,26.,10.,10.,11.2542916916
1.04105811149,Sample,13,4,16.,1,false,true,false,true,28.,26.,10.,10.,11.2613088192
1.04105811149,Sample,13,4,21.,1,false,true,false,true,28.,26.,10.,10.,11.2615034025
1.04105811149,Sample,13,4,26.,1,false,true,false,true,28.,26.,10.,10.,11.2615090155
1.04105811149,Sample,13,4,31.,1,false,true,false,true,28.,26.,10.,10.,11.2615091827
1.04105811149,Sample,13,4,36.,1,false,true,false,true,28.,26.,10.,10.,11.2615091878
1.04105811149,Sample,13,4,41.,1,false,true,false,true,28.,26.,10.,10.,11.261509188
1.04105811149,Sample,13,4,46.,1,false,true,false,true,28.,26.,10.,10.,11.261509188
1.04105811149,Sample,13,4,51.,1,false,true,false,true,28.,26.,10.,10.,11.261509188
1.19569610066,Sample,13,3,1.,1,false,true,false,true,2.,2.,10.,8.,0.
1.19569610066,Sample,13,3,6.,1,false,true,false,true,18.,16.,6.,6.,11.731712474
1.19569610066,Sample,13,3,11.,1,false,true,false,true,18.,16.,6.,6.,12.142685799
1.19569610066,Sample,13,3,16.,1,false,true,false,true,18.,16.,6.,6.,12.1580290222
1.19569610066,Sample,13,3,21.,1,false,true,false,true,18.,16.,6.,6.,12.1586275639
1.19569610066,Sample,13,3,26.,1,false,true,false,true,18.,16.,6.,6.,12.1586516984
1.19569610066,Sample,13,3,31.,1,false,true,false,true,18.,16.,6.,6.,12.1586526982
1.19569610066,Sample,13,3,36.,1,false,true,false,true,18.,16.,6.,6.,12.1586527405
1.19569610066,Sample,13,3,41.,1,false,true,false,true,18.,16.,6.,6.,12.1586527424
1.19569610066,Sample,13,3,46.,1,false,true,false,true,18.,16.,6.,6.,12.1586527424
1.19569610066,Sample,13,3,51.,1,false,true,false,true,18.,16.,6.,6.,12.1586527425
1.13304172655,Sample,13,3,1.,1,false,true,false,true,12.,12.,22.,22.,0.
1.13304172655,Sample,13,3,6.,1,false,true,false,true,24.,24.,18.,18.,11.4500273292
1.13304172655,Sample,13,3,11.,1,false,true,false,true,24.,24.,18.,18.,11.7990243871
1.13304172655,Sample,13,3,16.,1,false,true,false,true,24.,24.,18.,18.,11.810428769
1.13304172655,Sample,13,3,21.,1,false,true,false,true,24.,24.,18.,18.,11.8108194611
1.13304172655,Sample,13,3,26.,1,false,true,false,true,24.,24.,18.,18.,11.8108333283
1.13304172655,Sample,13,3,31.,1,false,true,false,true,24.,24.,18.,18.,11.8108338349
1.13304172655,Sample,13,3,36.,1,false,true,false,true,24.,24.,18.,18.,11.8108338539
1.13304172655,Sample,13,3,41.,1,false,true,false,true,24.,24.,18.,18.,11.8108338546
1.13304172655,Sample,13,3,46.,1,false,true,false,true,24.,24.,18.,18.,11.8108338546
1.13304172655,Sample,13,3,51.,1,false,true,false,true,24.,24.,18.,18.,11.8108338546
1.10534281115,Voter,13,3,1.,1,false,true,false,true,2.,2.,4.,4.,0.
1.10534281115,Voter,13,3,6.,1,false,true,false,true,8.,6.,2.,2.,11.3171076675
1.10534281115,Voter,13,3,11.,1,false,true,false,true,8.,6.,2.,2.,11.6402176982
1.10534281115,Voter,13,3,16.,1,false,true,false,true,8.,6.,2.,2.,11.6501364586
1.10534281115,Voter,13,3,21.,1,false,true,false,true,8.,6.,2.,2.,11.6504561769
1.10534281115,Voter,13,3,26.,1,false,true,false,true,8.,6.,2.,2.,11.6504668665
1.10534281115,Voter,13,3,31.,1,false,true,false,true,8.,6.,2.,2.,11.6504672347
1.10534281115,Voter,13,3,36.,1,false,true,false,true,8.,6.,2.,2.,11.6504672477
1.10534281115,Voter,13,3,41.,1,false,true,false,true,8.,6.,2.,2.,11.6504672482
1.10534281115,Voter,13,3,46.,1,false,true,false,true,8.,6.,2.,2.,11.6504672482
1.10534281115,Voter,13,3,51.,1,false,true,false,true,8.,6.,2.,2.,11.6504672482
1.1829909291,Voter,13,3,1.,1,false,true,false,true,2.,2.,12.,12.,0.
1.1829909291,Voter,13,3,6.,1,false,true,false,true,14.,14.,8.,8.,11.676652533
1.1829909291,Voter,13,3,11.,1,false,true,false,true,16.,16.,10.,10.,12.0746855057
1.1829909291,Voter,13,3,16.,1,false,true,false,true,16.,16.,10.,10.,12.0891621331
1.1829909291,Voter,13,3,21.,1,false,true,false,true,16.,16.,10.,10.,12.0897126483
1.1829909291,Voter,13,3,26.,1,false,true,false,true,16.,16.,10.,10.,12.0897342971
1.1829909291,Voter,13,3,31.,1,false,true,false,true,16.,16.,10.,10.,12.0897351721
1.1829909291,Voter,13,3,36.,1,false,true,false,true,16.,16.,10.,10.,12.0897352083
1.1829909291,Voter,13,3,41.,1,false,true,false,true,16.,16.,10.,10.,12.0897352098
1.1829909291,Voter,13,3,46.,1,false,true,false,true,16.,16.,10.,10.,12.0897352099
1.1829909291,Voter,13,3,51.,1,false,true,false,true,16.,16.,10.,10.,12.0897352099
0.844529385977,Voter,13,6,1.,1,false,true,false,true,44.,36.,46.,42.,0.
0.844529385977,Voter,13,6,6.,1,false,true,false,true,76.,66.,42.,40.,9.77291445692
0.844529385977,Voter,13,6,11.,1,false,true,false,true,76.,66.,42.,40.,9.9023176795
0.844529385977,Voter,13,6,16.,1,false,true,false,true,76.,66.,42.,40.,9.90423271407
0.844529385977,Voter,13,6,21.,1,false,true,false,true,76.,66.,42.,40.,9.90426308739
0.844529385977,Voter,13,6,26.,1,false,true,false,true,76.,66.,42.,40.,9.90426359468
0.844529385977,Voter,13,6,31.,1,false,true,false,true,76.,66.,42.,40.,9.90426360352
0.844529385977,Voter,13,6,36.,1,false,true,false,true,76.,66.,42.,40.,9.90426360368
0.844529385977,Voter,13,6,41.,1,false,true,false,true,76.,66.,42.,40.,9.90426360368
0.844529385977,Voter,13,6,46.,1,false,true,false,true,76.,66.,42.,40.,9.90426360368
0.844529385977,Voter,13,6,51.,1,false,true,false,true,76.,66.,42.,40.,9.90426360368
1.18212875346,Sample,13,5,1.,1,false,true,false,true,40.,38.,56.,48.,0.
1.18212875346,Sample,13,5,6.,1,false,true,false,true,108.,94.,100.,84.,11.672878926
1.18212875346,Sample,13,5,11.,1,false,true,false,true,114.,98.,106.,90.,12.070040504
1.18212875346,Sample,13,5,16.,1,false,true,false,true,114.,98.,106.,90.,12.0844596096
1.18212875346,Sample,13,5,21.,1,false,true,false,true,114.,98.,106.,90.,12.0850069811
1.18212875346,Sample,13,5,26.,1,false,true,false,true,114.,98.,106.,90.,12.0850284694
1.18212875346,Sample,13,5,31.,1,false,true,false,true,114.,98.,106.,90.,12.0850293364
1.18212875346,Sample,13,5,36.,1,false,true,false,true,114.,98.,106.,90.,12.0850293722
1.18212875346,Sample,13,5,41.,1,false,true,false,true,114.,98.,106.,90.,12.0850293737
1.18212875346,Sample,13,5,46.,1,false,true,false,true,114.,98.,106.,90.,12.0850293738
1.18212875346,Sample,13,5,51.,1,false,true,false,true,114.,98.,106.,90.,12.0850293738
0.813603144884,Sample,13,3,1.,1,false,true,false,true,14.,14.,24.,22.,0.
0.813603144884,Sample,13,3,6.,1,false,true,false,true,28.,26.,26.,26.,9.549642752
0.813603144884,Sample,13,3,11.,1,false,true,false,true,28.,26.,26.,26.,9.66237889687
0.813603144884,Sample,13,3,16.,1,false,true,false,true,28.,26.,26.,26.,9.66387610957
0.813603144884,Sample,13,3,21.,1,false,true,false,true,28.,26.,26.,26.,9.6638974919
0.813603144884,Sample,13,3,26.,1,false,true,false,true,28.,26.,26.,26.,9.6638978143
0.813603144884,Sample,13,3,31.,1,false,true,false,true,28.,26.,26.,26.,9.66389781938
0.813603144884,Sample,13,3,36.,1,false,true,false,true,28.,26.,26.,26.,9.66389781946
0.813603144884,Sample,13,3,41.,1,false,true,false,true,28.,26.,26.,26.,9.66389781946
0.813603144884,Sample,13,3,46.,1,false,true,false,true,28.,26.,26.,26.,9.66389781946
0.813603144884,Sample,13,3,51.,1,false,true,false,true,28.,26.,26.,26.,9.66389781946
1.23559474764,Sample,13,5,1.,1,false,true,false,true,22.,20.,58.,54.,0.
1.23559474764,Sample,13,5,6.,1,false,true,false,true,68.,54.,64.,58.,11.8980829091
1.23559474764,Sample,13,5,11.,1,false,true,false,true,72.,58.,64.,58.,12.3508766897
1.23559474764,Sample,13,5,16.,1,false,true,false,true,72.,58.,64.,58.,12.3691785725
1.23559474764,Sample,13,5,21.,1,false,true,false,true,72.,58.,64.,58.,12.369950061
1.23559474764,Sample,13,5,26.,1,false,true,false,true,72.,58.,64.,58.,12.3699836301
1.23559474764,Sample,13,5,31.,1,false,true,false,true,72.,58.,64.,58.,12.3699851291
1.23559474764,Sample,13,5,36.,1,false,true,false,true,72.,58.,64.,58.,12.3699851975
1.23559474764,Sample,13,5,41.,1,false,true,false,true,72.,58.,64.,58.,12.3699852007
1.23559474764,Sample,13,5,46.,1,false,true,false,true,72.,58.,64.,58.,12.3699852008
1.23559474764,Sample,13,5,51.,1,false,true,false,true,72.,58.,64.,58.,12.3699852008
0.905506716157,Sample,13,5,1.,1,false,true,false,true,40.,38.,64.,56.,0.
0.905506716157,Sample,13,5,6.,1,false,true,false,true,82.,74.,58.,52.,10.1860376934
0.905506716157,Sample,13,5,11.,1,false,true,false,true,80.,74.,60.,52.,10.3522786261
0.905506716157,Sample,13,5,16.,1,false,true,false,true,80.,74.,60.,52.,10.3552766309
0.905506716157,Sample,13,5,21.,1,false,true,false,true,80.,74.,60.,52.,10.3553342333
0.905506716157,Sample,13,5,26.,1,false,true,false,true,80.,74.,60.,52.,10.3553353935
0.905506716157,Sample,13,5,31.,1,false,true,false,true,80.,74.,60.,52.,10.3553354178
0.905506716157,Sample,13,5,36.,1,false,true,false,true,80.,74.,60.,52.,10.3553354184
0.905506716157,Sample,13,5,41.,1,false,true,false,true,80.,74.,60.,52.,10.3553354184
0.905506716157,Sample,13,5,46.,1,false,true,false,true,80.,74.,60.,52.,10.3553354184
0.905506716157,Sample,13,5,51.,1,false,true,false,true,80.,74.,60.,52.,10.3553354184
1.30237378349,Sample,13,4,1.,1,false,true,false,true,6.,6.,26.,26.,0.
1.30237378349,Sample,13,4,6.,1,false,true,false,true,38.,32.,30.,28.,12.1553922579
1.30237378349,Sample,13,4,11.,1,false,true,false,true,36.,32.,28.,28.,12.681993504
1.30237378349,Sample,13,4,16.,1,false,true,false,true,36.,32.,28.,28.,12.7061003729
1.30237378349,Sample,13,4,21.,1,false,true,false,true,36.,32.,28.,28.,12.7072478873
1.30237378349,Sample,13,4,26.,1,false,true,false,true,36.,32.,28.,28.,12.7073041544
1.30237378349,Sample,13,4,31.,1,false,true,false,true,36.,32.,28.,28.,12.7073069809
1.30237378349,Sample,13,4,36.,1,false,true,false,true,36.,32.,28.,28.,12.7073071259
1.30237378349,Sample,13,4,41.,1,false,true,false,true,36.,32.,28.,28.,12.7073071334
1.30237378349,Sample,13,4,46.,1,false,true,false,true,36.,32.,28.,28.,12.7073071338
1.30237378349,Sample,13,4,51.,1,false,true,false,true,36.,32.,28.,28.,12.7073071338
1.06084384727,Voter,13,4,1.,1,false,true,false,true,12.,12.,16.,14.,0.
1.06084384727,Voter,13,4,6.,1,false,true,false,true,22.,18.,10.,8.,11.0921889943
1.06084384727,Voter,13,4,11.,1,false,true,false,true,22.,18.,10.,8.,11.3757408847
1.06084384727,Voter,13,4,16.,1,false,true,false,true,22.,18.,10.,8.,11.383573865
1.06084384727,Voter,13,4,21.,1,false,true,false,true,22.,18.,10.,8.,11.383801696
1.06084384727,Voter,13,4,26.,1,false,true,false,true,22.,18.,10.,8.,11.3838085831
1.06084384727,Voter,13,4,31.,1,false,true,false,true,22.,18.,10.,8.,11.383808798
1.06084384727,Voter,13,4,36.,1,false,true,false,true,22.,18.,10.,8.,11.3838088049
1.06084384727,Voter,13,4,41.,1,false,true,false,true,22.,18.,10.,8.,11.3838088051
1.06084384727,Voter,13,4,46.,1,false,true,false,true,22.,18.,10.,8.,11.3838088051
1.06084384727,Voter,13,4,51.,1,false,true,false,true,22.,18.,10.,8.,11.3838088051
1.23844172805,Sample,13,5,1.,1,false,true,false,true,40.,38.,102.,88.,0.
1.23844172805,Sample,13,5,6.,1,false,true,false,true,118.,96.,136.,108.,11.9095837197
1.23844172805,Sample,13,5,11.,1,false,true,false,true,124.,96.,142.,112.,12.3654286236
1.23844172805,Sample,13,5,16.,1,false,true,false,true,124.,96.,142.,112.,12.3839557666
1.23844172805,Sample,13,5,21.,1,false,true,false,true,124.,96.,142.,112.,12.3847409673
1.23844172805,Sample,13,5,26.,1,false,true,false,true,124.,96.,142.,112.,12.3847753143
1.23844172805,Sample,13,5,31.,1,false,true,false,true,124.,96.,142.,112.,12.384776856
1.23844172805,Sample,13,5,36.,1,false,true,false,true,124.,96.,142.,112.,12.3847769267
1.23844172805,Sample,13,5,41.,1,false,true,false,true,124.,96.,142.,112.,12.38477693
1.23844172805,Sample,13,5,46.,1,false,true,false,true,124.,96.,142.,112.,12.3847769302
1.23844172805,Sample,13,5,51.,1,false,true,false,true,124.,96.,142.,112.,12.3847769302
1.03142206159,Voter,13,6,1.,1,false,true,false,true,32.,28.,56.,54.,0.
1.03142206159,Voter,13,6,6.,1,false,true,false,true,78.,66.,74.,62.,10.9354437885
1.03142206159,Voter,13,6,11.,1,false,true,false,true,80.,68.,72.,62.,11.1942557598
1.03142206159,Voter,13,6,16.,1,false,true,false,true,80.,68.,72.,62.,11.2008990445
1.03142206159,Voter,13,6,21.,1,false,true,false,true,80.,68.,72.,62.,11.2010789388
1.03142206159,Voter,13,6,26.,1,false,true,false,true,80.,68.,72.,62.,11.2010840087
1.03142206159,Voter,13,6,31.,1,false,true,false,true,80.,68.,72.,62.,11.2010841563
1.03142206159,Voter,13,6,36.,1,false,true,false,true,80.,68.,72.,62.,11.2010841608
1.03142206159,Voter,13,6,41.,1,false,true,false,true,80.,68.,72.,62.,11.2010841609
1.03142206159,Voter,13,6,46.,1,false,true,false,true,80.,68.,72.,62.,11.2010841609
1.03142206159,Voter,13,6,51.,1,false,true,false,true,80.,68.,72.,62.,11.2010841609
1.26495875683,Sample,13,3,1.,1,false,true,false,true,2.,2.,20.,20.,0.
1.26495875683,Sample,13,3,6.,1,false,true,false,true,24.,22.,14.,14.,12.0143975922
1.26495875683,Sample,13,3,11.,1,false,true,false,true,24.,22.,14.,14.,12.4990766613
1.26495875683,Sample,13,3,16.,1,false,true,false,true,24.,22.,14.,14.,12.5197954076
1.26495875683,Sample,13,3,21.,1,false,true,false,true,24.,22.,14.,14.,12.520717832
1.26495875683,Sample,13,3,26.,1,false,true,false,true,24.,22.,14.,14.,12.5207601833
1.26495875683,Sample,13,3,31.,1,false,true,false,true,24.,22.,14.,14.,12.5207621772
1.26495875683,Sample,13,3,36.,1,false,true,false,true,24.,22.,14.,14.,12.5207622731
1.26495875683,Sample,13,3,41.,1,false,true,false,true,24.,22.,14.,14.,12.5207622778
1.26495875683,Sample,13,3,46.,1,false,true,false,true,24.,22.,14.,14.,12.520762278
1.26495875683,Sample,13,3,51.,1,false,true,false,true,24.,22.,14.,14.,12.5207622781
0.865535666222,Sample,13,3,1.,1,false,true,false,true,12.,10.,18.,18.,0.
0.865535666222,Sample,13,3,6.,1,false,true,false,true,40.,34.,38.,38.,9.91920108998
0.865535666222,Sample,13,3,11.,1,false,true,false,true,40.,34.,38.,38.,10.0606987265
0.865535666222,Sample,13,3,16.,1,false,true,false,true,40.,34.,38.,38.,10.0629453872
0.865535666222,Sample,13,3,21.,1,false,true,false,true,40.,34.,38.,38.,10.0629835359
0.865535666222,Sample,13,3,26.,1,false,true,false,true,40.,34.,38.,38.,10.0629842169
0.865535666222,Sample,13,3,31.,1,false,true,false,true,40.,34.,38.,38.,10.0629842296
0.865535666222,Sample,13,3,36.,1,false,true,false,true,40.,34.,38.,38.,10.0629842298
0.865535666222,Sample,13,3,41.,1,false,true,false,true,40.,34.,38.,38.,10.0629842298
0.865535666222,Sample,13,3,46.,1,false,true,false,true,40.,34.,38.,38.,10.0629842298
0.865535666222,Sample,13,3,51.,1,false,true,false,true,40.,34.,38.,38.,10.0629842298
1.14713111883,Sample,13,5,1.,1,false,true,false,true,32.,28.,44.,42.,0.
1.14713111883,Sample,13,5,6.,1,false,true,false,true,74.,64.,50.,46.,11.5156258016
1.14713111883,Sample,13,5,11.,1,false,true,false,true,78.,68.,46.,42.,11.878152478
1.14713111883,Sample,13,5,16.,1,false,true,false,true,78.,68.,46.,42.,11.8903709214
1.14713111883,Sample,13,5,21.,1,false,true,false,true,78.,68.,46.,42.,11.8908023084
1.14713111883,Sample,13,5,26.,1,false,true,false,true,78.,68.,46.,42.,11.8908180796
1.14713111883,Sample,13,5,31.,1,false,true,false,true,78.,68.,46.,42.,11.8908186729
1.14713111883,Sample,13,5,36.,1,false,true,false,true,78.,68.,46.,42.,11.8908186957
1.14713111883,Sample,13,5,41.,1,false,true,false,true,78.,68.,46.,42.,11.8908186966
1.14713111883,Sample,13,5,46.,1,false,true,false,true,78.,68.,46.,42.,11.8908186967
1.14713111883,Sample,13,5,51.,1,false,true,false,true,78.,68.,46.,42.,11.8908186967
1.33064224486,Voter,13,6,1.,1,false,true,false,true,16.,14.,48.,40.,0.
1.33064224486,Voter,13,6,6.,1,false,true,false,true,58.,48.,14.,14.,12.2567611254
1.33064224486,Voter,13,6,11.,1,false,true,false,true,58.,48.,14.,14.,12.8159540494
1.33064224486,Voter,13,6,16.,1,false,true,false,true,58.,48.,14.,14.,12.8428591787
1.33064224486,Voter,13,6,21.,1,false,true,false,true,58.,48.,14.,14.,12.8442036939
1.33064224486,Voter,13,6,26.,1,false,true,false,true,58.,48.,14.,14.,12.8442728492
1.33064224486,Voter,13,6,31.,1,false,true,false,true,58.,48.,14.,14.,12.8442764908
1.33064224486,Voter,13,6,36.,1,false,true,false,true,58.,48.,14.,14.,12.8442766865
1.33064224486,Voter,13,6,41.,1,false,true,false,true,58.,48.,14.,14.,12.8442766972
1.33064224486,Voter,13,6,46.,1,false,true,false,true,58.,48.,14.,14.,12.8442766978
1.33064224486,Voter,13,6,51.,1,false,true,false,true,58.,48.,14.,14.,12.8442766978
0.89303749003,Sample,13,6,1.,1,false,true,false,true,44.,44.,78.,66.,0.
0.89303749003,Sample,13,6,6.,1,false,true,false,true,122.,102.,100.,84.,10.1043830976
0.89303749003,Sample,13,6,11.,1,false,true,false,true,122.,102.,100.,84.,10.262662066
0.89303749003,Sample,13,6,16.,1,false,true,false,true,122.,102.,100.,84.,10.265407731
0.89303749003,Sample,13,6,21.,1,false,true,false,true,122.,102.,100.,84.,10.2654585329
0.89303749003,Sample,13,6,26.,1,false,true,false,true,122.,102.,100.,84.,10.2654595192
0.89303749003,Sample,13,6,31.,1,false,true,false,true,122.,102.,100.,84.,10.2654595391
0.89303749003,Sample,13,6,36.,1,false,true,false,true,122.,102.,100.,84.,10.2654595395
0.89303749003,Sample,13,6,41.,1,false,true,false,true,122.,102.,100.,84.,10.2654595395
0.89303749003,Sample,13,6,46.,1,false,true,false,true,122.,102.,100.,84.,10.2654595395
0.89303749003,Sample,13,6,51.,1,false,true,false,true,122.,102.,100.,84.,10.2654595395
0.875709244639,Sample,13,5,1.,1,false,true,false,true,34.,28.,56.,52.,0.
0.875709244639,Sample,13,5,6.,1,false,true,false,true,66.,56.,52.,46.,9.9885306466
0.875709244639,Sample,13,5,11.,1,false,true,false,true,66.,56.,52.,46.,10.1361109809
0.875709244639,Sample,13,5,16.,1,false,true,false,true,66.,56.,52.,46.,10.138533332
0.875709244639,Sample,13,5,21.,1,false,true,false,true,66.,56.,52.,46.,10.1385758103
0.875709244639,Sample,13,5,26.,1,false,true,false,true,66.,56.,52.,46.,10.1385765928
0.875709244639,Sample,13,5,31.,1,false,true,false,true,66.,56.,52.,46.,10.1385766078
0.875709244639,Sample,13,5,36.,1,false,true,false,true,66.,56.,52.,46.,10.1385766081
0.875709244639,Sample,13,5,41.,1,false,true,false,true,66.,56.,52.,46.,10.1385766081
0.875709244639,Sample,13,5,46.,1,false,true,false,true,66.,56.,52.,46.,10.1385766081
0.875709244639,Sample,13,5,51.,1,false,true,false,true,66.,56.,52.,46.,10.1385766081
1.29339858779,Voter,13,7,1.,1,false,true,false,true,24.,24.,88.,72.,0.
1.29339858779,Voter,13,7,6.,1,false,true,false,true,128.,106.,84.,68.,12.1222898506
1.29339858779,Voter,13,7,11.,1,false,true,false,true,134.,108.,82.,68.,12.6387061344
1.29339858779,Voter,13,7,16.,1,false,true,false,true,134.,108.,82.,68.,12.6619679548
1.29339858779,Voter,13,7,21.,1,false,true,false,true,134.,108.,82.,68.,12.663057913
1.29339858779,Voter,13,7,26.,1,false,true,false,true,134.,108.,82.,68.,12.6631105353
1.29339858779,Voter,13,7,31.,1,false,true,false,true,134.,108.,82.,68.,12.6631131386
1.29339858779,Voter,13,7,36.,1,false,true,false,true,134.,108.,82.,68.,12.6631132701
1.29339858779,Voter,13,7,41.,1,false,true,false,true,134.,108.,82.,68.,12.6631132768
1.29339858779,Voter,13,7,46.,1,false,true,false,true,134.,108.,82.,68.,12.6631132772
1.29339858779,Voter,13,7,51.,1,false,true,false,true,134.,108.,82.,68.,12.6631132772
1.16385500113,Sample,13,6,1.,1,false,true,false,true,42.,38.,108.,94.,0.
1.16385500113,Sample,13,6,6.,1,false,true,false,true,146.,124.,160.,126.,11.5917701911
1.16385500113,Sample,13,6,11.,1,false,true,false,true,154.,124.,160.,126.,11.9706666516
1.16385500113,Sample,13,6,16.,1,false,true,false,true,154.,124.,160.,126.,11.9839043556
1.16385500113,Sample,13,6,21.,1,false,true,false,true,154.,124.,160.,126.,11.9843884056
1.16385500113,Sample,13,6,26.,1,false,true,false,true,154.,124.,160.,126.,11.984406722
1.16385500113,Sample,13,6,31.,1,false,true,false,true,154.,124.,160.,126.,11.9844074347
1.16385500113,Sample,13,6,36.,1,false,true,false,true,154.,124.,160.,126.,11.9844074631
1.16385500113,Sample,13,6,41.,1,false,true,false,true,154.,124.,160.,126.,11.9844074642
1.16385500113,Sample,13,6,46.,1,false,true,false,true,154.,124.,160.,126.,11.9844074643
1.16385500113,Sample,13,6,51.,1,false,true,false,true,154.,124.,160.,126.,11.9844074643
1.25376383301,Sample,13,3,1.,1,false,true,false,true,10.,10.,28.,26.,0.
1.25376383301,Sample,13,3,6.,1,false,true,false,true,26.,24.,24.,24.,11.9706516244
1.25376383301,Sample,13,3,11.,1,false,true,false,true,32.,30.,22.,22.,12.4430667042
1.25376383301,Sample,13,3,16.,1,false,true,false,true,32.,30.,22.,22.,12.4628394328
1.25376383301,Sample,13,3,21.,1,false,true,false,true,32.,30.,22.,22.,12.4637017865
1.25376383301,Sample,13,3,26.,1,false,true,false,true,32.,30.,22.,22.,12.463740586
1.25376383301,Sample,13,3,31.,1,false,true,false,true,32.,30.,22.,22.,12.4637423766
1.25376383301,Sample,13,3,36.,1,false,true,false,true,32.,30.,22.,22.,12.463742461
1.25376383301,Sample,13,3,41.,1,false,true,false,true,32.,30.,22.,22.,12.4637424651
1.25376383301,Sample,13,3,46.,1,false,true,false,true,32.,30.,22.,22.,12.4637424653
1.25376383301,Sample,13,3,51.,1,false,true,false,true,32.,30.,22.,22.,12.4637424653
1.26494097319,Voter,13,6,1.,1,false,true,false,true,14.,14.,60.,52.,0.
1.26494097319,Voter,13,6,6.,1,false,true,false,true,72.,62.,46.,46.,12.0143286778
1.26494097319,Voter,13,6,11.,1,false,true,false,true,72.,62.,46.,46.,12.498988161
1.26494097319,Voter,13,6,16.,1,false,true,false,true,72.,62.,46.,46.,12.5197053803
1.26494097319,Voter,13,6,21.,1,false,true,false,true,72.,62.,46.,46.,12.5206277066
1.26494097319,Voter,13,6,26.,1,false,true,false,true,72.,62.,46.,46.,12.5206700521
1.26494097319,Voter,13,6,31.,1,false,true,false,true,72.,62.,46.,46.,12.5206720457
1.26494097319,Voter,13,6,36.,1,false,true,false,true,72.,62.,46.,46.,12.5206721416
1.26494097319,Voter,13,6,41.,1,false,true,false,true,72.,62.,46.,46.,12.5206721463
1.26494097319,Voter,13,6,46.,1,false,true,false,true,72.,62.,46.,46.,12.5206721465
1.26494097319,Voter,13,6,51.,1,false,true,false,true,72.,62.,46.,46.,12.5206721465
0.858981764486,Voter,13,7,1.,1,false,true,false,true,72.,64.,122.,108.,0.
0.858981764486,Voter,13,7,6.,1,false,true,false,true,198.,162.,152.,124.,9.87401687665
0.858981764486,Voter,13,7,11.,1,false,true,false,true,198.,162.,152.,124.,10.0116738378
0.858981764486,Voter,13,7,16.,1,false,true,false,true,198.,162.,152.,124.,10.0138126248
0.858981764486,Voter,13,7,21.,1,false,true,false,true,198.,162.,152.,124.,10.013848186
0.858981764486,Voter,13,7,26.,1,false,true,false,true,198.,162.,152.,124.,10.0138488079
0.858981764486,Voter,13,7,31.,1,false,true,false,true,198.,162.,152.,124.,10.0138488192
0.858981764486,Voter,13,7,36.,1,false,true,false,true,198.,162.,152.,124.,10.0138488194
0.858981764486,Voter,13,7,41.,1,false,true,false,true,198.,162.,152.,124.,10.0138488194
0.858981764486,Voter,13,7,46.,1,false,true,false,true,198.,162.,152.,124.,10.0138488194
0.858981764486,Voter,13,7,51.,1,false,true,false,true,198.,162.,152.,124.,10.0138488194
0.94880241966,Sample,13,4,1.,1,false,true,false,true,10.,10.,24.,20.,0.
0.94880241966,Sample,13,4,6.,1,false,true,false,true,36.,32.,30.,30.,10.4587807827
0.94880241966,Sample,13,4,11.,1,false,true,false,true,36.,32.,30.,30.,10.6543703329
0.94880241966,Sample,13,4,16.,1,false,true,false,true,36.,32.,30.,30.,10.6583836034
0.94880241966,Sample,13,4,21.,1,false,true,false,true,36.,32.,30.,30.,10.6584710126
0.94880241966,Sample,13,4,26.,1,false,true,false,true,36.,32.,30.,30.,10.6584730029
0.94880241966,Sample,13,4,31.,1,false,true,false,true,36.,32.,30.,30.,10.6584730499
0.94880241966,Sample,13,4,36.,1,false,true,false,true,36.,32.,30.,30.,10.6584730511
0.94880241966,Sample,13,4,41.,1,false,true,false,true,36.,32.,30.,30.,10.6584730511
0.94880241966,Sample,13,4,46.,1,false,true,false,true,36.,32.,30.,30.,10.6584730511
0.94880241966,Sample,13,4,51.,1,false,true,false,true,36.,32.,30.,30.,10.6584730511
0.859774612901,Voter,13,4,1.,1,false,true,false,true,20.,20.,14.,14.,0.
0.859774612901,Voter,13,4,6.,1,false,true,false,true,32.,30.,26.,26.,9.87950485068
0.859774612901,Voter,13,4,11.,1,false,true,false,true,34.,32.,24.,24.,10.0176231881
0.859774612901,Voter,13,4,16.,1,false,true,false,true,34.,32.,24.,24.,10.0197748083
0.859774612901,Voter,13,4,21.,1,false,true,false,true,34.,32.,24.,24.,10.0198106744
0.859774612901,Voter,13,4,26.,1,false,true,false,true,34.,32.,24.,24.,10.0198113033
0.859774612901,Voter,13,4,31.,1,false,true,false,true,34.,32.,24.,24.,10.0198113147
0.859774612901,Voter,13,4,36.,1,false,true,false,true,34.,32.,24.,24.,10.019811315
0.859774612901,Voter,13,4,41.,1,false,true,false,true,34.,32.,24.,24.,10.019811315
0.859774612901,Voter,13,4,46.,1,false,true,false,true,34.,32.,24.,24.,10.019811315
0.859774612901,Voter,13,4,51.,1,false,true,false,true,34.,32.,24.,24.,10.019811315
1.16963340167,Voter,13,4,1.,1,false,true,false,true,6.,6.,14.,14.,0.
1.16963340167,Voter,13,4,6.,1,false,true,false,true,20.,18.,0.,0.,11.6176518916
1.16963340167,Voter,13,4,11.,1,false,true,false,true,20.,18.,0.,0.,12.0022816763
1.16963340167,Voter,13,4,16.,1,false,true,false,true,20.,18.,0.,0.,12.0158852149
1.16963340167,Voter,13,4,21.,1,false,true,false,true,20.,18.,0.,0.,12.0163886162
1.16963340167,Voter,13,4,26.,1,false,true,false,true,20.,18.,0.,0.,12.0164078894
1.16963340167,Voter,13,4,31.,1,false,true,false,true,20.,18.,0.,0.,12.0164086481
1.16963340167,Voter,13,4,36.,1,false,true,false,true,20.,18.,0.,0.,12.0164086786
1.16963340167,Voter,13,4,41.,1,false,true,false,true,20.,18.,0.,0.,12.0164086799
1.16963340167,Voter,13,4,46.,1,false,true,false,true,20.,18.,0.,0.,12.0164086799
1.16963340167,Voter,13,4,51.,1,false,true,false,true,20.,18.,0.,0.,12.0164086799
1.19220861359,Sample,13,6,1.,1,false,true,false,true,28.,26.,70.,56.,0.
1.19220861359,Sample,13,6,6.,1,false,true,false,true,86.,74.,40.,38.,11.7167007679
1.19220861359,Sample,13,6,11.,1,false,true,false,true,88.,76.,38.,38.,12.124103601
1.19220861359,Sample,13,6,16.,1,false,true,false,true,88.,76.,38.,38.,12.1392053968
1.19220861359,Sample,13,6,21.,1,false,true,false,true,88.,76.,38.,38.,12.1397904346
1.19220861359,Sample,13,6,26.,1,false,true,false,true,88.,76.,38.,38.,12.1398138639
1.19220861359,Sample,13,6,31.,1,false,true,false,true,88.,76.,38.,38.,12.1398148279
1.19220861359,Sample,13,6,36.,1,false,true,false,true,88.,76.,38.,38.,12.1398148685
1.19220861359,Sample,13,6,41.,1,false,true,false,true,88.,76.,38.,38.,12.1398148702
1.19220861359,Sample,13,6,46.,1,false,true,false,true,88.,76.,38.,38.,12.1398148703
1.19220861359,Sample,13,6,51.,1,false,true,false,true,88.,76.,38.,38.,12.1398148703
1.22880365778,Sample,13,3,1.,1,false,true,false,true,0.,0.,12.,10.,0.
1.22880365778,Sample,13,3,6.,1,false,true,false,true,12.,12.,12.,12.,11.8704526071
1.22880365778,Sample,13,3,11.,1,false,true,false,true,14.,12.,10.,10.,12.3160038647
1.22880365778,Sample,13,3,16.,1,false,true,false,true,14.,12.,10.,10.,12.3337761492
1.22880365778,Sample,13,3,21.,1,false,true,false,true,14.,12.,10.,10.,12.3345156959
1.22880365778,Sample,13,3,26.,1,false,true,false,true,14.,12.,10.,10.,12.3345474692
1.22880365778,Sample,13,3,31.,1,false,true,false,true,14.,12.,10.,10.,12.3345488703
1.22880365778,Sample,13,3,36.,1,false,true,false,true,14.,12.,10.,10.,12.3345489335
1.22880365778,Sample,13,3,41.,1,false,true,false,true,14.,12.,10.,10.,12.3345489364
1.22880365778,Sample,13,3,46.,1,false,true,false,true,14.,12.,10.,10.,12.3345489365
1.22880365778,Sample,13,3,51.,1,false,true,false,true,14.,12.,10.,10.,12.3345489365
1.22285339032,Voter,13,4,1.,1,false,true,false,true,10.,10.,28.,26.,0.
1.22285339032,Voter,13,4,6.,1,false,true,false,true,40.,34.,34.,32.,11.8460140506
1.22285339032,Voter,13,4,11.,1,false,true,false,true,42.,36.,36.,34.,12.2852609315
1.22285339032,Voter,13,4,16.,1,false,true,false,true,42.,36.,36.,34.,12.3025780761
1.22285339032,Voter,13,4,21.,1,false,true,false,true,42.,36.,36.,34.,12.3032905077
1.22285339032,Voter,13,4,26.,1,false,true,false,true,42.,36.,36.,34.,12.3033207748
1.22285339032,Voter,13,4,31.,1,false,true,false,true,42.,36.,36.,34.,12.3033220948
1.22285339032,Voter,13,4,36.,1,false,true,false,true,42.,36.,36.,34.,12.3033221537
1.22285339032,Voter,13,4,41.,1,false,true,false,true,42.,36.,36.,34.,12.3033221564
1.22285339032,Voter,13,4,46.,1,false,true,false,true,42.,36.,36.,34.,12.3033221565
1.22285339032,Voter,13,4,51.,1,false,true,false,true,42.,36.,36.,34.,12.3033221565
0.837332965163,Sample,13,3,1.,1,false,true,false,true,4.,4.,16.,14.,0.
0.837332965163,Sample,13,3,6.,1,false,true,false,true,20.,20.,16.,16.,9.72181075193
0.837332965163,Sample,13,3,11.,1,false,true,false,true,20.,20.,16.,16.,9.84721465888
0.837332965163,Sample,13,3,16.,1,false,true,false,true,20.,20.,16.,16.,9.84902526446
0.837332965163,Sample,13,3,21.,1,false,true,false,true,20.,20.,16.,16.,9.84905330275
0.837332965163,Sample,13,3,26.,1,false,true,false,true,20.,20.,16.,16.,9.84905376024
0.837332965163,Sample,13,3,31.,1,false,true,false,true,20.,20.,16.,16.,9.84905376802
0.837332965163,Sample,13,3,36.,1,false,true,false,true,20.,20.,16.,16.,9.84905376816
0.837332965163,Sample,13,3,41.,1,false,true,false,true,20.,20.,16.,16.,9.84905376816
0.837332965163,Sample,13,3,46.,1,false,true,false,true,20.,20.,16.,16.,9.84905376816
0.837332965163,Sample,13,3,51.,1,false,true,false,true,20.,20.,16.,16.,9.84905376816
1.34133710612,Voter,13,7,1.,1,false,true,false,true,30.,28.,82.,64.,0.
1.34133710612,Voter,13,7,6.,1,false,true,false,true,96.,74.,56.,50.,12.2939896674
1.34133710612,Voter,13,7,11.,1,false,true,false,true,96.,74.,56.,50.,12.8657109972
1.34133710612,Voter,13,7,16.,1,false,true,false,true,96.,74.,56.,50.,12.8937298568
1.34133710612,Voter,13,7,21.,1,false,true,false,true,96.,74.,56.,50.,12.8951554314
1.34133710612,Voter,13,7,26.,1,false,true,false,true,96.,74.,56.,50.,12.8952300643
1.34133710612,Voter,13,7,31.,1,false,true,false,true,96.,74.,56.,50.,12.8952340635
1.34133710612,Voter,13,7,36.,1,false,true,false,true,96.,74.,56.,50.,12.8952342821
1.34133710612,Voter,13,7,41.,1,false,true,false,true,96.,74.,56.,50.,12.8952342942
1.34133710612,Voter,13,7,46.,1,false,true,false,true,96.,74.,56.,50.,12.8952342949
1.34133710612,Voter,13,7,51.,1,false,true,false,true,96.,74.,56.,50.,12.895234295
1.17698592645,Voter,13,6,1.,1,false,true,false,true,18.,18.,50.,42.,0.
1.17698592645,Voter,13,6,6.,1,false,true,false,true,70.,60.,38.,36.,11.6502705465
1.17698592645,Voter,13,6,11.,1,false,true,false,true,70.,60.,38.,36.,12.042252234
1.17698592645,Voter,13,6,16.,1,false,true,false,true,70.,60.,38.,36.,12.0563315858
1.17698592645,Voter,13,6,21.,1,false,true,false,true,70.,60.,38.,36.,12.0568605022
1.17698592645,Voter,13,6,26.,1,false,true,false,true,70.,60.,38.,36.,12.0568810541
1.17698592645,Voter,13,6,31.,1,false,true,false,true,70.,60.,38.,36.,12.0568818749
1.17698592645,Voter,13,6,36.,1,false,true,false,true,70.,60.,38.,36.,12.0568819085
1.17698592645,Voter,13,6,41.,1,false,true,false,true,70.,60.,38.,36.,12.0568819099
1.17698592645,Voter,13,6,46.,1,false,true,false,true,70.,60.,38.,36.,12.05688191
1.17698592645,Voter,13,6,51.,1,false,true,false,true,70.,60.,38.,36.,12.05688191
0.832369958391,Sample,13,7,1.,1,false,true,false,true,36.,36.,96.,80.,0.
0.832369958391,Sample,13,7,6.,1,false,true,false,true,132.,110.,92.,80.,9.686268963
0.832369958391,Sample,13,7,11.,1,false,true,false,true,134.,112.,86.,76.,9.80895752907
0.832369958391,Sample,13,7,16.,1,false,true,false,true,134.,112.,86.,76.,9.81069872663
0.832369958391,Sample,13,7,21.,1,false,true,false,true,134.,112.,86.,76.,9.8107252445
0.832369958391,Sample,13,7,26.,1,false,true,false,true,134.,112.,86.,76.,9.8107256702
0.832369958391,Sample,13,7,31.,1,false,true,false,true,134.,112.,86.,76.,9.81072567733
0.832369958391,Sample,13,7,36.,1,false,true,false,true,134.,112.,86.,76.,9.81072567745
0.832369958391,Sample,13,7,41.,1,false,true,false,true,134.,112.,86.,76.,9.81072567746
0.832369958391,Sample,13,7,46.,1,false,true,false,true,134.,112.,86.,76.,9.81072567746
0.832369958391,Sample,13,7,51.,1,false,true,false,true,134.,112.,86.,76.,9.81072567746
1.29583814587,Sample,13,3,1.,1,false,true,false,true,16.,16.,28.,26.,0.
1.29583814587,Sample,13,3,6.,1,false,true,false,true,34.,34.,38.,38.,12.1313318515
1.29583814587,Sample,13,3,11.,1,false,true,false,true,34.,34.,38.,38.,12.6505086133
1.29583814587,Sample,13,3,16.,1,false,true,false,true,34.,34.,38.,38.,12.6739980848
1.29583814587,Sample,13,3,21.,1,false,true,false,true,34.,34.,38.,38.,12.6751034577
1.29583814587,Sample,13,3,26.,1,false,true,false,true,34.,34.,38.,38.,12.6751570506
1.29583814587,Sample,13,3,31.,1,false,true,false,true,34.,34.,38.,38.,12.6751597129
1.29583814587,Sample,13,3,36.,1,false,true,false,true,34.,34.,38.,38.,12.675159848
1.29583814587,Sample,13,3,41.,1,false,true,false,true,34.,34.,38.,38.,12.6751598549
1.29583814587,Sample,13,3,46.,1,false,true,false,true,34.,34.,38.,38.,12.6751598553
1.29583814587,Sample,13,3,51.,1,false,true,false,true,34.,34.,38.,38.,12.6751598553
1.03431487084,Sample,13,3,1.,1,false,true,false,true,4.,4.,8.,8.,0.
1.03431487084,Sample,13,3,6.,1,false,true,false,true,14.,14.,2.,2.,10.9511471956
1.03431487084,Sample,13,3,11.,1,false,true,false,true,14.,14.,2.,2.,11.2123407805
1.03431487084,Sample,13,3,16.,1,false,true,false,true,14.,14.,2.,2.,11.219094713
1.03431487084,Sample,13,3,21.,1,false,true,false,true,14.,14.,2.,2.,11.2192789181
1.03431487084,Sample,13,3,26.,1,false,true,false,true,14.,14.,2.,2.,11.2192841461
1.03431487084,Sample,13,3,31.,1,false,true,false,true,14.,14.,2.,2.,11.2192842994
1.03431487084,Sample,13,3,36.,1,false,true,false,true,14.,14.,2.,2.,11.219284304
1.03431487084,Sample,13,3,41.,1,false,true,false,true,14.,14.,2.,2.,11.2192843042
1.03431487084,Sample,13,3,46.,1,false,true,false,true,14.,14.,2.,2.,11.2192843042
1.03431487084,Sample,13,3,51.,1,false,true,false,true,14.,14.,2.,2.,11.2192843042
1.29168933433,Voter,13,3,1.,1,false,true,false,true,8.,8.,8.,8.,0.
1.29168933433,Voter,13,3,6.,1,false,true,false,true,18.,16.,6.,6.,12.115934826
1.29168933433,Voter,13,3,11.,1,false,true,false,true,18.,16.,6.,6.,12.630420543
1.29168933433,Voter,13,3,16.,1,false,true,false,true,18.,16.,6.,6.,12.6535237665
1.29168933433,Voter,13,3,21.,1,false,true,false,true,18.,16.,6.,6.,12.6546030255
1.29168933433,Voter,13,3,26.,1,false,true,false,true,18.,16.,6.,6.,12.6546549767
1.29168933433,Voter,13,3,31.,1,false,true,false,true,18.,16.,6.,6.,12.6546575392
1.29168933433,Voter,13,3,36.,1,false,true,false,true,18.,16.,6.,6.,12.6546576683
1.29168933433,Voter,13,3,41.,1,false,true,false,true,18.,16.,6.,6.,12.6546576749
1.29168933433,Voter,13,3,46.,1,false,true,false,true,18.,16.,6.,6.,12.6546576752
1.29168933433,Voter,13,3,51.,1,false,true,false,true,18.,16.,6.,6.,12.6546576752
0.84818137933,Sample,13,4,1.,1,false,true,false,true,10.,10.,40.,38.,0.
0.84818137933,Sample,13,4,6.,1,false,true,false,true,42.,42.,40.,38.,9.79865385997
0.84818137933,Sample,13,4,11.,1,false,true,false,true,42.,42.,40.,38.,9.93011473486
0.84818137933,Sample,13,4,16.,1,false,true,false,true,42.,42.,40.,38.,9.93208451559
0.84818137933,Sample,13,4,21.,1,false,true,false,true,42.,42.,40.,38.,9.93211613531
0.84818137933,Sample,13,4,26.,1,false,true,false,true,42.,42.,40.,38.,9.93211666966
0.84818137933,Sample,13,4,31.,1,false,true,false,true,42.,42.,40.,38.,9.93211667907
0.84818137933,Sample,13,4,36.,1,false,true,false,true,42.,42.,40.,38.,9.93211667924
0.84818137933,Sample,13,4,41.,1,false,true,false,true,42.,42.,40.,38.,9.93211667925
0.84818137933,Sample,13,4,46.,1,false,true,false,true,42.,42.,40.,38.,9.93211667925
0.84818137933,Sample,13,4,51.,1,false,true,false,true,42.,42.,40.,38.,9.93211667925
1.27921265429,Voter,13,5,1.,1,false,true,false,true,14.,14.,48.,42.,0.
1.27921265429,Voter,13,5,6.,1,false,true,false,true,58.,50.,32.,28.,12.0690480814
1.27921265429,Voter,13,5,11.,1,false,true,false,true,58.,50.,32.,28.,12.5695306467
1.27921265429,Voter,13,5,16.,1,false,true,false,true,58.,50.,32.,28.,12.5914986228
1.27921265429,Voter,13,5,21.,1,false,true,false,true,58.,50.,32.,28.,12.5925022619
1.27921265429,Voter,13,5,26.,1,false,true,false,true,58.,50.,32.,28.,12.5925495274
1.27921265429,Voter,13,5,31.,1,false,true,false,true,58.,50.,32.,28.,12.592551809
1.27921265429,Voter,13,5,36.,1,false,true,false,true,58.,50.,32.,28.,12.5925519215
1.27921265429,Voter,13,5,41.,1,false,true,false,true,58.,50.,32.,28.,12.5925519272
1.27921265429,Voter,13,5,46.,1,false,true,false,true,58.,50.,32.,28.,12.5925519275
1.27921265429,Voter,13,5,51.,1,false,true,false,true,58.,50.,32.,28.,12.5925519275
0.998227997464,Voter,13,7,1.,1,false,true,false,true,20.,20.,60.,54.,0.
0.998227997464,Voter,13,7,6.,1,false,true,false,true,104.,90.,48.,46.,10.7505754454
0.998227997464,Voter,13,7,11.,1,false,true,false,true,106.,92.,50.,48.,10.9828646381
0.998227997464,Voter,13,7,16.,1,false,true,false,true,106.,92.,50.,48.,10.9883320628
0.998227997464,Voter,13,7,21.,1,false,true,false,true,106.,92.,50.,48.,10.9884681411
0.998227997464,Voter,13,7,26.,1,false,true,false,true,106.,92.,50.,48.,10.988471672
0.998227997464,Voter,13,7,31.,1,false,true,false,true,106.,92.,50.,48.,10.9884717668
0.998227997464,Voter,13,7,36.,1,false,true,false,true,106.,92.,50.,48.,10.9884717694
0.998227997464,Voter,13,7,41.,1,false,true,false,true,106.,92.,50.,48.,10.9884717695
0.998227997464,Voter,13,7,46.,1,false,true,false,true,106.,92.,50.,48.,10.9884717695
0.998227997464,Voter,13,7,51.,1,false,true,false,true,106.,92.,50.,48.,10.9884717695
1.12582506543,Voter,13,5,1.,1,false,true,false,true,8.,8.,28.,24.,0.
1.12582506543,Voter,13,5,6.,1,false,true,false,true,54.,46.,38.,36.,11.415906227
1.12582506543,Voter,13,5,11.,1,false,true,false,true,54.,46.,38.,36.,11.7580671911
1.12582506543,Voter,13,5,16.,1,false,true,false,true,54.,46.,38.,36.,11.7690700513
1.12582506543,Voter,13,5,21.,1,false,true,false,true,54.,46.,38.,36.,11.7694411334
1.12582506543,Voter,13,5,26.,1,false,true,false,true,54.,46.,38.,36.,11.7694541037
1.12582506543,Voter,13,5,31.,1,false,true,false,true,54.,46.,38.,36.,11.7694545704
1.12582506543,Voter,13,5,36.,1,false,true,false,true,54.,46.,38.,36.,11.7694545877
1.12582506543,Voter,13,5,41.,1,false,true,false,true,54.,46.,38.,36.,11.7694545883
1.12582506543,Voter,13,5,46.,1,false,true,false,true,54.,46.,38.,36.,11.7694545883
1.12582506543,Voter,13,5,51.,1,false,true,false,true,54.,46.,38.,36.,11.7694545883
1.2991042594,Voter,13,4,1.,1,false,true,false,true,8.,8.,18.,14.,0.
1.2991042594,Voter,13,4,6.,1,false,true,false,true,20.,18.,10.,10.,12.1433854447
1.2991042594,Voter,13,4,11.,1,false,true,false,true,22.,20.,12.,12.,12.6662672303
1.2991042594,Voter,13,4,16.,1,false,true,false,true,22.,20.,12.,12.,12.6900638684
1.2991042594,Voter,13,4,21.,1,false,true,false,true,22.,20.,12.,12.,12.6911901463
1.2991042594,Voter,13,4,26.,1,false,true,false,true,22.,20.,12.,12.,12.691245062
1.2991042594,Voter,13,4,31.,1,false,true,false,true,22.,20.,12.,12.,12.6912478053
1.2991042594,Voter,13,4,36.,1,false,true,false,true,22.,20.,12.,12.,12.6912479452
1.2991042594,Voter,13,4,41.,1,false,true,false,true,22.,20.,12.,12.,12.6912479525
1.2991042594,Voter,13,4,46.,1,false,true,false,true,22.,20.,12.,12.,12.6912479529
1.2991042594,Voter,13,4,51.,1,false,true,false,true,22.,20.,12.,12.,12.6912479529
1.09315597461,Sample,13,7,1.,1,false,true,false,true,64.,58.,134.,108.,0.
1.09315597461,Sample,13,7,6.,1,false,true,false,true,164.,132.,146.,122.,11.2569274515
1.09315597461,Sample,13,7,11.,1,false,true,false,true,164.,132.,146.,122.,11.5689519283
1.09315597461,Sample,13,7,16.,1,false,true,false,true,164.,132.,146.,122.,11.5782635884
1.09315597461,Sample,13,7,21.,1,false,true,false,true,164.,132.,146.,122.,11.5785555892
1.09315597461,Sample,13,7,26.,1,false,true,false,true,164.,132.,146.,122.,11.578565092
1.09315597461,Sample,13,7,31.,1,false,true,false,true,164.,132.,146.,122.,11.5785654107
1.09315597461,Sample,13,7,36.,1,false,true,false,true,164.,132.,146.,122.,11.5785654217
1.09315597461,Sample,13,7,41.,1,false,true,false,true,164.,132.,146.,122.,11.5785654221
1.09315597461,Sample,13,7,46.,1,false,true,false,true,164.,132.,146.,122.,11.5785654221
1.09315597461,Sample,13,7,51.,1,false,true,false,true,164.,132.,146.,122.,11.5785654221
1.1727055389,Sample,13,5,1.,1,false,true,false,true,6.,6.,32.,28.,0.
1.1727055389,Sample,13,5,6.,1,false,true,false,true,42.,36.,16.,16.,11.6313236473
1.1727055389,Sample,13,5,11.,1,false,true,false,true,44.,38.,14.,14.,12.019017608
1.1727055389,Sample,13,5,16.,1,false,true,false,true,44.,38.,14.,14.,12.0328185451
1.1727055389,Sample,13,5,21.,1,false,true,false,true,44.,38.,14.,14.,12.0333324845
1.1727055389,Sample,13,5,26.,1,false,true,false,true,44.,38.,14.,14.,12.0333522835
1.1727055389,Sample,13,5,31.,1,false,true,false,true,44.,38.,14.,14.,12.0333530676
1.1727055389,Sample,13,5,36.,1,false,true,false,true,44.,38.,14.,14.,12.0333530994
1.1727055389,Sample,13,5,41.,1,false,true,false,true,44.,38.,14.,14.,12.0333531007
1.1727055389,Sample,13,5,46.,1,false,true,false,true,44.,38.,14.,14.,12.0333531008
1.1727055389,Sample,13,5,51.,1,false,true,false,true,44.,38.,14.,14.,12.0333531008
1.16238885062,Sample,13,6,1.,1,false,true,false,true,44.,40.,100.,82.,0.
1.16238885062,Sample,13,6,6.,1,false,true,false,true,110.,94.,130.,102.,11.5851685326
1.16238885062,Sample,13,6,11.,1,false,true,false,true,118.,100.,134.,100.,11.9626165561
1.16238885062,Sample,13,6,16.,1,false,true,false,true,118.,100.,134.,100.,11.975762563
1.16238885062,Sample,13,6,21.,1,false,true,false,true,118.,100.,134.,100.,11.9762417993
1.16238885062,Sample,13,6,26.,1,false,true,false,true,118.,100.,134.,100.,11.9762598794
1.16238885062,Sample,13,6,31.,1,false,true,false,true,118.,100.,134.,100.,11.9762605808
1.16238885062,Sample,13,6,36.,1,false,true,false,true,118.,100.,134.,100.,11.9762606087
1.16238885062,Sample,13,6,41.,1,false,true,false,true,118.,100.,134.,100.,11.9762606098
1.16238885062,Sample,13,6,46.,1,false,true,false,true,118.,100.,134.,100.,11.9762606099
1.16238885062,Sample,13,6,51.,1,false,true,false,true,118.,100.,134.,100.,11.9762606099
1.30150823967,Voter,13,6,1.,1,false,true,false,true,18.,16.,46.,44.,0.
1.30150823967,Voter,13,6,6.,1,false,true,false,true,76.,64.,44.,44.,12.152219452
1.30150823967,Voter,13,6,11.,1,false,true,false,true,80.,68.,48.,48.,12.6778350162
1.30150823967,Voter,13,6,16.,1,false,true,false,true,80.,68.,48.,48.,12.7018594897
1.30150823967,Voter,13,6,21.,1,false,true,false,true,80.,68.,48.,48.,12.7030013518
1.30150823967,Voter,13,6,26.,1,false,true,false,true,80.,68.,48.,48.,12.7030572585
1.30150823967,Voter,13,6,31.,1,false,true,false,true,80.,68.,48.,48.,12.7030600627
1.30150823967,Voter,13,6,36.,1,false,true,false,true,80.,68.,48.,48.,12.7030602063
1.30150823967,Voter,13,6,41.,1,false,true,false,true,80.,68.,48.,48.,12.7030602138
1.30150823967,Voter,13,6,46.,1,false,true,false,true,80.,68.,48.,48.,12.7030602142
1.30150823967,Voter,13,6,51.,1,false,true,false,true,80.,68.,48.,48.,12.7030602142
1.39483574043,Voter,13,6,1.,1,false,true,false,true,18.,18.,48.,44.,0.
1.39483574043,Voter,13,6,6.,1,false,true,false,true,72.,58.,34.,34.,12.4713010726
1.39483574043,Voter,13,6,11.,1,false,true,false,true,74.,62.,36.,36.,13.1072429562
1.39483574043,Voter,13,6,16.,1,false,true,false,true,74.,62.,36.,36.,13.1413012291
1.39483574043,Voter,13,6,21.,1,false,true,false,true,74.,62.,36.,36.,13.1431910756
1.39483574043,Voter,13,6,26.,1,false,true,false,true,74.,62.,36.,36.,13.1432988267
1.39483574043,Voter,13,6,31.,1,false,true,false,true,74.,62.,36.,36.,13.1433051077
1.39483574043,Voter,13,6,36.,1,false,true,false,true,74.,62.,36.,36.,13.1433054808
1.39483574043,Voter,13,6,41.,1,false,true,false,true,74.,62.,36.,36.,13.1433055034
1.39483574043,Voter,13,6,46.,1,false,true,false,true,74.,62.,36.,36.,13.1433055047
1.39483574043,Voter,13,6,51.,1,false,true,false,true,74.,62.,36.,36.,13.1433055048
1.04094977246,Voter,13,7,1.,1,false,true,false,true,28.,28.,76.,68.,0.
1.04094977246,Voter,13,7,6.,1,false,true,false,true,96.,82.,56.,54.,10.9869218456
1.04094977246,Voter,13,7,11.,1,false,true,false,true,96.,82.,56.,54.,11.2536199631
1.04094977246,Voter,13,7,16.,1,false,true,false,true,96.,82.,56.,54.,11.2606328034
1.04094977246,Voter,13,7,21.,1,false,true,false,true,96.,82.,56.,54.,11.2608272162
1.04094977246,Voter,13,7,26.,1,false,true,false,true,96.,82.,56.,54.,11.2608328228
1.04094977246,Voter,13,7,31.,1,false,true,false,true,96.,82.,56.,54.,11.2608329898
1.04094977246,Voter,13,7,36.,1,false,true,false,true,96.,82.,56.,54.,11.2608329949
1.04094977246,Voter,13,7,41.,1,false,true,false,true,96.,82.,56.,54.,11.2608329951
1.04094977246,Voter,13,7,46.,1,false,true,false,true,96.,82.,56.,54.,11.2608329951
1.04094977246,Voter,13,7,51.,1,false,true,false,true,96.,82.,56.,54.,11.2608329951
0.92070088051,Voter,13,3,1.,1,false,true,false,true,20.,20.,30.,28.,0.
0.92070088051,Voter,13,3,6.,1,false,true,false,true,40.,40.,50.,44.,10.283637497
0.92070088051,Voter,13,3,11.,1,false,true,false,true,40.,40.,50.,44.,10.4598775142
0.92070088051,Voter,13,3,16.,1,false,true,false,true,40.,40.,50.,44.,10.4632064638
0.92070088051,Voter,13,3,21.,1,false,true,false,true,40.,40.,50.,44.,10.463273366
0.92070088051,Voter,13,3,26.,1,false,true,false,true,40.,40.,50.,44.,10.4632747742
0.92070088051,Voter,13,3,31.,1,false,true,false,true,40.,40.,50.,44.,10.4632748049
0.92070088051,Voter,13,3,36.,1,false,true,false,true,40.,40.,50.,44.,10.4632748056
0.92070088051,Voter,13,3,41.,1,false,true,false,true,40.,40.,50.,44.,10.4632748057
0.92070088051,Voter,13,3,46.,1,false,true,false,true,40.,40.,50.,44.,10.4632748057
0.92070088051,Voter,13,3,51.,1,false,true,false,true,40.,40.,50.,44.,10.4632748057
1.30614733139,Sample,13,7,1.,1,false,true,false,true,58.,56.,148.,122.,0.
1.30614733139,Sample,13,7,6.,1,false,true,false,true,154.,126.,148.,122.,12.169176486
1.30614733139,Sample,13,7,11.,1,false,true,false,true,170.,134.,148.,124.,12.7000836522
1.30614733139,Sample,13,7,16.,1,false,true,false,true,172.,134.,150.,126.,12.7245520025
1.30614733139,Sample,13,7,21.,1,false,true,false,true,172.,134.,150.,126.,12.7257244165
1.30614733139,Sample,13,7,26.,1,false,true,false,true,172.,134.,150.,126.,12.7257822779
1.30614733139,Sample,13,7,31.,1,false,true,false,true,172.,134.,150.,126.,12.7257852031
1.30614733139,Sample,13,7,36.,1,false,true,false,true,172.,134.,150.,126.,12.725785354
1.30614733139,Sample,13,7,41.,1,false,true,false,true,172.,134.,150.,126.,12.7257853619
1.30614733139,Sample,13,7,46.,1,false,true,false,true,172.,134.,150.,126.,12.7257853624
1.30614733139,Sample,13,7,51.,1,false,true,false,true,172.,134.,150.,126.,12.7257853624
1.1493501119,Sample,13,3,1.,1,false,true,false,true,6.,6.,4.,4.,0.
1.1493501119,Sample,13,3,6.,1,false,true,false,true,18.,18.,12.,12.,11.5258356616
1.1493501119,Sample,13,3,11.,1,false,true,false,true,18.,18.,12.,12.,11.8905150774
1.1493501119,Sample,13,3,16.,1,false,true,false,true,18.,18.,12.,12.,11.9028654188
1.1493501119,Sample,13,3,21.,1,false,true,false,true,18.,18.,12.,12.,11.903303515
1.1493501119,Sample,13,3,26.,1,false,true,false,true,18.,18.,12.,12.,11.9033196055
1.1493501119,Sample,13,3,31.,1,false,true,false,true,18.,18.,12.,12.,11.9033202135
1.1493501119,Sample,13,3,36.,1,false,true,false,true,18.,18.,12.,12.,11.903320237
1.1493501119,Sample,13,3,41.,1,false,true,false,true,18.,18.,12.,12.,11.903320238
1.1493501119,Sample,13,3,46.,1,false,true,false,true,18.,18.,12.,12.,11.903320238
1.1493501119,Sample,13,3,51.,1,false,true,false,true,18.,18.,12.,12.,11.903320238
1.00309010245,Voter,13,3,1.,1,false,true,false,true,2.,2.,6.,6.,0.
1.00309010245,Voter,13,3,6.,1,false,true,false,true,10.,10.,2.,2.,10.7781989369
1.00309010245,Voter,13,3,11.,1,false,true,false,true,10.,10.,2.,2.,11.0142798103
1.00309010245,Voter,13,3,16.,1,false,true,false,true,10.,10.,2.,2.,11.0199089677
1.00309010245,Voter,13,3,21.,1,false,true,false,true,10.,10.,2.,2.,11.0200508489
1.00309010245,Voter,13,3,26.,1,false,true,false,true,10.,10.,2.,2.,11.0200545762
1.00309010245,Voter,13,3,31.,1,false,true,false,true,10.,10.,2.,2.,11.0200546775
1.00309010245,Voter,13,3,36.,1,false,true,false,true,10.,10.,2.,2.,11.0200546803
1.00309010245,Voter,13,3,41.,1,false,true,false,true,10.,10.,2.,2.,11.0200546804
1.00309010245,Voter,13,3,46.,1,false,true,false,true,10.,10.,2.,2.,11.0200546804
1.00309010245,Voter,13,3,51.,1,false,true,false,true,10.,10.,2.,2.,11.0200546804
0.809657774206,Sample,13,5,1.,1,false,true,false,true,56.,46.,100.,84.,0.
0.809657774206,Sample,13,5,6.,1,false,true,false,true,108.,90.,128.,100.,9.52046524992
0.809657774206,Sample,13,5,11.,1,false,true,false,true,108.,90.,128.,100.,9.63117238755
0.809657774206,Sample,13,5,16.,1,false,true,false,true,108.,90.,128.,100.,9.63262188143
0.809657774206,Sample,13,5,21.,1,false,true,false,true,108.,90.,128.,100.,9.63264229903
0.809657774206,Sample,13,5,26.,1,false,true,false,true,108.,90.,128.,100.,9.63264260277
0.809657774206,Sample,13,5,31.,1,false,true,false,true,108.,90.,128.,100.,9.6326426075
0.809657774206,Sample,13,5,36.,1,false,true,false,true,108.,90.,128.,100.,9.63264260757
0.809657774206,Sample,13,5,41.,1,false,true,false,true,108.,90.,128.,100.,9.63264260757
0.809657774206,Sample,13,5,46.,1,false,true,false,true,108.,90.,128.,100.,9.63264260757
0.809657774206,Sample,13,5,51.,1,false,true,false,true,108.,90.,128.,100.,9.63264260757
1.22787507326,Sample,13,5,1.,1,false,true,false,true,22.,22.,60.,52.,0.
1.22787507326,Sample,13,5,6.,1,false,true,false,true,92.,82.,66.,62.,11.8666529276
1.22787507326,Sample,13,5,11.,1,false,true,false,true,96.,86.,70.,64.,12.3112177824
1.22787507326,Sample,13,5,16.,1,false,true,false,true,96.,86.,70.,64.,12.3289184942
1.22787507326,Sample,13,5,21.,1,false,true,false,true,96.,86.,70.,64.,12.3296537562
1.22787507326,Sample,13,5,26.,1,false,true,false,true,96.,86.,70.,64.,12.3296852904
1.22787507326,Sample,13,5,31.,1,false,true,false,true,96.,86.,70.,64.,12.3296866786
1.22787507326,Sample,13,5,36.,1,false,true,false,true,96.,86.,70.,64.,12.329686741
1.22787507326,Sample,13,5,41.,1,false,true,false,true,96.,86.,70.,64.,12.3296867439
1.22787507326,Sample,13,5,46.,1,false,true,false,true,96.,86.,70.,64.,12.329686744
1.22787507326,Sample,13,5,51.,1,false,true,false,true,96.,86.,70.,64.,12.3296867441
1.37577656158,Voter,13,5,1.,1,false,true,false,true,8.,8.,22.,20.,0.
1.37577656158,Voter,13,5,6.,1,false,true,false,true,32.,26.,10.,10.,12.4098064667
1.37577656158,Voter,13,5,11.,1,false,true,false,true,32.,26.,10.,10.,13.022580777
1.37577656158,Voter,13,5,16.,1,false,true,false,true,32.,26.,10.,10.,13.0543966917
1.37577656158,Voter,13,5,21.,1,false,true,false,true,32.,26.,10.,10.,13.0561094273
1.37577656158,Voter,13,5,26.,1,false,true,false,true,32.,26.,10.,10.,13.0562042122
1.37577656158,Voter,13,5,31.,1,false,true,false,true,32.,26.,10.,10.,13.0562095772
1.37577656158,Voter,13,5,36.,1,false,true,false,true,32.,26.,10.,10.,13.0562098868
1.37577656158,Voter,13,5,41.,1,false,true,false,true,32.,26.,10.,10.,13.0562099049
1.37577656158,Voter,13,5,46.,1,false,true,false,true,32.,26.,10.,10.,13.056209906
1.37577656158,Voter,13,5,51.,1,false,true,false,true,32.,26.,10.,10.,13.0562099061
0.927660133775,Sample,13,7,1.,1,false,true,false,true,88.,72.,178.,146.,0.
0.927660133775,Sample,13,7,6.,1,false,true,false,true,216.,150.,198.,154.,10.3276540549
0.927660133775,Sample,13,7,11.,1,false,true,false,true,222.,152.,204.,154.,10.5085825864
0.927660133775,Sample,13,7,16.,1,false,true,false,true,222.,152.,204.,154.,10.5120720602
0.927660133775,Sample,13,7,21.,1,false,true,false,true,222.,152.,204.,154.,10.5121436224
0.927660133775,Sample,13,7,26.,1,false,true,false,true,222.,152.,204.,154.,10.5121451588
0.927660133775,Sample,13,7,31.,1,false,true,false,true,222.,152.,204.,154.,10.512145193
0.927660133775,Sample,13,7,36.,1,false,true,false,true,222.,152.,204.,154.,10.5121451938
0.927660133775,Sample,13,7,41.,1,false,true,false,true,222.,152.,204.,154.,10.5121451938
0.927660133775,Sample,13,7,46.,1,false,true,false,true,222.,152.,204.,154.,10.5121451938
0.927660133775,Sample,13,7,51.,1,false,true,false,true,222.,152.,204.,154.,10.5121451938
1.21449866749,Sample,13,3,1.,1,false,true,false,true,6.,6.,10.,10.,0.
1.21449866749,Sample,13,3,6.,1,false,true,false,true,12.,12.,0.,0.,11.811335608
1.21449866749,Sample,13,3,11.,1,false,true,false,true,12.,12.,0.,0.,12.2417964804
1.21449866749,Sample,13,3,16.,1,false,true,false,true,12.,12.,0.,0.,12.2584884343
1.21449866749,Sample,13,3,21.,1,false,true,false,true,12.,12.,0.,0.,12.2591641347
1.21449866749,Sample,13,3,26.,1,false,true,false,true,12.,12.,0.,0.,12.259192389
1.21449866749,Sample,13,3,31.,1,false,true,false,true,12.,12.,0.,0.,12.2591936021
1.21449866749,Sample,13,3,36.,1,false,true,false,true,12.,12.,0.,0.,12.2591936553
1.21449866749,Sample,13,3,41.,1,false,true,false,true,12.,12.,0.,0.,12.2591936577
1.21449866749,Sample,13,3,46.,1,false,true,false,true,12.,12.,0.,0.,12.2591936578
1.21449866749,Sample,13,3,51.,1,false,true,false,true,12.,12.,0.,0.,12.2591936578
0.979039890465,Voter,13,6,1.,1,false,true,false,true,8.,8.,50.,46.,0.
0.979039890465,Voter,13,6,6.,1,false,true,false,true,56.,50.,30.,30.,10.6396945694
0.979039890465,Voter,13,6,11.,1,false,true,false,true,56.,50.,30.,30.,10.8573356507
0.979039890465,Voter,13,6,16.,1,false,true,false,true,56.,50.,30.,30.,10.8621983885
0.979039890465,Voter,13,6,21.,1,false,true,false,true,56.,50.,30.,30.,10.8623134404
0.979039890465,Voter,13,6,26.,1,false,true,false,true,56.,50.,30.,30.,10.8623162813
0.979039890465,Voter,13,6,31.,1,false,true,false,true,56.,50.,30.,30.,10.8623163539
0.979039890465,Voter,13,6,36.,1,false,true,false,true,56.,50.,30.,30.,10.8623163558
0.979039890465,Voter,13,6,41.,1,false,true,false,true,56.,50.,30.,30.,10.8623163559
0.979039890465,Voter,13,6,46.,1,false,true,false,true,56.,50.,30.,30.,10.8623163559
0.979039890465,Voter,13,6,51.,1,false,true,false,true,56.,50.,30.,30.,10.8623163559
1.20632103883,Voter,13,4,1.,1,false,true,false,true,2.,2.,16.,16.,0.
1.20632103883,Voter,13,4,6.,1,false,true,false,true,22.,22.,4.,4.,11.7769761897
1.20632103883,Voter,13,4,11.,1,false,true,false,true,22.,22.,4.,4.,12.1989125784
1.20632103883,Voter,13,4,16.,1,false,true,false,true,22.,22.,4.,4.,12.2150081072
1.20632103883,Voter,13,4,21.,1,false,true,false,true,22.,22.,4.,4.,12.2156493314
1.20632103883,Voter,13,4,26.,1,false,true,false,true,22.,22.,4.,4.,12.2156757263
1.20632103883,Voter,13,4,31.,1,false,true,false,true,22.,22.,4.,4.,12.2156768422
1.20632103883,Voter,13,4,36.,1,false,true,false,true,22.,22.,4.,4.,12.2156768905
1.20632103883,Voter,13,4,41.,1,false,true,false,true,22.,22.,4.,4.,12.2156768926
1.20632103883,Voter,13,4,46.,1,false,true,false,true,22.,22.,4.,4.,12.2156768927
1.20632103883,Voter,13,4,51.,1,false,true,false,true,22.,22.,4.,4.,12.2156768927
1.00743145845,Voter,13,3,1.,1,false,true,false,true,6.,6.,4.,4.,0.
1.00743145845,Voter,13,3,6.,1,false,true,false,true,16.,16.,10.,10.,10.8027042219
1.00743145845,Voter,13,3,11.,1,false,true,false,true,16.,16.,10.,10.,11.0421978528
1.00743145845,Voter,13,3,16.,1,false,true,false,true,16.,16.,10.,10.,11.0479744035
1.00743145845,Voter,13,3,21.,1,false,true,false,true,16.,16.,10.,10.,11.048121637
1.00743145845,Voter,13,3,26.,1,false,true,false,true,16.,16.,10.,10.,11.0481255475
1.00743145845,Voter,13,3,31.,1,false,true,false,true,16.,16.,10.,10.,11.0481256549
1.00743145845,Voter,13,3,36.,1,false,true,false,true,16.,16.,10.,10.,11.0481256579
1.00743145845,Voter,13,3,41.,1,false,true,false,true,16.,16.,10.,10.,11.048125658
1.00743145845,Voter,13,3,46.,1,false,true,false,true,16.,16.,10.,10.,11.048125658
1.00743145845,Voter,13,3,51.,1,false,true,false,true,16.,16.,10.,10.,11.048125658
1.1008657524,Sample,13,3,1.,1,false,true,false,true,8.,6.,24.,22.,0.
1.1008657524,Sample,13,3,6.,1,false,true,false,true,26.,24.,26.,26.,11.2951215938
1.1008657524,Sample,13,3,11.,1,false,true,false,true,30.,28.,22.,22.,11.6141373277
1.1008657524,Sample,13,3,16.,1,false,true,false,true,30.,28.,22.,22.,11.623829825
1.1008657524,Sample,13,3,21.,1,false,true,false,true,30.,28.,22.,22.,11.6241391232
1.1008657524,Sample,13,3,26.,1,false,true,false,true,30.,28.,22.,22.,11.6241493628
1.1008657524,Sample,13,3,31.,1,false,true,false,true,30.,28.,22.,22.,11.6241497121
1.1008657524,Sample,13,3,36.,1,false,true,false,true,30.,28.,22.,22.,11.6241497244
1.1008657524,Sample,13,3,41.,1,false,true,false,true,30.,28.,22.,22.,11.6241497248
1.1008657524,Sample,13,3,46.,1,false,true,false,true,30.,28.,22.,22.,11.6241497248
1.1008657524,Sample,13,3,51.,1,false,true,false,true,30.,28.,22.,22.,11.6241497248
0.865735450835,Voter,13,4,1.,1,false,true,false,true,24.,22.,36.,34.,0.
0.865735450835,Voter,13,4,6.,1,false,true,false,true,64.,54.,64.,52.,9.9205720073
0.865735450835,Voter,13,4,11.,1,false,true,false,true,66.,56.,66.,54.,10.0621876785
0.865735450835,Voter,13,4,16.,1,false,true,false,true,66.,56.,66.,54.,10.064437692
0.865735450835,Voter,13,4,21.,1,false,true,false,true,66.,56.,66.,54.,10.064475922
0.865735450835,Voter,13,4,26.,1,false,true,false,true,66.,56.,66.,54.,10.0644766049
0.865735450835,Voter,13,4,31.,1,false,true,false,true,66.,56.,66.,54.,10.0644766176
0.865735450835,Voter,13,4,36.,1,false,true,false,true,66.,56.,66.,54.,10.0644766179
0.865735450835,Voter,13,4,41.,1,false,true,false,true,66.,56.,66.,54.,10.0644766179
0.865735450835,Voter,13,4,46.,1,false,true,false,true,66.,56.,66.,54.,10.0644766179
0.865735450835,Voter,13,4,51.,1,false,true,false,true,66.,56.,66.,54.,10.0644766179
0.871064492774,Sample,13,6,1.,1,false,true,false,true,34.,32.,122.,102.,0.
0.871064492774,Sample,13,6,6.,1,false,true,false,true,164.,134.,160.,136.,9.95699973102
0.871064492774,Sample,13,6,11.,1,false,true,false,true,172.,138.,168.,140.,10.1017847732
0.871064492774,Sample,13,6,16.,1,false,true,false,true,172.,138.,168.,140.,10.1041256506
0.871064492774,Sample,13,6,21.,1,false,true,false,true,172.,138.,168.,140.,10.1041661035
0.871064492774,Sample,13,6,26.,1,false,true,false,true,172.,138.,168.,140.,10.1041668382
0.871064492774,Sample,13,6,31.,1,false,true,false,true,172.,138.,168.,140.,10.1041668521
0.871064492774,Sample,13,6,36.,1,false,true,false,true,172.,138.,168.,140.,10.1041668524
0.871064492774,Sample,13,6,41.,1,false,true,false,true,172.,138.,168.,140.,10.1041668524
0.871064492774,Sample,13,6,46.,1,false,true,false,true,172.,138.,168.,140.,10.1041668524
0.871064492774,Sample,13,6,51.,1,false,true,false,true,172.,138.,168.,140.,10.1041668524
1.18772332794,Voter,13,6,1.,1,false,true,false,true,14.,12.,38.,36.,0.
1.18772332794,Voter,13,6,6.,1,false,true,false,true,54.,50.,26.,26.,11.6972809643
1.18772332794,Voter,13,6,11.,1,false,true,false,true,64.,58.,32.,32.,12.1001122427
1.18772332794,Voter,13,6,16.,1,false,true,false,true,64.,58.,32.,32.,12.1149074986
1.18772332794,Voter,13,6,21.,1,false,true,false,true,64.,58.,32.,32.,12.115475528
1.18772332794,Voter,13,6,26.,1,false,true,false,true,64.,58.,32.,32.,12.1154980761
1.18772332794,Voter,13,6,31.,1,false,true,false,true,64.,58.,32.,32.,12.1154989958
1.18772332794,Voter,13,6,36.,1,false,true,false,true,64.,58.,32.,32.,12.1154990342
1.18772332794,Voter,13,6,41.,1,false,true,false,true,64.,58.,32.,32.,12.1154990359
1.18772332794,Voter,13,6,46.,1,false,true,false,true,64.,58.,32.,32.,12.1154990359
1.18772332794,Voter,13,6,51.,1,false,true,false,true,64.,58.,32.,32.,12.1154990359
0.883988268573,Voter,13,4,1.,1,false,true,false,true,6.,6.,8.,8.,0.
0.883988268573,Voter,13,4,6.,1,false,true,false,true,18.,16.,4.,4.,10.0442305503
0.883988268573,Voter,13,4,11.,1,false,true,false,true,18.,16.,4.,4.,10.196869292
0.883988268573,Voter,13,4,16.,1,false,true,false,true,18.,16.,4.,4.,10.1994422458
0.883988268573,Voter,13,4,21.,1,false,true,false,true,18.,16.,4.,4.,10.1994885452
0.883988268573,Voter,13,4,26.,1,false,true,false,true,18.,16.,4.,4.,10.19948942
0.883988268573,Voter,13,4,31.,1,false,true,false,true,18.,16.,4.,4.,10.1994894372
0.883988268573,Voter,13,4,36.,1,false,true,false,true,18.,16.,4.,4.,10.1994894375
0.883988268573,Voter,13,4,41.,1,false,true,false,true,18.,16.,4.,4.,10.1994894375
0.883988268573,Voter,13,4,46.,1,false,true,false,true,18.,16.,4.,4.,10.1994894375
0.883988268573,Voter,13,4,51.,1,false,true,false,true,18.,16.,4.,4.,10.1994894375
1.38517596913,Sample,13,3,1.,1,false,true,false,true,2.,2.,14.,14.,0.
1.38517596913,Sample,13,3,6.,1,false,true,false,true,14.,14.,6.,6.,12.4403611975
1.38517596913,Sample,13,3,11.,1,false,true,false,true,16.,16.,4.,4.,13.0645221449
1.38517596913,Sample,13,3,16.,1,false,true,false,true,16.,16.,4.,4.,13.0974311967
1.38517596913,Sample,13,3,21.,1,false,true,false,true,16.,16.,4.,4.,13.0992295934
1.38517596913,Sample,13,3,26.,1,false,true,false,true,16.,16.,4.,4.,13.0993306009
1.38517596913,Sample,13,3,31.,1,false,true,false,true,16.,16.,4.,4.,13.0993364021
1.38517596913,Sample,13,3,36.,1,false,true,false,true,16.,16.,4.,4.,13.0993367417
1.38517596913,Sample,13,3,41.,1,false,true,false,true,16.,16.,4.,4.,13.0993367619
1.38517596913,Sample,13,3,46.,1,false,true,false,true,16.,16.,4.,4.,13.0993367631
1.38517596913,Sample,13,3,51.,1,false,true,false,true,16.,16.,4.,4.,13.0993367632
1.35890042042,Voter,13,3,1.,1,false,true,false,true,0.,0.,8.,8.,0.
1.35890042042,Voter,13,3,6.,1,false,true,false,true,8.,8.,0.,0.,12.353820119
1.35890042042,Voter,13,3,11.,1,false,true,false,true,8.,8.,0.,0.,12.946344425
1.35890042042,Voter,13,3,16.,1,false,true,false,true,8.,8.,0.,0.,12.9762591553
1.35890042042,Voter,13,3,21.,1,false,true,false,true,8.,8.,0.,0.,12.9778260587
1.35890042042,Voter,13,3,26.,1,false,true,false,true,8.,8.,0.,0.,12.9779104688
1.35890042042,Voter,13,3,31.,1,false,true,false,true,8.,8.,0.,0.,12.9779151213
1.35890042042,Voter,13,3,36.,1,false,true,false,true,8.,8.,0.,0.,12.9779153828
1.35890042042,Voter,13,3,41.,1,false,true,false,true,8.,8.,0.,0.,12.9779153977
1.35890042042,Voter,13,3,46.,1,false,true,false,true,8.,8.,0.,0.,12.9779153986
1.35890042042,Voter,13,3,51.,1,false,true,false,true,8.,8.,0.,0.,12.9779153987
0.944595523705,Sample,13,3,1.,1,false,true,false,true,2.,2.,14.,14.,0.
0.944595523705,Sample,13,3,6.,1,false,true,false,true,18.,16.,10.,10.,10.432997305
0.944595523705,Sample,13,3,11.,1,false,true,false,true,18.,16.,10.,10.,10.625619696
0.944595523705,Sample,13,3,16.,1,false,true,false,true,18.,16.,10.,10.,10.6295242998
0.944595523705,Sample,13,3,21.,1,false,true,false,true,18.,16.,10.,10.,10.6296083429
0.944595523705,Sample,13,3,26.,1,false,true,false,true,18.,16.,10.,10.,10.6296102346
0.944595523705,Sample,13,3,31.,1,false,true,false,true,18.,16.,10.,10.,10.6296102788
0.944595523705,Sample,13,3,36.,1,false,true,false,true,18.,16.,10.,10.,10.6296102798
0.944595523705,Sample,13,3,41.,1,false,true,false,true,18.,16.,10.,10.,10.6296102798
0.944595523705,Sample,13,3,46.,1,false,true,false,true,18.,16.,10.,10.,10.6296102798
0.944595523705,Sample,13,3,51.,1,false,true,false,true,18.,16.,10.,10.,10.6296102798
0.97753585825,Sample,13,6,1.,1,false,true,false,true,30.,30.,74.,64.,0.
0.97753585825,Sample,13,6,6.,1,false,true,false,true,104.,88.,64.,64.,10.6308761409
0.97753585825,Sample,13,6,11.,1,false,true,false,true,104.,88.,64.,64.,10.8473904333
0.97753585825,Sample,13,6,16.,1,false,true,false,true,104.,88.,64.,64.,10.852207986
0.97753585825,Sample,13,6,21.,1,false,true,false,true,104.,88.,64.,64.,10.8523215103
0.97753585825,Sample,13,6,26.,1,false,true,false,true,104.,88.,64.,64.,10.8523243025
0.97753585825,Sample,13,6,31.,1,false,true,false,true,104.,88.,64.,64.,10.8523243736
0.97753585825,Sample,13,6,36.,1,false,true,false,true,104.,88.,64.,64.,10.8523243755
0.97753585825,Sample,13,6,41.,1,false,true,false,true,104.,88.,64.,64.,10.8523243755
0.97753585825,Sample,13,6,46.,1,false,true,false,true,104.,88.,64.,64.,10.8523243755
0.97753585825,Sample,13,6,51.,1,false,true,false,true,104.,88.,64.,64.,10.8523243755
0.988499272571,Voter,13,7,1.,1,false,true,false,true,50.,48.,62.,58.,0.
0.988499272571,Voter,13,7,6.,1,false,true,false,true,98.,84.,46.,46.,10.6947311639
0.988499272571,Voter,13,7,11.,1,false,true,false,true,96.,84.,44.,44.,10.9195303867
0.988499272571,Voter,13,7,16.,1,false,true,false,true,96.,84.,44.,44.,10.924684615
0.988499272571,Voter,13,7,21.,1,false,true,false,true,96.,84.,44.,44.,10.9248096686
0.988499272571,Voter,13,7,26.,1,false,true,false,true,96.,84.,44.,44.,10.9248128334
0.988499272571,Voter,13,7,31.,1,false,true,false,true,96.,84.,44.,44.,10.9248129164
0.988499272571,Voter,13,7,36.,1,false,true,false,true,96.,84.,44.,44.,10.9248129186
0.988499272571,Voter,13,7,41.,1,false,true,false,true,96.,84.,44.,44.,10.9248129186
0.988499272571,Voter,13,7,46.,1,false,true,false,true,96.,84.,44.,44.,10.9248129186
0.988499272571,Voter,13,7,51.,1,false,true,false,true,96.,84.,44.,44.,10.9248129186
1.01967761899,Voter,13,5,1.,1,false,true,false,true,26.,24.,66.,58.,0.
1.01967761899,Voter,13,5,6.,1,false,true,false,true,70.,64.,62.,58.,10.8710247785
1.01967761899,Voter,13,5,11.,1,false,true,false,true,70.,64.,62.,58.,11.1202827507
1.01967761899,Voter,13,5,16.,1,false,true,false,true,70.,64.,62.,58.,11.1264905221
1.01967761899,Voter,13,5,21.,1,false,true,false,true,70.,64.,62.,58.,11.1266537558
1.01967761899,Voter,13,5,26.,1,false,true,false,true,70.,64.,62.,58.,11.1266582257
1.01967761899,Voter,13,5,31.,1,false,true,false,true,70.,64.,62.,58.,11.1266583522
1.01967761899,Voter,13,5,36.,1,false,true,false,true,70.,64.,62.,58.,11.1266583559
1.01967761899,Voter,13,5,41.,1,false,true,false,true,70.,64.,62.,58.,11.126658356
1.01967761899,Voter,13,5,46.,1,false,true,false,true,70.,64.,62.,58.,11.126658356
1.01967761899,Voter,13,5,51.,1,false,true,false,true,70.,64.,62.,58.,11.126658356
1.07226109098,Voter,13,7,1.,1,false,true,false,true,14.,14.,62.,60.,0.
1.07226109098,Voter,13,7,6.,1,false,true,false,true,84.,72.,40.,40.,11.1512687649
1.07226109098,Voter,13,7,11.,1,false,true,false,true,86.,74.,38.,38.,11.4447271867
1.07226109098,Voter,13,7,16.,1,false,true,false,true,88.,76.,36.,36.,11.4530614269
1.07226109098,Voter,13,7,21.,1,false,true,false,true,88.,76.,36.,36.,11.4533104628
1.07226109098,Voter,13,7,26.,1,false,true,false,true,88.,76.,36.,36.,11.4533181926
1.07226109098,Voter,13,7,31.,1,false,true,false,true,88.,76.,36.,36.,11.4533184401
1.07226109098,Voter,13,7,36.,1,false,true,false,true,88.,76.,36.,36.,11.4533184483
1.07226109098,Voter,13,7,41.,1,false,true,false,true,88.,76.,36.,36.,11.4533184485
1.07226109098,Voter,13,7,46.,1,false,true,false,true,88.,76.,36.,36.,11.4533184486
1.07226109098,Voter,13,7,51.,1,false,true,false,true,88.,76.,36.,36.,11.4533184486
1.33032404416,Sample,13,7,1.,1,false,true,false,true,50.,46.,122.,102.,0.
1.33032404416,Sample,13,7,6.,1,false,true,false,true,148.,112.,76.,64.,12.2556441422
1.33032404416,Sample,13,7,11.,1,false,true,false,true,152.,114.,76.,64.,12.8144659522
1.33032404416,Sample,13,7,16.,1,false,true,false,true,152.,114.,76.,64.,12.8413384127
1.33032404416,Sample,13,7,21.,1,false,true,false,true,152.,114.,76.,64.,12.8426805726
1.33032404416,Sample,13,7,26.,1,false,true,false,true,152.,114.,76.,64.,12.8427495703
1.33032404416,Sample,13,7,31.,1,false,true,false,true,152.,114.,76.,64.,12.8427532017
1.33032404416,Sample,13,7,36.,1,false,true,false,true,152.,114.,76.,64.,12.8427533967
1.33032404416,Sample,13,7,41.,1,false,true,false,true,152.,114.,76.,64.,12.8427534073
1.33032404416,Sample,13,7,46.,1,false,true,false,true,152.,114.,76.,64.,12.8427534079
1.33032404416,Sample,13,7,51.,1,false,true,false,true,152.,114.,76.,64.,12.842753408
0.851299097737,Voter,13,6,1.,1,false,true,false,true,48.,42.,60.,56.,0.
0.851299097737,Voter,13,6,6.,1,false,true,false,true,104.,86.,72.,58.,9.82052475554
0.851299097737,Voter,13,6,11.,1,false,true,false,true,104.,86.,72.,58.,9.95375723382
0.851299097737,Voter,13,6,16.,1,false,true,false,true,104.,86.,72.,58.,9.95577470193
0.851299097737,Voter,13,6,21.,1,false,true,false,true,104.,86.,72.,58.,9.95580741958
0.851299097737,Voter,13,6,26.,1,false,true,false,true,104.,86.,72.,58.,9.95580797802
0.851299097737,Voter,13,6,31.,1,false,true,false,true,104.,86.,72.,58.,9.95580798796
0.851299097737,Voter,13,6,36.,1,false,true,false,true,104.,86.,72.,58.,9.95580798814
0.851299097737,Voter,13,6,41.,1,false,true,false,true,104.,86.,72.,58.,9.95580798814
0.851299097737,Voter,13,6,46.,1,false,true,false,true,104.,86.,72.,58.,9.95580798814
0.851299097737,Voter,13,6,51.,1,false,true,false,true,104.,86.,72.,58.,9.95580798814
1.08934533728,Sample,13,5,1.,1,false,true,false,true,40.,36.,76.,66.,0.
1.08934533728,Sample,13,5,6.,1,false,true,false,true,102.,88.,74.,66.,11.2378931108
1.08934533728,Sample,13,5,11.,1,false,true,false,true,102.,88.,74.,66.,11.5464899665
1.08934533728,Sample,13,5,16.,1,false,true,false,true,102.,88.,74.,66.,11.5556174614
1.08934533728,Sample,13,5,21.,1,false,true,false,true,102.,88.,74.,66.,11.5559012078
1.08934533728,Sample,13,5,26.,1,false,true,false,true,102.,88.,74.,66.,11.5559103634
1.08934533728,Sample,13,5,31.,1,false,true,false,true,102.,88.,74.,66.,11.555910668
1.08934533728,Sample,13,5,36.,1,false,true,false,true,102.,88.,74.,66.,11.5559106784
1.08934533728,Sample,13,5,41.,1,false,true,false,true,102.,88.,74.,66.,11.5559106787
1.08934533728,Sample,13,5,46.,1,false,true,false,true,102.,88.,74.,66.,11.5559106787
1.08934533728,Sample,13,5,51.,1,false,true,false,true,102.,88.,74.,66.,11.5559106787
0.967968239889,Voter,13,7,1.,1,false,true,false,true,28.,24.,48.,40.,0.
0.967968239889,Voter,13,7,6.,1,false,true,false,true,88.,76.,40.,38.,10.5743408928
0.967968239889,Voter,13,7,11.,1,false,true,false,true,88.,76.,40.,38.,10.78376048
0.967968239889,Voter,13,7,16.,1,false,true,false,true,88.,76.,40.,38.,10.7882979165
0.967968239889,Voter,13,7,21.,1,false,true,false,true,88.,76.,40.,38.,10.7884021115
0.967968239889,Voter,13,7,26.,1,false,true,false,true,88.,76.,40.,38.,10.7884046102
0.967968239889,Voter,13,7,31.,1,false,true,false,true,88.,76.,40.,38.,10.7884046723
0.967968239889,Voter,13,7,36.,1,false,true,false,true,88.,76.,40.,38.,10.7884046739
0.967968239889,Voter,13,7,41.,1,false,true,false,true,88.,76.,40.,38.,10.7884046739
0.967968239889,Voter,13,7,46.,1,false,true,false,true,88.,76.,40.,38.,10.7884046739
0.967968239889,Voter,13,7,51.,1,false,true,false,true,88.,76.,40.,38.,10.7884046739
0.998900771878,Voter,13,5,1.,1,false,true,false,true,16.,16.,26.,22.,0.
0.998900771878,Voter,13,5,6.,1,false,true,false,true,40.,34.,14.,14.,10.7544090368
0.998900771878,Voter,13,5,11.,1,false,true,false,true,40.,34.,14.,14.,10.9872209677
0.998900771878,Voter,13,5,16.,1,false,true,false,true,40.,34.,14.,14.,10.9927105627
0.998900771878,Voter,13,5,21.,1,false,true,false,true,40.,34.,14.,14.,10.9928474321
0.998900771878,Voter,13,5,26.,1,false,true,false,true,40.,34.,14.,14.,10.9928509897
0.998900771878,Voter,13,5,31.,1,false,true,false,true,40.,34.,14.,14.,10.9928510853
0.998900771878,Voter,13,5,36.,1,false,true,false,true,40.,34.,14.,14.,10.992851088
0.998900771878,Voter,13,5,41.,1,false,true,false,true,40.,34.,14.,14.,10.9928510881
0.998900771878,Voter,13,5,46.,1,false,true,false,true,40.,34.,14.,14.,10.9928510881
0.998900771878,Voter,13,5,51.,1,false,true,false,true,40.,34.,14.,14.,10.9928510881
1.18293010623,Sample,13,3,1.,1,false,true,false,true,14.,12.,16.,16.,0.
1.18293010623,Sample,13,3,6.,1,false,true,false,true,18.,18.,4.,4.,11.6763864768
1.18293010623,Sample,13,3,11.,1,false,true,false,true,18.,18.,4.,4.,12.074357948
1.18293010623,Sample,13,3,16.,1,false,true,false,true,18.,18.,4.,4.,12.0888305122
1.18293010623,Sample,13,3,21.,1,false,true,false,true,18.,18.,4.,4.,12.0893808051
1.18293010623,Sample,13,3,26.,1,false,true,false,true,18.,18.,4.,4.,12.0894024426
1.18293010623,Sample,13,3,31.,1,false,true,false,true,18.,18.,4.,4.,12.089403317
1.18293010623,Sample,13,3,36.,1,false,true,false,true,18.,18.,4.,4.,12.0894033532
1.18293010623,Sample,13,3,41.,1,false,true,false,true,18.,18.,4.,4.,12.0894033547
1.18293010623,Sample,13,3,46.,1,false,true,false,true,18.,18.,4.,4.,12.0894033548
1.18293010623,Sample,13,3,51.,1,false,true,false,true,18.,18.,4.,4.,12.0894033548
1.33189032288,Sample,13,3,1.,1,false,true,false,true,4.,4.,18.,16.,0.
1.33189032288,Sample,13,3,6.,1,false,true,false,true,20.,18.,2.,2.,12.2611370396
1.33189032288,Sample,13,3,11.,1,false,true,false,true,20.,18.,2.,2.,12.8217865026
1.33189032288,Sample,13,3,16.,1,false,true,false,true,20.,18.,2.,2.,12.8488200287
1.33189032288,Sample,13,3,21.,1,false,true,false,true,20.,18.,2.,2.,12.8501738133
1.33189032288,Sample,13,3,26.,1,false,true,false,true,20.,18.,2.,2.,12.8502435901
1.33189032288,Sample,13,3,31.,1,false,true,false,true,20.,18.,2.,2.,12.8502472719
1.33189032288,Sample,13,3,36.,1,false,true,false,true,20.,18.,2.,2.,12.8502474702
1.33189032288,Sample,13,3,41.,1,false,true,false,true,20.,18.,2.,2.,12.850247481
1.33189032288,Sample,13,3,46.,1,false,true,false,true,20.,18.,2.,2.,12.8502474816
1.33189032288,Sample,13,3,51.,1,false,true,false,true,20.,18.,2.,2.,12.8502474817
1.15199420071,Sample,13,4,1.,1,false,true,false,true,12.,12.,22.,20.,0.
1.15199420071,Sample,13,4,6.,1,false,true,false,true,46.,42.,36.,36.,11.5379586019
1.15199420071,Sample,13,4,11.,1,false,true,false,true,48.,44.,34.,34.,11.9052108924
1.15199420071,Sample,13,4,16.,1,false,true,false,true,48.,44.,34.,34.,11.9177197252
1.15199420071,Sample,13,4,21.,1,false,true,false,true,48.,44.,34.,34.,11.9181659253
1.15199420071,Sample,13,4,26.,1,false,true,false,true,48.,44.,34.,34.,11.9181824035
1.15199420071,Sample,13,4,31.,1,false,true,false,true,48.,44.,34.,34.,11.9181830295
1.15199420071,Sample,13,4,36.,1,false,true,false,true,48.,44.,34.,34.,11.9181830538
1.15199420071,Sample,13,4,41.,1,false,true,false,true,48.,44.,34.,34.,11.9181830548
1.15199420071,Sample,13,4,46.,1,false,true,false,true,48.,44.,34.,34.,11.9181830549
1.15199420071,Sample,13,4,51.,1,false,true,false,true,48.,44.,34.,34.,11.9181830549
1.10002565381,Sample,13,6,1.,1,false,true,false,true,72.,62.,84.,70.,0.
1.10002565381,Sample,13,6,6.,1,false,true,false,true,128.,106.,92.,82.,11.2909802384
1.10002565381,Sample,13,6,11.,1,false,true,false,true,128.,106.,92.,82.,11.6092305141
1.10002565381,Sample,13,6,16.,1,false,true,false,true,128.,106.,92.,82.,11.6188809747
1.10002565381,Sample,13,6,21.,1,false,true,false,true,128.,106.,92.,82.,11.6191883487
1.10002565381,Sample,13,6,26.,1,false,true,false,true,128.,106.,92.,82.,11.6191985058
1.10002565381,Sample,13,6,31.,1,false,true,false,true,128.,106.,92.,82.,11.6191988516
1.10002565381,Sample,13,6,36.,1,false,true,false,true,128.,106.,92.,82.,11.6191988637
1.10002565381,Sample,13,6,41.,1,false,true,false,true,128.,106.,92.,82.,11.6191988641
1.10002565381,Sample,13,6,46.,1,false,true,false,true,128.,106.,92.,82.,11.6191988642
1.10002565381,Sample,13,6,51.,1,false,true,false,true,128.,106.,92.,82.,11.6191988642
1.09023550995,Voter,13,3,1.,1,false,true,false,true,8.,8.,12.,12.,0.
1.09023550995,Voter,13,3,6.,1,false,true,false,true,24.,22.,16.,16.,11.2423488796
1.09023550995,Voter,13,3,11.,1,false,true,false,true,24.,22.,16.,16.,11.5517447783
1.09023550995,Voter,13,3,16.,1,false,true,false,true,24.,22.,16.,16.,11.5609150555
1.09023550995,Voter,13,3,21.,1,false,true,false,true,24.,22.,16.,16.,11.5612007129
1.09023550995,Voter,13,3,26.,1,false,true,false,true,24.,22.,16.,16.,11.5612099486
1.09023550995,Voter,13,3,31.,1,false,true,false,true,24.,22.,16.,16.,11.5612102565
1.09023550995,Voter,13,3,36.,1,false,true,false,true,24.,22.,16.,16.,11.561210267
1.09023550995,Voter,13,3,41.,1,false,true,false,true,24.,22.,16.,16.,11.5612102674
1.09023550995,Voter,13,3,46.,1,false,true,false,true,24.,22.,16.,16.,11.5612102674
1.09023550995,Voter,13,3,51.,1,false,true,false,true,24.,22.,16.,16.,11.5612102674
1.17334974631,Voter,13,3,1.,1,false,true,false,true,4.,4.,18.,18.,0.
1.17334974631,Voter,13,3,6.,1,false,true,false,true,14.,12.,12.,12.,11.6341827661
1.17334974631,Voter,13,3,11.,1,false,true,false,true,14.,12.,12.,12.,12.0225206689
1.17334974631,Voter,13,3,16.,1,false,true,false,true,14.,12.,12.,12.,12.0363632558
1.17334974631,Voter,13,3,21.,1,false,true,false,true,14.,12.,12.,12.,12.0368794273
1.17334974631,Voter,13,3,26.,1,false,true,false,true,14.,12.,12.,12.,12.0368993381
1.17334974631,Voter,13,3,31.,1,false,true,false,true,14.,12.,12.,12.,12.0369001276
1.17334974631,Voter,13,3,36.,1,false,true,false,true,14.,12.,12.,12.,12.0369001597
1.17334974631,Voter,13,3,41.,1,false,true,false,true,14.,12.,12.,12.,12.036900161
1.17334974631,Voter,13,3,46.,1,false,true,false,true,14.,12.,12.,12.,12.0369001611
1.17334974631,Voter,13,3,51.,1,false,true,false,true,14.,12.,12.,12.,12.0369001611
1.17525277056,Voter,13,7,1.,1,false,true,false,true,54.,50.,86.,72.,0.
1.17525277056,Voter,13,7,6.,1,false,true,false,true,126.,108.,62.,58.,11.6426130841
1.17525277056,Voter,13,7,11.,1,false,true,false,true,124.,106.,64.,60.,12.032856064
1.17525277056,Voter,13,7,16.,1,false,true,false,true,124.,106.,64.,60.,12.0468222082
1.17525277056,Voter,13,7,21.,1,false,true,false,true,124.,106.,64.,60.,12.0473450188
1.17525277056,Voter,13,7,26.,1,false,true,false,true,124.,106.,64.,60.,12.0473652629
1.17525277056,Voter,13,7,31.,1,false,true,false,true,124.,106.,64.,60.,12.0473660687
1.17525277056,Voter,13,7,36.,1,false,true,false,true,124.,106.,64.,60.,12.0473661015
1.17525277056,Voter,13,7,41.,1,false,true,false,true,124.,106.,64.,60.,12.0473661029
1.17525277056,Voter,13,7,46.,1,false,true,false,true,124.,106.,64.,60.,12.047366103
1.17525277056,Voter,13,7,51.,1,false,true,false,true,124.,106.,64.,60.,12.047366103
0.911300878628,Sample,13,7,1.,1,false,true,false,true,56.,54.,136.,114.,0.
0.911300878628,Sample,13,7,6.,1,false,true,false,true,160.,134.,120.,104.,10.2235006717
0.911300878628,Sample,13,7,11.,1,false,true,false,true,162.,136.,122.,106.,10.3935162095
0.911300878628,Sample,13,7,16.,1,false,true,false,true,162.,136.,122.,106.,10.3966373142
0.911300878628,Sample,13,7,21.,1,false,true,false,true,162.,136.,122.,106.,10.3966983264
0.911300878628,Sample,13,7,26.,1,false,true,false,true,162.,136.,122.,106.,10.3966995763
0.911300878628,Sample,13,7,31.,1,false,true,false,true,162.,136.,122.,106.,10.3966996029
0.911300878628,Sample,13,7,36.,1,false,true,false,true,162.,136.,122.,106.,10.3966996035
0.911300878628,Sample,13,7,41.,1,false,true,false,true,162.,136.,122.,106.,10.3966996035
0.911300878628,Sample,13,7,46.,1,false,true,false,true,162.,136.,122.,106.,10.3966996035
0.911300878628,Sample,13,7,51.,1,false,true,false,true,162.,136.,122.,106.,10.3966996035
1.13280124781,Sample,13,3,1.,1,false,true,false,true,4.,4.,10.,10.,0.
1.13280124781,Sample,13,3,6.,1,false,true,false,true,32.,28.,30.,28.,11.4488960417
1.13280124781,Sample,13,3,11.,1,false,true,false,true,34.,28.,32.,28.,11.7976642734
1.13280124781,Sample,13,3,16.,1,false,true,false,true,34.,28.,32.,28.,11.8090551085
1.13280124781,Sample,13,3,21.,1,false,true,false,true,34.,28.,32.,28.,11.8094451339
1.13280124781,Sample,13,3,26.,1,false,true,false,true,34.,28.,32.,28.,11.8094589703
1.13280124781,Sample,13,3,31.,1,false,true,false,true,34.,28.,32.,28.,11.8094594756
1.13280124781,Sample,13,3,36.,1,false,true,false,true,34.,28.,32.,28.,11.8094594945
1.13280124781,Sample,13,3,41.,1,false,true,false,true,34.,28.,32.,28.,11.8094594952
1.13280124781,Sample,13,3,46.,1,false,true,false,true,34.,28.,32.,28.,11.8094594953
1.13280124781,Sample,13,3,51.,1,false,true,false,true,34.,28.,32.,28.,11.8094594953
1.29802566995,Sample,13,4,1.,1,false,true,false,true,10.,10.,24.,20.,0.
1.29802566995,Sample,13,4,6.,1,false,true,false,true,44.,42.,30.,30.,12.1394114765
1.29802566995,Sample,13,4,11.,1,false,true,false,true,46.,42.,28.,28.,12.6610685591
1.29802566995,Sample,13,4,16.,1,false,true,false,true,46.,42.,28.,28.,12.6847634572
1.29802566995,Sample,13,4,21.,1,false,true,false,true,46.,42.,28.,28.,12.6858827974
1.29802566995,Sample,13,4,26.,1,false,true,false,true,46.,42.,28.,28.,12.6859372733
1.29802566995,Sample,13,4,31.,1,false,true,false,true,46.,42.,28.,28.,12.6859399896
1.29802566995,Sample,13,4,36.,1,false,true,false,true,46.,42.,28.,28.,12.6859401279
1.29802566995,Sample,13,4,41.,1,false,true,false,true,46.,42.,28.,28.,12.6859401351
1.29802566995,Sample,13,4,46.,1,false,true,false,true,46.,42.,28.,28.,12.6859401355
1.29802566995,Sample,13,4,51.,1,false,true,false,true,46.,42.,28.,28.,12.6859401355
1.01896543274,Voter,13,7,1.,1,false,true,false,true,54.,48.,92.,84.,0.
1.01896543274,Voter,13,7,6.,1,false,true,false,true,132.,118.,78.,70.,10.8670838457
1.01896543274,Voter,13,7,11.,1,false,true,false,true,132.,118.,78.,70.,11.1157684187
1.01896543274,Voter,13,7,16.,1,false,true,false,true,132.,118.,78.,70.,11.1219504787
1.01896543274,Voter,13,7,21.,1,false,true,false,true,132.,118.,78.,70.,11.1221127444
1.01896543274,Voter,13,7,26.,1,false,true,false,true,132.,118.,78.,70.,11.1221171799
1.01896543274,Voter,13,7,31.,1,false,true,false,true,132.,118.,78.,70.,11.1221173052
1.01896543274,Voter,13,7,36.,1,false,true,false,true,132.,118.,78.,70.,11.1221173089
1.01896543274,Voter,13,7,41.,1,false,true,false,true,132.,118.,78.,70.,11.122117309
1.01896543274,Voter,13,7,46.,1,false,true,false,true,132.,118.,78.,70.,11.122117309
1.01896543274,Voter,13,7,51.,1,false,true,false,true,132.,118.,78.,70.,11.122117309
0.86038483853,Sample,13,4,1.,1,false,true,false,true,30.,28.,44.,42.,0.
0.86038483853,Sample,13,4,6.,1,false,true,false,true,66.,54.,52.,48.,9.88372462712
0.86038483853,Sample,13,4,11.,1,false,true,false,true,66.,54.,52.,48.,10.0221986766
0.86038483853,Sample,13,4,16.,1,false,true,false,true,66.,54.,52.,48.,10.0243602144
0.86038483853,Sample,13,4,21.,1,false,true,false,true,66.,54.,52.,48.,10.0243963166
0.86038483853,Sample,13,4,26.,1,false,true,false,true,66.,54.,52.,48.,10.0243969508
0.86038483853,Sample,13,4,31.,1,false,true,false,true,66.,54.,52.,48.,10.0243969624
0.86038483853,Sample,13,4,36.,1,false,true,false,true,66.,54.,52.,48.,10.0243969626
0.86038483853,Sample,13,4,41.,1,false,true,false,true,66.,54.,52.,48.,10.0243969626
0.86038483853,Sample,13,4,46.,1,false,true,false,true,66.,54.,52.,48.,10.0243969626
0.86038483853,Sample,13,4,51.,1,false,true,false,true,66.,54.,52.,48.,10.0243969626
1.02441381428,Sample,13,5,1.,1,false,true,false,true,34.,34.,52.,48.,0.
1.02441381428,Sample,13,5,6.,1,false,true,false,true,88.,80.,82.,72.,10.8971320693
1.02441381428,Sample,13,5,11.,1,false,true,false,true,90.,82.,84.,74.,11.1502206293
1.02441381428,Sample,13,5,16.,1,false,true,false,true,90.,82.,84.,74.,11.1566014066
1.02441381428,Sample,13,5,21.,1,false,true,false,true,90.,82.,84.,74.,11.1567711994
1.02441381428,Sample,13,5,26.,1,false,true,false,true,90.,82.,84.,74.,11.1567759035
1.02441381428,Sample,13,5,31.,1,false,true,false,true,90.,82.,84.,74.,11.1567760381
1.02441381428,Sample,13,5,36.,1,false,true,false,true,90.,82.,84.,74.,11.1567760421
1.02441381428,Sample,13,5,41.,1,false,true,false,true,90.,82.,84.,74.,11.1567760422
1.02441381428,Sample,13,5,46.,1,false,true,false,true,90.,82.,84.,74.,11.1567760422
1.02441381428,Sample,13,5,51.,1,false,true,false,true,90.,82.,84.,74.,11.1567760422
1.26188870804,Voter,13,6,1.,1,false,true,false,true,32.,30.,48.,42.,0.
1.26188870804,Voter,13,6,6.,1,false,true,false,true,82.,74.,42.,42.,12.0024735132
1.26188870804,Voter,13,6,11.,1,false,true,false,true,86.,76.,42.,42.,12.4837762944
1.26188870804,Voter,13,6,16.,1,false,true,false,true,86.,76.,42.,42.,12.5042325569
1.26188870804,Voter,13,6,21.,1,false,true,false,true,86.,76.,42.,42.,12.5051381887
1.26188870804,Voter,13,6,26.,1,false,true,false,true,86.,76.,42.,42.,12.5051795398
1.26188870804,Voter,13,6,31.,1,false,true,false,true,86.,76.,42.,42.,12.505181476
1.26188870804,Voter,13,6,36.,1,false,true,false,true,86.,76.,42.,42.,12.5051815687
1.26188870804,Voter,13,6,41.,1,false,true,false,true,86.,76.,42.,42.,12.5051815732
1.26188870804,Voter,13,6,46.,1,false,true,false,true,86.,76.,42.,42.,12.5051815734
1.26188870804,Voter,13,6,51.,1,false,true,false,true,86.,76.,42.,42.,12.5051815734
1.0387200761,Voter,13,3,1.,1,false,true,false,true,10.,10.,14.,14.,0.
1.0387200761,Voter,13,3,6.,1,false,true,false,true,24.,24.,16.,16.,10.9749371263
1.0387200761,Voter,13,3,11.,1,false,true,false,true,24.,24.,16.,16.,11.2397788841
1.0387200761,Voter,13,3,16.,1,false,true,false,true,24.,24.,16.,16.,11.2467039155
1.0387200761,Voter,13,3,21.,1,false,true,false,true,24.,24.,16.,16.,11.2468948475
1.0387200761,Voter,13,3,26.,1,false,true,false,true,24.,24.,16.,16.,11.2469003244
1.0387200761,Voter,13,3,31.,1,false,true,false,true,24.,24.,16.,16.,11.2469004866
1.0387200761,Voter,13,3,36.,1,false,true,false,true,24.,24.,16.,16.,11.2469004916
1.0387200761,Voter,13,3,41.,1,false,true,false,true,24.,24.,16.,16.,11.2469004917
1.0387200761,Voter,13,3,46.,1,false,true,false,true,24.,24.,16.,16.,11.2469004917
1.0387200761,Voter,13,3,51.,1,false,true,false,true,24.,24.,16.,16.,11.2469004917
1.33955241404,Voter,13,6,1.,1,false,true,false,true,42.,42.,104.,94.,0.
1.33955241404,Voter,13,6,6.,1,false,true,false,true,166.,142.,196.,160.,12.287819401
1.33955241404,Voter,13,6,11.,1,false,true,false,true,174.,144.,196.,156.,12.8574426656
1.33955241404,Voter,13,6,16.,1,false,true,false,true,174.,144.,196.,156.,12.8852735439
1.33955241404,Voter,13,6,21.,1,false,true,false,true,174.,144.,196.,156.,12.8866853336
1.33955241404,Voter,13,6,26.,1,false,true,false,true,174.,144.,196.,156.,12.8867590281
1.33955241404,Voter,13,6,31.,1,false,true,false,true,174.,144.,196.,156.,12.8867629656
1.33955241404,Voter,13,6,36.,1,false,true,false,true,174.,144.,196.,156.,12.8867631802
1.33955241404,Voter,13,6,41.,1,false,true,false,true,174.,144.,196.,156.,12.8867631921
1.33955241404,Voter,13,6,46.,1,false,true,false,true,174.,144.,196.,156.,12.8867631928
1.33955241404,Voter,13,6,51.,1,false,true,false,true,174.,144.,196.,156.,12.8867631928
1.10274577916,Voter,13,5,1.,1,false,true,false,true,28.,28.,26.,24.,0.
1.10274577916,Voter,13,5,6.,1,false,true,false,true,58.,52.,32.,32.,11.3043713077
1.10274577916,Voter,13,5,11.,1,false,true,false,true,58.,52.,32.,32.,11.6251032606
1.10274577916,Voter,13,5,16.,1,false,true,false,true,58.,52.,32.,32.,11.634890311
1.10274577916,Voter,13,5,21.,1,false,true,false,true,58.,52.,32.,32.,11.6352039508
1.10274577916,Voter,13,5,26.,1,false,true,false,true,58.,52.,32.,32.,11.6352143773
1.10274577916,Voter,13,5,31.,1,false,true,false,true,58.,52.,32.,32.,11.6352147345
1.10274577916,Voter,13,5,36.,1,false,true,false,true,58.,52.,32.,32.,11.635214747
1.10274577916,Voter,13,5,41.,1,false,true,false,true,58.,52.,32.,32.,11.6352147475
1.10274577916,Voter,13,5,46.,1,false,true,false,true,58.,52.,32.,32.,11.6352147475
1.10274577916,Voter,13,5,51.,1,false,true,false,true,58.,52.,32.,32.,11.6352147475
0.873238910828,Voter,13,7,1.,1,false,true,false,true,78.,66.,122.,108.,0.
0.873238910828,Voter,13,7,6.,1,false,true,false,true,186.,150.,130.,112.,9.97178611046
0.873238910828,Voter,13,7,11.,1,false,true,false,true,188.,152.,132.,112.,10.1178759415
0.873238910828,Voter,13,7,16.,1,false,true,false,true,188.,152.,132.,112.,10.1202546938
0.873238910828,Voter,13,7,21.,1,false,true,false,true,188.,152.,132.,112.,10.1202960846
0.873238910828,Voter,13,7,26.,1,false,true,false,true,188.,152.,132.,112.,10.1202968413
0.873238910828,Voter,13,7,31.,1,false,true,false,true,188.,152.,132.,112.,10.1202968558
0.873238910828,Voter,13,7,36.,1,false,true,false,true,188.,152.,132.,112.,10.120296856
0.873238910828,Voter,13,7,41.,1,false,true,false,true,188.,152.,132.,112.,10.120296856
0.873238910828,Voter,13,7,46.,1,false,true,false,true,188.,152.,132.,112.,10.120296856
0.873238910828,Voter,13,7,51.,1,false,true,false,true,188.,152.,132.,112.,10.120296856
1.07404593923,Voter,13,5,1.,1,false,true,false,true,34.,32.,40.,40.,0.
1.07404593923,Voter,13,5,6.,1,false,true,false,true,74.,66.,64.,58.,11.1604179755
1.07404593923,Voter,13,5,11.,1,false,true,false,true,74.,66.,64.,58.,11.4554403738
1.07404593923,Voter,13,5,16.,1,false,true,false,true,74.,66.,64.,58.,11.4638550423
1.07404593923,Voter,13,5,21.,1,false,true,false,true,74.,66.,64.,58.,11.464107534
1.07404593923,Voter,13,5,26.,1,false,true,false,true,74.,66.,64.,58.,11.4641154032
1.07404593923,Voter,13,5,31.,1,false,true,false,true,74.,66.,64.,58.,11.4641156562
1.07404593923,Voter,13,5,36.,1,false,true,false,true,74.,66.,64.,58.,11.4641156645
1.07404593923,Voter,13,5,41.,1,false,true,false,true,74.,66.,64.,58.,11.4641156648
1.07404593923,Voter,13,5,46.,1,false,true,false,true,74.,66.,64.,58.,11.4641156648
1.07404593923,Voter,13,5,51.,1,false,true,false,true,74.,66.,64.,58.,11.4641156648
1.22754453254,Sample,13,4,1.,1,false,true,false,true,16.,16.,30.,26.,0.
1.22754453254,Sample,13,4,6.,1,false,true,false,true,54.,54.,40.,40.,11.8652991266
1.22754453254,Sample,13,4,11.,1,false,true,false,true,56.,54.,42.,42.,12.3095130872
1.22754453254,Sample,13,4,16.,1,false,true,false,true,56.,54.,42.,42.,12.3271883707
1.22754453254,Sample,13,4,21.,1,false,true,false,true,56.,54.,42.,42.,12.3279221123
1.22754453254,Sample,13,4,26.,1,false,true,false,true,56.,54.,42.,42.,12.3279535617
1.22754453254,Sample,13,4,31.,1,false,true,false,true,56.,54.,42.,42.,12.3279549452
1.22754453254,Sample,13,4,36.,1,false,true,false,true,56.,54.,42.,42.,12.3279550075
1.22754453254,Sample,13,4,41.,1,false,true,false,true,56.,54.,42.,42.,12.3279550103
1.22754453254,Sample,13,4,46.,1,false,true,false,true,56.,54.,42.,42.,12.3279550105
1.22754453254,Sample,13,4,51.,1,false,true,false,true,56.,54.,42.,42.,12.3279550105
0.821671979425,Sample,13,3,1.,1,false,true,false,true,18.,18.,18.,18.,0.
0.821671979425,Sample,13,3,6.,1,false,true,false,true,28.,26.,20.,20.,9.6088208929
0.821671979425,Sample,13,3,11.,1,false,true,false,true,28.,26.,20.,20.,9.7257750681
0.821671979425,Sample,13,3,16.,1,false,true,false,true,28.,26.,20.,20.,9.72737368032
0.821671979425,Sample,13,3,21.,1,false,true,false,true,28.,26.,20.,20.,9.72739715649
0.821671979425,Sample,13,3,26.,1,false,true,false,true,28.,26.,20.,20.,9.72739752021
0.821671979425,Sample,13,3,31.,1,false,true,false,true,28.,26.,20.,20.,9.7273975261
0.821671979425,Sample,13,3,36.,1,false,true,false,true,28.,26.,20.,20.,9.7273975262
0.821671979425,Sample,13,3,41.,1,false,true,false,true,28.,26.,20.,20.,9.7273975262
0.821671979425,Sample,13,3,46.,1,false,true,false,true,28.,26.,20.,20.,9.7273975262
0.821671979425,Sample,13,3,51.,1,false,true,false,true,28.,26.,20.,20.,9.7273975262
1.25400714865,Voter,13,4,1.,1,false,true,false,true,8.,8.,14.,12.,0.
1.25400714865,Voter,13,4,6.,1,false,true,false,true,22.,20.,4.,4.,11.9716102032
1.25400714865,Voter,13,4,11.,1,false,true,false,true,22.,20.,4.,4.,12.4442904335
1.25400714865,Voter,13,4,16.,1,false,true,false,true,22.,20.,4.,4.,12.4640833984
1.25400714865,Voter,13,4,21.,1,false,true,false,true,22.,20.,4.,4.,12.4649470239
1.25400714865,Voter,13,4,26.,1,false,true,false,true,22.,20.,4.,4.,12.4649858979
1.25400714865,Voter,13,4,31.,1,false,true,false,true,22.,20.,4.,4.,12.4649876926
1.25400714865,Voter,13,4,36.,1,false,true,false,true,22.,20.,4.,4.,12.4649877773
1.25400714865,Voter,13,4,41.,1,false,true,false,true,22.,20.,4.,4.,12.4649877814
1.25400714865,Voter,13,4,46.,1,false,true,false,true,22.,20.,4.,4.,12.4649877816
1.25400714865,Voter,13,4,51.,1,false,true,false,true,22.,20.,4.,4.,12.4649877816
1.29201896057,Sample,13,5,1.,1,false,true,false,true,38.,34.,66.,56.,0.
1.29201896057,Sample,13,5,6.,1,false,true,false,true,106.,90.,90.,84.,12.117161654
1.29201896057,Sample,13,5,11.,1,false,true,false,true,108.,88.,88.,82.,12.6320194499
1.29201896057,Sample,13,5,16.,1,false,true,false,true,108.,88.,88.,82.,12.6551532006
1.29201896057,Sample,13,5,21.,1,false,true,false,true,108.,88.,88.,82.,12.6562345164
1.29201896057,Sample,13,5,26.,1,false,true,false,true,108.,88.,88.,82.,12.6562865965
1.29201896057,Sample,13,5,31.,1,false,true,false,true,108.,88.,88.,82.,12.6562891668
1.29201896057,Sample,13,5,36.,1,false,true,false,true,108.,88.,88.,82.,12.6562892963
1.29201896057,Sample,13,5,41.,1,false,true,false,true,108.,88.,88.,82.,12.656289303
1.29201896057,Sample,13,5,46.,1,false,true,false,true,108.,88.,88.,82.,12.6562893033
1.29201896057,Sample,13,5,51.,1,false,true,false,true,108.,88.,88.,82.,12.6562893033
0.896009326248,Sample,13,7,1.,1,false,true,false,true,104.,90.,162.,132.,0.
0.896009326248,Sample,13,7,6.,1,false,true,false,true,238.,182.,252.,196.,10.1239730177
0.896009326248,Sample,13,7,11.,1,false,true,false,true,240.,184.,254.,196.,10.2841296044
0.896009326248,Sample,13,7,16.,1,false,true,false,true,240.,184.,254.,196.,10.2869338791
0.896009326248,Sample,13,7,21.,1,false,true,false,true,240.,184.,254.,196.,10.2869862374
0.896009326248,Sample,13,7,26.,1,false,true,false,true,240.,184.,254.,196.,10.2869872629
0.896009326248,Sample,13,7,31.,1,false,true,false,true,240.,184.,254.,196.,10.2869872838
0.896009326248,Sample,13,7,36.,1,false,true,false,true,240.,184.,254.,196.,10.2869872842
0.896009326248,Sample,13,7,41.,1,false,true,false,true,240.,184.,254.,196.,10.2869872843
0.896009326248,Sample,13,7,46.,1,false,true,false,true,240.,184.,254.,196.,10.2869872843
0.896009326248,Sample,13,7,51.,1,false,true,false,true,240.,184.,254.,196.,10.2869872843
0.940059839545,Voter,13,6,1.,1,false,true,false,true,58.,48.,86.,78.,0.
0.940059839545,Voter,13,6,6.,1,false,true,false,true,146.,122.,138.,118.,10.4050281317
0.940059839545,Voter,13,6,11.,1,false,true,false,true,146.,122.,138.,118.,10.5944792039
0.940059839545,Voter,13,6,16.,1,false,true,false,true,146.,122.,138.,118.,10.598269152
0.940059839545,Voter,13,6,21.,1,false,true,false,true,146.,122.,138.,118.,10.5983496874
0.940059839545,Voter,13,6,26.,1,false,true,false,true,146.,122.,138.,118.,10.5983514776
0.940059839545,Voter,13,6,31.,1,false,true,false,true,146.,122.,138.,118.,10.5983515189
0.940059839545,Voter,13,6,36.,1,false,true,false,true,146.,122.,138.,118.,10.5983515198
0.940059839545,Voter,13,6,41.,1,false,true,false,true,146.,122.,138.,118.,10.5983515199
0.940059839545,Voter,13,6,46.,1,false,true,false,true,146.,122.,138.,118.,10.5983515199
0.940059839545,Voter,13,6,51.,1,false,true,false,true,146.,122.,138.,118.,10.5983515199
1.10840215558,Voter,13,4,1.,1,false,true,false,true,16.,14.,20.,18.,0.
1.10840215558,Voter,13,4,6.,1,false,true,false,true,40.,34.,20.,20.,11.3320504473
1.10840215558,Voter,13,4,11.,1,false,true,false,true,40.,34.,20.,20.,11.6579727696
1.10840215558,Voter,13,4,16.,1,false,true,false,true,40.,34.,20.,20.,11.6680483266
1.10840215558,Voter,13,4,21.,1,false,true,false,true,40.,34.,20.,20.,11.6683753277
1.10840215558,Voter,13,4,26.,1,false,true,false,true,40.,34.,20.,20.,11.6683863344
1.10840215558,Voter,13,4,31.,1,false,true,false,true,40.,34.,20.,20.,11.668386716
1.10840215558,Voter,13,4,36.,1,false,true,false,true,40.,34.,20.,20.,11.6683867296
1.10840215558,Voter,13,4,41.,1,false,true,false,true,40.,34.,20.,20.,11.6683867301
1.10840215558,Voter,13,4,46.,1,false,true,false,true,40.,34.,20.,20.,11.6683867301
1.10840215558,Voter,13,4,51.,1,false,true,false,true,40.,34.,20.,20.,11.6683867301
1.15974174056,Voter,13,7,1.,1,false,true,false,true,48.,42.,104.,86.,0.
1.15974174056,Voter,13,7,6.,1,false,true,false,true,124.,98.,60.,54.,11.5732136259
1.15974174056,Voter,13,7,11.,1,false,true,false,true,126.,100.,62.,54.,11.9480529787
1.15974174056,Voter,13,7,16.,1,false,true,false,true,126.,100.,62.,54.,11.9610345756
1.15974174056,Voter,13,7,21.,1,false,true,false,true,126.,100.,62.,54.,11.9615052182
1.15974174056,Voter,13,7,26.,1,false,true,false,true,126.,100.,62.,54.,11.9615228783
1.15974174056,Voter,13,7,31.,1,false,true,false,true,126.,100.,62.,54.,11.9615235598
1.15974174056,Voter,13,7,36.,1,false,true,false,true,126.,100.,62.,54.,11.9615235867
1.15974174056,Voter,13,7,41.,1,false,true,false,true,126.,100.,62.,54.,11.9615235878
1.15974174056,Voter,13,7,46.,1,false,true,false,true,126.,100.,62.,54.,11.9615235879
1.15974174056,Voter,13,7,51.,1,false,true,false,true,126.,100.,62.,54.,11.9615235879
0.931503616273,Sample,13,4,1.,1,false,true,false,true,18.,18.,46.,42.,0.
0.931503616273,Sample,13,4,6.,1,false,true,false,true,58.,50.,66.,56.,10.3517809216
0.931503616273,Sample,13,4,11.,1,false,true,false,true,58.,50.,66.,56.,10.5353280554
0.931503616273,Sample,13,4,16.,1,false,true,false,true,58.,50.,66.,56.,10.5389086623
0.931503616273,Sample,13,4,21.,1,false,true,false,true,58.,50.,66.,56.,10.538982912
0.931503616273,Sample,13,4,26.,1,false,true,false,true,58.,50.,66.,56.,10.5389845234
0.931503616273,Sample,13,4,31.,1,false,true,false,true,58.,50.,66.,56.,10.5389845597
0.931503616273,Sample,13,4,36.,1,false,true,false,true,58.,50.,66.,56.,10.5389845605
0.931503616273,Sample,13,4,41.,1,false,true,false,true,58.,50.,66.,56.,10.5389845606
0.931503616273,Sample,13,4,46.,1,false,true,false,true,58.,50.,66.,56.,10.5389845606
0.931503616273,Sample,13,4,51.,1,false,true,false,true,58.,50.,66.,56.,10.5389845606
0.989746351164,Sample,13,7,1.,1,false,true,false,true,74.,64.,122.,104.,0.
0.989746351164,Sample,13,7,6.,1,false,true,false,true,162.,126.,154.,126.,10.7019324096
0.989746351164,Sample,13,7,11.,1,false,true,false,true,162.,126.,154.,126.,10.9276844963
0.989746351164,Sample,13,7,16.,1,false,true,false,true,162.,126.,154.,126.,10.9328781047
0.989746351164,Sample,13,7,21.,1,false,true,false,true,162.,126.,154.,126.,10.9330045289
0.989746351164,Sample,13,7,26.,1,false,true,false,true,162.,126.,154.,126.,10.9330077387
0.989746351164,Sample,13,7,31.,1,false,true,false,true,162.,126.,154.,126.,10.9330078231
0.989746351164,Sample,13,7,36.,1,false,true,false,true,162.,126.,154.,126.,10.9330078254
0.989746351164,Sample,13,7,41.,1,false,true,false,true,162.,126.,154.,126.,10.9330078254
0.989746351164,Sample,13,7,46.,1,false,true,false,true,162.,126.,154.,126.,10.9330078254
0.989746351164,Sample,13,7,51.,1,false,true,false,true,162.,126.,154.,126.,10.9330078254
1.18159830878,Voter,13,7,1.,1,false,true,false,true,36.,30.,72.,66.,0.
1.18159830878,Voter,13,7,6.,1,false,true,false,true,122.,100.,62.,54.,11.6705548887
1.18159830878,Voter,13,7,11.,1,false,true,false,true,124.,102.,64.,56.,12.0671807781
1.18159830878,Voter,13,7,16.,1,false,true,false,true,124.,102.,64.,56.,12.0815645747
1.18159830878,Voter,13,7,21.,1,false,true,false,true,124.,102.,64.,56.,12.0821100191
1.18159830878,Voter,13,7,26.,1,false,true,false,true,124.,102.,64.,56.,12.0821314093
1.18159830878,Voter,13,7,31.,1,false,true,false,true,124.,102.,64.,56.,12.0821322714
1.18159830878,Voter,13,7,36.,1,false,true,false,true,124.,102.,64.,56.,12.082132307
1.18159830878,Voter,13,7,41.,1,false,true,false,true,124.,102.,64.,56.,12.0821323085
1.18159830878,Voter,13,7,46.,1,false,true,false,true,124.,102.,64.,56.,12.0821323085
1.18159830878,Voter,13,7,51.,1,false,true,false,true,124.,102.,64.,56.,12.0821323085
1.32150024376,Voter,13,5,1.,1,false,true,false,true,8.,8.,22.,22.,0.
1.32150024376,Voter,13,5,6.,1,false,true,false,true,28.,26.,10.,10.,12.2244532778
1.32150024376,Voter,13,5,11.,1,false,true,false,true,32.,28.,10.,10.,12.7730221372
1.32150024376,Voter,13,5,16.,1,false,true,false,true,32.,28.,10.,10.,12.7989993723
1.32150024376,Voter,13,5,21.,1,false,true,false,true,32.,28.,10.,10.,12.800277492
1.32150024376,Voter,13,5,26.,1,false,true,false,true,32.,28.,10.,10.,12.8003422347
1.32150024376,Voter,13,5,31.,1,false,true,false,true,32.,28.,10.,10.,12.8003455929
1.32150024376,Voter,13,5,36.,1,false,true,false,true,32.,28.,10.,10.,12.8003457706
1.32150024376,Voter,13,5,41.,1,false,true,false,true,32.,28.,10.,10.,12.8003457802
1.32150024376,Voter,13,5,46.,1,false,true,false,true,32.,28.,10.,10.,12.8003457807
1.32150024376,Voter,13,5,51.,1,false,true,false,true,32.,28.,10.,10.,12.8003457808
1.2137958201,Voter,13,7,1.,1,false,true,false,true,18.,18.,66.,62.,0.
1.2137958201,Voter,13,7,6.,1,false,true,false,true,86.,70.,38.,36.,11.808398726
1.2137958201,Voter,13,7,11.,1,false,true,false,true,88.,72.,36.,34.,12.2381240028
1.2137958201,Voter,13,7,16.,1,false,true,false,true,88.,72.,36.,34.,12.2547640952
1.2137958201,Voter,13,7,21.,1,false,true,false,true,88.,72.,36.,34.,12.2554367757
1.2137958201,Voter,13,7,26.,1,false,true,false,true,88.,72.,36.,34.,12.2554648659
1.2137958201,Voter,13,7,31.,1,false,true,false,true,88.,72.,36.,34.,12.2554660704
1.2137958201,Voter,13,7,36.,1,false,true,false,true,88.,72.,36.,34.,12.2554661232
1.2137958201,Voter,13,7,41.,1,false,true,false,true,88.,72.,36.,34.,12.2554661256
1.2137958201,Voter,13,7,46.,1,false,true,false,true,88.,72.,36.,34.,12.2554661257
1.2137958201,Voter,13,7,51.,1,false,true,false,true,88.,72.,36.,34.,12.2554661257
1.01629954877,Sample,13,5,1.,1,false,true,false,true,16.,16.,52.,44.,0.
1.01629954877,Sample,13,5,6.,1,false,true,false,true,98.,82.,90.,82.,10.8522966991
1.01629954877,Sample,13,5,11.,1,false,true,false,true,102.,84.,86.,78.,11.0988409693
1.01629954877,Sample,13,5,16.,1,false,true,false,true,102.,84.,86.,78.,11.1049274848
1.01629954877,Sample,13,5,21.,1,false,true,false,true,102.,84.,86.,78.,11.1050861687
1.01629954877,Sample,13,5,26.,1,false,true,false,true,102.,84.,86.,78.,11.1050904777
1.01629954877,Sample,13,5,31.,1,false,true,false,true,102.,84.,86.,78.,11.1050905987
1.01629954877,Sample,13,5,36.,1,false,true,false,true,102.,84.,86.,78.,11.1050906022
1.01629954877,Sample,13,5,41.,1,false,true,false,true,102.,84.,86.,78.,11.1050906023
1.01629954877,Sample,13,5,46.,1,false,true,false,true,102.,84.,86.,78.,11.1050906023
1.01629954877,Sample,13,5,51.,1,false,true,false,true,102.,84.,86.,78.,11.1050906023
1.01650943356,Sample,13,4,1.,1,false,true,false,true,40.,38.,76.,64.,0.
1.01650943356,Sample,13,4,6.,1,false,true,false,true,84.,66.,112.,78.,10.8534629124
1.01650943356,Sample,13,4,11.,1,false,true,false,true,84.,66.,112.,78.,11.1001753409
1.01650943356,Sample,13,4,16.,1,false,true,false,true,84.,66.,112.,78.,11.1062693387
1.01650943356,Sample,13,4,21.,1,false,true,false,true,84.,66.,112.,78.,11.1064283022
1.01650943356,Sample,13,4,26.,1,false,true,false,true,84.,66.,112.,78.,11.106432621
1.01650943356,Sample,13,4,31.,1,false,true,false,true,84.,66.,112.,78.,11.1064327424
1.01650943356,Sample,13,4,36.,1,false,true,false,true,84.,66.,112.,78.,11.1064327459
1.01650943356,Sample,13,4,41.,1,false,true,false,true,84.,66.,112.,78.,11.106432746
1.01650943356,Sample,13,4,46.,1,false,true,false,true,84.,66.,112.,78.,11.106432746
1.01650943356,Sample,13,4,51.,1,false,true,false,true,84.,66.,112.,78.,11.106432746
1.19430830802,Voter,13,7,1.,1,false,true,false,true,14.,14.,66.,58.,0.
1.19430830802,Voter,13,7,6.,1,false,true,false,true,92.,84.,76.,68.,11.7257479865
1.19430830802,Voter,13,7,11.,1,false,true,false,true,92.,84.,76.,68.,12.1352988236
1.19430830802,Voter,13,7,16.,1,false,true,false,true,92.,84.,76.,68.,12.1505456505
1.19430830802,Voter,13,7,21.,1,false,true,false,true,92.,84.,76.,68.,12.1511387889
1.19430830802,Voter,13,7,26.,1,false,true,false,true,92.,84.,76.,68.,12.1511626407
1.19430830802,Voter,13,7,31.,1,false,true,false,true,92.,84.,76.,68.,12.1511636261
1.19430830802,Voter,13,7,36.,1,false,true,false,true,92.,84.,76.,68.,12.1511636678
1.19430830802,Voter,13,7,41.,1,false,true,false,true,92.,84.,76.,68.,12.1511636696
1.19430830802,Voter,13,7,46.,1,false,true,false,true,92.,84.,76.,68.,12.1511636697
1.19430830802,Voter,13,7,51.,1,false,true,false,true,92.,84.,76.,68.,12.1511636697
1.20914129649,Voter,13,3,1.,1,false,true,false,true,2.,2.,4.,4.,0.
1.20914129649,Voter,13,3,6.,1,false,true,false,true,8.,8.,2.,2.,11.7888726412
1.20914129649,Voter,13,3,11.,1,false,true,false,true,8.,8.,2.,2.,12.213740446
1.20914129649,Voter,13,3,16.,1,false,true,false,true,8.,8.,2.,2.,12.2300399449
1.20914129649,Voter,13,3,21.,1,false,true,false,true,8.,8.,2.,2.,12.2306928968
1.20914129649,Voter,13,3,26.,1,false,true,false,true,8.,8.,2.,2.,12.2307199209
1.20914129649,Voter,13,3,31.,1,false,true,false,true,8.,8.,2.,2.,12.2307210694
1.20914129649,Voter,13,3,36.,1,false,true,false,true,8.,8.,2.,2.,12.2307211194
1.20914129649,Voter,13,3,41.,1,false,true,false,true,8.,8.,2.,2.,12.2307211216
1.20914129649,Voter,13,3,46.,1,false,true,false,true,8.,8.,2.,2.,12.2307211217
1.20914129649,Voter,13,3,51.,1,false,true,false,true,8.,8.,2.,2.,12.2307211217
0.979665195783,Sample,13,3,1.,1,false,true,false,true,8.,6.,18.,18.,0.
0.979665195783,Sample,13,3,6.,1,false,true,false,true,24.,20.,22.,22.,10.6433553698
0.979665195783,Sample,13,3,11.,1,false,true,false,true,26.,22.,20.,20.,10.8614658343
0.979665195783,Sample,13,3,16.,1,false,true,false,true,26.,22.,20.,20.,10.8663474509
0.979665195783,Sample,13,3,21.,1,false,true,false,true,26.,22.,20.,20.,10.8664631428
0.979665195783,Sample,13,3,26.,1,false,true,false,true,26.,22.,20.,20.,10.8664660043
0.979665195783,Sample,13,3,31.,1,false,true,false,true,26.,22.,20.,20.,10.8664660775
0.979665195783,Sample,13,3,36.,1,false,true,false,true,26.,22.,20.,20.,10.8664660795
0.979665195783,Sample,13,3,41.,1,false,true,false,true,26.,22.,20.,20.,10.8664660795
0.979665195783,Sample,13,3,46.,1,false,true,false,true,26.,22.,20.,20.,10.8664660795
0.979665195783,Sample,13,3,51.,1,false,true,false,true,26.,22.,20.,20.,10.8664660795
1.27056365167,Sample,13,5,1.,1,false,true,false,true,26.,26.,42.,34.,0.
1.27056365167,Sample,13,5,6.,1,false,true,false,true,72.,64.,52.,44.,12.0360263984
1.27056365167,Sample,13,5,11.,1,false,true,false,true,76.,68.,52.,44.,12.5268947155
1.27056365167,Sample,13,5,16.,1,false,true,false,true,76.,68.,52.,44.,12.5480986631
1.27056365167,Sample,13,5,21.,1,false,true,false,true,76.,68.,52.,44.,12.5490523789
1.27056365167,Sample,13,5,26.,1,false,true,false,true,76.,68.,52.,44.,12.5490966087
1.27056365167,Sample,13,5,31.,1,false,true,false,true,76.,68.,52.,44.,12.5490987117
1.27056365167,Sample,13,5,36.,1,false,true,false,true,76.,68.,52.,44.,12.5490988138
1.27056365167,Sample,13,5,41.,1,false,true,false,true,76.,68.,52.,44.,12.5490988189
1.27056365167,Sample,13,5,46.,1,false,true,false,true,76.,68.,52.,44.,12.5490988192
1.27056365167,Sample,13,5,51.,1,false,true,false,true,76.,68.,52.,44.,12.5490988192
1.20092823515,Sample,13,5,1.,1,false,true,false,true,14.,14.,36.,32.,0.
1.20092823515,Sample,13,5,6.,1,false,true,false,true,54.,44.,24.,24.,11.7540903713
1.20092823515,Sample,13,5,11.,1,false,true,false,true,54.,44.,24.,24.,12.1704463533
1.20092823515,Sample,13,5,16.,1,false,true,false,true,54.,44.,24.,24.,12.1861568699
1.20092823515,Sample,13,5,21.,1,false,true,false,true,54.,44.,24.,24.,12.186776137
1.20092823515,Sample,13,5,26.,1,false,true,false,true,54.,44.,24.,24.,12.1868013632
1.20092823515,Sample,13,5,31.,1,false,true,false,true,54.,44.,24.,24.,12.1868024187
1.20092823515,Sample,13,5,36.,1,false,true,false,true,54.,44.,24.,24.,12.1868024639
1.20092823515,Sample,13,5,41.,1,false,true,false,true,54.,44.,24.,24.,12.1868024659
1.20092823515,Sample,13,5,46.,1,false,true,false,true,54.,44.,24.,24.,12.186802466
1.20092823515,Sample,13,5,51.,1,false,true,false,true,54.,44.,24.,24.,12.186802466
1.39556161437,Voter,13,3,1.,1,false,true,false,true,0.,0.,8.,8.,0.
1.39556161437,Voter,13,3,6.,1,false,true,false,true,8.,8.,0.,0.,12.4736072817
1.39556161437,Voter,13,3,11.,1,false,true,false,true,8.,8.,0.,0.,13.1104376241
1.39556161437,Voter,13,3,16.,1,false,true,false,true,8.,8.,0.,0.,13.1445833167
1.39556161437,Voter,13,3,21.,1,false,true,false,true,8.,8.,0.,0.,13.1464801774
1.39556161437,Voter,13,3,26.,1,false,true,false,true,8.,8.,0.,0.,13.14658845
1.39556161437,Voter,13,3,31.,1,false,true,false,true,8.,8.,0.,0.,13.1465947684
1.39556161437,Voter,13,3,36.,1,false,true,false,true,8.,8.,0.,0.,13.1465951441
1.39556161437,Voter,13,3,41.,1,false,true,false,true,8.,8.,0.,0.,13.1465951668
1.39556161437,Voter,13,3,46.,1,false,true,false,true,8.,8.,0.,0.,13.1465951682
1.39556161437,Voter,13,3,51.,1,false,true,false,true,8.,8.,0.,0.,13.1465951683
1.28105178302,Voter,13,4,1.,1,false,true,false,true,10.,10.,14.,12.,0.
1.28105178302,Voter,13,4,6.,1,false,true,false,true,28.,24.,12.,12.,12.0760147892
1.28105178302,Voter,13,4,11.,1,false,true,false,true,28.,24.,12.,12.,12.5785515948
1.28105178302,Voter,13,4,16.,1,false,true,false,true,28.,24.,12.,12.,12.6006844455
1.28105178302,Voter,13,4,21.,1,false,true,false,true,28.,24.,12.,12.,12.601698961
1.28105178302,Voter,13,4,26.,1,false,true,false,true,28.,24.,12.,12.,12.601746894
1.28105178302,Voter,13,4,31.,1,false,true,false,true,28.,24.,12.,12.,12.6017492153
1.28105178302,Voter,13,4,36.,1,false,true,false,true,28.,24.,12.,12.,12.6017493301
1.28105178302,Voter,13,4,41.,1,false,true,false,true,28.,24.,12.,12.,12.6017493359
1.28105178302,Voter,13,4,46.,1,false,true,false,true,28.,24.,12.,12.,12.6017493362
1.28105178302,Voter,13,4,51.,1,false,true,false,true,28.,24.,12.,12.,12.6017493362
1.30159675017,Voter,13,4,1.,1,false,true,false,true,14.,14.,42.,34.,0.
1.30159675017,Voter,13,4,6.,1,false,true,false,true,28.,24.,32.,28.,12.1525440935
1.30159675017,Voter,13,4,11.,1,false,true,false,true,28.,24.,32.,28.,12.6782604197
1.30159675017,Voter,13,4,16.,1,false,true,false,true,28.,24.,32.,28.,12.7022933101
1.30159675017,Voter,13,4,21.,1,false,true,false,true,28.,24.,32.,28.,12.7034357492
1.30159675017,Voter,13,4,26.,1,false,true,false,true,28.,24.,32.,28.,12.7034916926
1.30159675017,Voter,13,4,31.,1,false,true,false,true,28.,24.,32.,28.,12.7034944991
1.30159675017,Voter,13,4,36.,1,false,true,false,true,28.,24.,32.,28.,12.7034946429
1.30159675017,Voter,13,4,41.,1,false,true,false,true,28.,24.,32.,28.,12.7034946504
1.30159675017,Voter,13,4,46.,1,false,true,false,true,28.,24.,32.,28.,12.7034946508
1.30159675017,Voter,13,4,51.,1,false,true,false,true,28.,24.,32.,28.,12.7034946508
0.960826409064,Sample,13,4,1.,1,false,true,false,true,14.,14.,28.,26.,0.
0.960826409064,Sample,13,4,6.,1,false,true,false,true,44.,40.,26.,26.,10.5316418872
0.960826409064,Sample,13,4,11.,1,false,true,false,true,46.,40.,24.,24.,10.7358482151
0.960826409064,Sample,13,4,16.,1,false,true,false,true,46.,40.,24.,24.,10.74018466
0.960826409064,Sample,13,4,21.,1,false,true,false,true,46.,40.,24.,24.,10.7402823129
0.960826409064,Sample,13,4,26.,1,false,true,false,true,46.,40.,24.,24.,10.7402846104
0.960826409064,Sample,13,4,31.,1,false,true,false,true,46.,40.,24.,24.,10.7402846664
0.960826409064,Sample,13,4,36.,1,false,true,false,true,46.,40.,24.,24.,10.7402846678
0.960826409064,Sample,13,4,41.,1,false,true,false,true,46.,40.,24.,24.,10.7402846678
0.960826409064,Sample,13,4,46.,1,false,true,false,true,46.,40.,24.,24.,10.7402846678
0.960826409064,Sample,13,4,51.,1,false,true,false,true,46.,40.,24.,24.,10.7402846678
0.96963826062,Sample,13,3,1.,1,false,true,false,true,4.,4.,14.,12.,0.
0.96963826062,Sample,13,3,6.,1,false,true,false,true,14.,14.,12.,12.,10.5842638895
0.96963826062,Sample,13,3,11.,1,false,true,false,true,14.,14.,12.,12.,10.7949127306
0.96963826062,Sample,13,3,16.,1,false,true,false,true,14.,14.,12.,12.,10.799498158
0.96963826062,Sample,13,3,21.,1,false,true,false,true,14.,14.,12.,12.,10.799603934
0.96963826062,Sample,13,3,26.,1,false,true,false,true,14.,14.,12.,12.,10.7996064819
0.96963826062,Sample,13,3,31.,1,false,true,false,true,14.,14.,12.,12.,10.7996065455
0.96963826062,Sample,13,3,36.,1,false,true,false,true,14.,14.,12.,12.,10.7996065471
0.96963826062,Sample,13,3,41.,1,false,true,false,true,14.,14.,12.,12.,10.7996065471
0.96963826062,Sample,13,3,46.,1,false,true,false,true,14.,14.,12.,12.,10.7996065471
0.96963826062,Sample,13,3,51.,1,false,true,false,true,14.,14.,12.,12.,10.7996065471
1.26475892631,Sample,13,3,1.,1,false,true,false,true,6.,6.,10.,10.,0.
1.26475892631,Sample,13,3,6.,1,false,true,false,true,28.,28.,28.,28.,12.0136231125
1.26475892631,Sample,13,3,11.,1,false,true,false,true,28.,28.,28.,28.,12.4980821191
1.26475892631,Sample,13,3,16.,1,false,true,false,true,28.,28.,28.,28.,12.5187837098
1.26475892631,Sample,13,3,21.,1,false,true,false,true,28.,28.,28.,28.,12.5197050336
1.26475892631,Sample,13,3,26.,1,false,true,false,true,28.,28.,28.,28.,12.5197473193
1.26475892631,Sample,13,3,31.,1,false,true,false,true,28.,28.,28.,28.,12.5197493094
1.26475892631,Sample,13,3,36.,1,false,true,false,true,28.,28.,28.,28.,12.519749405
1.26475892631,Sample,13,3,41.,1,false,true,false,true,28.,28.,28.,28.,12.5197494097
1.26475892631,Sample,13,3,46.,1,false,true,false,true,28.,28.,28.,28.,12.51974941
1.26475892631,Sample,13,3,51.,1,false,true,false,true,28.,28.,28.,28.,12.51974941
0.802362521358,Sample,13,5,1.,1,false,true,false,true,18.,18.,48.,42.,0.
0.802362521358,Sample,13,5,6.,1,false,true,false,true,64.,56.,22.,22.,9.46609266142
0.802362521358,Sample,13,5,11.,1,false,true,false,true,64.,56.,22.,22.,9.5731058122
0.802362521358,Sample,13,5,16.,1,false,true,false,true,64.,56.,22.,22.,9.5744702029
0.802362521358,Sample,13,5,21.,1,false,true,false,true,64.,56.,22.,22.,9.5744889337
0.802362521358,Sample,13,5,26.,1,false,true,false,true,64.,56.,22.,22.,9.57448920545
0.802362521358,Sample,13,5,31.,1,false,true,false,true,64.,56.,22.,22.,9.57448920957
0.802362521358,Sample,13,5,36.,1,false,true,false,true,64.,56.,22.,22.,9.57448920964
0.802362521358,Sample,13,5,41.,1,false,true,false,true,64.,56.,22.,22.,9.57448920964
0.802362521358,Sample,13,5,46.,1,false,true,false,true,64.,56.,22.,22.,9.57448920964
0.802362521358,Sample,13,5,51.,1,false,true,false,true,64.,56.,22.,22.,9.57448920964
0.856979255148,Sample,13,6,1.,1,false,true,false,true,34.,34.,70.,60.,0.
0.856979255148,Sample,13,6,6.,1,false,true,false,true,104.,84.,72.,64.,9.8601288998
0.856979255148,Sample,13,6,11.,1,false,true,false,true,104.,84.,72.,64.,9.99662453045
0.856979255148,Sample,13,6,16.,1,false,true,false,true,104.,84.,72.,64.,9.99873116739
0.856979255148,Sample,13,6,21.,1,false,true,false,true,104.,84.,72.,64.,9.99876596803
0.856979255148,Sample,13,6,26.,1,false,true,false,true,104.,84.,72.,64.,9.99876657284
0.856979255148,Sample,13,6,31.,1,false,true,false,true,104.,84.,72.,64.,9.99876658379
0.856979255148,Sample,13,6,36.,1,false,true,false,true,104.,84.,72.,64.,9.998766584
0.856979255148,Sample,13,6,41.,1,false,true,false,true,104.,84.,72.,64.,9.998766584
0.856979255148,Sample,13,6,46.,1,false,true,false,true,104.,84.,72.,64.,9.998766584
0.856979255148,Sample,13,6,51.,1,false,true,false,true,104.,84.,72.,64.,9.998766584
0.967259847825,Sample,13,7,1.,1,false,true,false,true,64.,58.,150.,126.,0.
0.967259847825,Sample,13,7,6.,1,false,true,false,true,176.,142.,154.,130.,10.570124708
0.967259847825,Sample,13,7,11.,1,false,true,false,true,182.,144.,156.,132.,10.7790240353
0.967259847825,Sample,13,7,16.,1,false,true,false,true,182.,144.,156.,132.,10.7835412293
0.967259847825,Sample,13,7,21.,1,false,true,false,true,182.,144.,156.,132.,10.7836447596
0.967259847825,Sample,13,7,26.,1,false,true,false,true,182.,144.,156.,132.,10.7836472376
0.967259847825,Sample,13,7,31.,1,false,true,false,true,182.,144.,156.,132.,10.7836472991
0.967259847825,Sample,13,7,36.,1,false,true,false,true,182.,144.,156.,132.,10.7836473007
0.967259847825,Sample,13,7,41.,1,false,true,false,true,182.,144.,156.,132.,10.7836473007
0.967259847825,Sample,13,7,46.,1,false,true,false,true,182.,144.,156.,132.,10.7836473007
0.967259847825,Sample,13,7,51.,1,false,true,false,true,182.,144.,156.,132.,10.7836473007
1.27305030178,Voter,13,6,1.,1,false,true,false,true,42.,38.,46.,42.,0.
1.27305030178,Voter,13,6,6.,1,false,true,false,true,84.,70.,36.,34.,12.0455642354
1.27305030178,Voter,13,6,11.,1,false,true,false,true,86.,72.,38.,36.,12.5391888531
1.27305030178,Voter,13,6,16.,1,false,true,false,true,86.,72.,38.,36.,12.5606105553
1.27305030178,Voter,13,6,21.,1,false,true,false,true,86.,72.,38.,36.,12.561578419
1.27305030178,Voter,13,6,26.,1,false,true,false,true,86.,72.,38.,36.,12.5616235044
1.27305030178,Voter,13,6,31.,1,false,true,false,true,86.,72.,38.,36.,12.5616256574
1.27305030178,Voter,13,6,36.,1,false,true,false,true,86.,72.,38.,36.,12.5616257625
1.27305030178,Voter,13,6,41.,1,false,true,false,true,86.,72.,38.,36.,12.5616257677
1.27305030178,Voter,13,6,46.,1,false,true,false,true,86.,72.,38.,36.,12.561625768
1.27305030178,Voter,13,6,51.,1,false,true,false,true,86.,72.,38.,36.,12.561625768
0.834730218285,Voter,13,3,1.,1,false,true,false,true,4.,4.,22.,20.,0.
0.834730218285,Voter,13,3,6.,1,false,true,false,true,22.,18.,20.,18.,9.70320207408
0.834730218285,Voter,13,3,11.,1,false,true,false,true,22.,18.,20.,18.,9.8271776229
0.834730218285,Voter,13,3,16.,1,false,true,false,true,22.,18.,20.,18.,9.82895156657
0.834730218285,Voter,13,3,21.,1,false,true,false,true,22.,18.,20.,18.,9.82897879858
0.834730218285,Voter,13,3,26.,1,false,true,false,true,22.,18.,20.,18.,9.82897923914
0.834730218285,Voter,13,3,31.,1,false,true,false,true,22.,18.,20.,18.,9.82897924658
0.834730218285,Voter,13,3,36.,1,false,true,false,true,22.,18.,20.,18.,9.82897924671
0.834730218285,Voter,13,3,41.,1,false,true,false,true,22.,18.,20.,18.,9.82897924671
0.834730218285,Voter,13,3,46.,1,false,true,false,true,22.,18.,20.,18.,9.82897924671
0.834730218285,Voter,13,3,51.,1,false,true,false,true,22.,18.,20.,18.,9.82897924671
0.966853132748,Sample,13,5,1.,1,false,true,false,true,22.,22.,46.,40.,0.
0.966853132748,Sample,13,5,6.,1,false,true,false,true,64.,58.,32.,30.,10.5677021393
0.966853132748,Sample,13,5,11.,1,false,true,false,true,70.,62.,30.,28.,10.7763030797
0.966853132748,Sample,13,5,16.,1,false,true,false,true,70.,62.,30.,28.,10.7808086823
0.966853132748,Sample,13,5,21.,1,false,true,false,true,70.,62.,30.,28.,10.7809118326
0.966853132748,Sample,13,5,26.,1,false,true,false,true,70.,62.,30.,28.,10.7809142989
0.966853132748,Sample,13,5,31.,1,false,true,false,true,70.,62.,30.,28.,10.78091436
0.966853132748,Sample,13,5,36.,1,false,true,false,true,70.,62.,30.,28.,10.7809143615
0.966853132748,Sample,13,5,41.,1,false,true,false,true,70.,62.,30.,28.,10.7809143616
0.966853132748,Sample,13,5,46.,1,false,true,false,true,70.,62.,30.,28.,10.7809143616
0.966853132748,Sample,13,5,51.,1,false,true,false,true,70.,62.,30.,28.,10.7809143616
1.01143552332,Sample,13,3,1.,1,false,true,false,true,2.,2.,8.,6.,0.
1.01143552332,Sample,13,3,6.,1,false,true,false,true,14.,14.,12.,12.,10.8251728624
1.01143552332,Sample,13,3,11.,1,false,true,false,true,18.,18.,12.,12.,11.0678367761
1.01143552332,Sample,13,3,16.,1,false,true,false,true,18.,18.,12.,12.,11.0737517923
1.01143552332,Sample,13,3,21.,1,false,true,false,true,18.,18.,12.,12.,11.0739041085
1.01143552332,Sample,13,3,26.,1,false,true,false,true,18.,18.,12.,12.,11.0739081948
1.01143552332,Sample,13,3,31.,1,false,true,false,true,18.,18.,12.,12.,11.0739083082
1.01143552332,Sample,13,3,36.,1,false,true,false,true,18.,18.,12.,12.,11.0739083114
1.01143552332,Sample,13,3,41.,1,false,true,false,true,18.,18.,12.,12.,11.0739083115
1.01143552332,Sample,13,3,46.,1,false,true,false,true,18.,18.,12.,12.,11.0739083115
1.01143552332,Sample,13,3,51.,1,false,true,false,true,18.,18.,12.,12.,11.0739083115
1.08635889198,Voter,13,5,1.,1,false,true,false,true,22.,22.,32.,30.,0.
1.08635889198,Voter,13,5,6.,1,false,true,false,true,64.,52.,34.,30.,11.2229028603
1.08635889198,Voter,13,5,11.,1,false,true,false,true,64.,52.,34.,30.,11.5288263932
1.08635889198,Voter,13,5,16.,1,false,true,false,true,64.,52.,34.,30.,11.5378114172
1.08635889198,Voter,13,5,21.,1,false,true,false,true,64.,52.,34.,30.,11.5380888279
1.08635889198,Voter,13,5,26.,1,false,true,false,true,64.,52.,34.,30.,11.5380977192
1.08635889198,Voter,13,5,31.,1,false,true,false,true,64.,52.,34.,30.,11.538098013
1.08635889198,Voter,13,5,36.,1,false,true,false,true,64.,52.,34.,30.,11.538098023
1.08635889198,Voter,13,5,41.,1,false,true,false,true,64.,52.,34.,30.,11.5380980233
1.08635889198,Voter,13,5,46.,1,false,true,false,true,64.,52.,34.,30.,11.5380980233
1.08635889198,Voter,13,5,51.,1,false,true,false,true,64.,52.,34.,30.,11.5380980233
0.97758191741,Voter,13,3,1.,1,false,true,false,true,14.,14.,16.,16.,0.
0.97758191741,Voter,13,3,6.,1,false,true,false,true,26.,24.,16.,16.,10.6311464714
0.97758191741,Voter,13,3,11.,1,false,true,false,true,26.,24.,16.,16.,10.847695224
0.97758191741,Voter,13,3,16.,1,false,true,false,true,26.,24.,16.,16.,10.8525141558
0.97758191741,Voter,13,3,21.,1,false,true,false,true,26.,24.,16.,16.,10.8526277267
0.97758191741,Voter,13,3,26.,1,false,true,false,true,26.,24.,16.,16.,10.8526305203
0.97758191741,Voter,13,3,31.,1,false,true,false,true,26.,24.,16.,16.,10.8526305915
0.97758191741,Voter,13,3,36.,1,false,true,false,true,26.,24.,16.,16.,10.8526305933
0.97758191741,Voter,13,3,41.,1,false,true,false,true,26.,24.,16.,16.,10.8526305934
0.97758191741,Voter,13,3,46.,1,false,true,false,true,26.,24.,16.,16.,10.8526305934
0.97758191741,Voter,13,3,51.,1,false,true,false,true,26.,24.,16.,16.,10.8526305934
1.19038658384,Voter,13,4,1.,1,false,true,false,true,6.,6.,28.,26.,0.
1.19038658384,Voter,13,4,6.,1,false,true,false,true,50.,42.,40.,36.,11.7088273655
1.19038658384,Voter,13,4,11.,1,false,true,false,true,52.,42.,42.,36.,12.1143703387
1.19038658384,Voter,13,4,16.,1,false,true,false,true,52.,42.,42.,36.,12.1293470747
1.19038658384,Voter,13,4,21.,1,false,true,false,true,52.,42.,42.,36.,12.1299251548
1.19038658384,Voter,13,4,26.,1,false,true,false,true,52.,42.,42.,36.,12.1299482227
1.19038658384,Voter,13,4,31.,1,false,true,false,true,52.,42.,42.,36.,12.1299491685
1.19038658384,Voter,13,4,36.,1,false,true,false,true,52.,42.,42.,36.,12.1299492082
1.19038658384,Voter,13,4,41.,1,false,true,false,true,52.,42.,42.,36.,12.1299492099
1.19038658384,Voter,13,4,46.,1,false,true,false,true,52.,42.,42.,36.,12.12994921
1.19038658384,Voter,13,4,51.,1,false,true,false,true,52.,42.,42.,36.,12.12994921
1.31773836582,Sample,13,7,1.,1,false,true,false,true,64.,64.,182.,146.,0.
1.31773836582,Sample,13,7,6.,1,false,true,false,true,248.,204.,318.,246.,12.2110278004
1.31773836582,Sample,13,7,11.,1,false,true,false,true,256.,210.,318.,242.,12.7552480348
1.31773836582,Sample,13,7,16.,1,false,true,false,true,256.,210.,318.,242.,12.7808498511
1.31773836582,Sample,13,7,21.,1,false,true,false,true,256.,210.,318.,242.,12.7821014065
1.31773836582,Sample,13,7,26.,1,false,true,false,true,256.,210.,318.,242.,12.782164403
1.31773836582,Sample,13,7,31.,1,false,true,false,true,256.,210.,318.,242.,12.7821676502
1.31773836582,Sample,13,7,36.,1,false,true,false,true,256.,210.,318.,242.,12.7821678211
1.31773836582,Sample,13,7,41.,1,false,true,false,true,256.,210.,318.,242.,12.7821678302
1.31773836582,Sample,13,7,46.,1,false,true,false,true,256.,210.,318.,242.,12.7821678307
1.31773836582,Sample,13,7,51.,1,false,true,false,true,256.,210.,318.,242.,12.7821678307
1.10806416349,Voter,13,5,1.,1,false,true,false,true,20.,20.,32.,32.,0.
1.10806416349,Voter,13,5,6.,1,false,true,false,true,62.,54.,38.,36.,11.3304028173
1.10806416349,Voter,13,5,11.,1,false,true,false,true,62.,54.,38.,36.,11.6560138643
1.10806416349,Voter,13,5,16.,1,false,true,false,true,62.,54.,38.,36.,11.6660720112
1.10806416349,Voter,13,5,21.,1,false,true,false,true,62.,54.,38.,36.,11.6663982011
1.10806416349,Voter,13,5,26.,1,false,true,false,true,62.,54.,38.,36.,11.6664091723
1.10806416349,Voter,13,5,31.,1,false,true,false,true,62.,54.,38.,36.,11.6664095525
1.10806416349,Voter,13,5,36.,1,false,true,false,true,62.,54.,38.,36.,11.666409566
1.10806416349,Voter,13,5,41.,1,false,true,false,true,62.,54.,38.,36.,11.6664095665
1.10806416349,Voter,13,5,46.,1,false,true,false,true,62.,54.,38.,36.,11.6664095665
1.10806416349,Voter,13,5,51.,1,false,true,false,true,62.,54.,38.,36.,11.6664095665
1.08969628507,Voter,13,3,1.,1,false,true,false,true,6.,6.,6.,6.,0.
1.08969628507,Voter,13,3,6.,1,false,true,false,true,12.,10.,0.,0.,11.2396504622
1.08969628507,Voter,13,3,11.,1,false,true,false,true,12.,10.,0.,0.,11.5485622174
1.08969628507,Voter,13,3,16.,1,false,true,false,true,12.,10.,0.,0.,11.5577065618
1.08969628507,Voter,13,3,21.,1,false,true,false,true,12.,10.,0.,0.,11.5579910603
1.08969628507,Voter,13,3,26.,1,false,true,false,true,12.,10.,0.,0.,11.5580002475
1.08969628507,Voter,13,3,31.,1,false,true,false,true,12.,10.,0.,0.,11.5580005533
1.08969628507,Voter,13,3,36.,1,false,true,false,true,12.,10.,0.,0.,11.5580005638
1.08969628507,Voter,13,3,41.,1,false,true,false,true,12.,10.,0.,0.,11.5580005641
1.08969628507,Voter,13,3,46.,1,false,true,false,true,12.,10.,0.,0.,11.5580005641
1.08969628507,Voter,13,3,51.,1,false,true,false,true,12.,10.,0.,0.,11.5580005641
1.24326451904,Sample,13,7,1.,1,false,true,false,true,66.,60.,166.,134.,0.
1.24326451904,Sample,13,7,6.,1,false,true,false,true,216.,162.,212.,176.,11.9289556253
1.24326451904,Sample,13,7,11.,1,false,true,false,true,234.,172.,218.,182.,12.389989084
1.24326451904,Sample,13,7,16.,1,false,true,false,true,234.,172.,218.,182.,12.4089022165
1.24326451904,Sample,13,7,21.,1,false,true,false,true,234.,172.,218.,182.,12.4097110862
1.24326451904,Sample,13,7,26.,1,false,true,false,true,234.,172.,218.,182.,12.4097467856
1.24326451904,Sample,13,7,31.,1,false,true,false,true,234.,172.,218.,182.,12.4097484022
1.24326451904,Sample,13,7,36.,1,false,true,false,true,234.,172.,218.,182.,12.409748477
1.24326451904,Sample,13,7,41.,1,false,true,false,true,234.,172.,218.,182.,12.4097484805
1.24326451904,Sample,13,7,46.,1,false,true,false,true,234.,172.,218.,182.,12.4097484807
1.24326451904,Sample,13,7,51.,1,false,true,false,true,234.,172.,218.,182.,12.4097484807
1.39713869413,Voter,13,6,1.,1,false,true,false,true,14.,14.,50.,46.,0.
1.39713869413,Voter,13,6,6.,1,false,true,false,true,80.,70.,64.,64.,12.4786089139
1.39713869413,Voter,13,6,11.,1,false,true,false,true,84.,74.,64.,64.,13.1173711047
1.39713869413,Voter,13,6,16.,1,false,true,false,true,84.,74.,64.,64.,13.1517072447
1.39713869413,Voter,13,6,21.,1,false,true,false,true,84.,74.,64.,64.,13.1536194143
1.39713869413,Voter,13,6,26.,1,false,true,false,true,84.,74.,64.,64.,13.153728827
1.39713869413,Voter,13,6,31.,1,false,true,false,true,84.,74.,64.,64.,13.1537352272
1.39713869413,Voter,13,6,36.,1,false,true,false,true,84.,74.,64.,64.,13.1537356088
1.39713869413,Voter,13,6,41.,1,false,true,false,true,84.,74.,64.,64.,13.1537356319
1.39713869413,Voter,13,6,46.,1,false,true,false,true,84.,74.,64.,64.,13.1537356333
1.39713869413,Voter,13,6,51.,1,false,true,false,true,84.,74.,64.,64.,13.1537356334
1.29309264109,Sample,13,4,1.,1,false,true,false,true,18.,18.,40.,36.,0.
1.29309264109,Sample,13,4,6.,1,false,true,false,true,44.,44.,42.,40.,12.1211535392
1.29309264109,Sample,13,4,11.,1,false,true,false,true,44.,44.,42.,40.,12.637224048
1.29309264109,Sample,13,4,16.,1,false,true,false,true,44.,44.,42.,40.,12.6604574258
1.29309264109,Sample,13,4,21.,1,false,true,false,true,44.,44.,42.,40.,12.6615454628
1.29309264109,Sample,13,4,26.,1,false,true,false,true,44.,44.,42.,40.,12.6615979644
1.29309264109,Sample,13,4,31.,1,false,true,false,true,44.,44.,42.,40.,12.6616005604
1.29309264109,Sample,13,4,36.,1,false,true,false,true,44.,44.,42.,40.,12.6616006914
1.29309264109,Sample,13,4,41.,1,false,true,false,true,44.,44.,42.,40.,12.6616006982
1.29309264109,Sample,13,4,46.,1,false,true,false,true,44.,44.,42.,40.,12.6616006985
1.29309264109,Sample,13,4,51.,1,false,true,false,true,44.,44.,42.,40.,12.6616006985
1.32466429386,Sample,13,4,1.,1,false,true,false,true,12.,12.,36.,30.,0.
1.32466429386,Sample,13,4,6.,1,false,true,false,true,44.,42.,60.,52.,12.2356859362
1.32466429386,Sample,13,4,11.,1,false,true,false,true,44.,42.,60.,52.,12.7879228158
1.32466429386,Sample,13,4,16.,1,false,true,false,true,44.,42.,60.,52.,12.8142186938
1.32466429386,Sample,13,4,21.,1,false,true,false,true,44.,42.,60.,52.,12.8155194961
1.32466429386,Sample,13,4,26.,1,false,true,false,true,44.,42.,60.,52.,12.8155857386
1.32466429386,Sample,13,4,31.,1,false,true,false,true,44.,42.,60.,52.,12.8155891927
1.32466429386,Sample,13,4,36.,1,false,true,false,true,44.,42.,60.,52.,12.8155893764
1.32466429386,Sample,13,4,41.,1,false,true,false,true,44.,42.,60.,52.,12.8155893864
1.32466429386,Sample,13,4,46.,1,false,true,false,true,44.,42.,60.,52.,12.8155893869
1.32466429386,Sample,13,4,51.,1,false,true,false,true,44.,42.,60.,52.,12.815589387
0.842828291756,Voter,13,3,1.,1,false,true,false,true,0.,0.,8.,8.,0.
0.842828291756,Voter,13,3,6.,1,false,true,false,true,8.,8.,0.,0.,9.7608805049
0.842828291756,Voter,13,3,11.,1,false,true,false,true,8.,8.,0.,0.,9.88933173656
0.842828291756,Voter,13,3,16.,1,false,true,false,true,8.,8.,0.,0.,9.89122167588
0.842828291756,Voter,13,3,21.,1,false,true,false,true,8.,8.,0.,0.,9.89125148295
0.842828291756,Voter,13,3,26.,1,false,true,false,true,8.,8.,0.,0.,9.89125197806
0.842828291756,Voter,13,3,31.,1,false,true,false,true,8.,8.,0.,0.,9.89125198663
0.842828291756,Voter,13,3,36.,1,false,true,false,true,8.,8.,0.,0.,9.89125198679
0.842828291756,Voter,13,3,41.,1,false,true,false,true,8.,8.,0.,0.,9.89125198679
0.842828291756,Voter,13,3,46.,1,false,true,false,true,8.,8.,0.,0.,9.89125198679
0.842828291756,Voter,13,3,51.,1,false,true,false,true,8.,8.,0.,0.,9.89125198679
0.870720266524,Voter,13,3,1.,1,false,true,false,true,4.,4.,6.,6.,0.
0.870720266524,Voter,13,3,6.,1,false,true,false,true,12.,10.,10.,10.,9.95465484129
0.870720266524,Voter,13,3,11.,1,false,true,false,true,12.,10.,10.,10.,10.0992339414
0.870720266524,Voter,13,3,16.,1,false,true,false,true,12.,10.,10.,10.,10.1015688657
0.870720266524,Voter,13,3,21.,1,false,true,false,true,12.,10.,10.,10.,10.1016091719
0.870720266524,Voter,13,3,26.,1,false,true,false,true,12.,10.,10.,10.,10.1016099031
0.870720266524,Voter,13,3,31.,1,false,true,false,true,12.,10.,10.,10.,10.1016099169
0.870720266524,Voter,13,3,36.,1,false,true,false,true,12.,10.,10.,10.,10.1016099172
0.870720266524,Voter,13,3,41.,1,false,true,false,true,12.,10.,10.,10.,10.1016099172
0.870720266524,Voter,13,3,46.,1,false,true,false,true,12.,10.,10.,10.,10.1016099172
0.870720266524,Voter,13,3,51.,1,false,true,false,true,12.,10.,10.,10.,10.1016099172
0.962229998805,Voter,13,6,1.,1,false,true,false,true,14.,14.,40.,38.,0.
0.962229998805,Voter,13,6,6.,1,false,true,false,true,48.,44.,30.,28.,10.5400673711
0.962229998805,Voter,13,6,11.,1,false,true,false,true,54.,50.,28.,28.,10.7452926743
0.962229998805,Voter,13,6,16.,1,false,true,false,true,54.,50.,28.,28.,10.7496680815
0.962229998805,Voter,13,6,21.,1,false,true,false,true,54.,50.,28.,28.,10.7497669925
0.962229998805,Voter,13,6,26.,1,false,true,false,true,54.,50.,28.,28.,10.7497693283
0.962229998805,Voter,13,6,31.,1,false,true,false,true,54.,50.,28.,28.,10.7497693855
0.962229998805,Voter,13,6,36.,1,false,true,false,true,54.,50.,28.,28.,10.7497693869
0.962229998805,Voter,13,6,41.,1,false,true,false,true,54.,50.,28.,28.,10.749769387
0.962229998805,Voter,13,6,46.,1,false,true,false,true,54.,50.,28.,28.,10.749769387
0.962229998805,Voter,13,6,51.,1,false,true,false,true,54.,50.,28.,28.,10.749769387
0.931960716831,Sample,13,5,1.,1,false,true,false,true,38.,38.,44.,38.,0.
0.931960716831,Sample,13,5,6.,1,false,true,false,true,74.,62.,44.,38.,10.3546416882
0.931960716831,Sample,13,5,11.,1,false,true,false,true,76.,62.,46.,38.,10.5385016307
0.931960716831,Sample,13,5,16.,1,false,true,false,true,76.,62.,46.,38.,10.5420931946
0.931960716831,Sample,13,5,21.,1,false,true,false,true,76.,62.,46.,38.,10.5421677694
0.931960716831,Sample,13,5,26.,1,false,true,false,true,76.,62.,46.,38.,10.54216939
0.931960716831,Sample,13,5,31.,1,false,true,false,true,76.,62.,46.,38.,10.5421694265
0.931960716831,Sample,13,5,36.,1,false,true,false,true,76.,62.,46.,38.,10.5421694274
0.931960716831,Sample,13,5,41.,1,false,true,false,true,76.,62.,46.,38.,10.5421694274
0.931960716831,Sample,13,5,46.,1,false,true,false,true,76.,62.,46.,38.,10.5421694274
0.931960716831,Sample,13,5,51.,1,false,true,false,true,76.,62.,46.,38.,10.5421694274
1.09656854257,Voter,13,7,1.,1,false,true,false,true,18.,18.,64.,54.,0.
1.09656854257,Voter,13,7,6.,1,false,true,false,true,86.,72.,44.,42.,11.2738853898
1.09656854257,Voter,13,7,11.,1,false,true,false,true,88.,74.,46.,44.,11.5889951039
1.09656854257,Voter,13,7,16.,1,false,true,false,true,88.,74.,46.,44.,11.5984739679
1.09656854257,Voter,13,7,21.,1,false,true,false,true,88.,74.,46.,44.,11.5987735254
1.09656854257,Voter,13,7,26.,1,false,true,false,true,88.,74.,46.,44.,11.5987833486
1.09656854257,Voter,13,7,31.,1,false,true,false,true,88.,74.,46.,44.,11.5987836805
1.09656854257,Voter,13,7,36.,1,false,true,false,true,88.,74.,46.,44.,11.5987836921
1.09656854257,Voter,13,7,41.,1,false,true,false,true,88.,74.,46.,44.,11.5987836925
1.09656854257,Voter,13,7,46.,1,false,true,false,true,88.,74.,46.,44.,11.5987836925
1.09656854257,Voter,13,7,51.,1,false,true,false,true,88.,74.,46.,44.,11.5987836925
1.24543542326,Sample,13,3,1.,1,false,true,false,true,4.,4.,14.,14.,0.
1.24543542326,Sample,13,3,6.,1,false,true,false,true,18.,16.,16.,16.,11.9376304143
1.24543542326,Sample,13,3,11.,1,false,true,false,true,18.,16.,16.,16.,12.4010075704
1.24543542326,Sample,13,3,16.,1,false,true,false,true,18.,16.,16.,16.,12.4200962637
1.24543542326,Sample,13,3,21.,1,false,true,false,true,18.,16.,16.,16.,12.4209159704
1.24543542326,Sample,13,3,26.,1,false,true,false,true,18.,16.,16.,16.,12.4209522931
1.24543542326,Sample,13,3,31.,1,false,true,false,true,18.,16.,16.,16.,12.4209539444
1.24543542326,Sample,13,3,36.,1,false,true,false,true,18.,16.,16.,16.,12.4209540211
1.24543542326,Sample,13,3,41.,1,false,true,false,true,18.,16.,16.,16.,12.4209540247
1.24543542326,Sample,13,3,46.,1,false,true,false,true,18.,16.,16.,16.,12.4209540249
1.24543542326,Sample,13,3,51.,1,false,true,false,true,18.,16.,16.,16.,12.4209540249
1.35528149591,Sample,13,3,1.,1,false,true,false,true,4.,4.,18.,18.,0.
1.35528149591,Sample,13,3,6.,1,false,true,false,true,26.,24.,28.,28.,12.3416236303
1.35528149591,Sample,13,3,11.,1,false,true,false,true,26.,24.,28.,28.,12.9298385558
1.35528149591,Sample,13,3,16.,1,false,true,false,true,26.,24.,28.,28.,12.9593557852
1.35528149591,Sample,13,3,21.,1,false,true,false,true,26.,24.,28.,28.,12.9608927131
1.35528149591,Sample,13,3,26.,1,false,true,false,true,26.,24.,28.,28.,12.9609750262
1.35528149591,Sample,13,3,31.,1,false,true,false,true,26.,24.,28.,28.,12.960979537
1.35528149591,Sample,13,3,36.,1,false,true,false,true,26.,24.,28.,28.,12.9609797891
1.35528149591,Sample,13,3,41.,1,false,true,false,true,26.,24.,28.,28.,12.9609798034
1.35528149591,Sample,13,3,46.,1,false,true,false,true,26.,24.,28.,28.,12.9609798042
1.35528149591,Sample,13,3,51.,1,false,true,false,true,26.,24.,28.,28.,12.9609798043
1.29071515722,Voter,13,4,1.,1,false,true,false,true,14.,14.,26.,26.,0.
1.29071515722,Voter,13,4,6.,1,false,true,false,true,34.,32.,26.,26.,12.1123054982
1.29071515722,Voter,13,4,11.,1,false,true,false,true,34.,32.,26.,26.,12.6256922091
1.29071515722,Voter,13,4,16.,1,false,true,false,true,34.,32.,26.,26.,12.6487053742
1.29071515722,Voter,13,4,21.,1,false,true,false,true,34.,32.,26.,26.,12.6497785724
1.29071515722,Voter,13,4,26.,1,false,true,false,true,34.,32.,26.,26.,12.6498301442
1.29071515722,Voter,13,4,31.,1,false,true,false,true,34.,32.,26.,26.,12.6498326837
1.29071515722,Voter,13,4,36.,1,false,true,false,true,34.,32.,26.,26.,12.6498328114
1.29071515722,Voter,13,4,41.,1,false,true,false,true,34.,32.,26.,26.,12.649832818
1.29071515722,Voter,13,4,46.,1,false,true,false,true,34.,32.,26.,26.,12.6498328183
1.29071515722,Voter,13,4,51.,1,false,true,false,true,34.,32.,26.,26.,12.6498328183
1.08112163508,Voter,13,4,1.,1,false,true,false,true,12.,12.,30.,28.,0.
1.08112163508,Voter,13,4,6.,1,false,true,false,true,40.,38.,30.,30.,11.1964596025
1.08112163508,Voter,13,4,11.,1,false,true,false,true,40.,38.,30.,30.,11.497722563
1.08112163508,Voter,13,4,16.,1,false,true,false,true,40.,38.,30.,30.,11.5064616559
1.08112163508,Voter,13,4,21.,1,false,true,false,true,40.,38.,30.,30.,11.5067282337
1.08112163508,Voter,13,4,26.,1,false,true,false,true,40.,38.,30.,30.,11.5067366772
1.08112163508,Voter,13,4,31.,1,false,true,false,true,40.,38.,30.,30.,11.506736953
1.08112163508,Voter,13,4,36.,1,false,true,false,true,40.,38.,30.,30.,11.5067369622
1.08112163508,Voter,13,4,41.,1,false,true,false,true,40.,38.,30.,30.,11.5067369625
1.08112163508,Voter,13,4,46.,1,false,true,false,true,40.,38.,30.,30.,11.5067369625
1.08112163508,Voter,13,4,51.,1,false,true,false,true,40.,38.,30.,30.,11.5067369625
0.861346965773,Voter,13,3,1.,1,false,true,false,true,12.,12.,14.,14.,0.
0.861346965773,Voter,13,3,6.,1,false,true,false,true,24.,24.,14.,14.,9.89037058535
0.861346965773,Voter,13,3,11.,1,false,true,false,true,24.,24.,14.,14.,10.0294065512
0.861346965773,Voter,13,3,16.,1,false,true,false,true,24.,24.,14.,14.,10.0315837972
0.861346965773,Voter,13,3,21.,1,false,true,false,true,24.,24.,14.,14.,10.0316202746
0.861346965773,Voter,13,3,26.,1,false,true,false,true,24.,24.,14.,14.,10.0316209173
0.861346965773,Voter,13,3,31.,1,false,true,false,true,24.,24.,14.,14.,10.0316209291
0.861346965773,Voter,13,3,36.,1,false,true,false,true,24.,24.,14.,14.,10.0316209293
0.861346965773,Voter,13,3,41.,1,false,true,false,true,24.,24.,14.,14.,10.0316209293
0.861346965773,Voter,13,3,46.,1,false,true,false,true,24.,24.,14.,14.,10.0316209293
0.861346965773,Voter,13,3,51.,1,false,true,false,true,24.,24.,14.,14.,10.0316209293
0.839281580342,Sample,13,5,1.,1,false,true,false,true,26.,24.,44.,38.,0.
0.839281580342,Sample,13,5,6.,1,false,true,false,true,90.,68.,64.,54.,9.73569875662
0.839281580342,Sample,13,5,11.,1,false,true,false,true,90.,68.,64.,54.,9.86217832866
0.839281580342,Sample,13,5,16.,1,false,true,false,true,90.,68.,64.,54.,9.86401676441
0.839281580342,Sample,13,5,21.,1,false,true,false,true,90.,68.,64.,54.,9.86404541947
0.839281580342,Sample,13,5,26.,1,false,true,false,true,90.,68.,64.,54.,9.86404588999
0.839281580342,Sample,13,5,31.,1,false,true,false,true,90.,68.,64.,54.,9.86404589805
0.839281580342,Sample,13,5,36.,1,false,true,false,true,90.,68.,64.,54.,9.8640458982
0.839281580342,Sample,13,5,41.,1,false,true,false,true,90.,68.,64.,54.,9.8640458982
0.839281580342,Sample,13,5,46.,1,false,true,false,true,90.,68.,64.,54.,9.8640458982
0.839281580342,Sample,13,5,51.,1,false,true,false,true,90.,68.,64.,54.,9.8640458982
1.16386766027,Voter,13,5,1.,1,false,true,false,true,28.,26.,46.,46.,0.
1.16386766027,Voter,13,5,6.,1,false,true,false,true,62.,58.,40.,38.,11.5918271303
1.16386766027,Voter,13,5,11.,1,false,true,false,true,64.,60.,42.,40.,11.9707361081
1.16386766027,Voter,13,5,16.,1,false,true,false,true,64.,60.,42.,40.,11.9839746058
1.16386766027,Voter,13,5,21.,1,false,true,false,true,64.,60.,42.,40.,11.9844586976
1.16386766027,Voter,13,5,26.,1,false,true,false,true,64.,60.,42.,40.,11.9844770159
1.16386766027,Voter,13,5,31.,1,false,true,false,true,64.,60.,42.,40.,11.9844777287
1.16386766027,Voter,13,5,36.,1,false,true,false,true,64.,60.,42.,40.,11.9844777571
1.16386766027,Voter,13,5,41.,1,false,true,false,true,64.,60.,42.,40.,11.9844777583
1.16386766027,Voter,13,5,46.,1,false,true,false,true,64.,60.,42.,40.,11.9844777583
1.16386766027,Voter,13,5,51.,1,false,true,false,true,64.,60.,42.,40.,11.9844777583
1.11026812813,Voter,13,4,1.,1,false,true,false,true,6.,6.,28.,26.,0.
1.11026812813,Voter,13,4,6.,1,false,true,false,true,36.,34.,10.,10.,11.3411322131
1.11026812813,Voter,13,4,11.,1,false,true,false,true,40.,36.,14.,14.,11.6687755879
1.11026812813,Voter,13,4,16.,1,false,true,false,true,40.,36.,14.,14.,11.6789476548
1.11026812813,Voter,13,4,21.,1,false,true,false,true,40.,36.,14.,14.,11.6792791634
1.11026812813,Voter,13,4,26.,1,false,true,false,true,40.,36.,14.,14.,11.6792903674
1.11026812813,Voter,13,4,31.,1,false,true,false,true,40.,36.,14.,14.,11.6792907574
1.11026812813,Voter,13,4,36.,1,false,true,false,true,40.,36.,14.,14.,11.6792907714
1.11026812813,Voter,13,4,41.,1,false,true,false,true,40.,36.,14.,14.,11.6792907719
1.11026812813,Voter,13,4,46.,1,false,true,false,true,40.,36.,14.,14.,11.6792907719
1.11026812813,Voter,13,4,51.,1,false,true,false,true,40.,36.,14.,14.,11.6792907719
1.12480105669,Voter,13,5,1.,1,false,true,false,true,6.,6.,22.,20.,0.
1.12480105669,Voter,13,5,6.,1,false,true,false,true,38.,34.,22.,22.,11.4110357428
1.12480105669,Voter,13,5,11.,1,false,true,false,true,38.,34.,22.,22.,11.7522318888
1.12480105669,Voter,13,5,16.,1,false,true,false,true,38.,34.,22.,22.,11.7631786109
1.12480105669,Voter,13,5,21.,1,false,true,false,true,38.,34.,22.,22.,11.7635469761
1.12480105669,Voter,13,5,26.,1,false,true,false,true,38.,34.,22.,22.,11.7635598232
1.12480105669,Voter,13,5,31.,1,false,true,false,true,38.,34.,22.,22.,11.7635602845
1.12480105669,Voter,13,5,36.,1,false,true,false,true,38.,34.,22.,22.,11.7635603015
1.12480105669,Voter,13,5,41.,1,false,true,false,true,38.,34.,22.,22.,11.7635603022
1.12480105669,Voter,13,5,46.,1,false,true,false,true,38.,34.,22.,22.,11.7635603022
1.12480105669,Voter,13,5,51.,1,false,true,false,true,38.,34.,22.,22.,11.7635603022
0.875133431909,Sample,13,4,1.,1,false,true,false,true,28.,26.,50.,42.,0.
0.875133431909,Sample,13,4,6.,1,false,true,false,true,76.,62.,78.,64.,9.98463278084
0.875133431909,Sample,13,4,11.,1,false,true,false,true,78.,64.,76.,64.,10.1318649177
0.875133431909,Sample,13,4,16.,1,false,true,false,true,78.,64.,76.,64.,10.1342770519
0.875133431909,Sample,13,4,21.,1,false,true,false,true,78.,64.,76.,64.,10.1343192746
0.875133431909,Sample,13,4,26.,1,false,true,false,true,78.,64.,76.,64.,10.134320051
0.875133431909,Sample,13,4,31.,1,false,true,false,true,78.,64.,76.,64.,10.1343200659
0.875133431909,Sample,13,4,36.,1,false,true,false,true,78.,64.,76.,64.,10.1343200662
0.875133431909,Sample,13,4,41.,1,false,true,false,true,78.,64.,76.,64.,10.1343200662
0.875133431909,Sample,13,4,46.,1,false,true,false,true,78.,64.,76.,64.,10.1343200662
0.875133431909,Sample,13,4,51.,1,false,true,false,true,78.,64.,76.,64.,10.1343200662
0.921996713535,Sample,13,4,1.,1,false,true,false,true,8.,8.,18.,14.,0.
0.921996713535,Sample,13,4,6.,1,false,true,false,true,26.,24.,8.,8.,10.2918659428
0.921996713535,Sample,13,4,11.,1,false,true,false,true,28.,26.,10.,10.,10.4689738069
0.921996713535,Sample,13,4,16.,1,false,true,false,true,28.,26.,10.,10.,10.472332213
0.921996713535,Sample,13,4,21.,1,false,true,false,true,28.,26.,10.,10.,10.4723999632
0.921996713535,Sample,13,4,26.,1,false,true,false,true,28.,26.,10.,10.,10.4724013945
0.921996713535,Sample,13,4,31.,1,false,true,false,true,28.,26.,10.,10.,10.4724014259
0.921996713535,Sample,13,4,36.,1,false,true,false,true,28.,26.,10.,10.,10.4724014266
0.921996713535,Sample,13,4,41.,1,false,true,false,true,28.,26.,10.,10.,10.4724014266
0.921996713535,Sample,13,4,46.,1,false,true,false,true,28.,26.,10.,10.,10.4724014266
0.921996713535,Sample,13,4,51.,1,false,true,false,true,28.,26.,10.,10.,10.4724014266
0.970577888238,Voter,13,7,1.,1,false,true,false,true,60.,54.,86.,80.,0.
0.970577888238,Voter,13,7,6.,1,false,true,false,true,122.,106.,56.,50.,10.5898367866
0.970577888238,Voter,13,7,11.,1,false,true,false,true,126.,108.,56.,50.,10.8011789581
0.970577888238,Voter,13,7,16.,1,false,true,false,true,126.,108.,56.,50.,10.805791554
0.970577888238,Voter,13,7,21.,1,false,true,false,true,126.,108.,56.,50.,10.8058982283
0.970577888238,Voter,13,7,26.,1,false,true,false,true,126.,108.,56.,50.,10.8059008043
0.970577888238,Voter,13,7,31.,1,false,true,false,true,126.,108.,56.,50.,10.8059008687
0.970577888238,Voter,13,7,36.,1,false,true,false,true,126.,108.,56.,50.,10.8059008704
0.970577888238,Voter,13,7,41.,1,false,true,false,true,126.,108.,56.,50.,10.8059008704
0.970577888238,Voter,13,7,46.,1,false,true,false,true,126.,108.,56.,50.,10.8059008704
0.970577888238,Voter,13,7,51.,1,false,true,false,true,126.,108.,56.,50.,10.8059008704
1.02581882627,Voter,13,7,1.,1,false,true,false,true,32.,32.,72.,68.,0.
1.02581882627,Voter,13,7,6.,1,false,true,false,true,94.,82.,38.,36.,10.9048433035
1.02581882627,Voter,13,7,11.,1,false,true,false,true,94.,82.,38.,36.,11.1590740184
1.02581882627,Voter,13,7,16.,1,false,true,false,true,94.,82.,38.,36.,11.1655067975
1.02581882627,Voter,13,7,21.,1,false,true,false,true,94.,82.,38.,36.,11.1656785772
1.02581882627,Voter,13,7,26.,1,false,true,false,true,94.,82.,38.,36.,11.1656833527
1.02581882627,Voter,13,7,31.,1,false,true,false,true,94.,82.,38.,36.,11.1656834899
1.02581882627,Voter,13,7,36.,1,false,true,false,true,94.,82.,38.,36.,11.1656834939
1.02581882627,Voter,13,7,41.,1,false,true,false,true,94.,82.,38.,36.,11.1656834941
1.02581882627,Voter,13,7,46.,1,false,true,false,true,94.,82.,38.,36.,11.1656834941
1.02581882627,Voter,13,7,51.,1,false,true,false,true,94.,82.,38.,36.,11.1656834941
1.31972324036,Voter,13,7,1.,1,false,true,false,true,14.,14.,72.,68.,0.
1.31972324036,Voter,13,7,6.,1,false,true,false,true,96.,88.,62.,54.,12.2181210266
1.31972324036,Voter,13,7,11.,1,false,true,false,true,96.,88.,62.,54.,12.7646340308
1.31972324036,Voter,13,7,16.,1,false,true,false,true,96.,88.,62.,54.,12.7904334653
1.31972324036,Voter,13,7,21.,1,false,true,false,true,96.,88.,62.,54.,12.7916989824
1.31972324036,Voter,13,7,26.,1,false,true,false,true,96.,88.,62.,54.,12.7917628953
1.31972324036,Voter,13,7,31.,1,false,true,false,true,96.,88.,62.,54.,12.7917662007
1.31972324036,Voter,13,7,36.,1,false,true,false,true,96.,88.,62.,54.,12.7917663751
1.31972324036,Voter,13,7,41.,1,false,true,false,true,96.,88.,62.,54.,12.7917663845
1.31972324036,Voter,13,7,46.,1,false,true,false,true,96.,88.,62.,54.,12.791766385
1.31972324036,Voter,13,7,51.,1,false,true,false,true,96.,88.,62.,54.,12.791766385
1.09409509534,Voter,13,5,1.,1,false,true,false,true,10.,8.,28.,26.,0.
1.09409509534,Voter,13,5,6.,1,false,true,false,true,42.,34.,12.,12.,11.2616024656
1.09409509534,Voter,13,5,11.,1,false,true,false,true,42.,34.,12.,12.,11.5744745084
1.09409509534,Voter,13,5,16.,1,false,true,false,true,42.,34.,12.,12.,11.5838319669
1.09409509534,Voter,13,5,21.,1,false,true,false,true,42.,34.,12.,12.,11.5841260316
1.09409509534,Voter,13,5,26.,1,false,true,false,true,42.,34.,12.,12.,11.5841356216
1.09409509534,Voter,13,5,31.,1,false,true,false,true,42.,34.,12.,12.,11.584135944
1.09409509534,Voter,13,5,36.,1,false,true,false,true,42.,34.,12.,12.,11.5841359551
1.09409509534,Voter,13,5,41.,1,false,true,false,true,42.,34.,12.,12.,11.5841359555
1.09409509534,Voter,13,5,46.,1,false,true,false,true,42.,34.,12.,12.,11.5841359555
1.09409509534,Voter,13,5,51.,1,false,true,false,true,42.,34.,12.,12.,11.5841359555
1.06382003496,Voter,13,4,1.,1,false,true,false,true,4.,4.,12.,12.,0.
1.06382003496,Voter,13,4,6.,1,false,true,false,true,18.,18.,2.,2.,11.1076824067
1.06382003496,Voter,13,4,11.,1,false,true,false,true,18.,18.,2.,2.,11.3938003264
1.06382003496,Voter,13,4,16.,1,false,true,false,true,18.,18.,2.,2.,11.4017617859
1.06382003496,Voter,13,4,21.,1,false,true,false,true,18.,18.,2.,2.,11.4019949968
1.06382003496,Voter,13,4,26.,1,false,true,false,true,18.,18.,2.,2.,11.4020020956
1.06382003496,Voter,13,4,31.,1,false,true,false,true,18.,18.,2.,2.,11.4020023186
1.06382003496,Voter,13,4,36.,1,false,true,false,true,18.,18.,2.,2.,11.4020023258
1.06382003496,Voter,13,4,41.,1,false,true,false,true,18.,18.,2.,2.,11.402002326
1.06382003496,Voter,13,4,46.,1,false,true,false,true,18.,18.,2.,2.,11.402002326
1.06382003496,Voter,13,4,51.,1,false,true,false,true,18.,18.,2.,2.,11.402002326
1.14991660574,Sample,13,5,1.,1,false,true,false,true,72.,64.,80.,70.,0.
1.14991660574,Sample,13,5,6.,1,false,true,false,true,136.,114.,128.,106.,11.528436908
1.14991660574,Sample,13,5,11.,1,false,true,false,true,140.,118.,132.,110.,11.8936668532
1.14991660574,Sample,13,5,16.,1,false,true,false,true,140.,118.,132.,110.,11.9060510296
1.14991660574,Sample,13,5,21.,1,false,true,false,true,140.,118.,132.,110.,11.9064908521
1.14991660574,Sample,13,5,26.,1,false,true,false,true,140.,118.,132.,110.,11.906507025
1.14991660574,Sample,13,5,31.,1,false,true,false,true,140.,118.,132.,110.,11.9065076368
1.14991660574,Sample,13,5,36.,1,false,true,false,true,140.,118.,132.,110.,11.9065076605
1.14991660574,Sample,13,5,41.,1,false,true,false,true,140.,118.,132.,110.,11.9065076614
1.14991660574,Sample,13,5,46.,1,false,true,false,true,140.,118.,132.,110.,11.9065076615
1.14991660574,Sample,13,5,51.,1,false,true,false,true,140.,118.,132.,110.,11.9065076615
1.29510389192,Sample,13,3,1.,1,false,true,false,true,2.,2.,12.,12.,0.
1.29510389192,Sample,13,3,6.,1,false,true,false,true,14.,14.,4.,4.,12.1286139027
1.29510389192,Sample,13,3,11.,1,false,true,false,true,14.,14.,4.,4.,12.6469591973
1.29510389192,Sample,13,3,16.,1,false,true,false,true,14.,14.,4.,4.,12.6703799908
1.29510389192,Sample,13,3,21.,1,false,true,false,true,14.,14.,4.,4.,12.6714807063
1.29510389192,Sample,13,3,26.,1,false,true,false,true,14.,14.,4.,4.,12.6715340055
1.29510389192,Sample,13,3,31.,1,false,true,false,true,14.,14.,4.,4.,12.6715366499
1.29510389192,Sample,13,3,36.,1,false,true,false,true,14.,14.,4.,4.,12.6715367839
1.29510389192,Sample,13,3,41.,1,false,true,false,true,14.,14.,4.,4.,12.6715367908
1.29510389192,Sample,13,3,46.,1,false,true,false,true,14.,14.,4.,4.,12.6715367912
1.29510389192,Sample,13,3,51.,1,false,true,false,true,14.,14.,4.,4.,12.6715367912
0.893869984447,Sample,13,4,1.,1,false,true,false,true,10.,10.,26.,24.,0.
0.893869984447,Sample,13,4,6.,1,false,true,false,true,38.,30.,34.,32.,10.1098789554
0.893869984447,Sample,13,4,11.,1,false,true,false,true,38.,30.,34.,32.,10.2686826353
0.893869984447,Sample,13,4,16.,1,false,true,false,true,38.,30.,34.,32.,10.2714446232
0.893869984447,Sample,13,4,21.,1,false,true,false,true,38.,30.,34.,32.,10.2714958572
0.893869984447,Sample,13,4,26.,1,false,true,false,true,38.,30.,34.,32.,10.2714968543
0.893869984447,Sample,13,4,31.,1,false,true,false,true,38.,30.,34.,32.,10.2714968745
0.893869984447,Sample,13,4,36.,1,false,true,false,true,38.,30.,34.,32.,10.2714968749
0.893869984447,Sample,13,4,41.,1,false,true,false,true,38.,30.,34.,32.,10.2714968749
0.893869984447,Sample,13,4,46.,1,false,true,false,true,38.,30.,34.,32.,10.2714968749
0.893869984447,Sample,13,4,51.,1,false,true,false,true,38.,30.,34.,32.,10.2714968749
1.17081495225,Voter,13,6,1.,1,false,true,false,true,42.,40.,84.,74.,0.
1.17081495225,Voter,13,6,6.,1,false,true,false,true,116.,88.,74.,66.,11.6229173266
1.17081495225,Voter,13,6,11.,1,false,true,false,true,116.,88.,74.,66.,12.0087242885
1.17081495225,Voter,13,6,16.,1,false,true,false,true,116.,88.,74.,66.,12.0224035079
1.17081495225,Voter,13,6,21.,1,false,true,false,true,116.,88.,74.,66.,12.0229109415
1.17081495225,Voter,13,6,26.,1,false,true,false,true,116.,88.,74.,66.,12.0229304155
1.17081495225,Voter,13,6,31.,1,false,true,false,true,116.,88.,74.,66.,12.0229311838
1.17081495225,Voter,13,6,36.,1,false,true,false,true,116.,88.,74.,66.,12.0229312149
1.17081495225,Voter,13,6,41.,1,false,true,false,true,116.,88.,74.,66.,12.0229312162
1.17081495225,Voter,13,6,46.,1,false,true,false,true,116.,88.,74.,66.,12.0229312162
1.17081495225,Voter,13,6,51.,1,false,true,false,true,116.,88.,74.,66.,12.0229312162
1.36251851499,Voter,13,6,1.,1,false,true,false,true,18.,18.,54.,48.,0.
1.36251851499,Voter,13,6,6.,1,false,true,false,true,88.,76.,56.,50.,12.3659461096
1.36251851499,Voter,13,6,11.,1,false,true,false,true,92.,78.,60.,52.,12.9627905598
1.36251851499,Voter,13,6,16.,1,false,true,false,true,92.,78.,60.,52.,12.993106282
1.36251851499,Voter,13,6,21.,1,false,true,false,true,92.,78.,60.,52.,12.9947036062
1.36251851499,Voter,13,6,26.,1,false,true,false,true,92.,78.,60.,52.,12.9947901572
1.36251851499,Voter,13,6,31.,1,false,true,false,true,92.,78.,60.,52.,12.9947949551
1.36251851499,Voter,13,6,36.,1,false,true,false,true,92.,78.,60.,52.,12.9947952263
1.36251851499,Voter,13,6,41.,1,false,true,false,true,92.,78.,60.,52.,12.9947952419
1.36251851499,Voter,13,6,46.,1,false,true,false,true,92.,78.,60.,52.,12.9947952428
1.36251851499,Voter,13,6,51.,1,false,true,false,true,92.,78.,60.,52.,12.9947952429
0.988831577641,Voter,13,7,1.,1,false,true,false,true,18.,18.,54.,50.,0.
0.988831577641,Voter,13,7,6.,1,false,true,false,true,82.,74.,38.,36.,10.6966512928
0.988831577641,Voter,13,7,11.,1,false,true,false,true,86.,78.,34.,32.,10.9217042139
0.988831577641,Voter,13,7,16.,1,false,true,false,true,86.,78.,34.,32.,10.9268689138
0.988831577641,Voter,13,7,21.,1,false,true,false,true,86.,78.,34.,32.,10.9269943314
0.988831577641,Voter,13,7,26.,1,false,true,false,true,86.,78.,34.,32.,10.9269975082
0.988831577641,Voter,13,7,31.,1,false,true,false,true,86.,78.,34.,32.,10.9269975915
0.988831577641,Voter,13,7,36.,1,false,true,false,true,86.,78.,34.,32.,10.9269975937
0.988831577641,Voter,13,7,41.,1,false,true,false,true,86.,78.,34.,32.,10.9269975938
0.988831577641,Voter,13,7,46.,1,false,true,false,true,86.,78.,34.,32.,10.9269975938
0.988831577641,Voter,13,7,51.,1,false,true,false,true,86.,78.,34.,32.,10.9269975938
1.27872159007,Sample,13,3,1.,1,false,true,false,true,0.,0.,10.,10.,0.
1.27872159007,Sample,13,3,6.,1,false,true,false,true,10.,10.,0.,0.,12.0671846522
1.27872159007,Sample,13,3,11.,1,false,true,false,true,10.,10.,0.,0.,12.5671192991
1.27872159007,Sample,13,3,16.,1,false,true,false,true,10.,10.,0.,0.,12.5890433957
1.27872159007,Sample,13,3,21.,1,false,true,false,true,10.,10.,0.,0.,12.5900441463
1.27872159007,Sample,13,3,26.,1,false,true,false,true,10.,10.,0.,0.,12.5900912349
1.27872159007,Sample,13,3,31.,1,false,true,false,true,10.,10.,0.,0.,12.5900935061
1.27872159007,Sample,13,3,36.,1,false,true,false,true,10.,10.,0.,0.,12.5900936179
1.27872159007,Sample,13,3,41.,1,false,true,false,true,10.,10.,0.,0.,12.5900936236
1.27872159007,Sample,13,3,46.,1,false,true,false,true,10.,10.,0.,0.,12.5900936239
1.27872159007,Sample,13,3,51.,1,false,true,false,true,10.,10.,0.,0.,12.5900936239
0.946164437095,Sample,13,3,1.,1,false,true,false,true,6.,6.,12.,12.,0.
0.946164437095,Sample,13,3,6.,1,false,true,false,true,18.,18.,8.,8.,10.4426307157
0.946164437095,Sample,13,3,11.,1,false,true,false,true,18.,18.,8.,8.,10.6363567817
0.946164437095,Sample,13,3,16.,1,false,true,false,true,18.,18.,8.,8.,10.6403016484
0.946164437095,Sample,13,3,21.,1,false,true,false,true,18.,18.,8.,8.,10.640386934
0.946164437095,Sample,13,3,26.,1,false,true,false,true,18.,18.,8.,8.,10.640388862
0.946164437095,Sample,13,3,31.,1,false,true,false,true,18.,18.,8.,8.,10.6403889072
0.946164437095,Sample,13,3,36.,1,false,true,false,true,18.,18.,8.,8.,10.6403889083
0.946164437095,Sample,13,3,41.,1,false,true,false,true,18.,18.,8.,8.,10.6403889083
0.946164437095,Sample,13,3,46.,1,false,true,false,true,18.,18.,8.,8.,10.6403889083
0.946164437095,Sample,13,3,51.,1,false,true,false,true,18.,18.,8.,8.,10.6403889083
1.238765847,Sample,13,6,1.,1,false,true,false,true,46.,42.,110.,88.,0.
1.238765847,Sample,13,6,6.,1,false,true,false,true,128.,114.,116.,100.,11.9108899718
1.238765847,Sample,13,6,11.,1,false,true,false,true,136.,120.,120.,104.,12.3670827909
1.238765847,Sample,13,6,16.,1,false,true,false,true,136.,120.,120.,104.,12.385635701
1.238765847,Sample,13,6,21.,1,false,true,false,true,136.,120.,120.,104.,12.3864224749
1.238765847,Sample,13,6,26.,1,false,true,false,true,136.,120.,120.,104.,12.3864569115
1.238765847,Sample,13,6,31.,1,false,true,false,true,136.,120.,120.,104.,12.3864584581
1.238765847,Sample,13,6,36.,1,false,true,false,true,136.,120.,120.,104.,12.3864585291
1.238765847,Sample,13,6,41.,1,false,true,false,true,136.,120.,120.,104.,12.3864585324
1.238765847,Sample,13,6,46.,1,false,true,false,true,136.,120.,120.,104.,12.3864585326
1.238765847,Sample,13,6,51.,1,false,true,false,true,136.,120.,120.,104.,12.3864585326
1.05694438144,Sample,13,3,1.,1,false,true,false,true,10.,10.,18.,18.,0.
1.05694438144,Sample,13,3,6.,1,false,true,false,true,28.,26.,20.,20.,11.0717895134
1.05694438144,Sample,13,3,11.,1,false,true,false,true,30.,28.,22.,20.,11.3519968617
1.05694438144,Sample,13,3,16.,1,false,true,false,true,30.,28.,22.,20.,11.3596638126
1.05694438144,Sample,13,3,21.,1,false,true,false,true,30.,28.,22.,20.,11.3598847484
1.05694438144,Sample,13,3,26.,1,false,true,false,true,30.,28.,22.,20.,11.3598913664
1.05694438144,Sample,13,3,31.,1,false,true,false,true,30.,28.,22.,20.,11.359891571
1.05694438144,Sample,13,3,36.,1,false,true,false,true,30.,28.,22.,20.,11.3598915775
1.05694438144,Sample,13,3,41.,1,false,true,false,true,30.,28.,22.,20.,11.3598915777
1.05694438144,Sample,13,3,46.,1,false,true,false,true,30.,28.,22.,20.,11.3598915777
1.05694438144,Sample,13,3,51.,1,false,true,false,true,30.,28.,22.,20.,11.3598915777
0.961743582817,Voter,13,6,1.,1,false,true,false,true,22.,22.,52.,46.,0.
0.961743582817,Voter,13,6,6.,1,false,true,false,true,84.,72.,46.,42.,10.5371493858
0.961743582817,Voter,13,6,11.,1,false,true,false,true,84.,72.,46.,42.,10.7420212517
0.961743582817,Voter,13,6,16.,1,false,true,false,true,84.,72.,46.,42.,10.7463831268
0.961743582817,Voter,13,6,21.,1,false,true,false,true,84.,72.,46.,42.,10.7464816003
0.961743582817,Voter,13,6,26.,1,false,true,false,true,84.,72.,46.,42.,10.7464839228
0.961743582817,Voter,13,6,31.,1,false,true,false,true,84.,72.,46.,42.,10.7464839795
0.961743582817,Voter,13,6,36.,1,false,true,false,true,84.,72.,46.,42.,10.746483981
0.961743582817,Voter,13,6,41.,1,false,true,false,true,84.,72.,46.,42.,10.746483981
0.961743582817,Voter,13,6,46.,1,false,true,false,true,84.,72.,46.,42.,10.746483981
0.961743582817,Voter,13,6,51.,1,false,true,false,true,84.,72.,46.,42.,10.746483981
1.13679937384,Sample,13,7,1.,1,false,true,false,true,128.,110.,194.,162.,0.
1.13679937384,Sample,13,7,6.,1,false,true,false,true,256.,202.,250.,198.,11.4676534854
1.13679937384,Sample,13,7,11.,1,false,true,false,true,264.,208.,254.,200.,11.8202352924
1.13679937384,Sample,13,7,16.,1,false,true,false,true,264.,208.,254.,200.,11.8318528584
1.13679937384,Sample,13,7,21.,1,false,true,false,true,264.,208.,254.,200.,11.8322540875
1.13679937384,Sample,13,7,26.,1,false,true,false,true,264.,208.,254.,200.,11.8322684422
1.13679937384,Sample,13,7,31.,1,false,true,false,true,264.,208.,254.,200.,11.8322689708
1.13679937384,Sample,13,7,36.,1,false,true,false,true,264.,208.,254.,200.,11.8322689907
1.13679937384,Sample,13,7,41.,1,false,true,false,true,264.,208.,254.,200.,11.8322689915
1.13679937384,Sample,13,7,46.,1,false,true,false,true,264.,208.,254.,200.,11.8322689915
1.13679937384,Sample,13,7,51.,1,false,true,false,true,264.,208.,254.,200.,11.8322689915
1.23094227101,Voter,13,6,1.,1,false,true,false,true,28.,28.,72.,60.,0.
1.23094227101,Voter,13,6,6.,1,false,true,false,true,114.,98.,66.,64.,11.8791837783
1.23094227101,Voter,13,6,11.,1,false,true,false,true,114.,98.,66.,64.,12.327010394
1.23094227101,Voter,13,6,16.,1,false,true,false,true,114.,98.,66.,64.,12.3449482859
1.23094227101,Voter,13,6,21.,1,false,true,false,true,114.,98.,66.,64.,12.345697776
1.23094227101,Voter,13,6,26.,1,false,true,false,true,114.,98.,66.,64.,12.3457301058
1.23094227101,Voter,13,6,31.,1,false,true,false,true,114.,98.,66.,64.,12.3457315371
1.23094227101,Voter,13,6,36.,1,false,true,false,true,114.,98.,66.,64.,12.3457316019
1.23094227101,Voter,13,6,41.,1,false,true,false,true,114.,98.,66.,64.,12.3457316049
1.23094227101,Voter,13,6,46.,1,false,true,false,true,114.,98.,66.,64.,12.345731605
1.23094227101,Voter,13,6,51.,1,false,true,false,true,114.,98.,66.,64.,12.345731605
1.08375675166,Voter,13,3,1.,1,false,true,false,true,4.,4.,4.,4.,0.
1.08375675166,Voter,13,3,6.,1,false,true,false,true,8.,8.,0.,0.,11.2097892497
1.08375675166,Voter,13,3,11.,1,false,true,false,true,8.,8.,0.,0.,11.5133927727
1.08375675166,Voter,13,3,16.,1,false,true,false,true,8.,8.,0.,0.,11.5222549843
1.08375675166,Voter,13,3,21.,1,false,true,false,true,8.,8.,0.,0.,11.5225269688
1.08375675166,Voter,13,3,26.,1,false,true,false,true,8.,8.,0.,0.,11.5225356351
1.08375675166,Voter,13,3,31.,1,false,true,false,true,8.,8.,0.,0.,11.5225359198
1.08375675166,Voter,13,3,36.,1,false,true,false,true,8.,8.,0.,0.,11.5225359294
1.08375675166,Voter,13,3,41.,1,false,true,false,true,8.,8.,0.,0.,11.5225359297
1.08375675166,Voter,13,3,46.,1,false,true,false,true,8.,8.,0.,0.,11.5225359297
1.08375675166,Voter,13,3,51.,1,false,true,false,true,8.,8.,0.,0.,11.5225359297
1.28738106459,Sample,13,7,1.,1,false,true,false,true,82.,72.,172.,144.,0.
1.28738106459,Sample,13,7,6.,1,false,true,false,true,192.,156.,202.,170.,12.0998438791
1.28738106459,Sample,13,7,11.,1,false,true,false,true,200.,160.,198.,168.,12.6094764773
1.28738106459,Sample,13,7,16.,1,false,true,false,true,200.,160.,198.,168.,12.6321832444
1.28738106459,Sample,13,7,21.,1,false,true,false,true,200.,160.,198.,168.,12.6332359018
1.28738106459,Sample,13,7,26.,1,false,true,false,true,200.,160.,198.,168.,12.6332861929
1.28738106459,Sample,13,7,31.,1,false,true,false,true,200.,160.,198.,168.,12.6332886552
1.28738106459,Sample,13,7,36.,1,false,true,false,true,200.,160.,198.,168.,12.6332887783
1.28738106459,Sample,13,7,41.,1,false,true,false,true,200.,160.,198.,168.,12.6332887846
1.28738106459,Sample,13,7,46.,1,false,true,false,true,200.,160.,198.,168.,12.6332887849
1.28738106459,Sample,13,7,51.,1,false,true,false,true,200.,160.,198.,168.,12.6332887849
1.06674375423,Voter,13,4,1.,1,false,true,false,true,18.,18.,30.,28.,0.
1.06674375423,Voter,13,4,6.,1,false,true,false,true,46.,46.,34.,34.,11.1228388112
1.06674375423,Voter,13,4,11.,1,false,true,false,true,48.,48.,36.,36.,11.4114887682
1.06674375423,Voter,13,4,16.,1,false,true,false,true,48.,48.,36.,36.,11.4195779372
1.06674375423,Voter,13,4,21.,1,false,true,false,true,48.,48.,36.,36.,11.4198165336
1.06674375423,Voter,13,4,26.,1,false,true,false,true,48.,48.,36.,36.,11.4198238458
1.06674375423,Voter,13,4,31.,1,false,true,false,true,48.,48.,36.,36.,11.419824077
1.06674375423,Voter,13,4,36.,1,false,true,false,true,48.,48.,36.,36.,11.4198240845
1.06674375423,Voter,13,4,41.,1,false,true,false,true,48.,48.,36.,36.,11.4198240847
1.06674375423,Voter,13,4,46.,1,false,true,false,true,48.,48.,36.,36.,11.4198240848
1.06674375423,Voter,13,4,51.,1,false,true,false,true,48.,48.,36.,36.,11.4198240848
1.39730068708,Sample,13,6,1.,1,false,true,false,true,42.,42.,100.,84.,0.
1.39730068708,Sample,13,6,6.,1,false,true,false,true,162.,120.,144.,112.,12.4791219705
1.39730068708,Sample,13,6,11.,1,false,true,false,true,174.,128.,152.,116.,13.1180827132
1.39730068708,Sample,13,6,16.,1,false,true,false,true,174.,128.,152.,116.,13.1524384553
1.39730068708,Sample,13,6,21.,1,false,true,false,true,174.,128.,152.,116.,13.1543522028
1.39730068708,Sample,13,6,26.,1,false,true,false,true,174.,128.,152.,116.,13.1544617331
1.39730068708,Sample,13,6,31.,1,false,true,false,true,174.,128.,152.,116.,13.1544681419
1.39730068708,Sample,13,6,36.,1,false,true,false,true,174.,128.,152.,116.,13.154468524
1.39730068708,Sample,13,6,41.,1,false,true,false,true,174.,128.,152.,116.,13.1544685472
1.39730068708,Sample,13,6,46.,1,false,true,false,true,174.,128.,152.,116.,13.1544685486
1.39730068708,Sample,13,6,51.,1,false,true,false,true,174.,128.,152.,116.,13.1544685487
1.00523115921,Sample,13,5,1.,1,false,true,false,true,36.,32.,72.,62.,0.
1.00523115921,Sample,13,5,6.,1,false,true,false,true,84.,74.,68.,60.,10.7903031451
1.00523115921,Sample,13,5,11.,1,false,true,false,true,88.,74.,68.,62.,11.0280639116
1.00523115921,Sample,13,5,16.,1,false,true,false,true,88.,74.,68.,62.,11.0337654062
1.00523115921,Sample,13,5,21.,1,false,true,false,true,88.,74.,68.,62.,11.0339099066
1.00523115921,Sample,13,5,26.,1,false,true,false,true,88.,74.,68.,62.,11.0339137233
1.00523115921,Sample,13,5,31.,1,false,true,false,true,88.,74.,68.,62.,11.0339138275
1.00523115921,Sample,13,5,36.,1,false,true,false,true,88.,74.,68.,62.,11.0339138305
1.00523115921,Sample,13,5,41.,1,false,true,false,true,88.,74.,68.,62.,11.0339138306
1.00523115921,Sample,13,5,46.,1,false,true,false,true,88.,74.,68.,62.,11.0339138306
1.00523115921,Sample,13,5,51.,1,false,true,false,true,88.,74.,68.,62.,11.0339138306
1.24963275001,Voter,13,3,1.,1,false,true,false,true,6.,6.,16.,16.,0.
1.24963275001,Voter,13,3,6.,1,false,true,false,true,24.,24.,10.,10.,11.954323484
1.24963275001,Voter,13,3,11.,1,false,true,false,true,24.,24.,10.,10.,12.4222463292
1.24963275001,Voter,13,3,16.,1,false,true,false,true,24.,24.,10.,10.,12.4416776688
1.24963275001,Voter,13,3,21.,1,false,true,false,true,24.,24.,10.,10.,12.4425186545
1.24963275001,Voter,13,3,26.,1,false,true,false,true,24.,24.,10.,10.,12.4425562083
1.24963275001,Voter,13,3,31.,1,false,true,false,true,24.,24.,10.,10.,12.4425579285
1.24963275001,Voter,13,3,36.,1,false,true,false,true,24.,24.,10.,10.,12.4425580091
1.24963275001,Voter,13,3,41.,1,false,true,false,true,24.,24.,10.,10.,12.4425580129
1.24963275001,Voter,13,3,46.,1,false,true,false,true,24.,24.,10.,10.,12.4425580131
1.24963275001,Voter,13,3,51.,1,false,true,false,true,24.,24.,10.,10.,12.4425580131
1.16830402224,Voter,13,3,1.,1,false,true,false,true,10.,10.,24.,22.,0.
1.16830402224,Voter,13,3,6.,1,false,true,false,true,24.,22.,14.,14.,11.6117168251
1.16830402224,Voter,13,3,11.,1,false,true,false,true,24.,22.,14.,14.,11.9950241135
1.16830402224,Voter,13,3,16.,1,false,true,false,true,24.,22.,14.,14.,12.0085428591
1.16830402224,Voter,13,3,21.,1,false,true,false,true,24.,22.,14.,14.,12.0090417544
1.16830402224,Voter,13,3,26.,1,false,true,false,true,24.,22.,14.,14.,12.0090608038
1.16830402224,Voter,13,3,31.,1,false,true,false,true,24.,22.,14.,14.,12.0090615516
1.16830402224,Voter,13,3,36.,1,false,true,false,true,24.,22.,14.,14.,12.0090615817
1.16830402224,Voter,13,3,41.,1,false,true,false,true,24.,22.,14.,14.,12.0090615829
1.16830402224,Voter,13,3,46.,1,false,true,false,true,24.,22.,14.,14.,12.009061583
1.16830402224,Voter,13,3,51.,1,false,true,false,true,24.,22.,14.,14.,12.009061583
0.875178577546,Sample,13,4,1.,1,false,true,false,true,18.,16.,36.,34.,0.
0.875178577546,Sample,13,4,6.,1,false,true,false,true,44.,34.,46.,42.,9.9849384992
0.875178577546,Sample,13,4,11.,1,false,true,false,true,44.,34.,46.,42.,10.1321979189
0.875178577546,Sample,13,4,16.,1,false,true,false,true,44.,34.,46.,42.,10.134610853
0.875178577546,Sample,13,4,21.,1,false,true,false,true,44.,34.,46.,42.,10.1346530956
0.875178577546,Sample,13,4,26.,1,false,true,false,true,44.,34.,46.,42.,10.1346538725
0.875178577546,Sample,13,4,31.,1,false,true,false,true,44.,34.,46.,42.,10.1346538874
0.875178577546,Sample,13,4,36.,1,false,true,false,true,44.,34.,46.,42.,10.1346538877
0.875178577546,Sample,13,4,41.,1,false,true,false,true,44.,34.,46.,42.,10.1346538877
0.875178577546,Sample,13,4,46.,1,false,true,false,true,44.,34.,46.,42.,10.1346538877
0.875178577546,Sample,13,4,51.,1,false,true,false,true,44.,34.,46.,42.,10.1346538877
1.21805652678,Sample,13,3,1.,1,false,true,false,true,2.,2.,18.,18.,0.
1.21805652678,Sample,13,3,6.,1,false,true,false,true,10.,10.,14.,14.,11.8261556965
1.21805652678,Sample,13,3,11.,1,false,true,false,true,10.,10.,14.,14.,12.2603486347
1.21805652678,Sample,13,3,16.,1,false,true,false,true,10.,10.,14.,14.,12.2773048563
1.21805652678,Sample,13,3,21.,1,false,true,false,true,10.,10.,14.,14.,12.2779960096
1.21805652678,Sample,13,3,26.,1,false,true,false,true,10.,10.,14.,14.,12.2780251067
1.21805652678,Sample,13,3,31.,1,false,true,false,true,10.,10.,14.,14.,12.2780263644
1.21805652678,Sample,13,3,36.,1,false,true,false,true,10.,10.,14.,14.,12.27802642
1.21805652678,Sample,13,3,41.,1,false,true,false,true,10.,10.,14.,14.,12.2780264225
1.21805652678,Sample,13,3,46.,1,false,true,false,true,10.,10.,14.,14.,12.2780264226
1.21805652678,Sample,13,3,51.,1,false,true,false,true,10.,10.,14.,14.,12.2780264226
1.20917318321,Sample,13,7,1.,1,false,true,false,true,84.,72.,130.,118.,0.
1.20917318321,Sample,13,7,6.,1,false,true,false,true,222.,172.,204.,160.,11.7890068642
1.20917318321,Sample,13,7,11.,1,false,true,false,true,236.,182.,198.,156.,12.2139078635
1.20917318321,Sample,13,7,16.,1,false,true,false,true,236.,182.,198.,156.,12.2302096789
1.20917318321,Sample,13,7,21.,1,false,true,false,true,236.,182.,198.,156.,12.2308627643
1.20917318321,Sample,13,7,26.,1,false,true,false,true,236.,182.,198.,156.,12.2308897956
1.20917318321,Sample,13,7,31.,1,false,true,false,true,236.,182.,198.,156.,12.2308909446
1.20917318321,Sample,13,7,36.,1,false,true,false,true,236.,182.,198.,156.,12.2308909945
1.20917318321,Sample,13,7,41.,1,false,true,false,true,236.,182.,198.,156.,12.2308909968
1.20917318321,Sample,13,7,46.,1,false,true,false,true,236.,182.,198.,156.,12.2308909969
1.20917318321,Sample,13,7,51.,1,false,true,false,true,236.,182.,198.,156.,12.2308909969
1.31055044053,Voter,13,3,1.,1,false,true,false,true,10.,10.,16.,14.,0.
1.31055044053,Voter,13,3,6.,1,false,true,false,true,20.,16.,10.,10.,12.1851612564
1.31055044053,Voter,13,3,11.,1,false,true,false,true,22.,18.,12.,12.,12.7211103295
1.31055044053,Voter,13,3,16.,1,false,true,false,true,22.,18.,12.,12.,12.7460051304
1.31055044053,Voter,13,3,21.,1,false,true,false,true,22.,18.,12.,12.,12.7472071315
1.31055044053,Voter,13,3,26.,1,false,true,false,true,22.,18.,12.,12.,12.7472669007
1.31055044053,Voter,13,3,31.,1,false,true,false,true,22.,18.,12.,12.,12.7472699448
1.31055044053,Voter,13,3,36.,1,false,true,false,true,22.,18.,12.,12.,12.7472701031
1.31055044053,Voter,13,3,41.,1,false,true,false,true,22.,18.,12.,12.,12.7472701115
1.31055044053,Voter,13,3,46.,1,false,true,false,true,22.,18.,12.,12.,12.7472701119
1.31055044053,Voter,13,3,51.,1,false,true,false,true,22.,18.,12.,12.,12.7472701119
0.861209787733,Sample,13,6,1.,1,false,true,false,true,28.,28.,78.,68.,0.
0.861209787733,Sample,13,6,6.,1,false,true,false,true,92.,76.,46.,46.,9.88942356132
0.861209787733,Sample,13,6,11.,1,false,true,false,true,96.,80.,46.,46.,10.02837933
0.861209787733,Sample,13,6,16.,1,false,true,false,true,96.,80.,46.,46.,10.030554331
0.861209787733,Sample,13,6,21.,1,false,true,false,true,96.,80.,46.,46.,10.0305907546
0.861209787733,Sample,13,6,26.,1,false,true,false,true,96.,80.,46.,46.,10.0305913961
0.861209787733,Sample,13,6,31.,1,false,true,false,true,96.,80.,46.,46.,10.0305914079
0.861209787733,Sample,13,6,36.,1,false,true,false,true,96.,80.,46.,46.,10.0305914081
0.861209787733,Sample,13,6,41.,1,false,true,false,true,96.,80.,46.,46.,10.0305914081
0.861209787733,Sample,13,6,46.,1,false,true,false,true,96.,80.,46.,46.,10.0305914081
0.861209787733,Sample,13,6,51.,1,false,true,false,true,96.,80.,46.,46.,10.0305914081
0.810373088424,Sample,13,5,1.,1,false,true,false,true,34.,34.,50.,48.,0.
0.810373088424,Sample,13,5,6.,1,false,true,false,true,66.,60.,58.,58.,9.52576709995
0.810373088424,Sample,13,5,11.,1,false,true,false,true,72.,66.,60.,60.,9.6368404768
0.810373088424,Sample,13,5,16.,1,false,true,false,true,72.,66.,60.,60.,9.63829853305
0.810373088424,Sample,13,5,21.,1,false,true,false,true,72.,66.,60.,60.,9.63831912276
0.810373088424,Sample,13,5,26.,1,false,true,false,true,72.,66.,60.,60.,9.63831942981
0.810373088424,Sample,13,5,31.,1,false,true,false,true,72.,66.,60.,60.,9.6383194346
0.810373088424,Sample,13,5,36.,1,false,true,false,true,72.,66.,60.,60.,9.63831943468
0.810373088424,Sample,13,5,41.,1,false,true,false,true,72.,66.,60.,60.,9.63831943468
0.810373088424,Sample,13,5,46.,1,false,true,false,true,72.,66.,60.,60.,9.63831943468
0.810373088424,Sample,13,5,51.,1,false,true,false,true,72.,66.,60.,60.,9.63831943468
1.05010011651,Sample,13,5,1.,1,false,true,false,true,38.,34.,60.,54.,0.
1.05010011651,Sample,13,5,6.,1,false,true,false,true,90.,74.,72.,68.,11.035709822
1.05010011651,Sample,13,5,11.,1,false,true,false,true,90.,76.,68.,68.,11.3100951335
1.05010011651,Sample,13,5,16.,1,false,true,false,true,90.,76.,68.,68.,11.3174769332
1.05010011651,Sample,13,5,21.,1,false,true,false,true,90.,76.,68.,68.,11.3176861794
1.05010011651,Sample,13,5,26.,1,false,true,false,true,90.,76.,68.,68.,11.3176923469
1.05010011651,Sample,13,5,31.,1,false,true,false,true,90.,76.,68.,68.,11.3176925346
1.05010011651,Sample,13,5,36.,1,false,true,false,true,90.,76.,68.,68.,11.3176925405
1.05010011651,Sample,13,5,41.,1,false,true,false,true,90.,76.,68.,68.,11.3176925407
1.05010011651,Sample,13,5,46.,1,false,true,false,true,90.,76.,68.,68.,11.3176925407
1.05010011651,Sample,13,5,51.,1,false,true,false,true,90.,76.,68.,68.,11.3176925407
1.25493658724,Sample,13,4,1.,1,false,true,false,true,30.,26.,46.,38.,0.
1.25493658724,Sample,13,4,6.,1,false,true,false,true,74.,64.,66.,62.,11.9752686704
1.25493658724,Sample,13,4,11.,1,false,true,false,true,76.,64.,68.,62.,12.4489623217
1.25493658724,Sample,13,4,16.,1,false,true,false,true,76.,64.,68.,62.,12.4688327193
1.25493658724,Sample,13,4,21.,1,false,true,false,true,76.,64.,68.,62.,12.4697012167
1.25493658724,Sample,13,4,26.,1,false,true,false,true,76.,64.,68.,62.,12.4697403761
1.25493658724,Sample,13,4,31.,1,false,true,false,true,76.,64.,68.,62.,12.4697421871
1.25493658724,Sample,13,4,36.,1,false,true,false,true,76.,64.,68.,62.,12.4697422726
1.25493658724,Sample,13,4,41.,1,false,true,false,true,76.,64.,68.,62.,12.4697422768
1.25493658724,Sample,13,4,46.,1,false,true,false,true,76.,64.,68.,62.,12.469742277
1.25493658724,Sample,13,4,51.,1,false,true,false,true,76.,64.,68.,62.,12.469742277
0.877751447272,Sample,13,3,1.,1,false,true,false,true,2.,2.,10.,10.,0.
0.877751447272,Sample,13,3,6.,1,false,true,false,true,16.,16.,12.,12.,10.0023298658
0.877751447272,Sample,13,3,11.,1,false,true,false,true,18.,18.,10.,10.,10.1511489277
0.877751447272,Sample,13,3,16.,1,false,true,false,true,18.,18.,10.,10.,10.1536077825
0.877751447272,Sample,13,3,21.,1,false,true,false,true,18.,18.,10.,10.,10.1536511778
0.877751447272,Sample,13,3,26.,1,false,true,false,true,18.,18.,10.,10.,10.1536519823
0.877751447272,Sample,13,3,31.,1,false,true,false,true,18.,18.,10.,10.,10.1536519978
0.877751447272,Sample,13,3,36.,1,false,true,false,true,18.,18.,10.,10.,10.1536519981
0.877751447272,Sample,13,3,41.,1,false,true,false,true,18.,18.,10.,10.,10.1536519981
0.877751447272,Sample,13,3,46.,1,false,true,false,true,18.,18.,10.,10.,10.1536519981
0.877751447272,Sample,13,3,51.,1,false,true,false,true,18.,18.,10.,10.,10.1536519981
0.958546063409,Voter,13,5,1.,1,false,true,false,true,26.,26.,56.,50.,0.
0.958546063409,Voter,13,5,6.,1,false,true,false,true,70.,64.,56.,46.,10.5179179934
0.958546063409,Voter,13,5,11.,1,false,true,false,true,70.,64.,56.,46.,10.7204746795
0.958546063409,Voter,13,5,16.,1,false,true,false,true,70.,64.,56.,46.,10.7247483813
0.958546063409,Voter,13,5,21.,1,false,true,false,true,70.,64.,56.,46.,10.7248440186
0.958546063409,Voter,13,5,26.,1,false,true,false,true,70.,64.,56.,46.,10.7248462548
0.958546063409,Voter,13,5,31.,1,false,true,false,true,70.,64.,56.,46.,10.724846309
0.958546063409,Voter,13,5,36.,1,false,true,false,true,70.,64.,56.,46.,10.7248463103
0.958546063409,Voter,13,5,41.,1,false,true,false,true,70.,64.,56.,46.,10.7248463104
0.958546063409,Voter,13,5,46.,1,false,true,false,true,70.,64.,56.,46.,10.7248463104
0.958546063409,Voter,13,5,51.,1,false,true,false,true,70.,64.,56.,46.,10.7248463104
1.10333879728,Voter,13,3,1.,1,false,true,false,true,2.,2.,14.,14.,0.
1.10333879728,Voter,13,3,6.,1,false,true,false,true,14.,12.,6.,6.,11.3072837739
1.10333879728,Voter,13,3,11.,1,false,true,false,true,14.,12.,6.,6.,11.6285579997
1.10333879728,Voter,13,3,16.,1,false,true,false,true,14.,12.,6.,6.,11.638375013
1.10333879728,Voter,13,3,21.,1,false,true,false,true,14.,12.,6.,6.,11.6386900325
1.10333879728,Voter,13,3,26.,1,false,true,false,true,14.,12.,6.,6.,11.6387005186
1.10333879728,Voter,13,3,31.,1,false,true,false,true,14.,12.,6.,6.,11.6387008783
1.10333879728,Voter,13,3,36.,1,false,true,false,true,14.,12.,6.,6.,11.6387008909
1.10333879728,Voter,13,3,41.,1,false,true,false,true,14.,12.,6.,6.,11.6387008914
1.10333879728,Voter,13,3,46.,1,false,true,false,true,14.,12.,6.,6.,11.6387008914
1.10333879728,Voter,13,3,51.,1,false,true,false,true,14.,12.,6.,6.,11.6387008914
0.886875557565,Sample,13,5,1.,1,false,true,false,true,44.,40.,68.,60.,0.
0.886875557565,Sample,13,5,6.,1,false,true,false,true,102.,84.,66.,62.,10.0635054419
0.886875557565,Sample,13,5,11.,1,false,true,false,true,106.,88.,70.,64.,10.217931166
0.886875557565,Sample,13,5,16.,1,false,true,false,true,106.,88.,70.,64.,10.2205582948
0.886875557565,Sample,13,5,21.,1,false,true,false,true,106.,88.,70.,64.,10.2206059929
0.886875557565,Sample,13,5,26.,1,false,true,false,true,106.,88.,70.,64.,10.220606902
0.886875557565,Sample,13,5,31.,1,false,true,false,true,106.,88.,70.,64.,10.22060692
0.886875557565,Sample,13,5,36.,1,false,true,false,true,106.,88.,70.,64.,10.2206069204
0.886875557565,Sample,13,5,41.,1,false,true,false,true,106.,88.,70.,64.,10.2206069204
0.886875557565,Sample,13,5,46.,1,false,true,false,true,106.,88.,70.,64.,10.2206069204
0.886875557565,Sample,13,5,51.,1,false,true,false,true,106.,88.,70.,64.,10.2206069204
1.15127720159,Voter,13,5,1.,1,false,true,false,true,8.,8.,24.,22.,0.
1.15127720159,Voter,13,5,6.,1,false,true,false,true,40.,38.,16.,16.,11.5346758124
1.15127720159,Voter,13,5,11.,1,false,true,false,true,40.,38.,16.,16.,11.9012295854
1.15127720159,Voter,13,5,16.,1,false,true,false,true,40.,38.,16.,16.,11.9136952972
1.15127720159,Voter,13,5,21.,1,false,true,false,true,40.,38.,16.,16.,11.914139288
1.15127720159,Voter,13,5,26.,1,false,true,false,true,40.,38.,16.,16.,11.9141556602
1.15127720159,Voter,13,5,31.,1,false,true,false,true,40.,38.,16.,16.,11.9141562813
1.15127720159,Voter,13,5,36.,1,false,true,false,true,40.,38.,16.,16.,11.9141563054
1.15127720159,Voter,13,5,41.,1,false,true,false,true,40.,38.,16.,16.,11.9141563064
1.15127720159,Voter,13,5,46.,1,false,true,false,true,40.,38.,16.,16.,11.9141563064
1.15127720159,Voter,13,5,51.,1,false,true,false,true,40.,38.,16.,16.,11.9141563064
0.811939334767,Sample,13,6,1.,1,false,true,false,true,54.,48.,110.,90.,0.
0.811939334767,Sample,13,6,6.,1,false,true,false,true,134.,102.,142.,118.,9.53735767549
0.811939334767,Sample,13,6,11.,1,false,true,false,true,134.,102.,142.,118.,9.6492354864
0.811939334767,Sample,13,6,16.,1,false,true,false,true,134.,102.,142.,118.,9.65071242848
0.811939334767,Sample,13,6,21.,1,false,true,false,true,134.,102.,142.,118.,9.65073339936
0.811939334767,Sample,13,6,26.,1,false,true,false,true,134.,102.,142.,118.,9.65073371377
0.811939334767,Sample,13,6,31.,1,false,true,false,true,134.,102.,142.,118.,9.6507337187
0.811939334767,Sample,13,6,36.,1,false,true,false,true,134.,102.,142.,118.,9.65073371878
0.811939334767,Sample,13,6,41.,1,false,true,false,true,134.,102.,142.,118.,9.65073371878
0.811939334767,Sample,13,6,46.,1,false,true,false,true,134.,102.,142.,118.,9.65073371878
0.811939334767,Sample,13,6,51.,1,false,true,false,true,134.,102.,142.,118.,9.65073371878
0.996410273127,Sample,13,6,1.,1,false,true,false,true,32.,32.,92.,80.,0.
0.996410273127,Sample,13,6,6.,1,false,true,false,true,110.,94.,110.,96.,10.7401995182
0.996410273127,Sample,13,6,11.,1,false,true,false,true,112.,96.,112.,98.,10.9710794478
0.996410273127,Sample,13,6,16.,1,false,true,false,true,112.,96.,112.,98.,10.9764873054
0.996410273127,Sample,13,6,21.,1,false,true,false,true,112.,96.,112.,98.,10.9766212651
0.996410273127,Sample,13,6,26.,1,false,true,false,true,112.,96.,112.,98.,10.976624725
0.996410273127,Sample,13,6,31.,1,false,true,false,true,112.,96.,112.,98.,10.9766248175
0.996410273127,Sample,13,6,36.,1,false,true,false,true,112.,96.,112.,98.,10.97662482
0.996410273127,Sample,13,6,41.,1,false,true,false,true,112.,96.,112.,98.,10.9766248201
0.996410273127,Sample,13,6,46.,1,false,true,false,true,112.,96.,112.,98.,10.9766248201
0.996410273127,Sample,13,6,51.,1,false,true,false,true,112.,96.,112.,98.,10.9766248201
0.943579926533,Voter,13,3,1.,1,false,true,false,true,8.,8.,14.,14.,0.
0.943579926533,Voter,13,3,6.,1,false,true,false,true,28.,24.,22.,22.,10.4267500672
0.943579926533,Voter,13,3,11.,1,false,true,false,true,28.,24.,22.,22.,10.6186598575
0.943579926533,Voter,13,3,16.,1,false,true,false,true,28.,24.,22.,22.,10.6225385639
0.943579926533,Voter,13,3,21.,1,false,true,false,true,28.,24.,22.,22.,10.6226218107
0.943579926533,Voter,13,3,26.,1,false,true,false,true,28.,24.,22.,22.,10.6226236793
0.943579926533,Voter,13,3,31.,1,false,true,false,true,28.,24.,22.,22.,10.6226237228
0.943579926533,Voter,13,3,36.,1,false,true,false,true,28.,24.,22.,22.,10.6226237238
0.943579926533,Voter,13,3,41.,1,false,true,false,true,28.,24.,22.,22.,10.6226237239
0.943579926533,Voter,13,3,46.,1,false,true,false,true,28.,24.,22.,22.,10.6226237239
0.943579926533,Voter,13,3,51.,1,false,true,false,true,28.,24.,22.,22.,10.6226237239
0.804209438807,Sample,13,7,1.,1,false,true,false,true,78.,74.,156.,118.,0.
0.804209438807,Sample,13,7,6.,1,false,true,false,true,200.,168.,186.,148.,9.47990994169
0.804209438807,Sample,13,7,11.,1,false,true,false,true,202.,168.,184.,148.,9.58785120416
0.804209438807,Sample,13,7,16.,1,false,true,false,true,202.,168.,184.,148.,9.58923676112
0.804209438807,Sample,13,7,21.,1,false,true,false,true,202.,168.,184.,148.,9.58925590735
0.804209438807,Sample,13,7,26.,1,false,true,false,true,202.,168.,184.,148.,9.5892561869
0.804209438807,Sample,13,7,31.,1,false,true,false,true,202.,168.,184.,148.,9.58925619117
0.804209438807,Sample,13,7,36.,1,false,true,false,true,202.,168.,184.,148.,9.58925619124
0.804209438807,Sample,13,7,41.,1,false,true,false,true,202.,168.,184.,148.,9.58925619124
0.804209438807,Sample,13,7,46.,1,false,true,false,true,202.,168.,184.,148.,9.58925619124
0.804209438807,Sample,13,7,51.,1,false,true,false,true,202.,168.,184.,148.,9.58925619124
1.03973601231,Sample,13,6,1.,1,false,true,false,true,36.,32.,68.,62.,0.
1.03973601231,Sample,13,6,6.,1,false,true,false,true,110.,94.,86.,76.,10.9804025337
1.03973601231,Sample,13,6,11.,1,false,true,false,true,116.,98.,88.,76.,11.2460893023
1.03973601231,Sample,13,6,16.,1,false,true,false,true,116.,98.,88.,76.,11.2530542418
1.03973601231,Sample,13,6,21.,1,false,true,false,true,116.,98.,88.,76.,11.2532467534
1.03973601231,Sample,13,6,26.,1,false,true,false,true,116.,98.,88.,76.,11.253252289
1.03973601231,Sample,13,6,31.,1,false,true,false,true,116.,98.,88.,76.,11.2532524535
1.03973601231,Sample,13,6,36.,1,false,true,false,true,116.,98.,88.,76.,11.2532524585
1.03973601231,Sample,13,6,41.,1,false,true,false,true,116.,98.,88.,76.,11.2532524586
1.03973601231,Sample,13,6,46.,1,false,true,false,true,116.,98.,88.,76.,11.2532524586
1.03973601231,Sample,13,6,51.,1,false,true,false,true,116.,98.,88.,76.,11.2532524586
0.929580347492,Sample,13,3,1.,1,false,true,false,true,8.,8.,22.,20.,0.
0.929580347492,Sample,13,3,6.,1,false,true,false,true,44.,40.,50.,44.,10.3397240939
0.929580347492,Sample,13,3,11.,1,false,true,false,true,44.,40.,50.,44.,10.5219582897
0.929580347492,Sample,13,3,16.,1,false,true,false,true,44.,40.,50.,44.,10.5254930714
0.929580347492,Sample,13,3,21.,1,false,true,false,true,44.,40.,50.,44.,10.5255659659
0.929580347492,Sample,13,3,26.,1,false,true,false,true,44.,40.,50.,44.,10.5255675394
0.929580347492,Sample,13,3,31.,1,false,true,false,true,44.,40.,50.,44.,10.5255675746
0.929580347492,Sample,13,3,36.,1,false,true,false,true,44.,40.,50.,44.,10.5255675754
0.929580347492,Sample,13,3,41.,1,false,true,false,true,44.,40.,50.,44.,10.5255675755
0.929580347492,Sample,13,3,46.,1,false,true,false,true,44.,40.,50.,44.,10.5255675755
0.929580347492,Sample,13,3,51.,1,false,true,false,true,44.,40.,50.,44.,10.5255675755
0.948932505671,Voter,13,6,1.,1,false,true,false,true,30.,30.,46.,44.,0.
0.948932505671,Voter,13,6,6.,1,false,true,false,true,94.,82.,58.,56.,10.4595756436
0.948932505671,Voter,13,6,11.,1,false,true,false,true,94.,82.,58.,56.,10.6552573388
0.948932505671,Voter,13,6,16.,1,false,true,false,true,94.,82.,58.,56.,10.6592740054
0.948932505671,Voter,13,6,21.,1,false,true,false,true,94.,82.,58.,56.,10.6593615204
0.948932505671,Voter,13,6,26.,1,false,true,false,true,94.,82.,58.,56.,10.6593635139
0.948932505671,Voter,13,6,31.,1,false,true,false,true,94.,82.,58.,56.,10.659363561
0.948932505671,Voter,13,6,36.,1,false,true,false,true,94.,82.,58.,56.,10.6593635622
0.948932505671,Voter,13,6,41.,1,false,true,false,true,94.,82.,58.,56.,10.6593635622
0.948932505671,Voter,13,6,46.,1,false,true,false,true,94.,82.,58.,56.,10.6593635622
0.948932505671,Voter,13,6,51.,1,false,true,false,true,94.,82.,58.,56.,10.6593635622
1.17548548326,Voter,13,7,1.,1,false,true,false,true,38.,34.,82.,66.,0.
1.17548548326,Voter,13,7,6.,1,false,true,false,true,110.,88.,82.,72.,11.6436423861
1.17548548326,Voter,13,7,11.,1,false,true,false,true,112.,90.,84.,74.,12.0341186203
1.17548548326,Voter,13,7,16.,1,false,true,false,true,112.,90.,84.,74.,12.0480999273
1.17548548326,Voter,13,7,21.,1,false,true,false,true,112.,90.,84.,74.,12.0486235544
1.17548548326,Voter,13,7,26.,1,false,true,false,true,112.,90.,84.,74.,12.0486438396
1.17548548326,Voter,13,7,31.,1,false,true,false,true,112.,90.,84.,74.,12.0486446474
1.17548548326,Voter,13,7,36.,1,false,true,false,true,112.,90.,84.,74.,12.0486446804
1.17548548326,Voter,13,7,41.,1,false,true,false,true,112.,90.,84.,74.,12.0486446817
1.17548548326,Voter,13,7,46.,1,false,true,false,true,112.,90.,84.,74.,12.0486446818
1.17548548326,Voter,13,7,51.,1,false,true,false,true,112.,90.,84.,74.,12.0486446818
1.02212160876,Sample,13,6,1.,1,false,true,false,true,44.,44.,100.,88.,0.
1.02212160876,Sample,13,6,6.,1,false,true,false,true,138.,110.,110.,98.,10.8845186135
1.02212160876,Sample,13,6,11.,1,false,true,false,true,144.,114.,112.,98.,11.1357494949
1.02212160876,Sample,13,6,16.,1,false,true,false,true,144.,114.,112.,98.,11.142046102
1.02212160876,Sample,13,6,21.,1,false,true,false,true,144.,114.,112.,98.,11.1422126939
1.02212160876,Sample,13,6,26.,1,false,true,false,true,144.,114.,112.,98.,11.1422172833
1.02212160876,Sample,13,6,31.,1,false,true,false,true,144.,114.,112.,98.,11.142217414
1.02212160876,Sample,13,6,36.,1,false,true,false,true,144.,114.,112.,98.,11.1422174178
1.02212160876,Sample,13,6,41.,1,false,true,false,true,144.,114.,112.,98.,11.1422174179
1.02212160876,Sample,13,6,46.,1,false,true,false,true,144.,114.,112.,98.,11.1422174179
1.02212160876,Sample,13,6,51.,1,false,true,false,true,144.,114.,112.,98.,11.1422174179
1.0099572396,Voter,13,6,1.,1,false,true,false,true,18.,16.,48.,46.,0.
1.0099572396,Voter,13,6,6.,1,false,true,false,true,54.,50.,32.,32.,10.8168923284
1.0099572396,Voter,13,6,11.,1,false,true,false,true,54.,50.,32.,32.,11.0583832574
1.0099572396,Voter,13,6,16.,1,false,true,false,true,54.,50.,32.,32.,11.0642468691
1.0099572396,Voter,13,6,21.,1,false,true,false,true,54.,50.,32.,32.,11.0643972922
1.0099572396,Voter,13,6,26.,1,false,true,false,true,54.,50.,32.,32.,11.0644013128
1.0099572396,Voter,13,6,31.,1,false,true,false,true,54.,50.,32.,32.,11.0644014239
1.0099572396,Voter,13,6,36.,1,false,true,false,true,54.,50.,32.,32.,11.0644014271
1.0099572396,Voter,13,6,41.,1,false,true,false,true,54.,50.,32.,32.,11.0644014272
1.0099572396,Voter,13,6,46.,1,false,true,false,true,54.,50.,32.,32.,11.0644014272
1.0099572396,Voter,13,6,51.,1,false,true,false,true,54.,50.,32.,32.,11.0644014272
0.965982854808,Sample,13,7,1.,1,false,true,false,true,54.,50.,96.,78.,0.
0.965982854808,Sample,13,7,6.,1,false,true,false,true,140.,114.,70.,62.,10.5625137442
0.965982854808,Sample,13,7,11.,1,false,true,false,true,140.,114.,70.,62.,10.7704769749
0.965982854808,Sample,13,7,16.,1,false,true,false,true,140.,114.,70.,62.,10.7749578496
0.965982854808,Sample,13,7,21.,1,false,true,false,true,140.,114.,70.,62.,10.7750601906
0.965982854808,Sample,13,7,26.,1,false,true,false,true,140.,114.,70.,62.,10.7750626318
0.965982854808,Sample,13,7,31.,1,false,true,false,true,140.,114.,70.,62.,10.7750626922
0.965982854808,Sample,13,7,36.,1,false,true,false,true,140.,114.,70.,62.,10.7750626937
0.965982854808,Sample,13,7,41.,1,false,true,false,true,140.,114.,70.,62.,10.7750626937
0.965982854808,Sample,13,7,46.,1,false,true,false,true,140.,114.,70.,62.,10.7750626937
0.965982854808,Sample,13,7,51.,1,false,true,false,true,140.,114.,70.,62.,10.7750626937
0.84235944622,Voter,13,4,1.,1,false,true,false,true,20.,20.,36.,34.,0.
0.84235944622,Voter,13,4,6.,1,false,true,false,true,50.,42.,38.,36.,9.75755878605
0.84235944622,Voter,13,4,11.,1,false,true,false,true,50.,42.,38.,36.,9.88574835731
0.84235944622,Voter,13,4,16.,1,false,true,false,true,50.,42.,38.,36.,9.88763142498
0.84235944622,Voter,13,4,21.,1,false,true,false,true,50.,42.,38.,36.,9.88766107755
0.84235944622,Voter,13,4,26.,1,false,true,false,true,50.,42.,38.,36.,9.88766156935
0.84235944622,Voter,13,4,31.,1,false,true,false,true,50.,42.,38.,36.,9.88766157786
0.84235944622,Voter,13,4,36.,1,false,true,false,true,50.,42.,38.,36.,9.88766157801
0.84235944622,Voter,13,4,41.,1,false,true,false,true,50.,42.,38.,36.,9.88766157801
0.84235944622,Voter,13,4,46.,1,false,true,false,true,50.,42.,38.,36.,9.88766157801
0.84235944622,Voter,13,4,51.,1,false,true,false,true,50.,42.,38.,36.,9.88766157801
0.806713591557,Voter,13,5,1.,1,false,true,false,true,40.,38.,34.,32.,0.
0.806713591557,Voter,13,5,6.,1,false,true,false,true,54.,48.,36.,36.,9.49858786598
0.806713591557,Voter,13,5,11.,1,false,true,false,true,54.,48.,36.,36.,9.60779518176
0.806713591557,Voter,13,5,16.,1,false,true,false,true,54.,48.,36.,36.,9.60920984576
0.806713591557,Voter,13,5,21.,1,false,true,false,true,54.,48.,36.,36.,9.60922956773
0.806713591557,Voter,13,5,26.,1,false,true,false,true,54.,48.,36.,36.,9.60922985817
0.806713591557,Voter,13,5,31.,1,false,true,false,true,54.,48.,36.,36.,9.60922986264
0.806713591557,Voter,13,5,36.,1,false,true,false,true,54.,48.,36.,36.,9.60922986272
0.806713591557,Voter,13,5,41.,1,false,true,false,true,54.,48.,36.,36.,9.60922986272
0.806713591557,Voter,13,5,46.,1,false,true,false,true,54.,48.,36.,36.,9.60922986272
0.806713591557,Voter,13,5,51.,1,false,true,false,true,54.,48.,36.,36.,9.60922986272
1.19677019646,Sample,13,4,1.,1,false,true,false,true,4.,4.,14.,12.,0.
1.19677019646,Sample,13,4,6.,1,false,true,false,true,20.,18.,6.,6.,11.7363204205
1.19677019646,Sample,13,4,11.,1,false,true,false,true,20.,18.,6.,6.,12.1483962019
1.19677019646,Sample,13,4,16.,1,false,true,false,true,20.,18.,6.,6.,12.1638143267
1.19677019646,Sample,13,4,21.,1,false,true,false,true,20.,18.,6.,6.,12.1644170772
1.19677019646,Sample,13,4,26.,1,false,true,false,true,20.,18.,6.,6.,12.1644414325
1.19677019646,Sample,13,4,31.,1,false,true,false,true,20.,18.,6.,6.,12.1644424435
1.19677019646,Sample,13,4,36.,1,false,true,false,true,20.,18.,6.,6.,12.1644424864
1.19677019646,Sample,13,4,41.,1,false,true,false,true,20.,18.,6.,6.,12.1644424883
1.19677019646,Sample,13,4,46.,1,false,true,false,true,20.,18.,6.,6.,12.1644424884
1.19677019646,Sample,13,4,51.,1,false,true,false,true,20.,18.,6.,6.,12.1644424884
1.04037209474,Sample,13,4,1.,1,false,true,false,true,4.,4.,20.,20.,0.
1.04037209474,Sample,13,4,6.,1,false,true,false,true,26.,24.,14.,14.,10.9838204413
1.04037209474,Sample,13,4,11.,1,false,true,false,true,26.,24.,14.,14.,11.2500369729
1.04037209474,Sample,13,4,16.,1,false,true,false,true,26.,24.,14.,14.,11.2570269851
1.04037209474,Sample,13,4,21.,1,false,true,false,true,26.,24.,14.,14.,11.2572204911
1.04037209474,Sample,13,4,26.,1,false,true,false,true,26.,24.,14.,14.,11.2572260639
1.04037209474,Sample,13,4,31.,1,false,true,false,true,26.,24.,14.,14.,11.2572262296
1.04037209474,Sample,13,4,36.,1,false,true,false,true,26.,24.,14.,14.,11.2572262347
1.04037209474,Sample,13,4,41.,1,false,true,false,true,26.,24.,14.,14.,11.2572262349
1.04037209474,Sample,13,4,46.,1,false,true,false,true,26.,24.,14.,14.,11.2572262349
1.04037209474,Sample,13,4,51.,1,false,true,false,true,26.,24.,14.,14.,11.2572262349
1.09395748819,Sample,13,4,1.,1,false,true,false,true,42.,38.,60.,52.,0.
1.09395748819,Sample,13,4,6.,1,false,true,false,true,78.,68.,92.,82.,11.2609178403
1.09395748819,Sample,13,4,11.,1,false,true,false,true,80.,68.,90.,82.,11.5736656211
1.09395748819,Sample,13,4,16.,1,false,true,false,true,80.,68.,90.,82.,11.5830163587
1.09395748819,Sample,13,4,21.,1,false,true,false,true,80.,68.,90.,82.,11.5833101203
1.09395748819,Sample,13,4,26.,1,false,true,false,true,80.,68.,90.,82.,11.5833196975
1.09395748819,Sample,13,4,31.,1,false,true,false,true,80.,68.,90.,82.,11.5833200193
1.09395748819,Sample,13,4,36.,1,false,true,false,true,80.,68.,90.,82.,11.5833200304
1.09395748819,Sample,13,4,41.,1,false,true,false,true,80.,68.,90.,82.,11.5833200308
1.09395748819,Sample,13,4,46.,1,false,true,false,true,80.,68.,90.,82.,11.5833200308
1.09395748819,Sample,13,4,51.,1,false,true,false,true,80.,68.,90.,82.,11.5833200308
1.35353343487,Voter,13,7,1.,1,false,true,false,true,32.,30.,78.,70.,0.
1.35353343487,Voter,13,7,6.,1,false,true,false,true,124.,106.,86.,78.,12.3357079756
1.35353343487,Voter,13,7,11.,1,false,true,false,true,128.,110.,90.,80.,12.9218455591
1.35353343487,Voter,13,7,16.,1,false,true,false,true,128.,110.,90.,80.,12.9511720621
1.35353343487,Voter,13,7,21.,1,false,true,false,true,128.,110.,90.,80.,12.9526946716
1.35353343487,Voter,13,7,26.,1,false,true,false,true,128.,110.,90.,80.,12.9527759873
1.35353343487,Voter,13,7,31.,1,false,true,false,true,128.,110.,90.,80.,12.952780431
1.35353343487,Voter,13,7,36.,1,false,true,false,true,128.,110.,90.,80.,12.9527806787
1.35353343487,Voter,13,7,41.,1,false,true,false,true,128.,110.,90.,80.,12.9527806927
1.35353343487,Voter,13,7,46.,1,false,true,false,true,128.,110.,90.,80.,12.9527806935
1.35353343487,Voter,13,7,51.,1,false,true,false,true,128.,110.,90.,80.,12.9527806936
1.20342343557,Voter,13,7,1.,1,false,true,false,true,54.,52.,108.,94.,0.
1.20342343557,Voter,13,7,6.,1,false,true,false,true,138.,110.,92.,86.,11.7647019772
1.20342343557,Voter,13,7,11.,1,false,true,false,true,138.,110.,92.,86.,12.1836358792
1.20342343557,Voter,13,7,16.,1,false,true,false,true,138.,110.,92.,86.,12.1995237215
1.20342343557,Voter,13,7,21.,1,false,true,false,true,138.,110.,92.,86.,12.2001530721
1.20342343557,Voter,13,7,26.,1,false,true,false,true,138.,110.,92.,86.,12.2001788335
1.20342343557,Voter,13,7,31.,1,false,true,false,true,138.,110.,92.,86.,12.2001799166
1.20342343557,Voter,13,7,36.,1,false,true,false,true,138.,110.,92.,86.,12.2001799632
1.20342343557,Voter,13,7,41.,1,false,true,false,true,138.,110.,92.,86.,12.2001799652
1.20342343557,Voter,13,7,46.,1,false,true,false,true,138.,110.,92.,86.,12.2001799653
1.20342343557,Voter,13,7,51.,1,false,true,false,true,138.,110.,92.,86.,12.2001799653
1.2682766845,Voter,13,5,1.,1,false,true,false,true,12.,12.,40.,34.,0.
1.2682766845,Voter,13,5,6.,1,false,true,false,true,46.,36.,22.,20.,12.0272230783
1.2682766845,Voter,13,5,11.,1,false,true,false,true,46.,36.,22.,20.,12.5155620642
1.2682766845,Voter,13,5,16.,1,false,true,false,true,46.,36.,22.,20.,12.5365670972
1.2682766845,Voter,13,5,21.,1,false,true,false,true,46.,36.,22.,20.,12.5375079455
1.2682766845,Voter,13,5,26.,1,false,true,false,true,46.,36.,22.,20.,12.5375514006
1.2682766845,Voter,13,5,31.,1,false,true,false,true,46.,36.,22.,20.,12.5375534584
1.2682766845,Voter,13,5,36.,1,false,true,false,true,46.,36.,22.,20.,12.537553558
1.2682766845,Voter,13,5,41.,1,false,true,false,true,46.,36.,22.,20.,12.5375535629
1.2682766845,Voter,13,5,46.,1,false,true,false,true,46.,36.,22.,20.,12.5375535631
1.2682766845,Voter,13,5,51.,1,false,true,false,true,46.,36.,22.,20.,12.5375535632
0.963714212564,Voter,13,6,1.,1,false,true,false,true,22.,22.,54.,50.,0.
0.963714212564,Voter,13,6,6.,1,false,true,false,true,68.,60.,24.,24.,10.5489587987
0.963714212564,Voter,13,6,11.,1,false,true,false,true,68.,60.,24.,24.,10.7552645856
0.963714212564,Voter,13,6,16.,1,false,true,false,true,68.,60.,24.,24.,10.7596814785
0.963714212564,Voter,13,6,21.,1,false,true,false,true,68.,60.,24.,24.,10.7597817345
0.963714212564,Voter,13,6,26.,1,false,true,false,true,68.,60.,24.,24.,10.7597841115
0.963714212564,Voter,13,6,31.,1,false,true,false,true,68.,60.,24.,24.,10.7597841699
0.963714212564,Voter,13,6,36.,1,false,true,false,true,68.,60.,24.,24.,10.7597841714
0.963714212564,Voter,13,6,41.,1,false,true,false,true,68.,60.,24.,24.,10.7597841714
0.963714212564,Voter,13,6,46.,1,false,true,false,true,68.,60.,24.,24.,10.7597841714
0.963714212564,Voter,13,6,51.,1,false,true,false,true,68.,60.,24.,24.,10.7597841714
0.954808586223,Voter,13,3,1.,1,false,true,false,true,14.,14.,18.,16.,0.
0.954808586223,Voter,13,3,6.,1,false,true,false,true,18.,18.,18.,18.,10.4953294844
0.954808586223,Voter,13,3,11.,1,false,true,false,true,20.,20.,16.,16.,10.6951980642
0.954808586223,Voter,13,3,16.,1,false,true,false,true,20.,20.,16.,16.,10.69937041
0.954808586223,Voter,13,3,21.,1,false,true,false,true,20.,20.,16.,16.,10.6994628183
0.954808586223,Voter,13,3,26.,1,false,true,false,true,20.,20.,16.,16.,10.6994649573
0.954808586223,Voter,13,3,31.,1,false,true,false,true,20.,20.,16.,16.,10.6994650086
0.954808586223,Voter,13,3,36.,1,false,true,false,true,20.,20.,16.,16.,10.6994650099
0.954808586223,Voter,13,3,41.,1,false,true,false,true,20.,20.,16.,16.,10.6994650099
0.954808586223,Voter,13,3,46.,1,false,true,false,true,20.,20.,16.,16.,10.6994650099
0.954808586223,Voter,13,3,51.,1,false,true,false,true,20.,20.,16.,16.,10.6994650099
1.16179156022,Sample,13,6,1.,1,false,true,false,true,14.,14.,90.,72.,0.
1.16179156022,Sample,13,6,6.,1,false,true,false,true,102.,86.,90.,78.,11.5824750636
1.16179156022,Sample,13,6,11.,1,false,true,false,true,108.,88.,88.,78.,11.9593337434
1.16179156022,Sample,13,6,16.,1,false,true,false,true,110.,90.,86.,76.,11.9724425242
1.16179156022,Sample,13,6,21.,1,false,true,false,true,110.,90.,86.,76.,11.9729198105
1.16179156022,Sample,13,6,26.,1,false,true,false,true,110.,90.,86.,76.,11.972937795
1.16179156022,Sample,13,6,31.,1,false,true,false,true,110.,90.,86.,76.,11.9729384919
1.16179156022,Sample,13,6,36.,1,false,true,false,true,110.,90.,86.,76.,11.9729385196
1.16179156022,Sample,13,6,41.,1,false,true,false,true,110.,90.,86.,76.,11.9729385207
1.16179156022,Sample,13,6,46.,1,false,true,false,true,110.,90.,86.,76.,11.9729385208
1.16179156022,Sample,13,6,51.,1,false,true,false,true,110.,90.,86.,76.,11.9729385208
1.29993052083,Voter,13,5,1.,1,false,true,false,true,18.,18.,40.,40.,0.
1.29993052083,Voter,13,5,6.,1,false,true,false,true,72.,60.,42.,38.,12.1464253593
1.29993052083,Voter,13,5,11.,1,false,true,false,true,72.,60.,42.,38.,12.6702461163
1.29993052083,Voter,13,5,16.,1,false,true,false,true,72.,60.,42.,38.,12.6941208951
1.29993052083,Voter,13,5,21.,1,false,true,false,true,72.,60.,42.,38.,12.6952525104
1.29993052083,Voter,13,5,26.,1,false,true,false,true,72.,60.,42.,38.,12.695307765
1.29993052083,Voter,13,5,31.,1,false,true,false,true,72.,60.,42.,38.,12.6953105292
1.29993052083,Voter,13,5,36.,1,false,true,false,true,72.,60.,42.,38.,12.6953106703
1.29993052083,Voter,13,5,41.,1,false,true,false,true,72.,60.,42.,38.,12.6953106777
1.29993052083,Voter,13,5,46.,1,false,true,false,true,72.,60.,42.,38.,12.6953106781
1.29993052083,Voter,13,5,51.,1,false,true,false,true,72.,60.,42.,38.,12.6953106781
1.01117818402,Sample,13,6,1.,1,false,true,false,true,30.,30.,66.,58.,0.
1.01117818402,Sample,13,6,6.,1,false,true,false,true,98.,78.,66.,58.,10.8237326317
1.01117818402,Sample,13,6,11.,1,false,true,false,true,104.,84.,72.,64.,11.0661921398
1.01117818402,Sample,13,6,16.,1,false,true,false,true,104.,84.,72.,64.,11.0720981835
1.01117818402,Sample,13,6,21.,1,false,true,false,true,104.,84.,72.,64.,11.0722501688
1.01117818402,Sample,13,6,26.,1,false,true,false,true,104.,84.,72.,64.,11.0722542436
1.01117818402,Sample,13,6,31.,1,false,true,false,true,104.,84.,72.,64.,11.0722543566
1.01117818402,Sample,13,6,36.,1,false,true,false,true,104.,84.,72.,64.,11.0722543598
1.01117818402,Sample,13,6,41.,1,false,true,false,true,104.,84.,72.,64.,11.0722543599
1.01117818402,Sample,13,6,46.,1,false,true,false,true,104.,84.,72.,64.,11.0722543599
1.01117818402,Sample,13,6,51.,1,false,true,false,true,104.,84.,72.,64.,11.0722543599
1.0424556367,Voter,13,3,1.,1,false,true,false,true,6.,6.,2.,2.,0.
1.0424556367,Voter,13,3,6.,1,false,true,false,true,10.,10.,6.,6.,10.9949944991
1.0424556367,Voter,13,3,11.,1,false,true,false,true,10.,10.,6.,6.,11.2629500742
1.0424556367,Voter,13,3,16.,1,false,true,false,true,10.,10.,6.,6.,11.2700226797
1.0424556367,Voter,13,3,21.,1,false,true,false,true,10.,10.,6.,6.,11.2702194726
1.0424556367,Voter,13,3,26.,1,false,true,false,true,10.,10.,6.,6.,11.2702251684
1.0424556367,Voter,13,3,31.,1,false,true,false,true,10.,10.,6.,6.,11.2702253386
1.0424556367,Voter,13,3,36.,1,false,true,false,true,10.,10.,6.,6.,11.2702253439
1.0424556367,Voter,13,3,41.,1,false,true,false,true,10.,10.,6.,6.,11.270225344
1.0424556367,Voter,13,3,46.,1,false,true,false,true,10.,10.,6.,6.,11.270225344
1.0424556367,Voter,13,3,51.,1,false,true,false,true,10.,10.,6.,6.,11.270225344
1.15112829843,Sample,13,4,1.,1,false,true,false,true,32.,30.,58.,52.,0.
1.15112829843,Sample,13,4,6.,1,false,true,false,true,70.,58.,84.,68.,11.5339936289
1.15112829843,Sample,13,4,11.,1,false,true,false,true,74.,62.,84.,70.,11.9004024143
1.15112829843,Sample,13,4,16.,1,false,true,false,true,74.,62.,84.,70.,11.9128591842
1.15112829843,Sample,13,4,21.,1,false,true,false,true,74.,62.,84.,70.,11.9133027173
1.15112829843,Sample,13,4,26.,1,false,true,false,true,74.,62.,84.,70.,11.9133190676
1.15112829843,Sample,13,4,31.,1,false,true,false,true,74.,62.,84.,70.,11.9133196877
1.15112829843,Sample,13,4,36.,1,false,true,false,true,74.,62.,84.,70.,11.9133197117
1.15112829843,Sample,13,4,41.,1,false,true,false,true,74.,62.,84.,70.,11.9133197127
1.15112829843,Sample,13,4,46.,1,false,true,false,true,74.,62.,84.,70.,11.9133197127
1.15112829843,Sample,13,4,51.,1,false,true,false,true,74.,62.,84.,70.,11.9133197127
1.16990015672,Voter,13,5,1.,1,false,true,false,true,4.,4.,40.,40.,0.
1.16990015672,Voter,13,5,6.,1,false,true,false,true,36.,32.,36.,36.,11.6188414454
1.16990015672,Voter,13,5,11.,1,false,true,false,true,38.,34.,38.,38.,12.0037368544
1.16990015672,Voter,13,5,16.,1,false,true,false,true,38.,34.,38.,38.,12.0173574531
1.16990015672,Voter,13,5,21.,1,false,true,false,true,38.,34.,38.,38.,12.0178617625
1.16990015672,Voter,13,5,26.,1,false,true,false,true,38.,34.,38.,38.,12.0178810809
1.16990015672,Voter,13,5,31.,1,false,true,false,true,38.,34.,38.,38.,12.0178818417
1.16990015672,Voter,13,5,36.,1,false,true,false,true,38.,34.,38.,38.,12.0178818724
1.16990015672,Voter,13,5,41.,1,false,true,false,true,38.,34.,38.,38.,12.0178818737
1.16990015672,Voter,13,5,46.,1,false,true,false,true,38.,34.,38.,38.,12.0178818737
1.16990015672,Voter,13,5,51.,1,false,true,false,true,38.,34.,38.,38.,12.0178818737
0.808324866781,Sample,13,3,1.,1,false,true,false,true,4.,4.,10.,10.,0.
0.808324866781,Sample,13,3,6.,1,false,true,false,true,14.,12.,8.,8.,9.5105718362
0.808324866781,Sample,13,3,11.,1,false,true,false,true,14.,12.,8.,8.,9.62059845258
0.808324866781,Sample,13,3,16.,1,false,true,false,true,14.,12.,8.,8.,9.62203209616
0.808324866781,Sample,13,3,21.,1,false,true,false,true,14.,12.,8.,8.,9.62205219629
0.808324866781,Sample,13,3,26.,1,false,true,false,true,14.,12.,8.,8.,9.62205249395
0.808324866781,Sample,13,3,31.,1,false,true,false,true,14.,12.,8.,8.,9.62205249856
0.808324866781,Sample,13,3,36.,1,false,true,false,true,14.,12.,8.,8.,9.62205249863
0.808324866781,Sample,13,3,41.,1,false,true,false,true,14.,12.,8.,8.,9.62205249863
0.808324866781,Sample,13,3,46.,1,false,true,false,true,14.,12.,8.,8.,9.62205249863
0.808324866781,Sample,13,3,51.,1,false,true,false,true,14.,12.,8.,8.,9.62205249863
1.30367848204,Sample,13,6,1.,1,false,true,false,true,22.,22.,72.,60.,0.
1.30367848204,Sample,13,6,6.,1,false,true,false,true,96.,82.,90.,80.,12.1601670299
1.30367848204,Sample,13,6,11.,1,false,true,false,true,104.,84.,94.,82.,12.6882554605
1.30367848204,Sample,13,6,16.,1,false,true,false,true,104.,84.,94.,82.,12.7124868952
1.30367848204,Sample,13,6,21.,1,false,true,false,true,104.,84.,94.,82.,12.7136429711
1.30367848204,Sample,13,6,26.,1,false,true,false,true,104.,84.,94.,82.,12.7136997853
1.30367848204,Sample,13,6,31.,1,false,true,false,true,104.,84.,94.,82.,12.7137026455
1.30367848204,Sample,13,6,36.,1,false,true,false,true,104.,84.,94.,82.,12.7137027925
1.30367848204,Sample,13,6,41.,1,false,true,false,true,104.,84.,94.,82.,12.7137028002
1.30367848204,Sample,13,6,46.,1,false,true,false,true,104.,84.,94.,82.,12.7137028006
1.30367848204,Sample,13,6,51.,1,false,true,false,true,104.,84.,94.,82.,12.7137028007
1.29320468183,Sample,13,4,1.,1,false,true,false,true,20.,18.,50.,44.,0.
1.29320468183,Sample,13,4,6.,1,false,true,false,true,48.,40.,74.,54.,12.1215697286
1.29320468183,Sample,13,4,11.,1,false,true,false,true,52.,42.,70.,50.,12.6377668528
1.29320468183,Sample,13,4,16.,1,false,true,false,true,52.,42.,70.,50.,12.6610106438
1.29320468183,Sample,13,4,21.,1,false,true,false,true,52.,42.,70.,50.,12.662099384
1.29320468183,Sample,13,4,26.,1,false,true,false,true,52.,42.,70.,50.,12.6621519299
1.29320468183,Sample,13,4,31.,1,false,true,false,true,52.,42.,70.,50.,12.6621545285
1.29320468183,Sample,13,4,36.,1,false,true,false,true,52.,42.,70.,50.,12.6621546597
1.29320468183,Sample,13,4,41.,1,false,true,false,true,52.,42.,70.,50.,12.6621546664
1.29320468183,Sample,13,4,46.,1,false,true,false,true,52.,42.,70.,50.,12.6621546668
1.29320468183,Sample,13,4,51.,1,false,true,false,true,52.,42.,70.,50.,12.6621546668
1.07915059523,Voter,13,4,1.,1,false,true,false,true,2.,2.,18.,18.,0.
1.07915059523,Voter,13,4,6.,1,false,true,false,true,20.,18.,12.,12.,11.1864562723
1.07915059523,Voter,13,4,11.,1,false,true,false,true,22.,20.,14.,14.,11.4859743495
1.07915059523,Voter,13,4,16.,1,false,true,false,true,22.,20.,14.,14.,11.4946221689
1.07915059523,Voter,13,4,21.,1,false,true,false,true,22.,20.,14.,14.,11.4948847601
1.07915059523,Voter,13,4,26.,1,false,true,false,true,22.,20.,14.,14.,11.4948930401
1.07915059523,Voter,13,4,31.,1,false,true,false,true,22.,20.,14.,14.,11.4948933093
1.07915059523,Voter,13,4,36.,1,false,true,false,true,22.,20.,14.,14.,11.4948933183
1.07915059523,Voter,13,4,41.,1,false,true,false,true,22.,20.,14.,14.,11.4948933186
1.07915059523,Voter,13,4,46.,1,false,true,false,true,22.,20.,14.,14.,11.4948933186
1.07915059523,Voter,13,4,51.,1,false,true,false,true,22.,20.,14.,14.,11.4948933186
1.09177396837,Voter,13,4,1.,1,false,true,false,true,6.,6.,18.,16.,0.
1.09177396837,Voter,13,4,6.,1,false,true,false,true,16.,14.,8.,8.,11.2500362646
1.09177396837,Voter,13,4,11.,1,false,true,false,true,18.,16.,6.,6.,11.5608155064
1.09177396837,Voter,13,4,16.,1,false,true,false,true,18.,16.,6.,6.,11.5700600662
1.09177396837,Voter,13,4,21.,1,false,true,false,true,18.,16.,6.,6.,11.5703490511
1.09177396837,Voter,13,4,26.,1,false,true,false,true,18.,16.,6.,6.,11.5703584267
1.09177396837,Voter,13,4,31.,1,false,true,false,true,18.,16.,6.,6.,11.5703587403
1.09177396837,Voter,13,4,36.,1,false,true,false,true,18.,16.,6.,6.,11.570358751
1.09177396837,Voter,13,4,41.,1,false,true,false,true,18.,16.,6.,6.,11.5703587514
1.09177396837,Voter,13,4,46.,1,false,true,false,true,18.,16.,6.,6.,11.5703587514
1.09177396837,Voter,13,4,51.,1,false,true,false,true,18.,16.,6.,6.,11.5703587514
1.39807214447,Voter,13,3,1.,1,false,true,false,true,0.,0.,8.,8.,0.
1.39807214447,Voter,13,3,6.,1,false,true,false,true,4.,4.,4.,4.,12.4815635172
1.39807214447,Voter,13,3,11.,1,false,true,false,true,6.,6.,2.,2.,13.1214701237
1.39807214447,Voter,13,3,16.,1,false,true,false,true,6.,6.,2.,2.,13.1559193185
1.39807214447,Voter,13,3,21.,1,false,true,false,true,6.,6.,2.,2.,13.157840594
1.39807214447,Voter,13,3,26.,1,false,true,false,true,6.,6.,2.,2.,13.1579506861
1.39807214447,Voter,13,3,31.,1,false,true,false,true,6.,6.,2.,2.,13.1579571353
1.39807214447,Voter,13,3,36.,1,false,true,false,true,6.,6.,2.,2.,13.1579575203
1.39807214447,Voter,13,3,41.,1,false,true,false,true,6.,6.,2.,2.,13.1579575437
1.39807214447,Voter,13,3,46.,1,false,true,false,true,6.,6.,2.,2.,13.1579575451
1.39807214447,Voter,13,3,51.,1,false,true,false,true,6.,6.,2.,2.,13.1579575452
1.08098930632,Sample,13,5,1.,1,false,true,false,true,54.,48.,96.,80.,0.
1.08098930632,Sample,13,5,6.,1,false,true,false,true,106.,94.,128.,108.,11.1957888962
1.08098930632,Sample,13,5,11.,1,false,true,false,true,108.,94.,130.,108.,11.4969345549
1.08098930632,Sample,13,5,16.,1,false,true,false,true,108.,94.,130.,108.,11.5056674981
1.08098930632,Sample,13,5,21.,1,false,true,false,true,108.,94.,130.,108.,11.5059338067
1.08098930632,Sample,13,5,26.,1,false,true,false,true,108.,94.,130.,108.,11.5059422391
1.08098930632,Sample,13,5,31.,1,false,true,false,true,108.,94.,130.,108.,11.5059425145
1.08098930632,Sample,13,5,36.,1,false,true,false,true,108.,94.,130.,108.,11.5059425237
1.08098930632,Sample,13,5,41.,1,false,true,false,true,108.,94.,130.,108.,11.505942524
1.08098930632,Sample,13,5,46.,1,false,true,false,true,108.,94.,130.,108.,11.505942524
1.08098930632,Sample,13,5,51.,1,false,true,false,true,108.,94.,130.,108.,11.505942524
1.00928427761,Sample,13,5,1.,1,false,true,false,true,24.,24.,42.,40.,0.
1.00928427761,Sample,13,5,6.,1,false,true,false,true,56.,50.,30.,28.,10.8131170337
1.00928427761,Sample,13,5,11.,1,false,true,false,true,56.,50.,30.,28.,11.0540749631
1.00928427761,Sample,13,5,16.,1,false,true,false,true,56.,50.,30.,28.,11.0599152839
1.00928427761,Sample,13,5,21.,1,false,true,false,true,56.,50.,30.,28.,11.0600648517
1.00928427761,Sample,13,5,26.,1,false,true,false,true,56.,50.,30.,28.,11.0600688427
1.00928427761,Sample,13,5,31.,1,false,true,false,true,56.,50.,30.,28.,11.0600689528
1.00928427761,Sample,13,5,36.,1,false,true,false,true,56.,50.,30.,28.,11.0600689559
1.00928427761,Sample,13,5,41.,1,false,true,false,true,56.,50.,30.,28.,11.060068956
1.00928427761,Sample,13,5,46.,1,false,true,false,true,56.,50.,30.,28.,11.060068956
1.00928427761,Sample,13,5,51.,1,false,true,false,true,56.,50.,30.,28.,11.060068956
1.38060995724,Sample,13,4,1.,1,false,true,false,true,10.,10.,32.,28.,0.
1.38060995724,Sample,13,4,6.,1,false,true,false,true,50.,42.,28.,24.,12.4255740275
1.38060995724,Sample,13,4,11.,1,false,true,false,true,50.,42.,28.,24.,13.0441940762
1.38060995724,Sample,13,4,16.,1,false,true,false,true,50.,42.,28.,24.,13.0765690273
1.38060995724,Sample,13,4,21.,1,false,true,false,true,50.,42.,28.,24.,13.0783254075
1.38060995724,Sample,13,4,26.,1,false,true,false,true,50.,42.,28.,24.,13.0784233513
1.38060995724,Sample,13,4,31.,1,false,true,false,true,50.,42.,28.,24.,13.0784289369
1.38060995724,Sample,13,4,36.,1,false,true,false,true,50.,42.,28.,24.,13.0784292616
1.38060995724,Sample,13,4,41.,1,false,true,false,true,50.,42.,28.,24.,13.0784292808
1.38060995724,Sample,13,4,46.,1,false,true,false,true,50.,42.,28.,24.,13.0784292819
1.38060995724,Sample,13,4,51.,1,false,true,false,true,50.,42.,28.,24.,13.078429282
0.821710573614,Sample,13,7,1.,1,false,true,false,true,60.,54.,138.,118.,0.
0.821710573614,Sample,13,7,6.,1,false,true,false,true,156.,138.,130.,110.,9.60910236322
0.821710573614,Sample,13,7,11.,1,false,true,false,true,156.,138.,130.,110.,9.72607693484
0.821710573614,Sample,13,7,16.,1,false,true,false,true,156.,138.,130.,110.,9.72767604457
0.821710573614,Sample,13,7,21.,1,false,true,false,true,156.,138.,130.,110.,9.72769953116
0.821710573614,Sample,13,7,26.,1,false,true,false,true,156.,138.,130.,110.,9.72769989509
0.821710573614,Sample,13,7,31.,1,false,true,false,true,156.,138.,130.,110.,9.72769990098
0.821710573614,Sample,13,7,36.,1,false,true,false,true,156.,138.,130.,110.,9.72769990108
0.821710573614,Sample,13,7,41.,1,false,true,false,true,156.,138.,130.,110.,9.72769990108
0.821710573614,Sample,13,7,46.,1,false,true,false,true,156.,138.,130.,110.,9.72769990108
0.821710573614,Sample,13,7,51.,1,false,true,false,true,156.,138.,130.,110.,9.72769990108
1.28223348316,Voter,13,3,1.,1,false,true,false,true,4.,4.,8.,8.,0.
1.28223348316,Voter,13,3,6.,1,false,true,false,true,12.,12.,0.,0.,12.0804809875
1.28223348316,Voter,13,3,11.,1,false,true,false,true,12.,12.,0.,0.,12.584339524
1.28223348316,Voter,13,3,16.,1,false,true,false,true,12.,12.,0.,0.,12.6065787604
1.28223348316,Voter,13,3,21.,1,false,true,false,true,12.,12.,0.,0.,12.6076003132
1.28223348316,Voter,13,3,26.,1,false,true,false,true,12.,12.,0.,0.,12.6076486793
1.28223348316,Voter,13,3,31.,1,false,true,false,true,12.,12.,0.,0.,12.6076510263
1.28223348316,Voter,13,3,36.,1,false,true,false,true,12.,12.,0.,0.,12.6076511426
1.28223348316,Voter,13,3,41.,1,false,true,false,true,12.,12.,0.,0.,12.6076511485
1.28223348316,Voter,13,3,46.,1,false,true,false,true,12.,12.,0.,0.,12.6076511488
1.28223348316,Voter,13,3,51.,1,false,true,false,true,12.,12.,0.,0.,12.6076511488
0.875338108612,Sample,13,6,1.,1,false,true,false,true,16.,14.,78.,74.,0.
0.875338108612,Sample,13,6,6.,1,false,true,false,true,112.,92.,70.,66.,9.98601866207
0.875338108612,Sample,13,6,11.,1,false,true,false,true,114.,94.,72.,68.,10.1333745143
0.875338108612,Sample,13,6,16.,1,false,true,false,true,114.,94.,72.,68.,10.1357902763
0.875338108612,Sample,13,6,21.,1,false,true,false,true,114.,94.,72.,68.,10.1358325897
0.875338108612,Sample,13,6,26.,1,false,true,false,true,114.,94.,72.,68.,10.1358333683
0.875338108612,Sample,13,6,31.,1,false,true,false,true,114.,94.,72.,68.,10.1358333832
0.875338108612,Sample,13,6,36.,1,false,true,false,true,114.,94.,72.,68.,10.1358333835
0.875338108612,Sample,13,6,41.,1,false,true,false,true,114.,94.,72.,68.,10.1358333835
0.875338108612,Sample,13,6,46.,1,false,true,false,true,114.,94.,72.,68.,10.1358333835
0.875338108612,Sample,13,6,51.,1,false,true,false,true,114.,94.,72.,68.,10.1358333835
1.33082288568,Voter,13,6,1.,1,false,true,false,true,24.,24.,44.,36.,0.
1.33082288568,Voter,13,6,6.,1,false,true,false,true,78.,66.,34.,32.,12.2573949896
1.33082288568,Voter,13,6,11.,1,false,true,false,true,82.,68.,38.,36.,12.8167986355
1.33082288568,Voter,13,6,16.,1,false,true,false,true,82.,68.,38.,36.,12.8437223227
1.33082288568,Voter,13,6,21.,1,false,true,false,true,82.,68.,38.,36.,12.8450681764
1.33082288568,Voter,13,6,26.,1,false,true,false,true,82.,68.,38.,36.,12.8451374214
1.33082288568,Voter,13,6,31.,1,false,true,false,true,82.,68.,38.,36.,12.8451410688
1.33082288568,Voter,13,6,36.,1,false,true,false,true,82.,68.,38.,36.,12.8451412648
1.33082288568,Voter,13,6,41.,1,false,true,false,true,82.,68.,38.,36.,12.8451412756
1.33082288568,Voter,13,6,46.,1,false,true,false,true,82.,68.,38.,36.,12.8451412762
1.33082288568,Voter,13,6,51.,1,false,true,false,true,82.,68.,38.,36.,12.8451412762
1.15657805167,Voter,13,4,1.,1,false,true,false,true,10.,10.,22.,22.,0.
1.15657805167,Voter,13,4,6.,1,false,true,false,true,34.,30.,10.,10.,11.5588652466
1.15657805167,Voter,13,4,11.,1,false,true,false,true,34.,30.,10.,10.,11.9305977838
1.15657805167,Voter,13,4,16.,1,false,true,false,true,34.,30.,10.,10.,11.9433848158
1.15657805167,Voter,13,4,21.,1,false,true,false,true,34.,30.,10.,10.,11.9438453507
1.15657805167,Voter,13,4,26.,1,false,true,false,true,34.,30.,10.,10.,11.9438625197
1.15657805167,Voter,13,4,31.,1,false,true,false,true,34.,30.,10.,10.,11.9438631781
1.15657805167,Voter,13,4,36.,1,false,true,false,true,34.,30.,10.,10.,11.9438632039
1.15657805167,Voter,13,4,41.,1,false,true,false,true,34.,30.,10.,10.,11.9438632049
1.15657805167,Voter,13,4,46.,1,false,true,false,true,34.,30.,10.,10.,11.943863205
1.15657805167,Voter,13,4,51.,1,false,true,false,true,34.,30.,10.,10.,11.943863205
1.2753927202,Sample,13,6,1.,1,false,true,false,true,24.,24.,66.,60.,0.
1.2753927202,Sample,13,6,6.,1,false,true,false,true,92.,84.,82.,70.,12.0545164231
1.2753927202,Sample,13,6,11.,1,false,true,false,true,98.,88.,84.,72.,12.5507432855
1.2753927202,Sample,13,6,16.,1,false,true,false,true,98.,88.,84.,72.,12.572371519
1.2753927202,Sample,13,6,21.,1,false,true,false,true,98.,88.,84.,72.,12.5733528611
1.2753927202,Sample,13,6,26.,1,false,true,false,true,98.,88.,84.,72.,12.573398765
1.2753927202,Sample,13,6,31.,1,false,true,false,true,98.,88.,84.,72.,12.5734009662
1.2753927202,Sample,13,6,36.,1,false,true,false,true,98.,88.,84.,72.,12.573401074
1.2753927202,Sample,13,6,41.,1,false,true,false,true,98.,88.,84.,72.,12.5734010793
1.2753927202,Sample,13,6,46.,1,false,true,false,true,98.,88.,84.,72.,12.5734010796
1.2753927202,Sample,13,6,51.,1,false,true,false,true,98.,88.,84.,72.,12.5734010796
1.33147796426,Voter,13,4,1.,1,false,true,false,true,6.,6.,8.,8.,0.
1.33147796426,Voter,13,4,6.,1,false,true,false,true,20.,18.,6.,6.,12.2596921808
1.33147796426,Voter,13,4,11.,1,false,true,false,true,20.,18.,6.,6.,12.8198602488
1.33147796426,Voter,13,4,16.,1,false,true,false,true,20.,18.,6.,6.,12.8468513074
1.33147796426,Voter,13,4,21.,1,false,true,false,true,20.,18.,6.,6.,12.848202024
1.33147796426,Voter,13,4,26.,1,false,true,false,true,20.,18.,6.,6.,12.8482715949
1.33147796426,Voter,13,4,31.,1,false,true,false,true,20.,18.,6.,6.,12.8482752634
1.33147796426,Voter,13,4,36.,1,false,true,false,true,20.,18.,6.,6.,12.8482754608
1.33147796426,Voter,13,4,41.,1,false,true,false,true,20.,18.,6.,6.,12.8482754716
1.33147796426,Voter,13,4,46.,1,false,true,false,true,20.,18.,6.,6.,12.8482754722
1.33147796426,Voter,13,4,51.,1,false,true,false,true,20.,18.,6.,6.,12.8482754722
1.16595093357,Voter,13,6,1.,1,false,true,false,true,36.,36.,54.,48.,0.
1.16595093357,Voter,13,6,6.,1,false,true,false,true,108.,88.,82.,70.,11.6011831455
1.16595093357,Voter,13,6,11.,1,false,true,false,true,112.,90.,86.,70.,11.9821546338
1.16595093357,Voter,13,6,16.,1,false,true,false,true,112.,90.,86.,70.,11.995524213
1.16595093357,Voter,13,6,21.,1,false,true,false,true,112.,90.,86.,70.,11.9960152117
1.16595093357,Voter,13,6,26.,1,false,true,false,true,112.,90.,86.,70.,11.9960338704
1.16595093357,Voter,13,6,31.,1,false,true,false,true,112.,90.,86.,70.,11.9960345994
1.16595093357,Voter,13,6,36.,1,false,true,false,true,112.,90.,86.,70.,11.9960346286
1.16595093357,Voter,13,6,41.,1,false,true,false,true,112.,90.,86.,70.,11.9960346298
1.16595093357,Voter,13,6,46.,1,false,true,false,true,112.,90.,86.,70.,11.9960346299
1.16595093357,Voter,13,6,51.,1,false,true,false,true,112.,90.,86.,70.,11.9960346299
1.1107750328,Sample,13,4,1.,1,false,true,false,true,14.,14.,34.,34.,0.
1.1107750328,Sample,13,4,6.,1,false,true,false,true,42.,40.,34.,34.,11.3435951319
1.1107750328,Sample,13,4,11.,1,false,true,false,true,44.,42.,32.,32.,11.6717067959
1.1107750328,Sample,13,4,16.,1,false,true,false,true,44.,42.,32.,32.,11.6819051954
1.1107750328,Sample,13,4,21.,1,false,true,false,true,44.,42.,32.,32.,11.6822379371
1.1107750328,Sample,13,4,26.,1,false,true,false,true,44.,42.,32.,32.,11.6822491953
1.1107750328,Sample,13,4,31.,1,false,true,false,true,44.,42.,32.,32.,11.6822495876
1.1107750328,Sample,13,4,36.,1,false,true,false,true,44.,42.,32.,32.,11.6822496017
1.1107750328,Sample,13,4,41.,1,false,true,false,true,44.,42.,32.,32.,11.6822496022
1.1107750328,Sample,13,4,46.,1,false,true,false,true,44.,42.,32.,32.,11.6822496022
1.1107750328,Sample,13,4,51.,1,false,true,false,true,44.,42.,32.,32.,11.6822496022
1.25060982062,Sample,13,3,1.,1,false,true,false,true,0.,0.,6.,6.,0.
1.25060982062,Sample,13,3,6.,1,false,true,false,true,6.,6.,0.,0.,11.9581944338
1.25060982062,Sample,13,3,11.,1,false,true,false,true,6.,6.,0.,0.,12.427178134
1.25060982062,Sample,13,3,16.,1,false,true,false,true,6.,6.,0.,0.,12.4466898452
1.25060982062,Sample,13,3,21.,1,false,true,false,true,6.,6.,0.,0.,12.4475358465
1.25060982062,Sample,13,3,26.,1,false,true,false,true,6.,6.,0.,0.,12.4475736919
1.25060982062,Sample,13,3,31.,1,false,true,false,true,6.,6.,0.,0.,12.4475754285
1.25060982062,Sample,13,3,36.,1,false,true,false,true,6.,6.,0.,0.,12.44757551
1.25060982062,Sample,13,3,41.,1,false,true,false,true,6.,6.,0.,0.,12.4475755139
1.25060982062,Sample,13,3,46.,1,false,true,false,true,6.,6.,0.,0.,12.4475755141
1.25060982062,Sample,13,3,51.,1,false,true,false,true,6.,6.,0.,0.,12.4475755141
1.33401896024,Voter,13,7,1.,1,false,true,false,true,22.,22.,54.,46.,0.
1.33401896024,Voter,13,7,6.,1,false,true,false,true,92.,78.,40.,38.,12.2685811124
1.33401896024,Voter,13,7,11.,1,false,true,false,true,92.,78.,40.,38.,12.8317181231
1.33401896024,Voter,13,7,16.,1,false,true,false,true,92.,78.,40.,38.,12.8589715914
1.33401896024,Voter,13,7,21.,1,false,true,false,true,92.,78.,40.,38.,12.8603413005
1.33401896024,Voter,13,7,26.,1,false,true,false,true,92.,78.,40.,38.,12.8604121478
1.33401896024,Voter,13,7,31.,1,false,true,false,true,92.,78.,40.,38.,12.8604158992
1.33401896024,Voter,13,7,36.,1,false,true,false,true,92.,78.,40.,38.,12.8604161018
1.33401896024,Voter,13,7,41.,1,false,true,false,true,92.,78.,40.,38.,12.860416113
1.33401896024,Voter,13,7,46.,1,false,true,false,true,92.,78.,40.,38.,12.8604161136
1.33401896024,Voter,13,7,51.,1,false,true,false,true,92.,78.,40.,38.,12.8604161136
1.18689527178,Sample,13,4,1.,1,false,true,false,true,14.,14.,48.,46.,0.
1.18689527178,Sample,13,4,6.,1,false,true,false,true,60.,50.,86.,70.,11.6936817867
1.18689527178,Sample,13,4,11.,1,false,true,false,true,60.,50.,86.,70.,12.0956716115
1.18689527178,Sample,13,4,16.,1,false,true,false,true,60.,50.,86.,70.,12.1104107604
1.18689527178,Sample,13,4,21.,1,false,true,false,true,60.,50.,86.,70.,12.1109756935
1.18689527178,Sample,13,4,26.,1,false,true,false,true,60.,50.,86.,70.,12.110998082
1.18689527178,Sample,13,4,31.,1,false,true,false,true,60.,50.,86.,70.,12.1109989937
1.18689527178,Sample,13,4,36.,1,false,true,false,true,60.,50.,86.,70.,12.1109990317
1.18689527178,Sample,13,4,41.,1,false,true,false,true,60.,50.,86.,70.,12.1109990334
1.18689527178,Sample,13,4,46.,1,false,true,false,true,60.,50.,86.,70.,12.1109990334
1.18689527178,Sample,13,4,51.,1,false,true,false,true,60.,50.,86.,70.,12.1109990334
1.0008249431,Voter,13,3,1.,1,false,true,false,true,10.,10.,10.,10.,0.
1.0008249431,Voter,13,3,6.,1,false,true,false,true,26.,26.,14.,14.,10.765353261
1.0008249431,Voter,13,3,11.,1,false,true,false,true,26.,26.,14.,14.,10.999663658
1.0008249431,Voter,13,3,16.,1,false,true,false,true,26.,26.,14.,14.,11.0052170307
1.0008249431,Voter,13,3,21.,1,false,true,false,true,26.,26.,14.,14.,11.0053561836
1.0008249431,Voter,13,3,26.,1,false,true,false,true,26.,26.,14.,14.,11.0053598183
1.0008249431,Voter,13,3,31.,1,false,true,false,true,26.,26.,14.,14.,11.0053599165
1.0008249431,Voter,13,3,36.,1,false,true,false,true,26.,26.,14.,14.,11.0053599192
1.0008249431,Voter,13,3,41.,1,false,true,false,true,26.,26.,14.,14.,11.0053599193
1.0008249431,Voter,13,3,46.,1,false,true,false,true,26.,26.,14.,14.,11.0053599193
1.0008249431,Voter,13,3,51.,1,false,true,false,true,26.,26.,14.,14.,11.0053599193
1.13116855456,Sample,13,4,1.,1,false,true,false,true,14.,14.,26.,22.,0.
1.13116855456,Sample,13,4,6.,1,false,true,false,true,38.,34.,34.,32.,11.4412049347
1.13116855456,Sample,13,4,11.,1,false,true,false,true,38.,34.,34.,32.,11.7884214586
1.13116855456,Sample,13,4,16.,1,false,true,false,true,38.,34.,34.,32.,11.7997206252
1.13116855456,Sample,13,4,21.,1,false,true,false,true,38.,34.,34.,32.,11.8001061488
1.13116855456,Sample,13,4,26.,1,false,true,false,true,38.,34.,34.,32.,11.8001197782
1.13116855456,Sample,13,4,31.,1,false,true,false,true,38.,34.,34.,32.,11.8001202742
1.13116855456,Sample,13,4,36.,1,false,true,false,true,38.,34.,34.,32.,11.8001202927
1.13116855456,Sample,13,4,41.,1,false,true,false,true,38.,34.,34.,32.,11.8001202934
1.13116855456,Sample,13,4,46.,1,false,true,false,true,38.,34.,34.,32.,11.8001202934
1.13116855456,Sample,13,4,51.,1,false,true,false,true,38.,34.,34.,32.,11.8001202935
0.833505252069,Voter,13,6,1.,1,false,true,false,true,22.,22.,38.,34.,0.
0.833505252069,Voter,13,6,6.,1,false,true,false,true,62.,52.,10.,10.,9.69442076405
0.833505252069,Voter,13,6,11.,1,false,true,false,true,62.,52.,10.,10.,9.8177273882
0.833505252069,Voter,13,6,16.,1,false,true,false,true,62.,52.,10.,10.,9.81948427769
0.833505252069,Voter,13,6,21.,1,false,true,false,true,62.,52.,10.,10.,9.81951113705
0.833505252069,Voter,13,6,26.,1,false,true,false,true,62.,52.,10.,10.,9.81951156985
0.833505252069,Voter,13,6,31.,1,false,true,false,true,62.,52.,10.,10.,9.81951157713
0.833505252069,Voter,13,6,36.,1,false,true,false,true,62.,52.,10.,10.,9.81951157725
0.833505252069,Voter,13,6,41.,1,false,true,false,true,62.,52.,10.,10.,9.81951157726
0.833505252069,Voter,13,6,46.,1,false,true,false,true,62.,52.,10.,10.,9.81951157726
0.833505252069,Voter,13,6,51.,1,false,true,false,true,62.,52.,10.,10.,9.81951157726
1.33883382611,Sample,13,3,1.,1,false,true,false,true,16.,16.,30.,26.,0.
1.33883382611,Sample,13,3,6.,1,false,true,false,true,44.,40.,46.,46.,12.2853302484
1.33883382611,Sample,13,3,11.,1,false,true,false,true,44.,40.,46.,46.,12.8541095822
1.33883382611,Sample,13,3,16.,1,false,true,false,true,44.,40.,46.,46.,12.8818650133
1.33883382611,Sample,13,3,21.,1,false,true,false,true,44.,40.,46.,46.,12.883271282
1.33883382611,Sample,13,3,26.,1,false,true,false,true,44.,40.,46.,46.,12.8833446015
1.33883382611,Sample,13,3,31.,1,false,true,false,true,44.,40.,46.,46.,12.8833485144
1.33883382611,Sample,13,3,36.,1,false,true,false,true,44.,40.,46.,46.,12.8833487275
1.33883382611,Sample,13,3,41.,1,false,true,false,true,44.,40.,46.,46.,12.8833487393
1.33883382611,Sample,13,3,46.,1,false,true,false,true,44.,40.,46.,46.,12.8833487399
1.33883382611,Sample,13,3,51.,1,false,true,false,true,44.,40.,46.,46.,12.88334874
1.17446092245,Voter,13,4,1.,1,false,true,false,true,34.,32.,56.,50.,0.
1.17446092245,Voter,13,4,6.,1,false,true,false,true,84.,74.,86.,76.,11.6391080736
1.17446092245,Voter,13,4,11.,1,false,true,false,true,84.,74.,86.,76.,12.0285578366
1.17446092245,Voter,13,4,16.,1,false,true,false,true,84.,74.,86.,76.,12.0424724739
1.17446092245,Voter,13,4,21.,1,false,true,false,true,84.,74.,86.,76.,12.0429925137
1.17446092245,Voter,13,4,26.,1,false,true,false,true,84.,74.,86.,76.,12.0430126185
1.17446092245,Voter,13,4,31.,1,false,true,false,true,84.,74.,86.,76.,12.0430134175
1.17446092245,Voter,13,4,36.,1,false,true,false,true,84.,74.,86.,76.,12.0430134501
1.17446092245,Voter,13,4,41.,1,false,true,false,true,84.,74.,86.,76.,12.0430134514
1.17446092245,Voter,13,4,46.,1,false,true,false,true,84.,74.,86.,76.,12.0430134515
1.17446092245,Voter,13,4,51.,1,false,true,false,true,84.,74.,86.,76.,12.0430134515
0.81629450064,Voter,13,4,1.,1,false,true,false,true,30.,24.,20.,18.,0.
0.81629450064,Voter,13,4,6.,1,false,true,false,true,42.,34.,20.,20.,9.56945511395
0.81629450064,Voter,13,4,11.,1,false,true,false,true,42.,34.,20.,20.,9.68358795931
0.81629450064,Voter,13,4,16.,1,false,true,false,true,42.,34.,20.,20.,9.68511841984
0.81629450064,Voter,13,4,21.,1,false,true,false,true,42.,34.,20.,20.,9.68514048222
0.81629450064,Voter,13,4,26.,1,false,true,false,true,42.,34.,20.,20.,9.68514081791
0.81629450064,Voter,13,4,31.,1,false,true,false,true,42.,34.,20.,20.,9.68514082325
0.81629450064,Voter,13,4,36.,1,false,true,false,true,42.,34.,20.,20.,9.68514082334
0.81629450064,Voter,13,4,41.,1,false,true,false,true,42.,34.,20.,20.,9.68514082334
0.81629450064,Voter,13,4,46.,1,false,true,false,true,42.,34.,20.,20.,9.68514082334
0.81629450064,Voter,13,4,51.,1,false,true,false,true,42.,34.,20.,20.,9.68514082334
0.891271715093,Voter,13,4,1.,1,false,true,false,true,22.,20.,34.,32.,0.
0.891271715093,Voter,13,4,6.,1,false,true,false,true,64.,54.,64.,52.,10.0927049262
0.891271715093,Voter,13,4,11.,1,false,true,false,true,66.,56.,66.,54.,10.2498741987
0.891271715093,Voter,13,4,16.,1,false,true,false,true,66.,56.,66.,54.,10.252585486
0.891271715093,Voter,13,4,21.,1,false,true,false,true,66.,56.,66.,54.,10.2526353816
0.891271715093,Voter,13,4,26.,1,false,true,false,true,66.,56.,66.,54.,10.2526363452
0.891271715093,Voter,13,4,31.,1,false,true,false,true,66.,56.,66.,54.,10.2526363646
0.891271715093,Voter,13,4,36.,1,false,true,false,true,66.,56.,66.,54.,10.252636365
0.891271715093,Voter,13,4,41.,1,false,true,false,true,66.,56.,66.,54.,10.252636365
0.891271715093,Voter,13,4,46.,1,false,true,false,true,66.,56.,66.,54.,10.252636365
0.891271715093,Voter,13,4,51.,1,false,true,false,true,66.,56.,66.,54.,10.252636365
0.813132085865,Voter,13,7,1.,1,false,true,false,true,46.,44.,54.,52.,0.
0.813132085865,Voter,13,7,6.,1,false,true,false,true,96.,84.,40.,38.,9.54616746378
0.813132085865,Voter,13,7,11.,1,false,true,false,true,96.,84.,40.,38.,9.65866020018
0.813132085865,Voter,13,7,16.,1,false,true,false,true,96.,84.,40.,38.,9.66015165198
0.813132085865,Voter,13,7,21.,1,false,true,false,true,96.,84.,40.,38.,9.66017291714
0.813132085865,Voter,13,7,26.,1,false,true,false,true,96.,84.,40.,38.,9.66017323725
0.813132085865,Voter,13,7,31.,1,false,true,false,true,96.,84.,40.,38.,9.66017324229
0.813132085865,Voter,13,7,36.,1,false,true,false,true,96.,84.,40.,38.,9.66017324237
0.813132085865,Voter,13,7,41.,1,false,true,false,true,96.,84.,40.,38.,9.66017324237
0.813132085865,Voter,13,7,46.,1,false,true,false,true,96.,84.,40.,38.,9.66017324237
0.813132085865,Voter,13,7,51.,1,false,true,false,true,96.,84.,40.,38.,9.66017324237
1.24049165138,Voter,13,4,1.,1,false,true,false,true,12.,10.,24.,22.,0.
1.24049165138,Voter,13,4,6.,1,false,true,false,true,32.,24.,28.,24.,11.9178346779
1.24049165138,Voter,13,4,11.,1,false,true,false,true,32.,24.,28.,24.,12.3758819145
1.24049165138,Voter,13,4,16.,1,false,true,false,true,32.,24.,28.,24.,12.3945724447
1.24049165138,Voter,13,4,21.,1,false,true,false,true,32.,24.,28.,24.,12.3953676377
1.24049165138,Voter,13,4,26.,1,false,true,false,true,32.,24.,28.,24.,12.3954025542
1.24049165138,Voter,13,4,31.,1,false,true,false,true,32.,24.,28.,24.,12.3954041274
1.24049165138,Voter,13,4,36.,1,false,true,false,true,32.,24.,28.,24.,12.3954041998
1.24049165138,Voter,13,4,41.,1,false,true,false,true,32.,24.,28.,24.,12.3954042032
1.24049165138,Voter,13,4,46.,1,false,true,false,true,32.,24.,28.,24.,12.3954042034
1.24049165138,Voter,13,4,51.,1,false,true,false,true,32.,24.,28.,24.,12.3954042034
1.27326124995,Voter,13,3,1.,1,false,true,false,true,2.,2.,8.,8.,0.
1.27326124995,Voter,13,3,6.,1,false,true,false,true,12.,10.,10.,10.,12.0463717189
1.27326124995,Voter,13,3,11.,1,false,true,false,true,12.,10.,10.,10.,12.5402304526
1.27326124995,Voter,13,3,16.,1,false,true,false,true,12.,10.,10.,10.,12.5616706981
1.27326124995,Voter,13,3,21.,1,false,true,false,true,12.,10.,10.,10.,12.5626397697
1.27326124995,Voter,13,3,26.,1,false,true,false,true,12.,10.,10.,10.,12.5626849282
1.27326124995,Voter,13,3,31.,1,false,true,false,true,12.,10.,10.,10.,12.5626870856
1.27326124995,Voter,13,3,36.,1,false,true,false,true,12.,10.,10.,10.,12.5626871909
1.27326124995,Voter,13,3,41.,1,false,true,false,true,12.,10.,10.,10.,12.5626871961
1.27326124995,Voter,13,3,46.,1,false,true,false,true,12.,10.,10.,10.,12.5626871964
1.27326124995,Voter,13,3,51.,1,false,true,false,true,12.,10.,10.,10.,12.5626871964
1.03526443953,Voter,13,5,1.,1,false,true,false,true,20.,18.,50.,42.,0.
1.03526443953,Voter,13,5,6.,1,false,true,false,true,36.,30.,26.,22.,10.9562878352
1.03526443953,Voter,13,5,11.,1,false,true,false,true,42.,36.,32.,28.,11.2182656213
1.03526443953,Voter,13,5,16.,1,false,true,false,true,42.,36.,32.,28.,11.2250561687
1.03526443953,Voter,13,5,21.,1,false,true,false,true,42.,36.,32.,28.,11.2252418071
1.03526443953,Voter,13,5,26.,1,false,true,false,true,42.,36.,32.,28.,11.2252470879
1.03526443953,Voter,13,5,31.,1,false,true,false,true,42.,36.,32.,28.,11.2252472431
1.03526443953,Voter,13,5,36.,1,false,true,false,true,42.,36.,32.,28.,11.2252472478
1.03526443953,Voter,13,5,41.,1,false,true,false,true,42.,36.,32.,28.,11.225247248
1.03526443953,Voter,13,5,46.,1,false,true,false,true,42.,36.,32.,28.,11.225247248
1.03526443953,Voter,13,5,51.,1,false,true,false,true,42.,36.,32.,28.,11.225247248
1.04783733476,Sample,13,5,1.,1,false,true,false,true,26.,24.,50.,42.,0.
1.04783733476,Sample,13,5,6.,1,false,true,false,true,62.,52.,42.,40.,11.023704055
1.04783733476,Sample,13,5,11.,1,false,true,false,true,64.,54.,44.,42.,11.2961781069
1.04783733476,Sample,13,5,16.,1,false,true,false,true,64.,54.,44.,42.,11.3034673697
1.04783733476,Sample,13,5,21.,1,false,true,false,true,64.,54.,44.,42.,11.3036728644
1.04783733476,Sample,13,5,26.,1,false,true,false,true,64.,54.,44.,42.,11.3036788889
1.04783733476,Sample,13,5,31.,1,false,true,false,true,64.,54.,44.,42.,11.3036790713
1.04783733476,Sample,13,5,36.,1,false,true,false,true,64.,54.,44.,42.,11.3036790769
1.04783733476,Sample,13,5,41.,1,false,true,false,true,64.,54.,44.,42.,11.3036790771
1.04783733476,Sample,13,5,46.,1,false,true,false,true,64.,54.,44.,42.,11.3036790771
1.04783733476,Sample,13,5,51.,1,false,true,false,true,64.,54.,44.,42.,11.3036790771
1.11093075696,Voter,13,4,1.,1,false,true,false,true,4.,4.,16.,14.,0.
1.11093075696,Voter,13,4,6.,1,false,true,false,true,20.,18.,0.,0.,11.3443513948
1.11093075696,Voter,13,4,11.,1,false,true,false,true,20.,18.,0.,0.,11.6726069846
1.11093075696,Voter,13,4,16.,1,false,true,false,true,20.,18.,0.,0.,11.6828134834
1.11093075696,Voter,13,4,21.,1,false,true,false,true,20.,18.,0.,0.,11.6831466048
1.11093075696,Voter,13,4,26.,1,false,true,false,true,20.,18.,0.,0.,11.6831578796
1.11093075696,Voter,13,4,31.,1,false,true,false,true,20.,18.,0.,0.,11.6831582727
1.11093075696,Voter,13,4,36.,1,false,true,false,true,20.,18.,0.,0.,11.6831582867
1.11093075696,Voter,13,4,41.,1,false,true,false,true,20.,18.,0.,0.,11.6831582872
1.11093075696,Voter,13,4,46.,1,false,true,false,true,20.,18.,0.,0.,11.6831582873
1.11093075696,Voter,13,4,51.,1,false,true,false,true,20.,18.,0.,0.,11.6831582873
1.06005754815,Sample,13,5,1.,1,false,true,false,true,24.,24.,56.,52.,0.
1.06005754815,Sample,13,5,6.,1,false,true,false,true,68.,58.,44.,42.,11.0880847008
1.06005754815,Sample,13,5,11.,1,false,true,false,true,70.,60.,46.,44.,11.3709605869
1.06005754815,Sample,13,5,16.,1,false,true,false,true,70.,60.,46.,44.,11.3787598785
1.06005754815,Sample,13,5,21.,1,false,true,false,true,70.,60.,46.,44.,11.3789863052
1.06005754815,Sample,13,5,26.,1,false,true,false,true,70.,60.,46.,44.,11.3789931373
1.06005754815,Sample,13,5,31.,1,false,true,false,true,70.,60.,46.,44.,11.37899335
1.06005754815,Sample,13,5,36.,1,false,true,false,true,70.,60.,46.,44.,11.3789933568
1.06005754815,Sample,13,5,41.,1,false,true,false,true,70.,60.,46.,44.,11.3789933571
1.06005754815,Sample,13,5,46.,1,false,true,false,true,70.,60.,46.,44.,11.3789933571
1.06005754815,Sample,13,5,51.,1,false,true,false,true,70.,60.,46.,44.,11.3789933571
1.32509933003,Sample,13,5,1.,1,false,true,false,true,10.,10.,50.,48.,0.
1.32509933003,Sample,13,5,6.,1,false,true,false,true,70.,64.,82.,76.,12.2372261303
1.32509933003,Sample,13,5,11.,1,false,true,false,true,72.,66.,80.,74.,12.7899680836
1.32509933003,Sample,13,5,16.,1,false,true,false,true,72.,66.,80.,74.,12.8163079797
1.32509933003,Sample,13,5,21.,1,false,true,false,true,72.,66.,80.,74.,12.8176119251
1.32509933003,Sample,13,5,26.,1,false,true,false,true,72.,66.,80.,74.,12.8176783761
1.32509933003,Sample,13,5,31.,1,false,true,false,true,72.,66.,80.,74.,12.8176818435
1.32509933003,Sample,13,5,36.,1,false,true,false,true,72.,66.,80.,74.,12.8176820281
1.32509933003,Sample,13,5,41.,1,false,true,false,true,72.,66.,80.,74.,12.8176820381
1.32509933003,Sample,13,5,46.,1,false,true,false,true,72.,66.,80.,74.,12.8176820387
1.32509933003,Sample,13,5,51.,1,false,true,false,true,72.,66.,80.,74.,12.8176820387
1.1993678749,Sample,13,7,1.,1,false,true,false,true,46.,46.,118.,102.,0.
1.1993678749,Sample,13,7,6.,1,false,true,false,true,184.,152.,176.,138.,11.7474346683
1.1993678749,Sample,13,7,11.,1,false,true,false,true,194.,158.,178.,140.,12.1621821455
1.1993678749,Sample,13,7,16.,1,false,true,false,true,194.,158.,178.,140.,12.177782484
1.1993678749,Sample,13,7,21.,1,false,true,false,true,194.,158.,178.,140.,12.1783955111
1.1993678749,Sample,13,7,26.,1,false,true,false,true,194.,158.,178.,140.,12.1784204075
1.1993678749,Sample,13,7,31.,1,false,true,false,true,194.,158.,178.,140.,12.1784214461
1.1993678749,Sample,13,7,36.,1,false,true,false,true,194.,158.,178.,140.,12.1784214905
1.1993678749,Sample,13,7,41.,1,false,true,false,true,194.,158.,178.,140.,12.1784214924
1.1993678749,Sample,13,7,46.,1,false,true,false,true,194.,158.,178.,140.,12.1784214925
1.1993678749,Sample,13,7,51.,1,false,true,false,true,194.,158.,178.,140.,12.1784214925
1.29091781552,Sample,13,5,1.,1,false,true,false,true,34.,30.,80.,68.,0.
1.29091781552,Sample,13,5,6.,1,false,true,false,true,96.,78.,86.,76.,12.1130609467
1.29091781552,Sample,13,5,11.,1,false,true,false,true,104.,82.,86.,76.,12.6266762059
1.29091781552,Sample,13,5,16.,1,false,true,false,true,104.,82.,86.,76.,12.649708086
1.29091781552,Sample,13,5,21.,1,false,true,false,true,104.,82.,86.,76.,12.6507825428
1.29091781552,Sample,13,5,26.,1,false,true,false,true,104.,82.,86.,76.,12.6508341933
1.29091781552,Sample,13,5,31.,1,false,true,false,true,104.,82.,86.,76.,12.6508367376
1.29091781552,Sample,13,5,36.,1,false,true,false,true,104.,82.,86.,76.,12.6508368656
1.29091781552,Sample,13,5,41.,1,false,true,false,true,104.,82.,86.,76.,12.6508368722
1.29091781552,Sample,13,5,46.,1,false,true,false,true,104.,82.,86.,76.,12.6508368725
1.29091781552,Sample,13,5,51.,1,false,true,false,true,104.,82.,86.,76.,12.6508368725
1.03984943955,Sample,13,3,1.,1,false,true,false,true,16.,16.,28.,28.,0.
1.03984943955,Sample,13,3,6.,1,false,true,false,true,28.,26.,36.,36.,10.9810122466
1.03984943955,Sample,13,3,11.,1,false,true,false,true,30.,28.,38.,38.,11.246793444
1.03984943955,Sample,13,3,16.,1,false,true,false,true,30.,28.,38.,38.,11.2537628496
1.03984943955,Sample,13,3,21.,1,false,true,false,true,30.,28.,38.,38.,11.2539555382
1.03984943955,Sample,13,3,26.,1,false,true,false,true,30.,28.,38.,38.,11.2539610805
1.03984943955,Sample,13,3,31.,1,false,true,false,true,30.,28.,38.,38.,11.2539612452
1.03984943955,Sample,13,3,36.,1,false,true,false,true,30.,28.,38.,38.,11.2539612502
1.03984943955,Sample,13,3,41.,1,false,true,false,true,30.,28.,38.,38.,11.2539612503
1.03984943955,Sample,13,3,46.,1,false,true,false,true,30.,28.,38.,38.,11.2539612504
1.03984943955,Sample,13,3,51.,1,false,true,false,true,30.,28.,38.,38.,11.2539612504
1.39668498878,Voter,13,7,1.,1,false,true,false,true,22.,22.,64.,58.,0.
1.39668498878,Voter,13,7,6.,1,false,true,false,true,102.,84.,56.,48.,12.4771712692
1.39668498878,Voter,13,7,11.,1,false,true,false,true,106.,88.,60.,52.,13.1153774782
1.39668498878,Voter,13,7,16.,1,false,true,false,true,108.,88.,58.,52.,13.1496587569
1.39668498878,Voter,13,7,21.,1,false,true,false,true,108.,88.,58.,52.,13.1515665126
1.39668498878,Voter,13,7,26.,1,false,true,false,true,108.,88.,58.,52.,13.1516755963
1.39668498878,Voter,13,7,31.,1,false,true,false,true,108.,88.,58.,52.,13.1516819729
1.39668498878,Voter,13,7,36.,1,false,true,false,true,108.,88.,58.,52.,13.1516823527
1.39668498878,Voter,13,7,41.,1,false,true,false,true,108.,88.,58.,52.,13.1516823757
1.39668498878,Voter,13,7,46.,1,false,true,false,true,108.,88.,58.,52.,13.1516823772
1.39668498878,Voter,13,7,51.,1,false,true,false,true,108.,88.,58.,52.,13.1516823772
1.34183459563,Voter,13,4,1.,1,false,true,false,true,8.,6.,14.,14.,0.
1.34183459563,Voter,13,4,6.,1,false,true,false,true,28.,24.,14.,14.,12.2957066524
1.34183459563,Voter,13,4,11.,1,false,true,false,true,28.,24.,14.,14.,12.8680133508
1.34183459563,Voter,13,4,16.,1,false,true,false,true,28.,24.,14.,14.,12.8960847635
1.34183459563,Voter,13,4,21.,1,false,true,false,true,28.,24.,14.,14.,12.8975141992
1.34183459563,Voter,13,4,26.,1,false,true,false,true,28.,24.,14.,14.,12.8975890955
1.34183459563,Voter,13,4,31.,1,false,true,false,true,28.,24.,14.,14.,12.8975931121
1.34183459563,Voter,13,4,36.,1,false,true,false,true,28.,24.,14.,14.,12.8975933318
1.34183459563,Voter,13,4,41.,1,false,true,false,true,28.,24.,14.,14.,12.897593344
1.34183459563,Voter,13,4,46.,1,false,true,false,true,28.,24.,14.,14.,12.8975933447
1.34183459563,Voter,13,4,51.,1,false,true,false,true,28.,24.,14.,14.,12.8975933448
0.920028731279,Sample,13,6,1.,1,false,true,false,true,82.,72.,136.,116.,0.
0.920028731279,Sample,13,6,6.,1,false,true,false,true,204.,156.,234.,178.,10.2793635326
0.920028731279,Sample,13,6,11.,1,false,true,false,true,204.,156.,234.,178.,10.4551543294
0.920028731279,Sample,13,6,16.,1,false,true,false,true,204.,156.,234.,178.,10.4584680773
0.920028731279,Sample,13,6,21.,1,false,true,false,true,204.,156.,234.,178.,10.4585345432
0.920028731279,Sample,13,6,26.,1,false,true,false,true,204.,156.,234.,178.,10.4585359394
0.920028731279,Sample,13,6,31.,1,false,true,false,true,204.,156.,234.,178.,10.4585359699
0.920028731279,Sample,13,6,36.,1,false,true,false,true,204.,156.,234.,178.,10.4585359706
0.920028731279,Sample,13,6,41.,1,false,true,false,true,204.,156.,234.,178.,10.4585359706
0.920028731279,Sample,13,6,46.,1,false,true,false,true,204.,156.,234.,178.,10.4585359706
0.920028731279,Sample,13,6,51.,1,false,true,false,true,204.,156.,234.,178.,10.4585359706
0.943970083138,Voter,13,7,1.,1,false,true,false,true,74.,70.,136.,106.,0.
0.943970083138,Voter,13,7,6.,1,false,true,false,true,164.,138.,138.,116.,10.429151086
0.943970083138,Voter,13,7,11.,1,false,true,false,true,166.,140.,132.,112.,10.6213344616
0.943970083138,Voter,13,7,16.,1,false,true,false,true,166.,140.,132.,112.,10.6252231015
0.943970083138,Voter,13,7,21.,1,false,true,false,true,166.,140.,132.,112.,10.6253066535
0.943970083138,Voter,13,7,26.,1,false,true,false,true,166.,140.,132.,112.,10.6253085309
0.943970083138,Voter,13,7,31.,1,false,true,false,true,166.,140.,132.,112.,10.6253085746
0.943970083138,Voter,13,7,36.,1,false,true,false,true,166.,140.,132.,112.,10.6253085757
0.943970083138,Voter,13,7,41.,1,false,true,false,true,166.,140.,132.,112.,10.6253085757
0.943970083138,Voter,13,7,46.,1,false,true,false,true,166.,140.,132.,112.,10.6253085757
0.943970083138,Voter,13,7,51.,1,false,true,false,true,166.,140.,132.,112.,10.6253085757
0.869185470337,Sample,13,3,1.,1,false,true,false,true,14.,14.,12.,12.,0.
0.869185470337,Sample,13,3,6.,1,false,true,false,true,24.,22.,6.,6.,9.94418606277
0.869185470337,Sample,13,3,11.,1,false,true,false,true,24.,22.,6.,6.,10.0878489802
0.869185470337,Sample,13,3,16.,1,false,true,false,true,24.,22.,6.,6.,10.0901575028
0.869185470337,Sample,13,3,21.,1,false,true,false,true,24.,22.,6.,6.,10.0901971598
0.869185470337,Sample,13,3,26.,1,false,true,false,true,24.,22.,6.,6.,10.0901978759
0.869185470337,Sample,13,3,31.,1,false,true,false,true,24.,22.,6.,6.,10.0901978893
0.869185470337,Sample,13,3,36.,1,false,true,false,true,24.,22.,6.,6.,10.0901978896
0.869185470337,Sample,13,3,41.,1,false,true,false,true,24.,22.,6.,6.,10.0901978896
0.869185470337,Sample,13,3,46.,1,false,true,false,true,24.,22.,6.,6.,10.0901978896
0.869185470337,Sample,13,3,51.,1,false,true,false,true,24.,22.,6.,6.,10.0901978896
1.36765263026,Voter,13,3,1.,1,false,true,false,true,2.,2.,14.,12.,0.
1.36765263026,Voter,13,3,6.,1,false,true,false,true,14.,12.,2.,2.,12.3830374125
1.36765263026,Voter,13,3,11.,1,false,true,false,true,14.,12.,2.,2.,12.9860322185
1.36765263026,Voter,13,3,16.,1,false,true,false,true,14.,12.,2.,2.,13.0169231243
1.36765263026,Voter,13,3,21.,1,false,true,false,true,14.,12.,2.,2.,13.018564401
1.36765263026,Voter,13,3,26.,1,false,true,false,true,14.,12.,2.,2.,13.018654067
1.36765263026,Voter,13,3,31.,1,false,true,false,true,14.,12.,2.,2.,13.018659078
1.36765263026,Voter,13,3,36.,1,false,true,false,true,14.,12.,2.,2.,13.0186593636
1.36765263026,Voter,13,3,41.,1,false,true,false,true,14.,12.,2.,2.,13.0186593801
1.36765263026,Voter,13,3,46.,1,false,true,false,true,14.,12.,2.,2.,13.0186593811
1.36765263026,Voter,13,3,51.,1,false,true,false,true,14.,12.,2.,2.,13.0186593811
0.94279876594,Voter,13,3,1.,1,false,true,false,true,6.,6.,4.,4.,0.
0.94279876594,Voter,13,3,6.,1,false,true,false,true,12.,12.,2.,2.,10.4219388732
0.94279876594,Voter,13,3,11.,1,false,true,false,true,12.,12.,2.,2.,10.6133015389
0.94279876594,Voter,13,3,16.,1,false,true,false,true,12.,12.,2.,2.,10.6171604143
0.94279876594,Voter,13,3,21.,1,false,true,false,true,12.,12.,2.,2.,10.617243053
0.94279876594,Voter,13,3,26.,1,false,true,false,true,12.,12.,2.,2.,10.6172449039
0.94279876594,Voter,13,3,31.,1,false,true,false,true,12.,12.,2.,2.,10.6172449469
0.94279876594,Voter,13,3,36.,1,false,true,false,true,12.,12.,2.,2.,10.6172449479
0.94279876594,Voter,13,3,41.,1,false,true,false,true,12.,12.,2.,2.,10.6172449479
0.94279876594,Voter,13,3,46.,1,false,true,false,true,12.,12.,2.,2.,10.6172449479
0.94279876594,Voter,13,3,51.,1,false,true,false,true,12.,12.,2.,2.,10.6172449479
0.82253238593,Sample,13,7,1.,1,false,true,false,true,78.,66.,160.,130.,0.
0.82253238593,Sample,13,7,6.,1,false,true,false,true,192.,160.,210.,172.,9.61509233306
0.82253238593,Sample,13,7,11.,1,false,true,false,true,196.,162.,214.,176.,9.73250171941
0.82253238593,Sample,13,7,16.,1,false,true,false,true,196.,162.,214.,176.,9.73411145159
0.82253238593,Sample,13,7,21.,1,false,true,false,true,196.,162.,214.,176.,9.73413516093
0.82253238593,Sample,13,7,26.,1,false,true,false,true,196.,162.,214.,176.,9.73413552933
0.82253238593,Sample,13,7,31.,1,false,true,false,true,196.,162.,214.,176.,9.73413553531
0.82253238593,Sample,13,7,36.,1,false,true,false,true,196.,162.,214.,176.,9.73413553541
0.82253238593,Sample,13,7,41.,1,false,true,false,true,196.,162.,214.,176.,9.73413553541
0.82253238593,Sample,13,7,46.,1,false,true,false,true,196.,162.,214.,176.,9.73413553541
0.82253238593,Sample,13,7,51.,1,false,true,false,true,196.,162.,214.,176.,9.73413553541
1.30912778108,Voter,13,5,1.,1,false,true,false,true,26.,24.,42.,36.,0.
1.30912778108,Voter,13,5,6.,1,false,true,false,true,68.,58.,40.,36.,12.1800081692
1.30912778108,Voter,13,5,11.,1,false,true,false,true,70.,60.,42.,38.,12.7143261187
1.30912778108,Voter,13,5,16.,1,false,true,false,true,70.,60.,42.,38.,12.7390825816
1.30912778108,Voter,13,5,21.,1,false,true,false,true,70.,60.,42.,38.,12.7402749598
1.30912778108,Voter,13,5,26.,1,false,true,false,true,70.,60.,42.,38.,12.7403341069
1.30912778108,Voter,13,5,31.,1,false,true,false,true,70.,60.,42.,38.,12.7403371121
1.30912778108,Voter,13,5,36.,1,false,true,false,true,70.,60.,42.,38.,12.740337268
1.30912778108,Voter,13,5,41.,1,false,true,false,true,70.,60.,42.,38.,12.7403372762
1.30912778108,Voter,13,5,46.,1,false,true,false,true,70.,60.,42.,38.,12.7403372767
1.30912778108,Voter,13,5,51.,1,false,true,false,true,70.,60.,42.,38.,12.7403372767
1.38484161571,Sample,13,3,1.,1,false,true,false,true,8.,8.,12.,10.,0.
1.38484161571,Sample,13,3,6.,1,false,true,false,true,24.,22.,4.,4.,12.4392819355
1.38484161571,Sample,13,3,11.,1,false,true,false,true,24.,22.,4.,4.,13.0630365337
1.38484161571,Sample,13,3,16.,1,false,true,false,true,24.,22.,4.,4.,13.0959062771
1.38484161571,Sample,13,3,21.,1,false,true,false,true,24.,22.,4.,4.,13.097701571
1.38484161571,Sample,13,3,26.,1,false,true,false,true,24.,22.,4.,4.,13.0978023514
1.38484161571,Sample,13,3,31.,1,false,true,false,true,24.,22.,4.,4.,13.0978081366
1.38484161571,Sample,13,3,36.,1,false,true,false,true,24.,22.,4.,4.,13.0978084751
1.38484161571,Sample,13,3,41.,1,false,true,false,true,24.,22.,4.,4.,13.0978084952
1.38484161571,Sample,13,3,46.,1,false,true,false,true,24.,22.,4.,4.,13.0978084964
1.38484161571,Sample,13,3,51.,1,false,true,false,true,24.,22.,4.,4.,13.0978084965
0.801330941909,Voter,13,6,1.,1,false,true,false,true,34.,34.,52.,46.,0.
0.801330941909,Voter,13,6,6.,1,false,true,false,true,90.,76.,60.,58.,9.45835975877
0.801330941909,Voter,13,6,11.,1,false,true,false,true,90.,76.,60.,58.,9.56485660956
0.801330941909,Voter,13,6,16.,1,false,true,false,true,90.,76.,60.,58.,9.56620928852
0.801330941909,Voter,13,6,21.,1,false,true,false,true,90.,76.,60.,58.,9.56622779063
0.801330941909,Voter,13,6,26.,1,false,true,false,true,90.,76.,60.,58.,9.5662280581
0.801330941909,Voter,13,6,31.,1,false,true,false,true,90.,76.,60.,58.,9.56622806215
0.801330941909,Voter,13,6,36.,1,false,true,false,true,90.,76.,60.,58.,9.56622806221
0.801330941909,Voter,13,6,41.,1,false,true,false,true,90.,76.,60.,58.,9.56622806221
0.801330941909,Voter,13,6,46.,1,false,true,false,true,90.,76.,60.,58.,9.56622806221
0.801330941909,Voter,13,6,51.,1,false,true,false,true,90.,76.,60.,58.,9.56622806221
0.821644827601,Sample,13,7,1.,1,false,true,false,true,76.,70.,150.,122.,0.
0.821644827601,Sample,13,7,6.,1,false,true,false,true,178.,138.,132.,118.,9.60862286359
0.821644827601,Sample,13,7,11.,1,false,true,false,true,178.,138.,132.,118.,9.72556269075
0.821644827601,Sample,13,7,16.,1,false,true,false,true,178.,138.,132.,118.,9.72716095303
0.821644827601,Sample,13,7,21.,1,false,true,false,true,178.,138.,132.,118.,9.72718442187
0.821644827601,Sample,13,7,26.,1,false,true,false,true,178.,138.,132.,118.,9.72718478545
0.821644827601,Sample,13,7,31.,1,false,true,false,true,178.,138.,132.,118.,9.72718479133
0.821644827601,Sample,13,7,36.,1,false,true,false,true,178.,138.,132.,118.,9.72718479143
0.821644827601,Sample,13,7,41.,1,false,true,false,true,178.,138.,132.,118.,9.72718479143
0.821644827601,Sample,13,7,46.,1,false,true,false,true,178.,138.,132.,118.,9.72718479143
0.821644827601,Sample,13,7,51.,1,false,true,false,true,178.,138.,132.,118.,9.72718479143
1.33765588882,Sample,13,4,1.,1,false,true,false,true,26.,24.,48.,42.,0.
1.33765588882,Sample,13,4,6.,1,false,true,false,true,68.,60.,78.,70.,12.2812440146
1.33765588882,Sample,13,4,11.,1,false,true,false,true,70.,62.,76.,70.,12.8486409817
1.33765588882,Sample,13,4,16.,1,false,true,false,true,70.,62.,76.,70.,12.8762730363
1.33765588882,Sample,13,4,21.,1,false,true,false,true,70.,62.,76.,70.,12.8776702914
1.33765588882,Sample,13,4,26.,1,false,true,false,true,70.,62.,76.,70.,12.8777429995
1.33765588882,Sample,13,4,31.,1,false,true,false,true,70.,62.,76.,70.,12.8777468723
1.33765588882,Sample,13,4,36.,1,false,true,false,true,70.,62.,76.,70.,12.8777470828
1.33765588882,Sample,13,4,41.,1,false,true,false,true,70.,62.,76.,70.,12.8777470944
1.33765588882,Sample,13,4,46.,1,false,true,false,true,70.,62.,76.,70.,12.8777470951
1.33765588882,Sample,13,4,51.,1,false,true,false,true,70.,62.,76.,70.,12.8777470951
0.81551732667,Sample,13,3,1.,1,false,true,false,true,4.,4.,8.,8.,0.
0.81551732667,Sample,13,3,6.,1,false,true,false,true,16.,16.,4.,4.,9.56374154136
0.81551732667,Sample,13,3,11.,1,false,true,false,true,16.,16.,4.,4.,9.67747001597
0.81551732667,Sample,13,3,16.,1,false,true,false,true,16.,16.,4.,4.,9.67899081715
0.81551732667,Sample,13,3,21.,1,false,true,false,true,16.,16.,4.,4.,9.6790126813
0.81551732667,Sample,13,3,26.,1,false,true,false,true,16.,16.,4.,4.,9.67901301311
0.81551732667,Sample,13,3,31.,1,false,true,false,true,16.,16.,4.,4.,9.67901301837
0.81551732667,Sample,13,3,36.,1,false,true,false,true,16.,16.,4.,4.,9.67901301846
0.81551732667,Sample,13,3,41.,1,false,true,false,true,16.,16.,4.,4.,9.67901301846
0.81551732667,Sample,13,3,46.,1,false,true,false,true,16.,16.,4.,4.,9.67901301846
0.81551732667,Sample,13,3,51.,1,false,true,false,true,16.,16.,4.,4.,9.67901301846
1.00769158586,Sample,13,4,1.,1,false,true,false,true,10.,10.,28.,26.,0.
1.00769158586,Sample,13,4,6.,1,false,true,false,true,38.,36.,32.,32.,10.8041677779
1.00769158586,Sample,13,4,11.,1,false,true,false,true,38.,36.,32.,32.,11.0438667087
1.00769158586,Sample,13,4,16.,1,false,true,false,true,38.,36.,32.,32.,11.0496521811
1.00769158586,Sample,13,4,21.,1,false,true,false,true,38.,36.,32.,32.,11.0497997405
1.00769158586,Sample,13,4,26.,1,false,true,false,true,38.,36.,32.,32.,11.0498036621
1.00769158586,Sample,13,4,31.,1,false,true,false,true,38.,36.,32.,32.,11.0498037699
1.00769158586,Sample,13,4,36.,1,false,true,false,true,38.,36.,32.,32.,11.049803773
1.00769158586,Sample,13,4,41.,1,false,true,false,true,38.,36.,32.,32.,11.0498037731
1.00769158586,Sample,13,4,46.,1,false,true,false,true,38.,36.,32.,32.,11.0498037731
1.00769158586,Sample,13,4,51.,1,false,true,false,true,38.,36.,32.,32.,11.0498037731
1.36779363986,Voter,13,5,1.,1,false,true,false,true,22.,22.,56.,46.,0.
1.36779363986,Voter,13,5,6.,1,false,true,false,true,86.,72.,44.,40.,12.3835049219
1.36779363986,Voter,13,5,11.,1,false,true,false,true,88.,74.,42.,38.,12.9866689786
1.36779363986,Voter,13,5,16.,1,false,true,false,true,88.,74.,42.,38.,13.0175757844
1.36779363986,Voter,13,5,21.,1,false,true,false,true,88.,74.,42.,38.,13.0192182813
1.36779363986,Voter,13,5,26.,1,false,true,false,true,88.,74.,42.,38.,13.0193080342
1.36779363986,Voter,13,5,31.,1,false,true,false,true,88.,74.,42.,38.,13.0193130512
1.36779363986,Voter,13,5,36.,1,false,true,false,true,88.,74.,42.,38.,13.0193133371
1.36779363986,Voter,13,5,41.,1,false,true,false,true,88.,74.,42.,38.,13.0193133537
1.36779363986,Voter,13,5,46.,1,false,true,false,true,88.,74.,42.,38.,13.0193133547
1.36779363986,Voter,13,5,51.,1,false,true,false,true,88.,74.,42.,38.,13.0193133547
1.3381149446,Voter,13,4,1.,1,false,true,false,true,10.,10.,20.,18.,0.
1.3381149446,Voter,13,4,6.,1,false,true,false,true,36.,32.,30.,28.,12.2828373419
1.3381149446,Voter,13,4,11.,1,false,true,false,true,42.,34.,36.,32.,12.8507728799
1.3381149446,Voter,13,4,16.,1,false,true,false,true,42.,34.,36.,32.,12.8784529715
1.3381149446,Voter,13,4,21.,1,false,true,false,true,42.,34.,36.,32.,12.8798537339
1.3381149446,Voter,13,4,26.,1,false,true,false,true,42.,34.,36.,32.,12.8799266798
1.3381149446,Voter,13,4,31.,1,false,true,false,true,42.,34.,36.,32.,12.8799305682
1.3381149446,Voter,13,4,36.,1,false,true,false,true,42.,34.,36.,32.,12.8799307797
1.3381149446,Voter,13,4,41.,1,false,true,false,true,42.,34.,36.,32.,12.8799307914
1.3381149446,Voter,13,4,46.,1,false,true,false,true,42.,34.,36.,32.,12.879930792
1.3381149446,Voter,13,4,51.,1,false,true,false,true,42.,34.,36.,32.,12.8799307921
1.35649517211,Voter,13,7,1.,1,false,true,false,true,40.,38.,64.,56.,0.
1.35649517211,Voter,13,7,6.,1,false,true,false,true,112.,92.,56.,52.,12.3457215242
1.35649517211,Voter,13,7,11.,1,false,true,false,true,114.,92.,54.,50.,12.9353803689
1.35649517211,Voter,13,7,16.,1,false,true,false,true,114.,92.,54.,50.,12.9650305093
1.35649517211,Voter,13,7,21.,1,false,true,false,true,114.,92.,54.,50.,12.96657744
1.35649517211,Voter,13,7,26.,1,false,true,false,true,114.,92.,54.,50.,12.9666604514
1.35649517211,Voter,13,7,31.,1,false,true,false,true,114.,92.,54.,50.,12.9666650093
1.35649517211,Voter,13,7,36.,1,false,true,false,true,114.,92.,54.,50.,12.9666652645
1.35649517211,Voter,13,7,41.,1,false,true,false,true,114.,92.,54.,50.,12.9666652791
1.35649517211,Voter,13,7,46.,1,false,true,false,true,114.,92.,54.,50.,12.9666652799
1.35649517211,Voter,13,7,51.,1,false,true,false,true,114.,92.,54.,50.,12.96666528
1.00313642115,Sample,13,4,1.,1,false,true,false,true,18.,18.,40.,38.,0.
1.00313642115,Sample,13,4,6.,1,false,true,false,true,44.,36.,42.,36.,10.7784611814
1.00313642115,Sample,13,4,11.,1,false,true,false,true,44.,36.,42.,36.,11.0145783308
1.00313642115,Sample,13,4,16.,1,false,true,false,true,44.,36.,42.,36.,11.0202090459
1.00313642115,Sample,13,4,21.,1,false,true,false,true,44.,36.,42.,36.,11.0203509834
1.00313642115,Sample,13,4,26.,1,false,true,false,true,44.,36.,42.,36.,11.0203547126
1.00313642115,Sample,13,4,31.,1,false,true,false,true,44.,36.,42.,36.,11.0203548139
1.00313642115,Sample,13,4,36.,1,false,true,false,true,44.,36.,42.,36.,11.0203548167
1.00313642115,Sample,13,4,41.,1,false,true,false,true,44.,36.,42.,36.,11.0203548168
1.00313642115,Sample,13,4,46.,1,false,true,false,true,44.,36.,42.,36.,11.0203548168
1.00313642115,Sample,13,4,51.,1,false,true,false,true,44.,36.,42.,36.,11.0203548168
1.12590244054,Voter,13,7,1.,1,false,true,false,true,72.,62.,158.,132.,0.
1.12590244054,Voter,13,7,6.,1,false,true,false,true,232.,182.,242.,190.,11.4162739532
1.12590244054,Voter,13,7,11.,1,false,true,false,true,236.,184.,242.,190.,11.7585078724
1.12590244054,Voter,13,7,16.,1,false,true,false,true,236.,184.,242.,190.,11.7695149829
1.12590244054,Voter,13,7,21.,1,false,true,false,true,236.,184.,242.,190.,11.769886271
1.12590244054,Voter,13,7,26.,1,false,true,false,true,236.,184.,242.,190.,11.7698992506
1.12590244054,Voter,13,7,31.,1,false,true,false,true,236.,184.,242.,190.,11.7698997178
1.12590244054,Voter,13,7,36.,1,false,true,false,true,236.,184.,242.,190.,11.769899735
1.12590244054,Voter,13,7,41.,1,false,true,false,true,236.,184.,242.,190.,11.7698997357
1.12590244054,Voter,13,7,46.,1,false,true,false,true,236.,184.,242.,190.,11.7698997357
1.12590244054,Voter,13,7,51.,1,false,true,false,true,236.,184.,242.,190.,11.7698997357
1.39309166808,Sample,13,4,1.,1,false,true,false,true,36.,36.,46.,42.,0.
1.39309166808,Sample,13,4,6.,1,false,true,false,true,74.,64.,68.,62.,12.4657492231
1.39309166808,Sample,13,4,11.,1,false,true,false,true,76.,64.,70.,62.,13.0995582037
1.39309166808,Sample,13,4,16.,1,false,true,false,true,76.,64.,70.,62.,13.13340704
1.39309166808,Sample,13,4,21.,1,false,true,false,true,76.,64.,70.,62.,13.1352801151
1.39309166808,Sample,13,4,26.,1,false,true,false,true,76.,64.,70.,62.,13.1353866219
1.39309166808,Sample,13,4,31.,1,false,true,false,true,76.,64.,70.,62.,13.1353928138
1.39309166808,Sample,13,4,36.,1,false,true,false,true,76.,64.,70.,62.,13.1353931807
1.39309166808,Sample,13,4,41.,1,false,true,false,true,76.,64.,70.,62.,13.1353932028
1.39309166808,Sample,13,4,46.,1,false,true,false,true,76.,64.,70.,62.,13.1353932041
1.39309166808,Sample,13,4,51.,1,false,true,false,true,76.,64.,70.,62.,13.1353932042
1.26261493639,Voter,13,4,1.,1,false,true,false,true,14.,14.,32.,32.,0.
1.26261493639,Voter,13,4,6.,1,false,true,false,true,50.,44.,40.,38.,12.0052991251
1.26261493639,Voter,13,4,11.,1,false,true,false,true,50.,44.,40.,38.,12.4873996885
1.26261493639,Voter,13,4,16.,1,false,true,false,true,50.,44.,40.,38.,12.5079178333
1.26261493639,Voter,13,4,21.,1,false,true,false,true,50.,44.,40.,38.,12.5088274154
1.26261493639,Voter,13,4,26.,1,false,true,false,true,50.,44.,40.,38.,12.5088690013
1.26261493639,Voter,13,4,31.,1,false,true,false,true,50.,44.,40.,38.,12.5088709511
1.26261493639,Voter,13,4,36.,1,false,true,false,true,50.,44.,40.,38.,12.5088710445
1.26261493639,Voter,13,4,41.,1,false,true,false,true,50.,44.,40.,38.,12.508871049
1.26261493639,Voter,13,4,46.,1,false,true,false,true,50.,44.,40.,38.,12.5088710492
1.26261493639,Voter,13,4,51.,1,false,true,false,true,50.,44.,40.,38.,12.5088710492
0.924851388192,Sample,13,3,1.,1,false,true,false,true,10.,10.,14.,14.,0.
0.924851388192,Sample,13,3,6.,1,false,true,false,true,26.,26.,18.,18.,10.3099404904
0.924851388192,Sample,13,3,11.,1,false,true,false,true,26.,26.,18.,18.,10.4889685364
0.924851388192,Sample,13,3,16.,1,false,true,false,true,26.,26.,18.,18.,10.4923925321
0.924851388192,Sample,13,3,21.,1,false,true,false,true,26.,26.,18.,18.,10.492462182
0.924851388192,Sample,13,3,26.,1,false,true,false,true,26.,26.,18.,18.,10.4924636654
0.924851388192,Sample,13,3,31.,1,false,true,false,true,26.,26.,18.,18.,10.4924636982
0.924851388192,Sample,13,3,36.,1,false,true,false,true,26.,26.,18.,18.,10.492463699
0.924851388192,Sample,13,3,41.,1,false,true,false,true,26.,26.,18.,18.,10.492463699
0.924851388192,Sample,13,3,46.,1,false,true,false,true,26.,26.,18.,18.,10.492463699
0.924851388192,Sample,13,3,51.,1,false,true,false,true,26.,26.,18.,18.,10.492463699
0.930086482477,Sample,13,7,1.,1,false,true,false,true,82.,74.,154.,138.,0.
0.930086482477,Sample,13,7,6.,1,false,true,false,true,220.,184.,260.,218.,10.3429001582
0.930086482477,Sample,13,7,11.,1,false,true,false,true,222.,186.,258.,216.,10.5254793678
0.930086482477,Sample,13,7,16.,1,false,true,false,true,222.,186.,258.,216.,10.5290261657
0.930086482477,Sample,13,7,21.,1,false,true,false,true,222.,186.,258.,216.,10.5290994148
0.930086482477,Sample,13,7,26.,1,false,true,false,true,222.,186.,258.,216.,10.5291009982
0.930086482477,Sample,13,7,31.,1,false,true,false,true,222.,186.,258.,216.,10.5291010337
0.930086482477,Sample,13,7,36.,1,false,true,false,true,222.,186.,258.,216.,10.5291010345
0.930086482477,Sample,13,7,41.,1,false,true,false,true,222.,186.,258.,216.,10.5291010346
0.930086482477,Sample,13,7,46.,1,false,true,false,true,222.,186.,258.,216.,10.5291010346
0.930086482477,Sample,13,7,51.,1,false,true,false,true,222.,186.,258.,216.,10.5291010346
1.37784386424,Sample,13,6,1.,1,false,true,false,true,22.,22.,90.,76.,0.
1.37784386424,Sample,13,6,6.,1,false,true,false,true,110.,96.,106.,90.,12.4165648952
1.37784386424,Sample,13,6,11.,1,false,true,false,true,122.,98.,110.,94.,13.0318370176
1.37784386424,Sample,13,6,16.,1,false,true,false,true,122.,98.,110.,94.,13.0638912426
1.37784386424,Sample,13,6,21.,1,false,true,false,true,122.,98.,110.,94.,13.0656225415
1.37784386424,Sample,13,6,26.,1,false,true,false,true,122.,98.,110.,94.,13.065718667
1.37784386424,Sample,13,6,31.,1,false,true,false,true,122.,98.,110.,94.,13.0657241254
1.37784386424,Sample,13,6,36.,1,false,true,false,true,122.,98.,110.,94.,13.0657244414
1.37784386424,Sample,13,6,41.,1,false,true,false,true,122.,98.,110.,94.,13.06572446
1.37784386424,Sample,13,6,46.,1,false,true,false,true,122.,98.,110.,94.,13.0657244611
1.37784386424,Sample,13,6,51.,1,false,true,false,true,122.,98.,110.,94.,13.0657244611
0.988056255826,Voter,13,7,1.,1,false,true,false,true,24.,24.,64.,60.,0.
0.988056255826,Voter,13,7,6.,1,false,true,false,true,114.,96.,58.,52.,10.6921699219
0.988056255826,Voter,13,7,11.,1,false,true,false,true,114.,96.,58.,52.,10.9166311593
0.988056255826,Voter,13,7,16.,1,false,true,false,true,114.,96.,58.,52.,10.9217714518
0.988056255826,Voter,13,7,21.,1,false,true,false,true,114.,96.,58.,52.,10.9218960215
0.988056255826,Voter,13,7,26.,1,false,true,false,true,114.,96.,58.,52.,10.9218991705
0.988056255826,Voter,13,7,31.,1,false,true,false,true,114.,96.,58.,52.,10.9218992529
0.988056255826,Voter,13,7,36.,1,false,true,false,true,114.,96.,58.,52.,10.9218992551
0.988056255826,Voter,13,7,41.,1,false,true,false,true,114.,96.,58.,52.,10.9218992552
0.988056255826,Voter,13,7,46.,1,false,true,false,true,114.,96.,58.,52.,10.9218992552
0.988056255826,Voter,13,7,51.,1,false,true,false,true,114.,96.,58.,52.,10.9218992552
1.27654344754,Sample,13,3,1.,1,false,true,false,true,6.,6.,16.,16.,0.
1.27654344754,Sample,13,3,6.,1,false,true,false,true,18.,16.,8.,8.,12.0589027429
1.27654344754,Sample,13,3,11.,1,false,true,false,true,18.,16.,8.,8.,12.5564100347
1.27654344754,Sample,13,3,16.,1,false,true,false,true,18.,16.,8.,8.,12.5781402292
1.27654344754,Sample,13,3,21.,1,false,true,false,true,18.,16.,8.,8.,12.5791282466
1.27654344754,Sample,13,3,26.,1,false,true,false,true,18.,16.,8.,8.,12.5791745572
1.27654344754,Sample,13,3,31.,1,false,true,false,true,18.,16.,8.,8.,12.5791767823
1.27654344754,Sample,13,3,36.,1,false,true,false,true,18.,16.,8.,8.,12.5791768915
1.27654344754,Sample,13,3,41.,1,false,true,false,true,18.,16.,8.,8.,12.579176897
1.27654344754,Sample,13,3,46.,1,false,true,false,true,18.,16.,8.,8.,12.5791768973
1.27654344754,Sample,13,3,51.,1,false,true,false,true,18.,16.,8.,8.,12.5791768973
1.11026377865,Voter,13,7,1.,1,false,true,false,true,38.,34.,78.,68.,0.
1.11026377865,Voter,13,7,6.,1,false,true,false,true,102.,86.,62.,54.,11.3411110723
1.11026377865,Voter,13,7,11.,1,false,true,false,true,102.,86.,62.,54.,11.6687504304
1.11026377865,Voter,13,7,16.,1,false,true,false,true,102.,86.,62.,54.,11.6789222715
1.11026377865,Voter,13,7,21.,1,false,true,false,true,102.,86.,62.,54.,11.6792537696
1.11026377865,Voter,13,7,26.,1,false,true,false,true,102.,86.,62.,54.,11.6792649731
1.11026377865,Voter,13,7,31.,1,false,true,false,true,102.,86.,62.,54.,11.6792653632
1.11026377865,Voter,13,7,36.,1,false,true,false,true,102.,86.,62.,54.,11.6792653771
1.11026377865,Voter,13,7,41.,1,false,true,false,true,102.,86.,62.,54.,11.6792653776
1.11026377865,Voter,13,7,46.,1,false,true,false,true,102.,86.,62.,54.,11.6792653776
1.11026377865,Voter,13,7,51.,1,false,true,false,true,102.,86.,62.,54.,11.6792653776
1.37634579691,Voter,13,5,1.,1,false,true,false,true,28.,26.,50.,44.,0.
1.37634579691,Voter,13,5,6.,1,false,true,false,true,66.,60.,52.,46.,12.41166957
1.37634579691,Voter,13,5,11.,1,false,true,false,true,72.,62.,46.,42.,13.025131286
1.37634579691,Voter,13,5,16.,1,false,true,false,true,72.,62.,46.,42.,13.0570127013
1.37634579691,Voter,13,5,21.,1,false,true,false,true,72.,62.,46.,42.,13.0587305329
1.37634579691,Voter,13,5,26.,1,false,true,false,true,72.,62.,46.,42.,13.0588256853
1.37634579691,Voter,13,5,31.,1,false,true,false,true,72.,62.,46.,42.,13.0588310759
1.37634579691,Voter,13,5,36.,1,false,true,false,true,72.,62.,46.,42.,13.0588313872
1.37634579691,Voter,13,5,41.,1,false,true,false,true,72.,62.,46.,42.,13.0588314055
1.37634579691,Voter,13,5,46.,1,false,true,false,true,72.,62.,46.,42.,13.0588314066
1.37634579691,Voter,13,5,51.,1,false,true,false,true,72.,62.,46.,42.,13.0588314067
0.802188595897,Sample,13,5,1.,1,false,true,false,true,4.,4.,40.,32.,0.
0.802188595897,Sample,13,5,6.,1,false,true,false,true,36.,30.,16.,16.,9.46478965874
0.802188595897,Sample,13,5,11.,1,false,true,false,true,38.,32.,18.,18.,9.57171565586
0.802188595897,Sample,13,5,16.,1,false,true,false,true,38.,32.,18.,18.,9.57307806642
0.802188595897,Sample,13,5,21.,1,false,true,false,true,38.,32.,18.,18.,9.57309675849
0.802188595897,Sample,13,5,26.,1,false,true,false,true,38.,32.,18.,18.,9.57309702951
0.802188595897,Sample,13,5,31.,1,false,true,false,true,38.,32.,18.,18.,9.57309703362
0.802188595897,Sample,13,5,36.,1,false,true,false,true,38.,32.,18.,18.,9.57309703369
0.802188595897,Sample,13,5,41.,1,false,true,false,true,38.,32.,18.,18.,9.57309703369
0.802188595897,Sample,13,5,46.,1,false,true,false,true,38.,32.,18.,18.,9.57309703369
0.802188595897,Sample,13,5,51.,1,false,true,false,true,38.,32.,18.,18.,9.57309703369
0.835351452507,Sample,13,7,1.,1,false,true,false,true,60.,54.,122.,94.,0.
0.835351452507,Sample,13,7,6.,1,false,true,false,true,176.,144.,110.,94.,9.70764976923
0.835351452507,Sample,13,7,11.,1,false,true,false,true,176.,142.,110.,94.,9.8319653719
0.835351452507,Sample,13,7,16.,1,false,true,false,true,176.,142.,110.,94.,9.83374801341
0.835351452507,Sample,13,7,21.,1,false,true,false,true,176.,142.,110.,94.,9.83377543606
0.835351452507,Sample,13,7,26.,1,false,true,false,true,176.,142.,110.,94.,9.83377588061
0.835351452507,Sample,13,7,31.,1,false,true,false,true,176.,142.,110.,94.,9.83377588813
0.835351452507,Sample,13,7,36.,1,false,true,false,true,176.,142.,110.,94.,9.83377588827
0.835351452507,Sample,13,7,41.,1,false,true,false,true,176.,142.,110.,94.,9.83377588827
0.835351452507,Sample,13,7,46.,1,false,true,false,true,176.,142.,110.,94.,9.83377588827
0.835351452507,Sample,13,7,51.,1,false,true,false,true,176.,142.,110.,94.,9.83377588827
0.90637670832,Sample,13,4,1.,1,false,true,false,true,20.,20.,28.,26.,0.
0.90637670832,Sample,13,4,6.,1,false,true,false,true,46.,42.,30.,28.,10.1916820726
0.90637670832,Sample,13,4,11.,1,false,true,false,true,46.,42.,30.,28.,10.3584867333
0.90637670832,Sample,13,4,16.,1,false,true,false,true,46.,42.,30.,28.,10.3615029813
0.90637670832,Sample,13,4,21.,1,false,true,false,true,46.,42.,30.,28.,10.3615610853
0.90637670832,Sample,13,4,26.,1,false,true,false,true,46.,42.,30.,28.,10.3615622587
0.90637670832,Sample,13,4,31.,1,false,true,false,true,46.,42.,30.,28.,10.3615622833
0.90637670832,Sample,13,4,36.,1,false,true,false,true,46.,42.,30.,28.,10.3615622838
0.90637670832,Sample,13,4,41.,1,false,true,false,true,46.,42.,30.,28.,10.3615622838
0.90637670832,Sample,13,4,46.,1,false,true,false,true,46.,42.,30.,28.,10.3615622838
0.90637670832,Sample,13,4,51.,1,false,true,false,true,46.,42.,30.,28.,10.3615622838
1.1101853572,Sample,13,7,1.,1,false,true,false,true,46.,42.,102.,86.,0.
1.1101853572,Sample,13,7,6.,1,false,true,false,true,126.,112.,90.,88.,11.3407298799
1.1101853572,Sample,13,7,11.,1,false,true,false,true,130.,114.,94.,90.,11.6682968197
1.1101853572,Sample,13,7,16.,1,false,true,false,true,130.,114.,94.,90.,11.6784645915
1.1101853572,Sample,13,7,21.,1,false,true,false,true,130.,114.,94.,90.,11.6787958992
1.1101853572,Sample,13,7,26.,1,false,true,false,true,130.,114.,94.,90.,11.6788070943
1.1101853572,Sample,13,7,31.,1,false,true,false,true,130.,114.,94.,90.,11.678807484
1.1101853572,Sample,13,7,36.,1,false,true,false,true,130.,114.,94.,90.,11.6788074979
1.1101853572,Sample,13,7,41.,1,false,true,false,true,130.,114.,94.,90.,11.6788074984
1.1101853572,Sample,13,7,46.,1,false,true,false,true,130.,114.,94.,90.,11.6788074985
1.1101853572,Sample,13,7,51.,1,false,true,false,true,130.,114.,94.,90.,11.6788074985
1.0982390555,Voter,13,5,1.,1,false,true,false,true,14.,14.,20.,18.,0.
1.0982390555,Voter,13,5,6.,1,false,true,false,true,44.,42.,18.,18.,11.2821563914
1.0982390555,Voter,13,5,11.,1,false,true,false,true,44.,42.,18.,18.,11.5987817694
1.0982390555,Voter,13,5,16.,1,false,true,false,true,44.,42.,18.,18.,11.608343272
1.0982390555,Voter,13,5,21.,1,false,true,false,true,44.,42.,18.,18.,11.6086465862
1.0982390555,Voter,13,5,26.,1,false,true,false,true,44.,42.,18.,18.,11.6086565694
1.0982390555,Voter,13,5,31.,1,false,true,false,true,44.,42.,18.,18.,11.608656908
1.0982390555,Voter,13,5,36.,1,false,true,false,true,44.,42.,18.,18.,11.6086569198
1.0982390555,Voter,13,5,41.,1,false,true,false,true,44.,42.,18.,18.,11.6086569203
1.0982390555,Voter,13,5,46.,1,false,true,false,true,44.,42.,18.,18.,11.6086569203
1.0982390555,Voter,13,5,51.,1,false,true,false,true,44.,42.,18.,18.,11.6086569203
0.9755055441,Sample,13,5,1.,1,false,true,false,true,38.,36.,90.,72.,0.
0.9755055441,Sample,13,5,6.,1,false,true,false,true,92.,78.,100.,82.,10.6189424124
0.9755055441,Sample,13,5,11.,1,false,true,false,true,94.,78.,98.,82.,10.8339405859
0.9755055441,Sample,13,5,16.,1,false,true,false,true,94.,78.,98.,82.,10.8386976422
0.9755055441,Sample,13,5,21.,1,false,true,false,true,94.,78.,98.,82.,10.8388091312
0.9755055441,Sample,13,5,26.,1,false,true,false,true,94.,78.,98.,82.,10.8388118586
0.9755055441,Sample,13,5,31.,1,false,true,false,true,94.,78.,98.,82.,10.8388119278
0.9755055441,Sample,13,5,36.,1,false,true,false,true,94.,78.,98.,82.,10.8388119296
0.9755055441,Sample,13,5,41.,1,false,true,false,true,94.,78.,98.,82.,10.8388119296
0.9755055441,Sample,13,5,46.,1,false,true,false,true,94.,78.,98.,82.,10.8388119296
0.9755055441,Sample,13,5,51.,1,false,true,false,true,94.,78.,98.,82.,10.8388119296
1.03870479959,Sample,13,7,1.,1,false,true,false,true,60.,58.,128.,106.,0.
1.03870479959,Sample,13,7,6.,1,false,true,false,true,172.,142.,136.,120.,10.9748548835
1.03870479959,Sample,13,7,11.,1,false,true,false,true,174.,142.,138.,120.,11.2396839454
1.03870479959,Sample,13,7,16.,1,false,true,false,true,174.,142.,138.,120.,11.246608378
1.03870479959,Sample,13,7,21.,1,false,true,false,true,174.,142.,138.,120.,11.2467992864
1.03870479959,Sample,13,7,26.,1,false,true,false,true,174.,142.,138.,120.,11.2468047623
1.03870479959,Sample,13,7,31.,1,false,true,false,true,174.,142.,138.,120.,11.2468049246
1.03870479959,Sample,13,7,36.,1,false,true,false,true,174.,142.,138.,120.,11.2468049295
1.03870479959,Sample,13,7,41.,1,false,true,false,true,174.,142.,138.,120.,11.2468049297
1.03870479959,Sample,13,7,46.,1,false,true,false,true,174.,142.,138.,120.,11.2468049297
1.03870479959,Sample,13,7,51.,1,false,true,false,true,174.,142.,138.,120.,11.2468049297
1.23042406437,Voter,13,6,1.,1,false,true,false,true,36.,36.,80.,66.,0.
1.23042406437,Voter,13,6,6.,1,false,true,false,true,128.,110.,92.,82.,11.8770706671
1.23042406437,Voter,13,6,11.,1,false,true,false,true,132.,112.,92.,82.,12.3243454833
1.23042406437,Voter,13,6,16.,1,false,true,false,true,132.,112.,92.,82.,12.3422431483
1.23042406437,Voter,13,6,21.,1,false,true,false,true,132.,112.,92.,82.,12.3429902193
1.23042406437,Voter,13,6,26.,1,false,true,false,true,132.,112.,92.,82.,12.3430224136
1.23042406437,Voter,13,6,31.,1,false,true,false,true,132.,112.,92.,82.,12.3430238375
1.23042406437,Voter,13,6,36.,1,false,true,false,true,132.,112.,92.,82.,12.3430239019
1.23042406437,Voter,13,6,41.,1,false,true,false,true,132.,112.,92.,82.,12.3430239049
1.23042406437,Voter,13,6,46.,1,false,true,false,true,132.,112.,92.,82.,12.343023905
1.23042406437,Voter,13,6,51.,1,false,true,false,true,132.,112.,92.,82.,12.343023905
1.11210077067,Voter,13,6,1.,1,false,true,false,true,26.,26.,70.,54.,0.
1.11210077067,Voter,13,6,6.,1,false,true,false,true,84.,76.,84.,66.,11.3500280643
1.11210077067,Voter,13,6,11.,1,false,true,false,true,86.,76.,82.,66.,11.679365992
1.11210077067,Voter,13,6,16.,1,false,true,false,true,88.,76.,84.,68.,11.6896334935
1.11210077067,Voter,13,6,21.,1,false,true,false,true,88.,76.,84.,68.,11.689969478
1.11210077067,Voter,13,6,26.,1,false,true,false,true,88.,76.,84.,68.,11.6899808788
1.11210077067,Voter,13,6,31.,1,false,true,false,true,88.,76.,84.,68.,11.6899812772
1.11210077067,Voter,13,6,36.,1,false,true,false,true,88.,76.,84.,68.,11.6899812915
1.11210077067,Voter,13,6,41.,1,false,true,false,true,88.,76.,84.,68.,11.6899812921
1.11210077067,Voter,13,6,46.,1,false,true,false,true,88.,76.,84.,68.,11.6899812921
1.11210077067,Voter,13,6,51.,1,false,true,false,true,88.,76.,84.,68.,11.6899812921
0.83758668734,Voter,13,5,1.,1,false,true,false,true,12.,12.,24.,22.,0.
0.83758668734,Voter,13,5,6.,1,false,true,false,true,40.,36.,12.,12.,9.72362118373
0.83758668734,Voter,13,5,11.,1,false,true,false,true,40.,36.,12.,12.,9.84916484428
0.83758668734,Voter,13,5,16.,1,false,true,false,true,40.,36.,12.,12.,9.85097905492
0.83758668734,Voter,13,5,21.,1,false,true,false,true,40.,36.,12.,12.,9.85100717288
0.83758668734,Voter,13,5,26.,1,false,true,false,true,40.,36.,12.,12.,9.85100763204
0.83758668734,Voter,13,5,31.,1,false,true,false,true,40.,36.,12.,12.,9.85100763987
0.83758668734,Voter,13,5,36.,1,false,true,false,true,40.,36.,12.,12.,9.85100764
0.83758668734,Voter,13,5,41.,1,false,true,false,true,40.,36.,12.,12.,9.85100764001
0.83758668734,Voter,13,5,46.,1,false,true,false,true,40.,36.,12.,12.,9.85100764001
0.83758668734,Voter,13,5,51.,1,false,true,false,true,40.,36.,12.,12.,9.85100764001
1.29879849644,Sample,13,4,1.,1,false,true,false,true,8.,6.,26.,22.,0.
1.29879849644,Sample,13,4,6.,1,false,true,false,true,32.,26.,14.,14.,12.1422595447
1.29879849644,Sample,13,4,11.,1,false,true,false,true,32.,26.,14.,14.,12.6647940296
1.29879849644,Sample,13,4,16.,1,false,true,false,true,32.,26.,14.,14.,12.6885617957
1.29879849644,Sample,13,4,21.,1,false,true,false,true,32.,26.,14.,14.,12.6896861035
1.29879849644,Sample,13,4,26.,1,false,true,false,true,32.,26.,14.,14.,12.6897408942
1.29879849644,Sample,13,4,31.,1,false,true,false,true,32.,26.,14.,14.,12.6897436298
1.29879849644,Sample,13,4,36.,1,false,true,false,true,32.,26.,14.,14.,12.6897437693
1.29879849644,Sample,13,4,41.,1,false,true,false,true,32.,26.,14.,14.,12.6897437765
1.29879849644,Sample,13,4,46.,1,false,true,false,true,32.,26.,14.,14.,12.6897437769
1.29879849644,Sample,13,4,51.,1,false,true,false,true,32.,26.,14.,14.,12.6897437769
0.902074790122,Voter,13,4,1.,1,false,true,false,true,6.,6.,22.,20.,0.
0.902074790122,Voter,13,4,6.,1,false,true,false,true,30.,28.,14.,14.,10.1637050163
0.902074790122,Voter,13,4,11.,1,false,true,false,true,30.,28.,14.,14.,10.3277326098
0.902074790122,Voter,13,4,16.,1,false,true,false,true,30.,28.,14.,14.,10.3306594681
0.902074790122,Voter,13,4,21.,1,false,true,false,true,30.,28.,14.,14.,10.3307151271
0.902074790122,Voter,13,4,26.,1,false,true,false,true,30.,28.,14.,14.,10.330716237
0.902074790122,Voter,13,4,31.,1,false,true,false,true,30.,28.,14.,14.,10.33071626
0.902074790122,Voter,13,4,36.,1,false,true,false,true,30.,28.,14.,14.,10.3307162605
0.902074790122,Voter,13,4,41.,1,false,true,false,true,30.,28.,14.,14.,10.3307162605
0.902074790122,Voter,13,4,46.,1,false,true,false,true,30.,28.,14.,14.,10.3307162605
0.902074790122,Voter,13,4,51.,1,false,true,false,true,30.,28.,14.,14.,10.3307162605
1.38159896377,Voter,13,7,1.,1,false,true,false,true,26.,26.,96.,80.,0.
1.38159896377,Voter,13,7,6.,1,false,true,false,true,144.,114.,106.,88.,12.4287858478
1.38159896377,Voter,13,7,11.,1,false,true,false,true,144.,116.,102.,86.,13.0486045418
1.38159896377,Voter,13,7,16.,1,false,true,false,true,144.,116.,102.,86.,13.0810946854
1.38159896377,Voter,13,7,21.,1,false,true,false,true,144.,116.,102.,86.,13.0828601014
1.38159896377,Voter,13,7,26.,1,false,true,false,true,144.,116.,102.,86.,13.0829587021
1.38159896377,Voter,13,7,31.,1,false,true,false,true,144.,116.,102.,86.,13.0829643338
1.38159896377,Voter,13,7,36.,1,false,true,false,true,144.,116.,102.,86.,13.0829646617
1.38159896377,Voter,13,7,41.,1,false,true,false,true,144.,116.,102.,86.,13.0829646811
1.38159896377,Voter,13,7,46.,1,false,true,false,true,144.,116.,102.,86.,13.0829646823
1.38159896377,Voter,13,7,51.,1,false,true,false,true,144.,116.,102.,86.,13.0829646823
0.881558178959,Sample,13,3,1.,1,false,true,false,true,6.,6.,8.,8.,0.
0.881558178959,Sample,13,3,6.,1,false,true,false,true,16.,16.,2.,2.,10.0279477284
0.881558178959,Sample,13,3,11.,1,false,true,false,true,16.,16.,2.,2.,10.1790916213
0.881558178959,Sample,13,3,16.,1,false,true,false,true,16.,16.,2.,2.,10.1816196457
0.881558178959,Sample,13,3,21.,1,false,true,false,true,16.,16.,2.,2.,10.1816647948
0.881558178959,Sample,13,3,26.,1,false,true,false,true,16.,16.,2.,2.,10.1816656415
0.881558178959,Sample,13,3,31.,1,false,true,false,true,16.,16.,2.,2.,10.1816656581
0.881558178959,Sample,13,3,36.,1,false,true,false,true,16.,16.,2.,2.,10.1816656584
0.881558178959,Sample,13,3,41.,1,false,true,false,true,16.,16.,2.,2.,10.1816656584
0.881558178959,Sample,13,3,46.,1,false,true,false,true,16.,16.,2.,2.,10.1816656584
0.881558178959,Sample,13,3,51.,1,false,true,false,true,16.,16.,2.,2.,10.1816656584
1.37377550197,Voter,13,3,1.,1,false,true,false,true,0.,0.,6.,6.,0.
1.37377550197,Voter,13,3,6.,1,false,true,false,true,6.,6.,0.,0.,12.403243973
1.37377550197,Voter,13,3,11.,1,false,true,false,true,6.,6.,0.,0.,13.013604057
1.37377550197,Voter,13,3,16.,1,false,true,false,true,6.,6.,0.,0.,13.045190429
1.37377550197,Voter,13,3,21.,1,false,true,false,true,6.,6.,0.,0.,13.0468853435
1.37377550197,Voter,13,3,26.,1,false,true,false,true,6.,6.,0.,0.,13.0469788456
1.37377550197,Voter,13,3,31.,1,false,true,false,true,6.,6.,0.,0.,13.0469841214
1.37377550197,Voter,13,3,36.,1,false,true,false,true,6.,6.,0.,0.,13.0469844249
1.37377550197,Voter,13,3,41.,1,false,true,false,true,6.,6.,0.,0.,13.0469844427
1.37377550197,Voter,13,3,46.,1,false,true,false,true,6.,6.,0.,0.,13.0469844437
1.37377550197,Voter,13,3,51.,1,false,true,false,true,6.,6.,0.,0.,13.0469844438
1.11833199171,Voter,13,7,1.,1,false,true,false,true,22.,22.,90.,76.,0.
1.11833199171,Voter,13,7,6.,1,false,true,false,true,88.,80.,40.,38.,11.3801001586
1.11833199171,Voter,13,7,11.,1,false,true,false,true,90.,82.,38.,36.,11.7152311306
1.11833199171,Voter,13,7,16.,1,false,true,false,true,90.,82.,38.,36.,11.7258279622
1.11833199171,Voter,13,7,21.,1,false,true,false,true,90.,82.,38.,36.,11.7261795328
1.11833199171,Voter,13,7,26.,1,false,true,false,true,90.,82.,38.,36.,11.7261916247
1.11833199171,Voter,13,7,31.,1,false,true,false,true,90.,82.,38.,36.,11.726192053
1.11833199171,Voter,13,7,36.,1,false,true,false,true,90.,82.,38.,36.,11.7261920686
1.11833199171,Voter,13,7,41.,1,false,true,false,true,90.,82.,38.,36.,11.7261920692
1.11833199171,Voter,13,7,46.,1,false,true,false,true,90.,82.,38.,36.,11.7261920692
1.11833199171,Voter,13,7,51.,1,false,true,false,true,90.,82.,38.,36.,11.7261920692
1.31974182422,Voter,13,4,1.,1,false,true,false,true,18.,18.,26.,24.,0.
1.31974182422,Voter,13,4,6.,1,false,true,false,true,44.,38.,28.,28.,12.2181873376
1.31974182422,Voter,13,4,11.,1,false,true,false,true,44.,38.,28.,28.,12.7647218263
1.31974182422,Voter,13,4,16.,1,false,true,false,true,44.,38.,28.,28.,12.790523116
1.31974182422,Voter,13,4,21.,1,false,true,false,true,44.,38.,28.,28.,12.7917887643
1.31974182422,Voter,13,4,26.,1,false,true,false,true,44.,38.,28.,28.,12.7918526858
1.31974182422,Voter,13,4,31.,1,false,true,false,true,44.,38.,28.,28.,12.7918559918
1.31974182422,Voter,13,4,36.,1,false,true,false,true,44.,38.,28.,28.,12.7918561663
1.31974182422,Voter,13,4,41.,1,false,true,false,true,44.,38.,28.,28.,12.7918561756
1.31974182422,Voter,13,4,46.,1,false,true,false,true,44.,38.,28.,28.,12.7918561761
1.31974182422,Voter,13,4,51.,1,false,true,false,true,44.,38.,28.,28.,12.7918561762
1.37968965864,Voter,13,4,1.,1,false,true,false,true,8.,8.,44.,36.,0.
1.37968965864,Voter,13,4,6.,1,false,true,false,true,36.,32.,28.,28.,12.4225809113
1.37968965864,Voter,13,4,11.,1,false,true,false,true,36.,32.,28.,28.,13.0400863458
1.37968965864,Voter,13,4,16.,1,false,true,false,true,36.,32.,28.,28.,13.0723543523
1.37968965864,Voter,13,4,21.,1,false,true,false,true,36.,32.,28.,28.,13.0741023567
1.37968965864,Voter,13,4,26.,1,false,true,false,true,36.,32.,28.,28.,13.0741996923
1.37968965864,Voter,13,4,31.,1,false,true,false,true,36.,32.,28.,28.,13.0742052354
1.37968965864,Voter,13,4,36.,1,false,true,false,true,36.,32.,28.,28.,13.0742055571
1.37968965864,Voter,13,4,41.,1,false,true,false,true,36.,32.,28.,28.,13.0742055761
1.37968965864,Voter,13,4,46.,1,false,true,false,true,36.,32.,28.,28.,13.0742055773
1.37968965864,Voter,13,4,51.,1,false,true,false,true,36.,32.,28.,28.,13.0742055773
0.882033108173,Voter,13,7,1.,1,false,true,false,true,58.,50.,58.,52.,0.
0.882033108173,Voter,13,7,6.,1,false,true,false,true,110.,92.,46.,44.,10.0311343201
0.882033108173,Voter,13,7,11.,1,false,true,false,true,110.,92.,46.,44.,10.1825697028
0.882033108173,Voter,13,7,16.,1,false,true,false,true,110.,92.,46.,44.,10.1851064604
0.882033108173,Voter,13,7,21.,1,false,true,false,true,110.,92.,46.,44.,10.1851518324
0.882033108173,Voter,13,7,26.,1,false,true,false,true,110.,92.,46.,44.,10.1851526846
0.882033108173,Voter,13,7,31.,1,false,true,false,true,110.,92.,46.,44.,10.1851527012
0.882033108173,Voter,13,7,36.,1,false,true,false,true,110.,92.,46.,44.,10.1851527016
0.882033108173,Voter,13,7,41.,1,false,true,false,true,110.,92.,46.,44.,10.1851527016
0.882033108173,Voter,13,7,46.,1,false,true,false,true,110.,92.,46.,44.,10.1851527016
0.882033108173,Voter,13,7,51.,1,false,true,false,true,110.,92.,46.,44.,10.1851527016
0.863135158981,Voter,13,5,1.,1,false,true,false,true,34.,30.,52.,46.,0.
0.863135158981,Voter,13,5,6.,1,false,true,false,true,76.,64.,70.,64.,9.90269909479
0.863135158981,Voter,13,5,11.,1,false,true,false,true,76.,64.,70.,64.,10.0427829213
0.863135158981,Voter,13,5,16.,1,false,true,false,true,76.,64.,70.,64.,10.0449895959
0.863135158981,Voter,13,5,21.,1,false,true,false,true,76.,64.,70.,64.,10.045026779
0.863135158981,Voter,13,5,26.,1,false,true,false,true,76.,64.,70.,64.,10.0450274379
0.863135158981,Voter,13,5,31.,1,false,true,false,true,76.,64.,70.,64.,10.04502745
0.863135158981,Voter,13,5,36.,1,false,true,false,true,76.,64.,70.,64.,10.0450274503
0.863135158981,Voter,13,5,41.,1,false,true,false,true,76.,64.,70.,64.,10.0450274503
0.863135158981,Voter,13,5,46.,1,false,true,false,true,76.,64.,70.,64.,10.0450274503
0.863135158981,Voter,13,5,51.,1,false,true,false,true,76.,64.,70.,64.,10.0450274503
1.03702248485,Sample,13,5,1.,1,false,true,false,true,70.,58.,104.,86.,0.
1.03702248485,Sample,13,5,6.,1,false,true,false,true,128.,102.,142.,114.,10.9657870343
1.03702248485,Sample,13,5,11.,1,false,true,false,true,130.,104.,140.,114.,11.2292198722
1.03702248485,Sample,13,5,16.,1,false,true,false,true,130.,104.,140.,114.,11.236078595
1.03702248485,Sample,13,5,21.,1,false,true,false,true,130.,104.,140.,114.,11.2362669113
1.03702248485,Sample,13,5,26.,1,false,true,false,true,130.,104.,140.,114.,11.2362722911
1.03702248485,Sample,13,5,31.,1,false,true,false,true,130.,104.,140.,114.,11.2362724498
1.03702248485,Sample,13,5,36.,1,false,true,false,true,130.,104.,140.,114.,11.2362724547
1.03702248485,Sample,13,5,41.,1,false,true,false,true,130.,104.,140.,114.,11.2362724548
1.03702248485,Sample,13,5,46.,1,false,true,false,true,130.,104.,140.,114.,11.2362724548
1.03702248485,Sample,13,5,51.,1,false,true,false,true,130.,104.,140.,114.,11.2362724548
0.917152615994,Sample,13,5,1.,1,false,true,false,true,32.,32.,48.,46.,0.
0.917152615994,Sample,13,5,6.,1,false,true,false,true,66.,60.,58.,58.,10.2610299644
0.917152615994,Sample,13,5,11.,1,false,true,false,true,70.,64.,62.,62.,10.4349057488
0.917152615994,Sample,13,5,16.,1,false,true,false,true,72.,66.,60.,60.,10.4381550438
0.917152615994,Sample,13,5,21.,1,false,true,false,true,72.,66.,60.,60.,10.4382196693
0.917152615994,Sample,13,5,26.,1,false,true,false,true,72.,66.,60.,60.,10.4382210158
0.917152615994,Sample,13,5,31.,1,false,true,false,true,72.,66.,60.,60.,10.4382210449
0.917152615994,Sample,13,5,36.,1,false,true,false,true,72.,66.,60.,60.,10.4382210456
0.917152615994,Sample,13,5,41.,1,false,true,false,true,72.,66.,60.,60.,10.4382210456
0.917152615994,Sample,13,5,46.,1,false,true,false,true,72.,66.,60.,60.,10.4382210456
0.917152615994,Sample,13,5,51.,1,false,true,false,true,72.,66.,60.,60.,10.4382210456
1.3826312519,Voter,13,7,1.,1,false,true,false,true,26.,26.,92.,76.,0.
1.3826312519,Voter,13,7,6.,1,false,true,false,true,106.,94.,64.,62.,12.432132976
1.3826312519,Voter,13,7,11.,1,false,true,false,true,108.,96.,66.,64.,13.0532036711
1.3826312519,Voter,13,7,16.,1,false,true,false,true,108.,96.,66.,64.,13.08581434
1.3826312519,Voter,13,7,21.,1,false,true,false,true,108.,96.,66.,64.,13.0875892254
1.3826312519,Voter,13,7,26.,1,false,true,false,true,108.,96.,66.,64.,13.0876885158
1.3826312519,Voter,13,7,31.,1,false,true,false,true,108.,96.,66.,64.,13.0876941959
1.3826312519,Voter,13,7,36.,1,false,true,false,true,108.,96.,66.,64.,13.0876945272
1.3826312519,Voter,13,7,41.,1,false,true,false,true,108.,96.,66.,64.,13.0876945468
1.3826312519,Voter,13,7,46.,1,false,true,false,true,108.,96.,66.,64.,13.087694548
1.3826312519,Voter,13,7,51.,1,false,true,false,true,108.,96.,66.,64.,13.0876945481
1.05963871695,Sample,13,4,1.,1,false,true,false,true,12.,10.,22.,20.,0.
1.05963871695,Sample,13,4,6.,1,false,true,false,true,30.,26.,12.,12.,11.0858966248
1.05963871695,Sample,13,4,11.,1,false,true,false,true,30.,26.,12.,12.,11.3684127594
1.05963871695,Sample,13,4,16.,1,false,true,false,true,30.,26.,12.,12.,11.3761941498
1.05963871695,Sample,13,4,21.,1,false,true,false,true,30.,26.,12.,12.,11.3764198313
1.05963871695,Sample,13,4,26.,1,false,true,false,true,30.,26.,12.,12.,11.3764266343
1.05963871695,Sample,13,4,31.,1,false,true,false,true,30.,26.,12.,12.,11.3764268459
1.05963871695,Sample,13,4,36.,1,false,true,false,true,30.,26.,12.,12.,11.3764268527
1.05963871695,Sample,13,4,41.,1,false,true,false,true,30.,26.,12.,12.,11.3764268529
1.05963871695,Sample,13,4,46.,1,false,true,false,true,30.,26.,12.,12.,11.3764268529
1.05963871695,Sample,13,4,51.,1,false,true,false,true,30.,26.,12.,12.,11.3764268529
1.16313562442,Sample,13,7,1.,1,false,true,false,true,24.,24.,70.,56.,0.
1.16313562442,Sample,13,7,6.,1,false,true,false,true,114.,90.,72.,60.,11.5885328026
1.16313562442,Sample,13,7,11.,1,false,true,false,true,118.,94.,76.,64.,11.9667182595
1.16313562442,Sample,13,7,16.,1,false,true,false,true,118.,94.,76.,64.,11.9799109149
1.16313562442,Sample,13,7,21.,1,false,true,false,true,118.,94.,76.,64.,11.9803925982
1.16313562442,Sample,13,7,26.,1,false,true,false,true,118.,94.,76.,64.,11.9804107983
1.16313562442,Sample,13,7,31.,1,false,true,false,true,118.,94.,76.,64.,11.9804115055
1.16313562442,Sample,13,7,36.,1,false,true,false,true,118.,94.,76.,64.,11.9804115336
1.16313562442,Sample,13,7,41.,1,false,true,false,true,118.,94.,76.,64.,11.9804115347
1.16313562442,Sample,13,7,46.,1,false,true,false,true,118.,94.,76.,64.,11.9804115348
1.16313562442,Sample,13,7,51.,1,false,true,false,true,118.,94.,76.,64.,11.9804115348
1.14801433625,Sample,13,6,1.,1,false,true,false,true,60.,50.,110.,98.,0.
1.14801433625,Sample,13,6,6.,1,false,true,false,true,158.,126.,172.,134.,11.5196935303
1.14801433625,Sample,13,6,11.,1,false,true,false,true,162.,130.,176.,138.,11.8830763431
1.14801433625,Sample,13,6,16.,1,false,true,false,true,162.,130.,176.,138.,11.895347164
1.14801433625,Sample,13,6,21.,1,false,true,false,true,162.,130.,176.,138.,11.8957812114
1.14801433625,Sample,13,6,26.,1,false,true,false,true,162.,130.,176.,138.,11.8957971091
1.14801433625,Sample,13,6,31.,1,false,true,false,true,162.,130.,176.,138.,11.8957977081
1.14801433625,Sample,13,6,36.,1,false,true,false,true,162.,130.,176.,138.,11.8957977313
1.14801433625,Sample,13,6,41.,1,false,true,false,true,162.,130.,176.,138.,11.8957977322
1.14801433625,Sample,13,6,46.,1,false,true,false,true,162.,130.,176.,138.,11.8957977322
1.14801433625,Sample,13,6,51.,1,false,true,false,true,162.,130.,176.,138.,11.8957977322
1.28201852019,Sample,13,7,1.,1,false,true,false,true,66.,58.,194.,148.,0.
1.28201852019,Sample,13,7,6.,1,false,true,false,true,186.,150.,186.,144.,12.0796691313
1.28201852019,Sample,13,7,11.,1,false,true,false,true,192.,154.,192.,148.,12.5832871263
1.28201852019,Sample,13,7,16.,1,false,true,false,true,192.,154.,192.,148.,12.605506984
1.28201852019,Sample,13,7,21.,1,false,true,false,true,192.,154.,192.,148.,12.6065272538
1.28201852019,Sample,13,7,26.,1,false,true,false,true,192.,154.,192.,148.,12.6065755409
1.28201852019,Sample,13,7,31.,1,false,true,false,true,192.,154.,192.,148.,12.6065778832
1.28201852019,Sample,13,7,36.,1,false,true,false,true,192.,154.,192.,148.,12.6065779993
1.28201852019,Sample,13,7,41.,1,false,true,false,true,192.,154.,192.,148.,12.6065780051
1.28201852019,Sample,13,7,46.,1,false,true,false,true,192.,154.,192.,148.,12.6065780054
1.28201852019,Sample,13,7,51.,1,false,true,false,true,192.,154.,192.,148.,12.6065780054
1.09303324015,Voter,13,6,1.,1,false,true,false,true,44.,36.,58.,50.,0.
1.09303324015,Voter,13,6,6.,1,false,true,false,true,74.,60.,60.,50.,11.2563160049
1.09303324015,Voter,13,6,11.,1,false,true,false,true,74.,60.,60.,50.,11.5682297953
1.09303324015,Voter,13,6,16.,1,false,true,false,true,74.,60.,60.,50.,11.5775354821
1.09303324015,Voter,13,6,21.,1,false,true,false,true,74.,60.,60.,50.,11.5778272141
1.09303324015,Voter,13,6,26.,1,false,true,false,true,74.,60.,60.,50.,11.5778367055
1.09303324015,Voter,13,6,31.,1,false,true,false,true,74.,60.,60.,50.,11.5778370238
1.09303324015,Voter,13,6,36.,1,false,true,false,true,74.,60.,60.,50.,11.5778370347
1.09303324015,Voter,13,6,41.,1,false,true,false,true,74.,60.,60.,50.,11.5778370351
1.09303324015,Voter,13,6,46.,1,false,true,false,true,74.,60.,60.,50.,11.5778370351
1.09303324015,Voter,13,6,51.,1,false,true,false,true,74.,60.,60.,50.,11.5778370351
0.870589375764,Voter,13,4,1.,1,false,true,false,true,8.,8.,18.,16.,0.
0.870589375764,Voter,13,4,6.,1,false,true,false,true,24.,22.,14.,14.,9.95376291135
0.870589375764,Voter,13,4,11.,1,false,true,false,true,24.,22.,14.,14.,10.098263747
0.870589375764,Voter,13,4,16.,1,false,true,false,true,24.,22.,14.,14.,10.1005964106
0.870589375764,Voter,13,4,21.,1,false,true,false,true,24.,22.,14.,14.,10.1006366611
0.870589375764,Voter,13,4,26.,1,false,true,false,true,24.,22.,14.,14.,10.100637391
0.870589375764,Voter,13,4,31.,1,false,true,false,true,24.,22.,14.,14.,10.1006374048
0.870589375764,Voter,13,4,36.,1,false,true,false,true,24.,22.,14.,14.,10.100637405
0.870589375764,Voter,13,4,41.,1,false,true,false,true,24.,22.,14.,14.,10.1006374051
0.870589375764,Voter,13,4,46.,1,false,true,false,true,24.,22.,14.,14.,10.1006374051
0.870589375764,Voter,13,4,51.,1,false,true,false,true,24.,22.,14.,14.,10.1006374051
1.15149867342,Sample,13,4,1.,1,false,true,false,true,12.,12.,28.,28.,0.
1.15149867342,Sample,13,4,6.,1,false,true,false,true,30.,28.,26.,24.,11.5356901887
1.15149867342,Sample,13,4,11.,1,false,true,false,true,32.,28.,28.,26.,11.9024596589
1.15149867342,Sample,13,4,16.,1,false,true,false,true,32.,28.,28.,26.,11.9149386788
1.15149867342,Sample,13,4,21.,1,false,true,false,true,32.,28.,28.,26.,11.9153833511
1.15149867342,Sample,13,4,26.,1,false,true,false,true,32.,28.,28.,26.,11.915399756
1.15149867342,Sample,13,4,31.,1,false,true,false,true,32.,28.,28.,26.,11.9154003786
1.15149867342,Sample,13,4,36.,1,false,true,false,true,32.,28.,28.,26.,11.9154004028
1.15149867342,Sample,13,4,41.,1,false,true,false,true,32.,28.,28.,26.,11.9154004038
1.15149867342,Sample,13,4,46.,1,false,true,false,true,32.,28.,28.,26.,11.9154004038
1.15149867342,Sample,13,4,51.,1,false,true,false,true,32.,28.,28.,26.,11.9154004038
1.08840447676,Voter,13,5,1.,1,false,true,false,true,6.,6.,46.,40.,0.
1.08840447676,Voter,13,5,6.,1,false,true,false,true,40.,38.,32.,28.,11.2331774434
1.08840447676,Voter,13,5,11.,1,false,true,false,true,40.,38.,32.,28.,11.5409308565
1.08840447676,Voter,13,5,16.,1,false,true,false,true,40.,38.,32.,28.,11.550013291
1.08840447676,Voter,13,5,21.,1,false,true,false,true,40.,38.,32.,28.,11.5502950287
1.08840447676,Voter,13,5,26.,1,false,true,false,true,40.,38.,32.,28.,11.5503041004
1.08840447676,Voter,13,5,31.,1,false,true,false,true,40.,38.,32.,28.,11.5503044015
1.08840447676,Voter,13,5,36.,1,false,true,false,true,40.,38.,32.,28.,11.5503044118
1.08840447676,Voter,13,5,41.,1,false,true,false,true,40.,38.,32.,28.,11.5503044121
1.08840447676,Voter,13,5,46.,1,false,true,false,true,40.,38.,32.,28.,11.5503044121
1.08840447676,Voter,13,5,51.,1,false,true,false,true,40.,38.,32.,28.,11.5503044121
1.35033513769,Voter,13,4,1.,1,false,true,false,true,6.,6.,20.,20.,0.
1.35033513769,Voter,13,4,6.,1,false,true,false,true,24.,20.,10.,10.,12.324843351
1.35033513769,Voter,13,4,11.,1,false,true,false,true,24.,20.,10.,10.,12.907187348
1.35033513769,Voter,13,4,16.,1,false,true,false,true,24.,20.,10.,10.,12.9361670451
1.35033513769,Voter,13,4,21.,1,false,true,false,true,24.,20.,10.,10.,12.9376637261
1.35033513769,Voter,13,4,26.,1,false,true,false,true,24.,20.,10.,10.,12.937743243
1.35033513769,Voter,13,4,31.,1,false,true,false,true,24.,20.,10.,10.,12.9377475662
1.35033513769,Voter,13,4,36.,1,false,true,false,true,24.,20.,10.,10.,12.9377478059
1.35033513769,Voter,13,4,41.,1,false,true,false,true,24.,20.,10.,10.,12.9377478194
1.35033513769,Voter,13,4,46.,1,false,true,false,true,24.,20.,10.,10.,12.9377478202
1.35033513769,Voter,13,4,51.,1,false,true,false,true,24.,20.,10.,10.,12.9377478202
0.841236119342,Voter,13,4,1.,1,false,true,false,true,12.,12.,34.,28.,0.
0.841236119342,Voter,13,4,6.,1,false,true,false,true,30.,30.,28.,24.,9.74959135023
0.841236119342,Voter,13,4,11.,1,false,true,false,true,30.,30.,28.,24.,9.87715526692
0.841236119342,Voter,13,4,16.,1,false,true,false,true,30.,30.,28.,24.,9.87902194919
0.841236119342,Voter,13,4,21.,1,false,true,false,true,30.,30.,28.,24.,9.87905123435
0.841236119342,Voter,13,4,26.,1,false,true,false,true,30.,30.,28.,24.,9.87905171829
0.841236119342,Voter,13,4,31.,1,false,true,false,true,30.,30.,28.,24.,9.87905172663
0.841236119342,Voter,13,4,36.,1,false,true,false,true,30.,30.,28.,24.,9.87905172678
0.841236119342,Voter,13,4,41.,1,false,true,false,true,30.,30.,28.,24.,9.87905172679
0.841236119342,Voter,13,4,46.,1,false,true,false,true,30.,30.,28.,24.,9.87905172679
0.841236119342,Voter,13,4,51.,1,false,true,false,true,30.,30.,28.,24.,9.87905172679
1.23273030817,Sample,13,4,1.,1,false,true,false,true,14.,14.,38.,34.,0.
1.23273030817,Sample,13,4,6.,1,false,true,false,true,34.,30.,26.,26.,11.8864624925
1.23273030817,Sample,13,4,11.,1,false,true,false,true,36.,32.,28.,28.,12.3361953021
1.23273030817,Sample,13,4,16.,1,false,true,false,true,36.,32.,28.,28.,12.3542724789
1.23273030817,Sample,13,4,21.,1,false,true,false,true,36.,32.,28.,28.,12.3550303637
1.23273030817,Sample,13,4,26.,1,false,true,false,true,36.,32.,28.,28.,12.3550631652
1.23273030817,Sample,13,4,31.,1,false,true,false,true,36.,32.,28.,28.,12.3550646221
1.23273030817,Sample,13,4,36.,1,false,true,false,true,36.,32.,28.,28.,12.3550646883
1.23273030817,Sample,13,4,41.,1,false,true,false,true,36.,32.,28.,28.,12.3550646913
1.23273030817,Sample,13,4,46.,1,false,true,false,true,36.,32.,28.,28.,12.3550646915
1.23273030817,Sample,13,4,51.,1,false,true,false,true,36.,32.,28.,28.,12.3550646915
1.01471827059,Sample,13,5,1.,1,false,true,false,true,20.,20.,60.,48.,0.
1.01471827059,Sample,13,5,6.,1,false,true,false,true,82.,78.,94.,88.,10.84349928
1.01471827059,Sample,13,5,11.,1,false,true,false,true,82.,78.,94.,88.,11.0887785525
1.01471827059,Sample,13,5,16.,1,false,true,false,true,82.,78.,94.,88.,11.0948089151
1.01471827059,Sample,13,5,21.,1,false,true,false,true,82.,78.,94.,88.,11.0949655053
1.01471827059,Sample,13,5,26.,1,false,true,false,true,82.,78.,94.,88.,11.0949697408
1.01471827059,Sample,13,5,31.,1,false,true,false,true,82.,78.,94.,88.,11.0949698593
1.01471827059,Sample,13,5,36.,1,false,true,false,true,82.,78.,94.,88.,11.0949698627
1.01471827059,Sample,13,5,41.,1,false,true,false,true,82.,78.,94.,88.,11.0949698628
1.01471827059,Sample,13,5,46.,1,false,true,false,true,82.,78.,94.,88.,11.0949698628
1.01471827059,Sample,13,5,51.,1,false,true,false,true,82.,78.,94.,88.,11.0949698628
0.867140830136,Voter,13,5,1.,1,false,true,false,true,22.,22.,22.,22.,0.
0.867140830136,Voter,13,5,6.,1,false,true,false,true,48.,44.,20.,20.,9.93020494676
0.867140830136,Voter,13,5,11.,1,false,true,false,true,48.,44.,20.,20.,10.0726525314
0.867140830136,Voter,13,5,16.,1,false,true,false,true,48.,44.,20.,20.,10.0749262394
0.867140830136,Voter,13,5,21.,1,false,true,false,true,48.,44.,20.,20.,10.0749650454
0.867140830136,Voter,13,5,26.,1,false,true,false,true,48.,44.,20.,20.,10.0749657417
0.867140830136,Voter,13,5,31.,1,false,true,false,true,48.,44.,20.,20.,10.0749657547
0.867140830136,Voter,13,5,36.,1,false,true,false,true,48.,44.,20.,20.,10.0749657549
0.867140830136,Voter,13,5,41.,1,false,true,false,true,48.,44.,20.,20.,10.0749657549
0.867140830136,Voter,13,5,46.,1,false,true,false,true,48.,44.,20.,20.,10.0749657549
0.867140830136,Voter,13,5,51.,1,false,true,false,true,48.,44.,20.,20.,10.0749657549
0.961650533829,Voter,13,5,1.,1,false,true,false,true,18.,18.,30.,28.,0.
0.961650533829,Voter,13,5,6.,1,false,true,false,true,52.,44.,16.,16.,10.5365909627
0.961650533829,Voter,13,5,11.,1,false,true,false,true,52.,44.,16.,16.,10.7413952553
0.961650533829,Voter,13,5,16.,1,false,true,false,true,52.,44.,16.,16.,10.7457545453
0.961650533829,Voter,13,5,21.,1,false,true,false,true,52.,44.,16.,16.,10.7458529353
0.961650533829,Voter,13,5,26.,1,false,true,false,true,52.,44.,16.,16.,10.7458552552
0.961650533829,Voter,13,5,31.,1,false,true,false,true,52.,44.,16.,16.,10.7458553119
0.961650533829,Voter,13,5,36.,1,false,true,false,true,52.,44.,16.,16.,10.7458553133
0.961650533829,Voter,13,5,41.,1,false,true,false,true,52.,44.,16.,16.,10.7458553134
0.961650533829,Voter,13,5,46.,1,false,true,false,true,52.,44.,16.,16.,10.7458553134
0.961650533829,Voter,13,5,51.,1,false,true,false,true,52.,44.,16.,16.,10.7458553134
1.06484211394,Sample,13,6,1.,1,false,true,false,true,44.,38.,66.,58.,0.
1.06484211394,Sample,13,6,6.,1,false,true,false,true,112.,96.,66.,64.,11.1129879941
1.06484211394,Sample,13,6,11.,1,false,true,false,true,116.,100.,62.,60.,11.3999898021
1.06484211394,Sample,13,6,16.,1,false,true,false,true,116.,100.,62.,60.,11.4079957375
1.06484211394,Sample,13,6,21.,1,false,true,false,true,116.,100.,62.,60.,11.4082308197
1.06484211394,Sample,13,6,26.,1,false,true,false,true,116.,100.,62.,60.,11.4082379925
1.06484211394,Sample,13,6,31.,1,false,true,false,true,116.,100.,62.,60.,11.4082382183
1.06484211394,Sample,13,6,36.,1,false,true,false,true,116.,100.,62.,60.,11.4082382256
1.06484211394,Sample,13,6,41.,1,false,true,false,true,116.,100.,62.,60.,11.4082382259
1.06484211394,Sample,13,6,46.,1,false,true,false,true,116.,100.,62.,60.,11.4082382259
1.06484211394,Sample,13,6,51.,1,false,true,false,true,116.,100.,62.,60.,11.4082382259
1.35751792103,Voter,13,4,1.,1,false,true,false,true,20.,18.,34.,30.,0.
1.35751792103,Voter,13,4,6.,1,false,true,false,true,54.,50.,44.,44.,12.3491688338
1.35751792103,Voter,13,4,11.,1,false,true,false,true,54.,50.,44.,44.,12.9400454812
1.35751792103,Voter,13,4,16.,1,false,true,false,true,54.,50.,44.,44.,12.9698079361
1.35751792103,Voter,13,4,21.,1,false,true,false,true,54.,50.,44.,44.,12.9713633352
1.35751792103,Voter,13,4,26.,1,false,true,false,true,54.,50.,44.,44.,12.971446939
1.35751792103,Voter,13,4,31.,1,false,true,false,true,54.,50.,44.,44.,12.9714515369
1.35751792103,Voter,13,4,36.,1,false,true,false,true,54.,50.,44.,44.,12.9714517948
1.35751792103,Voter,13,4,41.,1,false,true,false,true,54.,50.,44.,44.,12.9714518095
1.35751792103,Voter,13,4,46.,1,false,true,false,true,54.,50.,44.,44.,12.9714518103
1.35751792103,Voter,13,4,51.,1,false,true,false,true,54.,50.,44.,44.,12.9714518104
0.918151375387,Voter,13,4,1.,1,false,true,false,true,12.,12.,16.,16.,0.
0.918151375387,Voter,13,4,6.,1,false,true,false,true,24.,24.,12.,12.,10.2674048174
0.918151375387,Voter,13,4,11.,1,false,true,false,true,24.,24.,12.,12.,10.4419442866
0.918151375387,Voter,13,4,16.,1,false,true,false,true,24.,24.,12.,12.,10.4452158545
0.918151375387,Voter,13,4,21.,1,false,true,false,true,24.,24.,12.,12.,10.4452811143
0.918151375387,Voter,13,4,26.,1,false,true,false,true,24.,24.,12.,12.,10.4452824779
0.918151375387,Voter,13,4,31.,1,false,true,false,true,24.,24.,12.,12.,10.4452825075
0.918151375387,Voter,13,4,36.,1,false,true,false,true,24.,24.,12.,12.,10.4452825081
0.918151375387,Voter,13,4,41.,1,false,true,false,true,24.,24.,12.,12.,10.4452825081
0.918151375387,Voter,13,4,46.,1,false,true,false,true,24.,24.,12.,12.,10.4452825081
0.918151375387,Voter,13,4,51.,1,false,true,false,true,24.,24.,12.,12.,10.4452825081
1.00571779464,Voter,13,3,1.,1,false,true,false,true,2.,2.,6.,6.,0.
1.00571779464,Voter,13,3,6.,1,false,true,false,true,8.,8.,0.,0.,10.7930491827
1.00571779464,Voter,13,3,11.,1,false,true,false,true,8.,8.,0.,0.,11.031192637
1.00571779464,Voter,13,3,16.,1,false,true,false,true,8.,8.,0.,0.,11.0369106687
1.00571779464,Voter,13,3,21.,1,false,true,false,true,8.,8.,0.,0.,11.03705577
1.00571779464,Voter,13,3,26.,1,false,true,false,true,8.,8.,0.,0.,11.0370596072
1.00571779464,Voter,13,3,31.,1,false,true,false,true,8.,8.,0.,0.,11.0370597122
1.00571779464,Voter,13,3,36.,1,false,true,false,true,8.,8.,0.,0.,11.0370597151
1.00571779464,Voter,13,3,41.,1,false,true,false,true,8.,8.,0.,0.,11.0370597152
1.00571779464,Voter,13,3,46.,1,false,true,false,true,8.,8.,0.,0.,11.0370597152
1.00571779464,Voter,13,3,51.,1,false,true,false,true,8.,8.,0.,0.,11.0370597152
0.83464819096,Sample,13,5,1.,1,false,true,false,true,22.,22.,48.,40.,0.
0.83464819096,Sample,13,5,6.,1,false,true,false,true,70.,62.,56.,54.,9.70261451737
0.83464819096,Sample,13,5,11.,1,false,true,false,true,72.,62.,54.,52.,9.8265452066
0.83464819096,Sample,13,5,16.,1,false,true,false,true,72.,62.,54.,52.,9.82831800428
0.83464819096,Sample,13,5,21.,1,false,true,false,true,72.,62.,54.,52.,9.8283452112
0.83464819096,Sample,13,5,26.,1,false,true,false,true,72.,62.,54.,52.,9.82834565124
0.83464819096,Sample,13,5,31.,1,false,true,false,true,72.,62.,54.,52.,9.82834565866
0.83464819096,Sample,13,5,36.,1,false,true,false,true,72.,62.,54.,52.,9.82834565879
0.83464819096,Sample,13,5,41.,1,false,true,false,true,72.,62.,54.,52.,9.8283456588
0.83464819096,Sample,13,5,46.,1,false,true,false,true,72.,62.,54.,52.,9.8283456588
0.83464819096,Sample,13,5,51.,1,false,true,false,true,72.,62.,54.,52.,9.8283456588
0.946346755354,Sample,13,4,1.,1,false,true,false,true,24.,24.,42.,36.,0.
0.946346755354,Sample,13,4,6.,1,false,true,false,true,58.,48.,44.,42.,10.4437488111
0.946346755354,Sample,13,4,11.,1,false,true,false,true,58.,48.,44.,42.,10.6376033548
0.946346755354,Sample,13,4,16.,1,false,true,false,true,58.,48.,44.,42.,10.6415529206
0.946346755354,Sample,13,4,21.,1,false,true,false,true,58.,48.,44.,42.,10.6416383516
0.946346755354,Sample,13,4,26.,1,false,true,false,true,58.,48.,44.,42.,10.6416402838
0.946346755354,Sample,13,4,31.,1,false,true,false,true,58.,48.,44.,42.,10.6416403292
0.946346755354,Sample,13,4,36.,1,false,true,false,true,58.,48.,44.,42.,10.6416403303
0.946346755354,Sample,13,4,41.,1,false,true,false,true,58.,48.,44.,42.,10.6416403303
0.946346755354,Sample,13,4,46.,1,false,true,false,true,58.,48.,44.,42.,10.6416403303
0.946346755354,Sample,13,4,51.,1,false,true,false,true,58.,48.,44.,42.,10.6416403303
0.851948716187,Sample,13,3,1.,1,false,true,false,true,8.,8.,16.,12.,0.
0.851948716187,Sample,13,3,6.,1,false,true,false,true,18.,16.,6.,6.,9.8250699555
0.851948716187,Sample,13,3,11.,1,false,true,false,true,18.,16.,6.,6.,9.9586733083
0.851948716187,Sample,13,3,16.,1,false,true,false,true,18.,16.,6.,6.,9.960700824
0.851948716187,Sample,13,3,21.,1,false,true,false,true,18.,16.,6.,6.,9.96073377442
0.851948716187,Sample,13,3,26.,1,false,true,false,true,18.,16.,6.,6.,9.960734338
0.851948716187,Sample,13,3,31.,1,false,true,false,true,18.,16.,6.,6.,9.96073434804
0.851948716187,Sample,13,3,36.,1,false,true,false,true,18.,16.,6.,6.,9.96073434823
0.851948716187,Sample,13,3,41.,1,false,true,false,true,18.,16.,6.,6.,9.96073434823
0.851948716187,Sample,13,3,46.,1,false,true,false,true,18.,16.,6.,6.,9.96073434823
0.851948716187,Sample,13,3,51.,1,false,true,false,true,18.,16.,6.,6.,9.96073434823
1.22800509366,Sample,13,4,1.,1,false,true,false,true,18.,18.,14.,14.,0.
1.22800509366,Sample,13,4,6.,1,false,true,false,true,50.,44.,38.,36.,11.867185273
1.22800509366,Sample,13,4,11.,1,false,true,false,true,48.,44.,36.,34.,12.3118881871
1.22800509366,Sample,13,4,16.,1,false,true,false,true,48.,44.,36.,34.,12.3295989084
1.22800509366,Sample,13,4,21.,1,false,true,false,true,48.,44.,36.,34.,12.3303347691
1.22800509366,Sample,13,4,26.,1,false,true,false,true,48.,44.,36.,34.,12.3303663367
1.22800509366,Sample,13,4,31.,1,false,true,false,true,48.,44.,36.,34.,12.3303677267
1.22800509366,Sample,13,4,36.,1,false,true,false,true,48.,44.,36.,34.,12.3303677892
1.22800509366,Sample,13,4,41.,1,false,true,false,true,48.,44.,36.,34.,12.3303677921
1.22800509366,Sample,13,4,46.,1,false,true,false,true,48.,44.,36.,34.,12.3303677922
1.22800509366,Sample,13,4,51.,1,false,true,false,true,48.,44.,36.,34.,12.3303677922
0.905402533388,Sample,13,6,1.,1,false,true,false,true,36.,34.,88.,74.,0.
0.905402533388,Sample,13,6,6.,1,false,true,false,true,98.,84.,70.,68.,10.1853613122
0.905402533388,Sample,13,6,11.,1,false,true,false,true,102.,86.,70.,68.,10.3515348095
0.905402533388,Sample,13,6,16.,1,false,true,false,true,102.,86.,70.,68.,10.3545306353
0.905402533388,Sample,13,6,21.,1,false,true,false,true,102.,86.,70.,68.,10.3545881778
0.905402533388,Sample,13,6,26.,1,false,true,false,true,102.,86.,70.,68.,10.3545893366
0.905402533388,Sample,13,6,31.,1,false,true,false,true,102.,86.,70.,68.,10.3545893608
0.905402533388,Sample,13,6,36.,1,false,true,false,true,102.,86.,70.,68.,10.3545893613
0.905402533388,Sample,13,6,41.,1,false,true,false,true,102.,86.,70.,68.,10.3545893614
0.905402533388,Sample,13,6,46.,1,false,true,false,true,102.,86.,70.,68.,10.3545893614
0.905402533388,Sample,13,6,51.,1,false,true,false,true,102.,86.,70.,68.,10.3545893614
1.32786395418,Sample,13,7,1.,1,false,true,false,true,64.,56.,132.,106.,0.
1.32786395418,Sample,13,7,6.,1,false,true,false,true,176.,144.,148.,124.,12.2469901587
1.32786395418,Sample,13,7,11.,1,false,true,false,true,182.,150.,154.,128.,12.8029460143
1.32786395418,Sample,13,7,16.,1,false,true,false,true,184.,150.,156.,130.,12.8295668119
1.32786395418,Sample,13,7,21.,1,false,true,false,true,184.,150.,156.,130.,12.8308908707
1.32786395418,Sample,13,7,26.,1,false,true,false,true,184.,150.,156.,130.,12.8309586593
1.32786395418,Sample,13,7,31.,1,false,true,false,true,184.,150.,156.,130.,12.8309622127
1.32786395418,Sample,13,7,36.,1,false,true,false,true,184.,150.,156.,130.,12.8309624027
1.32786395418,Sample,13,7,41.,1,false,true,false,true,184.,150.,156.,130.,12.8309624131
1.32786395418,Sample,13,7,46.,1,false,true,false,true,184.,150.,156.,130.,12.8309624137
1.32786395418,Sample,13,7,51.,1,false,true,false,true,184.,150.,156.,130.,12.8309624137
0.840737536294,Voter,13,5,1.,1,false,true,false,true,20.,18.,40.,36.,0.
0.840737536294,Voter,13,5,6.,1,false,true,false,true,50.,44.,38.,38.,9.74605106603
0.840737536294,Voter,13,5,11.,1,false,true,false,true,50.,44.,38.,38.,9.8733378626
0.840737536294,Voter,13,5,16.,1,false,true,false,true,50.,44.,38.,38.,9.87519730777
0.840737536294,Voter,13,5,21.,1,false,true,false,true,50.,44.,38.,38.,9.87522643109
0.840737536294,Voter,13,5,26.,1,false,true,false,true,50.,44.,38.,38.,9.87522691158
0.840737536294,Voter,13,5,31.,1,false,true,false,true,50.,44.,38.,38.,9.87522691985
0.840737536294,Voter,13,5,36.,1,false,true,false,true,50.,44.,38.,38.,9.87522691999
0.840737536294,Voter,13,5,41.,1,false,true,false,true,50.,44.,38.,38.,9.87522692
0.840737536294,Voter,13,5,46.,1,false,true,false,true,50.,44.,38.,38.,9.87522692
0.840737536294,Voter,13,5,51.,1,false,true,false,true,50.,44.,38.,38.,9.87522692
1.35750255163,Sample,13,6,1.,1,false,true,false,true,68.,62.,108.,92.,0.
1.35750255163,Sample,13,6,6.,1,false,true,false,true,164.,132.,168.,140.,12.3491170693
1.35750255163,Sample,13,6,11.,1,false,true,false,true,172.,136.,172.,140.,12.9399754092
1.35750255163,Sample,13,6,16.,1,false,true,false,true,172.,136.,172.,140.,12.9697361742
1.35750255163,Sample,13,6,21.,1,false,true,false,true,172.,136.,172.,140.,12.9712914457
1.35750255163,Sample,13,6,26.,1,false,true,false,true,172.,136.,172.,140.,12.9713750406
1.35750255163,Sample,13,6,31.,1,false,true,false,true,172.,136.,172.,140.,12.9713796379
1.35750255163,Sample,13,6,36.,1,false,true,false,true,172.,136.,172.,140.,12.9713798957
1.35750255163,Sample,13,6,41.,1,false,true,false,true,172.,136.,172.,140.,12.9713799104
1.35750255163,Sample,13,6,46.,1,false,true,false,true,172.,136.,172.,140.,12.9713799113
1.35750255163,Sample,13,6,51.,1,false,true,false,true,172.,136.,172.,140.,12.9713799113
0.934859493777,Sample,13,7,1.,1,false,true,false,true,70.,66.,146.,120.,0.
0.934859493777,Sample,13,7,6.,1,false,true,false,true,196.,158.,220.,164.,10.3727412177
0.934859493777,Sample,13,7,11.,1,false,true,false,true,200.,160.,224.,164.,10.5585917184
0.934859493777,Sample,13,7,16.,1,false,true,false,true,200.,160.,224.,164.,10.5622533605
0.934859493777,Sample,13,7,21.,1,false,true,false,true,200.,160.,224.,164.,10.562330025
0.934859493777,Sample,13,7,26.,1,false,true,false,true,200.,160.,224.,164.,10.5623317046
0.934859493777,Sample,13,7,31.,1,false,true,false,true,200.,160.,224.,164.,10.5623317427
0.934859493777,Sample,13,7,36.,1,false,true,false,true,200.,160.,224.,164.,10.5623317436
0.934859493777,Sample,13,7,41.,1,false,true,false,true,200.,160.,224.,164.,10.5623317437
0.934859493777,Sample,13,7,46.,1,false,true,false,true,200.,160.,224.,164.,10.5623317437
0.934859493777,Sample,13,7,51.,1,false,true,false,true,200.,160.,224.,164.,10.5623317437
1.1399902639,Voter,13,3,1.,1,false,true,false,true,2.,2.,6.,6.,0.
1.1399902639,Voter,13,3,6.,1,false,true,false,true,18.,18.,14.,14.,11.4825460883
1.1399902639,Voter,13,3,11.,1,false,true,false,true,18.,18.,14.,14.,11.8381854803
1.1399902639,Voter,13,3,16.,1,false,true,false,true,18.,18.,14.,14.,11.8499863089
1.1399902639,Voter,13,3,21.,1,false,true,false,true,18.,18.,14.,14.,11.8503966646
1.1399902639,Voter,13,3,26.,1,false,true,false,true,18.,18.,14.,14.,11.8504114447
1.1399902639,Voter,13,3,31.,1,false,true,false,true,18.,18.,14.,14.,11.8504119925
1.1399902639,Voter,13,3,36.,1,false,true,false,true,18.,18.,14.,14.,11.8504120133
1.1399902639,Voter,13,3,41.,1,false,true,false,true,18.,18.,14.,14.,11.8504120141
1.1399902639,Voter,13,3,46.,1,false,true,false,true,18.,18.,14.,14.,11.8504120142
1.1399902639,Voter,13,3,51.,1,false,true,false,true,18.,18.,14.,14.,11.8504120142
1.38688835651,Sample,13,4,1.,1,false,true,false,true,16.,16.,30.,28.,0.
1.38688835651,Sample,13,4,6.,1,false,true,false,true,40.,32.,26.,24.,12.4458798502
1.38688835651,Sample,13,4,11.,1,false,true,false,true,40.,32.,26.,24.,13.0721234113
1.38688835651,Sample,13,4,16.,1,false,true,false,true,40.,32.,26.,24.,13.1052342719
1.38688835651,Sample,13,4,21.,1,false,true,false,true,40.,32.,26.,24.,13.1070486249
1.38688835651,Sample,13,4,26.,1,false,true,false,true,40.,32.,26.,24.,13.1071508017
1.38688835651,Sample,13,4,31.,1,false,true,false,true,40.,32.,26.,24.,13.1071566855
1.38688835651,Sample,13,4,36.,1,false,true,false,true,40.,32.,26.,24.,13.1071570309
1.38688835651,Sample,13,4,41.,1,false,true,false,true,40.,32.,26.,24.,13.1071570515
1.38688835651,Sample,13,4,46.,1,false,true,false,true,40.,32.,26.,24.,13.1071570527
1.38688835651,Sample,13,4,51.,1,false,true,false,true,40.,32.,26.,24.,13.1071570528
1.24287706934,Sample,13,6,1.,1,false,true,false,true,28.,28.,64.,56.,0.
1.24287706934,Sample,13,6,6.,1,false,true,false,true,94.,76.,62.,58.,11.9274044581
1.24287706934,Sample,13,6,11.,1,false,true,false,true,104.,84.,72.,64.,12.3880201591
1.24287706934,Sample,13,6,16.,1,false,true,false,true,104.,84.,72.,64.,12.4069020773
1.24287706934,Sample,13,6,21.,1,false,true,false,true,104.,84.,72.,64.,12.4077090248
1.24287706934,Sample,13,6,26.,1,false,true,false,true,104.,84.,72.,64.,12.407744614
1.24287706934,Sample,13,6,31.,1,false,true,false,true,104.,84.,72.,64.,12.4077462244
1.24287706934,Sample,13,6,36.,1,false,true,false,true,104.,84.,72.,64.,12.4077462988
1.24287706934,Sample,13,6,41.,1,false,true,false,true,104.,84.,72.,64.,12.4077463024
1.24287706934,Sample,13,6,46.,1,false,true,false,true,104.,84.,72.,64.,12.4077463025
1.24287706934,Sample,13,6,51.,1,false,true,false,true,104.,84.,72.,64.,12.4077463025
0.851646949171,Sample,13,5,1.,1,false,true,false,true,40.,38.,74.,62.,0.
0.851646949171,Sample,13,5,6.,1,false,true,false,true,84.,74.,98.,78.,9.82295908485
0.851646949171,Sample,13,5,11.,1,false,true,false,true,86.,74.,100.,78.,9.95639008093
0.851646949171,Sample,13,5,16.,1,false,true,false,true,86.,74.,100.,78.,9.95841292444
0.851646949171,Sample,13,5,21.,1,false,true,false,true,86.,74.,100.,78.,9.95844576655
0.851646949171,Sample,13,5,26.,1,false,true,false,true,86.,74.,100.,78.,9.95844632774
0.851646949171,Sample,13,5,31.,1,false,true,false,true,86.,74.,100.,78.,9.95844633774
0.851646949171,Sample,13,5,36.,1,false,true,false,true,86.,74.,100.,78.,9.95844633792
0.851646949171,Sample,13,5,41.,1,false,true,false,true,86.,74.,100.,78.,9.95844633792
0.851646949171,Sample,13,5,46.,1,false,true,false,true,86.,74.,100.,78.,9.95844633792
0.851646949171,Sample,13,5,51.,1,false,true,false,true,86.,74.,100.,78.,9.95844633792
0.878322451688,Voter,13,3,1.,1,false,true,false,true,10.,10.,24.,22.,0.
0.878322451688,Voter,13,3,6.,1,false,true,false,true,46.,38.,44.,38.,10.0061811567
0.878322451688,Voter,13,3,11.,1,false,true,false,true,46.,38.,44.,38.,10.1553476287
0.878322451688,Voter,13,3,16.,1,false,true,false,true,46.,38.,44.,38.,10.1578167652
0.878322451688,Voter,13,3,21.,1,false,true,false,true,46.,38.,44.,38.,10.1578604199
0.878322451688,Voter,13,3,26.,1,false,true,false,true,46.,38.,44.,38.,10.1578612306
0.878322451688,Voter,13,3,31.,1,false,true,false,true,46.,38.,44.,38.,10.1578612462
0.878322451688,Voter,13,3,36.,1,false,true,false,true,46.,38.,44.,38.,10.1578612465
0.878322451688,Voter,13,3,41.,1,false,true,false,true,46.,38.,44.,38.,10.1578612465
0.878322451688,Voter,13,3,46.,1,false,true,false,true,46.,38.,44.,38.,10.1578612465
0.878322451688,Voter,13,3,51.,1,false,true,false,true,46.,38.,44.,38.,10.1578612465
1.00897810571,Sample,13,7,1.,1,false,true,false,true,68.,64.,180.,138.,0.
1.00897810571,Sample,13,7,6.,1,false,true,false,true,212.,174.,184.,152.,10.8113982314
1.00897810571,Sample,13,7,11.,1,false,true,false,true,212.,174.,184.,152.,11.0521138695
1.00897810571,Sample,13,7,16.,1,false,true,false,true,212.,174.,184.,152.,11.0579436167
1.00897810571,Sample,13,7,21.,1,false,true,false,true,212.,174.,184.,152.,11.0580927967
1.00897810571,Sample,13,7,26.,1,false,true,false,true,212.,174.,184.,152.,11.0580967743
1.00897810571,Sample,13,7,31.,1,false,true,false,true,212.,174.,184.,152.,11.0580968839
1.00897810571,Sample,13,7,36.,1,false,true,false,true,212.,174.,184.,152.,11.058096887
1.00897810571,Sample,13,7,41.,1,false,true,false,true,212.,174.,184.,152.,11.0580968871
1.00897810571,Sample,13,7,46.,1,false,true,false,true,212.,174.,184.,152.,11.0580968871
1.00897810571,Sample,13,7,51.,1,false,true,false,true,212.,174.,184.,152.,11.0580968871
1.20191456535,Voter,13,3,1.,1,false,true,false,true,4.,4.,6.,6.,0.
1.20191456535,Voter,13,3,6.,1,false,true,false,true,10.,10.,0.,0.,11.7582896931
1.20191456535,Voter,13,3,11.,1,false,true,false,true,10.,10.,0.,0.,12.1756638618
1.20191456535,Voter,13,3,16.,1,false,true,false,true,10.,10.,0.,0.,12.1914443061
1.20191456535,Voter,13,3,21.,1,false,true,false,true,10.,10.,0.,0.,12.1920675435
1.20191456535,Voter,13,3,26.,1,false,true,false,true,10.,10.,0.,0.,12.1920929802
1.20191456535,Voter,13,3,31.,1,false,true,false,true,10.,10.,0.,0.,12.1920940465
1.20191456535,Voter,13,3,36.,1,false,true,false,true,10.,10.,0.,0.,12.1920940923
1.20191456535,Voter,13,3,41.,1,false,true,false,true,10.,10.,0.,0.,12.1920940943
1.20191456535,Voter,13,3,46.,1,false,true,false,true,10.,10.,0.,0.,12.1920940943
1.20191456535,Voter,13,3,51.,1,false,true,false,true,10.,10.,0.,0.,12.1920940943
1.21550779901,Voter,13,6,1.,1,false,true,false,true,38.,36.,68.,62.,0.
1.21550779901,Voter,13,6,6.,1,false,true,false,true,128.,96.,98.,84.,11.8155469968
1.21550779901,Voter,13,6,11.,1,false,true,false,true,132.,100.,102.,86.,12.2470649821
1.21550779901,Voter,13,6,16.,1,false,true,false,true,132.,100.,102.,86.,12.2638315956
1.21550779901,Voter,13,6,21.,1,false,true,false,true,132.,100.,102.,86.,12.2645116507
1.21550779901,Voter,13,6,26.,1,false,true,false,true,132.,100.,102.,86.,12.264540142
1.21550779901,Voter,13,6,31.,1,false,true,false,true,132.,100.,102.,86.,12.2645413676
1.21550779901,Voter,13,6,36.,1,false,true,false,true,132.,100.,102.,86.,12.2645414215
1.21550779901,Voter,13,6,41.,1,false,true,false,true,132.,100.,102.,86.,12.2645414239
1.21550779901,Voter,13,6,46.,1,false,true,false,true,132.,100.,102.,86.,12.264541424
1.21550779901,Voter,13,6,51.,1,false,true,false,true,132.,100.,102.,86.,12.264541424
0.971093122361,Sample,13,5,1.,1,false,true,false,true,14.,14.,54.,50.,0.
0.971093122361,Sample,13,5,6.,1,false,true,false,true,96.,74.,72.,62.,10.5928895011
0.971093122361,Sample,13,5,11.,1,false,true,false,true,100.,78.,76.,62.,10.8046123713
0.971093122361,Sample,13,5,16.,1,false,true,false,true,100.,78.,76.,62.,10.809239916
0.971093122361,Sample,13,5,21.,1,false,true,false,true,100.,78.,76.,62.,10.8093470855
0.971093122361,Sample,13,5,26.,1,false,true,false,true,100.,78.,76.,62.,10.8093496769
0.971093122361,Sample,13,5,31.,1,false,true,false,true,100.,78.,76.,62.,10.8093497418
0.971093122361,Sample,13,5,36.,1,false,true,false,true,100.,78.,76.,62.,10.8093497435
0.971093122361,Sample,13,5,41.,1,false,true,false,true,100.,78.,76.,62.,10.8093497435
0.971093122361,Sample,13,5,46.,1,false,true,false,true,100.,78.,76.,62.,10.8093497435
0.971093122361,Sample,13,5,51.,1,false,true,false,true,100.,78.,76.,62.,10.8093497435
0.992432486054,Sample,13,5,1.,1,false,true,false,true,36.,34.,58.,52.,0.
0.992432486054,Sample,13,5,6.,1,false,true,false,true,80.,68.,70.,60.,10.7174005846
0.992432486054,Sample,13,5,11.,1,false,true,false,true,82.,70.,72.,62.,10.9452123238
0.992432486054,Sample,13,5,16.,1,false,true,false,true,82.,70.,72.,62.,10.9504915168
0.992432486054,Sample,13,5,21.,1,false,true,false,true,82.,70.,72.,62.,10.9506209352
0.992432486054,Sample,13,5,26.,1,false,true,false,true,82.,70.,72.,62.,10.9506242438
0.992432486054,Sample,13,5,31.,1,false,true,false,true,82.,70.,72.,62.,10.9506243314
0.992432486054,Sample,13,5,36.,1,false,true,false,true,82.,70.,72.,62.,10.9506243338
0.992432486054,Sample,13,5,41.,1,false,true,false,true,82.,70.,72.,62.,10.9506243338
0.992432486054,Sample,13,5,46.,1,false,true,false,true,82.,70.,72.,62.,10.9506243338
0.992432486054,Sample,13,5,51.,1,false,true,false,true,82.,70.,72.,62.,10.9506243338
1.06994609962,Voter,13,5,1.,1,false,true,false,true,16.,14.,30.,28.,0.
1.06994609962,Voter,13,5,6.,1,false,true,false,true,46.,40.,8.,8.,11.139367235
1.06994609962,Voter,13,5,11.,1,false,true,false,true,46.,40.,8.,8.,11.4308032873
1.06994609962,Voter,13,5,16.,1,false,true,false,true,46.,40.,8.,8.,11.4390340482
1.06994609962,Voter,13,5,21.,1,false,true,false,true,46.,40.,8.,8.,11.4392786595
1.06994609962,Voter,13,5,26.,1,false,true,false,true,46.,40.,8.,8.,11.4392862116
1.06994609962,Voter,13,5,31.,1,false,true,false,true,46.,40.,8.,8.,11.4392864522
1.06994609962,Voter,13,5,36.,1,false,true,false,true,46.,40.,8.,8.,11.43928646
1.06994609962,Voter,13,5,41.,1,false,true,false,true,46.,40.,8.,8.,11.4392864603
1.06994609962,Voter,13,5,46.,1,false,true,false,true,46.,40.,8.,8.,11.4392864603
1.06994609962,Voter,13,5,51.,1,false,true,false,true,46.,40.,8.,8.,11.4392864603
1.12682344925,Sample,13,6,1.,1,false,true,false,true,50.,46.,66.,56.,0.
1.12682344925,Sample,13,6,6.,1,false,true,false,true,104.,90.,60.,56.,11.4206479067
1.12682344925,Sample,13,6,11.,1,false,true,false,true,104.,90.,60.,56.,11.7637507896
1.12682344925,Sample,13,6,16.,1,false,true,false,true,104.,90.,60.,56.,11.7748085823
1.12682344925,Sample,13,6,21.,1,false,true,false,true,104.,90.,60.,56.,11.775182329
1.12682344925,Sample,13,6,26.,1,false,true,false,true,104.,90.,60.,56.,11.7751954203
1.12682344925,Sample,13,6,31.,1,false,true,false,true,104.,90.,60.,56.,11.7751958924
1.12682344925,Sample,13,6,36.,1,false,true,false,true,104.,90.,60.,56.,11.7751959098
1.12682344925,Sample,13,6,41.,1,false,true,false,true,104.,90.,60.,56.,11.7751959105
1.12682344925,Sample,13,6,46.,1,false,true,false,true,104.,90.,60.,56.,11.7751959105
1.12682344925,Sample,13,6,51.,1,false,true,false,true,104.,90.,60.,56.,11.7751959105
1.12113012175,Voter,13,4,1.,1,false,true,false,true,8.,8.,10.,10.,0.
1.12113012175,Voter,13,4,6.,1,false,true,false,true,16.,16.,10.,10.,11.3935164586
1.12113012175,Voter,13,4,11.,1,false,true,false,true,16.,16.,10.,10.,11.731264503
1.12113012175,Voter,13,4,16.,1,false,true,false,true,16.,16.,10.,10.,11.7420116714
1.12113012175,Voter,13,4,21.,1,false,true,false,true,16.,16.,10.,10.,11.7423704286
1.12113012175,Voter,13,4,26.,1,false,true,false,true,16.,16.,10.,10.,11.7423828424
1.12113012175,Voter,13,4,31.,1,false,true,false,true,16.,16.,10.,10.,11.7423832848
1.12113012175,Voter,13,4,36.,1,false,true,false,true,16.,16.,10.,10.,11.7423833009
1.12113012175,Voter,13,4,41.,1,false,true,false,true,16.,16.,10.,10.,11.7423833015
1.12113012175,Voter,13,4,46.,1,false,true,false,true,16.,16.,10.,10.,11.7423833015
1.12113012175,Voter,13,4,51.,1,false,true,false,true,16.,16.,10.,10.,11.7423833015
0.851468333939,Sample,13,5,1.,1,false,true,false,true,32.,32.,68.,56.,0.
0.851468333939,Sample,13,5,6.,1,false,true,false,true,96.,84.,72.,66.,9.82170924881
0.851468333939,Sample,13,5,11.,1,false,true,false,true,98.,86.,74.,68.,9.95503828824
0.851468333939,Sample,13,5,16.,1,false,true,false,true,98.,86.,74.,68.,9.95705837021
0.851468333939,Sample,13,5,21.,1,false,true,false,true,98.,86.,74.,68.,9.95709114836
0.851468333939,Sample,13,5,26.,1,false,true,false,true,98.,86.,74.,68.,9.95709170813
0.851468333939,Sample,13,5,31.,1,false,true,false,true,98.,86.,74.,68.,9.9570917181
0.851468333939,Sample,13,5,36.,1,false,true,false,true,98.,86.,74.,68.,9.95709171828
0.851468333939,Sample,13,5,41.,1,false,true,false,true,98.,86.,74.,68.,9.95709171829
0.851468333939,Sample,13,5,46.,1,false,true,false,true,98.,86.,74.,68.,9.95709171829
0.851468333939,Sample,13,5,51.,1,false,true,false,true,98.,86.,74.,68.,9.95709171829
1.13474737451,Voter,13,3,1.,1,false,true,false,true,6.,6.,4.,4.,0.
1.13474737451,Voter,13,3,6.,1,false,true,false,true,12.,12.,2.,2.,11.4580399558
1.13474737451,Voter,13,3,11.,1,false,true,false,true,12.,12.,2.,2.,11.8086620434
1.13474737451,Voter,13,3,16.,1,false,true,false,true,12.,12.,2.,2.,11.8201628413
1.13474737451,Voter,13,3,21.,1,false,true,false,true,12.,12.,2.,2.,11.8205582883
1.13474737451,Voter,13,3,26.,1,false,true,false,true,12.,12.,2.,2.,11.8205723749
1.13474737451,Voter,13,3,31.,1,false,true,false,true,12.,12.,2.,2.,11.8205728914
1.13474737451,Voter,13,3,36.,1,false,true,false,true,12.,12.,2.,2.,11.8205729108
1.13474737451,Voter,13,3,41.,1,false,true,false,true,12.,12.,2.,2.,11.8205729115
1.13474737451,Voter,13,3,46.,1,false,true,false,true,12.,12.,2.,2.,11.8205729116
1.13474737451,Voter,13,3,51.,1,false,true,false,true,12.,12.,2.,2.,11.8205729116
1.31508439697,Voter,13,7,1.,1,false,true,false,true,22.,20.,58.,54.,0.
1.31508439697,Voter,13,7,6.,1,false,true,false,true,108.,96.,60.,56.,12.2015100183
1.31508439697,Voter,13,7,11.,1,false,true,false,true,108.,96.,60.,56.,12.7426705144
1.31508439697,Voter,13,7,16.,1,false,true,false,true,108.,96.,60.,56.,12.7680097101
1.31508439697,Voter,13,7,21.,1,false,true,false,true,108.,96.,60.,56.,12.7692427859
1.31508439697,Voter,13,7,26.,1,false,true,false,true,108.,96.,60.,56.,12.7693045743
1.31508439697,Voter,13,7,31.,1,false,true,false,true,108.,96.,60.,56.,12.7693077452
1.31508439697,Voter,13,7,36.,1,false,true,false,true,108.,96.,60.,56.,12.7693079113
1.31508439697,Voter,13,7,41.,1,false,true,false,true,108.,96.,60.,56.,12.7693079202
1.31508439697,Voter,13,7,46.,1,false,true,false,true,108.,96.,60.,56.,12.7693079207
1.31508439697,Voter,13,7,51.,1,false,true,false,true,108.,96.,60.,56.,12.7693079207
0.945598162589,Sample,13,5,1.,1,false,true,false,true,52.,46.,90.,78.,0.
0.945598162589,Sample,13,5,6.,1,false,true,false,true,108.,94.,122.,102.,10.4391561279
0.945598162589,Sample,13,5,11.,1,false,true,false,true,110.,94.,124.,102.,10.6324834429
0.945598162589,Sample,13,5,16.,1,false,true,false,true,110.,94.,124.,102.,10.6364137413
0.945598162589,Sample,13,5,21.,1,false,true,false,true,110.,94.,124.,102.,10.6364985767
0.945598162589,Sample,13,5,26.,1,false,true,false,true,110.,94.,124.,102.,10.6365004916
0.945598162589,Sample,13,5,31.,1,false,true,false,true,110.,94.,124.,102.,10.6365005364
0.945598162589,Sample,13,5,36.,1,false,true,false,true,110.,94.,124.,102.,10.6365005375
0.945598162589,Sample,13,5,41.,1,false,true,false,true,110.,94.,124.,102.,10.6365005375
0.945598162589,Sample,13,5,46.,1,false,true,false,true,110.,94.,124.,102.,10.6365005375
0.945598162589,Sample,13,5,51.,1,false,true,false,true,110.,94.,124.,102.,10.6365005375
0.929612308407,Sample,13,4,1.,1,false,true,false,true,18.,18.,22.,20.,0.
0.929612308407,Sample,13,4,6.,1,false,true,false,true,50.,44.,34.,34.,10.3399247194
0.929612308407,Sample,13,4,11.,1,false,true,false,true,50.,44.,34.,34.,10.5221806911
0.929612308407,Sample,13,4,16.,1,false,true,false,true,50.,44.,34.,34.,10.5257162306
0.929612308407,Sample,13,4,21.,1,false,true,false,true,50.,44.,34.,34.,10.5257891475
0.929612308407,Sample,13,4,26.,1,false,true,false,true,50.,44.,34.,34.,10.5257907216
0.929612308407,Sample,13,4,31.,1,false,true,false,true,50.,44.,34.,34.,10.5257907569
0.929612308407,Sample,13,4,36.,1,false,true,false,true,50.,44.,34.,34.,10.5257907577
0.929612308407,Sample,13,4,41.,1,false,true,false,true,50.,44.,34.,34.,10.5257907577
0.929612308407,Sample,13,4,46.,1,false,true,false,true,50.,44.,34.,34.,10.5257907577
0.929612308407,Sample,13,4,51.,1,false,true,false,true,50.,44.,34.,34.,10.5257907577
0.852469807719,Voter,13,4,1.,1,false,true,false,true,6.,6.,14.,14.,0.
0.852469807719,Voter,13,4,6.,1,false,true,false,true,22.,20.,2.,2.,9.82871292893
0.852469807719,Voter,13,4,11.,1,false,true,false,true,22.,20.,2.,2.,9.96261421185
0.852469807719,Voter,13,4,16.,1,false,true,false,true,22.,20.,2.,2.,9.96464981513
0.852469807719,Voter,13,4,21.,1,false,true,false,true,22.,20.,2.,2.,9.96468295327
0.852469807719,Voter,13,4,26.,1,false,true,false,true,22.,20.,2.,2.,9.964683521
0.852469807719,Voter,13,4,31.,1,false,true,false,true,22.,20.,2.,2.,9.96468353114
0.852469807719,Voter,13,4,36.,1,false,true,false,true,22.,20.,2.,2.,9.96468353132
0.852469807719,Voter,13,4,41.,1,false,true,false,true,22.,20.,2.,2.,9.96468353133
0.852469807719,Voter,13,4,46.,1,false,true,false,true,22.,20.,2.,2.,9.96468353133
0.852469807719,Voter,13,4,51.,1,false,true,false,true,22.,20.,2.,2.,9.96468353133
1.04142581608,Sample,13,6,1.,1,false,true,false,true,40.,34.,54.,48.,0.
1.04142581608,Sample,13,6,6.,1,false,true,false,true,102.,84.,32.,32.,10.9894756914
1.04142581608,Sample,13,6,11.,1,false,true,false,true,104.,84.,30.,30.,11.2565709995
1.04142581608,Sample,13,6,16.,1,false,true,false,true,104.,84.,30.,30.,11.2636026928
1.04142581608,Sample,13,6,21.,1,false,true,false,true,104.,84.,30.,30.,11.2637978555
1.04142581608,Sample,13,6,26.,1,false,true,false,true,104.,84.,30.,30.,11.2638034902
1.04142581608,Sample,13,6,31.,1,false,true,false,true,104.,84.,30.,30.,11.2638036582
1.04142581608,Sample,13,6,36.,1,false,true,false,true,104.,84.,30.,30.,11.2638036634
1.04142581608,Sample,13,6,41.,1,false,true,false,true,104.,84.,30.,30.,11.2638036635
1.04142581608,Sample,13,6,46.,1,false,true,false,true,104.,84.,30.,30.,11.2638036635
1.04142581608,Sample,13,6,51.,1,false,true,false,true,104.,84.,30.,30.,11.2638036635
1.38808645725,Sample,13,3,1.,1,false,true,false,true,16.,16.,24.,24.,0.
1.38808645725,Sample,13,3,6.,1,false,true,false,true,28.,28.,32.,30.,12.4497323483
1.38808645725,Sample,13,3,11.,1,false,true,false,true,30.,30.,34.,32.,13.0774345355
1.38808645725,Sample,13,3,16.,1,false,true,false,true,30.,30.,34.,32.,13.1106870844
1.38808645725,Sample,13,3,21.,1,false,true,false,true,30.,30.,34.,32.,13.1125126665
1.38808645725,Sample,13,3,26.,1,false,true,false,true,30.,30.,34.,32.,13.1126156679
1.38808645725,Sample,13,3,31.,1,false,true,false,true,30.,30.,34.,32.,13.1126216102
1.38808645725,Sample,13,3,36.,1,false,true,false,true,30.,30.,34.,32.,13.1126219597
1.38808645725,Sample,13,3,41.,1,false,true,false,true,30.,30.,34.,32.,13.1126219806
1.38808645725,Sample,13,3,46.,1,false,true,false,true,30.,30.,34.,32.,13.1126219818
1.38808645725,Sample,13,3,51.,1,false,true,false,true,30.,30.,34.,32.,13.1126219819
1.21552701773,Voter,13,4,1.,1,false,true,false,true,8.,8.,16.,16.,0.
1.21552701773,Voter,13,4,6.,1,false,true,false,true,36.,32.,24.,24.,11.8156271412
1.21552701773,Voter,13,4,11.,1,false,true,false,true,36.,32.,24.,24.,12.24716527
1.21552701773,Voter,13,4,16.,1,false,true,false,true,36.,32.,24.,24.,12.2639333076
1.21552701773,Voter,13,4,21.,1,false,true,false,true,36.,32.,24.,24.,12.2646134459
1.21552701773,Voter,13,4,26.,1,false,true,false,true,36.,32.,24.,24.,12.2646419416
1.21552701773,Voter,13,4,31.,1,false,true,false,true,36.,32.,24.,24.,12.2646431675
1.21552701773,Voter,13,4,36.,1,false,true,false,true,36.,32.,24.,24.,12.2646432214
1.21552701773,Voter,13,4,41.,1,false,true,false,true,36.,32.,24.,24.,12.2646432238
1.21552701773,Voter,13,4,46.,1,false,true,false,true,36.,32.,24.,24.,12.2646432239
1.21552701773,Voter,13,4,51.,1,false,true,false,true,36.,32.,24.,24.,12.2646432239
1.21726536859,Voter,13,5,1.,1,false,true,false,true,20.,20.,32.,26.,0.
1.21726536859,Voter,13,5,6.,1,false,true,false,true,60.,50.,16.,16.,11.8228668852
1.21726536859,Voter,13,5,11.,1,false,true,false,true,60.,50.,16.,16.,12.2562287113
1.21726536859,Voter,13,5,16.,1,false,true,false,true,60.,50.,16.,16.,12.2731259159
1.21726536859,Voter,13,5,21.,1,false,true,false,true,60.,50.,16.,16.,12.2738136088
1.21726536859,Voter,13,5,26.,1,false,true,false,true,60.,50.,16.,16.,12.2738425168
1.21726536859,Voter,13,5,31.,1,false,true,false,true,60.,50.,16.,16.,12.2738437644
1.21726536859,Voter,13,5,36.,1,false,true,false,true,60.,50.,16.,16.,12.2738438195
1.21726536859,Voter,13,5,41.,1,false,true,false,true,60.,50.,16.,16.,12.2738438219
1.21726536859,Voter,13,5,46.,1,false,true,false,true,60.,50.,16.,16.,12.2738438221
1.21726536859,Voter,13,5,51.,1,false,true,false,true,60.,50.,16.,16.,12.2738438221
1.23235747541,Sample,13,7,1.,1,false,true,false,true,72.,66.,128.,112.,0.
1.23235747541,Sample,13,7,6.,1,false,true,false,true,166.,140.,142.,128.,11.8849463603
1.23235747541,Sample,13,7,11.,1,false,true,false,true,176.,142.,144.,126.,12.3342814125
1.23235747541,Sample,13,7,16.,1,false,true,false,true,178.,142.,142.,126.,12.3523294841
1.23235747541,Sample,13,7,21.,1,false,true,false,true,178.,142.,142.,126.,12.3530856124
1.23235747541,Sample,13,7,26.,1,false,true,false,true,178.,142.,142.,126.,12.3531183151
1.23235747541,Sample,13,7,31.,1,false,true,false,true,178.,142.,142.,126.,12.3531197666
1.23235747541,Sample,13,7,36.,1,false,true,false,true,178.,142.,142.,126.,12.3531198325
1.23235747541,Sample,13,7,41.,1,false,true,false,true,178.,142.,142.,126.,12.3531198355
1.23235747541,Sample,13,7,46.,1,false,true,false,true,178.,142.,142.,126.,12.3531198357
1.23235747541,Sample,13,7,51.,1,false,true,false,true,178.,142.,142.,126.,12.3531198357
1.23623618358,Sample,13,6,1.,1,false,true,false,true,38.,38.,72.,62.,0.
1.23623618358,Sample,13,6,6.,1,false,true,false,true,134.,106.,92.,82.,11.9006783251
1.23623618358,Sample,13,6,11.,1,false,true,false,true,134.,106.,92.,82.,12.3541587706
1.23623618358,Sample,13,6,16.,1,false,true,false,true,134.,106.,92.,82.,12.3725112377
1.23623618358,Sample,13,6,21.,1,false,true,false,true,134.,106.,92.,82.,12.3732857989
1.23623618358,Sample,13,6,26.,1,false,true,false,true,134.,106.,92.,82.,12.373319542
1.23623618358,Sample,13,6,31.,1,false,true,false,true,134.,106.,92.,82.,12.3733210505
1.23623618358,Sample,13,6,36.,1,false,true,false,true,134.,106.,92.,82.,12.3733211194
1.23623618358,Sample,13,6,41.,1,false,true,false,true,134.,106.,92.,82.,12.3733211226
1.23623618358,Sample,13,6,46.,1,false,true,false,true,134.,106.,92.,82.,12.3733211228
1.23623618358,Sample,13,6,51.,1,false,true,false,true,134.,106.,92.,82.,12.3733211228
1.17750432982,Sample,13,7,1.,1,false,true,false,true,52.,48.,110.,92.,0.
1.17750432982,Sample,13,7,6.,1,false,true,false,true,172.,138.,114.,104.,11.6525572043
1.17750432982,Sample,13,7,11.,1,false,true,false,true,176.,142.,118.,108.,12.0450596365
1.17750432982,Sample,13,7,16.,1,false,true,false,true,176.,142.,118.,108.,12.0591729759
1.17750432982,Sample,13,7,21.,1,false,true,false,true,176.,142.,118.,108.,12.0597037297
1.17750432982,Sample,13,7,26.,1,false,true,false,true,176.,142.,118.,108.,12.0597243743
1.17750432982,Sample,13,7,31.,1,false,true,false,true,176.,142.,118.,108.,12.0597251998
1.17750432982,Sample,13,7,36.,1,false,true,false,true,176.,142.,118.,108.,12.0597252335
1.17750432982,Sample,13,7,41.,1,false,true,false,true,176.,142.,118.,108.,12.0597252349
1.17750432982,Sample,13,7,46.,1,false,true,false,true,176.,142.,118.,108.,12.059725235
1.17750432982,Sample,13,7,51.,1,false,true,false,true,176.,142.,118.,108.,12.059725235
1.23204853806,Voter,13,3,1.,1,false,true,false,true,4.,4.,6.,6.,0.
1.23204853806,Voter,13,3,6.,1,false,true,false,true,12.,12.,2.,2.,11.8836894259
1.23204853806,Voter,13,3,11.,1,false,true,false,true,12.,12.,2.,2.,12.3326950021
1.23204853806,Voter,13,3,16.,1,false,true,false,true,12.,12.,2.,2.,12.3507189815
1.23204853806,Voter,13,3,21.,1,false,true,false,true,12.,12.,2.,2.,12.3514736566
1.23204853806,Voter,13,3,26.,1,false,true,false,true,12.,12.,2.,2.,12.3515062776
1.23204853806,Voter,13,3,31.,1,false,true,false,true,12.,12.,2.,2.,12.3515077247
1.23204853806,Voter,13,3,36.,1,false,true,false,true,12.,12.,2.,2.,12.3515077904
1.23204853806,Voter,13,3,41.,1,false,true,false,true,12.,12.,2.,2.,12.3515077934
1.23204853806,Voter,13,3,46.,1,false,true,false,true,12.,12.,2.,2.,12.3515077935
1.23204853806,Voter,13,3,51.,1,false,true,false,true,12.,12.,2.,2.,12.3515077936
1.01126578963,Voter,13,3,1.,1,false,true,false,true,14.,14.,20.,20.,0.
1.01126578963,Voter,13,3,6.,1,false,true,false,true,28.,28.,26.,26.,10.8242229859
1.01126578963,Voter,13,3,11.,1,false,true,false,true,28.,28.,26.,26.,11.0667520694
1.01126578963,Voter,13,3,16.,1,false,true,false,true,28.,28.,26.,26.,11.0726611665
1.01126578963,Voter,13,3,21.,1,false,true,false,true,28.,28.,26.,26.,11.0728132644
1.01126578963,Voter,13,3,26.,1,false,true,false,true,28.,28.,26.,26.,11.0728173431
1.01126578963,Voter,13,3,31.,1,false,true,false,true,28.,28.,26.,26.,11.0728174562
1.01126578963,Voter,13,3,36.,1,false,true,false,true,28.,28.,26.,26.,11.0728174594
1.01126578963,Voter,13,3,41.,1,false,true,false,true,28.,28.,26.,26.,11.0728174595
1.01126578963,Voter,13,3,46.,1,false,true,false,true,28.,28.,26.,26.,11.0728174595
1.01126578963,Voter,13,3,51.,1,false,true,false,true,28.,28.,26.,26.,11.0728174595
1.12997018481,Sample,13,3,1.,1,false,true,false,true,4.,4.,14.,12.,0.
1.12997018481,Sample,13,3,6.,1,false,true,false,true,24.,24.,30.,30.,11.4355482325
1.12997018481,Sample,13,3,11.,1,false,true,false,true,26.,26.,28.,28.,11.781627908
1.12997018481,Sample,13,3,16.,1,false,true,false,true,26.,26.,28.,28.,11.7928601298
1.12997018481,Sample,13,3,21.,1,false,true,false,true,26.,26.,28.,28.,11.7932423758
1.12997018481,Sample,13,3,26.,1,false,true,false,true,26.,26.,28.,28.,11.793255855
1.12997018481,Sample,13,3,31.,1,false,true,false,true,26.,26.,28.,28.,11.7932563443
1.12997018481,Sample,13,3,36.,1,false,true,false,true,26.,26.,28.,28.,11.7932563625
1.12997018481,Sample,13,3,41.,1,false,true,false,true,26.,26.,28.,28.,11.7932563632
1.12997018481,Sample,13,3,46.,1,false,true,false,true,26.,26.,28.,28.,11.7932563632
1.12997018481,Sample,13,3,51.,1,false,true,false,true,26.,26.,28.,28.,11.7932563632
1.24918052673,Voter,13,7,1.,1,false,true,false,true,38.,36.,80.,72.,0.
1.24918052673,Voter,13,7,6.,1,false,true,false,true,114.,96.,72.,70.,11.9525299639
1.24918052673,Voter,13,7,11.,1,false,true,false,true,114.,96.,72.,68.,12.4199621509
1.24918052673,Voter,13,7,16.,1,false,true,false,true,114.,96.,72.,68.,12.4393563696
1.24918052673,Voter,13,7,21.,1,false,true,false,true,114.,96.,72.,68.,12.4401950419
1.24918052673,Voter,13,7,26.,1,false,true,false,true,114.,96.,72.,68.,12.4402324614
1.24918052673,Voter,13,7,31.,1,false,true,false,true,114.,96.,72.,68.,12.4402341741
1.24918052673,Voter,13,7,36.,1,false,true,false,true,114.,96.,72.,68.,12.4402342542
1.24918052673,Voter,13,7,41.,1,false,true,false,true,114.,96.,72.,68.,12.440234258
1.24918052673,Voter,13,7,46.,1,false,true,false,true,114.,96.,72.,68.,12.4402342582
1.24918052673,Voter,13,7,51.,1,false,true,false,true,114.,96.,72.,68.,12.4402342582
1.02877631725,Voter,13,3,1.,1,false,true,false,true,6.,6.,14.,14.,0.
1.02877631725,Voter,13,3,6.,1,false,true,false,true,28.,28.,16.,16.,10.9210250721
1.02877631725,Voter,13,3,11.,1,false,true,false,true,28.,28.,16.,16.,11.1776686223
1.02877631725,Voter,13,3,16.,1,false,true,false,true,28.,28.,16.,16.,11.1842118861
1.02877631725,Voter,13,3,21.,1,false,true,false,true,28.,28.,16.,16.,11.1843879105
1.02877631725,Voter,13,3,26.,1,false,true,false,true,28.,28.,16.,16.,11.1843928396
1.02877631725,Voter,13,3,31.,1,false,true,false,true,28.,28.,16.,16.,11.1843929822
1.02877631725,Voter,13,3,36.,1,false,true,false,true,28.,28.,16.,16.,11.1843929864
1.02877631725,Voter,13,3,41.,1,false,true,false,true,28.,28.,16.,16.,11.1843929866
1.02877631725,Voter,13,3,46.,1,false,true,false,true,28.,28.,16.,16.,11.1843929866
1.02877631725,Voter,13,3,51.,1,false,true,false,true,28.,28.,16.,16.,11.1843929866
0.915285451673,Voter,13,6,1.,1,false,true,false,true,48.,46.,54.,52.,0.
0.915285451673,Voter,13,6,6.,1,false,true,false,true,134.,112.,84.,70.,10.2490884291
0.915285451673,Voter,13,6,11.,1,false,true,false,true,134.,112.,84.,70.,10.4217272404
0.915285451673,Voter,13,6,16.,1,false,true,false,true,134.,112.,84.,70.,10.4249352057
0.915285451673,Voter,13,6,21.,1,false,true,false,true,134.,112.,84.,70.,10.4249986594
0.915285451673,Voter,13,6,26.,1,false,true,false,true,134.,112.,84.,70.,10.4249999744
0.915285451673,Voter,13,6,31.,1,false,true,false,true,134.,112.,84.,70.,10.4250000027
0.915285451673,Voter,13,6,36.,1,false,true,false,true,134.,112.,84.,70.,10.4250000034
0.915285451673,Voter,13,6,41.,1,false,true,false,true,134.,112.,84.,70.,10.4250000034
0.915285451673,Voter,13,6,46.,1,false,true,false,true,134.,112.,84.,70.,10.4250000034
0.915285451673,Voter,13,6,51.,1,false,true,false,true,134.,112.,84.,70.,10.4250000034
1.2932675487,Sample,13,5,1.,1,false,true,false,true,12.,12.,38.,36.,0.
1.2932675487,Sample,13,5,6.,1,false,true,false,true,50.,44.,40.,36.,12.1218032247
1.2932675487,Sample,13,5,11.,1,false,true,false,true,54.,48.,40.,36.,12.6380713992
1.2932675487,Sample,13,5,16.,1,false,true,false,true,58.,52.,44.,40.,12.6613210345
1.2932675487,Sample,13,5,21.,1,false,true,false,true,58.,52.,44.,40.,12.6624101695
1.2932675487,Sample,13,5,26.,1,false,true,false,true,58.,52.,44.,40.,12.6624627402
1.2932675487,Sample,13,5,31.,1,false,true,false,true,58.,52.,44.,40.,12.6624653403
1.2932675487,Sample,13,5,36.,1,false,true,false,true,58.,52.,44.,40.,12.6624654716
1.2932675487,Sample,13,5,41.,1,false,true,false,true,58.,52.,44.,40.,12.6624654783
1.2932675487,Sample,13,5,46.,1,false,true,false,true,58.,52.,44.,40.,12.6624654787
1.2932675487,Sample,13,5,51.,1,false,true,false,true,58.,52.,44.,40.,12.6624654787
1.09160462269,Voter,13,4,1.,1,false,true,false,true,18.,16.,30.,28.,0.
1.09160462269,Voter,13,4,6.,1,false,true,false,true,62.,52.,62.,50.,11.2491909061
1.09160462269,Voter,13,4,11.,1,false,true,false,true,66.,56.,66.,54.,11.5598177289
1.09160462269,Voter,13,4,16.,1,false,true,false,true,66.,56.,66.,54.,11.5690540907
1.09160462269,Voter,13,4,21.,1,false,true,false,true,66.,56.,66.,54.,11.5693427078
1.09160462269,Voter,13,4,26.,1,false,true,false,true,66.,56.,66.,54.,11.5693520679
1.09160462269,Voter,13,4,31.,1,false,true,false,true,66.,56.,66.,54.,11.5693523808
1.09160462269,Voter,13,4,36.,1,false,true,false,true,66.,56.,66.,54.,11.5693523915
1.09160462269,Voter,13,4,41.,1,false,true,false,true,66.,56.,66.,54.,11.5693523919
1.09160462269,Voter,13,4,46.,1,false,true,false,true,66.,56.,66.,54.,11.5693523919
1.09160462269,Voter,13,4,51.,1,false,true,false,true,66.,56.,66.,54.,11.5693523919
1.03482590738,Voter,13,7,1.,1,false,true,false,true,60.,56.,134.,114.,0.
1.03482590738,Voter,13,7,6.,1,false,true,false,true,214.,174.,188.,156.,10.9539146327
1.03482590738,Voter,13,7,11.,1,false,true,false,true,216.,174.,190.,158.,11.2155301077
1.03482590738,Voter,13,7,16.,1,false,true,false,true,216.,174.,190.,158.,11.2223037274
1.03482590738,Voter,13,7,21.,1,false,true,false,true,216.,174.,190.,158.,11.2224887027
1.03482590738,Voter,13,7,26.,1,false,true,false,true,216.,174.,190.,158.,11.2224939591
1.03482590738,Voter,13,7,31.,1,false,true,false,true,216.,174.,190.,158.,11.2224941134
1.03482590738,Voter,13,7,36.,1,false,true,false,true,216.,174.,190.,158.,11.2224941181
1.03482590738,Voter,13,7,41.,1,false,true,false,true,216.,174.,190.,158.,11.2224941182
1.03482590738,Voter,13,7,46.,1,false,true,false,true,216.,174.,190.,158.,11.2224941182
1.03482590738,Voter,13,7,51.,1,false,true,false,true,216.,174.,190.,158.,11.2224941182
1.35348055712,Voter,13,5,1.,1,false,true,false,true,6.,6.,34.,32.,0.
1.35348055712,Voter,13,5,6.,1,false,true,false,true,28.,28.,20.,20.,12.3355287831
1.35348055712,Voter,13,5,11.,1,false,true,false,true,28.,28.,20.,20.,12.9216035714
1.35348055712,Voter,13,5,16.,1,false,true,false,true,28.,28.,20.,20.,12.950924318
1.35348055712,Voter,13,5,21.,1,false,true,false,true,28.,28.,20.,20.,12.9524464961
1.35348055712,Voter,13,5,26.,1,false,true,false,true,28.,28.,20.,20.,12.9525277817
1.35348055712,Voter,13,5,31.,1,false,true,false,true,28.,28.,20.,20.,12.9525322234
1.35348055712,Voter,13,5,36.,1,false,true,false,true,28.,28.,20.,20.,12.952532471
1.35348055712,Voter,13,5,41.,1,false,true,false,true,28.,28.,20.,20.,12.952532485
1.35348055712,Voter,13,5,46.,1,false,true,false,true,28.,28.,20.,20.,12.9525324858
1.35348055712,Voter,13,5,51.,1,false,true,false,true,28.,28.,20.,20.,12.9525324858
1.19601330104,Sample,13,7,1.,1,false,true,false,true,58.,54.,136.,108.,0.
1.19601330104,Sample,13,7,6.,1,false,true,false,true,168.,140.,154.,134.,11.7330740415
1.19601330104,Sample,13,7,11.,1,false,true,false,true,170.,142.,152.,132.,12.1443728055
1.19601330104,Sample,13,7,16.,1,false,true,false,true,170.,142.,152.,132.,12.1597381217
1.19601330104,Sample,13,7,21.,1,false,true,false,true,170.,142.,152.,132.,12.1603379039
1.19601330104,Sample,13,7,26.,1,false,true,false,true,170.,142.,152.,132.,12.1603621034
1.19601330104,Sample,13,7,31.,1,false,true,false,true,170.,142.,152.,132.,12.1603631065
1.19601330104,Sample,13,7,36.,1,false,true,false,true,170.,142.,152.,132.,12.160363149
1.19601330104,Sample,13,7,41.,1,false,true,false,true,170.,142.,152.,132.,12.1603631509
1.19601330104,Sample,13,7,46.,1,false,true,false,true,170.,142.,152.,132.,12.160363151
1.19601330104,Sample,13,7,51.,1,false,true,false,true,170.,142.,152.,132.,12.160363151
1.1952575376,Voter,13,7,1.,1,false,true,false,true,14.,14.,62.,56.,0.
1.1952575376,Voter,13,7,6.,1,false,true,false,true,80.,74.,36.,36.,11.7298289193
1.1952575376,Voter,13,7,11.,1,false,true,false,true,80.,74.,36.,36.,12.1403524794
1.1952575376,Voter,13,7,16.,1,false,true,false,true,80.,74.,36.,36.,12.1556651936
1.1952575376,Voter,13,7,21.,1,false,true,false,true,80.,74.,36.,36.,12.1562620236
1.1952575376,Voter,13,7,26.,1,false,true,false,true,80.,74.,36.,36.,12.1562860684
1.1952575376,Voter,13,7,31.,1,false,true,false,true,80.,74.,36.,36.,12.1562870636
1.1952575376,Voter,13,7,36.,1,false,true,false,true,80.,74.,36.,36.,12.1562871058
1.1952575376,Voter,13,7,41.,1,false,true,false,true,80.,74.,36.,36.,12.1562871076
1.1952575376,Voter,13,7,46.,1,false,true,false,true,80.,74.,36.,36.,12.1562871077
1.1952575376,Voter,13,7,51.,1,false,true,false,true,80.,74.,36.,36.,12.1562871077
1.30861193894,Voter,13,3,1.,1,false,true,false,true,4.,4.,16.,14.,0.
1.30861193894,Voter,13,3,6.,1,false,true,false,true,18.,16.,10.,10.,12.1781369673
1.30861193894,Voter,13,3,11.,1,false,true,false,true,18.,16.,10.,10.,12.7118639744
1.30861193894,Voter,13,3,16.,1,false,true,false,true,18.,16.,10.,10.,12.7365704072
1.30861193894,Voter,13,3,21.,1,false,true,false,true,18.,16.,10.,10.,12.7377593111
1.30861193894,Voter,13,3,26.,1,false,true,false,true,18.,16.,10.,10.,12.737818234
1.30861193894,Voter,13,3,31.,1,false,true,false,true,18.,16.,10.,10.,12.7378212253
1.30861193894,Voter,13,3,36.,1,false,true,false,true,18.,16.,10.,10.,12.7378213803
1.30861193894,Voter,13,3,41.,1,false,true,false,true,18.,16.,10.,10.,12.7378213884
1.30861193894,Voter,13,3,46.,1,false,true,false,true,18.,16.,10.,10.,12.7378213889
1.30861193894,Voter,13,3,51.,1,false,true,false,true,18.,16.,10.,10.,12.7378213889
1.3085202621,Voter,13,3,1.,1,false,true,false,true,6.,6.,12.,12.,0.
1.3085202621,Voter,13,3,6.,1,false,true,false,true,16.,14.,10.,10.,12.1778042594
1.3085202621,Voter,13,3,11.,1,false,true,false,true,16.,14.,10.,10.,12.7114262697
1.3085202621,Voter,13,3,16.,1,false,true,false,true,16.,14.,10.,10.,12.7361238183
1.3085202621,Voter,13,3,21.,1,false,true,false,true,16.,14.,10.,10.,12.7373121056
1.3085202621,Voter,13,3,26.,1,false,true,false,true,16.,14.,10.,10.,12.7373709888
1.3085202621,Voter,13,3,31.,1,false,true,false,true,16.,14.,10.,10.,12.7373739775
1.3085202621,Voter,13,3,36.,1,false,true,false,true,16.,14.,10.,10.,12.7373741324
1.3085202621,Voter,13,3,41.,1,false,true,false,true,16.,14.,10.,10.,12.7373741405
1.3085202621,Voter,13,3,46.,1,false,true,false,true,16.,14.,10.,10.,12.737374141
1.3085202621,Voter,13,3,51.,1,false,true,false,true,16.,14.,10.,10.,12.737374141
1.00664958851,Voter,13,6,1.,1,false,true,false,true,36.,34.,52.,46.,0.
1.00664958851,Voter,13,6,6.,1,false,true,false,true,88.,76.,60.,54.,10.7983019465
1.00664958851,Voter,13,6,11.,1,false,true,false,true,90.,76.,58.,54.,11.0371790563
1.00664958851,Voter,13,6,16.,1,false,true,false,true,90.,76.,58.,54.,11.0429288524
1.00664958851,Voter,13,6,21.,1,false,true,false,true,90.,76.,58.,54.,11.0430751099
1.00664958851,Voter,13,6,26.,1,false,true,false,true,90.,76.,58.,54.,11.0430789868
1.00664958851,Voter,13,6,31.,1,false,true,false,true,90.,76.,58.,54.,11.0430790931
1.00664958851,Voter,13,6,36.,1,false,true,false,true,90.,76.,58.,54.,11.0430790961
1.00664958851,Voter,13,6,41.,1,false,true,false,true,90.,76.,58.,54.,11.0430790962
1.00664958851,Voter,13,6,46.,1,false,true,false,true,90.,76.,58.,54.,11.0430790962
1.00664958851,Voter,13,6,51.,1,false,true,false,true,90.,76.,58.,54.,11.0430790962
1.12664418458,Sample,13,5,1.,1,false,true,false,true,28.,24.,72.,58.,0.
1.12664418458,Sample,13,5,6.,1,false,true,false,true,96.,78.,96.,80.,11.4197970183
1.12664418458,Sample,13,5,11.,1,false,true,false,true,96.,80.,96.,80.,11.7627306846
1.12664418458,Sample,13,5,16.,1,false,true,false,true,96.,80.,96.,80.,11.7737785994
1.12664418458,Sample,13,5,21.,1,false,true,false,true,96.,80.,96.,80.,11.7741518665
1.12664418458,Sample,13,5,26.,1,false,true,false,true,96.,80.,96.,80.,11.774164936
1.12664418458,Sample,13,5,31.,1,false,true,false,true,96.,80.,96.,80.,11.7741654072
1.12664418458,Sample,13,5,36.,1,false,true,false,true,96.,80.,96.,80.,11.7741654246
1.12664418458,Sample,13,5,41.,1,false,true,false,true,96.,80.,96.,80.,11.7741654252
1.12664418458,Sample,13,5,46.,1,false,true,false,true,96.,80.,96.,80.,11.7741654253
1.12664418458,Sample,13,5,51.,1,false,true,false,true,96.,80.,96.,80.,11.7741654253
0.905717050797,Sample,13,5,1.,1,false,true,false,true,40.,34.,76.,66.,0.
0.905717050797,Sample,13,5,6.,1,false,true,false,true,98.,76.,66.,60.,10.1874029404
0.905717050797,Sample,13,5,11.,1,false,true,false,true,100.,78.,68.,62.,10.3537800653
0.905717050797,Sample,13,5,16.,1,false,true,false,true,100.,78.,68.,62.,10.356782473
0.905717050797,Sample,13,5,21.,1,false,true,false,true,100.,78.,68.,62.,10.3568401963
0.905717050797,Sample,13,5,26.,1,false,true,false,true,100.,78.,68.,62.,10.3568413597
0.905717050797,Sample,13,5,31.,1,false,true,false,true,100.,78.,68.,62.,10.3568413841
0.905717050797,Sample,13,5,36.,1,false,true,false,true,100.,78.,68.,62.,10.3568413846
0.905717050797,Sample,13,5,41.,1,false,true,false,true,100.,78.,68.,62.,10.3568413846
0.905717050797,Sample,13,5,46.,1,false,true,false,true,100.,78.,68.,62.,10.3568413846
0.905717050797,Sample,13,5,51.,1,false,true,false,true,100.,78.,68.,62.,10.3568413846
1.14232010077,Voter,13,6,1.,1,false,true,false,true,26.,24.,32.,28.,0.
1.14232010077,Voter,13,6,6.,1,false,true,false,true,72.,62.,42.,36.,11.4933765942
1.14232010077,Voter,13,6,11.,1,false,true,false,true,74.,64.,40.,34.,11.8512563051
1.14232010077,Voter,13,6,16.,1,false,true,false,true,74.,64.,40.,34.,11.8631922461
1.14232010077,Voter,13,6,21.,1,false,true,false,true,74.,64.,40.,34.,11.8636093707
1.14232010077,Voter,13,6,26.,1,false,true,false,true,74.,64.,40.,34.,11.8636244681
1.14232010077,Voter,13,6,31.,1,false,true,false,true,74.,64.,40.,34.,11.8636250304
1.14232010077,Voter,13,6,36.,1,false,true,false,true,74.,64.,40.,34.,11.8636250519
1.14232010077,Voter,13,6,41.,1,false,true,false,true,74.,64.,40.,34.,11.8636250527
1.14232010077,Voter,13,6,46.,1,false,true,false,true,74.,64.,40.,34.,11.8636250527
1.14232010077,Voter,13,6,51.,1,false,true,false,true,74.,64.,40.,34.,11.8636250527
1.0363469687,Sample,13,4,1.,1,false,true,false,true,12.,12.,28.,26.,0.
1.0363469687,Sample,13,4,6.,1,false,true,false,true,32.,26.,16.,16.,10.9621398382
1.0363469687,Sample,13,4,11.,1,false,true,false,true,32.,26.,16.,16.,11.2250130963
1.0363469687,Sample,13,4,16.,1,false,true,false,true,32.,26.,16.,16.,11.2318455638
1.0363469687,Sample,13,4,21.,1,false,true,false,true,32.,26.,16.,16.,11.2320328474
1.0363469687,Sample,13,4,26.,1,false,true,false,true,32.,26.,16.,16.,11.2320381889
1.0363469687,Sample,13,4,31.,1,false,true,false,true,32.,26.,16.,16.,11.2320383463
1.0363469687,Sample,13,4,36.,1,false,true,false,true,32.,26.,16.,16.,11.2320383511
1.0363469687,Sample,13,4,41.,1,false,true,false,true,32.,26.,16.,16.,11.2320383512
1.0363469687,Sample,13,4,46.,1,false,true,false,true,32.,26.,16.,16.,11.2320383512
1.0363469687,Sample,13,4,51.,1,false,true,false,true,32.,26.,16.,16.,11.2320383512
0.812747311971,Voter,13,6,1.,1,false,true,false,true,40.,40.,36.,34.,0.
0.812747311971,Voter,13,6,6.,1,false,true,false,true,86.,72.,34.,32.,9.54332707135
0.812747311971,Voter,13,6,11.,1,false,true,false,true,86.,72.,34.,32.,9.6556212174
0.812747311971,Voter,13,6,16.,1,false,true,false,true,86.,72.,34.,32.,9.65710797637
0.812747311971,Voter,13,6,21.,1,false,true,false,true,86.,72.,34.,32.,9.65712914622
0.812747311971,Voter,13,6,26.,1,false,true,false,true,86.,72.,34.,32.,9.65712946448
0.812747311971,Voter,13,6,31.,1,false,true,false,true,86.,72.,34.,32.,9.65712946948
0.812747311971,Voter,13,6,36.,1,false,true,false,true,86.,72.,34.,32.,9.65712946956
0.812747311971,Voter,13,6,41.,1,false,true,false,true,86.,72.,34.,32.,9.65712946956
0.812747311971,Voter,13,6,46.,1,false,true,false,true,86.,72.,34.,32.,9.65712946956
0.812747311971,Voter,13,6,51.,1,false,true,false,true,86.,72.,34.,32.,9.65712946956
1.15867937819,Voter,13,3,1.,1,false,true,false,true,4.,4.,6.,4.,0.
1.15867937819,Voter,13,3,6.,1,false,true,false,true,12.,10.,2.,2.,11.568402817
1.15867937819,Voter,13,3,11.,1,false,true,false,true,12.,10.,2.,2.,11.942197576
1.15867937819,Voter,13,3,16.,1,false,true,false,true,12.,10.,2.,2.,11.9551136045
1.15867937819,Voter,13,3,21.,1,false,true,false,true,12.,10.,2.,2.,11.9555808333
1.15867937819,Voter,13,3,26.,1,false,true,false,true,12.,10.,2.,2.,11.9555983271
1.15867937819,Voter,13,3,31.,1,false,true,false,true,12.,10.,2.,2.,11.9555990008
1.15867937819,Voter,13,3,36.,1,false,true,false,true,12.,10.,2.,2.,11.9555990273
1.15867937819,Voter,13,3,41.,1,false,true,false,true,12.,10.,2.,2.,11.9555990284
1.15867937819,Voter,13,3,46.,1,false,true,false,true,12.,10.,2.,2.,11.9555990284
1.15867937819,Voter,13,3,51.,1,false,true,false,true,12.,10.,2.,2.,11.9555990284
1.37146271402,Sample,13,7,1.,1,false,true,false,true,68.,64.,126.,106.,0.
1.37146271402,Sample,13,7,6.,1,false,true,false,true,174.,138.,120.,100.,12.39563382
1.37146271402,Sample,13,7,11.,1,false,true,false,true,192.,148.,126.,108.,13.0032079498
1.37146271402,Sample,13,7,16.,1,false,true,false,true,192.,148.,126.,108.,13.0345304045
1.37146271402,Sample,13,7,21.,1,false,true,false,true,192.,148.,126.,108.,13.0362049011
1.37146271402,Sample,13,7,26.,1,false,true,false,true,192.,148.,126.,108.,13.0362969385
1.37146271402,Sample,13,7,31.,1,false,true,false,true,192.,148.,126.,108.,13.0363021129
1.37146271402,Sample,13,7,36.,1,false,true,false,true,192.,148.,126.,108.,13.0363024095
1.37146271402,Sample,13,7,41.,1,false,true,false,true,192.,148.,126.,108.,13.0363024268
1.37146271402,Sample,13,7,46.,1,false,true,false,true,192.,148.,126.,108.,13.0363024279
1.37146271402,Sample,13,7,51.,1,false,true,false,true,192.,148.,126.,108.,13.0363024279
1.38086658693,Sample,13,6,1.,1,false,true,false,true,48.,46.,94.,82.,0.
1.38086658693,Sample,13,6,6.,1,false,true,false,true,106.,96.,88.,80.,12.4264079113
1.38086658693,Sample,13,6,11.,1,false,true,false,true,120.,102.,86.,76.,13.045338906
1.38086658693,Sample,13,6,16.,1,false,true,false,true,120.,102.,86.,76.,13.0777437213
1.38086658693,Sample,13,6,21.,1,false,true,false,true,120.,102.,86.,76.,13.0795024427
1.38086658693,Sample,13,6,26.,1,false,true,false,true,120.,102.,86.,76.,13.0796005566
1.38086658693,Sample,13,6,31.,1,false,true,false,true,120.,102.,86.,76.,13.0796061541
1.38086658693,Sample,13,6,36.,1,false,true,false,true,120.,102.,86.,76.,13.0796064797
1.38086658693,Sample,13,6,41.,1,false,true,false,true,120.,102.,86.,76.,13.0796064989
1.38086658693,Sample,13,6,46.,1,false,true,false,true,120.,102.,86.,76.,13.0796065001
1.38086658693,Sample,13,6,51.,1,false,true,false,true,120.,102.,86.,76.,13.0796065001
1.34943710006,Sample,13,6,1.,1,false,true,false,true,42.,38.,88.,74.,0.
1.34943710006,Sample,13,6,6.,1,false,true,false,true,130.,106.,124.,100.,12.3217831139
1.34943710006,Sample,13,6,11.,1,false,true,false,true,138.,110.,128.,102.,12.9030635973
1.34943710006,Sample,13,6,16.,1,false,true,false,true,138.,110.,128.,102.,12.9319464156
1.34943710006,Sample,13,6,21.,1,false,true,false,true,138.,110.,128.,102.,12.9334358783
1.34943710006,Sample,13,6,26.,1,false,true,false,true,138.,110.,128.,102.,12.9335148962
1.34943710006,Sample,13,6,31.,1,false,true,false,true,138.,110.,128.,102.,12.933519186
1.34943710006,Sample,13,6,36.,1,false,true,false,true,138.,110.,128.,102.,12.9335194236
1.34943710006,Sample,13,6,41.,1,false,true,false,true,138.,110.,128.,102.,12.933519437
1.34943710006,Sample,13,6,46.,1,false,true,false,true,138.,110.,128.,102.,12.9335194377
1.34943710006,Sample,13,6,51.,1,false,true,false,true,138.,110.,128.,102.,12.9335194378
1.34162935796,Voter,13,7,1.,1,false,true,false,true,36.,32.,58.,54.,0.
1.34162935796,Voter,13,7,6.,1,false,true,false,true,100.,82.,42.,38.,12.2949984742
1.34162935796,Voter,13,7,11.,1,false,true,false,true,102.,84.,44.,40.,12.8670636529
1.34162935796,Voter,13,7,16.,1,false,true,false,true,102.,84.,44.,40.,12.895113377
1.34162935796,Voter,13,7,21.,1,false,true,false,true,102.,84.,44.,40.,12.8965412188
1.34162935796,Voter,13,7,26.,1,false,true,false,true,102.,84.,44.,40.,12.8966160063
1.34162935796,Voter,13,7,31.,1,false,true,false,true,102.,84.,44.,40.,12.8966200157
1.34162935796,Voter,13,7,36.,1,false,true,false,true,102.,84.,44.,40.,12.896620235
1.34162935796,Voter,13,7,41.,1,false,true,false,true,102.,84.,44.,40.,12.8966202472
1.34162935796,Voter,13,7,46.,1,false,true,false,true,102.,84.,44.,40.,12.8966202479
1.34162935796,Voter,13,7,51.,1,false,true,false,true,102.,84.,44.,40.,12.8966202479
0.898143181021,Voter,13,4,1.,1,false,true,false,true,20.,20.,32.,30.,0.
0.898143181021,Voter,13,4,6.,1,false,true,false,true,46.,42.,26.,26.,10.1379891767
0.898143181021,Voter,13,4,11.,1,false,true,false,true,46.,42.,26.,26.,10.2995016592
0.898143181021,Voter,13,4,16.,1,false,true,false,true,46.,42.,26.,26.,10.3023486033
0.898143181021,Voter,13,4,21.,1,false,true,false,true,46.,42.,26.,26.,10.3024021035
0.898143181021,Voter,13,4,26.,1,false,true,false,true,46.,42.,26.,26.,10.3024031581
0.898143181021,Voter,13,4,31.,1,false,true,false,true,46.,42.,26.,26.,10.3024031797
0.898143181021,Voter,13,4,36.,1,false,true,false,true,46.,42.,26.,26.,10.3024031801
0.898143181021,Voter,13,4,41.,1,false,true,false,true,46.,42.,26.,26.,10.3024031801
0.898143181021,Voter,13,4,46.,1,false,true,false,true,46.,42.,26.,26.,10.3024031801
0.898143181021,Voter,13,4,51.,1,false,true,false,true,46.,42.,26.,26.,10.3024031801
1.11912359568,Voter,13,5,1.,1,false,true,false,true,16.,16.,42.,40.,0.
1.11912359568,Voter,13,5,6.,1,false,true,false,true,60.,50.,30.,28.,11.3839011819
1.11912359568,Voter,13,5,11.,1,false,true,false,true,62.,50.,28.,26.,11.7197715507
1.11912359568,Voter,13,5,16.,1,false,true,false,true,62.,50.,28.,26.,11.7304107585
1.11912359568,Voter,13,5,21.,1,false,true,false,true,62.,50.,28.,26.,11.7307643503
1.11912359568,Voter,13,5,26.,1,false,true,false,true,62.,50.,28.,26.,11.7307765325
1.11912359568,Voter,13,5,31.,1,false,true,false,true,62.,50.,28.,26.,11.7307769648
1.11912359568,Voter,13,5,36.,1,false,true,false,true,62.,50.,28.,26.,11.7307769805
1.11912359568,Voter,13,5,41.,1,false,true,false,true,62.,50.,28.,26.,11.7307769811
1.11912359568,Voter,13,5,46.,1,false,true,false,true,62.,50.,28.,26.,11.7307769811
1.11912359568,Voter,13,5,51.,1,false,true,false,true,62.,50.,28.,26.,11.7307769811
0.902906299717,Sample,13,3,1.,1,false,true,false,true,24.,24.,26.,26.,0.
0.902906299717,Sample,13,3,6.,1,false,true,false,true,44.,36.,42.,40.,10.1691257298
0.902906299717,Sample,13,3,11.,1,false,true,false,true,44.,36.,42.,40.,10.333688056
0.902906299717,Sample,13,3,16.,1,false,true,false,true,44.,36.,42.,40.,10.3366320327
0.902906299717,Sample,13,3,21.,1,false,true,false,true,44.,36.,42.,40.,10.3366881574
0.902906299717,Sample,13,3,26.,1,false,true,false,true,44.,36.,42.,40.,10.3366892793
0.902906299717,Sample,13,3,31.,1,false,true,false,true,44.,36.,42.,40.,10.3366893027
0.902906299717,Sample,13,3,36.,1,false,true,false,true,44.,36.,42.,40.,10.3366893032
0.902906299717,Sample,13,3,41.,1,false,true,false,true,44.,36.,42.,40.,10.3366893032
0.902906299717,Sample,13,3,46.,1,false,true,false,true,44.,36.,42.,40.,10.3366893032
0.902906299717,Sample,13,3,51.,1,false,true,false,true,44.,36.,42.,40.,10.3366893032
1.11246949505,Sample,13,7,1.,1,false,true,false,true,56.,50.,148.,116.,0.
1.11246949505,Sample,13,7,6.,1,false,true,false,true,206.,160.,230.,184.,11.3518150606
1.11246949505,Sample,13,7,11.,1,false,true,false,true,210.,164.,234.,188.,11.6814944367
1.11246949505,Sample,13,7,16.,1,false,true,false,true,210.,164.,234.,188.,11.6917812174
1.11246949505,Sample,13,7,21.,1,false,true,false,true,210.,164.,234.,188.,11.6921181083
1.11246949505,Sample,13,7,26.,1,false,true,false,true,210.,164.,234.,188.,11.692129549
1.11246949505,Sample,13,7,31.,1,false,true,false,true,210.,164.,234.,188.,11.6921299491
1.11246949505,Sample,13,7,36.,1,false,true,false,true,210.,164.,234.,188.,11.6921299635
1.11246949505,Sample,13,7,41.,1,false,true,false,true,210.,164.,234.,188.,11.692129964
1.11246949505,Sample,13,7,46.,1,false,true,false,true,210.,164.,234.,188.,11.6921299641
1.11246949505,Sample,13,7,51.,1,false,true,false,true,210.,164.,234.,188.,11.6921299641
0.899054677924,Sample,13,3,1.,1,false,true,false,true,0.,0.,12.,12.,0.
0.899054677924,Sample,13,3,6.,1,false,true,false,true,12.,12.,0.,0.,10.1439636333
0.899054677924,Sample,13,3,11.,1,false,true,false,true,12.,12.,0.,0.,10.3060572657
0.899054677924,Sample,13,3,16.,1,false,true,false,true,12.,12.,0.,0.,10.3089225868
0.899054677924,Sample,13,3,21.,1,false,true,false,true,12.,12.,0.,0.,10.3089765811
0.899054677924,Sample,13,3,26.,1,false,true,false,true,12.,12.,0.,0.,10.3089776483
0.899054677924,Sample,13,3,31.,1,false,true,false,true,12.,12.,0.,0.,10.3089776702
0.899054677924,Sample,13,3,36.,1,false,true,false,true,12.,12.,0.,0.,10.3089776707
0.899054677924,Sample,13,3,41.,1,false,true,false,true,12.,12.,0.,0.,10.3089776707
0.899054677924,Sample,13,3,46.,1,false,true,false,true,12.,12.,0.,0.,10.3089776707
0.899054677924,Sample,13,3,51.,1,false,true,false,true,12.,12.,0.,0.,10.3089776707
0.84614388711,Voter,13,3,1.,1,false,true,false,true,4.,4.,2.,2.,0.
0.84614388711,Voter,13,3,6.,1,false,true,false,true,8.,8.,2.,2.,9.78430960547
0.84614388711,Voter,13,3,11.,1,false,true,false,true,8.,8.,2.,2.,9.91462015644
0.84614388711,Voter,13,3,16.,1,false,true,false,true,8.,8.,2.,2.,9.91655924649
0.84614388711,Voter,13,3,21.,1,false,true,false,true,8.,8.,2.,2.,9.91659016561
0.84614388711,Voter,13,3,26.,1,false,true,false,true,8.,8.,2.,2.,9.91659068471
0.84614388711,Voter,13,3,31.,1,false,true,false,true,8.,8.,2.,2.,9.9165906938
0.84614388711,Voter,13,3,36.,1,false,true,false,true,8.,8.,2.,2.,9.91659069397
0.84614388711,Voter,13,3,41.,1,false,true,false,true,8.,8.,2.,2.,9.91659069397
0.84614388711,Voter,13,3,46.,1,false,true,false,true,8.,8.,2.,2.,9.91659069397
0.84614388711,Voter,13,3,51.,1,false,true,false,true,8.,8.,2.,2.,9.91659069397
1.26432446364,Voter,13,3,1.,1,false,true,false,true,10.,10.,16.,14.,0.
1.26432446364,Voter,13,3,6.,1,false,true,false,true,24.,24.,22.,22.,12.011938475
1.26432446364,Voter,13,3,11.,1,false,true,false,true,24.,24.,22.,22.,12.4959191748
1.26432446364,Voter,13,3,16.,1,false,true,false,true,24.,24.,22.,22.,12.5165835003
1.26432446364,Voter,13,3,21.,1,false,true,false,true,24.,24.,22.,22.,12.5175024352
1.26432446364,Voter,13,3,26.,1,false,true,false,true,24.,24.,22.,22.,12.5175445782
1.26432446364,Voter,13,3,31.,1,false,true,false,true,24.,24.,22.,22.,12.5175465601
1.26432446364,Voter,13,3,36.,1,false,true,false,true,24.,24.,22.,22.,12.5175466553
1.26432446364,Voter,13,3,41.,1,false,true,false,true,24.,24.,22.,22.,12.5175466599
1.26432446364,Voter,13,3,46.,1,false,true,false,true,24.,24.,22.,22.,12.5175466602
1.26432446364,Voter,13,3,51.,1,false,true,false,true,24.,24.,22.,22.,12.5175466602
0.877723287509,Sample,13,7,1.,1,false,true,false,true,90.,80.,208.,166.,0.
0.877723287509,Sample,13,7,6.,1,false,true,false,true,308.,234.,342.,262.,10.0021398557
0.877723287509,Sample,13,7,11.,1,false,true,false,true,318.,240.,344.,260.,10.1509417966
0.877723287509,Sample,13,7,16.,1,false,true,false,true,318.,240.,344.,260.,10.1534001452
0.877723287509,Sample,13,7,21.,1,false,true,false,true,318.,240.,344.,260.,10.1534435278
0.877723287509,Sample,13,7,26.,1,false,true,false,true,318.,240.,344.,260.,10.1534443319
0.877723287509,Sample,13,7,31.,1,false,true,false,true,318.,240.,344.,260.,10.1534443474
0.877723287509,Sample,13,7,36.,1,false,true,false,true,318.,240.,344.,260.,10.1534443478
0.877723287509,Sample,13,7,41.,1,false,true,false,true,318.,240.,344.,260.,10.1534443478
0.877723287509,Sample,13,7,46.,1,false,true,false,true,318.,240.,344.,260.,10.1534443478
0.877723287509,Sample,13,7,51.,1,false,true,false,true,318.,240.,344.,260.,10.1534443478
1.05185775277,Voter,13,7,1.,1,false,true,false,true,30.,28.,80.,70.,0.
1.05185775277,Voter,13,7,6.,1,false,true,false,true,98.,80.,80.,72.,11.0450087914
1.05185775277,Voter,13,7,11.,1,false,true,false,true,104.,84.,82.,74.,11.3208833482
1.05185775277,Voter,13,7,16.,1,false,true,false,true,104.,84.,82.,74.,11.32833762
1.05185775277,Voter,13,7,21.,1,false,true,false,true,104.,84.,82.,74.,11.3285498187
1.05185775277,Voter,13,7,26.,1,false,true,false,true,104.,84.,82.,74.,11.3285560993
1.05185775277,Voter,13,7,31.,1,false,true,false,true,104.,84.,82.,74.,11.3285562912
1.05185775277,Voter,13,7,36.,1,false,true,false,true,104.,84.,82.,74.,11.3285562972
1.05185775277,Voter,13,7,41.,1,false,true,false,true,104.,84.,82.,74.,11.3285562974
1.05185775277,Voter,13,7,46.,1,false,true,false,true,104.,84.,82.,74.,11.3285562974
1.05185775277,Voter,13,7,51.,1,false,true,false,true,104.,84.,82.,74.,11.3285562974
0.883150023211,Sample,13,4,1.,1,false,true,false,true,18.,18.,18.,18.,0.
0.883150023211,Sample,13,4,6.,1,false,true,false,true,42.,40.,26.,22.,10.0386201003
0.883150023211,Sample,13,4,11.,1,false,true,false,true,44.,40.,24.,20.,10.1907422558
0.883150023211,Sample,13,4,16.,1,false,true,false,true,44.,40.,24.,20.,10.1932996429
0.883150023211,Sample,13,4,21.,1,false,true,false,true,44.,40.,24.,20.,10.1933455428
0.883150023211,Sample,13,4,26.,1,false,true,false,true,44.,40.,24.,20.,10.1933464078
0.883150023211,Sample,13,4,31.,1,false,true,false,true,44.,40.,24.,20.,10.1933464248
0.883150023211,Sample,13,4,36.,1,false,true,false,true,44.,40.,24.,20.,10.1933464251
0.883150023211,Sample,13,4,41.,1,false,true,false,true,44.,40.,24.,20.,10.1933464251
0.883150023211,Sample,13,4,46.,1,false,true,false,true,44.,40.,24.,20.,10.1933464251
0.883150023211,Sample,13,4,51.,1,false,true,false,true,44.,40.,24.,20.,10.1933464251
1.26985239484,Sample,13,3,1.,1,false,true,false,true,0.,0.,10.,10.,0.
1.26985239484,Sample,13,3,6.,1,false,true,false,true,20.,18.,18.,18.,12.0332917538
1.26985239484,Sample,13,3,11.,1,false,true,false,true,20.,18.,18.,18.,12.5233728587
1.26985239484,Sample,13,3,16.,1,false,true,false,true,20.,18.,18.,18.,12.5445148042
1.26985239484,Sample,13,3,21.,1,false,true,false,true,20.,18.,18.,18.,12.5454645033
1.26985239484,Sample,13,3,26.,1,false,true,false,true,20.,18.,18.,18.,12.545508491
1.26985239484,Sample,13,3,31.,1,false,true,false,true,20.,18.,18.,18.,12.5455105798
1.26985239484,Sample,13,3,36.,1,false,true,false,true,20.,18.,18.,18.,12.5455106812
1.26985239484,Sample,13,3,41.,1,false,true,false,true,20.,18.,18.,18.,12.5455106862
1.26985239484,Sample,13,3,46.,1,false,true,false,true,20.,18.,18.,18.,12.5455106864
1.26985239484,Sample,13,3,51.,1,false,true,false,true,20.,18.,18.,18.,12.5455106864
1.33424461893,Sample,13,7,1.,1,false,true,false,true,42.,42.,88.,76.,0.
1.33424461893,Sample,13,7,6.,1,false,true,false,true,124.,106.,74.,66.,12.2693688487
1.33424461893,Sample,13,7,11.,1,false,true,false,true,134.,112.,72.,66.,12.8327698153
1.33424461893,Sample,13,7,16.,1,false,true,false,true,134.,112.,72.,66.,12.8600466707
1.33424461893,Sample,13,7,21.,1,false,true,false,true,134.,112.,72.,66.,12.8614180764
1.33424461893,Sample,13,7,26.,1,false,true,false,true,134.,112.,72.,66.,12.8614890381
1.33424461893,Sample,13,7,31.,1,false,true,false,true,134.,112.,72.,66.,12.8614927969
1.33424461893,Sample,13,7,36.,1,false,true,false,true,134.,112.,72.,66.,12.861493
1.33424461893,Sample,13,7,41.,1,false,true,false,true,134.,112.,72.,66.,12.8614930112
1.33424461893,Sample,13,7,46.,1,false,true,false,true,134.,112.,72.,66.,12.8614930118
1.33424461893,Sample,13,7,51.,1,false,true,false,true,134.,112.,72.,66.,12.8614930119
1.3774131033,Voter,13,6,1.,1,false,true,false,true,18.,18.,46.,46.,0.
1.3774131033,Voter,13,6,6.,1,false,true,false,true,60.,50.,36.,36.,12.4151584346
1.3774131033,Voter,13,6,11.,1,false,true,false,true,60.,50.,36.,36.,13.0299097848
1.3774131033,Voter,13,6,16.,1,false,true,false,true,60.,50.,36.,36.,13.0619142554
1.3774131033,Voter,13,6,21.,1,false,true,false,true,60.,50.,36.,36.,13.0636416735
1.3774131033,Voter,13,6,26.,1,false,true,false,true,60.,50.,36.,36.,13.0637375183
1.3774131033,Voter,13,6,31.,1,false,true,false,true,60.,50.,36.,36.,13.0637429571
1.3774131033,Voter,13,6,36.,1,false,true,false,true,60.,50.,36.,36.,13.0637432717
1.3774131033,Voter,13,6,41.,1,false,true,false,true,60.,50.,36.,36.,13.0637432903
1.3774131033,Voter,13,6,46.,1,false,true,false,true,60.,50.,36.,36.,13.0637432914
1.3774131033,Voter,13,6,51.,1,false,true,false,true,60.,50.,36.,36.,13.0637432914
1.03664138425,Voter,13,3,1.,1,false,true,false,true,2.,2.,18.,18.,0.
1.03664138425,Voter,13,3,6.,1,false,true,false,true,24.,24.,24.,24.,10.9637298542
1.03664138425,Voter,13,3,11.,1,false,true,false,true,24.,24.,24.,24.,11.2268469237
1.03664138425,Voter,13,3,16.,1,false,true,false,true,24.,24.,24.,24.,11.2336908252
1.03664138425,Voter,13,3,21.,1,false,true,false,true,24.,24.,24.,24.,11.2338785583
1.03664138425,Voter,13,3,26.,1,false,true,false,true,24.,24.,24.,24.,11.2338839165
1.03664138425,Voter,13,3,31.,1,false,true,false,true,24.,24.,24.,24.,11.2338840744
1.03664138425,Voter,13,3,36.,1,false,true,false,true,24.,24.,24.,24.,11.2338840792
1.03664138425,Voter,13,3,41.,1,false,true,false,true,24.,24.,24.,24.,11.2338840794
1.03664138425,Voter,13,3,46.,1,false,true,false,true,24.,24.,24.,24.,11.2338840794
1.03664138425,Voter,13,3,51.,1,false,true,false,true,24.,24.,24.,24.,11.2338840794
0.995658318715,Sample,13,5,1.,1,false,true,false,true,10.,10.,34.,32.,0.
0.995658318715,Sample,13,5,6.,1,false,true,false,true,44.,40.,24.,24.,10.735899435
0.995658318715,Sample,13,5,11.,1,false,true,false,true,44.,40.,24.,24.,10.9661977011
0.995658318715,Sample,13,5,16.,1,false,true,false,true,44.,40.,24.,24.,10.971581059
0.995658318715,Sample,13,5,21.,1,false,true,false,true,44.,40.,24.,24.,10.9717141503
0.995658318715,Sample,13,5,26.,1,false,true,false,true,44.,40.,24.,24.,10.9717175811
0.995658318715,Sample,13,5,31.,1,false,true,false,true,44.,40.,24.,24.,10.9717176726
0.995658318715,Sample,13,5,36.,1,false,true,false,true,44.,40.,24.,24.,10.9717176752
0.995658318715,Sample,13,5,41.,1,false,true,false,true,44.,40.,24.,24.,10.9717176752
0.995658318715,Sample,13,5,46.,1,false,true,false,true,44.,40.,24.,24.,10.9717176752
0.995658318715,Sample,13,5,51.,1,false,true,false,true,44.,40.,24.,24.,10.9717176752
1.1413945463,Sample,13,3,1.,1,false,true,false,true,12.,12.,20.,18.,0.
1.1413945463,Sample,13,3,6.,1,false,true,false,true,24.,22.,20.,20.,11.4890784253
1.1413945463,Sample,13,3,11.,1,false,true,false,true,24.,22.,20.,20.,11.8460673554
1.1413945463,Sample,13,3,16.,1,false,true,false,true,24.,22.,20.,20.,11.8579494894
1.1413945463,Sample,13,3,21.,1,false,true,false,true,24.,22.,20.,20.,11.8583639143
1.1413945463,Sample,13,3,26.,1,false,true,false,true,24.,22.,20.,20.,11.858378885
1.1413945463,Sample,13,3,31.,1,false,true,false,true,24.,22.,20.,20.,11.8583794415
1.1413945463,Sample,13,3,36.,1,false,true,false,true,24.,22.,20.,20.,11.8583794627
1.1413945463,Sample,13,3,41.,1,false,true,false,true,24.,22.,20.,20.,11.8583794635
1.1413945463,Sample,13,3,46.,1,false,true,false,true,24.,22.,20.,20.,11.8583794635
1.1413945463,Sample,13,3,51.,1,false,true,false,true,24.,22.,20.,20.,11.8583794635
1.31352331592,Sample,13,4,1.,1,false,true,false,true,22.,22.,46.,44.,0.
1.31352331592,Sample,13,4,6.,1,false,true,false,true,58.,50.,66.,56.,12.1958936747
1.31352331592,Sample,13,4,11.,1,false,true,false,true,60.,52.,68.,58.,12.735257586
1.31352331592,Sample,13,4,16.,1,false,true,false,true,60.,52.,68.,58.,12.7604431673
1.31352331592,Sample,13,4,21.,1,false,true,false,true,60.,52.,68.,58.,12.7616654737
1.31352331592,Sample,13,4,26.,1,false,true,false,true,60.,52.,68.,58.,12.7617265605
1.31352331592,Sample,13,4,31.,1,false,true,false,true,60.,52.,68.,58.,12.7617296872
1.31352331592,Sample,13,4,36.,1,false,true,false,true,60.,52.,68.,58.,12.7617298506
1.31352331592,Sample,13,4,41.,1,false,true,false,true,60.,52.,68.,58.,12.7617298593
1.31352331592,Sample,13,4,46.,1,false,true,false,true,60.,52.,68.,58.,12.7617298597
1.31352331592,Sample,13,4,51.,1,false,true,false,true,60.,52.,68.,58.,12.7617298598
0.998192905879,Sample,13,6,1.,1,false,true,false,true,58.,50.,104.,88.,0.
0.998192905879,Sample,13,6,6.,1,false,true,false,true,92.,74.,90.,78.,10.7503753874
0.998192905879,Sample,13,6,11.,1,false,true,false,true,94.,76.,88.,76.,10.9826373312
0.998192905879,Sample,13,6,16.,1,false,true,false,true,94.,76.,88.,76.,10.9881036013
0.998192905879,Sample,13,6,21.,1,false,true,false,true,94.,76.,88.,76.,10.9882396385
0.998192905879,Sample,13,6,26.,1,false,true,false,true,94.,76.,88.,76.,10.988243168
0.998192905879,Sample,13,6,31.,1,false,true,false,true,94.,76.,88.,76.,10.9882432628
0.998192905879,Sample,13,6,36.,1,false,true,false,true,94.,76.,88.,76.,10.9882432654
0.998192905879,Sample,13,6,41.,1,false,true,false,true,94.,76.,88.,76.,10.9882432654
0.998192905879,Sample,13,6,46.,1,false,true,false,true,94.,76.,88.,76.,10.9882432654
0.998192905879,Sample,13,6,51.,1,false,true,false,true,94.,76.,88.,76.,10.9882432654
1.08498493146,Sample,13,4,1.,1,false,true,false,true,4.,4.,22.,22.,0.
1.08498493146,Sample,13,4,6.,1,false,true,false,true,32.,30.,34.,34.,11.2159848064
1.08498493146,Sample,13,4,11.,1,false,true,false,true,34.,32.,32.,32.,11.5206822662
1.08498493146,Sample,13,4,16.,1,false,true,false,true,34.,32.,32.,32.,11.5296022906
1.08498493146,Sample,13,4,21.,1,false,true,false,true,34.,32.,32.,32.,11.5298768253
1.08498493146,Sample,13,4,26.,1,false,true,false,true,34.,32.,32.,32.,11.5298855971
1.08498493146,Sample,13,4,31.,1,false,true,false,true,34.,32.,32.,32.,11.5298858861
1.08498493146,Sample,13,4,36.,1,false,true,false,true,34.,32.,32.,32.,11.5298858959
1.08498493146,Sample,13,4,41.,1,false,true,false,true,34.,32.,32.,32.,11.5298858962
1.08498493146,Sample,13,4,46.,1,false,true,false,true,34.,32.,32.,32.,11.5298858962
1.08498493146,Sample,13,4,51.,1,false,true,false,true,34.,32.,32.,32.,11.5298858962
1.28539242667,Voter,13,6,1.,1,false,true,false,true,22.,22.,34.,30.,0.
1.28539242667,Voter,13,6,6.,1,false,true,false,true,68.,58.,16.,16.,12.0923812677
1.28539242667,Voter,13,6,11.,1,false,true,false,true,70.,60.,18.,18.,12.5997800295
1.28539242667,Voter,13,6,16.,1,false,true,false,true,70.,60.,18.,18.,12.6223053849
1.28539242667,Voter,13,6,21.,1,false,true,false,true,70.,60.,18.,18.,12.6233459387
1.28539242667,Voter,13,6,26.,1,false,true,false,true,70.,60.,18.,18.,12.6233954786
1.28539242667,Voter,13,6,31.,1,false,true,false,true,70.,60.,18.,18.,12.6233978959
1.28539242667,Voter,13,6,36.,1,false,true,false,true,70.,60.,18.,18.,12.6233980163
1.28539242667,Voter,13,6,41.,1,false,true,false,true,70.,60.,18.,18.,12.6233980224
1.28539242667,Voter,13,6,46.,1,false,true,false,true,70.,60.,18.,18.,12.6233980227
1.28539242667,Voter,13,6,51.,1,false,true,false,true,70.,60.,18.,18.,12.6233980228
1.06869171542,Voter,13,4,1.,1,false,true,false,true,20.,18.,20.,20.,0.
1.06869171542,Voter,13,4,6.,1,false,true,false,true,34.,30.,18.,18.,11.1329019148
1.06869171542,Voter,13,4,11.,1,false,true,false,true,34.,30.,18.,18.,11.4232450443
1.06869171542,Voter,13,4,16.,1,false,true,false,true,34.,30.,18.,18.,11.4314201285
1.06869171542,Voter,13,4,21.,1,false,true,false,true,34.,30.,18.,18.,11.4316623692
1.06869171542,Voter,13,4,26.,1,false,true,false,true,34.,30.,18.,18.,11.4316698265
1.06869171542,Voter,13,4,31.,1,false,true,false,true,34.,30.,18.,18.,11.4316700634
1.06869171542,Voter,13,4,36.,1,false,true,false,true,34.,30.,18.,18.,11.4316700711
1.06869171542,Voter,13,4,41.,1,false,true,false,true,34.,30.,18.,18.,11.4316700713
1.06869171542,Voter,13,4,46.,1,false,true,false,true,34.,30.,18.,18.,11.4316700714
1.06869171542,Voter,13,4,51.,1,false,true,false,true,34.,30.,18.,18.,11.4316700714
1.1172166366,Sample,13,7,1.,1,false,true,false,true,76.,68.,166.,138.,0.
1.1172166366,Sample,13,7,6.,1,false,true,false,true,200.,156.,186.,156.,11.3747372251
1.1172166366,Sample,13,7,11.,1,false,true,false,true,214.,164.,188.,156.,11.7088277218
1.1172166366,Sample,13,7,16.,1,false,true,false,true,214.,164.,188.,156.,11.7193650529
1.1172166366,Sample,13,7,21.,1,false,true,false,true,214.,164.,188.,156.,11.7197137915
1.1172166366,Sample,13,7,26.,1,false,true,false,true,214.,164.,188.,156.,11.7197257572
1.1172166366,Sample,13,7,31.,1,false,true,false,true,214.,164.,188.,156.,11.71972618
1.1172166366,Sample,13,7,36.,1,false,true,false,true,214.,164.,188.,156.,11.7197261953
1.1172166366,Sample,13,7,41.,1,false,true,false,true,214.,164.,188.,156.,11.7197261959
1.1172166366,Sample,13,7,46.,1,false,true,false,true,214.,164.,188.,156.,11.7197261959
1.1172166366,Sample,13,7,51.,1,false,true,false,true,214.,164.,188.,156.,11.7197261959
1.27092758884,Sample,13,4,1.,1,false,true,false,true,0.,0.,14.,12.,0.
1.27092758884,Sample,13,4,6.,1,false,true,false,true,16.,14.,2.,2.,12.0374245409
1.27092758884,Sample,13,4,11.,1,false,true,false,true,16.,14.,2.,2.,12.5286958622
1.27092758884,Sample,13,4,16.,1,false,true,false,true,16.,14.,2.,2.,12.5499315836
1.27092758884,Sample,13,4,21.,1,false,true,false,true,16.,14.,2.,2.,12.5508873598
1.27092758884,Sample,13,4,26.,1,false,true,false,true,16.,14.,2.,2.,12.5509317139
1.27092758884,Sample,13,4,31.,1,false,true,false,true,16.,14.,2.,2.,12.5509338242
1.27092758884,Sample,13,4,36.,1,false,true,false,true,16.,14.,2.,2.,12.5509339268
1.27092758884,Sample,13,4,41.,1,false,true,false,true,16.,14.,2.,2.,12.5509339319
1.27092758884,Sample,13,4,46.,1,false,true,false,true,16.,14.,2.,2.,12.5509339321
1.27092758884,Sample,13,4,51.,1,false,true,false,true,16.,14.,2.,2.,12.5509339321
1.15576596984,Sample,13,5,1.,1,false,true,false,true,60.,52.,82.,64.,0.
1.15576596984,Sample,13,5,6.,1,false,true,false,true,124.,102.,90.,78.,11.5551715329
1.15576596984,Sample,13,5,11.,1,false,true,false,true,126.,104.,92.,78.,11.9261085117
1.15576596984,Sample,13,5,16.,1,false,true,false,true,126.,104.,92.,78.,11.9388459388
1.15576596984,Sample,13,5,21.,1,false,true,false,true,126.,104.,92.,78.,11.9393039075
1.15576596984,Sample,13,5,26.,1,false,true,false,true,126.,104.,92.,78.,11.9393209523
1.15576596984,Sample,13,5,31.,1,false,true,false,true,126.,104.,92.,78.,11.9393216048
1.15576596984,Sample,13,5,36.,1,false,true,false,true,126.,104.,92.,78.,11.9393216304
1.15576596984,Sample,13,5,41.,1,false,true,false,true,126.,104.,92.,78.,11.9393216314
1.15576596984,Sample,13,5,46.,1,false,true,false,true,126.,104.,92.,78.,11.9393216315
1.15576596984,Sample,13,5,51.,1,false,true,false,true,126.,104.,92.,78.,11.9393216315
0.918148157793,Sample,13,6,1.,1,false,true,false,true,36.,36.,92.,74.,0.
0.918148157793,Sample,13,6,6.,1,false,true,false,true,108.,94.,80.,78.,10.2673842945
0.918148157793,Sample,13,6,11.,1,false,true,false,true,108.,94.,80.,78.,10.4419216233
0.918148157793,Sample,13,6,16.,1,false,true,false,true,108.,94.,80.,78.,10.4451931193
0.918148157793,Sample,13,6,21.,1,false,true,false,true,108.,94.,80.,78.,10.445258377
0.918148157793,Sample,13,6,26.,1,false,true,false,true,108.,94.,80.,78.,10.4452597405
0.918148157793,Sample,13,6,31.,1,false,true,false,true,108.,94.,80.,78.,10.4452597701
0.918148157793,Sample,13,6,36.,1,false,true,false,true,108.,94.,80.,78.,10.4452597708
0.918148157793,Sample,13,6,41.,1,false,true,false,true,108.,94.,80.,78.,10.4452597708
0.918148157793,Sample,13,6,46.,1,false,true,false,true,108.,94.,80.,78.,10.4452597708
0.918148157793,Sample,13,6,51.,1,false,true,false,true,108.,94.,80.,78.,10.4452597708
1.0234986501,Voter,13,7,1.,1,false,true,false,true,52.,48.,66.,56.,0.
1.0234986501,Voter,13,7,6.,1,false,true,false,true,116.,96.,82.,70.,10.8921010483
1.0234986501,Voter,13,7,11.,1,false,true,false,true,116.,96.,82.,70.,11.1444470828
1.0234986501,Voter,13,7,16.,1,false,true,false,true,116.,96.,82.,70.,11.1507941559
1.0234986501,Voter,13,7,21.,1,false,true,false,true,116.,96.,82.,70.,11.1509626648
1.0234986501,Voter,13,7,26.,1,false,true,false,true,116.,96.,82.,70.,11.1509673228
1.0234986501,Voter,13,7,31.,1,false,true,false,true,116.,96.,82.,70.,11.1509674558
1.0234986501,Voter,13,7,36.,1,false,true,false,true,116.,96.,82.,70.,11.1509674597
1.0234986501,Voter,13,7,41.,1,false,true,false,true,116.,96.,82.,70.,11.1509674599
1.0234986501,Voter,13,7,46.,1,false,true,false,true,116.,96.,82.,70.,11.1509674599
1.0234986501,Voter,13,7,51.,1,false,true,false,true,116.,96.,82.,70.,11.1509674599
1.18050994296,Voter,13,3,1.,1,false,true,false,true,0.,0.,8.,6.,0.
1.18050994296,Voter,13,3,6.,1,false,true,false,true,8.,6.,0.,0.,11.6657807863
1.18050994296,Voter,13,3,11.,1,false,true,false,true,8.,6.,0.,0.,12.0613085725
1.18050994296,Voter,13,3,16.,1,false,true,false,true,8.,6.,0.,0.,12.0756201139
1.18050994296,Voter,13,3,21.,1,false,true,false,true,8.,6.,0.,0.,12.0761616215
1.18050994296,Voter,13,3,26.,1,false,true,false,true,8.,6.,0.,0.,12.0761828112
1.18050994296,Voter,13,3,31.,1,false,true,false,true,8.,6.,0.,0.,12.0761836634
1.18050994296,Voter,13,3,36.,1,false,true,false,true,8.,6.,0.,0.,12.0761836985
1.18050994296,Voter,13,3,41.,1,false,true,false,true,8.,6.,0.,0.,12.0761837
1.18050994296,Voter,13,3,46.,1,false,true,false,true,8.,6.,0.,0.,12.0761837001
1.18050994296,Voter,13,3,51.,1,false,true,false,true,8.,6.,0.,0.,12.0761837001
1.15025230868,Sample,13,3,1.,1,false,true,false,true,12.,12.,26.,26.,0.
1.15025230868,Sample,13,3,6.,1,false,true,false,true,24.,24.,30.,30.,11.5299773921
1.15025230868,Sample,13,3,11.,1,false,true,false,true,24.,24.,30.,30.,11.8955337616
1.15025230868,Sample,13,3,16.,1,false,true,false,true,24.,24.,30.,30.,11.90793802
1.15025230868,Sample,13,3,21.,1,false,true,false,true,24.,24.,30.,30.,11.9083788679
1.15025230868,Sample,13,3,26.,1,false,true,false,true,24.,24.,30.,30.,11.9083950898
1.15025230868,Sample,13,3,31.,1,false,true,false,true,24.,24.,30.,30.,11.9083957039
1.15025230868,Sample,13,3,36.,1,false,true,false,true,24.,24.,30.,30.,11.9083957277
1.15025230868,Sample,13,3,41.,1,false,true,false,true,24.,24.,30.,30.,11.9083957287
1.15025230868,Sample,13,3,46.,1,false,true,false,true,24.,24.,30.,30.,11.9083957287
1.15025230868,Sample,13,3,51.,1,false,true,false,true,24.,24.,30.,30.,11.9083957287
0.844461172025,Sample,13,6,1.,1,false,true,false,true,54.,46.,114.,96.,0.
0.844461172025,Sample,13,6,6.,1,false,true,false,true,148.,118.,132.,106.,9.77243244097
0.844461172025,Sample,13,6,11.,1,false,true,false,true,148.,118.,132.,106.,9.90179740966
0.844461172025,Sample,13,6,16.,1,false,true,false,true,148.,118.,132.,106.,9.90371143296
0.844461172025,Sample,13,6,21.,1,false,true,false,true,148.,118.,132.,106.,9.9037417834
0.844461172025,Sample,13,6,26.,1,false,true,false,true,148.,118.,132.,106.,9.9037422902
0.844461172025,Sample,13,6,31.,1,false,true,false,true,148.,118.,132.,106.,9.90374229903
0.844461172025,Sample,13,6,36.,1,false,true,false,true,148.,118.,132.,106.,9.90374229919
0.844461172025,Sample,13,6,41.,1,false,true,false,true,148.,118.,132.,106.,9.90374229919
0.844461172025,Sample,13,6,46.,1,false,true,false,true,148.,118.,132.,106.,9.90374229919
0.844461172025,Sample,13,6,51.,1,false,true,false,true,148.,118.,132.,106.,9.90374229919
1.20611406265,Voter,13,7,1.,1,false,true,false,true,32.,32.,42.,42.,0.
1.20611406265,Voter,13,7,6.,1,false,true,false,true,88.,74.,38.,36.,11.7761011743
1.20611406265,Voter,13,7,11.,1,false,true,false,true,90.,76.,40.,38.,12.1978227812
1.20611406265,Voter,13,7,16.,1,false,true,false,true,90.,76.,40.,38.,12.2139034119
1.20611406265,Voter,13,7,21.,1,false,true,false,true,90.,76.,40.,38.,12.2145437821
1.20611406265,Voter,13,7,26.,1,false,true,false,true,90.,76.,40.,38.,12.2145701314
1.20611406265,Voter,13,7,31.,1,false,true,false,true,90.,76.,40.,38.,12.2145712448
1.20611406265,Voter,13,7,36.,1,false,true,false,true,90.,76.,40.,38.,12.214571293
1.20611406265,Voter,13,7,41.,1,false,true,false,true,90.,76.,40.,38.,12.2145712951
1.20611406265,Voter,13,7,46.,1,false,true,false,true,90.,76.,40.,38.,12.2145712952
1.20611406265,Voter,13,7,51.,1,false,true,false,true,90.,76.,40.,38.,12.2145712952
0.966827433381,Sample,13,7,1.,1,false,true,false,true,102.,90.,184.,156.,0.
0.966827433381,Sample,13,7,6.,1,false,true,false,true,192.,156.,182.,160.,10.5675490164
0.966827433381,Sample,13,7,11.,1,false,true,false,true,190.,154.,180.,158.,10.7761311102
0.966827433381,Sample,13,7,16.,1,false,true,false,true,190.,154.,180.,158.,10.7806359811
0.966827433381,Sample,13,7,21.,1,false,true,false,true,190.,154.,180.,158.,10.7807391074
0.966827433381,Sample,13,7,26.,1,false,true,false,true,190.,154.,180.,158.,10.780741573
0.966827433381,Sample,13,7,31.,1,false,true,false,true,190.,154.,180.,158.,10.780741634
0.966827433381,Sample,13,7,36.,1,false,true,false,true,190.,154.,180.,158.,10.7807416356
0.966827433381,Sample,13,7,41.,1,false,true,false,true,190.,154.,180.,158.,10.7807416356
0.966827433381,Sample,13,7,46.,1,false,true,false,true,190.,154.,180.,158.,10.7807416356
0.966827433381,Sample,13,7,51.,1,false,true,false,true,190.,154.,180.,158.,10.7807416356
1.08245610661,Voter,13,6,1.,1,false,true,false,true,30.,30.,44.,40.,0.
1.08245610661,Voter,13,6,6.,1,false,true,false,true,90.,80.,52.,46.,11.2032162608
1.08245610661,Voter,13,6,11.,1,false,true,false,true,90.,80.,52.,46.,11.5056634112
1.08245610661,Voter,13,6,16.,1,false,true,false,true,90.,80.,52.,46.,11.5144646969
1.08245610661,Voter,13,6,21.,1,false,true,false,true,90.,80.,52.,46.,11.5147340017
1.08245610661,Voter,13,6,26.,1,false,true,false,true,90.,80.,52.,46.,11.5147425574
1.08245610661,Voter,13,6,31.,1,false,true,false,true,90.,80.,52.,46.,11.5147428377
1.08245610661,Voter,13,6,36.,1,false,true,false,true,90.,80.,52.,46.,11.5147428471
1.08245610661,Voter,13,6,41.,1,false,true,false,true,90.,80.,52.,46.,11.5147428474
1.08245610661,Voter,13,6,46.,1,false,true,false,true,90.,80.,52.,46.,11.5147428474
1.08245610661,Voter,13,6,51.,1,false,true,false,true,90.,80.,52.,46.,11.5147428474
1.24291938975,Voter,13,4,1.,1,false,true,false,true,12.,12.,16.,16.,0.
1.24291938975,Voter,13,4,6.,1,false,true,false,true,38.,36.,18.,18.,11.9275739327
1.24291938975,Voter,13,4,11.,1,false,true,false,true,40.,38.,20.,20.,12.3882352567
1.24291938975,Voter,13,4,16.,1,false,true,false,true,40.,38.,20.,20.,12.4071205826
1.24291938975,Voter,13,4,21.,1,false,true,false,true,40.,38.,20.,20.,12.4079277399
1.24291938975,Voter,13,4,26.,1,false,true,false,true,40.,38.,20.,20.,12.4079633411
1.24291938975,Voter,13,4,31.,1,false,true,false,true,40.,38.,20.,20.,12.4079649522
1.24291938975,Voter,13,4,36.,1,false,true,false,true,40.,38.,20.,20.,12.4079650267
1.24291938975,Voter,13,4,41.,1,false,true,false,true,40.,38.,20.,20.,12.4079650302
1.24291938975,Voter,13,4,46.,1,false,true,false,true,40.,38.,20.,20.,12.4079650304
1.24291938975,Voter,13,4,51.,1,false,true,false,true,40.,38.,20.,20.,12.4079650304
0.875487984393,Sample,13,3,1.,1,false,true,false,true,8.,8.,8.,8.,0.
0.875487984393,Sample,13,3,6.,1,false,true,false,true,16.,14.,4.,4.,9.98703323219
0.875487984393,Sample,13,3,11.,1,false,true,false,true,16.,14.,4.,4.,10.1344797134
0.875487984393,Sample,13,3,16.,1,false,true,false,true,16.,14.,4.,4.,10.1368981347
0.875487984393,Sample,13,3,21.,1,false,true,false,true,16.,14.,4.,4.,10.1369405145
0.875487984393,Sample,13,3,26.,1,false,true,false,true,16.,14.,4.,4.,10.1369412948
0.875487984393,Sample,13,3,31.,1,false,true,false,true,16.,14.,4.,4.,10.1369413097
0.875487984393,Sample,13,3,36.,1,false,true,false,true,16.,14.,4.,4.,10.13694131
0.875487984393,Sample,13,3,41.,1,false,true,false,true,16.,14.,4.,4.,10.13694131
0.875487984393,Sample,13,3,46.,1,false,true,false,true,16.,14.,4.,4.,10.13694131
0.875487984393,Sample,13,3,51.,1,false,true,false,true,16.,14.,4.,4.,10.13694131
0.979189796675,Voter,13,6,1.,1,false,true,false,true,34.,30.,74.,64.,0.
0.979189796675,Voter,13,6,6.,1,false,true,false,true,86.,68.,70.,62.,10.6405724768
0.979189796675,Voter,13,6,11.,1,false,true,false,true,86.,68.,70.,62.,10.8583260355
0.979189796675,Voter,13,6,16.,1,false,true,false,true,86.,68.,70.,62.,10.8631932941
0.979189796675,Voter,13,6,21.,1,false,true,false,true,86.,68.,70.,62.,10.8633084992
0.979189796675,Voter,13,6,26.,1,false,true,false,true,86.,68.,70.,62.,10.8633113451
0.979189796675,Voter,13,6,31.,1,false,true,false,true,86.,68.,70.,62.,10.8633114178
0.979189796675,Voter,13,6,36.,1,false,true,false,true,86.,68.,70.,62.,10.8633114198
0.979189796675,Voter,13,6,41.,1,false,true,false,true,86.,68.,70.,62.,10.8633114198
0.979189796675,Voter,13,6,46.,1,false,true,false,true,86.,68.,70.,62.,10.8633114198
0.979189796675,Voter,13,6,51.,1,false,true,false,true,86.,68.,70.,62.,10.8633114198
1.37209757379,Sample,13,5,1.,1,false,true,false,true,20.,20.,72.,66.,0.
1.37209757379,Sample,13,5,6.,1,false,true,false,true,126.,106.,142.,114.,12.3977255152
1.37209757379,Sample,13,5,11.,1,false,true,false,true,134.,112.,138.,114.,13.0060639218
1.37209757379,Sample,13,5,16.,1,false,true,false,true,134.,112.,138.,114.,13.0374586742
1.37209757379,Sample,13,5,21.,1,false,true,false,true,134.,112.,138.,114.,13.0391387564
1.37209757379,Sample,13,5,26.,1,false,true,false,true,134.,112.,138.,114.,13.0392311939
1.37209757379,Sample,13,5,31.,1,false,true,false,true,134.,112.,138.,114.,13.039236396
1.37209757379,Sample,13,5,36.,1,false,true,false,true,134.,112.,138.,114.,13.0392366945
1.37209757379,Sample,13,5,41.,1,false,true,false,true,134.,112.,138.,114.,13.0392367119
1.37209757379,Sample,13,5,46.,1,false,true,false,true,134.,112.,138.,114.,13.0392367129
1.37209757379,Sample,13,5,51.,1,false,true,false,true,134.,112.,138.,114.,13.039236713
1.25564781154,Sample,13,5,1.,1,false,true,false,true,24.,24.,60.,52.,0.
1.25564781154,Sample,13,5,6.,1,false,true,false,true,70.,58.,78.,66.,11.9780647802
1.25564781154,Sample,13,5,11.,1,false,true,false,true,78.,66.,82.,70.,12.4525345365
1.25564781154,Sample,13,5,16.,1,false,true,false,true,78.,66.,82.,70.,12.4724643288
1.25564781154,Sample,13,5,21.,1,false,true,false,true,78.,66.,82.,70.,12.4733365688
1.25564781154,Sample,13,5,26.,1,false,true,false,true,78.,66.,82.,70.,12.4733759479
1.25564781154,Sample,13,5,31.,1,false,true,false,true,78.,66.,82.,70.,12.4733777714
1.25564781154,Sample,13,5,36.,1,false,true,false,true,78.,66.,82.,70.,12.4733778576
1.25564781154,Sample,13,5,41.,1,false,true,false,true,78.,66.,82.,70.,12.4733778618
1.25564781154,Sample,13,5,46.,1,false,true,false,true,78.,66.,82.,70.,12.473377862
1.25564781154,Sample,13,5,51.,1,false,true,false,true,78.,66.,82.,70.,12.473377862
0.818217336404,Voter,13,7,1.,1,false,true,false,true,42.,38.,86.,76.,0.
0.818217336404,Voter,13,7,6.,1,false,true,false,true,126.,104.,90.,76.,9.58356488967
0.818217336404,Voter,13,7,11.,1,false,true,false,true,126.,104.,90.,76.,9.69870187036
0.818217336404,Voter,13,7,16.,1,false,true,false,true,126.,104.,90.,76.,9.70025643486
0.818217336404,Voter,13,7,21.,1,false,true,false,true,126.,104.,90.,76.,9.70027899425
0.818217336404,Voter,13,7,26.,1,false,true,false,true,126.,104.,90.,76.,9.70027933974
0.818217336404,Voter,13,7,31.,1,false,true,false,true,126.,104.,90.,76.,9.70027934526
0.818217336404,Voter,13,7,36.,1,false,true,false,true,126.,104.,90.,76.,9.70027934536
0.818217336404,Voter,13,7,41.,1,false,true,false,true,126.,104.,90.,76.,9.70027934536
0.818217336404,Voter,13,7,46.,1,false,true,false,true,126.,104.,90.,76.,9.70027934536
0.818217336404,Voter,13,7,51.,1,false,true,false,true,126.,104.,90.,76.,9.70027934536
1.18451810808,Sample,13,6,1.,1,false,true,false,true,14.,14.,62.,54.,0.
1.18451810808,Sample,13,6,6.,1,false,true,false,true,86.,76.,70.,68.,11.6833250891
1.18451810808,Sample,13,6,11.,1,false,true,false,true,90.,80.,70.,68.,12.0829036825
1.18451810808,Sample,13,6,16.,1,false,true,false,true,90.,80.,70.,68.,12.0974825973
1.18451810808,Sample,13,6,21.,1,false,true,false,true,90.,80.,70.,68.,12.0980387165
1.18451810808,Sample,13,6,26.,1,false,true,false,true,90.,80.,70.,68.,12.0980606522
1.18451810808,Sample,13,6,31.,1,false,true,false,true,90.,80.,70.,68.,12.0980615413
1.18451810808,Sample,13,6,36.,1,false,true,false,true,90.,80.,70.,68.,12.0980615782
1.18451810808,Sample,13,6,41.,1,false,true,false,true,90.,80.,70.,68.,12.0980615798
1.18451810808,Sample,13,6,46.,1,false,true,false,true,90.,80.,70.,68.,12.0980615799
1.18451810808,Sample,13,6,51.,1,false,true,false,true,90.,80.,70.,68.,12.0980615799
0.803912391109,Sample,13,4,1.,1,false,true,false,true,12.,12.,32.,30.,0.
0.803912391109,Sample,13,4,6.,1,false,true,false,true,40.,38.,24.,20.,9.47769003112
0.803912391109,Sample,13,4,11.,1,false,true,false,true,40.,38.,24.,20.,9.58548169748
0.803912391109,Sample,13,4,16.,1,false,true,false,true,40.,38.,24.,20.,9.58686383298
0.803912391109,Sample,13,4,21.,1,false,true,false,true,40.,38.,24.,20.,9.58688291187
0.803912391109,Sample,13,4,26.,1,false,true,false,true,40.,38.,24.,20.,9.58688319015
0.803912391109,Sample,13,4,31.,1,false,true,false,true,40.,38.,24.,20.,9.5868831944
0.803912391109,Sample,13,4,36.,1,false,true,false,true,40.,38.,24.,20.,9.58688319446
0.803912391109,Sample,13,4,41.,1,false,true,false,true,40.,38.,24.,20.,9.58688319447
0.803912391109,Sample,13,4,46.,1,false,true,false,true,40.,38.,24.,20.,9.58688319447
0.803912391109,Sample,13,4,51.,1,false,true,false,true,40.,38.,24.,20.,9.58688319447
1.39056525899,Voter,13,4,1.,1,false,true,false,true,12.,12.,36.,34.,0.
1.39056525899,Voter,13,4,6.,1,false,true,false,true,48.,46.,24.,24.,12.4576802019
1.39056525899,Voter,13,4,11.,1,false,true,false,true,50.,48.,26.,26.,13.0884040855
1.39056525899,Voter,13,4,16.,1,false,true,false,true,52.,48.,28.,28.,13.1219510604
1.39056525899,Voter,13,4,21.,1,false,true,false,true,52.,48.,28.,28.,13.1238000454
1.39056525899,Voter,13,4,26.,1,false,true,false,true,52.,48.,28.,28.,13.1239047707
1.39056525899,Voter,13,4,31.,1,false,true,false,true,52.,48.,28.,28.,13.1239108355
1.39056525899,Voter,13,4,36.,1,false,true,false,true,52.,48.,28.,28.,13.1239111934
1.39056525899,Voter,13,4,41.,1,false,true,false,true,52.,48.,28.,28.,13.1239112149
1.39056525899,Voter,13,4,46.,1,false,true,false,true,52.,48.,28.,28.,13.1239112162
1.39056525899,Voter,13,4,51.,1,false,true,false,true,52.,48.,28.,28.,13.1239112163
1.1282522844,Voter,13,7,1.,1,false,true,false,true,36.,34.,78.,70.,0.
1.1282522844,Voter,13,7,6.,1,false,true,false,true,94.,82.,36.,34.,11.4274220754
1.1282522844,Voter,13,7,11.,1,false,true,false,true,94.,82.,36.,34.,11.7718751186
1.1282522844,Voter,13,7,16.,1,false,true,false,true,94.,82.,36.,34.,11.7830118708
1.1282522844,Voter,13,7,21.,1,false,true,false,true,94.,82.,36.,34.,11.7833894576
1.1282522844,Voter,13,7,26.,1,false,true,false,true,94.,82.,36.,34.,11.7834027239
1.1282522844,Voter,13,7,31.,1,false,true,false,true,94.,82.,36.,34.,11.7834032037
1.1282522844,Voter,13,7,36.,1,false,true,false,true,94.,82.,36.,34.,11.7834032215
1.1282522844,Voter,13,7,41.,1,false,true,false,true,94.,82.,36.,34.,11.7834032222
1.1282522844,Voter,13,7,46.,1,false,true,false,true,94.,82.,36.,34.,11.7834032222
1.1282522844,Voter,13,7,51.,1,false,true,false,true,94.,82.,36.,34.,11.7834032222
1.14354675719,Sample,13,6,1.,1,false,true,false,true,18.,18.,58.,50.,0.
1.14354675719,Sample,13,6,6.,1,false,true,false,true,122.,96.,86.,78.,11.4990641743
1.14354675719,Sample,13,6,11.,1,false,true,false,true,122.,96.,86.,78.,11.858126055
1.14354675719,Sample,13,6,16.,1,false,true,false,true,122.,96.,86.,78.,11.870133576
1.14354675719,Sample,13,6,21.,1,false,true,false,true,122.,96.,86.,78.,11.8705543004
1.14354675719,Sample,13,6,26.,1,false,true,false,true,122.,96.,86.,78.,11.8705695673
1.14354675719,Sample,13,6,31.,1,false,true,false,true,122.,96.,86.,78.,11.8705701373
1.14354675719,Sample,13,6,36.,1,false,true,false,true,122.,96.,86.,78.,11.8705701592
1.14354675719,Sample,13,6,41.,1,false,true,false,true,122.,96.,86.,78.,11.87057016
1.14354675719,Sample,13,6,46.,1,false,true,false,true,122.,96.,86.,78.,11.87057016
1.14354675719,Sample,13,6,51.,1,false,true,false,true,122.,96.,86.,78.,11.87057016
1.30414299465,Voter,13,5,1.,1,false,true,false,true,26.,24.,40.,38.,0.
1.30414299465,Voter,13,5,6.,1,false,true,false,true,78.,66.,56.,50.,12.1618647234
1.30414299465,Voter,13,5,11.,1,false,true,false,true,78.,66.,56.,50.,12.690483041
1.30414299465,Voter,13,5,16.,1,false,true,false,true,78.,66.,56.,50.,12.7147589309
1.30414299465,Voter,13,5,21.,1,false,true,false,true,78.,66.,56.,50.,12.7159180671
1.30414299465,Voter,13,5,26.,1,false,true,false,true,78.,66.,56.,50.,12.7159750771
1.30414299465,Voter,13,5,31.,1,false,true,false,true,78.,66.,56.,50.,12.7159779494
1.30414299465,Voter,13,5,36.,1,false,true,false,true,78.,66.,56.,50.,12.7159780972
1.30414299465,Voter,13,5,41.,1,false,true,false,true,78.,66.,56.,50.,12.7159781049
1.30414299465,Voter,13,5,46.,1,false,true,false,true,78.,66.,56.,50.,12.7159781053
1.30414299465,Voter,13,5,51.,1,false,true,false,true,78.,66.,56.,50.,12.7159781054
1.30914980608,Voter,13,7,1.,1,false,true,false,true,60.,56.,154.,128.,0.
1.30914980608,Voter,13,7,6.,1,false,true,false,true,230.,180.,244.,190.,12.1800880317
1.30914980608,Voter,13,7,11.,1,false,true,false,true,236.,184.,242.,190.,12.7144312185
1.30914980608,Voter,13,7,16.,1,false,true,false,true,236.,184.,242.,190.,12.7391898191
1.30914980608,Voter,13,7,21.,1,false,true,false,true,236.,184.,242.,190.,12.7403823458
1.30914980608,Voter,13,7,26.,1,false,true,false,true,236.,184.,242.,190.,12.7404415025
1.30914980608,Voter,13,7,31.,1,false,true,false,true,236.,184.,242.,190.,12.7404445083
1.30914980608,Voter,13,7,36.,1,false,true,false,true,236.,184.,242.,190.,12.7404446642
1.30914980608,Voter,13,7,41.,1,false,true,false,true,236.,184.,242.,190.,12.7404446725
1.30914980608,Voter,13,7,46.,1,false,true,false,true,236.,184.,242.,190.,12.7404446729
1.30914980608,Voter,13,7,51.,1,false,true,false,true,236.,184.,242.,190.,12.7404446729
1.20588003443,Voter,13,4,1.,1,false,true,false,true,4.,4.,18.,16.,0.
1.20588003443,Voter,13,4,6.,1,false,true,false,true,22.,20.,4.,4.,11.7751114724
1.20588003443,Voter,13,4,11.,1,false,true,false,true,22.,20.,4.,4.,12.1965902833
1.20588003443,Voter,13,4,16.,1,false,true,false,true,22.,20.,4.,4.,12.2126540805
1.20588003443,Voter,13,4,21.,1,false,true,false,true,22.,20.,4.,4.,12.2132934862
1.20588003443,Voter,13,4,26.,1,false,true,false,true,22.,20.,4.,4.,12.2133197838
1.20588003443,Voter,13,4,31.,1,false,true,false,true,22.,20.,4.,4.,12.2133208946
1.20588003443,Voter,13,4,36.,1,false,true,false,true,22.,20.,4.,4.,12.2133209426
1.20588003443,Voter,13,4,41.,1,false,true,false,true,22.,20.,4.,4.,12.2133209447
1.20588003443,Voter,13,4,46.,1,false,true,false,true,22.,20.,4.,4.,12.2133209448
1.20588003443,Voter,13,4,51.,1,false,true,false,true,22.,20.,4.,4.,12.2133209448
1.28998208867,Sample,13,3,1.,1,false,true,false,true,10.,10.,20.,20.,0.
1.28998208867,Sample,13,3,6.,1,false,true,false,true,24.,20.,26.,26.,12.1095709159
1.28998208867,Sample,13,3,11.,1,false,true,false,true,24.,20.,26.,26.,12.6221312513
1.28998208867,Sample,13,3,16.,1,false,true,false,true,24.,20.,26.,26.,12.6450768065
1.28998208867,Sample,13,3,21.,1,false,true,false,true,24.,20.,26.,26.,12.6461454616
1.28998208867,Sample,13,3,26.,1,false,true,false,true,24.,20.,26.,26.,12.6461967495
1.28998208867,Sample,13,3,31.,1,false,true,false,true,24.,20.,26.,26.,12.6461992719
1.28998208867,Sample,13,3,36.,1,false,true,false,true,24.,20.,26.,26.,12.6461993986
1.28998208867,Sample,13,3,41.,1,false,true,false,true,24.,20.,26.,26.,12.646199405
1.28998208867,Sample,13,3,46.,1,false,true,false,true,24.,20.,26.,26.,12.6461994054
1.28998208867,Sample,13,3,51.,1,false,true,false,true,24.,20.,26.,26.,12.6461994054
0.806415994703,Voter,13,3,1.,1,false,true,false,true,2.,2.,14.,12.,0.
0.806415994703,Voter,13,3,6.,1,false,true,false,true,10.,10.,10.,10.,9.49637154393
0.806415994703,Voter,13,3,11.,1,false,true,false,true,10.,10.,10.,10.,9.60542793791
0.806415994703,Voter,13,3,16.,1,false,true,false,true,10.,10.,10.,10.,9.60683911801
0.806415994703,Voter,13,3,21.,1,false,true,false,true,10.,10.,10.,10.,9.6068587708
0.806415994703,Voter,13,3,26.,1,false,true,false,true,10.,10.,10.,10.,9.60685905993
0.806415994703,Voter,13,3,31.,1,false,true,false,true,10.,10.,10.,10.,9.60685906438
0.806415994703,Voter,13,3,36.,1,false,true,false,true,10.,10.,10.,10.,9.60685906445
0.806415994703,Voter,13,3,41.,1,false,true,false,true,10.,10.,10.,10.,9.60685906445
0.806415994703,Voter,13,3,46.,1,false,true,false,true,10.,10.,10.,10.,9.60685906445
0.806415994703,Voter,13,3,51.,1,false,true,false,true,10.,10.,10.,10.,9.60685906445
1.37435550021,Voter,13,7,1.,1,false,true,false,true,26.,26.,64.,52.,0.
1.37435550021,Voter,13,7,6.,1,false,true,false,true,112.,98.,74.,68.,12.4051481739
1.37435550021,Voter,13,7,11.,1,false,true,false,true,112.,98.,74.,68.,13.0162076507
1.37435550021,Voter,13,7,16.,1,false,true,false,true,112.,98.,74.,68.,13.0478604402
1.37435550021,Voter,13,7,21.,1,false,true,false,true,112.,98.,74.,68.,13.0495605052
1.37435550021,Voter,13,7,26.,1,false,true,false,true,112.,98.,74.,68.,13.0496543776
1.37435550021,Voter,13,7,31.,1,false,true,false,true,112.,98.,74.,68.,13.0496596792
1.37435550021,Voter,13,7,36.,1,false,true,false,true,112.,98.,74.,68.,13.0496599844
1.37435550021,Voter,13,7,41.,1,false,true,false,true,112.,98.,74.,68.,13.0496600023
1.37435550021,Voter,13,7,46.,1,false,true,false,true,112.,98.,74.,68.,13.0496600034
1.37435550021,Voter,13,7,51.,1,false,true,false,true,112.,98.,74.,68.,13.0496600034
0.888836478464,Voter,13,4,1.,1,false,true,false,true,22.,20.,22.,20.,0.
0.888836478464,Voter,13,4,6.,1,false,true,false,true,40.,32.,16.,16.,10.0765520374
0.888836478464,Voter,13,4,11.,1,false,true,false,true,42.,34.,14.,14.,10.2321981447
0.888836478464,Voter,13,4,16.,1,false,true,false,true,42.,34.,14.,14.,10.2348625618
0.888836478464,Voter,13,4,21.,1,false,true,false,true,42.,34.,14.,14.,10.2349112299
0.888836478464,Voter,13,4,26.,1,false,true,false,true,42.,34.,14.,14.,10.2349121629
0.888836478464,Voter,13,4,31.,1,false,true,false,true,42.,34.,14.,14.,10.2349121816
0.888836478464,Voter,13,4,36.,1,false,true,false,true,42.,34.,14.,14.,10.2349121819
0.888836478464,Voter,13,4,41.,1,false,true,false,true,42.,34.,14.,14.,10.2349121819
0.888836478464,Voter,13,4,46.,1,false,true,false,true,42.,34.,14.,14.,10.2349121819
0.888836478464,Voter,13,4,51.,1,false,true,false,true,42.,34.,14.,14.,10.2349121819
1.12061284335,Sample,13,6,1.,1,false,true,false,true,30.,30.,80.,76.,0.
1.12061284335,Sample,13,6,6.,1,false,true,false,true,100.,82.,58.,56.,11.3910403196
1.12061284335,Sample,13,6,11.,1,false,true,false,true,102.,84.,60.,58.,11.7283038256
1.12061284335,Sample,13,6,16.,1,false,true,false,true,102.,84.,60.,58.,11.7390230868
1.12061284335,Sample,13,6,21.,1,false,true,false,true,102.,84.,60.,58.,11.7393805065
1.12061284335,Sample,13,6,26.,1,false,true,false,true,102.,84.,60.,58.,11.7393928603
1.12061284335,Sample,13,6,31.,1,false,true,false,true,102.,84.,60.,58.,11.7393933
1.12061284335,Sample,13,6,36.,1,false,true,false,true,102.,84.,60.,58.,11.739393316
1.12061284335,Sample,13,6,41.,1,false,true,false,true,102.,84.,60.,58.,11.7393933166
1.12061284335,Sample,13,6,46.,1,false,true,false,true,102.,84.,60.,58.,11.7393933167
1.12061284335,Sample,13,6,51.,1,false,true,false,true,102.,84.,60.,58.,11.7393933167
0.953400994948,Sample,13,7,1.,1,false,true,false,true,112.,96.,174.,148.,0.
0.953400994948,Sample,13,7,6.,1,false,true,false,true,242.,182.,216.,176.,10.4867915858
0.953400994948,Sample,13,7,11.,1,false,true,false,true,246.,186.,216.,176.,10.6856528277
0.953400994948,Sample,13,7,16.,1,false,true,false,true,246.,186.,216.,176.,10.6897874743
0.953400994948,Sample,13,7,21.,1,false,true,false,true,246.,186.,216.,176.,10.6898786903
0.953400994948,Sample,13,7,26.,1,false,true,false,true,246.,186.,216.,176.,10.6898807936
0.953400994948,Sample,13,7,31.,1,false,true,false,true,246.,186.,216.,176.,10.6898808439
0.953400994948,Sample,13,7,36.,1,false,true,false,true,246.,186.,216.,176.,10.6898808451
0.953400994948,Sample,13,7,41.,1,false,true,false,true,246.,186.,216.,176.,10.6898808451
0.953400994948,Sample,13,7,46.,1,false,true,false,true,246.,186.,216.,176.,10.6898808451
0.953400994948,Sample,13,7,51.,1,false,true,false,true,246.,186.,216.,176.,10.6898808451
0.841996379148,Voter,13,5,1.,1,false,true,false,true,26.,26.,24.,20.,0.
0.841996379148,Voter,13,5,6.,1,false,true,false,true,46.,42.,12.,12.,9.75498501219
0.841996379148,Voter,13,5,11.,1,false,true,false,true,46.,42.,12.,12.,9.88297217175
0.841996379148,Voter,13,5,16.,1,false,true,false,true,46.,42.,12.,12.,9.88484993142
0.841996379148,Voter,13,5,21.,1,false,true,false,true,46.,42.,12.,12.,9.88487946482
0.841996379148,Voter,13,5,26.,1,false,true,false,true,46.,42.,12.,12.,9.88487995407
0.841996379148,Voter,13,5,31.,1,false,true,false,true,46.,42.,12.,12.,9.88487996252
0.841996379148,Voter,13,5,36.,1,false,true,false,true,46.,42.,12.,12.,9.88487996267
0.841996379148,Voter,13,5,41.,1,false,true,false,true,46.,42.,12.,12.,9.88487996267
0.841996379148,Voter,13,5,46.,1,false,true,false,true,46.,42.,12.,12.,9.88487996267
0.841996379148,Voter,13,5,51.,1,false,true,false,true,46.,42.,12.,12.,9.88487996267
0.830571877789,Sample,13,6,1.,1,false,true,false,true,50.,48.,94.,86.,0.
0.830571877789,Sample,13,6,6.,1,false,true,false,true,128.,110.,108.,92.,9.67333185786
0.830571877789,Sample,13,6,11.,1,false,true,false,true,134.,116.,110.,94.,9.79504527847
0.830571877789,Sample,13,6,16.,1,false,true,false,true,134.,116.,110.,94.,9.79676184588
0.830571877789,Sample,13,6,21.,1,false,true,false,true,134.,116.,110.,94.,9.79678783039
0.830571877789,Sample,13,6,26.,1,false,true,false,true,134.,116.,110.,94.,9.79678824507
0.830571877789,Sample,13,6,31.,1,false,true,false,true,134.,116.,110.,94.,9.79678825197
0.830571877789,Sample,13,6,36.,1,false,true,false,true,134.,116.,110.,94.,9.79678825209
0.830571877789,Sample,13,6,41.,1,false,true,false,true,134.,116.,110.,94.,9.79678825209
0.830571877789,Sample,13,6,46.,1,false,true,false,true,134.,116.,110.,94.,9.79678825209
0.830571877789,Sample,13,6,51.,1,false,true,false,true,134.,116.,110.,94.,9.79678825209
1.23339063841,Voter,13,4,1.,1,false,true,false,true,0.,0.,14.,14.,0.
1.23339063841,Voter,13,4,6.,1,false,true,false,true,22.,20.,12.,12.,11.8891456857
1.23339063841,Voter,13,4,11.,1,false,true,false,true,24.,22.,14.,14.,12.339583341
1.23339063841,Voter,13,4,16.,1,false,true,false,true,24.,22.,14.,14.,12.3577121468
1.23339063841,Voter,13,4,21.,1,false,true,false,true,24.,22.,14.,14.,12.3584731506
1.23339063841,Voter,13,4,26.,1,false,true,false,true,24.,22.,14.,14.,12.3585061277
1.23339063841,Voter,13,4,31.,1,false,true,false,true,24.,22.,14.,14.,12.3585075942
1.23339063841,Voter,13,4,36.,1,false,true,false,true,24.,22.,14.,14.,12.3585076609
1.23339063841,Voter,13,4,41.,1,false,true,false,true,24.,22.,14.,14.,12.358507664
1.23339063841,Voter,13,4,46.,1,false,true,false,true,24.,22.,14.,14.,12.3585076642
1.23339063841,Voter,13,4,51.,1,false,true,false,true,24.,22.,14.,14.,12.3585076642
1.252996713,Voter,13,3,1.,1,false,true,false,true,4.,4.,8.,8.,0.
1.252996713,Voter,13,3,6.,1,false,true,false,true,10.,8.,14.,12.,11.9676271639
1.252996713,Voter,13,3,11.,1,false,true,false,true,10.,8.,14.,12.,12.4392066929
1.252996713,Voter,13,3,16.,1,false,true,false,true,10.,8.,14.,12.,12.4589157151
1.252996713,Voter,13,3,21.,1,false,true,false,true,10.,8.,14.,12.,12.4597740687
1.252996713,Voter,13,3,26.,1,false,true,false,true,10.,8.,14.,12.,12.4598126343
1.252996713,Voter,13,3,31.,1,false,true,false,true,10.,8.,14.,12.,12.4598144116
1.252996713,Voter,13,3,36.,1,false,true,false,true,10.,8.,14.,12.,12.4598144953
1.252996713,Voter,13,3,41.,1,false,true,false,true,10.,8.,14.,12.,12.4598144993
1.252996713,Voter,13,3,46.,1,false,true,false,true,10.,8.,14.,12.,12.4598144995
1.252996713,Voter,13,3,51.,1,false,true,false,true,10.,8.,14.,12.,12.4598144995
1.08442910491,Voter,13,7,1.,1,false,true,false,true,64.,58.,116.,94.,0.
1.08442910491,Voter,13,7,6.,1,false,true,false,true,170.,142.,142.,106.,11.2131822865
1.08442910491,Voter,13,7,11.,1,false,true,false,true,172.,142.,140.,104.,11.5173844334
1.08442910491,Voter,13,7,16.,1,false,true,false,true,172.,142.,140.,104.,11.5262782601
1.08442910491,Voter,13,7,21.,1,false,true,false,true,172.,142.,140.,104.,11.5265516383
1.08442910491,Voter,13,7,26.,1,false,true,false,true,172.,142.,140.,104.,11.5265603622
1.08442910491,Voter,13,7,31.,1,false,true,false,true,172.,142.,140.,104.,11.5265606493
1.08442910491,Voter,13,7,36.,1,false,true,false,true,172.,142.,140.,104.,11.526560659
1.08442910491,Voter,13,7,41.,1,false,true,false,true,172.,142.,140.,104.,11.5265606593
1.08442910491,Voter,13,7,46.,1,false,true,false,true,172.,142.,140.,104.,11.5265606593
1.08442910491,Voter,13,7,51.,1,false,true,false,true,172.,142.,140.,104.,11.5265606593
0.92741771668,Voter,13,6,1.,1,false,true,false,true,30.,28.,30.,30.,0.
0.92741771668,Voter,13,6,6.,1,false,true,false,true,66.,58.,34.,34.,10.3261279717
0.92741771668,Voter,13,6,11.,1,false,true,false,true,66.,58.,34.,34.,10.5068920384
0.92741771668,Voter,13,6,16.,1,false,true,false,true,66.,58.,34.,34.,10.5103758239
0.92741771668,Voter,13,6,21.,1,false,true,false,true,66.,58.,34.,34.,10.5104472193
0.92741771668,Voter,13,6,26.,1,false,true,false,true,66.,58.,34.,34.,10.510448751
0.92741771668,Voter,13,6,31.,1,false,true,false,true,66.,58.,34.,34.,10.5104487852
0.92741771668,Voter,13,6,36.,1,false,true,false,true,66.,58.,34.,34.,10.5104487859
0.92741771668,Voter,13,6,41.,1,false,true,false,true,66.,58.,34.,34.,10.510448786
0.92741771668,Voter,13,6,46.,1,false,true,false,true,66.,58.,34.,34.,10.510448786
0.92741771668,Voter,13,6,51.,1,false,true,false,true,66.,58.,34.,34.,10.510448786
1.17930927832,Voter,13,5,1.,1,false,true,false,true,8.,8.,32.,32.,0.
1.17930927832,Voter,13,5,6.,1,false,true,false,true,44.,38.,28.,26.,11.6605052708
1.17930927832,Voter,13,5,11.,1,false,true,false,true,52.,44.,28.,28.,12.054823246
1.17930927832,Voter,13,5,16.,1,false,true,false,true,52.,44.,28.,28.,12.0690553756
1.17930927832,Voter,13,5,21.,1,false,true,false,true,52.,44.,28.,28.,12.0695925667
1.17930927832,Voter,13,5,26.,1,false,true,false,true,52.,44.,28.,28.,12.0696135372
1.17930927832,Voter,13,5,31.,1,false,true,false,true,52.,44.,28.,28.,12.0696143786
1.17930927832,Voter,13,5,36.,1,false,true,false,true,52.,44.,28.,28.,12.0696144132
1.17930927832,Voter,13,5,41.,1,false,true,false,true,52.,44.,28.,28.,12.0696144146
1.17930927832,Voter,13,5,46.,1,false,true,false,true,52.,44.,28.,28.,12.0696144147
1.17930927832,Voter,13,5,51.,1,false,true,false,true,52.,44.,28.,28.,12.0696144147
0.803175484942,Sample,13,4,1.,1,false,true,false,true,40.,34.,82.,66.,0.
0.803175484942,Sample,13,4,6.,1,false,true,false,true,80.,70.,98.,84.,9.4721790089
0.803175484942,Sample,13,4,11.,1,false,true,false,true,80.,70.,98.,84.,9.57960009823
0.803175484942,Sample,13,4,16.,1,false,true,false,true,80.,70.,98.,84.,9.58097377439
0.803175484942,Sample,13,4,21.,1,false,true,false,true,80.,70.,98.,84.,9.5809926871
0.803175484942,Sample,13,4,26.,1,false,true,false,true,80.,70.,98.,84.,9.58099296226
0.803175484942,Sample,13,4,31.,1,false,true,false,true,80.,70.,98.,84.,9.58099296644
0.803175484942,Sample,13,4,36.,1,false,true,false,true,80.,70.,98.,84.,9.58099296651
0.803175484942,Sample,13,4,41.,1,false,true,false,true,80.,70.,98.,84.,9.58099296651
0.803175484942,Sample,13,4,46.,1,false,true,false,true,80.,70.,98.,84.,9.58099296651
0.803175484942,Sample,13,4,51.,1,false,true,false,true,80.,70.,98.,84.,9.58099296651
1.35660907808,Voter,13,6,1.,1,false,true,false,true,14.,14.,40.,38.,0.
1.35660907808,Voter,13,6,6.,1,false,true,false,true,60.,50.,26.,26.,12.3461057275
1.35660907808,Voter,13,6,11.,1,false,true,false,true,60.,50.,26.,26.,12.9359001552
1.35660907808,Voter,13,6,16.,1,false,true,false,true,60.,50.,26.,26.,12.9655627902
1.35660907808,Voter,13,6,21.,1,false,true,false,true,60.,50.,26.,26.,12.9671106623
1.35660907808,Voter,13,6,26.,1,false,true,false,true,60.,50.,26.,26.,12.9671937395
1.35660907808,Voter,13,6,31.,1,false,true,false,true,60.,50.,26.,26.,12.9671983018
1.35660907808,Voter,13,6,36.,1,false,true,false,true,60.,50.,26.,26.,12.9671985573
1.35660907808,Voter,13,6,41.,1,false,true,false,true,60.,50.,26.,26.,12.9671985719
1.35660907808,Voter,13,6,46.,1,false,true,false,true,60.,50.,26.,26.,12.9671985727
1.35660907808,Voter,13,6,51.,1,false,true,false,true,60.,50.,26.,26.,12.9671985728
1.11949766994,Sample,13,4,1.,1,false,true,false,true,2.,2.,42.,36.,0.
1.11949766994,Sample,13,4,6.,1,false,true,false,true,42.,38.,34.,32.,11.385695856
1.11949766994,Sample,13,4,11.,1,false,true,false,true,44.,40.,36.,34.,11.7219158991
1.11949766994,Sample,13,4,16.,1,false,true,false,true,44.,40.,36.,34.,11.7325751742
1.11949766994,Sample,13,4,21.,1,false,true,false,true,44.,40.,36.,34.,11.7329297244
1.11949766994,Sample,13,4,26.,1,false,true,false,true,44.,40.,36.,34.,11.7329419496
1.11949766994,Sample,13,4,31.,1,false,true,false,true,44.,40.,36.,34.,11.7329423837
1.11949766994,Sample,13,4,36.,1,false,true,false,true,44.,40.,36.,34.,11.7329423995
1.11949766994,Sample,13,4,41.,1,false,true,false,true,44.,40.,36.,34.,11.7329424001
1.11949766994,Sample,13,4,46.,1,false,true,false,true,44.,40.,36.,34.,11.7329424001
1.11949766994,Sample,13,4,51.,1,false,true,false,true,44.,40.,36.,34.,11.7329424001
1.12815253988,Sample,13,3,1.,1,false,true,false,true,2.,2.,10.,10.,0.
1.12815253988,Sample,13,3,6.,1,false,true,false,true,14.,12.,10.,10.,11.4269496359
1.12815253988,Sample,13,3,11.,1,false,true,false,true,16.,14.,8.,8.,11.7713083452
1.12815253988,Sample,13,3,16.,1,false,true,false,true,16.,14.,8.,8.,11.7824395723
1.12815253988,Sample,13,3,21.,1,false,true,false,true,16.,14.,8.,8.,11.78281689
1.12815253988,Sample,13,3,26.,1,false,true,false,true,16.,14.,8.,8.,11.782830144
1.12815253988,Sample,13,3,31.,1,false,true,false,true,16.,14.,8.,8.,11.7828306233
1.12815253988,Sample,13,3,36.,1,false,true,false,true,16.,14.,8.,8.,11.782830641
1.12815253988,Sample,13,3,41.,1,false,true,false,true,16.,14.,8.,8.,11.7828306417
1.12815253988,Sample,13,3,46.,1,false,true,false,true,16.,14.,8.,8.,11.7828306417
1.12815253988,Sample,13,3,51.,1,false,true,false,true,16.,14.,8.,8.,11.7828306417
0.97740492995,Voter,13,5,1.,1,false,true,false,true,44.,42.,52.,42.,0.
0.97740492995,Voter,13,5,6.,1,false,true,false,true,84.,66.,60.,56.,10.6301076007
0.97740492995,Voter,13,5,11.,1,false,true,false,true,84.,66.,60.,56.,10.846523952
0.97740492995,Voter,13,5,16.,1,false,true,false,true,84.,66.,60.,56.,10.8513375862
0.97740492995,Voter,13,5,21.,1,false,true,false,true,84.,66.,60.,56.,10.8514509784
0.97740492995,Voter,13,5,26.,1,false,true,false,true,84.,66.,60.,56.,10.8514537663
0.97740492995,Voter,13,5,31.,1,false,true,false,true,84.,66.,60.,56.,10.8514538373
0.97740492995,Voter,13,5,36.,1,false,true,false,true,84.,66.,60.,56.,10.8514538392
0.97740492995,Voter,13,5,41.,1,false,true,false,true,84.,66.,60.,56.,10.8514538392
0.97740492995,Voter,13,5,46.,1,false,true,false,true,84.,66.,60.,56.,10.8514538392
0.97740492995,Voter,13,5,51.,1,false,true,false,true,84.,66.,60.,56.,10.8514538392
1.20134517169,Voter,13,3,1.,1,false,true,false,true,4.,4.,16.,14.,0.
1.20134517169,Voter,13,3,6.,1,false,true,false,true,20.,20.,16.,16.,11.7558662298
1.20134517169,Voter,13,3,11.,1,false,true,false,true,22.,22.,14.,14.,12.1726524802
1.20134517169,Voter,13,3,16.,1,false,true,false,true,22.,22.,14.,14.,12.1883925296
1.20134517169,Voter,13,3,21.,1,false,true,false,true,22.,22.,14.,14.,12.1890134725
1.20134517169,Voter,13,3,26.,1,false,true,false,true,22.,22.,14.,14.,12.1890387875
1.20134517169,Voter,13,3,31.,1,false,true,false,true,22.,22.,14.,14.,12.1890398476
1.20134517169,Voter,13,3,36.,1,false,true,false,true,22.,22.,14.,14.,12.189039893
1.20134517169,Voter,13,3,41.,1,false,true,false,true,22.,22.,14.,14.,12.189039895
1.20134517169,Voter,13,3,46.,1,false,true,false,true,22.,22.,14.,14.,12.1890398951
1.20134517169,Voter,13,3,51.,1,false,true,false,true,22.,22.,14.,14.,12.1890398951
1.08281198483,Sample,13,5,1.,1,false,true,false,true,50.,46.,74.,66.,0.
1.08281198483,Sample,13,5,6.,1,false,true,false,true,106.,88.,114.,96.,11.205015956
1.08281198483,Sample,13,5,11.,1,false,true,false,true,108.,90.,116.,98.,11.5077792935
1.08281198483,Sample,13,5,16.,1,false,true,false,true,108.,90.,116.,98.,11.5165972192
1.08281198483,Sample,13,5,21.,1,false,true,false,true,108.,90.,116.,98.,11.5168672551
1.08281198483,Sample,13,5,26.,1,false,true,false,true,108.,90.,116.,98.,11.5168758409
1.08281198483,Sample,13,5,31.,1,false,true,false,true,108.,90.,116.,98.,11.5168761224
1.08281198483,Sample,13,5,36.,1,false,true,false,true,108.,90.,116.,98.,11.5168761318
1.08281198483,Sample,13,5,41.,1,false,true,false,true,108.,90.,116.,98.,11.5168761322
1.08281198483,Sample,13,5,46.,1,false,true,false,true,108.,90.,116.,98.,11.5168761322
1.08281198483,Sample,13,5,51.,1,false,true,false,true,108.,90.,116.,98.,11.5168761322
0.989018477595,Voter,13,7,1.,1,false,true,false,true,42.,40.,52.,46.,0.
0.989018477595,Voter,13,7,6.,1,false,true,false,true,102.,90.,48.,46.,10.6977308456
0.989018477595,Voter,13,7,11.,1,false,true,false,true,104.,92.,50.,48.,10.9229265219
0.989018477595,Voter,13,7,16.,1,false,true,false,true,104.,92.,50.,48.,10.9280971185
0.989018477595,Voter,13,7,21.,1,false,true,false,true,104.,92.,50.,48.,10.9282227412
0.989018477595,Voter,13,7,26.,1,false,true,false,true,104.,92.,50.,48.,10.9282259247
0.989018477595,Voter,13,7,31.,1,false,true,false,true,104.,92.,50.,48.,10.9282260082
0.989018477595,Voter,13,7,36.,1,false,true,false,true,104.,92.,50.,48.,10.9282260105
0.989018477595,Voter,13,7,41.,1,false,true,false,true,104.,92.,50.,48.,10.9282260105
0.989018477595,Voter,13,7,46.,1,false,true,false,true,104.,92.,50.,48.,10.9282260105
0.989018477595,Voter,13,7,51.,1,false,true,false,true,104.,92.,50.,48.,10.9282260105
1.38812078194,Sample,13,6,1.,1,false,true,false,true,38.,36.,90.,76.,0.
1.38812078194,Sample,13,6,6.,1,false,true,false,true,110.,96.,118.,104.,12.4498426138
1.38812078194,Sample,13,6,11.,1,false,true,false,true,114.,100.,122.,108.,13.0775866077
1.38812078194,Sample,13,6,16.,1,false,true,false,true,114.,100.,122.,108.,13.1108432217
1.38812078194,Sample,13,6,21.,1,false,true,false,true,114.,100.,122.,108.,13.1126691263
1.38812078194,Sample,13,6,26.,1,false,true,false,true,114.,100.,122.,108.,13.1127721515
1.38812078194,Sample,13,6,31.,1,false,true,false,true,114.,100.,122.,108.,13.1127780955
1.38812078194,Sample,13,6,36.,1,false,true,false,true,114.,100.,122.,108.,13.112778445
1.38812078194,Sample,13,6,41.,1,false,true,false,true,114.,100.,122.,108.,13.1127784659
1.38812078194,Sample,13,6,46.,1,false,true,false,true,114.,100.,122.,108.,13.1127784672
1.38812078194,Sample,13,6,51.,1,false,true,false,true,114.,100.,122.,108.,13.1127784672
1.12811868581,Sample,13,7,1.,1,false,true,false,true,92.,74.,146.,122.,0.
1.12811868581,Sample,13,7,6.,1,false,true,false,true,226.,166.,208.,172.,11.4267892708
1.12811868581,Sample,13,7,11.,1,false,true,false,true,244.,178.,210.,170.,11.7711159652
1.12811868581,Sample,13,7,16.,1,false,true,false,true,246.,178.,212.,170.,11.7822453174
1.12811868581,Sample,13,7,21.,1,false,true,false,true,246.,178.,212.,170.,11.7826225438
1.12811868581,Sample,13,7,26.,1,false,true,false,true,246.,178.,212.,170.,11.7826357936
1.12811868581,Sample,13,7,31.,1,false,true,false,true,246.,178.,212.,170.,11.7826362727
1.12811868581,Sample,13,7,36.,1,false,true,false,true,246.,178.,212.,170.,11.7826362905
1.12811868581,Sample,13,7,41.,1,false,true,false,true,246.,178.,212.,170.,11.7826362912
1.12811868581,Sample,13,7,46.,1,false,true,false,true,246.,178.,212.,170.,11.7826362912
1.12811868581,Sample,13,7,51.,1,false,true,false,true,246.,178.,212.,170.,11.7826362912
1.2026509979,Voter,13,7,1.,1,false,true,false,true,48.,44.,88.,66.,0.
1.2026509979,Voter,13,7,6.,1,false,true,false,true,142.,106.,102.,90.,11.7614211053
1.2026509979,Voter,13,7,11.,1,false,true,false,true,142.,106.,102.,90.,12.1795562096
1.2026509979,Voter,13,7,16.,1,false,true,false,true,142.,106.,102.,90.,12.1953890075
1.2026509979,Voter,13,7,21.,1,false,true,false,true,142.,106.,102.,90.,12.1960152226
1.2026509979,Voter,13,7,26.,1,false,true,false,true,142.,106.,102.,90.,12.1960408173
1.2026509979,Voter,13,7,31.,1,false,true,false,true,142.,106.,102.,90.,12.1960418918
1.2026509979,Voter,13,7,36.,1,false,true,false,true,142.,106.,102.,90.,12.1960419379
1.2026509979,Voter,13,7,41.,1,false,true,false,true,142.,106.,102.,90.,12.1960419399
1.2026509979,Voter,13,7,46.,1,false,true,false,true,142.,106.,102.,90.,12.19604194
1.2026509979,Voter,13,7,51.,1,false,true,false,true,142.,106.,102.,90.,12.19604194
1.03806844074,Voter,13,5,1.,1,false,true,false,true,10.,10.,22.,18.,0.
1.03806844074,Voter,13,5,6.,1,false,true,false,true,34.,32.,10.,10.,10.9714273891
1.03806844074,Voter,13,5,11.,1,false,true,false,true,34.,32.,10.,10.,11.2357278674
1.03806844074,Voter,13,5,16.,1,false,true,false,true,34.,32.,10.,10.,11.24262739
1.03806844074,Voter,13,5,21.,1,false,true,false,true,34.,32.,10.,10.,11.2428173145
1.03806844074,Voter,13,5,26.,1,false,true,false,true,34.,32.,10.,10.,11.2428227539
1.03806844074,Voter,13,5,31.,1,false,true,false,true,34.,32.,10.,10.,11.2428229148
1.03806844074,Voter,13,5,36.,1,false,true,false,true,34.,32.,10.,10.,11.2428229197
1.03806844074,Voter,13,5,41.,1,false,true,false,true,34.,32.,10.,10.,11.2428229199
1.03806844074,Voter,13,5,46.,1,false,true,false,true,34.,32.,10.,10.,11.2428229199
1.03806844074,Voter,13,5,51.,1,false,true,false,true,34.,32.,10.,10.,11.2428229199
1.07508600399,Sample,13,3,1.,1,false,true,false,true,10.,10.,12.,12.,0.
1.07508600399,Sample,13,3,6.,1,false,true,false,true,20.,20.,14.,14.,11.1657386487
1.07508600399,Sample,13,3,11.,1,false,true,false,true,22.,20.,16.,14.,11.4616743055
1.07508600399,Sample,13,3,16.,1,false,true,false,true,22.,20.,16.,14.,11.4701361015
1.07508600399,Sample,13,3,21.,1,false,true,false,true,22.,20.,16.,14.,11.4703906248
1.07508600399,Sample,13,3,26.,1,false,true,false,true,22.,20.,16.,14.,11.4703985763
1.07508600399,Sample,13,3,31.,1,false,true,false,true,22.,20.,16.,14.,11.4703988325
1.07508600399,Sample,13,3,36.,1,false,true,false,true,22.,20.,16.,14.,11.470398841
1.07508600399,Sample,13,3,41.,1,false,true,false,true,22.,20.,16.,14.,11.4703988413
1.07508600399,Sample,13,3,46.,1,false,true,false,true,22.,20.,16.,14.,11.4703988413
1.07508600399,Sample,13,3,51.,1,false,true,false,true,22.,20.,16.,14.,11.4703988413
1.02108454364,Voter,13,7,1.,1,false,true,false,true,50.,46.,76.,60.,0.
1.02108454364,Voter,13,7,6.,1,false,true,false,true,98.,82.,64.,54.,10.878798435
1.02108454364,Voter,13,7,11.,1,false,true,false,true,98.,82.,64.,54.,11.1291911647
1.02108454364,Voter,13,7,16.,1,false,true,false,true,98.,82.,64.,54.,11.1354499618
1.02108454364,Voter,13,7,21.,1,false,true,false,true,98.,82.,64.,54.,11.1356151219
1.02108454364,Voter,13,7,26.,1,false,true,false,true,98.,82.,64.,54.,11.1356196602
1.02108454364,Voter,13,7,31.,1,false,true,false,true,98.,82.,64.,54.,11.1356197891
1.02108454364,Voter,13,7,36.,1,false,true,false,true,98.,82.,64.,54.,11.1356197929
1.02108454364,Voter,13,7,41.,1,false,true,false,true,98.,82.,64.,54.,11.135619793
1.02108454364,Voter,13,7,46.,1,false,true,false,true,98.,82.,64.,54.,11.135619793
1.02108454364,Voter,13,7,51.,1,false,true,false,true,98.,82.,64.,54.,11.135619793
0.925347529259,Sample,13,7,1.,1,false,true,false,true,40.,38.,100.,86.,0.
0.925347529259,Sample,13,7,6.,1,false,true,false,true,136.,116.,96.,82.,10.3130744961
0.925347529259,Sample,13,7,11.,1,false,true,false,true,138.,118.,98.,82.,10.4924374393
0.925347529259,Sample,13,7,16.,1,false,true,false,true,138.,118.,98.,82.,10.4958729328
0.925347529259,Sample,13,7,21.,1,false,true,false,true,138.,118.,98.,82.,10.4959429174
0.925347529259,Sample,13,7,26.,1,false,true,false,true,138.,118.,98.,82.,10.49594441
0.925347529259,Sample,13,7,31.,1,false,true,false,true,138.,118.,98.,82.,10.4959444431
0.925347529259,Sample,13,7,36.,1,false,true,false,true,138.,118.,98.,82.,10.4959444438
0.925347529259,Sample,13,7,41.,1,false,true,false,true,138.,118.,98.,82.,10.4959444439
0.925347529259,Sample,13,7,46.,1,false,true,false,true,138.,118.,98.,82.,10.4959444439
0.925347529259,Sample,13,7,51.,1,false,true,false,true,138.,118.,98.,82.,10.4959444439
1.2635880893,Sample,13,4,1.,1,false,true,false,true,6.,6.,28.,24.,0.
1.2635880893,Sample,13,4,6.,1,false,true,false,true,52.,46.,26.,26.,12.0090806709
1.2635880893,Sample,13,4,11.,1,false,true,false,true,56.,48.,30.,28.,12.4922511334
1.2635880893,Sample,13,4,16.,1,false,true,false,true,56.,48.,30.,28.,12.5128524038
1.2635880893,Sample,13,4,21.,1,false,true,false,true,56.,48.,30.,28.,12.5137673008
1.2635880893,Sample,13,4,26.,1,false,true,false,true,56.,48.,30.,28.,12.5138092031
1.2635880893,Sample,13,4,31.,1,false,true,false,true,56.,48.,30.,28.,12.513811171
1.2635880893,Sample,13,4,36.,1,false,true,false,true,56.,48.,30.,28.,12.5138112655
1.2635880893,Sample,13,4,41.,1,false,true,false,true,56.,48.,30.,28.,12.5138112701
1.2635880893,Sample,13,4,46.,1,false,true,false,true,56.,48.,30.,28.,12.5138112703
1.2635880893,Sample,13,4,51.,1,false,true,false,true,56.,48.,30.,28.,12.5138112703
1.24916930561,Voter,13,5,1.,1,false,true,false,true,34.,28.,60.,56.,0.
1.24916930561,Voter,13,5,6.,1,false,true,false,true,106.,86.,100.,86.,11.9524854455
1.24916930561,Voter,13,5,11.,1,false,true,false,true,106.,86.,100.,86.,12.4199054605
1.24916930561,Voter,13,5,16.,1,false,true,false,true,106.,86.,100.,86.,12.4392987587
1.24916930561,Voter,13,5,21.,1,false,true,false,true,106.,86.,100.,86.,12.4401373737
1.24916930561,Voter,13,5,26.,1,false,true,false,true,106.,86.,100.,86.,12.4401747899
1.24916930561,Voter,13,5,31.,1,false,true,false,true,106.,86.,100.,86.,12.4401765024
1.24916930561,Voter,13,5,36.,1,false,true,false,true,106.,86.,100.,86.,12.4401765825
1.24916930561,Voter,13,5,41.,1,false,true,false,true,106.,86.,100.,86.,12.4401765863
1.24916930561,Voter,13,5,46.,1,false,true,false,true,106.,86.,100.,86.,12.4401765865
1.24916930561,Voter,13,5,51.,1,false,true,false,true,106.,86.,100.,86.,12.4401765865
1.23187162921,Voter,13,6,1.,1,false,true,false,true,22.,20.,44.,44.,0.
1.23187162921,Voter,13,6,6.,1,false,true,false,true,68.,60.,26.,26.,11.8829694002
1.23187162921,Voter,13,6,11.,1,false,true,false,true,68.,60.,26.,26.,12.3317863533
1.23187162921,Voter,13,6,16.,1,false,true,false,true,68.,60.,26.,26.,12.3497965466
1.23187162921,Voter,13,6,21.,1,false,true,false,true,68.,60.,26.,26.,12.3505503907
1.23187162921,Voter,13,6,26.,1,false,true,false,true,68.,60.,26.,26.,12.3505829649
1.23187162921,Voter,13,6,31.,1,false,true,false,true,68.,60.,26.,26.,12.3505844095
1.23187162921,Voter,13,6,36.,1,false,true,false,true,68.,60.,26.,26.,12.350584475
1.23187162921,Voter,13,6,41.,1,false,true,false,true,68.,60.,26.,26.,12.350584478
1.23187162921,Voter,13,6,46.,1,false,true,false,true,68.,60.,26.,26.,12.3505844782
1.23187162921,Voter,13,6,51.,1,false,true,false,true,68.,60.,26.,26.,12.3505844782
1.09214564314,Voter,13,7,1.,1,false,true,false,true,66.,60.,114.,94.,0.
1.09214564314,Voter,13,7,6.,1,false,true,false,true,142.,120.,114.,94.,11.2518909125
1.09214564314,Voter,13,7,11.,1,false,true,false,true,144.,120.,116.,96.,11.5630048071
1.09214564314,Voter,13,7,16.,1,false,true,false,true,144.,120.,116.,96.,11.5722673781
1.09214564314,Voter,13,7,21.,1,false,true,false,true,144.,120.,116.,96.,11.5725571716
1.09214564314,Voter,13,7,26.,1,false,true,false,true,144.,120.,116.,96.,11.5725665813
1.09214564314,Voter,13,7,31.,1,false,true,false,true,144.,120.,116.,96.,11.5725668962
1.09214564314,Voter,13,7,36.,1,false,true,false,true,144.,120.,116.,96.,11.572566907
1.09214564314,Voter,13,7,41.,1,false,true,false,true,144.,120.,116.,96.,11.5725669074
1.09214564314,Voter,13,7,46.,1,false,true,false,true,144.,120.,116.,96.,11.5725669074
1.09214564314,Voter,13,7,51.,1,false,true,false,true,144.,120.,116.,96.,11.5725669074
0.966460202643,Voter,13,3,1.,1,false,true,false,true,6.,6.,8.,8.,0.
0.966460202643,Voter,13,3,6.,1,false,true,false,true,14.,12.,8.,8.,10.5653603659
0.966460202643,Voter,13,3,11.,1,false,true,false,true,14.,12.,8.,8.,10.7736732507
0.966460202643,Voter,13,3,16.,1,false,true,false,true,14.,12.,8.,8.,10.778167676
0.966460202643,Voter,13,3,21.,1,false,true,false,true,14.,12.,8.,8.,10.7782704602
0.966460202643,Voter,13,3,26.,1,false,true,false,true,14.,12.,8.,8.,10.7782729151
0.966460202643,Voter,13,3,31.,1,false,true,false,true,14.,12.,8.,8.,10.7782729759
0.966460202643,Voter,13,3,36.,1,false,true,false,true,14.,12.,8.,8.,10.7782729774
0.966460202643,Voter,13,3,41.,1,false,true,false,true,14.,12.,8.,8.,10.7782729775
0.966460202643,Voter,13,3,46.,1,false,true,false,true,14.,12.,8.,8.,10.7782729775
0.966460202643,Voter,13,3,51.,1,false,true,false,true,14.,12.,8.,8.,10.7782729775
0.83103922968,Voter,13,7,1.,1,false,true,false,true,42.,40.,54.,50.,0.
0.83103922968,Voter,13,7,6.,1,false,true,false,true,98.,84.,66.,58.,9.676697533
0.83103922968,Voter,13,7,11.,1,false,true,false,true,98.,84.,66.,58.,9.7986639701
0.83103922968,Voter,13,7,16.,1,false,true,false,true,98.,84.,66.,58.,9.80038691313
0.83103922968,Voter,13,7,21.,1,false,true,false,true,98.,84.,66.,58.,9.80041303538
0.83103922968,Voter,13,7,26.,1,false,true,false,true,98.,84.,66.,58.,9.8004134529
0.83103922968,Voter,13,7,31.,1,false,true,false,true,98.,84.,66.,58.,9.80041345986
0.83103922968,Voter,13,7,36.,1,false,true,false,true,98.,84.,66.,58.,9.80041345998
0.83103922968,Voter,13,7,41.,1,false,true,false,true,98.,84.,66.,58.,9.80041345999
0.83103922968,Voter,13,7,46.,1,false,true,false,true,98.,84.,66.,58.,9.80041345999
0.83103922968,Voter,13,7,51.,1,false,true,false,true,98.,84.,66.,58.,9.80041345999
0.881564553466,Sample,13,4,1.,1,false,true,false,true,18.,18.,34.,30.,0.
0.881564553466,Sample,13,4,6.,1,false,true,false,true,38.,34.,30.,28.,10.0279905128
0.881564553466,Sample,13,4,11.,1,false,true,false,true,40.,36.,28.,26.,10.1791383159
0.881564553466,Sample,13,4,16.,1,false,true,false,true,40.,36.,28.,26.,10.1816664575
0.881564553466,Sample,13,4,21.,1,false,true,false,true,40.,36.,28.,26.,10.1817116095
0.881564553466,Sample,13,4,26.,1,false,true,false,true,40.,36.,28.,26.,10.1817124564
0.881564553466,Sample,13,4,31.,1,false,true,false,true,40.,36.,28.,26.,10.1817124729
0.881564553466,Sample,13,4,36.,1,false,true,false,true,40.,36.,28.,26.,10.1817124732
0.881564553466,Sample,13,4,41.,1,false,true,false,true,40.,36.,28.,26.,10.1817124732
0.881564553466,Sample,13,4,46.,1,false,true,false,true,40.,36.,28.,26.,10.1817124732
0.881564553466,Sample,13,4,51.,1,false,true,false,true,40.,36.,28.,26.,10.1817124732
1.0891470446,Sample,13,4,1.,1,false,true,false,true,12.,12.,34.,32.,0.
1.0891470446,Sample,13,4,6.,1,false,true,false,true,46.,40.,40.,36.,11.2368997806
1.0891470446,Sample,13,4,11.,1,false,true,false,true,46.,40.,40.,36.,11.5453187812
1.0891470446,Sample,13,4,16.,1,false,true,false,true,46.,40.,40.,36.,11.5544367658
1.0891470446,Sample,13,4,21.,1,false,true,false,true,46.,40.,40.,36.,11.5547200879
1.0891470446,Sample,13,4,26.,1,false,true,false,true,46.,40.,40.,36.,11.5547292258
1.0891470446,Sample,13,4,31.,1,false,true,false,true,46.,40.,40.,36.,11.5547295296
1.0891470446,Sample,13,4,36.,1,false,true,false,true,46.,40.,40.,36.,11.55472954
1.0891470446,Sample,13,4,41.,1,false,true,false,true,46.,40.,40.,36.,11.5547295403
1.0891470446,Sample,13,4,46.,1,false,true,false,true,46.,40.,40.,36.,11.5547295403
1.0891470446,Sample,13,4,51.,1,false,true,false,true,46.,40.,40.,36.,11.5547295403
1.2582215254,Voter,13,4,1.,1,false,true,false,true,16.,16.,20.,20.,0.
1.2582215254,Voter,13,4,6.,1,false,true,false,true,52.,46.,36.,34.,11.9881583532
1.2582215254,Voter,13,4,11.,1,false,true,false,true,54.,48.,38.,36.,12.4654410599
1.2582215254,Voter,13,4,16.,1,false,true,false,true,54.,48.,38.,36.,12.4855868135
1.2582215254,Voter,13,4,21.,1,false,true,false,true,54.,48.,38.,36.,12.486472704
1.2582215254,Voter,13,4,26.,1,false,true,false,true,54.,48.,38.,36.,12.4865128866
1.2582215254,Voter,13,4,31.,1,false,true,false,true,54.,48.,38.,36.,12.4865147558
1.2582215254,Voter,13,4,36.,1,false,true,false,true,54.,48.,38.,36.,12.4865148446
1.2582215254,Voter,13,4,41.,1,false,true,false,true,54.,48.,38.,36.,12.4865148489
1.2582215254,Voter,13,4,46.,1,false,true,false,true,54.,48.,38.,36.,12.4865148492
1.2582215254,Voter,13,4,51.,1,false,true,false,true,54.,48.,38.,36.,12.4865148492
1.12083405159,Sample,13,3,1.,1,false,true,false,true,0.,0.,10.,10.,0.
1.12083405159,Sample,13,3,6.,1,false,true,false,true,14.,14.,4.,4.,11.3920994383
1.12083405159,Sample,13,3,11.,1,false,true,false,true,14.,14.,4.,4.,11.7295701111
1.12083405159,Sample,13,3,16.,1,false,true,false,true,14.,14.,4.,4.,11.7403013001
1.12083405159,Sample,13,3,21.,1,false,true,false,true,14.,14.,4.,4.,11.7406592913
1.12083405159,Sample,13,3,26.,1,false,true,false,true,14.,14.,4.,4.,11.7406716707
1.12083405159,Sample,13,3,31.,1,false,true,false,true,14.,14.,4.,4.,11.7406721116
1.12083405159,Sample,13,3,36.,1,false,true,false,true,14.,14.,4.,4.,11.7406721276
1.12083405159,Sample,13,3,41.,1,false,true,false,true,14.,14.,4.,4.,11.7406721282
1.12083405159,Sample,13,3,46.,1,false,true,false,true,14.,14.,4.,4.,11.7406721283
1.12083405159,Sample,13,3,51.,1,false,true,false,true,14.,14.,4.,4.,11.7406721283
1.1723528651,Sample,13,5,1.,1,false,true,false,true,40.,36.,58.,48.,0.
1.1723528651,Sample,13,5,6.,1,false,true,false,true,88.,78.,90.,78.,11.6297572735
1.1723528651,Sample,13,5,11.,1,false,true,false,true,88.,78.,90.,78.,12.0170989116
1.1723528651,Sample,13,5,16.,1,false,true,false,true,88.,78.,90.,78.,12.030877085
1.1723528651,Sample,13,5,21.,1,false,true,false,true,88.,78.,90.,78.,12.0313898058
1.1723528651,Sample,13,5,26.,1,false,true,false,true,88.,78.,90.,78.,12.0314095438
1.1723528651,Sample,13,5,31.,1,false,true,false,true,88.,78.,90.,78.,12.031410325
1.1723528651,Sample,13,5,36.,1,false,true,false,true,88.,78.,90.,78.,12.0314103567
1.1723528651,Sample,13,5,41.,1,false,true,false,true,88.,78.,90.,78.,12.031410358
1.1723528651,Sample,13,5,46.,1,false,true,false,true,88.,78.,90.,78.,12.031410358
1.1723528651,Sample,13,5,51.,1,false,true,false,true,88.,78.,90.,78.,12.031410358
0.842065290122,Voter,13,4,1.,1,false,true,false,true,22.,22.,28.,26.,0.
0.842065290122,Voter,13,4,6.,1,false,true,false,true,40.,34.,26.,26.,9.75547362006
0.842065290122,Voter,13,4,11.,1,false,true,false,true,40.,34.,26.,26.,9.88349918346
0.842065290122,Voter,13,4,16.,1,false,true,false,true,40.,34.,26.,26.,9.8853779497
0.842065290122,Voter,13,4,21.,1,false,true,false,true,40.,34.,26.,26.,9.88540750569
0.842065290122,Voter,13,4,26.,1,false,true,false,true,40.,34.,26.,26.,9.88540799542
0.842065290122,Voter,13,4,31.,1,false,true,false,true,40.,34.,26.,26.,9.88540800388
0.842065290122,Voter,13,4,36.,1,false,true,false,true,40.,34.,26.,26.,9.88540800403
0.842065290122,Voter,13,4,41.,1,false,true,false,true,40.,34.,26.,26.,9.88540800404
0.842065290122,Voter,13,4,46.,1,false,true,false,true,40.,34.,26.,26.,9.88540800404
0.842065290122,Voter,13,4,51.,1,false,true,false,true,40.,34.,26.,26.,9.88540800404
0.973593327754,Sample,13,4,1.,1,false,true,false,true,8.,8.,32.,30.,0.
0.973593327754,Sample,13,4,6.,1,false,true,false,true,44.,40.,20.,18.,10.6076716578
0.973593327754,Sample,13,4,11.,1,false,true,false,true,44.,40.,20.,18.,10.8212471055
0.973593327754,Sample,13,4,16.,1,false,true,false,true,44.,40.,20.,18.,10.8259477061
0.973593327754,Sample,13,4,21.,1,false,true,false,true,44.,40.,20.,18.,10.8260573058
0.973593327754,Sample,13,4,26.,1,false,true,false,true,44.,40.,20.,18.,10.8260599736
0.973593327754,Sample,13,4,31.,1,false,true,false,true,44.,40.,20.,18.,10.8260600409
0.973593327754,Sample,13,4,36.,1,false,true,false,true,44.,40.,20.,18.,10.8260600426
0.973593327754,Sample,13,4,41.,1,false,true,false,true,44.,40.,20.,18.,10.8260600427
0.973593327754,Sample,13,4,46.,1,false,true,false,true,44.,40.,20.,18.,10.8260600427
0.973593327754,Sample,13,4,51.,1,false,true,false,true,44.,40.,20.,18.,10.8260600427
0.819487415487,Sample,13,6,1.,1,false,true,false,true,100.,86.,152.,130.,0.
0.819487415487,Sample,13,6,6.,1,false,true,false,true,186.,150.,190.,154.,9.59286415592
0.819487415487,Sample,13,6,11.,1,false,true,false,true,188.,152.,192.,154.,9.70866725667
0.819487415487,Sample,13,6,16.,1,false,true,false,true,188.,152.,192.,154.,9.7102379038
0.819487415487,Sample,13,6,21.,1,false,true,false,true,188.,152.,192.,154.,9.71026079664
0.819487415487,Sample,13,6,26.,1,false,true,false,true,188.,152.,192.,154.,9.71026114874
0.819487415487,Sample,13,6,31.,1,false,true,false,true,188.,152.,192.,154.,9.7102611544
0.819487415487,Sample,13,6,36.,1,false,true,false,true,188.,152.,192.,154.,9.71026115449
0.819487415487,Sample,13,6,41.,1,false,true,false,true,188.,152.,192.,154.,9.71026115449
0.819487415487,Sample,13,6,46.,1,false,true,false,true,188.,152.,192.,154.,9.71026115449
0.819487415487,Sample,13,6,51.,1,false,true,false,true,188.,152.,192.,154.,9.71026115449
1.33588593946,Voter,13,4,1.,1,false,true,false,true,12.,12.,24.,24.,0.
1.33588593946,Voter,13,4,6.,1,false,true,false,true,44.,42.,44.,40.,12.2750902643
1.33588593946,Voter,13,4,11.,1,false,true,false,true,46.,44.,50.,42.,12.8404125374
1.33588593946,Voter,13,4,16.,1,false,true,false,true,46.,44.,50.,42.,12.8678599072
1.33588593946,Voter,13,4,21.,1,false,true,false,true,46.,44.,50.,42.,12.8692437032
1.33588593946,Voter,13,4,26.,1,false,true,false,true,46.,44.,50.,42.,12.8693155008
1.33588593946,Voter,13,4,31.,1,false,true,false,true,46.,44.,50.,42.,12.8693193141
1.33588593946,Voter,13,4,36.,1,false,true,false,true,46.,44.,50.,42.,12.8693195207
1.33588593946,Voter,13,4,41.,1,false,true,false,true,46.,44.,50.,42.,12.8693195321
1.33588593946,Voter,13,4,46.,1,false,true,false,true,46.,44.,50.,42.,12.8693195327
1.33588593946,Voter,13,4,51.,1,false,true,false,true,46.,44.,50.,42.,12.8693195328
0.92342315294,Voter,13,4,1.,1,false,true,false,true,8.,8.,10.,10.,0.
0.92342315294,Voter,13,4,6.,1,false,true,false,true,18.,16.,4.,4.,10.3009065359
0.92342315294,Voter,13,4,11.,1,false,true,false,true,18.,16.,4.,4.,10.4789724524
0.92342315294,Voter,13,4,16.,1,false,true,false,true,18.,16.,4.,4.,10.4823635123
0.92342315294,Voter,13,4,21.,1,false,true,false,true,18.,16.,4.,4.,10.4824322063
0.92342315294,Voter,13,4,26.,1,false,true,false,true,18.,16.,4.,4.,10.4824336634
0.92342315294,Voter,13,4,31.,1,false,true,false,true,18.,16.,4.,4.,10.4824336955
0.92342315294,Voter,13,4,36.,1,false,true,false,true,18.,16.,4.,4.,10.4824336962
0.92342315294,Voter,13,4,41.,1,false,true,false,true,18.,16.,4.,4.,10.4824336963
0.92342315294,Voter,13,4,46.,1,false,true,false,true,18.,16.,4.,4.,10.4824336963
0.92342315294,Voter,13,4,51.,1,false,true,false,true,18.,16.,4.,4.,10.4824336963
1.19534651411,Sample,13,3,1.,1,false,true,false,true,8.,8.,22.,18.,0.
1.19534651411,Sample,13,3,6.,1,false,true,false,true,28.,26.,34.,32.,11.7302111564
1.19534651411,Sample,13,3,11.,1,false,true,false,true,28.,26.,34.,32.,12.140825948
1.19534651411,Sample,13,3,16.,1,false,true,false,true,28.,26.,34.,32.,12.1561448484
1.19534651411,Sample,13,3,21.,1,false,true,false,true,28.,26.,34.,32.,12.1567420254
1.19534651411,Sample,13,3,26.,1,false,true,false,true,28.,26.,34.,32.,12.1567660884
1.19534651411,Sample,13,3,31.,1,false,true,false,true,28.,26.,34.,32.,12.1567670845
1.19534651411,Sample,13,3,36.,1,false,true,false,true,28.,26.,34.,32.,12.1567671267
1.19534651411,Sample,13,3,41.,1,false,true,false,true,28.,26.,34.,32.,12.1567671285
1.19534651411,Sample,13,3,46.,1,false,true,false,true,28.,26.,34.,32.,12.1567671286
1.19534651411,Sample,13,3,51.,1,false,true,false,true,28.,26.,34.,32.,12.1567671286
0.932156991322,Sample,13,3,1.,1,false,true,false,true,6.,6.,18.,16.,0.
0.932156991322,Sample,13,3,6.,1,false,true,false,true,24.,24.,28.,28.,10.3558695126
0.932156991322,Sample,13,3,11.,1,false,true,false,true,26.,26.,26.,26.,10.5398638621
0.932156991322,Sample,13,3,16.,1,false,true,false,true,26.,26.,26.,26.,10.5434601387
0.932156991322,Sample,13,3,21.,1,false,true,false,true,26.,26.,26.,26.,10.5435348535
0.932156991322,Sample,13,3,26.,1,false,true,false,true,26.,26.,26.,26.,10.543536478
0.932156991322,Sample,13,3,31.,1,false,true,false,true,26.,26.,26.,26.,10.5435365147
0.932156991322,Sample,13,3,36.,1,false,true,false,true,26.,26.,26.,26.,10.5435365155
0.932156991322,Sample,13,3,41.,1,false,true,false,true,26.,26.,26.,26.,10.5435365155
0.932156991322,Sample,13,3,46.,1,false,true,false,true,26.,26.,26.,26.,10.5435365155
0.932156991322,Sample,13,3,51.,1,false,true,false,true,26.,26.,26.,26.,10.5435365155
1.28194664444,Voter,13,4,1.,1,false,true,false,true,10.,10.,12.,12.,0.
1.28194664444,Voter,13,4,6.,1,false,true,false,true,36.,32.,26.,26.,12.0793976178
1.28194664444,Voter,13,4,11.,1,false,true,false,true,36.,32.,26.,26.,12.582935195
1.28194664444,Voter,13,4,16.,1,false,true,false,true,36.,32.,26.,26.,12.6051485757
1.28194664444,Voter,13,4,21.,1,false,true,false,true,36.,32.,26.,26.,12.6061684168
1.28194664444,Voter,13,4,26.,1,false,true,false,true,36.,32.,26.,26.,12.6062166775
1.28194664444,Voter,13,4,31.,1,false,true,false,true,36.,32.,26.,26.,12.6062190183
1.28194664444,Voter,13,4,36.,1,false,true,false,true,36.,32.,26.,26.,12.6062191342
1.28194664444,Voter,13,4,41.,1,false,true,false,true,36.,32.,26.,26.,12.6062191401
1.28194664444,Voter,13,4,46.,1,false,true,false,true,36.,32.,26.,26.,12.6062191404
1.28194664444,Voter,13,4,51.,1,false,true,false,true,36.,32.,26.,26.,12.6062191404
1.22258921645,Voter,13,6,1.,1,false,true,false,true,20.,20.,38.,32.,0.
1.22258921645,Voter,13,6,6.,1,false,true,false,true,46.,44.,12.,12.,11.8449240626
1.22258921645,Voter,13,6,11.,1,false,true,false,true,46.,44.,12.,12.,12.2838919505
1.22258921645,Voter,13,6,16.,1,false,true,false,true,46.,44.,12.,12.,12.3011890796
1.22258921645,Voter,13,6,21.,1,false,true,false,true,46.,44.,12.,12.,12.3019003259
1.22258921645,Voter,13,6,26.,1,false,true,false,true,46.,44.,12.,12.,12.3019305276
1.22258921645,Voter,13,6,31.,1,false,true,false,true,46.,44.,12.,12.,12.3019318441
1.22258921645,Voter,13,6,36.,1,false,true,false,true,46.,44.,12.,12.,12.3019319028
1.22258921645,Voter,13,6,41.,1,false,true,false,true,46.,44.,12.,12.,12.3019319054
1.22258921645,Voter,13,6,46.,1,false,true,false,true,46.,44.,12.,12.,12.3019319055
1.22258921645,Voter,13,6,51.,1,false,true,false,true,46.,44.,12.,12.,12.3019319055
0.981820190395,Sample,13,3,1.,1,false,true,false,true,14.,14.,24.,22.,0.
0.981820190395,Sample,13,3,6.,1,false,true,false,true,38.,32.,36.,32.,10.6559469812
0.981820190395,Sample,13,3,11.,1,false,true,false,true,38.,32.,36.,32.,10.8756792113
0.981820190395,Sample,13,3,16.,1,false,true,false,true,38.,32.,36.,32.,10.8806263104
0.981820190395,Sample,13,3,21.,1,false,true,false,true,38.,32.,36.,32.,10.8807442308
0.981820190395,Sample,13,3,26.,1,false,true,false,true,38.,32.,36.,32.,10.8807471638
0.981820190395,Sample,13,3,31.,1,false,true,false,true,38.,32.,36.,32.,10.8807472393
0.981820190395,Sample,13,3,36.,1,false,true,false,true,38.,32.,36.,32.,10.8807472413
0.981820190395,Sample,13,3,41.,1,false,true,false,true,38.,32.,36.,32.,10.8807472413
0.981820190395,Sample,13,3,46.,1,false,true,false,true,38.,32.,36.,32.,10.8807472413
0.981820190395,Sample,13,3,51.,1,false,true,false,true,38.,32.,36.,32.,10.8807472413
1.15994422542,Sample,13,5,1.,1,false,true,false,true,16.,16.,58.,48.,0.
1.15994422542,Sample,13,5,6.,1,false,true,false,true,58.,48.,32.,30.,11.5741297168
1.15994422542,Sample,13,5,11.,1,false,true,false,true,58.,48.,32.,30.,11.9491683201
1.15994422542,Sample,13,5,16.,1,false,true,false,true,58.,48.,32.,30.,11.9621624411
1.15994422542,Sample,13,5,21.,1,false,true,false,true,58.,48.,32.,30.,11.9626337367
1.15994422542,Sample,13,5,26.,1,false,true,false,true,58.,48.,32.,30.,11.9626514286
1.15994422542,Sample,13,5,31.,1,false,true,false,true,58.,48.,32.,30.,11.9626521117
1.15994422542,Sample,13,5,36.,1,false,true,false,true,58.,48.,32.,30.,11.9626521387
1.15994422542,Sample,13,5,41.,1,false,true,false,true,58.,48.,32.,30.,11.9626521398
1.15994422542,Sample,13,5,46.,1,false,true,false,true,58.,48.,32.,30.,11.9626521398
1.15994422542,Sample,13,5,51.,1,false,true,false,true,58.,48.,32.,30.,11.9626521398
1.08289227632,Sample,13,7,1.,1,false,true,false,true,40.,36.,96.,80.,0.
1.08289227632,Sample,13,7,6.,1,false,true,false,true,104.,86.,72.,66.,11.2054218677
1.08289227632,Sample,13,7,11.,1,false,true,false,true,106.,88.,74.,68.,11.5082565643
1.08289227632,Sample,13,7,16.,1,false,true,false,true,106.,88.,74.,68.,11.5170782473
1.08289227632,Sample,13,7,21.,1,false,true,false,true,106.,88.,74.,68.,11.5173484484
1.08289227632,Sample,13,7,26.,1,false,true,false,true,106.,88.,74.,68.,11.517357041
1.08289227632,Sample,13,7,31.,1,false,true,false,true,106.,88.,74.,68.,11.5173573228
1.08289227632,Sample,13,7,36.,1,false,true,false,true,106.,88.,74.,68.,11.5173573322
1.08289227632,Sample,13,7,41.,1,false,true,false,true,106.,88.,74.,68.,11.5173573326
1.08289227632,Sample,13,7,46.,1,false,true,false,true,106.,88.,74.,68.,11.5173573326
1.08289227632,Sample,13,7,51.,1,false,true,false,true,106.,88.,74.,68.,11.5173573326
0.884483592928,Voter,13,7,1.,1,false,true,false,true,42.,40.,60.,52.,0.
0.884483592928,Voter,13,7,6.,1,false,true,false,true,88.,72.,54.,52.,10.047542727
0.884483592928,Voter,13,7,11.,1,false,true,false,true,92.,76.,54.,52.,10.2004871912
0.884483592928,Voter,13,7,16.,1,false,true,false,true,92.,76.,54.,52.,10.2030693776
0.884483592928,Voter,13,7,21.,1,false,true,false,true,92.,76.,54.,52.,10.2031159145
0.884483592928,Voter,13,7,26.,1,false,true,false,true,92.,76.,54.,52.,10.203116795
0.884483592928,Voter,13,7,31.,1,false,true,false,true,92.,76.,54.,52.,10.2031168123
0.884483592928,Voter,13,7,36.,1,false,true,false,true,92.,76.,54.,52.,10.2031168127
0.884483592928,Voter,13,7,41.,1,false,true,false,true,92.,76.,54.,52.,10.2031168127
0.884483592928,Voter,13,7,46.,1,false,true,false,true,92.,76.,54.,52.,10.2031168127
0.884483592928,Voter,13,7,51.,1,false,true,false,true,92.,76.,54.,52.,10.2031168127
1.36931619551,Voter,13,3,1.,1,false,true,false,true,4.,4.,10.,10.,0.
1.36931619551,Voter,13,3,6.,1,false,true,false,true,22.,20.,20.,20.,12.3885463937
1.36931619551,Voter,13,3,11.,1,false,true,false,true,22.,20.,20.,20.,12.9935390583
1.36931619551,Voter,13,3,16.,1,false,true,false,true,22.,20.,20.,20.,13.0246178943
1.36931619551,Voter,13,3,21.,1,false,true,false,true,22.,20.,20.,20.,13.026273612
1.36931619551,Voter,13,3,26.,1,false,true,false,true,22.,20.,20.,20.,13.0263643071
1.36931619551,Voter,13,3,31.,1,false,true,false,true,22.,20.,20.,20.,13.0263693889
1.36931619551,Voter,13,3,36.,1,false,true,false,true,22.,20.,20.,20.,13.0263696792
1.36931619551,Voter,13,3,41.,1,false,true,false,true,22.,20.,20.,20.,13.0263696961
1.36931619551,Voter,13,3,46.,1,false,true,false,true,22.,20.,20.,20.,13.0263696971
1.36931619551,Voter,13,3,51.,1,false,true,false,true,22.,20.,20.,20.,13.0263696972
0.944079166752,Voter,13,5,1.,1,false,true,false,true,28.,28.,58.,48.,0.
0.944079166752,Voter,13,5,6.,1,false,true,false,true,90.,76.,80.,70.,10.4298221507
0.944079166752,Voter,13,5,11.,1,false,true,false,true,90.,76.,80.,70.,10.622082056
0.944079166752,Voter,13,5,16.,1,false,true,false,true,90.,76.,80.,70.,10.6259734765
0.944079166752,Voter,13,5,21.,1,false,true,false,true,90.,76.,80.,70.,10.626057114
0.944079166752,Voter,13,5,26.,1,false,true,false,true,90.,76.,80.,70.,10.6260589939
0.944079166752,Voter,13,5,31.,1,false,true,false,true,90.,76.,80.,70.,10.6260590377
0.944079166752,Voter,13,5,36.,1,false,true,false,true,90.,76.,80.,70.,10.6260590388
0.944079166752,Voter,13,5,41.,1,false,true,false,true,90.,76.,80.,70.,10.6260590388
0.944079166752,Voter,13,5,46.,1,false,true,false,true,90.,76.,80.,70.,10.6260590388
0.944079166752,Voter,13,5,51.,1,false,true,false,true,90.,76.,80.,70.,10.6260590388
1.03520922337,Sample,13,7,1.,1,false,true,false,true,78.,70.,124.,108.,0.
1.03520922337,Sample,13,7,6.,1,false,true,false,true,180.,134.,182.,146.,10.9559891034
1.03520922337,Sample,13,7,11.,1,false,true,false,true,184.,136.,186.,146.,11.2179212563
1.03520922337,Sample,13,7,16.,1,false,true,false,true,186.,138.,184.,144.,11.2247096706
1.03520922337,Sample,13,7,21.,1,false,true,false,true,186.,138.,184.,144.,11.2248952254
1.03520922337,Sample,13,7,26.,1,false,true,false,true,186.,138.,184.,144.,11.2249005032
1.03520922337,Sample,13,7,31.,1,false,true,false,true,186.,138.,184.,144.,11.2249006582
1.03520922337,Sample,13,7,36.,1,false,true,false,true,186.,138.,184.,144.,11.2249006629
1.03520922337,Sample,13,7,41.,1,false,true,false,true,186.,138.,184.,144.,11.2249006631
1.03520922337,Sample,13,7,46.,1,false,true,false,true,186.,138.,184.,144.,11.2249006631
1.03520922337,Sample,13,7,51.,1,false,true,false,true,186.,138.,184.,144.,11.2249006631
1.16600640691,Voter,13,5,1.,1,false,true,false,true,8.,8.,24.,20.,0.
1.16600640691,Voter,13,5,6.,1,false,true,false,true,32.,28.,8.,8.,11.6014318895
1.16600640691,Voter,13,5,11.,1,false,true,false,true,34.,30.,10.,10.,11.9824583684
1.16600640691,Voter,13,5,16.,1,false,true,false,true,34.,30.,10.,10.,11.9958314505
1.16600640691,Voter,13,5,21.,1,false,true,false,true,34.,30.,10.,10.,11.9963226343
1.16600640691,Voter,13,5,26.,1,false,true,false,true,34.,30.,10.,10.,11.9963413021
1.16600640691,Voter,13,5,31.,1,false,true,false,true,34.,30.,10.,10.,11.9963420316
1.16600640691,Voter,13,5,36.,1,false,true,false,true,34.,30.,10.,10.,11.9963420608
1.16600640691,Voter,13,5,41.,1,false,true,false,true,34.,30.,10.,10.,11.996342062
1.16600640691,Voter,13,5,46.,1,false,true,false,true,34.,30.,10.,10.,11.996342062
1.16600640691,Voter,13,5,51.,1,false,true,false,true,34.,30.,10.,10.,11.996342062
1.39803033914,Sample,13,6,1.,1,false,true,false,true,50.,48.,88.,82.,0.
1.39803033914,Sample,13,6,6.,1,false,true,false,true,122.,102.,116.,94.,12.4814312849
1.39803033914,Sample,13,6,11.,1,false,true,false,true,132.,112.,118.,96.,13.1212866222
1.39803033914,Sample,13,6,16.,1,false,true,false,true,132.,112.,118.,96.,13.1557307485
1.39803033914,Sample,13,6,21.,1,false,true,false,true,132.,112.,118.,96.,13.1576516154
1.39803033914,Sample,13,6,26.,1,false,true,false,true,132.,112.,118.,96.,13.1577616771
1.39803033914,Sample,13,6,31.,1,false,true,false,true,132.,112.,118.,96.,13.1577681241
1.39803033914,Sample,13,6,36.,1,false,true,false,true,132.,112.,118.,96.,13.1577685089
1.39803033914,Sample,13,6,41.,1,false,true,false,true,132.,112.,118.,96.,13.1577685322
1.39803033914,Sample,13,6,46.,1,false,true,false,true,132.,112.,118.,96.,13.1577685337
1.39803033914,Sample,13,6,51.,1,false,true,false,true,132.,112.,118.,96.,13.1577685338
1.15213153038,Sample,13,6,1.,1,false,true,false,true,34.,34.,94.,86.,0.
1.15213153038,Sample,13,6,6.,1,false,true,false,true,124.,102.,128.,106.,11.5385869778
1.15213153038,Sample,13,6,11.,1,false,true,false,true,134.,108.,130.,106.,11.9059731284
1.15213153038,Sample,13,6,16.,1,false,true,false,true,136.,108.,132.,106.,11.9184902325
1.15213153038,Sample,13,6,21.,1,false,true,false,true,136.,108.,132.,106.,11.9189368568
1.15213153038,Sample,13,6,26.,1,false,true,false,true,136.,108.,132.,106.,11.9189533553
1.15213153038,Sample,13,6,31.,1,false,true,false,true,136.,108.,132.,106.,11.9189539823
1.15213153038,Sample,13,6,36.,1,false,true,false,true,136.,108.,132.,106.,11.9189540067
1.15213153038,Sample,13,6,41.,1,false,true,false,true,136.,108.,132.,106.,11.9189540077
1.15213153038,Sample,13,6,46.,1,false,true,false,true,136.,108.,132.,106.,11.9189540077
1.15213153038,Sample,13,6,51.,1,false,true,false,true,136.,108.,132.,106.,11.9189540077
0.888890242504,Voter,13,5,1.,1,false,true,false,true,16.,14.,24.,22.,0.
0.888890242504,Voter,13,5,6.,1,false,true,false,true,30.,24.,6.,6.,10.0769092446
0.888890242504,Voter,13,5,11.,1,false,true,false,true,30.,24.,6.,6.,10.2325888889
0.888890242504,Voter,13,5,16.,1,false,true,false,true,30.,24.,6.,6.,10.2352543341
0.888890242504,Voter,13,5,21.,1,false,true,false,true,30.,24.,6.,6.,10.235303029
0.888890242504,Voter,13,5,26.,1,false,true,false,true,30.,24.,6.,6.,10.2353039627
0.888890242504,Voter,13,5,31.,1,false,true,false,true,30.,24.,6.,6.,10.2353039813
0.888890242504,Voter,13,5,36.,1,false,true,false,true,30.,24.,6.,6.,10.2353039817
0.888890242504,Voter,13,5,41.,1,false,true,false,true,30.,24.,6.,6.,10.2353039817
0.888890242504,Voter,13,5,46.,1,false,true,false,true,30.,24.,6.,6.,10.2353039817
0.888890242504,Voter,13,5,51.,1,false,true,false,true,30.,24.,6.,6.,10.2353039817
1.30296586357,Sample,13,7,1.,1,false,true,false,true,32.,28.,98.,84.,0.
1.30296586357,Sample,13,7,6.,1,false,true,false,true,116.,96.,82.,70.,12.157560245
1.30296586357,Sample,13,7,11.,1,false,true,false,true,124.,100.,82.,72.,12.684836177
1.30296586357,Sample,13,7,16.,1,false,true,false,true,126.,102.,84.,74.,12.7089995202
1.30296586357,Sample,13,7,21.,1,false,true,false,true,128.,104.,86.,76.,12.7101509137
1.30296586357,Sample,13,7,26.,1,false,true,false,true,128.,104.,86.,76.,12.7102074285
1.30296586357,Sample,13,7,31.,1,false,true,false,true,128.,104.,86.,76.,12.7102102702
1.30296586357,Sample,13,7,36.,1,false,true,false,true,128.,104.,86.,76.,12.7102104161
1.30296586357,Sample,13,7,41.,1,false,true,false,true,128.,104.,86.,76.,12.7102104237
1.30296586357,Sample,13,7,46.,1,false,true,false,true,128.,104.,86.,76.,12.7102104241
1.30296586357,Sample,13,7,51.,1,false,true,false,true,128.,104.,86.,76.,12.7102104242
1.25903481561,Voter,13,4,1.,1,false,true,false,true,18.,16.,30.,28.,0.
1.25903481561,Voter,13,4,6.,1,false,true,false,true,62.,52.,62.,50.,11.9913398632
1.25903481561,Voter,13,4,11.,1,false,true,false,true,66.,56.,66.,54.,12.4695129064
1.25903481561,Voter,13,4,16.,1,false,true,false,true,66.,56.,66.,54.,12.4897272394
1.25903481561,Voter,13,4,21.,1,false,true,false,true,66.,56.,66.,54.,12.4906174784
1.25903481561,Voter,13,4,26.,1,false,true,false,true,66.,56.,66.,54.,12.4906579177
1.25903481561,Voter,13,4,31.,1,false,true,false,true,66.,56.,66.,54.,12.4906598016
1.25903481561,Voter,13,4,36.,1,false,true,false,true,66.,56.,66.,54.,12.4906598913
1.25903481561,Voter,13,4,41.,1,false,true,false,true,66.,56.,66.,54.,12.4906598956
1.25903481561,Voter,13,4,46.,1,false,true,false,true,66.,56.,66.,54.,12.4906598958
1.25903481561,Voter,13,4,51.,1,false,true,false,true,66.,56.,66.,54.,12.4906598958
1.29543751997,Sample,13,4,1.,1,false,true,false,true,8.,8.,20.,20.,0.
1.29543751997,Sample,13,4,6.,1,false,true,false,true,26.,24.,18.,16.,12.1298492489
1.29543751997,Sample,13,4,11.,1,false,true,false,true,28.,24.,20.,18.,12.6485722765
1.29543751997,Sample,13,4,16.,1,false,true,false,true,28.,24.,20.,18.,12.6720242586
1.29543751997,Sample,13,4,21.,1,false,true,false,true,28.,24.,20.,18.,12.6731270884
1.29543751997,Sample,13,4,26.,1,false,true,false,true,28.,24.,20.,18.,12.6731805209
1.29543751997,Sample,13,4,31.,1,false,true,false,true,28.,24.,20.,18.,12.6731831735
1.29543751997,Sample,13,4,36.,1,false,true,false,true,28.,24.,20.,18.,12.6731833079
1.29543751997,Sample,13,4,41.,1,false,true,false,true,28.,24.,20.,18.,12.6731833148
1.29543751997,Sample,13,4,46.,1,false,true,false,true,28.,24.,20.,18.,12.6731833152
1.29543751997,Sample,13,4,51.,1,false,true,false,true,28.,24.,20.,18.,12.6731833152
0.927328840037,Voter,13,3,1.,1,false,true,false,true,2.,2.,6.,6.,0.
0.927328840037,Voter,13,3,6.,1,false,true,false,true,8.,8.,0.,0.,10.325568339
0.927328840037,Voter,13,3,11.,1,false,true,false,true,8.,8.,0.,0.,10.5062721292
0.927328840037,Voter,13,3,16.,1,false,true,false,true,8.,8.,0.,0.,10.5097538309
0.927328840037,Voter,13,3,21.,1,false,true,false,true,8.,8.,0.,0.,10.5098251653
0.927328840037,Voter,13,3,26.,1,false,true,false,true,8.,8.,0.,0.,10.5098266953
0.927328840037,Voter,13,3,31.,1,false,true,false,true,8.,8.,0.,0.,10.5098267294
0.927328840037,Voter,13,3,36.,1,false,true,false,true,8.,8.,0.,0.,10.5098267302
0.927328840037,Voter,13,3,41.,1,false,true,false,true,8.,8.,0.,0.,10.5098267302
0.927328840037,Voter,13,3,46.,1,false,true,false,true,8.,8.,0.,0.,10.5098267302
0.927328840037,Voter,13,3,51.,1,false,true,false,true,8.,8.,0.,0.,10.5098267302
1.22773192619,Sample,13,6,1.,1,false,true,false,true,54.,50.,120.,94.,0.
1.22773192619,Sample,13,6,6.,1,false,true,false,true,194.,150.,188.,146.,11.8660667191
1.22773192619,Sample,13,6,11.,1,false,true,false,true,212.,164.,194.,152.,12.3104795976
1.22773192619,Sample,13,6,16.,1,false,true,false,true,212.,164.,194.,152.,12.3281692941
1.22773192619,Sample,13,6,21.,1,false,true,false,true,214.,166.,196.,152.,12.3289038974
1.22773192619,Sample,13,6,26.,1,false,true,false,true,214.,166.,196.,152.,12.3289353948
1.22773192619,Sample,13,6,31.,1,false,true,false,true,214.,166.,196.,152.,12.328936781
1.22773192619,Sample,13,6,36.,1,false,true,false,true,214.,166.,196.,152.,12.3289368433
1.22773192619,Sample,13,6,41.,1,false,true,false,true,214.,166.,196.,152.,12.3289368462
1.22773192619,Sample,13,6,46.,1,false,true,false,true,214.,166.,196.,152.,12.3289368463
1.22773192619,Sample,13,6,51.,1,false,true,false,true,214.,166.,196.,152.,12.3289368464
1.34593059795,Voter,13,4,1.,1,false,true,false,true,26.,26.,46.,38.,0.
1.34593059795,Voter,13,4,6.,1,false,true,false,true,84.,74.,72.,62.,12.3097935978
1.34593059795,Voter,13,4,11.,1,false,true,false,true,88.,74.,72.,62.,12.886928512
1.34593059795,Voter,13,4,16.,1,false,true,false,true,88.,74.,72.,62.,12.9154351461
1.34593059795,Voter,13,4,21.,1,false,true,false,true,88.,74.,72.,62.,12.9168966836
1.34593059795,Voter,13,4,26.,1,false,true,false,true,88.,74.,72.,62.,12.9169737776
1.34593059795,Voter,13,4,31.,1,false,true,false,true,88.,74.,72.,62.,12.9169779395
1.34593059795,Voter,13,4,36.,1,false,true,false,true,88.,74.,72.,62.,12.9169781686
1.34593059795,Voter,13,4,41.,1,false,true,false,true,88.,74.,72.,62.,12.9169781815
1.34593059795,Voter,13,4,46.,1,false,true,false,true,88.,74.,72.,62.,12.9169781822
1.34593059795,Voter,13,4,51.,1,false,true,false,true,88.,74.,72.,62.,12.9169781822
0.984602979975,Sample,13,5,1.,1,false,true,false,true,26.,26.,48.,42.,0.
0.984602979975,Sample,13,5,6.,1,false,true,false,true,78.,66.,64.,60.,10.6721504296
0.984602979975,Sample,13,5,11.,1,false,true,false,true,78.,66.,64.,60.,10.8939863348
0.984602979975,Sample,13,5,16.,1,false,true,false,true,78.,66.,64.,60.,10.8990189618
0.984602979975,Sample,13,5,21.,1,false,true,false,true,78.,66.,64.,60.,10.8991398122
0.984602979975,Sample,13,5,26.,1,false,true,false,true,78.,66.,64.,60.,10.8991428399
0.984602979975,Sample,13,5,31.,1,false,true,false,true,78.,66.,64.,60.,10.8991429184
0.984602979975,Sample,13,5,36.,1,false,true,false,true,78.,66.,64.,60.,10.8991429205
0.984602979975,Sample,13,5,41.,1,false,true,false,true,78.,66.,64.,60.,10.8991429206
0.984602979975,Sample,13,5,46.,1,false,true,false,true,78.,66.,64.,60.,10.8991429206
0.984602979975,Sample,13,5,51.,1,false,true,false,true,78.,66.,64.,60.,10.8991429206
0.842779878465,Voter,13,6,1.,1,false,true,false,true,44.,40.,66.,58.,0.
0.842779878465,Voter,13,6,6.,1,false,true,false,true,114.,88.,68.,62.,9.76053760204
0.842779878465,Voter,13,6,11.,1,false,true,false,true,114.,88.,68.,62.,9.88896180004
0.842779878465,Voter,13,6,16.,1,false,true,false,true,114.,88.,68.,62.,9.89085102889
0.842779878465,Voter,13,6,21.,1,false,true,false,true,114.,88.,68.,62.,9.89088081997
0.842779878465,Voter,13,6,26.,1,false,true,false,true,114.,88.,68.,62.,9.89088131474
0.842779878465,Voter,13,6,31.,1,false,true,false,true,114.,88.,68.,62.,9.89088132331
0.842779878465,Voter,13,6,36.,1,false,true,false,true,114.,88.,68.,62.,9.89088132346
0.842779878465,Voter,13,6,41.,1,false,true,false,true,114.,88.,68.,62.,9.89088132346
0.842779878465,Voter,13,6,46.,1,false,true,false,true,114.,88.,68.,62.,9.89088132346
0.842779878465,Voter,13,6,51.,1,false,true,false,true,114.,88.,68.,62.,9.89088132346
1.22102091953,Voter,13,4,1.,1,false,true,false,true,10.,10.,22.,20.,0.
1.22102091953,Voter,13,4,6.,1,false,true,false,true,38.,32.,30.,24.,11.8384444677
1.22102091953,Voter,13,4,11.,1,false,true,false,true,38.,32.,30.,24.,12.2757576684
1.22102091953,Voter,13,4,16.,1,false,true,false,true,38.,32.,30.,24.,12.2929363062
1.22102091953,Voter,13,4,21.,1,false,true,false,true,38.,32.,30.,24.,12.2936405486
1.22102091953,Voter,13,4,26.,1,false,true,false,true,38.,32.,30.,24.,12.2936703641
1.22102091953,Voter,13,4,31.,1,false,true,false,true,38.,32.,30.,24.,12.29367166
1.22102091953,Voter,13,4,36.,1,false,true,false,true,38.,32.,30.,24.,12.2936717176
1.22102091953,Voter,13,4,41.,1,false,true,false,true,38.,32.,30.,24.,12.2936717202
1.22102091953,Voter,13,4,46.,1,false,true,false,true,38.,32.,30.,24.,12.2936717203
1.22102091953,Voter,13,4,51.,1,false,true,false,true,38.,32.,30.,24.,12.2936717203
1.08169465446,Voter,13,3,1.,1,false,true,false,true,2.,2.,12.,12.,0.
1.08169465446,Voter,13,3,6.,1,false,true,false,true,18.,18.,8.,8.,11.1993624779
1.08169465446,Voter,13,3,11.,1,false,true,false,true,18.,18.,8.,8.,11.5011336469
1.08169465446,Voter,13,3,16.,1,false,true,false,true,18.,18.,8.,8.,11.5098994059
1.08169465446,Voter,13,3,21.,1,false,true,false,true,18.,18.,8.,8.,11.5101671519
1.08169465446,Voter,13,3,26.,1,false,true,false,true,18.,18.,8.,8.,11.5101756434
1.08169465446,Voter,13,3,31.,1,false,true,false,true,18.,18.,8.,8.,11.5101759211
1.08169465446,Voter,13,3,36.,1,false,true,false,true,18.,18.,8.,8.,11.5101759304
1.08169465446,Voter,13,3,41.,1,false,true,false,true,18.,18.,8.,8.,11.5101759308
1.08169465446,Voter,13,3,46.,1,false,true,false,true,18.,18.,8.,8.,11.5101759308
1.08169465446,Voter,13,3,51.,1,false,true,false,true,18.,18.,8.,8.,11.5101759308
1.09445706633,Voter,13,5,1.,1,false,true,false,true,10.,10.,32.,28.,0.
1.09445706633,Voter,13,5,6.,1,false,true,false,true,46.,42.,16.,14.,11.2634027046
1.09445706633,Voter,13,5,11.,1,false,true,false,true,46.,42.,16.,14.,11.5766017291
1.09445706633,Voter,13,5,16.,1,false,true,false,true,46.,42.,16.,14.,11.5859768835
1.09445706633,Voter,13,5,21.,1,false,true,false,true,46.,42.,16.,14.,11.586271747
1.09445706633,Voter,13,5,26.,1,false,true,false,true,46.,42.,16.,14.,11.5862813708
1.09445706633,Voter,13,5,31.,1,false,true,false,true,46.,42.,16.,14.,11.5862816945
1.09445706633,Voter,13,5,36.,1,false,true,false,true,46.,42.,16.,14.,11.5862817057
1.09445706633,Voter,13,5,41.,1,false,true,false,true,46.,42.,16.,14.,11.5862817061
1.09445706633,Voter,13,5,46.,1,false,true,false,true,46.,42.,16.,14.,11.5862817061
1.09445706633,Voter,13,5,51.,1,false,true,false,true,46.,42.,16.,14.,11.5862817061
0.963641906053,Sample,13,6,1.,1,false,true,false,true,26.,24.,114.,98.,0.
0.963641906053,Sample,13,6,6.,1,false,true,false,true,124.,96.,68.,60.,10.5485260635
0.963641906053,Sample,13,6,11.,1,false,true,false,true,128.,100.,68.,60.,10.7547791415
0.963641906053,Sample,13,6,16.,1,false,true,false,true,128.,100.,68.,60.,10.7591940066
0.963641906053,Sample,13,6,21.,1,false,true,false,true,128.,100.,68.,60.,10.7592941966
0.963641906053,Sample,13,6,26.,1,false,true,false,true,128.,100.,68.,60.,10.7592965716
0.963641906053,Sample,13,6,31.,1,false,true,false,true,128.,100.,68.,60.,10.75929663
0.963641906053,Sample,13,6,36.,1,false,true,false,true,128.,100.,68.,60.,10.7592966315
0.963641906053,Sample,13,6,41.,1,false,true,false,true,128.,100.,68.,60.,10.7592966315
0.963641906053,Sample,13,6,46.,1,false,true,false,true,128.,100.,68.,60.,10.7592966315
0.963641906053,Sample,13,6,51.,1,false,true,false,true,128.,100.,68.,60.,10.7592966315
0.900363331787,Voter,13,4,1.,1,false,true,false,true,6.,6.,12.,12.,0.
0.900363331787,Voter,13,4,6.,1,false,true,false,true,18.,16.,4.,4.,10.1525280276
0.900363331787,Voter,13,4,11.,1,false,true,false,true,18.,16.,4.,4.,10.3154580851
0.900363331787,Voter,13,4,16.,1,false,true,false,true,18.,16.,4.,4.,10.3183499486
0.900363331787,Voter,13,4,21.,1,false,true,false,true,18.,16.,4.,4.,10.318404659
0.900363331787,Voter,13,4,26.,1,false,true,false,true,18.,16.,4.,4.,10.3184057445
0.900363331787,Voter,13,4,31.,1,false,true,false,true,18.,16.,4.,4.,10.3184057669
0.900363331787,Voter,13,4,36.,1,false,true,false,true,18.,16.,4.,4.,10.3184057674
0.900363331787,Voter,13,4,41.,1,false,true,false,true,18.,16.,4.,4.,10.3184057674
0.900363331787,Voter,13,4,46.,1,false,true,false,true,18.,16.,4.,4.,10.3184057674
0.900363331787,Voter,13,4,51.,1,false,true,false,true,18.,16.,4.,4.,10.3184057674
1.13838648489,Sample,13,3,1.,1,false,true,false,true,8.,8.,22.,18.,0.
1.13838648489,Sample,13,3,6.,1,false,true,false,true,22.,22.,20.,20.,11.4750694863
1.13838648489,Sample,13,3,11.,1,false,true,false,true,22.,22.,20.,20.,11.8291705512
1.13838648489,Sample,13,3,16.,1,false,true,false,true,22.,22.,20.,20.,11.8408790128
1.13838648489,Sample,13,3,21.,1,false,true,false,true,22.,22.,20.,20.,11.8412847607
1.13838648489,Sample,13,3,26.,1,false,true,false,true,22.,22.,20.,20.,11.8412993256
1.13838648489,Sample,13,3,31.,1,false,true,false,true,22.,22.,20.,20.,11.8412998637
1.13838648489,Sample,13,3,36.,1,false,true,false,true,22.,22.,20.,20.,11.8412998841
1.13838648489,Sample,13,3,41.,1,false,true,false,true,22.,22.,20.,20.,11.8412998849
1.13838648489,Sample,13,3,46.,1,false,true,false,true,22.,22.,20.,20.,11.8412998849
1.13838648489,Sample,13,3,51.,1,false,true,false,true,22.,22.,20.,20.,11.8412998849
1.22791626645,Sample,13,5,1.,1,false,true,false,true,22.,20.,50.,40.,0.
1.22791626645,Sample,13,5,6.,1,false,true,false,true,70.,60.,22.,20.,11.8668215969
1.22791626645,Sample,13,5,11.,1,false,true,false,true,76.,66.,28.,26.,12.3114301898
1.22791626645,Sample,13,5,16.,1,false,true,false,true,76.,66.,28.,26.,12.3291340724
1.22791626645,Sample,13,5,21.,1,false,true,false,true,76.,66.,28.,26.,12.3298695241
1.22791626645,Sample,13,5,26.,1,false,true,false,true,76.,66.,28.,26.,12.3299010688
1.22791626645,Sample,13,5,31.,1,false,true,false,true,76.,66.,28.,26.,12.3299024575
1.22791626645,Sample,13,5,36.,1,false,true,false,true,76.,66.,28.,26.,12.32990252
1.22791626645,Sample,13,5,41.,1,false,true,false,true,76.,66.,28.,26.,12.3299025229
1.22791626645,Sample,13,5,46.,1,false,true,false,true,76.,66.,28.,26.,12.329902523
1.22791626645,Sample,13,5,51.,1,false,true,false,true,76.,66.,28.,26.,12.3299025231
0.954491923248,Sample,13,4,1.,1,false,true,false,true,20.,20.,34.,28.,0.
0.954491923248,Sample,13,4,6.,1,false,true,false,true,46.,46.,44.,40.,10.4934101984
0.954491923248,Sample,13,4,11.,1,false,true,false,true,48.,46.,42.,38.,10.6930519187
0.954491923248,Sample,13,4,16.,1,false,true,false,true,50.,46.,44.,40.,10.6972157609
0.954491923248,Sample,13,4,21.,1,false,true,false,true,50.,46.,44.,40.,10.6973078999
0.954491923248,Sample,13,4,26.,1,false,true,false,true,50.,46.,44.,40.,10.6973100307
0.954491923248,Sample,13,4,31.,1,false,true,false,true,50.,46.,44.,40.,10.6973100818
0.954491923248,Sample,13,4,36.,1,false,true,false,true,50.,46.,44.,40.,10.6973100831
0.954491923248,Sample,13,4,41.,1,false,true,false,true,50.,46.,44.,40.,10.6973100831
0.954491923248,Sample,13,4,46.,1,false,true,false,true,50.,46.,44.,40.,10.6973100831
0.954491923248,Sample,13,4,51.,1,false,true,false,true,50.,46.,44.,40.,10.6973100831
1.33805186881,Voter,13,4,1.,1,false,true,false,true,10.,8.,22.,22.,0.
1.33805186881,Voter,13,4,6.,1,false,true,false,true,36.,32.,28.,26.,12.2826184796
1.33805186881,Voter,13,4,11.,1,false,true,false,true,36.,32.,28.,26.,12.8504800046
1.33805186881,Voter,13,4,16.,1,false,true,false,true,36.,32.,28.,26.,12.8781534925
1.33805186881,Voter,13,4,21.,1,false,true,false,true,36.,32.,28.,26.,12.8795537725
1.33805186881,Voter,13,4,26.,1,false,true,false,true,36.,32.,28.,26.,12.8796266857
1.33805186881,Voter,13,4,31.,1,false,true,false,true,36.,32.,28.,26.,12.879630572
1.33805186881,Voter,13,4,36.,1,false,true,false,true,36.,32.,28.,26.,12.8796307833
1.33805186881,Voter,13,4,41.,1,false,true,false,true,36.,32.,28.,26.,12.879630795
1.33805186881,Voter,13,4,46.,1,false,true,false,true,36.,32.,28.,26.,12.8796307956
1.33805186881,Voter,13,4,51.,1,false,true,false,true,36.,32.,28.,26.,12.8796307957
0.87906240682,Voter,13,5,1.,1,false,true,false,true,18.,18.,24.,24.,0.
0.87906240682,Voter,13,5,6.,1,false,true,false,true,48.,42.,22.,22.,10.0111674355
0.87906240682,Voter,13,5,11.,1,false,true,false,true,48.,42.,22.,22.,10.160784799
0.87906240682,Voter,13,5,16.,1,false,true,false,true,48.,42.,22.,22.,10.1632673084
0.87906240682,Voter,13,5,21.,1,false,true,false,true,48.,42.,22.,22.,10.1633113011
0.87906240682,Voter,13,5,26.,1,false,true,false,true,48.,42.,22.,22.,10.1633121199
0.87906240682,Voter,13,5,31.,1,false,true,false,true,48.,42.,22.,22.,10.1633121358
0.87906240682,Voter,13,5,36.,1,false,true,false,true,48.,42.,22.,22.,10.1633121361
0.87906240682,Voter,13,5,41.,1,false,true,false,true,48.,42.,22.,22.,10.1633121361
0.87906240682,Voter,13,5,46.,1,false,true,false,true,48.,42.,22.,22.,10.1633121361
0.87906240682,Voter,13,5,51.,1,false,true,false,true,48.,42.,22.,22.,10.1633121361
1.24829322574,Voter,13,3,1.,1,false,true,false,true,8.,8.,22.,22.,0.
1.24829322574,Voter,13,3,6.,1,false,true,false,true,52.,42.,42.,40.,11.9490074151
1.24829322574,Voter,13,3,11.,1,false,true,false,true,56.,46.,46.,40.,12.4154775207
1.24829322574,Voter,13,3,16.,1,false,true,false,true,56.,46.,46.,40.,12.4347990484
1.24829322574,Voter,13,3,21.,1,false,true,false,true,56.,46.,46.,40.,12.4356331962
1.24829322574,Voter,13,3,26.,1,false,true,false,true,56.,46.,46.,40.,12.4356703534
1.24829322574,Voter,13,3,31.,1,false,true,false,true,56.,46.,46.,40.,12.4356720513
1.24829322574,Voter,13,3,36.,1,false,true,false,true,56.,46.,46.,40.,12.4356721306
1.24829322574,Voter,13,3,41.,1,false,true,false,true,56.,46.,46.,40.,12.4356721344
1.24829322574,Voter,13,3,46.,1,false,true,false,true,56.,46.,46.,40.,12.4356721346
1.24829322574,Voter,13,3,51.,1,false,true,false,true,56.,46.,46.,40.,12.4356721346
1.14326525081,Sample,13,5,1.,1,false,true,false,true,22.,22.,44.,36.,0.
1.14326525081,Sample,13,5,6.,1,false,true,false,true,76.,62.,42.,38.,11.4977598203
1.14326525081,Sample,13,5,11.,1,false,true,false,true,78.,64.,44.,40.,11.8565502429
1.14326525081,Sample,13,5,16.,1,false,true,false,true,78.,64.,44.,40.,11.8685413098
1.14326525081,Sample,13,5,21.,1,false,true,false,true,78.,64.,44.,40.,11.8689612059
1.14326525081,Sample,13,5,26.,1,false,true,false,true,78.,64.,44.,40.,11.8689764337
1.14326525081,Sample,13,5,31.,1,false,true,false,true,78.,64.,44.,40.,11.868977002
1.14326525081,Sample,13,5,36.,1,false,true,false,true,78.,64.,44.,40.,11.8689770237
1.14326525081,Sample,13,5,41.,1,false,true,false,true,78.,64.,44.,40.,11.8689770246
1.14326525081,Sample,13,5,46.,1,false,true,false,true,78.,64.,44.,40.,11.8689770246
1.14326525081,Sample,13,5,51.,1,false,true,false,true,78.,64.,44.,40.,11.8689770246
1.30150740348,Voter,13,5,1.,1,false,true,false,true,12.,12.,26.,26.,0.
1.30150740348,Voter,13,5,6.,1,false,true,false,true,42.,40.,12.,12.,12.1522163848
1.30150740348,Voter,13,5,11.,1,false,true,false,true,42.,40.,12.,12.,12.6778309971
1.30150740348,Voter,13,5,16.,1,false,true,false,true,42.,40.,12.,12.,12.7018553911
1.30150740348,Voter,13,5,21.,1,false,true,false,true,42.,40.,12.,12.,12.7029972477
1.30150740348,Voter,13,5,26.,1,false,true,false,true,42.,40.,12.,12.,12.7030531541
1.30150740348,Voter,13,5,31.,1,false,true,false,true,42.,40.,12.,12.,12.7030559583
1.30150740348,Voter,13,5,36.,1,false,true,false,true,42.,40.,12.,12.,12.7030561019
1.30150740348,Voter,13,5,41.,1,false,true,false,true,42.,40.,12.,12.,12.7030561094
1.30150740348,Voter,13,5,46.,1,false,true,false,true,42.,40.,12.,12.,12.7030561098
1.30150740348,Voter,13,5,51.,1,false,true,false,true,42.,40.,12.,12.,12.7030561098
0.860943544922,Sample,13,6,1.,1,false,true,false,true,34.,32.,76.,68.,0.
0.860943544922,Sample,13,6,6.,1,false,true,false,true,106.,88.,100.,88.,9.88758500939
0.860943544922,Sample,13,6,11.,1,false,true,false,true,108.,88.,102.,88.,10.0263852032
0.860943544922,Sample,13,6,16.,1,false,true,false,true,108.,88.,102.,88.,10.028555852
0.860943544922,Sample,13,6,21.,1,false,true,false,true,108.,88.,102.,88.,10.0285921717
0.860943544922,Sample,13,6,26.,1,false,true,false,true,108.,88.,102.,88.,10.0285928108
0.860943544922,Sample,13,6,31.,1,false,true,false,true,108.,88.,102.,88.,10.0285928225
0.860943544922,Sample,13,6,36.,1,false,true,false,true,108.,88.,102.,88.,10.0285928227
0.860943544922,Sample,13,6,41.,1,false,true,false,true,108.,88.,102.,88.,10.0285928227
0.860943544922,Sample,13,6,46.,1,false,true,false,true,108.,88.,102.,88.,10.0285928227
0.860943544922,Sample,13,6,51.,1,false,true,false,true,108.,88.,102.,88.,10.0285928227
1.03637765204,Voter,13,5,1.,1,false,true,false,true,38.,34.,48.,42.,0.
1.03637765204,Voter,13,5,6.,1,false,true,false,true,92.,72.,70.,62.,10.9623055772
1.03637765204,Voter,13,5,11.,1,false,true,false,true,94.,74.,72.,64.,11.2252042393
1.03637765204,Voter,13,5,16.,1,false,true,false,true,94.,74.,72.,64.,11.2320378978
1.03637765204,Voter,13,5,21.,1,false,true,false,true,94.,74.,72.,64.,11.2322252282
1.03637765204,Voter,13,5,26.,1,false,true,false,true,94.,74.,72.,64.,11.2322305715
1.03637765204,Voter,13,5,31.,1,false,true,false,true,94.,74.,72.,64.,11.2322307289
1.03637765204,Voter,13,5,36.,1,false,true,false,true,94.,74.,72.,64.,11.2322307337
1.03637765204,Voter,13,5,41.,1,false,true,false,true,94.,74.,72.,64.,11.2322307338
1.03637765204,Voter,13,5,46.,1,false,true,false,true,94.,74.,72.,64.,11.2322307338
1.03637765204,Voter,13,5,51.,1,false,true,false,true,94.,74.,72.,64.,11.2322307338
0.801157434521,Voter,13,7,1.,1,false,true,false,true,62.,56.,62.,54.,0.
0.801157434521,Voter,13,7,6.,1,false,true,false,true,114.,92.,46.,42.,9.45705803193
0.801157434521,Voter,13,7,11.,1,false,true,false,true,114.,92.,46.,42.,9.56346819022
0.801157434521,Voter,13,7,16.,1,false,true,false,true,114.,92.,46.,42.,9.56481890706
0.801157434521,Voter,13,7,21.,1,false,true,false,true,114.,92.,46.,42.,9.56483737094
0.801157434521,Voter,13,7,26.,1,false,true,false,true,114.,92.,46.,42.,9.5648376377
0.801157434521,Voter,13,7,31.,1,false,true,false,true,114.,92.,46.,42.,9.56483764173
0.801157434521,Voter,13,7,36.,1,false,true,false,true,114.,92.,46.,42.,9.5648376418
0.801157434521,Voter,13,7,41.,1,false,true,false,true,114.,92.,46.,42.,9.5648376418
0.801157434521,Voter,13,7,46.,1,false,true,false,true,114.,92.,46.,42.,9.5648376418
0.801157434521,Voter,13,7,51.,1,false,true,false,true,114.,92.,46.,42.,9.5648376418
1.10923269107,Voter,13,5,1.,1,false,true,false,true,16.,16.,28.,26.,0.
1.10923269107,Voter,13,5,6.,1,false,true,false,true,46.,42.,26.,26.,11.3360957079
1.10923269107,Voter,13,5,11.,1,false,true,false,true,48.,44.,24.,24.,11.6627835237
1.10923269107,Voter,13,5,16.,1,false,true,false,true,48.,44.,24.,24.,11.6729019547
1.10923269107,Voter,13,5,21.,1,false,true,false,true,48.,44.,24.,24.,11.6732309559
1.10923269107,Voter,13,5,26.,1,false,true,false,true,48.,44.,24.,24.,11.6732420501
1.10923269107,Voter,13,5,31.,1,false,true,false,true,48.,44.,24.,24.,11.6732424354
1.10923269107,Voter,13,5,36.,1,false,true,false,true,48.,44.,24.,24.,11.6732424492
1.10923269107,Voter,13,5,41.,1,false,true,false,true,48.,44.,24.,24.,11.6732424497
1.10923269107,Voter,13,5,46.,1,false,true,false,true,48.,44.,24.,24.,11.6732424497
1.10923269107,Voter,13,5,51.,1,false,true,false,true,48.,44.,24.,24.,11.6732424497
1.05245331762,Sample,13,7,1.,1,false,true,false,true,50.,46.,136.,114.,0.
1.05245331762,Sample,13,7,6.,1,false,true,false,true,194.,150.,180.,144.,11.0481544239
1.05245331762,Sample,13,7,11.,1,false,true,false,true,198.,156.,180.,142.,11.3245345253
1.05245331762,Sample,13,7,16.,1,false,true,false,true,198.,156.,180.,142.,11.332013472
1.05245331762,Sample,13,7,21.,1,false,true,false,true,198.,156.,180.,142.,11.3322266788
1.05245331762,Sample,13,7,26.,1,false,true,false,true,198.,156.,180.,142.,11.3322329981
1.05245331762,Sample,13,7,31.,1,false,true,false,true,198.,156.,180.,142.,11.3322331915
1.05245331762,Sample,13,7,36.,1,false,true,false,true,198.,156.,180.,142.,11.3322331976
1.05245331762,Sample,13,7,41.,1,false,true,false,true,198.,156.,180.,142.,11.3322331978
1.05245331762,Sample,13,7,46.,1,false,true,false,true,198.,156.,180.,142.,11.3322331978
1.05245331762,Sample,13,7,51.,1,false,true,false,true,198.,156.,180.,142.,11.3322331978
1.35295230193,Voter,13,3,1.,1,false,true,false,true,4.,4.,12.,12.,0.
1.35295230193,Voter,13,3,6.,1,false,true,false,true,10.,10.,10.,10.,12.3337378292
1.35295230193,Voter,13,3,11.,1,false,true,false,true,14.,14.,14.,14.,12.9191854249
1.35295230193,Voter,13,3,16.,1,false,true,false,true,14.,14.,14.,14.,12.9484487062
1.35295230193,Voter,13,3,21.,1,false,true,false,true,14.,14.,14.,14.,12.9499665787
1.35295230193,Voter,13,3,26.,1,false,true,false,true,14.,14.,14.,14.,12.9500475651
1.35295230193,Voter,13,3,31.,1,false,true,false,true,14.,14.,14.,14.,12.9500519867
1.35295230193,Voter,13,3,36.,1,false,true,false,true,14.,14.,14.,14.,12.9500522329
1.35295230193,Voter,13,3,41.,1,false,true,false,true,14.,14.,14.,14.,12.9500522469
1.35295230193,Voter,13,3,46.,1,false,true,false,true,14.,14.,14.,14.,12.9500522477
1.35295230193,Voter,13,3,51.,1,false,true,false,true,14.,14.,14.,14.,12.9500522477
1.26237076226,Voter,13,3,1.,1,false,true,false,true,6.,6.,16.,16.,0.
1.26237076226,Voter,13,3,6.,1,false,true,false,true,22.,18.,28.,24.,12.0043494333
1.26237076226,Voter,13,3,11.,1,false,true,false,true,22.,18.,28.,24.,12.4861817032
1.26237076226,Voter,13,3,16.,1,false,true,false,true,22.,18.,28.,24.,12.5066790273
1.26237076226,Voter,13,3,21.,1,false,true,false,true,22.,18.,28.,24.,12.5075872797
1.26237076226,Voter,13,3,26.,1,false,true,false,true,22.,18.,28.,24.,12.5076287866
1.26237076226,Voter,13,3,31.,1,false,true,false,true,22.,18.,28.,24.,12.5076307318
1.26237076226,Voter,13,3,36.,1,false,true,false,true,22.,18.,28.,24.,12.5076308249
1.26237076226,Voter,13,3,41.,1,false,true,false,true,22.,18.,28.,24.,12.5076308294
1.26237076226,Voter,13,3,46.,1,false,true,false,true,22.,18.,28.,24.,12.5076308297
1.26237076226,Voter,13,3,51.,1,false,true,false,true,22.,18.,28.,24.,12.5076308297
1.30320533273,Voter,13,4,1.,1,false,true,false,true,6.,6.,30.,24.,0.
1.30320533273,Voter,13,4,6.,1,false,true,false,true,38.,32.,34.,26.,12.1584365453
1.30320533273,Voter,13,4,11.,1,false,true,false,true,38.,32.,34.,26.,12.6859854546
1.30320533273,Voter,13,4,16.,1,false,true,false,true,38.,32.,34.,26.,12.7101716648
1.30320533273,Voter,13,4,21.,1,false,true,false,true,38.,32.,34.,26.,12.7113246301
1.30320533273,Voter,13,4,26.,1,false,true,false,true,38.,32.,34.,26.,12.7113812454
1.30320533273,Voter,13,4,31.,1,false,true,false,true,38.,32.,34.,26.,12.7113840933
1.30320533273,Voter,13,4,36.,1,false,true,false,true,38.,32.,34.,26.,12.7113842396
1.30320533273,Voter,13,4,41.,1,false,true,false,true,38.,32.,34.,26.,12.7113842472
1.30320533273,Voter,13,4,46.,1,false,true,false,true,38.,32.,34.,26.,12.7113842476
1.30320533273,Voter,13,4,51.,1,false,true,false,true,38.,32.,34.,26.,12.7113842476
0.903910295889,Voter,13,4,1.,1,false,true,false,true,4.,4.,12.,12.,0.
0.903910295889,Voter,13,4,6.,1,false,true,false,true,16.,14.,0.,0.,10.1756625417
0.903910295889,Voter,13,4,11.,1,false,true,false,true,16.,14.,0.,0.,10.3408718282
0.903910295889,Voter,13,4,16.,1,false,true,false,true,16.,14.,0.,0.,10.3438365759
0.903910295889,Voter,13,4,21.,1,false,true,false,true,16.,14.,0.,0.,10.3438932673
0.903910295889,Voter,13,4,26.,1,false,true,false,true,16.,14.,0.,0.,10.3438944039
0.903910295889,Voter,13,4,31.,1,false,true,false,true,16.,14.,0.,0.,10.3438944276
0.903910295889,Voter,13,4,36.,1,false,true,false,true,16.,14.,0.,0.,10.3438944281
0.903910295889,Voter,13,4,41.,1,false,true,false,true,16.,14.,0.,0.,10.3438944281
0.903910295889,Voter,13,4,46.,1,false,true,false,true,16.,14.,0.,0.,10.3438944281
0.903910295889,Voter,13,4,51.,1,false,true,false,true,16.,14.,0.,0.,10.3438944281
1.27102437799,Voter,13,5,1.,1,false,true,false,true,18.,18.,38.,34.,0.
1.27102437799,Voter,13,5,6.,1,false,true,false,true,64.,50.,48.,42.,12.0377962489
1.27102437799,Voter,13,5,11.,1,false,true,false,true,68.,54.,52.,46.,12.5291747722
1.27102437799,Voter,13,5,16.,1,false,true,false,true,68.,54.,52.,46.,12.5504189495
1.27102437799,Voter,13,5,21.,1,false,true,false,true,68.,54.,52.,46.,12.5513752742
1.27102437799,Voter,13,5,26.,1,false,true,false,true,68.,54.,52.,46.,12.5514196614
1.27102437799,Voter,13,5,31.,1,false,true,false,true,68.,54.,52.,46.,12.5514217737
1.27102437799,Voter,13,5,36.,1,false,true,false,true,68.,54.,52.,46.,12.5514218763
1.27102437799,Voter,13,5,41.,1,false,true,false,true,68.,54.,52.,46.,12.5514218814
1.27102437799,Voter,13,5,46.,1,false,true,false,true,68.,54.,52.,46.,12.5514218817
1.27102437799,Voter,13,5,51.,1,false,true,false,true,68.,54.,52.,46.,12.5514218817
1.12753628872,Voter,13,3,1.,1,false,true,false,true,18.,18.,14.,14.,0.
1.12753628872,Voter,13,3,6.,1,false,true,false,true,28.,26.,16.,12.,11.4240292559
1.12753628872,Voter,13,3,11.,1,false,true,false,true,28.,26.,16.,12.,11.7678054138
1.12753628872,Voter,13,3,16.,1,false,true,false,true,28.,26.,16.,12.,11.7789025485
1.12753628872,Voter,13,3,21.,1,false,true,false,true,28.,26.,16.,12.,11.779278207
1.12753628872,Voter,13,3,26.,1,false,true,false,true,28.,26.,16.,12.,11.7792913854
1.12753628872,Voter,13,3,31.,1,false,true,false,true,28.,26.,16.,12.,11.7792918613
1.12753628872,Voter,13,3,36.,1,false,true,false,true,28.,26.,16.,12.,11.7792918789
1.12753628872,Voter,13,3,41.,1,false,true,false,true,28.,26.,16.,12.,11.7792918796
1.12753628872,Voter,13,3,46.,1,false,true,false,true,28.,26.,16.,12.,11.7792918796
1.12753628872,Voter,13,3,51.,1,false,true,false,true,28.,26.,16.,12.,11.7792918796
1.14803325453,Sample,13,4,1.,1,false,true,false,true,4.,4.,18.,14.,0.
1.14803325453,Sample,13,4,6.,1,false,true,false,true,26.,24.,8.,8.,11.519780603
1.14803325453,Sample,13,4,11.,1,false,true,false,true,28.,26.,10.,10.,11.8831817643
1.14803325453,Sample,13,4,16.,1,false,true,false,true,28.,26.,10.,10.,11.8954537088
1.14803325453,Sample,13,4,21.,1,false,true,false,true,28.,26.,10.,10.,11.8958878134
1.14803325453,Sample,13,4,26.,1,false,true,false,true,28.,26.,10.,10.,11.8959037138
1.14803325453,Sample,13,4,31.,1,false,true,false,true,28.,26.,10.,10.,11.895904313
1.14803325453,Sample,13,4,36.,1,false,true,false,true,28.,26.,10.,10.,11.8959043361
1.14803325453,Sample,13,4,41.,1,false,true,false,true,28.,26.,10.,10.,11.895904337
1.14803325453,Sample,13,4,46.,1,false,true,false,true,28.,26.,10.,10.,11.8959043371
1.14803325453,Sample,13,4,51.,1,false,true,false,true,28.,26.,10.,10.,11.8959043371
1.07024819278,Sample,13,4,1.,1,false,true,false,true,18.,18.,34.,30.,0.
1.07024819278,Sample,13,4,6.,1,false,true,false,true,42.,40.,26.,26.,11.1409225487
1.07024819278,Sample,13,4,11.,1,false,true,false,true,46.,42.,26.,26.,11.4326221145
1.07024819278,Sample,13,4,16.,1,false,true,false,true,46.,42.,26.,26.,11.4408663253
1.07024819278,Sample,13,4,21.,1,false,true,false,true,46.,42.,26.,26.,11.4411115103
1.07024819278,Sample,13,4,26.,1,false,true,false,true,46.,42.,26.,26.,11.4411190854
1.07024819278,Sample,13,4,31.,1,false,true,false,true,46.,42.,26.,26.,11.4411193269
1.07024819278,Sample,13,4,36.,1,false,true,false,true,46.,42.,26.,26.,11.4411193348
1.07024819278,Sample,13,4,41.,1,false,true,false,true,46.,42.,26.,26.,11.441119335
1.07024819278,Sample,13,4,46.,1,false,true,false,true,46.,42.,26.,26.,11.441119335
1.07024819278,Sample,13,4,51.,1,false,true,false,true,46.,42.,26.,26.,11.441119335
0.80488406159,Voter,13,6,1.,1,false,true,false,true,20.,20.,44.,34.,0.
0.80488406159,Voter,13,6,6.,1,false,true,false,true,44.,40.,36.,32.,9.48494817576
0.80488406159,Voter,13,6,11.,1,false,true,false,true,44.,40.,36.,32.,9.59322964618
0.80488406159,Voter,13,6,16.,1,false,true,false,true,44.,40.,36.,32.,9.59462299815
0.80488406159,Voter,13,6,21.,1,false,true,false,true,44.,40.,36.,32.,9.59464229807
0.80488406159,Voter,13,6,26.,1,false,true,false,true,44.,40.,36.,32.,9.59464258052
0.80488406159,Voter,13,6,31.,1,false,true,false,true,44.,40.,36.,32.,9.59464258484
0.80488406159,Voter,13,6,36.,1,false,true,false,true,44.,40.,36.,32.,9.59464258491
0.80488406159,Voter,13,6,41.,1,false,true,false,true,44.,40.,36.,32.,9.59464258491
0.80488406159,Voter,13,6,46.,1,false,true,false,true,44.,40.,36.,32.,9.59464258491
0.80488406159,Voter,13,6,51.,1,false,true,false,true,44.,40.,36.,32.,9.59464258491
0.927224843774,Sample,13,7,1.,1,false,true,false,true,72.,66.,162.,126.,0.
0.927224843774,Sample,13,7,6.,1,false,true,false,true,220.,162.,234.,172.,10.3249134138
0.927224843774,Sample,13,7,11.,1,false,true,false,true,220.,162.,234.,172.,10.5055466875
0.927224843774,Sample,13,7,16.,1,false,true,false,true,220.,162.,234.,172.,10.5090259521
0.927224843774,Sample,13,7,21.,1,false,true,false,true,220.,162.,234.,172.,10.5090972151
0.927224843774,Sample,13,7,26.,1,false,true,false,true,220.,162.,234.,172.,10.5090987432
0.927224843774,Sample,13,7,31.,1,false,true,false,true,220.,162.,234.,172.,10.5090987772
0.927224843774,Sample,13,7,36.,1,false,true,false,true,220.,162.,234.,172.,10.5090987779
0.927224843774,Sample,13,7,41.,1,false,true,false,true,220.,162.,234.,172.,10.509098778
0.927224843774,Sample,13,7,46.,1,false,true,false,true,220.,162.,234.,172.,10.509098778
0.927224843774,Sample,13,7,51.,1,false,true,false,true,220.,162.,234.,172.,10.509098778
0.899170435928,Voter,13,7,1.,1,false,true,false,true,42.,36.,50.,46.,0.
0.899170435928,Voter,13,7,6.,1,false,true,false,true,92.,76.,52.,52.,10.144721833
0.899170435928,Voter,13,7,11.,1,false,true,false,true,92.,76.,52.,52.,10.3068893542
0.899170435928,Voter,13,7,16.,1,false,true,false,true,92.,76.,52.,52.,10.3097570156
0.899170435928,Voter,13,7,21.,1,false,true,false,true,92.,76.,52.,52.,10.309811073
0.899170435928,Voter,13,7,26.,1,false,true,false,true,92.,76.,52.,52.,10.3098121418
0.899170435928,Voter,13,7,31.,1,false,true,false,true,92.,76.,52.,52.,10.3098121637
0.899170435928,Voter,13,7,36.,1,false,true,false,true,92.,76.,52.,52.,10.3098121642
0.899170435928,Voter,13,7,41.,1,false,true,false,true,92.,76.,52.,52.,10.3098121642
0.899170435928,Voter,13,7,46.,1,false,true,false,true,92.,76.,52.,52.,10.3098121642
0.899170435928,Voter,13,7,51.,1,false,true,false,true,92.,76.,52.,52.,10.3098121642
1.21175739129,Voter,13,7,1.,1,false,true,false,true,38.,36.,92.,76.,0.
1.21175739129,Voter,13,7,6.,1,false,true,false,true,146.,116.,128.,98.,11.7998638308
1.21175739129,Voter,13,7,11.,1,false,true,false,true,152.,122.,126.,98.,12.2274588173
1.21175739129,Voter,13,7,16.,1,false,true,false,true,152.,122.,126.,98.,12.2439491391
1.21175739129,Voter,13,7,21.,1,false,true,false,true,152.,122.,126.,98.,12.2446131219
1.21175739129,Voter,13,7,26.,1,false,true,false,true,152.,122.,126.,98.,12.2446407409
1.21175739129,Voter,13,7,31.,1,false,true,false,true,152.,122.,126.,98.,12.2446419206
1.21175739129,Voter,13,7,36.,1,false,true,false,true,152.,122.,126.,98.,12.2446419722
1.21175739129,Voter,13,7,41.,1,false,true,false,true,152.,122.,126.,98.,12.2446419745
1.21175739129,Voter,13,7,46.,1,false,true,false,true,152.,122.,126.,98.,12.2446419746
1.21175739129,Voter,13,7,51.,1,false,true,false,true,152.,122.,126.,98.,12.2446419746
1.3507661809,Sample,13,6,1.,1,false,true,false,true,14.,14.,70.,56.,0.
1.3507661809,Sample,13,6,6.,1,false,true,false,true,94.,78.,50.,48.,12.3263107175
1.3507661809,Sample,13,6,11.,1,false,true,false,true,104.,84.,56.,54.,12.9091654443
1.3507661809,Sample,13,6,16.,1,false,true,false,true,106.,86.,58.,56.,12.9381917193
1.3507661809,Sample,13,6,21.,1,false,true,false,true,106.,86.,58.,56.,12.9396918746
1.3507661809,Sample,13,6,26.,1,false,true,false,true,106.,86.,58.,56.,12.939771632
1.3507661809,Sample,13,6,31.,1,false,true,false,true,106.,86.,58.,56.,12.9397759713
1.3507661809,Sample,13,6,36.,1,false,true,false,true,106.,86.,58.,56.,12.939776212
1.3507661809,Sample,13,6,41.,1,false,true,false,true,106.,86.,58.,56.,12.9397762256
1.3507661809,Sample,13,6,46.,1,false,true,false,true,106.,86.,58.,56.,12.9397762264
1.3507661809,Sample,13,6,51.,1,false,true,false,true,106.,86.,58.,56.,12.9397762265
1.06050142261,Sample,13,7,1.,1,false,true,false,true,30.,30.,100.,86.,0.
1.06050142261,Sample,13,7,6.,1,false,true,false,true,124.,106.,70.,66.,11.0904021845
1.06050142261,Sample,13,7,11.,1,false,true,false,true,126.,106.,72.,68.,11.3736595831
1.06050142261,Sample,13,7,16.,1,false,true,false,true,126.,106.,72.,68.,11.3814778793
1.06050142261,Sample,13,7,21.,1,false,true,false,true,126.,106.,72.,68.,11.3817050979
1.06050142261,Sample,13,7,26.,1,false,true,false,true,126.,106.,72.,68.,11.381711961
1.06050142261,Sample,13,7,31.,1,false,true,false,true,126.,106.,72.,68.,11.3817121749
1.06050142261,Sample,13,7,36.,1,false,true,false,true,126.,106.,72.,68.,11.3817121817
1.06050142261,Sample,13,7,41.,1,false,true,false,true,126.,106.,72.,68.,11.381712182
1.06050142261,Sample,13,7,46.,1,false,true,false,true,126.,106.,72.,68.,11.381712182
1.06050142261,Sample,13,7,51.,1,false,true,false,true,126.,106.,72.,68.,11.381712182
0.912214658939,Voter,13,4,1.,1,false,true,false,true,20.,20.,20.,20.,0.
0.912214658939,Voter,13,4,6.,1,false,true,false,true,40.,38.,20.,20.,10.2293812714
0.912214658939,Voter,13,4,11.,1,false,true,false,true,42.,40.,22.,22.,10.3999964221
0.912214658939,Voter,13,4,16.,1,false,true,false,true,42.,40.,22.,22.,10.4031372864
0.912214658939,Voter,13,4,21.,1,false,true,false,true,42.,40.,22.,22.,10.4031988515
0.912214658939,Voter,13,4,26.,1,false,true,false,true,42.,40.,22.,22.,10.403200116
0.912214658939,Voter,13,4,31.,1,false,true,false,true,42.,40.,22.,22.,10.403200143
0.912214658939,Voter,13,4,36.,1,false,true,false,true,42.,40.,22.,22.,10.4032001436
0.912214658939,Voter,13,4,41.,1,false,true,false,true,42.,40.,22.,22.,10.4032001436
0.912214658939,Voter,13,4,46.,1,false,true,false,true,42.,40.,22.,22.,10.4032001436
0.912214658939,Voter,13,4,51.,1,false,true,false,true,42.,40.,22.,22.,10.4032001436
1.30986401695,Voter,13,4,1.,1,false,true,false,true,10.,10.,28.,26.,0.
1.30986401695,Voter,13,4,6.,1,false,true,false,true,32.,30.,26.,26.,12.1826763126
1.30986401695,Voter,13,4,11.,1,false,true,false,true,32.,30.,26.,26.,12.7178381338
1.30986401695,Voter,13,4,16.,1,false,true,false,true,32.,30.,26.,26.,12.7426661218
1.30986401695,Voter,13,4,21.,1,false,true,false,true,32.,30.,26.,26.,12.7438634724
1.30986401695,Voter,13,4,26.,1,false,true,false,true,32.,30.,26.,26.,12.7439229408
1.30986401695,Voter,13,4,31.,1,false,true,false,true,32.,30.,26.,26.,12.743925966
1.30986401695,Voter,13,4,36.,1,false,true,false,true,32.,30.,26.,26.,12.7439261231
1.30986401695,Voter,13,4,41.,1,false,true,false,true,32.,30.,26.,26.,12.7439261314
1.30986401695,Voter,13,4,46.,1,false,true,false,true,32.,30.,26.,26.,12.7439261319
1.30986401695,Voter,13,4,51.,1,false,true,false,true,32.,30.,26.,26.,12.7439261319
0.97480509295,Voter,13,3,1.,1,false,true,false,true,16.,16.,22.,20.,0.
0.97480509295,Voter,13,3,6.,1,false,true,false,true,46.,42.,40.,38.,10.6148174121
0.97480509295,Voter,13,3,11.,1,false,true,false,true,46.,42.,40.,38.,10.8292938503
0.97480509295,Voter,13,3,16.,1,false,true,false,true,46.,42.,40.,38.,10.834030168
0.97480509295,Voter,13,3,21.,1,false,true,false,true,46.,42.,40.,38.,10.8341409619
0.97480509295,Voter,13,3,26.,1,false,true,false,true,46.,42.,40.,38.,10.8341436674
0.97480509295,Voter,13,3,31.,1,false,true,false,true,46.,42.,40.,38.,10.8341437358
0.97480509295,Voter,13,3,36.,1,false,true,false,true,46.,42.,40.,38.,10.8341437376
0.97480509295,Voter,13,3,41.,1,false,true,false,true,46.,42.,40.,38.,10.8341437376
0.97480509295,Voter,13,3,46.,1,false,true,false,true,46.,42.,40.,38.,10.8341437376
0.97480509295,Voter,13,3,51.,1,false,true,false,true,46.,42.,40.,38.,10.8341437376
1.36813317751,Sample,13,7,1.,1,false,true,false,true,74.,66.,148.,126.,0.
1.36813317751,Sample,13,7,6.,1,false,true,false,true,192.,150.,150.,128.,12.3846302226
1.36813317751,Sample,13,7,11.,1,false,true,false,true,210.,160.,152.,130.,12.9882018907
1.36813317751,Sample,13,7,16.,1,false,true,false,true,210.,160.,152.,130.,13.0191470047
1.36813317751,Sample,13,7,21.,1,false,true,false,true,210.,160.,152.,130.,13.0207924428
1.36813317751,Sample,13,7,26.,1,false,true,false,true,210.,160.,152.,130.,13.0208824051
1.36813317751,Sample,13,7,31.,1,false,true,false,true,210.,160.,152.,130.,13.0208874365
1.36813317751,Sample,13,7,36.,1,false,true,false,true,210.,160.,152.,130.,13.0208877234
1.36813317751,Sample,13,7,41.,1,false,true,false,true,210.,160.,152.,130.,13.02088774
1.36813317751,Sample,13,7,46.,1,false,true,false,true,210.,160.,152.,130.,13.020887741
1.36813317751,Sample,13,7,51.,1,false,true,false,true,210.,160.,152.,130.,13.0208877411
0.996375263506,Sample,13,4,1.,1,false,true,false,true,14.,14.,26.,22.,0.
0.996375263506,Sample,13,4,6.,1,false,true,false,true,44.,42.,28.,28.,10.7399994154
0.996375263506,Sample,13,4,11.,1,false,true,false,true,44.,42.,28.,28.,10.9708522466
0.996375263506,Sample,13,4,16.,1,false,true,false,true,44.,42.,28.,28.,10.9762589617
0.996375263506,Sample,13,4,21.,1,false,true,false,true,44.,42.,28.,28.,10.9763928809
0.996375263506,Sample,13,4,26.,1,false,true,false,true,44.,42.,28.,28.,10.9763963394
0.996375263506,Sample,13,4,31.,1,false,true,false,true,44.,42.,28.,28.,10.9763964318
0.996375263506,Sample,13,4,36.,1,false,true,false,true,44.,42.,28.,28.,10.9763964344
0.996375263506,Sample,13,4,41.,1,false,true,false,true,44.,42.,28.,28.,10.9763964344
0.996375263506,Sample,13,4,46.,1,false,true,false,true,44.,42.,28.,28.,10.9763964344
0.996375263506,Sample,13,4,51.,1,false,true,false,true,44.,42.,28.,28.,10.9763964344
1.22281333574,Voter,13,6,1.,1,false,true,false,true,14.,14.,44.,42.,0.
1.22281333574,Voter,13,6,6.,1,false,true,false,true,66.,58.,24.,24.,11.8458488117
1.22281333574,Voter,13,6,11.,1,false,true,false,true,66.,58.,24.,24.,12.2850533862
1.22281333574,Voter,13,6,16.,1,false,true,false,true,66.,58.,24.,24.,12.302367495
1.22281333574,Voter,13,6,21.,1,false,true,false,true,66.,58.,24.,24.,12.3030797468
1.22281333574,Voter,13,6,26.,1,false,true,false,true,66.,58.,24.,24.,12.3031100039
1.22281333574,Voter,13,6,31.,1,false,true,false,true,66.,58.,24.,24.,12.3031113234
1.22281333574,Voter,13,6,36.,1,false,true,false,true,66.,58.,24.,24.,12.3031113822
1.22281333574,Voter,13,6,41.,1,false,true,false,true,66.,58.,24.,24.,12.3031113849
1.22281333574,Voter,13,6,46.,1,false,true,false,true,66.,58.,24.,24.,12.303111385
1.22281333574,Voter,13,6,51.,1,false,true,false,true,66.,58.,24.,24.,12.3031113851
1.16070875456,Sample,13,5,1.,1,false,true,false,true,34.,30.,52.,48.,0.
1.16070875456,Sample,13,5,6.,1,false,true,false,true,82.,74.,68.,60.,11.5775862021
1.16070875456,Sample,13,5,11.,1,false,true,false,true,84.,74.,70.,62.,11.9533775619
1.16070875456,Sample,13,5,16.,1,false,true,false,true,84.,74.,70.,62.,11.9664190484
1.16070875456,Sample,13,5,21.,1,false,true,false,true,84.,74.,70.,62.,11.9668928159
1.16070875456,Sample,13,5,26.,1,false,true,false,true,84.,74.,70.,62.,11.9669106284
1.16070875456,Sample,13,5,31.,1,false,true,false,true,84.,74.,70.,62.,11.9669113171
1.16070875456,Sample,13,5,36.,1,false,true,false,true,84.,74.,70.,62.,11.9669113444
1.16070875456,Sample,13,5,41.,1,false,true,false,true,84.,74.,70.,62.,11.9669113455
1.16070875456,Sample,13,5,46.,1,false,true,false,true,84.,74.,70.,62.,11.9669113456
1.16070875456,Sample,13,5,51.,1,false,true,false,true,84.,74.,70.,62.,11.9669113456
1.30422033225,Voter,13,5,1.,1,false,true,false,true,2.,2.,28.,28.,0.
1.30422033225,Voter,13,5,6.,1,false,true,false,true,38.,36.,12.,12.,12.1621472599
1.30422033225,Voter,13,5,11.,1,false,true,false,true,42.,40.,16.,16.,12.69085382
1.30422033225,Voter,13,5,16.,1,false,true,false,true,42.,40.,16.,16.,12.7151371167
1.30422033225,Voter,13,5,21.,1,false,true,false,true,42.,40.,16.,16.,12.7162967631
1.30422033225,Voter,13,5,26.,1,false,true,false,true,42.,40.,16.,16.,12.7163538057
1.30422033225,Voter,13,5,31.,1,false,true,false,true,42.,40.,16.,16.,12.7163566801
1.30422033225,Voter,13,5,36.,1,false,true,false,true,42.,40.,16.,16.,12.716356828
1.30422033225,Voter,13,5,41.,1,false,true,false,true,42.,40.,16.,16.,12.7163568357
1.30422033225,Voter,13,5,46.,1,false,true,false,true,42.,40.,16.,16.,12.7163568361
1.30422033225,Voter,13,5,51.,1,false,true,false,true,42.,40.,16.,16.,12.7163568361
0.839979784158,Sample,13,6,1.,1,false,true,false,true,32.,30.,82.,70.,0.
0.839979784158,Sample,13,6,6.,1,false,true,false,true,96.,74.,54.,48.,9.74066581483
0.839979784158,Sample,13,6,11.,1,false,true,false,true,96.,74.,54.,48.,9.86753211628
0.839979784158,Sample,13,6,16.,1,false,true,false,true,96.,74.,54.,48.,9.86938060402
0.839979784158,Sample,13,6,21.,1,false,true,false,true,96.,74.,54.,48.,9.86940948284
0.839979784158,Sample,13,6,26.,1,false,true,false,true,96.,74.,54.,48.,9.86940995812
0.839979784158,Sample,13,6,31.,1,false,true,false,true,96.,74.,54.,48.,9.86940996628
0.839979784158,Sample,13,6,36.,1,false,true,false,true,96.,74.,54.,48.,9.86940996642
0.839979784158,Sample,13,6,41.,1,false,true,false,true,96.,74.,54.,48.,9.86940996643
0.839979784158,Sample,13,6,46.,1,false,true,false,true,96.,74.,54.,48.,9.86940996643
0.839979784158,Sample,13,6,51.,1,false,true,false,true,96.,74.,54.,48.,9.86940996643
1.27776902292,Voter,13,6,1.,1,false,true,false,true,32.,30.,56.,52.,0.
1.27776902292,Voter,13,6,6.,1,false,true,false,true,90.,70.,62.,54.,12.0635660529
1.27776902292,Voter,13,6,11.,1,false,true,false,true,92.,70.,64.,56.,12.5624385483
1.27776902292,Voter,13,6,16.,1,false,true,false,true,94.,72.,62.,54.,12.5842776996
1.27776902292,Voter,13,6,21.,1,false,true,false,true,94.,72.,62.,54.,12.5852728658
1.27776902292,Voter,13,6,26.,1,false,true,false,true,94.,72.,62.,54.,12.5853196128
1.27776902292,Voter,13,6,31.,1,false,true,false,true,94.,72.,62.,54.,12.5853218637
1.27776902292,Voter,13,6,36.,1,false,true,false,true,94.,72.,62.,54.,12.5853219744
1.27776902292,Voter,13,6,41.,1,false,true,false,true,94.,72.,62.,54.,12.58532198
1.27776902292,Voter,13,6,46.,1,false,true,false,true,94.,72.,62.,54.,12.5853219803
1.27776902292,Voter,13,6,51.,1,false,true,false,true,94.,72.,62.,54.,12.5853219803
0.910098284798,Voter,13,4,1.,1,false,true,false,true,10.,10.,10.,10.,0.
0.910098284798,Voter,13,4,6.,1,false,true,false,true,22.,20.,10.,10.,10.2157499955
0.910098284798,Voter,13,4,11.,1,false,true,false,true,22.,20.,10.,10.,10.3849782018
0.910098284798,Voter,13,4,16.,1,false,true,false,true,22.,20.,10.,10.,10.388073446
0.910098284798,Voter,13,4,21.,1,false,true,false,true,22.,20.,10.,10.,10.3881337369
0.910098284798,Voter,13,4,26.,1,false,true,false,true,22.,20.,10.,10.,10.3881349678
0.910098284798,Voter,13,4,31.,1,false,true,false,true,22.,20.,10.,10.,10.3881349939
0.910098284798,Voter,13,4,36.,1,false,true,false,true,22.,20.,10.,10.,10.3881349944
0.910098284798,Voter,13,4,41.,1,false,true,false,true,22.,20.,10.,10.,10.3881349945
0.910098284798,Voter,13,4,46.,1,false,true,false,true,22.,20.,10.,10.,10.3881349945
0.910098284798,Voter,13,4,51.,1,false,true,false,true,22.,20.,10.,10.,10.3881349945
1.12808215703,Sample,13,6,1.,1,false,true,false,true,50.,46.,102.,90.,0.
1.12808215703,Sample,13,6,6.,1,false,true,false,true,148.,120.,148.,120.,11.4266162269
1.12808215703,Sample,13,6,11.,1,false,true,false,true,152.,122.,148.,120.,11.7709083786
1.12808215703,Sample,13,6,16.,1,false,true,false,true,152.,122.,148.,120.,11.7820357082
1.12808215703,Sample,13,6,21.,1,false,true,false,true,152.,122.,148.,120.,11.7824128361
1.12808215703,Sample,13,6,26.,1,false,true,false,true,152.,122.,148.,120.,11.7824260814
1.12808215703,Sample,13,6,31.,1,false,true,false,true,152.,122.,148.,120.,11.7824265603
1.12808215703,Sample,13,6,36.,1,false,true,false,true,152.,122.,148.,120.,11.7824265781
1.12808215703,Sample,13,6,41.,1,false,true,false,true,152.,122.,148.,120.,11.7824265787
1.12808215703,Sample,13,6,46.,1,false,true,false,true,152.,122.,148.,120.,11.7824265788
1.12808215703,Sample,13,6,51.,1,false,true,false,true,152.,122.,148.,120.,11.7824265788
1.28629791318,Voter,13,5,1.,1,false,true,false,true,14.,14.,32.,28.,0.
1.28629791318,Voter,13,5,6.,1,false,true,false,true,44.,34.,26.,26.,12.0957819856
1.28629791318,Voter,13,5,11.,1,false,true,false,true,46.,36.,28.,28.,12.6041973857
1.28629791318,Voter,13,5,16.,1,false,true,false,true,46.,36.,28.,28.,12.6268052192
1.28629791318,Voter,13,5,21.,1,false,true,false,true,46.,36.,28.,28.,12.6278512705
1.28629791318,Voter,13,5,26.,1,false,true,false,true,46.,36.,28.,28.,12.6279011513
1.28629791318,Voter,13,5,31.,1,false,true,false,true,46.,36.,28.,28.,12.6279035889
1.28629791318,Voter,13,5,36.,1,false,true,false,true,46.,36.,28.,28.,12.6279037106
1.28629791318,Voter,13,5,41.,1,false,true,false,true,46.,36.,28.,28.,12.6279037168
1.28629791318,Voter,13,5,46.,1,false,true,false,true,46.,36.,28.,28.,12.6279037171
1.28629791318,Voter,13,5,51.,1,false,true,false,true,46.,36.,28.,28.,12.6279037171
1.27719313101,Voter,13,7,1.,1,false,true,false,true,32.,30.,50.,46.,0.
1.27719313101,Voter,13,7,6.,1,false,true,false,true,114.,96.,72.,64.,12.0613758535
1.27719313101,Voter,13,7,11.,1,false,true,false,true,114.,96.,72.,64.,12.5596066552
1.27719313101,Voter,13,7,16.,1,false,true,false,true,114.,96.,72.,64.,12.5813945614
1.27719313101,Voter,13,7,21.,1,false,true,false,true,114.,96.,72.,64.,12.5823863634
1.27719313101,Voter,13,7,26.,1,false,true,false,true,114.,96.,72.,64.,12.5824329049
1.27719313101,Voter,13,7,31.,1,false,true,false,true,114.,96.,72.,64.,12.5824351437
1.27719313101,Voter,13,7,36.,1,false,true,false,true,114.,96.,72.,64.,12.5824352537
1.27719313101,Voter,13,7,41.,1,false,true,false,true,114.,96.,72.,64.,12.5824352592
1.27719313101,Voter,13,7,46.,1,false,true,false,true,114.,96.,72.,64.,12.5824352595
1.27719313101,Voter,13,7,51.,1,false,true,false,true,114.,96.,72.,64.,12.5824352595
1.31927699013,Voter,13,3,1.,1,false,true,false,true,0.,0.,14.,12.,0.
1.31927699013,Voter,13,3,6.,1,false,true,false,true,20.,18.,10.,10.,12.2165281517
1.31927699013,Voter,13,3,11.,1,false,true,false,true,20.,18.,10.,10.,12.7625253539
1.31927699013,Voter,13,3,16.,1,false,true,false,true,20.,18.,10.,10.,12.7882802686
1.31927699013,Voter,13,3,21.,1,false,true,false,true,20.,18.,10.,10.,12.7895426362
1.31927699013,Voter,13,3,26.,1,false,true,false,true,20.,18.,10.,10.,12.789606342
1.31927699013,Voter,13,3,31.,1,false,true,false,true,20.,18.,10.,10.,12.7896096343
1.31927699013,Voter,13,3,36.,1,false,true,false,true,20.,18.,10.,10.,12.7896098079
1.31927699013,Voter,13,3,41.,1,false,true,false,true,20.,18.,10.,10.,12.7896098173
1.31927699013,Voter,13,3,46.,1,false,true,false,true,20.,18.,10.,10.,12.7896098178
1.31927699013,Voter,13,3,51.,1,false,true,false,true,20.,18.,10.,10.,12.7896098178
1.20828861493,Sample,13,7,1.,1,false,true,false,true,54.,46.,134.,110.,0.
1.20828861493,Sample,13,7,6.,1,false,true,false,true,146.,118.,142.,126.,11.7852810524
1.20828861493,Sample,13,7,11.,1,false,true,false,true,162.,130.,146.,130.,12.2092616255
1.20828861493,Sample,13,7,16.,1,false,true,false,true,164.,132.,148.,132.,12.2254992651
1.20828861493,Sample,13,7,21.,1,false,true,false,true,164.,132.,148.,132.,12.2261486534
1.20828861493,Sample,13,7,26.,1,false,true,false,true,164.,132.,148.,132.,12.2261754859
1.20828861493,Sample,13,7,31.,1,false,true,false,true,164.,132.,148.,132.,12.2261766245
1.20828861493,Sample,13,7,36.,1,false,true,false,true,164.,132.,148.,132.,12.226176674
1.20828861493,Sample,13,7,41.,1,false,true,false,true,164.,132.,148.,132.,12.2261766761
1.20828861493,Sample,13,7,46.,1,false,true,false,true,164.,132.,148.,132.,12.2261766762
1.20828861493,Sample,13,7,51.,1,false,true,false,true,164.,132.,148.,132.,12.2261766762
1.24467203492,Sample,13,7,1.,1,false,true,false,true,34.,30.,116.,92.,0.
1.24467203492,Sample,13,7,6.,1,false,true,false,true,136.,118.,98.,86.,11.9345831541
1.24467203492,Sample,13,7,11.,1,false,true,false,true,138.,120.,100.,88.,12.3971355847
1.24467203492,Sample,13,7,16.,1,false,true,false,true,138.,120.,100.,88.,12.4161624142
1.24467203492,Sample,13,7,21.,1,false,true,false,true,138.,120.,100.,88.,12.416978297
1.24467203492,Sample,13,7,26.,1,false,true,false,true,138.,120.,100.,88.,12.4170143996
1.24467203492,Sample,13,7,31.,1,false,true,false,true,138.,120.,100.,88.,12.4170160385
1.24467203492,Sample,13,7,36.,1,false,true,false,true,138.,120.,100.,88.,12.4170161146
1.24467203492,Sample,13,7,41.,1,false,true,false,true,138.,120.,100.,88.,12.4170161182
1.24467203492,Sample,13,7,46.,1,false,true,false,true,138.,120.,100.,88.,12.4170161184
1.24467203492,Sample,13,7,51.,1,false,true,false,true,138.,120.,100.,88.,12.4170161184
1.11670174729,Sample,13,3,1.,1,false,true,false,true,4.,4.,8.,8.,0.
1.11670174729,Sample,13,3,6.,1,false,true,false,true,12.,10.,8.,8.,11.3722585874
1.11670174729,Sample,13,3,11.,1,false,true,false,true,12.,10.,8.,8.,11.7058692837
1.11670174729,Sample,13,3,16.,1,false,true,false,true,12.,10.,8.,8.,11.7163792286
1.11670174729,Sample,13,3,21.,1,false,true,false,true,12.,10.,8.,8.,11.7167266661
1.11670174729,Sample,13,3,26.,1,false,true,false,true,12.,10.,8.,8.,11.7167385738
1.11670174729,Sample,13,3,31.,1,false,true,false,true,12.,10.,8.,8.,11.7167389942
1.11670174729,Sample,13,3,36.,1,false,true,false,true,12.,10.,8.,8.,11.7167390094
1.11670174729,Sample,13,3,41.,1,false,true,false,true,12.,10.,8.,8.,11.7167390099
1.11670174729,Sample,13,3,46.,1,false,true,false,true,12.,10.,8.,8.,11.71673901
1.11670174729,Sample,13,3,51.,1,false,true,false,true,12.,10.,8.,8.,11.71673901
0.912499141255,Sample,13,4,1.,1,false,true,false,true,18.,18.,24.,22.,0.
0.912499141255,Sample,13,4,6.,1,false,true,false,true,48.,40.,22.,22.,10.2312105179
0.912499141255,Sample,13,4,11.,1,false,true,false,true,48.,40.,22.,22.,10.4020125836
0.912499141255,Sample,13,4,16.,1,false,true,false,true,48.,40.,22.,22.,10.405159619
0.912499141255,Sample,13,4,21.,1,false,true,false,true,48.,40.,22.,22.,10.405221357
0.912499141255,Sample,13,4,26.,1,false,true,false,true,48.,40.,22.,22.,10.4052226262
0.912499141255,Sample,13,4,31.,1,false,true,false,true,48.,40.,22.,22.,10.4052226533
0.912499141255,Sample,13,4,36.,1,false,true,false,true,48.,40.,22.,22.,10.4052226539
0.912499141255,Sample,13,4,41.,1,false,true,false,true,48.,40.,22.,22.,10.4052226539
0.912499141255,Sample,13,4,46.,1,false,true,false,true,48.,40.,22.,22.,10.4052226539
0.912499141255,Sample,13,4,51.,1,false,true,false,true,48.,40.,22.,22.,10.4052226539
1.09188535215,Voter,13,4,1.,1,false,true,false,true,10.,10.,8.,8.,0.
1.09188535215,Voter,13,4,6.,1,false,true,false,true,24.,22.,10.,10.,11.2505921705
1.09188535215,Voter,13,4,11.,1,false,true,false,true,24.,22.,10.,10.,11.5614716829
1.09188535215,Voter,13,4,16.,1,false,true,false,true,24.,22.,10.,10.,11.5707216377
1.09188535215,Voter,13,4,21.,1,false,true,false,true,24.,22.,10.,10.,11.5710108647
1.09188535215,Voter,13,4,26.,1,false,true,false,true,24.,22.,10.,10.,11.5710202505
1.09188535215,Voter,13,4,31.,1,false,true,false,true,24.,22.,10.,10.,11.5710205645
1.09188535215,Voter,13,4,36.,1,false,true,false,true,24.,22.,10.,10.,11.5710205753
1.09188535215,Voter,13,4,41.,1,false,true,false,true,24.,22.,10.,10.,11.5710205756
1.09188535215,Voter,13,4,46.,1,false,true,false,true,24.,22.,10.,10.,11.5710205756
1.09188535215,Voter,13,4,51.,1,false,true,false,true,24.,22.,10.,10.,11.5710205756
0.81093735556,Sample,13,4,1.,1,false,true,false,true,16.,16.,24.,22.,0.
0.81093735556,Sample,13,4,6.,1,false,true,false,true,50.,48.,26.,26.,9.52994569958
0.81093735556,Sample,13,4,11.,1,false,true,false,true,50.,48.,26.,26.,9.64130848893
0.81093735556,Sample,13,4,16.,1,false,true,false,true,50.,48.,26.,26.,9.64277332729
0.81093735556,Sample,13,4,21.,1,false,true,false,true,50.,48.,26.,26.,9.64279405364
0.81093735556,Sample,13,4,26.,1,false,true,false,true,50.,48.,26.,26.,9.64279436333
0.81093735556,Sample,13,4,31.,1,false,true,false,true,50.,48.,26.,26.,9.64279436816
0.81093735556,Sample,13,4,36.,1,false,true,false,true,50.,48.,26.,26.,9.64279436824
0.81093735556,Sample,13,4,41.,1,false,true,false,true,50.,48.,26.,26.,9.64279436824
0.81093735556,Sample,13,4,46.,1,false,true,false,true,50.,48.,26.,26.,9.64279436824
0.81093735556,Sample,13,4,51.,1,false,true,false,true,50.,48.,26.,26.,9.64279436824
1.16200508113,Sample,13,7,1.,1,false,true,false,true,64.,58.,120.,106.,0.
1.16200508113,Sample,13,7,6.,1,false,true,false,true,166.,134.,154.,134.,11.5834382006
1.16200508113,Sample,13,7,11.,1,false,true,false,true,168.,136.,156.,136.,11.960507512
1.16200508113,Sample,13,7,16.,1,false,true,false,true,168.,136.,156.,136.,11.9736295918
1.16200508113,Sample,13,7,21.,1,false,true,false,true,168.,136.,156.,136.,11.9741075745
1.16200508113,Sample,13,7,26.,1,false,true,false,true,168.,136.,156.,136.,11.9741255931
1.16200508113,Sample,13,7,31.,1,false,true,false,true,168.,136.,156.,136.,11.9741262916
1.16200508113,Sample,13,7,36.,1,false,true,false,true,168.,136.,156.,136.,11.9741263194
1.16200508113,Sample,13,7,41.,1,false,true,false,true,168.,136.,156.,136.,11.9741263205
1.16200508113,Sample,13,7,46.,1,false,true,false,true,168.,136.,156.,136.,11.9741263205
1.16200508113,Sample,13,7,51.,1,false,true,false,true,168.,136.,156.,136.,11.9741263205
0.850403890447,Voter,13,6,1.,1,false,true,false,true,40.,36.,50.,46.,0.
0.850403890447,Voter,13,6,6.,1,false,true,false,true,90.,76.,64.,58.,9.81425452386
0.850403890447,Voter,13,6,11.,1,false,true,false,true,92.,78.,62.,56.,9.94697689987
0.850403890447,Voter,13,6,16.,1,false,true,false,true,92.,78.,62.,56.,9.94898058497
0.850403890447,Voter,13,6,21.,1,false,true,false,true,92.,78.,62.,56.,9.94901298412
0.850403890447,Voter,13,6,26.,1,false,true,false,true,92.,78.,62.,56.,9.94901353554
0.850403890447,Voter,13,6,31.,1,false,true,false,true,92.,78.,62.,56.,9.94901354533
0.850403890447,Voter,13,6,36.,1,false,true,false,true,92.,78.,62.,56.,9.94901354551
0.850403890447,Voter,13,6,41.,1,false,true,false,true,92.,78.,62.,56.,9.94901354551
0.850403890447,Voter,13,6,46.,1,false,true,false,true,92.,78.,62.,56.,9.94901354551
0.850403890447,Voter,13,6,51.,1,false,true,false,true,92.,78.,62.,56.,9.94901354551
1.31150505216,Voter,13,6,1.,1,false,true,false,true,44.,44.,106.,96.,0.
1.31150505216,Voter,13,6,6.,1,false,true,false,true,168.,142.,198.,160.,12.1886127841
1.31150505216,Voter,13,6,11.,1,false,true,false,true,174.,144.,196.,156.,12.7256574521
1.31150505216,Voter,13,6,16.,1,false,true,false,true,174.,144.,196.,156.,12.7506453736
1.31150505216,Voter,13,6,21.,1,false,true,false,true,174.,144.,196.,156.,12.7518538659
1.31150505216,Voter,13,6,26.,1,false,true,false,true,174.,144.,196.,156.,12.7519140556
1.31150505216,Voter,13,6,31.,1,false,true,false,true,174.,144.,196.,156.,12.751917126
1.31150505216,Voter,13,6,36.,1,false,true,false,true,174.,144.,196.,156.,12.7519172859
1.31150505216,Voter,13,6,41.,1,false,true,false,true,174.,144.,196.,156.,12.7519172944
1.31150505216,Voter,13,6,46.,1,false,true,false,true,174.,144.,196.,156.,12.7519172948
1.31150505216,Voter,13,6,51.,1,false,true,false,true,174.,144.,196.,156.,12.7519172949
1.00619517007,Voter,13,4,1.,1,false,true,false,true,14.,14.,24.,22.,0.
1.00619517007,Voter,13,4,6.,1,false,true,false,true,38.,36.,20.,20.,10.795741135
1.00619517007,Voter,13,4,11.,1,false,true,false,true,38.,36.,20.,20.,11.0342603074
1.00619517007,Voter,13,4,16.,1,false,true,false,true,38.,36.,20.,20.,11.0399945964
1.00619517007,Voter,13,4,21.,1,false,true,false,true,38.,36.,20.,20.,11.040140289
1.00619517007,Voter,13,4,26.,1,false,true,false,true,38.,36.,20.,20.,11.0401441465
1.00619517007,Voter,13,4,31.,1,false,true,false,true,38.,36.,20.,20.,11.0401442522
1.00619517007,Voter,13,4,36.,1,false,true,false,true,38.,36.,20.,20.,11.0401442552
1.00619517007,Voter,13,4,41.,1,false,true,false,true,38.,36.,20.,20.,11.0401442552
1.00619517007,Voter,13,4,46.,1,false,true,false,true,38.,36.,20.,20.,11.0401442552
1.00619517007,Voter,13,4,51.,1,false,true,false,true,38.,36.,20.,20.,11.0401442552
1.37645668188,Voter,13,5,1.,1,false,true,false,true,8.,8.,34.,32.,0.
1.37645668188,Voter,13,5,6.,1,false,true,false,true,48.,42.,26.,24.,12.4120323048
1.37645668188,Voter,13,5,11.,1,false,true,false,true,54.,42.,32.,30.,13.0256279578
1.37645668188,Voter,13,5,16.,1,false,true,false,true,54.,42.,32.,30.,13.0575221428
1.37645668188,Voter,13,5,21.,1,false,true,false,true,54.,42.,32.,30.,13.0592409685
1.37645668188,Voter,13,5,26.,1,false,true,false,true,54.,42.,32.,30.,13.0593361926
1.37645668188,Voter,13,5,31.,1,false,true,false,true,54.,42.,32.,30.,13.0593415882
1.37645668188,Voter,13,5,36.,1,false,true,false,true,54.,42.,32.,30.,13.0593418999
1.37645668188,Voter,13,5,41.,1,false,true,false,true,54.,42.,32.,30.,13.0593419182
1.37645668188,Voter,13,5,46.,1,false,true,false,true,54.,42.,32.,30.,13.0593419193
1.37645668188,Voter,13,5,51.,1,false,true,false,true,54.,42.,32.,30.,13.0593419193
0.817548906857,Sample,13,4,1.,1,false,true,false,true,34.,30.,44.,38.,0.
0.817548906857,Sample,13,4,6.,1,false,true,false,true,88.,68.,74.,62.,9.57866420987
0.817548906857,Sample,13,4,11.,1,false,true,false,true,88.,68.,74.,62.,9.69345153384
0.817548906857,Sample,13,4,16.,1,false,true,false,true,88.,68.,74.,62.,9.69499768588
0.817548906857,Sample,13,4,21.,1,false,true,false,true,88.,68.,74.,62.,9.69502007143
0.817548906857,Sample,13,4,26.,1,false,true,false,true,88.,68.,74.,62.,9.69502041348
0.817548906857,Sample,13,4,31.,1,false,true,false,true,88.,68.,74.,62.,9.69502041894
0.817548906857,Sample,13,4,36.,1,false,true,false,true,88.,68.,74.,62.,9.69502041903
0.817548906857,Sample,13,4,41.,1,false,true,false,true,88.,68.,74.,62.,9.69502041904
0.817548906857,Sample,13,4,46.,1,false,true,false,true,88.,68.,74.,62.,9.69502041904
0.817548906857,Sample,13,4,51.,1,false,true,false,true,88.,68.,74.,62.,9.69502041904
0.828074380943,Sample,13,7,1.,1,false,true,false,true,88.,70.,142.,112.,0.
0.828074380943,Sample,13,7,6.,1,false,true,false,true,164.,130.,146.,114.,9.65530893435
0.828074380943,Sample,13,7,11.,1,false,true,false,true,170.,134.,148.,116.,9.77567549536
0.828074380943,Sample,13,7,16.,1,false,true,false,true,170.,134.,148.,116.,9.7773583017
0.828074380943,Sample,13,7,21.,1,false,true,false,true,170.,134.,148.,116.,9.77738356046
0.828074380943,Sample,13,7,26.,1,false,true,false,true,170.,134.,148.,116.,9.77738396024
0.828074380943,Sample,13,7,31.,1,false,true,false,true,170.,134.,148.,116.,9.77738396684
0.828074380943,Sample,13,7,36.,1,false,true,false,true,170.,134.,148.,116.,9.77738396696
0.828074380943,Sample,13,7,41.,1,false,true,false,true,170.,134.,148.,116.,9.77738396696
0.828074380943,Sample,13,7,46.,1,false,true,false,true,170.,134.,148.,116.,9.77738396696
0.828074380943,Sample,13,7,51.,1,false,true,false,true,170.,134.,148.,116.,9.77738396696
1.04541991056,Sample,13,4,1.,1,false,true,false,true,10.,10.,44.,40.,0.
1.04541991056,Sample,13,4,6.,1,false,true,false,true,40.,38.,38.,34.,11.0108350591
1.04541991056,Sample,13,4,11.,1,false,true,false,true,42.,40.,40.,34.,11.281274701
1.04541991056,Sample,13,4,16.,1,false,true,false,true,42.,40.,40.,34.,11.2884660478
1.04541991056,Sample,13,4,21.,1,false,true,false,true,42.,40.,40.,34.,11.2886675955
1.04541991056,Sample,13,4,26.,1,false,true,false,true,42.,40.,40.,34.,11.2886734704
1.04541991056,Sample,13,4,31.,1,false,true,false,true,42.,40.,40.,34.,11.2886736473
1.04541991056,Sample,13,4,36.,1,false,true,false,true,42.,40.,40.,34.,11.2886736527
1.04541991056,Sample,13,4,41.,1,false,true,false,true,42.,40.,40.,34.,11.2886736529
1.04541991056,Sample,13,4,46.,1,false,true,false,true,42.,40.,40.,34.,11.2886736529
1.04541991056,Sample,13,4,51.,1,false,true,false,true,42.,40.,40.,34.,11.2886736529
1.27180349811,Sample,13,3,1.,1,false,true,false,true,14.,14.,14.,14.,0.
1.27180349811,Sample,13,3,6.,1,false,true,false,true,30.,26.,22.,22.,12.0407864128
1.27180349811,Sample,13,3,11.,1,false,true,false,true,30.,26.,22.,22.,12.5330282281
1.27180349811,Sample,13,3,16.,1,false,true,false,true,30.,26.,22.,22.,12.5543405564
1.27180349811,Sample,13,3,21.,1,false,true,false,true,30.,26.,22.,22.,12.5553013058
1.27180349811,Sample,13,3,26.,1,false,true,false,true,30.,26.,22.,22.,12.5553459605
1.27180349811,Sample,13,3,31.,1,false,true,false,true,30.,26.,22.,22.,12.5553480883
1.27180349811,Sample,13,3,36.,1,false,true,false,true,30.,26.,22.,22.,12.5553481919
1.27180349811,Sample,13,3,41.,1,false,true,false,true,30.,26.,22.,22.,12.5553481971
1.27180349811,Sample,13,3,46.,1,false,true,false,true,30.,26.,22.,22.,12.5553481973
1.27180349811,Sample,13,3,51.,1,false,true,false,true,30.,26.,22.,22.,12.5553481973
0.925636204319,Sample,13,7,1.,1,false,true,false,true,80.,68.,158.,126.,0.
0.925636204319,Sample,13,7,6.,1,false,true,false,true,196.,152.,218.,162.,10.3148969891
0.925636204319,Sample,13,7,11.,1,false,true,false,true,200.,154.,222.,166.,10.4944549486
0.925636204319,Sample,13,7,16.,1,false,true,false,true,200.,154.,222.,166.,10.4978971455
0.925636204319,Sample,13,7,21.,1,false,true,false,true,200.,154.,222.,166.,10.4979673254
0.925636204319,Sample,13,7,26.,1,false,true,false,true,200.,154.,222.,166.,10.4979688234
0.925636204319,Sample,13,7,31.,1,false,true,false,true,200.,154.,222.,166.,10.4979688566
0.925636204319,Sample,13,7,36.,1,false,true,false,true,200.,154.,222.,166.,10.4979688574
0.925636204319,Sample,13,7,41.,1,false,true,false,true,200.,154.,222.,166.,10.4979688574
0.925636204319,Sample,13,7,46.,1,false,true,false,true,200.,154.,222.,166.,10.4979688574
0.925636204319,Sample,13,7,51.,1,false,true,false,true,200.,154.,222.,166.,10.4979688574
1.31841064231,Voter,13,7,1.,1,false,true,false,true,44.,38.,82.,74.,0.
1.31841064231,Voter,13,7,6.,1,false,true,false,true,142.,116.,88.,68.,12.2134326689
1.31841064231,Voter,13,7,11.,1,false,true,false,true,150.,120.,92.,72.,12.7584290406
1.31841064231,Voter,13,7,16.,1,false,true,false,true,150.,120.,92.,72.,12.7840976743
1.31841064231,Voter,13,7,21.,1,false,true,false,true,150.,120.,92.,72.,12.7853539449
1.31841064231,Voter,13,7,26.,1,false,true,false,true,150.,120.,92.,72.,12.7854172506
1.31841064231,Voter,13,7,31.,1,false,true,false,true,150.,120.,92.,72.,12.7854205174
1.31841064231,Voter,13,7,36.,1,false,true,false,true,150.,120.,92.,72.,12.7854206895
1.31841064231,Voter,13,7,41.,1,false,true,false,true,150.,120.,92.,72.,12.7854206987
1.31841064231,Voter,13,7,46.,1,false,true,false,true,150.,120.,92.,72.,12.7854206992
1.31841064231,Voter,13,7,51.,1,false,true,false,true,150.,120.,92.,72.,12.7854206992
0.957357356219,Sample,13,4,1.,1,false,true,false,true,12.,12.,28.,28.,0.
0.957357356219,Sample,13,4,6.,1,false,true,false,true,48.,46.,44.,42.,10.5107465325
0.957357356219,Sample,13,4,11.,1,false,true,false,true,48.,46.,44.,42.,10.7124461554
0.957357356219,Sample,13,4,16.,1,false,true,false,true,48.,46.,44.,42.,10.7166874221
0.957357356219,Sample,13,4,21.,1,false,true,false,true,48.,46.,44.,42.,10.7167820224
0.957357356219,Sample,13,4,26.,1,false,true,false,true,48.,46.,44.,42.,10.7167842273
0.957357356219,Sample,13,4,31.,1,false,true,false,true,48.,46.,44.,42.,10.7167842806
0.957357356219,Sample,13,4,36.,1,false,true,false,true,48.,46.,44.,42.,10.7167842819
0.957357356219,Sample,13,4,41.,1,false,true,false,true,48.,46.,44.,42.,10.7167842819
0.957357356219,Sample,13,4,46.,1,false,true,false,true,48.,46.,44.,42.,10.7167842819
0.957357356219,Sample,13,4,51.,1,false,true,false,true,48.,46.,44.,42.,10.7167842819
1.20844677166,Sample,13,5,1.,1,false,true,false,true,30.,28.,84.,68.,0.
1.20844677166,Sample,13,5,6.,1,false,true,false,true,136.,112.,162.,134.,11.7859475664
1.20844677166,Sample,13,5,11.,1,false,true,false,true,140.,112.,162.,134.,12.210092643
1.20844677166,Sample,13,5,16.,1,false,true,false,true,140.,112.,162.,134.,12.226341744
1.20844677166,Sample,13,5,21.,1,false,true,false,true,140.,112.,162.,134.,12.226991792
1.20844677166,Sample,13,5,26.,1,false,true,false,true,140.,112.,162.,134.,12.22701866
1.20844677166,Sample,13,5,31.,1,false,true,false,true,140.,112.,162.,134.,12.2270198005
1.20844677166,Sample,13,5,36.,1,false,true,false,true,140.,112.,162.,134.,12.22701985
1.20844677166,Sample,13,5,41.,1,false,true,false,true,140.,112.,162.,134.,12.2270198522
1.20844677166,Sample,13,5,46.,1,false,true,false,true,140.,112.,162.,134.,12.2270198523
1.20844677166,Sample,13,5,51.,1,false,true,false,true,140.,112.,162.,134.,12.2270198523
1.17390618647,Sample,13,4,1.,1,false,true,false,true,0.,0.,22.,18.,0.
1.17390618647,Sample,13,4,6.,1,false,true,false,true,20.,18.,2.,2.,11.6366501949
1.17390618647,Sample,13,4,11.,1,false,true,false,true,20.,18.,2.,2.,12.0255446997
1.17390618647,Sample,13,4,16.,1,false,true,false,true,20.,18.,2.,2.,12.0394233339
1.17390618647,Sample,13,4,21.,1,false,true,false,true,20.,18.,2.,2.,12.0399414396
1.17390618647,Sample,13,4,26.,1,false,true,false,true,20.,18.,2.,2.,12.0399614474
1.17390618647,Sample,13,4,31.,1,false,true,false,true,20.,18.,2.,2.,12.0399622417
1.17390618647,Sample,13,4,36.,1,false,true,false,true,20.,18.,2.,2.,12.039962274
1.17390618647,Sample,13,4,41.,1,false,true,false,true,20.,18.,2.,2.,12.0399622753
1.17390618647,Sample,13,4,46.,1,false,true,false,true,20.,18.,2.,2.,12.0399622753
1.17390618647,Sample,13,4,51.,1,false,true,false,true,20.,18.,2.,2.,12.0399622753
0.876558786008,Voter,13,3,1.,1,false,true,false,true,6.,6.,6.,6.,0.
0.876558786008,Voter,13,3,6.,1,false,true,false,true,8.,8.,4.,4.,9.99427577885
0.876558786008,Voter,13,3,11.,1,false,true,false,true,8.,8.,4.,4.,10.1423706956
0.876558786008,Voter,13,3,16.,1,false,true,false,true,8.,8.,4.,4.,10.1448081811
0.876558786008,Voter,13,3,21.,1,false,true,false,true,8.,8.,4.,4.,10.1448510388
0.876558786008,Voter,13,3,26.,1,false,true,false,true,8.,8.,4.,4.,10.1448518304
0.876558786008,Voter,13,3,31.,1,false,true,false,true,8.,8.,4.,4.,10.1448518456
0.876558786008,Voter,13,3,36.,1,false,true,false,true,8.,8.,4.,4.,10.1448518459
0.876558786008,Voter,13,3,41.,1,false,true,false,true,8.,8.,4.,4.,10.1448518459
0.876558786008,Voter,13,3,46.,1,false,true,false,true,8.,8.,4.,4.,10.1448518459
0.876558786008,Voter,13,3,51.,1,false,true,false,true,8.,8.,4.,4.,10.1448518459
1.18147904599,Sample,13,7,1.,1,false,true,false,true,54.,52.,110.,90.,0.
1.18147904599,Sample,13,7,6.,1,false,true,false,true,162.,136.,138.,120.,11.6700321144
1.18147904599,Sample,13,7,11.,1,false,true,false,true,168.,140.,136.,116.,12.066537607
1.18147904599,Sample,13,7,16.,1,false,true,false,true,168.,140.,136.,116.,12.0809134733
1.18147904599,Sample,13,7,21.,1,false,true,false,true,168.,140.,136.,116.,12.0814584852
1.18147904599,Sample,13,7,26.,1,false,true,false,true,168.,140.,136.,116.,12.0814798533
1.18147904599,Sample,13,7,31.,1,false,true,false,true,168.,140.,136.,116.,12.0814807144
1.18147904599,Sample,13,7,36.,1,false,true,false,true,168.,140.,136.,116.,12.0814807499
1.18147904599,Sample,13,7,41.,1,false,true,false,true,168.,140.,136.,116.,12.0814807514
1.18147904599,Sample,13,7,46.,1,false,true,false,true,168.,140.,136.,116.,12.0814807514
1.18147904599,Sample,13,7,51.,1,false,true,false,true,168.,140.,136.,116.,12.0814807514
1.08795831638,Voter,13,5,1.,1,false,true,false,true,22.,22.,26.,24.,0.
1.08795831638,Voter,13,5,6.,1,false,true,false,true,52.,44.,20.,20.,11.2309390302
1.08795831638,Voter,13,5,11.,1,false,true,false,true,52.,44.,20.,20.,11.5382928741
1.08795831638,Voter,13,5,16.,1,false,true,false,true,52.,44.,20.,20.,11.5473539973
1.08795831638,Voter,13,5,21.,1,false,true,false,true,52.,44.,20.,20.,11.5476347866
1.08795831638,Voter,13,5,26.,1,false,true,false,true,52.,44.,20.,20.,11.5476438186
1.08795831638,Voter,13,5,31.,1,false,true,false,true,52.,44.,20.,20.,11.5476441182
1.08795831638,Voter,13,5,36.,1,false,true,false,true,52.,44.,20.,20.,11.5476441284
1.08795831638,Voter,13,5,41.,1,false,true,false,true,52.,44.,20.,20.,11.5476441287
1.08795831638,Voter,13,5,46.,1,false,true,false,true,52.,44.,20.,20.,11.5476441287
1.08795831638,Voter,13,5,51.,1,false,true,false,true,52.,44.,20.,20.,11.5476441287
0.898496485664,Voter,13,3,1.,1,false,true,false,true,8.,8.,2.,2.,0.
0.898496485664,Voter,13,3,6.,1,false,true,false,true,12.,10.,2.,2.,10.1403058315
0.898496485664,Voter,13,3,11.,1,false,true,false,true,12.,10.,2.,2.,10.3020434334
0.898496485664,Voter,13,3,16.,1,false,true,false,true,12.,10.,2.,2.,10.3048974899
0.898496485664,Voter,13,3,21.,1,false,true,false,true,12.,10.,2.,2.,10.3049511812
0.898496485664,Voter,13,3,26.,1,false,true,false,true,12.,10.,2.,2.,10.3049522406
0.898496485664,Voter,13,3,31.,1,false,true,false,true,12.,10.,2.,2.,10.3049522624
0.898496485664,Voter,13,3,36.,1,false,true,false,true,12.,10.,2.,2.,10.3049522628
0.898496485664,Voter,13,3,41.,1,false,true,false,true,12.,10.,2.,2.,10.3049522628
0.898496485664,Voter,13,3,46.,1,false,true,false,true,12.,10.,2.,2.,10.3049522628
0.898496485664,Voter,13,3,51.,1,false,true,false,true,12.,10.,2.,2.,10.3049522628
1.07784840823,Voter,13,7,1.,1,false,true,false,true,24.,24.,78.,70.,0.
1.07784840823,Voter,13,7,6.,1,false,true,false,true,80.,68.,70.,64.,11.1798319931
1.07784840823,Voter,13,7,11.,1,false,true,false,true,80.,68.,70.,64.,11.478200039
1.07784840823,Voter,13,7,16.,1,false,true,false,true,80.,68.,70.,64.,11.4867879401
1.07784840823,Voter,13,7,21.,1,false,true,false,true,80.,68.,70.,64.,11.4870479242
1.07784840823,Voter,13,7,26.,1,false,true,false,true,80.,68.,70.,64.,11.4870560977
1.07784840823,Voter,13,7,31.,1,false,true,false,true,80.,68.,70.,64.,11.4870563627
1.07784840823,Voter,13,7,36.,1,false,true,false,true,80.,68.,70.,64.,11.4870563715
1.07784840823,Voter,13,7,41.,1,false,true,false,true,80.,68.,70.,64.,11.4870563718
1.07784840823,Voter,13,7,46.,1,false,true,false,true,80.,68.,70.,64.,11.4870563718
1.07784840823,Voter,13,7,51.,1,false,true,false,true,80.,68.,70.,64.,11.4870563718
1.18419229442,Sample,13,5,1.,1,false,true,false,true,20.,20.,56.,50.,0.
1.18419229442,Sample,13,5,6.,1,false,true,false,true,80.,76.,60.,60.,11.6819027932
1.18419229442,Sample,13,5,11.,1,false,true,false,true,84.,78.,60.,60.,12.0811514122
1.18419229442,Sample,13,5,16.,1,false,true,false,true,84.,78.,60.,60.,12.0957084618
1.18419229442,Sample,13,5,21.,1,false,true,false,true,84.,78.,60.,60.,12.0962633816
1.18419229442,Sample,13,5,26.,1,false,true,false,true,84.,78.,60.,60.,12.0962852558
1.18419229442,Sample,13,5,31.,1,false,true,false,true,84.,78.,60.,60.,12.0962861419
1.18419229442,Sample,13,5,36.,1,false,true,false,true,84.,78.,60.,60.,12.0962861787
1.18419229442,Sample,13,5,41.,1,false,true,false,true,84.,78.,60.,60.,12.0962861802
1.18419229442,Sample,13,5,46.,1,false,true,false,true,84.,78.,60.,60.,12.0962861803
1.18419229442,Sample,13,5,51.,1,false,true,false,true,84.,78.,60.,60.,12.0962861803
1.25316408009,Sample,13,7,1.,1,false,true,false,true,64.,62.,122.,106.,0.
1.25316408009,Sample,13,7,6.,1,false,true,false,true,162.,140.,168.,148.,11.968287323
1.25316408009,Sample,13,7,11.,1,false,true,false,true,168.,138.,158.,144.,12.4400490959
1.25316408009,Sample,13,7,16.,1,false,true,false,true,170.,140.,160.,146.,12.4597720051
1.25316408009,Sample,13,7,21.,1,false,true,false,true,170.,140.,160.,146.,12.4606312302
1.25316408009,Sample,13,7,26.,1,false,true,false,true,170.,140.,160.,146.,12.4606698468
1.25316408009,Sample,13,7,31.,1,false,true,false,true,170.,140.,160.,146.,12.460671627
1.25316408009,Sample,13,7,36.,1,false,true,false,true,170.,140.,160.,146.,12.4606717108
1.25316408009,Sample,13,7,41.,1,false,true,false,true,170.,140.,160.,146.,12.4606717148
1.25316408009,Sample,13,7,46.,1,false,true,false,true,170.,140.,160.,146.,12.460671715
1.25316408009,Sample,13,7,51.,1,false,true,false,true,170.,140.,160.,146.,12.4606717151
0.883240774318,Voter,13,7,1.,1,false,true,false,true,42.,38.,72.,66.,0.
0.883240774318,Voter,13,7,6.,1,false,true,false,true,120.,100.,82.,78.,10.0392278212
0.883240774318,Voter,13,7,11.,1,false,true,false,true,118.,100.,80.,76.,10.1914058558
0.883240774318,Voter,13,7,16.,1,false,true,false,true,118.,100.,80.,76.,10.1939649248
0.883240774318,Voter,13,7,21.,1,false,true,false,true,118.,100.,80.,76.,10.1940108678
0.883240774318,Voter,13,7,26.,1,false,true,false,true,118.,100.,80.,76.,10.1940117338
0.883240774318,Voter,13,7,31.,1,false,true,false,true,118.,100.,80.,76.,10.1940117508
0.883240774318,Voter,13,7,36.,1,false,true,false,true,118.,100.,80.,76.,10.1940117511
0.883240774318,Voter,13,7,41.,1,false,true,false,true,118.,100.,80.,76.,10.1940117511
0.883240774318,Voter,13,7,46.,1,false,true,false,true,118.,100.,80.,76.,10.1940117511
0.883240774318,Voter,13,7,51.,1,false,true,false,true,118.,100.,80.,76.,10.1940117511
1.29275160414,Voter,13,3,1.,1,false,true,false,true,6.,6.,10.,10.,0.
1.29275160414,Voter,13,3,6.,1,false,true,false,true,14.,14.,6.,6.,12.1198862821
1.29275160414,Voter,13,3,11.,1,false,true,false,true,14.,14.,6.,6.,12.6355714678
1.29275160414,Voter,13,3,16.,1,false,true,false,true,14.,14.,6.,6.,12.6587731689
1.29275160414,Voter,13,3,21.,1,false,true,false,true,14.,14.,6.,6.,12.6598590675
1.29275160414,Voter,13,3,26.,1,false,true,false,true,14.,14.,6.,6.,12.6599114349
1.29275160414,Voter,13,3,31.,1,false,true,false,true,14.,14.,6.,6.,12.6599140227
1.29275160414,Voter,13,3,36.,1,false,true,false,true,14.,14.,6.,6.,12.6599141532
1.29275160414,Voter,13,3,41.,1,false,true,false,true,14.,14.,6.,6.,12.6599141599
1.29275160414,Voter,13,3,46.,1,false,true,false,true,14.,14.,6.,6.,12.6599141603
1.29275160414,Voter,13,3,51.,1,false,true,false,true,14.,14.,6.,6.,12.6599141603
1.38881641155,Voter,13,3,1.,1,false,true,false,true,8.,8.,26.,22.,0.
1.38881641155,Voter,13,3,6.,1,false,true,false,true,20.,20.,34.,28.,12.452076005
1.38881641155,Voter,13,3,11.,1,false,true,false,true,22.,22.,32.,26.,13.0806674743
1.38881641155,Voter,13,3,16.,1,false,true,false,true,22.,22.,32.,26.,13.1140065458
1.38881641155,Voter,13,3,21.,1,false,true,false,true,22.,22.,32.,26.,13.1158389956
1.38881641155,Voter,13,3,26.,1,false,true,false,true,22.,22.,32.,26.,13.1159425022
1.38881641155,Voter,13,3,31.,1,false,true,false,true,22.,22.,32.,26.,13.1159484804
1.38881641155,Voter,13,3,36.,1,false,true,false,true,22.,22.,32.,26.,13.1159488323
1.38881641155,Voter,13,3,41.,1,false,true,false,true,22.,22.,32.,26.,13.1159488533
1.38881641155,Voter,13,3,46.,1,false,true,false,true,22.,22.,32.,26.,13.1159488546
1.38881641155,Voter,13,3,51.,1,false,true,false,true,22.,22.,32.,26.,13.1159488547
0.923496077689,Sample,13,6,1.,1,false,true,false,true,30.,30.,110.,92.,0.
0.923496077689,Sample,13,6,6.,1,false,true,false,true,118.,100.,106.,98.,10.3013682402
0.923496077689,Sample,13,6,11.,1,false,true,false,true,124.,106.,112.,102.,10.4794832128
0.923496077689,Sample,13,6,16.,1,false,true,false,true,124.,106.,112.,102.,10.4828759485
0.923496077689,Sample,13,6,21.,1,false,true,false,true,124.,106.,112.,102.,10.4829446911
0.923496077689,Sample,13,6,26.,1,false,true,false,true,124.,106.,112.,102.,10.4829461496
0.923496077689,Sample,13,6,31.,1,false,true,false,true,124.,106.,112.,102.,10.4829461817
0.923496077689,Sample,13,6,36.,1,false,true,false,true,124.,106.,112.,102.,10.4829461824
0.923496077689,Sample,13,6,41.,1,false,true,false,true,124.,106.,112.,102.,10.4829461824
0.923496077689,Sample,13,6,46.,1,false,true,false,true,124.,106.,112.,102.,10.4829461824
0.923496077689,Sample,13,6,51.,1,false,true,false,true,124.,106.,112.,102.,10.4829461824
1.24562539994,Sample,13,7,1.,1,false,true,false,true,52.,46.,112.,96.,0.
1.24562539994,Sample,13,7,6.,1,false,true,false,true,140.,120.,124.,108.,11.9383882179
1.24562539994,Sample,13,7,11.,1,false,true,false,true,152.,132.,136.,118.,12.4019707119
1.24562539994,Sample,13,7,16.,1,false,true,false,true,152.,132.,136.,118.,12.4210748223
1.24562539994,Sample,13,7,21.,1,false,true,false,true,152.,132.,136.,118.,12.4218954828
1.24562539994,Sample,13,7,26.,1,false,true,false,true,152.,132.,136.,118.,12.4219318605
1.24562539994,Sample,13,7,31.,1,false,true,false,true,152.,132.,136.,118.,12.4219335148
1.24562539994,Sample,13,7,36.,1,false,true,false,true,152.,132.,136.,118.,12.4219335917
1.24562539994,Sample,13,7,41.,1,false,true,false,true,152.,132.,136.,118.,12.4219335954
1.24562539994,Sample,13,7,46.,1,false,true,false,true,152.,132.,136.,118.,12.4219335955
1.24562539994,Sample,13,7,51.,1,false,true,false,true,152.,132.,136.,118.,12.4219335955
1.23483932059,Voter,13,6,1.,1,false,true,false,true,32.,28.,72.,62.,0.
1.23483932059,Voter,13,6,6.,1,false,true,false,true,92.,80.,56.,54.,11.8950230899
1.23483932059,Voter,13,6,11.,1,false,true,false,true,96.,82.,56.,54.,12.3470087484
1.23483932059,Voter,13,6,16.,1,false,true,false,true,96.,82.,56.,54.,12.3652511822
1.23483932059,Voter,13,6,21.,1,false,true,false,true,96.,82.,56.,54.,12.3660190644
1.23483932059,Voter,13,6,26.,1,false,true,false,true,96.,82.,56.,54.,12.3660524297
1.23483932059,Voter,13,6,31.,1,false,true,false,true,96.,82.,56.,54.,12.3660539174
1.23483932059,Voter,13,6,36.,1,false,true,false,true,96.,82.,56.,54.,12.3660539852
1.23483932059,Voter,13,6,41.,1,false,true,false,true,96.,82.,56.,54.,12.3660539884
1.23483932059,Voter,13,6,46.,1,false,true,false,true,96.,82.,56.,54.,12.3660539885
1.23483932059,Voter,13,6,51.,1,false,true,false,true,96.,82.,56.,54.,12.3660539885
1.14539447094,Voter,13,7,1.,1,false,true,false,true,20.,20.,72.,68.,0.
1.14539447094,Voter,13,7,6.,1,false,true,false,true,94.,78.,46.,44.,11.5076123235
1.14539447094,Voter,13,7,11.,1,false,true,false,true,94.,78.,46.,44.,11.8684583445
1.14539447094,Voter,13,7,16.,1,false,true,false,true,94.,78.,46.,44.,11.8805742662
1.14539447094,Voter,13,7,21.,1,false,true,false,true,94.,78.,46.,44.,11.8810004603
1.14539447094,Voter,13,7,26.,1,false,true,false,true,94.,78.,46.,44.,11.8810159854
1.14539447094,Voter,13,7,31.,1,false,true,false,true,94.,78.,46.,44.,11.8810165673
1.14539447094,Voter,13,7,36.,1,false,true,false,true,94.,78.,46.,44.,11.8810165896
1.14539447094,Voter,13,7,41.,1,false,true,false,true,94.,78.,46.,44.,11.8810165905
1.14539447094,Voter,13,7,46.,1,false,true,false,true,94.,78.,46.,44.,11.8810165906
1.14539447094,Voter,13,7,51.,1,false,true,false,true,94.,78.,46.,44.,11.8810165906
1.33168698058,Sample,13,6,1.,1,false,true,false,true,36.,32.,72.,62.,0.
1.33168698058,Sample,13,6,6.,1,false,true,false,true,102.,86.,62.,52.,12.2604246643
1.33168698058,Sample,13,6,11.,1,false,true,false,true,110.,92.,70.,58.,12.8208367218
1.33168698058,Sample,13,6,16.,1,false,true,false,true,110.,92.,70.,58.,12.8478493006
1.33168698058,Sample,13,6,21.,1,false,true,false,true,110.,92.,70.,58.,12.8492015717
1.33168698058,Sample,13,6,26.,1,false,true,false,true,110.,92.,70.,58.,12.8492712469
1.33168698058,Sample,13,6,31.,1,false,true,false,true,110.,92.,70.,58.,12.8492749222
1.33168698058,Sample,13,6,36.,1,false,true,false,true,110.,92.,70.,58.,12.84927512
1.33168698058,Sample,13,6,41.,1,false,true,false,true,110.,92.,70.,58.,12.8492751308
1.33168698058,Sample,13,6,46.,1,false,true,false,true,110.,92.,70.,58.,12.8492751314
1.33168698058,Sample,13,6,51.,1,false,true,false,true,110.,92.,70.,58.,12.8492751314
1.0608410229,Sample,13,7,1.,1,false,true,false,true,96.,82.,144.,120.,0.
1.0608410229,Sample,13,7,6.,1,false,true,false,true,234.,178.,198.,152.,11.09217426
1.0608410229,Sample,13,7,11.,1,false,true,false,true,246.,188.,210.,160.,11.3757237208
1.0608410229,Sample,13,7,16.,1,false,true,false,true,246.,188.,210.,160.,11.3835565799
1.0608410229,Sample,13,7,21.,1,false,true,false,true,246.,188.,210.,160.,11.3837844058
1.0608410229,Sample,13,7,26.,1,false,true,false,true,246.,188.,210.,160.,11.3837912927
1.0608410229,Sample,13,7,31.,1,false,true,false,true,246.,188.,210.,160.,11.3837915075
1.0608410229,Sample,13,7,36.,1,false,true,false,true,246.,188.,210.,160.,11.3837915144
1.0608410229,Sample,13,7,41.,1,false,true,false,true,246.,188.,210.,160.,11.3837915146
1.0608410229,Sample,13,7,46.,1,false,true,false,true,246.,188.,210.,160.,11.3837915147
1.0608410229,Sample,13,7,51.,1,false,true,false,true,246.,188.,210.,160.,11.3837915147
1.0055645146,Voter,13,7,1.,1,false,true,false,true,44.,42.,118.,98.,0.
1.0055645146,Voter,13,7,6.,1,false,true,false,true,158.,132.,152.,124.,10.7921844415
1.0055645146,Voter,13,7,11.,1,false,true,false,true,160.,134.,154.,126.,11.0302073223
1.0055645146,Voter,13,7,16.,1,false,true,false,true,158.,132.,152.,126.,11.0359201414
1.0055645146,Voter,13,7,21.,1,false,true,false,true,158.,132.,152.,126.,11.0360650532
1.0055645146,Voter,13,7,26.,1,false,true,false,true,158.,132.,152.,126.,11.0360688839
1.0055645146,Voter,13,7,31.,1,false,true,false,true,158.,132.,152.,126.,11.0360689887
1.0055645146,Voter,13,7,36.,1,false,true,false,true,158.,132.,152.,126.,11.0360689916
1.0055645146,Voter,13,7,41.,1,false,true,false,true,158.,132.,152.,126.,11.0360689917
1.0055645146,Voter,13,7,46.,1,false,true,false,true,158.,132.,152.,126.,11.0360689917
1.0055645146,Voter,13,7,51.,1,false,true,false,true,158.,132.,152.,126.,11.0360689917
1.36998091891,Voter,13,4,1.,1,false,true,false,true,16.,16.,28.,28.,0.
1.36998091891,Voter,13,4,6.,1,false,true,false,true,56.,44.,44.,36.,12.3907437057
1.36998091891,Voter,13,4,11.,1,false,true,false,true,56.,44.,44.,36.,12.9965353524
1.36998091891,Voter,13,4,16.,1,false,true,false,true,56.,44.,44.,36.,13.0276894948
1.36998091891,Voter,13,4,21.,1,false,true,false,true,56.,44.,44.,36.,13.0293510104
1.36998091891,Voter,13,4,26.,1,false,true,false,true,56.,44.,44.,36.,13.0294421194
1.36998091891,Voter,13,4,31.,1,false,true,false,true,56.,44.,44.,36.,13.0294472297
1.36998091891,Voter,13,4,36.,1,false,true,false,true,56.,44.,44.,36.,13.029447522
1.36998091891,Voter,13,4,41.,1,false,true,false,true,56.,44.,44.,36.,13.029447539
1.36998091891,Voter,13,4,46.,1,false,true,false,true,56.,44.,44.,36.,13.02944754
1.36998091891,Voter,13,4,51.,1,false,true,false,true,56.,44.,44.,36.,13.02944754
0.800844406094,Voter,13,3,1.,1,false,true,false,true,10.,10.,8.,8.,0.
0.800844406094,Voter,13,3,6.,1,false,true,false,true,18.,18.,8.,8.,9.45470876782
0.800844406094,Voter,13,3,11.,1,false,true,false,true,18.,18.,8.,8.,9.56096262937
0.800844406094,Voter,13,3,16.,1,false,true,false,true,18.,18.,8.,8.,9.56230981193
0.800844406094,Voter,13,3,21.,1,false,true,false,true,18.,18.,8.,8.,9.56232820702
0.800844406094,Voter,13,3,26.,1,false,true,false,true,18.,18.,8.,8.,9.5623284725
0.800844406094,Voter,13,3,31.,1,false,true,false,true,18.,18.,8.,8.,9.5623284765
0.800844406094,Voter,13,3,36.,1,false,true,false,true,18.,18.,8.,8.,9.56232847657
0.800844406094,Voter,13,3,41.,1,false,true,false,true,18.,18.,8.,8.,9.56232847657
0.800844406094,Voter,13,3,46.,1,false,true,false,true,18.,18.,8.,8.,9.56232847657
0.800844406094,Voter,13,3,51.,1,false,true,false,true,18.,18.,8.,8.,9.56232847657
1.20076272117,Voter,13,4,1.,1,false,true,false,true,18.,16.,30.,28.,0.
1.20076272117,Voter,13,4,6.,1,false,true,false,true,62.,52.,62.,50.,11.7533850957
1.20076272117,Voter,13,4,11.,1,false,true,false,true,66.,56.,66.,54.,12.169570326
1.20076272117,Voter,13,4,16.,1,false,true,false,true,66.,56.,66.,54.,12.1852691296
1.20076272117,Voter,13,4,21.,1,false,true,false,true,66.,56.,66.,54.,12.1858877324
1.20076272117,Voter,13,4,26.,1,false,true,false,true,66.,56.,66.,54.,12.1859129234
1.20076272117,Voter,13,4,31.,1,false,true,false,true,66.,56.,66.,54.,12.1859139772
1.20076272117,Voter,13,4,36.,1,false,true,false,true,66.,56.,66.,54.,12.1859140223
1.20076272117,Voter,13,4,41.,1,false,true,false,true,66.,56.,66.,54.,12.1859140242
1.20076272117,Voter,13,4,46.,1,false,true,false,true,66.,56.,66.,54.,12.1859140243
1.20076272117,Voter,13,4,51.,1,false,true,false,true,66.,56.,66.,54.,12.1859140243
1.08431056367,Voter,13,5,1.,1,false,true,false,true,20.,18.,40.,34.,0.
1.08431056367,Voter,13,5,6.,1,false,true,false,true,52.,48.,24.,24.,11.2125843041
1.08431056367,Voter,13,5,11.,1,false,true,false,true,52.,48.,24.,24.,11.5166808668
1.08431056367,Voter,13,5,16.,1,false,true,false,true,52.,48.,24.,24.,11.5255691135
1.08431056367,Voter,13,5,21.,1,false,true,false,true,52.,48.,24.,24.,11.5258422455
1.08431056367,Voter,13,5,26.,1,false,true,false,true,52.,48.,24.,24.,11.5258509593
1.08431056367,Voter,13,5,31.,1,false,true,false,true,52.,48.,24.,24.,11.5258512459
1.08431056367,Voter,13,5,36.,1,false,true,false,true,52.,48.,24.,24.,11.5258512556
1.08431056367,Voter,13,5,41.,1,false,true,false,true,52.,48.,24.,24.,11.5258512559
1.08431056367,Voter,13,5,46.,1,false,true,false,true,52.,48.,24.,24.,11.525851256
1.08431056367,Voter,13,5,51.,1,false,true,false,true,52.,48.,24.,24.,11.525851256
1.30025857667,Sample,13,5,1.,1,false,true,false,true,28.,26.,82.,74.,0.
1.30025857667,Sample,13,5,6.,1,false,true,false,true,86.,74.,104.,84.,12.1476312648
1.30025857667,Sample,13,5,11.,1,false,true,false,true,100.,82.,98.,82.,12.6718250146
1.30025857667,Sample,13,5,16.,1,false,true,false,true,100.,82.,98.,82.,12.6957308668
1.30025857667,Sample,13,5,21.,1,false,true,false,true,100.,82.,98.,82.,12.6968646067
1.30025857667,Sample,13,5,26.,1,false,true,false,true,100.,82.,98.,82.,12.6969199964
1.30025857667,Sample,13,5,31.,1,false,true,false,true,100.,82.,98.,82.,12.6969227688
1.30025857667,Sample,13,5,36.,1,false,true,false,true,100.,82.,98.,82.,12.6969229105
1.30025857667,Sample,13,5,41.,1,false,true,false,true,100.,82.,98.,82.,12.6969229179
1.30025857667,Sample,13,5,46.,1,false,true,false,true,100.,82.,98.,82.,12.6969229183
1.30025857667,Sample,13,5,51.,1,false,true,false,true,100.,82.,98.,82.,12.6969229183
1.08323121425,Sample,13,4,1.,1,false,true,false,true,20.,20.,28.,26.,0.
1.08323121425,Sample,13,4,6.,1,false,true,false,true,44.,38.,28.,28.,11.2071348466
1.08323121425,Sample,13,4,11.,1,false,true,false,true,42.,38.,26.,26.,11.5102708654
1.08323121425,Sample,13,4,16.,1,false,true,false,true,42.,38.,26.,26.,11.5191084225
1.08323121425,Sample,13,4,21.,1,false,true,false,true,42.,38.,26.,26.,11.5193793216
1.08323121425,Sample,13,4,26.,1,false,true,false,true,42.,38.,26.,26.,11.5193879431
1.08323121425,Sample,13,4,31.,1,false,true,false,true,42.,38.,26.,26.,11.519388226
1.08323121425,Sample,13,4,36.,1,false,true,false,true,42.,38.,26.,26.,11.5193882355
1.08323121425,Sample,13,4,41.,1,false,true,false,true,42.,38.,26.,26.,11.5193882359
1.08323121425,Sample,13,4,46.,1,false,true,false,true,42.,38.,26.,26.,11.5193882359
1.08323121425,Sample,13,4,51.,1,false,true,false,true,42.,38.,26.,26.,11.5193882359
1.08277487358,Sample,13,4,1.,1,false,true,false,true,20.,20.,50.,40.,0.
1.08277487358,Sample,13,4,6.,1,false,true,false,true,52.,44.,38.,34.,11.2048283252
1.08277487358,Sample,13,4,11.,1,false,true,false,true,52.,44.,38.,34.,11.5075586829
1.08277487358,Sample,13,4,16.,1,false,true,false,true,52.,44.,38.,34.,11.5163748723
1.08277487358,Sample,13,4,21.,1,false,true,false,true,52.,44.,38.,34.,11.5166448318
1.08277487358,Sample,13,4,26.,1,false,true,false,true,52.,44.,38.,34.,11.5166534145
1.08277487358,Sample,13,4,31.,1,false,true,false,true,52.,44.,38.,34.,11.5166536959
1.08277487358,Sample,13,4,36.,1,false,true,false,true,52.,44.,38.,34.,11.5166537053
1.08277487358,Sample,13,4,41.,1,false,true,false,true,52.,44.,38.,34.,11.5166537057
1.08277487358,Sample,13,4,46.,1,false,true,false,true,52.,44.,38.,34.,11.5166537057
1.08277487358,Sample,13,4,51.,1,false,true,false,true,52.,44.,38.,34.,11.5166537057
1.39255174078,Sample,13,7,1.,1,false,true,false,true,24.,24.,94.,82.,0.
1.39255174078,Sample,13,7,6.,1,false,true,false,true,154.,124.,112.,96.,12.4640274308
1.39255174078,Sample,13,7,11.,1,false,true,false,true,158.,128.,104.,92.,13.0971766312
1.39255174078,Sample,13,7,16.,1,false,true,false,true,160.,130.,102.,90.,13.1309608044
1.39255174078,Sample,13,7,21.,1,false,true,false,true,160.,130.,102.,90.,13.1328287109
1.39255174078,Sample,13,7,26.,1,false,true,false,true,160.,130.,102.,90.,13.1329348348
1.39255174078,Sample,13,7,31.,1,false,true,false,true,160.,130.,102.,90.,13.1329409994
1.39255174078,Sample,13,7,36.,1,false,true,false,true,160.,130.,102.,90.,13.1329413643
1.39255174078,Sample,13,7,41.,1,false,true,false,true,160.,130.,102.,90.,13.1329413863
1.39255174078,Sample,13,7,46.,1,false,true,false,true,160.,130.,102.,90.,13.1329413876
1.39255174078,Sample,13,7,51.,1,false,true,false,true,160.,130.,102.,90.,13.1329413877
1.06118585222,Sample,13,6,1.,1,false,true,false,true,38.,34.,104.,80.,0.
1.06118585222,Sample,13,6,6.,1,false,true,false,true,108.,86.,94.,82.,11.0939727441
1.06118585222,Sample,13,6,11.,1,false,true,false,true,114.,90.,96.,86.,11.3778189184
1.06118585222,Sample,13,6,16.,1,false,true,false,true,114.,90.,96.,86.,11.385666585
1.06118585222,Sample,13,6,21.,1,false,true,false,true,114.,90.,96.,86.,11.385895029
1.06118585222,Sample,13,6,26.,1,false,true,false,true,114.,90.,96.,86.,11.3859019401
1.06118585222,Sample,13,6,31.,1,false,true,false,true,114.,90.,96.,86.,11.3859021559
1.06118585222,Sample,13,6,36.,1,false,true,false,true,114.,90.,96.,86.,11.3859021628
1.06118585222,Sample,13,6,41.,1,false,true,false,true,114.,90.,96.,86.,11.385902163
1.06118585222,Sample,13,6,46.,1,false,true,false,true,114.,90.,96.,86.,11.385902163
1.06118585222,Sample,13,6,51.,1,false,true,false,true,114.,90.,96.,86.,11.385902163
0.817266081262,Voter,13,3,1.,1,false,true,false,true,4.,4.,2.,2.,0.
0.817266081262,Voter,13,3,6.,1,false,true,false,true,8.,8.,2.,2.,9.5765892707
0.817266081262,Voter,13,3,11.,1,false,true,false,true,8.,8.,2.,2.,9.69122883811
0.817266081262,Voter,13,3,16.,1,false,true,false,true,8.,8.,2.,2.,9.69277144137
0.817266081262,Voter,13,3,21.,1,false,true,false,true,8.,8.,2.,2.,9.6927937537
0.817266081262,Voter,13,3,26.,1,false,true,false,true,8.,8.,2.,2.,9.69279409431
0.817266081262,Voter,13,3,31.,1,false,true,false,true,8.,8.,2.,2.,9.69279409975
0.817266081262,Voter,13,3,36.,1,false,true,false,true,8.,8.,2.,2.,9.69279409984
0.817266081262,Voter,13,3,41.,1,false,true,false,true,8.,8.,2.,2.,9.69279409984
0.817266081262,Voter,13,3,46.,1,false,true,false,true,8.,8.,2.,2.,9.69279409984
0.817266081262,Voter,13,3,51.,1,false,true,false,true,8.,8.,2.,2.,9.69279409984
0.999949697036,Voter,13,4,1.,1,false,true,false,true,14.,14.,34.,34.,0.
0.999949697036,Voter,13,4,6.,1,false,true,false,true,52.,48.,52.,50.,10.7603787533
0.999949697036,Voter,13,4,11.,1,false,true,false,true,52.,48.,52.,50.,10.9940069187
0.999949697036,Voter,13,4,16.,1,false,true,false,true,52.,48.,52.,50.,10.999531213
0.999949697036,Voter,13,4,21.,1,false,true,false,true,52.,48.,52.,50.,10.9996693233
0.999949697036,Voter,13,4,26.,1,false,true,false,true,52.,48.,52.,50.,10.9996729227
0.999949697036,Voter,13,4,31.,1,false,true,false,true,52.,48.,52.,50.,10.9996730197
0.999949697036,Voter,13,4,36.,1,false,true,false,true,52.,48.,52.,50.,10.9996730224
0.999949697036,Voter,13,4,41.,1,false,true,false,true,52.,48.,52.,50.,10.9996730225
0.999949697036,Voter,13,4,46.,1,false,true,false,true,52.,48.,52.,50.,10.9996730225
0.999949697036,Voter,13,4,51.,1,false,true,false,true,52.,48.,52.,50.,10.9996730225
1.05260418239,Voter,13,3,1.,1,false,true,false,true,6.,6.,12.,12.,0.
1.05260418239,Voter,13,3,6.,1,false,true,false,true,14.,14.,16.,16.,11.0489508329
1.05260418239,Voter,13,3,11.,1,false,true,false,true,14.,14.,16.,16.,11.3254590699
1.05260418239,Voter,13,3,16.,1,false,true,false,true,14.,14.,16.,16.,11.3329442765
1.05260418239,Voter,13,3,21.,1,false,true,false,true,14.,14.,16.,16.,11.3331577394
1.05260418239,Voter,13,3,26.,1,false,true,false,true,14.,14.,16.,16.,11.3331640686
1.05260418239,Voter,13,3,31.,1,false,true,false,true,14.,14.,16.,16.,11.3331642623
1.05260418239,Voter,13,3,36.,1,false,true,false,true,14.,14.,16.,16.,11.3331642684
1.05260418239,Voter,13,3,41.,1,false,true,false,true,14.,14.,16.,16.,11.3331642686
1.05260418239,Voter,13,3,46.,1,false,true,false,true,14.,14.,16.,16.,11.3331642686
1.05260418239,Voter,13,3,51.,1,false,true,false,true,14.,14.,16.,16.,11.3331642686
1.04351750252,Voter,13,6,1.,1,false,true,false,true,16.,16.,32.,28.,0.
1.04351750252,Voter,13,6,6.,1,false,true,false,true,60.,50.,16.,16.,11.000676592
1.04351750252,Voter,13,6,11.,1,false,true,false,true,60.,50.,16.,16.,11.2695206751
1.04351750252,Voter,13,6,16.,1,false,true,false,true,60.,50.,16.,16.,11.2766356491
1.04351750252,Voter,13,6,21.,1,false,true,false,true,60.,50.,16.,16.,11.2768341346
1.04351750252,Voter,13,6,26.,1,false,true,false,true,60.,50.,16.,16.,11.276839894
1.04351750252,Voter,13,6,31.,1,false,true,false,true,60.,50.,16.,16.,11.2768400666
1.04351750252,Voter,13,6,36.,1,false,true,false,true,60.,50.,16.,16.,11.2768400719
1.04351750252,Voter,13,6,41.,1,false,true,false,true,60.,50.,16.,16.,11.2768400721
1.04351750252,Voter,13,6,46.,1,false,true,false,true,60.,50.,16.,16.,11.2768400721
1.04351750252,Voter,13,6,51.,1,false,true,false,true,60.,50.,16.,16.,11.2768400721
1.05492172284,Voter,13,3,1.,1,false,true,false,true,10.,10.,24.,22.,0.
1.05492172284,Voter,13,3,6.,1,false,true,false,true,24.,24.,18.,18.,11.061163577
1.05492172284,Voter,13,3,11.,1,false,true,false,true,26.,26.,20.,20.,11.3396439544
1.05492172284,Voter,13,3,16.,1,false,true,false,true,26.,26.,20.,20.,11.3472258092
1.05492172284,Voter,13,3,21.,1,false,true,false,true,26.,26.,20.,20.,11.3474432362
1.05492172284,Voter,13,3,26.,1,false,true,false,true,26.,26.,20.,20.,11.3474497182
1.05492172284,Voter,13,3,31.,1,false,true,false,true,26.,26.,20.,20.,11.3474499177
1.05492172284,Voter,13,3,36.,1,false,true,false,true,26.,26.,20.,20.,11.347449924
1.05492172284,Voter,13,3,41.,1,false,true,false,true,26.,26.,20.,20.,11.3474499242
1.05492172284,Voter,13,3,46.,1,false,true,false,true,26.,26.,20.,20.,11.3474499242
1.05492172284,Voter,13,3,51.,1,false,true,false,true,26.,26.,20.,20.,11.3474499242
1.31293270528,Voter,13,4,1.,1,false,true,false,true,8.,8.,22.,22.,0.
1.31293270528,Voter,13,4,6.,1,false,true,false,true,32.,28.,14.,14.,12.1937653503
1.31293270528,Voter,13,4,11.,1,false,true,false,true,32.,28.,14.,14.,12.7324501661
1.31293270528,Voter,13,4,16.,1,false,true,false,true,32.,28.,14.,14.,12.7575777956
1.31293270528,Voter,13,4,21.,1,false,true,false,true,32.,28.,14.,14.,12.7587960468
1.31293270528,Voter,13,4,26.,1,false,true,false,true,32.,28.,14.,14.,12.75885687
1.31293270528,Voter,13,4,31.,1,false,true,false,true,32.,28.,14.,14.,12.7588599801
1.31293270528,Voter,13,4,36.,1,false,true,false,true,32.,28.,14.,14.,12.7588601425
1.31293270528,Voter,13,4,41.,1,false,true,false,true,32.,28.,14.,14.,12.7588601511
1.31293270528,Voter,13,4,46.,1,false,true,false,true,32.,28.,14.,14.,12.7588601516
1.31293270528,Voter,13,4,51.,1,false,true,false,true,32.,28.,14.,14.,12.7588601516
1.20006505312,Voter,13,5,1.,1,false,true,false,true,12.,12.,28.,26.,0.
1.20006505312,Voter,13,5,6.,1,false,true,false,true,48.,46.,36.,34.,11.7504103606
1.20006505312,Voter,13,5,11.,1,false,true,false,true,48.,46.,36.,34.,12.1658761861
1.20006505312,Voter,13,5,16.,1,false,true,false,true,48.,46.,36.,34.,12.1815256853
1.20006505312,Voter,13,5,21.,1,false,true,false,true,48.,46.,36.,34.,12.1821414942
1.20006505312,Voter,13,5,26.,1,false,true,false,true,48.,46.,36.,34.,12.1821665375
1.20006505312,Voter,13,5,31.,1,false,true,false,true,48.,46.,36.,34.,12.1821675836
1.20006505312,Voter,13,5,36.,1,false,true,false,true,48.,46.,36.,34.,12.1821676283
1.20006505312,Voter,13,5,41.,1,false,true,false,true,48.,46.,36.,34.,12.1821676303
1.20006505312,Voter,13,5,46.,1,false,true,false,true,48.,46.,36.,34.,12.1821676304
1.20006505312,Voter,13,5,51.,1,false,true,false,true,48.,46.,36.,34.,12.1821676304
1.34498528477,Sample,13,6,1.,1,false,true,false,true,44.,42.,90.,80.,0.
1.34498528477,Sample,13,6,6.,1,false,true,false,true,144.,114.,150.,116.,12.3065503201
1.34498528477,Sample,13,6,11.,1,false,true,false,true,154.,120.,160.,126.,12.8825695638
1.34498528477,Sample,13,6,16.,1,false,true,false,true,154.,120.,160.,126.,12.9109753518
1.34498528477,Sample,13,6,21.,1,false,true,false,true,154.,120.,160.,126.,12.9124294312
1.34498528477,Sample,13,6,26.,1,false,true,false,true,154.,120.,160.,126.,12.9125060133
1.34498528477,Sample,13,6,31.,1,false,true,false,true,154.,120.,160.,126.,12.9125101413
1.34498528477,Sample,13,6,36.,1,false,true,false,true,154.,120.,160.,126.,12.9125103682
1.34498528477,Sample,13,6,41.,1,false,true,false,true,154.,120.,160.,126.,12.9125103809
1.34498528477,Sample,13,6,46.,1,false,true,false,true,154.,120.,160.,126.,12.9125103816
1.34498528477,Sample,13,6,51.,1,false,true,false,true,154.,120.,160.,126.,12.9125103817
1.05076848207,Voter,13,7,1.,1,false,true,false,true,36.,34.,58.,52.,0.
1.05076848207,Voter,13,7,6.,1,false,true,false,true,88.,72.,34.,30.,11.0392486232
1.05076848207,Voter,13,7,11.,1,false,true,false,true,88.,72.,34.,30.,11.3141997614
1.05076848207,Voter,13,7,16.,1,false,true,false,true,88.,72.,34.,30.,11.3216090584
1.05076848207,Voter,13,7,21.,1,false,true,false,true,88.,72.,34.,30.,11.3218194233
1.05076848207,Voter,13,7,26.,1,false,true,false,true,88.,72.,34.,30.,11.3218256336
1.05076848207,Voter,13,7,31.,1,false,true,false,true,88.,72.,34.,30.,11.3218258229
1.05076848207,Voter,13,7,36.,1,false,true,false,true,88.,72.,34.,30.,11.3218258288
1.05076848207,Voter,13,7,41.,1,false,true,false,true,88.,72.,34.,30.,11.321825829
1.05076848207,Voter,13,7,46.,1,false,true,false,true,88.,72.,34.,30.,11.321825829
1.05076848207,Voter,13,7,51.,1,false,true,false,true,88.,72.,34.,30.,11.321825829
0.931629351562,Sample,13,3,1.,1,false,true,false,true,12.,12.,12.,10.,0.
0.931629351562,Sample,13,3,6.,1,false,true,false,true,22.,22.,10.,10.,10.3525680189
0.931629351562,Sample,13,3,11.,1,false,true,false,true,22.,22.,10.,10.,10.5362011681
0.931629351562,Sample,13,3,16.,1,false,true,false,true,22.,22.,10.,10.,10.5397847865
0.931629351562,Sample,13,3,21.,1,false,true,false,true,22.,22.,10.,10.,10.5398591254
0.931629351562,Sample,13,3,26.,1,false,true,false,true,22.,22.,10.,10.,10.5398607394
0.931629351562,Sample,13,3,31.,1,false,true,false,true,22.,22.,10.,10.,10.5398607757
0.931629351562,Sample,13,3,36.,1,false,true,false,true,22.,22.,10.,10.,10.5398607766
0.931629351562,Sample,13,3,41.,1,false,true,false,true,22.,22.,10.,10.,10.5398607766
0.931629351562,Sample,13,3,46.,1,false,true,false,true,22.,22.,10.,10.,10.5398607766
0.931629351562,Sample,13,3,51.,1,false,true,false,true,22.,22.,10.,10.,10.5398607766
1.15805334863,Sample,13,4,1.,1,false,true,false,true,14.,14.,50.,46.,0.
1.15805334863,Sample,13,4,6.,1,false,true,false,true,48.,44.,60.,48.,11.5655644192
1.15805334863,Sample,13,4,11.,1,false,true,false,true,52.,48.,60.,48.,11.9387442483
1.15805334863,Sample,13,4,16.,1,false,true,false,true,54.,50.,58.,46.,11.9516217494
1.15805334863,Sample,13,4,21.,1,false,true,false,true,54.,50.,58.,46.,11.9520869758
1.15805334863,Sample,13,4,26.,1,false,true,false,true,54.,50.,58.,46.,11.9521043724
1.15805334863,Sample,13,4,31.,1,false,true,false,true,54.,50.,58.,46.,11.9521050414
1.15805334863,Sample,13,4,36.,1,false,true,false,true,54.,50.,58.,46.,11.9521050678
1.15805334863,Sample,13,4,41.,1,false,true,false,true,54.,50.,58.,46.,11.9521050689
1.15805334863,Sample,13,4,46.,1,false,true,false,true,54.,50.,58.,46.,11.9521050689
1.15805334863,Sample,13,4,51.,1,false,true,false,true,54.,50.,58.,46.,11.9521050689
1.1316001762,Voter,13,7,1.,1,false,true,false,true,66.,64.,118.,110.,0.
1.1316001762,Voter,13,7,6.,1,false,true,false,true,182.,156.,158.,140.,11.443239934
1.1316001762,Voter,13,7,11.,1,false,true,false,true,180.,156.,156.,136.,11.7908663525
1.1316001762,Voter,13,7,16.,1,false,true,false,true,180.,156.,156.,136.,11.8021897011
1.1316001762,Voter,13,7,21.,1,false,true,false,true,180.,156.,156.,136.,11.8025764107
1.1316001762,Voter,13,7,26.,1,false,true,false,true,180.,156.,156.,136.,11.8025900945
1.1316001762,Voter,13,7,31.,1,false,true,false,true,180.,156.,156.,136.,11.802590593
1.1316001762,Voter,13,7,36.,1,false,true,false,true,180.,156.,156.,136.,11.8025906116
1.1316001762,Voter,13,7,41.,1,false,true,false,true,180.,156.,156.,136.,11.8025906123
1.1316001762,Voter,13,7,46.,1,false,true,false,true,180.,156.,156.,136.,11.8025906123
1.1316001762,Voter,13,7,51.,1,false,true,false,true,180.,156.,156.,136.,11.8025906123
1.10172686233,Voter,13,5,1.,1,false,true,false,true,4.,4.,16.,16.,0.
1.10172686233,Voter,13,5,6.,1,false,true,false,true,28.,26.,8.,8.,11.299361346
1.10172686233,Voter,13,5,11.,1,false,true,false,true,28.,26.,8.,8.,11.6191626073
1.10172686233,Voter,13,5,16.,1,false,true,false,true,28.,26.,8.,8.,11.6288983303
1.10172686233,Voter,13,5,21.,1,false,true,false,true,28.,26.,8.,8.,11.629209611
1.10172686233,Voter,13,5,26.,1,false,true,false,true,28.,26.,8.,8.,11.6292199359
1.10172686233,Voter,13,5,31.,1,false,true,false,true,28.,26.,8.,8.,11.6292202888
1.10172686233,Voter,13,5,36.,1,false,true,false,true,28.,26.,8.,8.,11.6292203012
1.10172686233,Voter,13,5,41.,1,false,true,false,true,28.,26.,8.,8.,11.6292203016
1.10172686233,Voter,13,5,46.,1,false,true,false,true,28.,26.,8.,8.,11.6292203016
1.10172686233,Voter,13,5,51.,1,false,true,false,true,28.,26.,8.,8.,11.6292203016
1.03072848932,Sample,13,5,1.,1,false,true,false,true,10.,10.,58.,46.,0.
1.03072848932,Sample,13,5,6.,1,false,true,false,true,68.,54.,36.,36.,10.9316692011
1.03072848932,Sample,13,5,11.,1,false,true,false,true,68.,54.,36.,36.,11.1899118236
1.03072848932,Sample,13,5,16.,1,false,true,false,true,68.,54.,36.,36.,11.1965287798
1.03072848932,Sample,13,5,21.,1,false,true,false,true,68.,54.,36.,36.,11.1967076529
1.03072848932,Sample,13,5,26.,1,false,true,false,true,68.,54.,36.,36.,11.1967126856
1.03072848932,Sample,13,5,31.,1,false,true,false,true,68.,54.,36.,36.,11.1967128319
1.03072848932,Sample,13,5,36.,1,false,true,false,true,68.,54.,36.,36.,11.1967128363
1.03072848932,Sample,13,5,41.,1,false,true,false,true,68.,54.,36.,36.,11.1967128364
1.03072848932,Sample,13,5,46.,1,false,true,false,true,68.,54.,36.,36.,11.1967128364
1.03072848932,Sample,13,5,51.,1,false,true,false,true,68.,54.,36.,36.,11.1967128364
0.867432432994,Sample,13,4,1.,1,false,true,false,true,12.,10.,22.,20.,0.
0.867432432994,Sample,13,4,6.,1,false,true,false,true,38.,30.,20.,18.,9.93220133617
0.867432432994,Sample,13,4,11.,1,false,true,false,true,38.,30.,20.,18.,10.0748218864
0.867432432994,Sample,13,4,16.,1,false,true,false,true,38.,30.,20.,18.,10.0771005347
0.867432432994,Sample,13,4,21.,1,false,true,false,true,38.,30.,20.,18.,10.0771394612
0.867432432994,Sample,13,4,26.,1,false,true,false,true,38.,30.,20.,18.,10.0771401602
0.867432432994,Sample,13,4,31.,1,false,true,false,true,38.,30.,20.,18.,10.0771401733
0.867432432994,Sample,13,4,36.,1,false,true,false,true,38.,30.,20.,18.,10.0771401735
0.867432432994,Sample,13,4,41.,1,false,true,false,true,38.,30.,20.,18.,10.0771401735
0.867432432994,Sample,13,4,46.,1,false,true,false,true,38.,30.,20.,18.,10.0771401735
0.867432432994,Sample,13,4,51.,1,false,true,false,true,38.,30.,20.,18.,10.0771401735
1.1980839407,Voter,13,7,1.,1,false,true,false,true,10.,10.,60.,56.,0.
1.1980839407,Voter,13,7,6.,1,false,true,false,true,72.,60.,34.,34.,11.7419466119
1.1980839407,Voter,13,7,11.,1,false,true,false,true,76.,62.,34.,34.,12.155372612
1.1980839407,Voter,13,7,16.,1,false,true,false,true,76.,62.,34.,34.,12.1708827004
1.1980839407,Voter,13,7,21.,1,false,true,false,true,76.,62.,34.,34.,12.1714906308
1.1980839407,Voter,13,7,26.,1,false,true,false,true,76.,62.,34.,34.,12.1715152585
1.1980839407,Voter,13,7,31.,1,false,true,false,true,76.,62.,34.,34.,12.1715162834
1.1980839407,Voter,13,7,36.,1,false,true,false,true,76.,62.,34.,34.,12.171516327
1.1980839407,Voter,13,7,41.,1,false,true,false,true,76.,62.,34.,34.,12.1715163289
1.1980839407,Voter,13,7,46.,1,false,true,false,true,76.,62.,34.,34.,12.171516329
1.1980839407,Voter,13,7,51.,1,false,true,false,true,76.,62.,34.,34.,12.171516329
1.27131615117,Voter,13,7,1.,1,false,true,false,true,54.,50.,92.,86.,0.
1.27131615117,Voter,13,7,6.,1,false,true,false,true,126.,104.,72.,66.,12.0389164457
1.27131615117,Voter,13,7,11.,1,false,true,false,true,130.,106.,72.,64.,12.5306181905
1.27131615117,Voter,13,7,16.,1,false,true,false,true,130.,106.,72.,64.,12.551887872
1.27131615117,Voter,13,7,21.,1,false,true,false,true,130.,106.,72.,64.,12.5528458519
1.27131615117,Voter,13,7,26.,1,false,true,false,true,130.,106.,72.,64.,12.5528903391
1.27131615117,Voter,13,7,31.,1,false,true,false,true,130.,106.,72.,64.,12.5528924572
1.27131615117,Voter,13,7,36.,1,false,true,false,true,130.,106.,72.,64.,12.5528925602
1.27131615117,Voter,13,7,41.,1,false,true,false,true,130.,106.,72.,64.,12.5528925653
1.27131615117,Voter,13,7,46.,1,false,true,false,true,130.,106.,72.,64.,12.5528925655
1.27131615117,Voter,13,7,51.,1,false,true,false,true,130.,106.,72.,64.,12.5528925656
0.956636476947,Voter,13,4,1.,1,false,true,false,true,16.,16.,18.,18.,0.
0.956636476947,Voter,13,4,6.,1,false,true,false,true,42.,40.,20.,20.,10.5063916488
0.956636476947,Voter,13,4,11.,1,false,true,false,true,42.,40.,20.,20.,10.7075724726
0.956636476947,Voter,13,4,16.,1,false,true,false,true,42.,40.,20.,20.,10.7117941599
0.956636476947,Voter,13,4,21.,1,false,true,false,true,42.,40.,20.,20.,10.7118881359
0.956636476947,Voter,13,4,26.,1,false,true,false,true,42.,40.,20.,20.,10.7118903219
0.956636476947,Voter,13,4,31.,1,false,true,false,true,42.,40.,20.,20.,10.7118903747
0.956636476947,Voter,13,4,36.,1,false,true,false,true,42.,40.,20.,20.,10.711890376
0.956636476947,Voter,13,4,41.,1,false,true,false,true,42.,40.,20.,20.,10.711890376
0.956636476947,Voter,13,4,46.,1,false,true,false,true,42.,40.,20.,20.,10.711890376
0.956636476947,Voter,13,4,51.,1,false,true,false,true,42.,40.,20.,20.,10.711890376
0.857067510225,Sample,13,3,1.,1,false,true,false,true,2.,2.,14.,14.,0.
0.857067510225,Sample,13,3,6.,1,false,true,false,true,14.,14.,2.,2.,9.86074178742
0.857067510225,Sample,13,3,11.,1,false,true,false,true,14.,14.,2.,2.,9.99728848055
0.857067510225,Sample,13,3,16.,1,false,true,false,true,14.,14.,2.,2.,9.99939652651
0.857067510225,Sample,13,3,21.,1,false,true,false,true,14.,14.,2.,2.,9.99943136038
0.857067510225,Sample,13,3,26.,1,false,true,false,true,14.,14.,2.,2.,9.99943196593
0.857067510225,Sample,13,3,31.,1,false,true,false,true,14.,14.,2.,2.,9.9994319769
0.857067510225,Sample,13,3,36.,1,false,true,false,true,14.,14.,2.,2.,9.99943197711
0.857067510225,Sample,13,3,41.,1,false,true,false,true,14.,14.,2.,2.,9.99943197711
0.857067510225,Sample,13,3,46.,1,false,true,false,true,14.,14.,2.,2.,9.99943197711
0.857067510225,Sample,13,3,51.,1,false,true,false,true,14.,14.,2.,2.,9.99943197711
1.07578257432,Voter,13,7,1.,1,false,true,false,true,36.,36.,72.,64.,0.
1.07578257432,Voter,13,7,6.,1,false,true,false,true,158.,126.,130.,110.,11.1692976856
1.07578257432,Voter,13,7,11.,1,false,true,false,true,160.,128.,132.,112.,11.4658457672
1.07578257432,Voter,13,7,16.,1,false,true,false,true,160.,128.,132.,112.,11.4743392337
1.07578257432,Voter,13,7,21.,1,false,true,false,true,160.,128.,132.,112.,11.4745951251
1.07578257432,Voter,13,7,26.,1,false,true,false,true,160.,128.,132.,112.,11.4746031321
1.07578257432,Voter,13,7,31.,1,false,true,false,true,160.,128.,132.,112.,11.4746033905
1.07578257432,Voter,13,7,36.,1,false,true,false,true,160.,128.,132.,112.,11.4746033991
1.07578257432,Voter,13,7,41.,1,false,true,false,true,160.,128.,132.,112.,11.4746033994
1.07578257432,Voter,13,7,46.,1,false,true,false,true,160.,128.,132.,112.,11.4746033994
1.07578257432,Voter,13,7,51.,1,false,true,false,true,160.,128.,132.,112.,11.4746033994
0.974623836133,Sample,13,5,1.,1,false,true,false,true,34.,32.,70.,64.,0.
0.974623836133,Sample,13,5,6.,1,false,true,false,true,74.,70.,62.,56.,10.6137493181
0.974623836133,Sample,13,5,11.,1,false,true,false,true,74.,70.,62.,56.,10.8280908563
0.974623836133,Sample,13,5,16.,1,false,true,false,true,74.,70.,62.,56.,10.8328218186
0.974623836133,Sample,13,5,21.,1,false,true,false,true,74.,70.,62.,56.,10.8329324331
0.974623836133,Sample,13,5,26.,1,false,true,false,true,74.,70.,62.,56.,10.832935133
0.974623836133,Sample,13,5,31.,1,false,true,false,true,74.,70.,62.,56.,10.8329352012
0.974623836133,Sample,13,5,36.,1,false,true,false,true,74.,70.,62.,56.,10.832935203
0.974623836133,Sample,13,5,41.,1,false,true,false,true,74.,70.,62.,56.,10.832935203
0.974623836133,Sample,13,5,46.,1,false,true,false,true,74.,70.,62.,56.,10.832935203
0.974623836133,Sample,13,5,51.,1,false,true,false,true,74.,70.,62.,56.,10.832935203
1.36713891466,Sample,13,5,1.,1,false,true,false,true,32.,30.,72.,60.,0.
1.36713891466,Sample,13,5,6.,1,false,true,false,true,108.,92.,80.,74.,12.3813333567
1.36713891466,Sample,13,5,11.,1,false,true,false,true,118.,98.,82.,76.,12.9837117101
1.36713891466,Sample,13,5,16.,1,false,true,false,true,118.,98.,82.,76.,13.0145447366
1.36713891466,Sample,13,5,21.,1,false,true,false,true,118.,98.,82.,76.,13.0161815737
1.36713891466,Sample,13,5,26.,1,false,true,false,true,118.,98.,82.,76.,13.0162709238
1.36713891466,Sample,13,5,31.,1,false,true,false,true,118.,98.,82.,76.,13.0162759132
1.36713891466,Sample,13,5,36.,1,false,true,false,true,118.,98.,82.,76.,13.0162761973
1.36713891466,Sample,13,5,41.,1,false,true,false,true,118.,98.,82.,76.,13.0162762137
1.36713891466,Sample,13,5,46.,1,false,true,false,true,118.,98.,82.,76.,13.0162762147
1.36713891466,Sample,13,5,51.,1,false,true,false,true,118.,98.,82.,76.,13.0162762147
0.847813298182,Sample,13,7,1.,1,false,true,false,true,70.,68.,144.,120.,0.
0.847813298182,Sample,13,7,6.,1,false,true,false,true,188.,164.,210.,174.,9.79606551154
0.847813298182,Sample,13,7,11.,1,false,true,false,true,196.,166.,210.,172.,9.92731813972
0.847813298182,Sample,13,7,16.,1,false,true,false,true,196.,166.,210.,172.,9.92928234846
0.847813298182,Sample,13,7,21.,1,false,true,false,true,196.,166.,210.,172.,9.92931384063
0.847813298182,Sample,13,7,26.,1,false,true,false,true,196.,166.,210.,172.,9.92931437219
0.847813298182,Sample,13,7,31.,1,false,true,false,true,196.,166.,210.,172.,9.92931438155
0.847813298182,Sample,13,7,36.,1,false,true,false,true,196.,166.,210.,172.,9.92931438172
0.847813298182,Sample,13,7,41.,1,false,true,false,true,196.,166.,210.,172.,9.92931438172
0.847813298182,Sample,13,7,46.,1,false,true,false,true,196.,166.,210.,172.,9.92931438172
0.847813298182,Sample,13,7,51.,1,false,true,false,true,196.,166.,210.,172.,9.92931438172
1.18163287256,Sample,13,4,1.,1,false,true,false,true,18.,18.,40.,38.,0.
1.18163287256,Sample,13,4,6.,1,false,true,false,true,44.,36.,42.,36.,11.6707063778
1.18163287256,Sample,13,4,11.,1,false,true,false,true,44.,36.,42.,36.,12.0673671628
1.18163287256,Sample,13,4,16.,1,false,true,false,true,44.,36.,42.,36.,12.0817532583
1.18163287256,Sample,13,4,21.,1,false,true,false,true,44.,36.,42.,36.,12.0822988281
1.18163287256,Sample,13,4,26.,1,false,true,false,true,44.,36.,42.,36.,12.0823202247
1.18163287256,Sample,13,4,31.,1,false,true,false,true,44.,36.,42.,36.,12.0823210871
1.18163287256,Sample,13,4,36.,1,false,true,false,true,44.,36.,42.,36.,12.0823211227
1.18163287256,Sample,13,4,41.,1,false,true,false,true,44.,36.,42.,36.,12.0823211242
1.18163287256,Sample,13,4,46.,1,false,true,false,true,44.,36.,42.,36.,12.0823211242
1.18163287256,Sample,13,4,51.,1,false,true,false,true,44.,36.,42.,36.,12.0823211242
0.977973729787,Voter,13,7,1.,1,false,true,false,true,80.,70.,162.,134.,0.
0.977973729787,Voter,13,7,6.,1,false,true,false,true,232.,182.,238.,188.,10.6334453897
0.977973729787,Voter,13,7,11.,1,false,true,false,true,236.,184.,242.,190.,10.8502874042
0.977973729787,Voter,13,7,16.,1,false,true,false,true,236.,184.,242.,190.,10.8551180792
0.977973729787,Voter,13,7,21.,1,false,true,false,true,236.,184.,242.,190.,10.8552320465
0.977973729787,Voter,13,7,26.,1,false,true,false,true,236.,184.,242.,190.,10.8552348528
0.977973729787,Voter,13,7,31.,1,false,true,false,true,236.,184.,242.,190.,10.8552349244
0.977973729787,Voter,13,7,36.,1,false,true,false,true,236.,184.,242.,190.,10.8552349262
0.977973729787,Voter,13,7,41.,1,false,true,false,true,236.,184.,242.,190.,10.8552349263
0.977973729787,Voter,13,7,46.,1,false,true,false,true,236.,184.,242.,190.,10.8552349263
0.977973729787,Voter,13,7,51.,1,false,true,false,true,236.,184.,242.,190.,10.8552349263
0.804599036147,Sample,13,4,1.,1,false,true,false,true,14.,14.,26.,24.,0.
0.804599036147,Sample,13,4,6.,1,false,true,false,true,54.,50.,38.,38.,9.48282011567
0.804599036147,Sample,13,4,11.,1,false,true,false,true,54.,50.,38.,38.,9.59095777143
0.804599036147,Sample,13,4,16.,1,false,true,false,true,54.,50.,38.,38.,9.59234782587
0.804599036147,Sample,13,4,21.,1,false,true,false,true,54.,50.,38.,38.,9.59236706073
0.804599036147,Sample,13,4,26.,1,false,true,false,true,54.,50.,38.,38.,9.59236734195
0.804599036147,Sample,13,4,31.,1,false,true,false,true,54.,50.,38.,38.,9.59236734625
0.804599036147,Sample,13,4,36.,1,false,true,false,true,54.,50.,38.,38.,9.59236734632
0.804599036147,Sample,13,4,41.,1,false,true,false,true,54.,50.,38.,38.,9.59236734632
0.804599036147,Sample,13,4,46.,1,false,true,false,true,54.,50.,38.,38.,9.59236734632
0.804599036147,Sample,13,4,51.,1,false,true,false,true,54.,50.,38.,38.,9.59236734632
1.23686734015,Voter,13,6,1.,1,false,true,false,true,22.,22.,62.,54.,0.
1.23686734015,Voter,13,6,6.,1,false,true,false,true,80.,70.,44.,44.,11.9032297405
1.23686734015,Voter,13,6,11.,1,false,true,false,true,80.,70.,44.,44.,12.3573862815
1.23686734015,Voter,13,6,16.,1,false,true,false,true,80.,70.,44.,44.,12.3757886175
1.23686734015,Voter,13,6,21.,1,false,true,false,true,80.,70.,44.,44.,12.3765662116
1.23686734015,Voter,13,6,26.,1,false,true,false,true,80.,70.,44.,44.,12.3766001266
1.23686734015,Voter,13,6,31.,1,false,true,false,true,80.,70.,44.,44.,12.3766016445
1.23686734015,Voter,13,6,36.,1,false,true,false,true,80.,70.,44.,44.,12.3766017139
1.23686734015,Voter,13,6,41.,1,false,true,false,true,80.,70.,44.,44.,12.3766017172
1.23686734015,Voter,13,6,46.,1,false,true,false,true,80.,70.,44.,44.,12.3766017173
1.23686734015,Voter,13,6,51.,1,false,true,false,true,80.,70.,44.,44.,12.3766017173
1.04773810597,Voter,13,7,1.,1,false,true,false,true,56.,50.,76.,66.,0.
1.04773810597,Voter,13,7,6.,1,false,true,false,true,140.,108.,100.,84.,11.0231766869
1.04773810597,Voter,13,7,11.,1,false,true,false,true,140.,108.,100.,84.,11.2955670798
1.04773810597,Voter,13,7,16.,1,false,true,false,true,140.,108.,100.,84.,11.3028523042
1.04773810597,Voter,13,7,21.,1,false,true,false,true,140.,108.,100.,84.,11.3030576356
1.04773810597,Voter,13,7,26.,1,false,true,false,true,140.,108.,100.,84.,11.3030636539
1.04773810597,Voter,13,7,31.,1,false,true,false,true,140.,108.,100.,84.,11.3030638361
1.04773810597,Voter,13,7,36.,1,false,true,false,true,140.,108.,100.,84.,11.3030638417
1.04773810597,Voter,13,7,41.,1,false,true,false,true,140.,108.,100.,84.,11.3030638419
1.04773810597,Voter,13,7,46.,1,false,true,false,true,140.,108.,100.,84.,11.3030638419
1.04773810597,Voter,13,7,51.,1,false,true,false,true,140.,108.,100.,84.,11.3030638419
1.11704293466,Voter,13,7,1.,1,false,true,false,true,48.,44.,78.,70.,0.
1.11704293466,Voter,13,7,6.,1,false,true,false,true,144.,114.,122.,102.,11.3739012428
1.11704293466,Voter,13,7,11.,1,false,true,false,true,150.,120.,128.,106.,11.7078298382
1.11704293466,Voter,13,7,16.,1,false,true,false,true,150.,120.,128.,106.,11.7183579246
1.11704293466,Voter,13,7,21.,1,false,true,false,true,150.,120.,128.,106.,11.7187062238
1.11704293466,Voter,13,7,26.,1,false,true,false,true,150.,120.,128.,106.,11.7187181699
1.11704293466,Voter,13,7,31.,1,false,true,false,true,150.,120.,128.,106.,11.7187185919
1.11704293466,Voter,13,7,36.,1,false,true,false,true,150.,120.,128.,106.,11.7187186072
1.11704293466,Voter,13,7,41.,1,false,true,false,true,150.,120.,128.,106.,11.7187186077
1.11704293466,Voter,13,7,46.,1,false,true,false,true,150.,120.,128.,106.,11.7187186078
1.11704293466,Voter,13,7,51.,1,false,true,false,true,150.,120.,128.,106.,11.7187186078
1.34239819343,Sample,13,4,1.,1,false,true,false,true,20.,18.,44.,40.,0.
1.34239819343,Sample,13,4,6.,1,false,true,false,true,66.,58.,74.,66.,12.2976502186
1.34239819343,Sample,13,4,11.,1,false,true,false,true,72.,60.,68.,62.,12.8706203479
1.34239819343,Sample,13,4,16.,1,false,true,false,true,74.,62.,70.,62.,12.8987513775
1.34239819343,Sample,13,4,21.,1,false,true,false,true,74.,62.,70.,62.,12.9001851975
1.34239819343,Sample,13,4,26.,1,false,true,false,true,74.,62.,70.,62.,12.900260393
1.34239819343,Sample,13,4,31.,1,false,true,false,true,74.,62.,70.,62.,12.9002644293
1.34239819343,Sample,13,4,36.,1,false,true,false,true,74.,62.,70.,62.,12.9002646503
1.34239819343,Sample,13,4,41.,1,false,true,false,true,74.,62.,70.,62.,12.9002646627
1.34239819343,Sample,13,4,46.,1,false,true,false,true,74.,62.,70.,62.,12.9002646634
1.34239819343,Sample,13,4,51.,1,false,true,false,true,74.,62.,70.,62.,12.9002646634
1.35806890051,Voter,13,5,1.,1,false,true,false,true,10.,10.,24.,22.,0.
1.35806890051,Voter,13,5,6.,1,false,true,false,true,40.,34.,26.,26.,12.3510237365
1.35806890051,Voter,13,5,11.,1,false,true,false,true,42.,36.,24.,24.,12.9425568337
1.35806890051,Voter,13,5,16.,1,false,true,false,true,42.,36.,24.,24.,12.9723799136
1.35806890051,Voter,13,5,21.,1,false,true,false,true,42.,36.,24.,24.,12.9739398897
1.35806890051,Voter,13,5,26.,1,false,true,false,true,42.,36.,24.,24.,12.9740238141
1.35806890051,Voter,13,5,31.,1,false,true,false,true,42.,36.,24.,24.,12.9740284337
1.35806890051,Voter,13,5,36.,1,false,true,false,true,42.,36.,24.,24.,12.974028693
1.35806890051,Voter,13,5,41.,1,false,true,false,true,42.,36.,24.,24.,12.9740287078
1.35806890051,Voter,13,5,46.,1,false,true,false,true,42.,36.,24.,24.,12.9740287086
1.35806890051,Voter,13,5,51.,1,false,true,false,true,42.,36.,24.,24.,12.9740287087
0.828364366615,Voter,13,7,1.,1,false,true,false,true,36.,30.,66.,62.,0.
0.828364366615,Voter,13,7,6.,1,false,true,false,true,114.,96.,60.,52.,9.65740478656
0.828364366615,Voter,13,7,11.,1,false,true,false,true,118.,100.,64.,54.,9.77792727892
0.828364366615,Voter,13,7,16.,1,false,true,false,true,118.,100.,64.,54.,9.77961397859
0.828364366615,Voter,13,7,21.,1,false,true,false,true,118.,100.,64.,54.,9.77963932072
0.828364366615,Voter,13,7,26.,1,false,true,false,true,118.,100.,64.,54.,9.77963972221
0.828364366615,Voter,13,7,31.,1,false,true,false,true,118.,100.,64.,54.,9.77963972885
0.828364366615,Voter,13,7,36.,1,false,true,false,true,118.,100.,64.,54.,9.77963972896
0.828364366615,Voter,13,7,41.,1,false,true,false,true,118.,100.,64.,54.,9.77963972896
0.828364366615,Voter,13,7,46.,1,false,true,false,true,118.,100.,64.,54.,9.77963972896
0.828364366615,Voter,13,7,51.,1,false,true,false,true,118.,100.,64.,54.,9.77963972896
0.840134505068,Sample,13,5,1.,1,false,true,false,true,28.,28.,58.,46.,0.
0.840134505068,Sample,13,5,6.,1,false,true,false,true,82.,68.,32.,32.,9.74176585691
0.840134505068,Sample,13,5,11.,1,false,true,false,true,82.,68.,32.,32.,9.8687179506
0.840134505068,Sample,13,5,16.,1,false,true,false,true,82.,68.,32.,32.,9.8705686716
0.840134505068,Sample,13,5,21.,1,false,true,false,true,82.,68.,32.,32.,9.8705976002
0.840134505068,Sample,13,5,26.,1,false,true,false,true,82.,68.,32.,32.,9.87059807654
0.840134505068,Sample,13,5,31.,1,false,true,false,true,82.,68.,32.,32.,9.87059808472
0.840134505068,Sample,13,5,36.,1,false,true,false,true,82.,68.,32.,32.,9.87059808487
0.840134505068,Sample,13,5,41.,1,false,true,false,true,82.,68.,32.,32.,9.87059808487
0.840134505068,Sample,13,5,46.,1,false,true,false,true,82.,68.,32.,32.,9.87059808487
0.840134505068,Sample,13,5,51.,1,false,true,false,true,82.,68.,32.,32.,9.87059808487
1.34421954323,Sample,13,7,1.,1,false,true,false,true,34.,32.,106.,86.,0.
1.34421954323,Sample,13,7,6.,1,false,true,false,true,118.,102.,122.,106.,12.3039196907
1.34421954323,Sample,13,7,11.,1,false,true,false,true,122.,108.,122.,108.,12.8790357987
1.34421954323,Sample,13,7,16.,1,false,true,false,true,122.,108.,122.,108.,12.9073600742
1.34421954323,Sample,13,7,21.,1,false,true,false,true,122.,108.,122.,108.,12.908808134
1.34421954323,Sample,13,7,26.,1,false,true,false,true,122.,108.,122.,108.,12.9088843035
1.34421954323,Sample,13,7,31.,1,false,true,false,true,122.,108.,122.,108.,12.9088884041
1.34421954323,Sample,13,7,36.,1,false,true,false,true,122.,108.,122.,108.,12.9088886293
1.34421954323,Sample,13,7,41.,1,false,true,false,true,122.,108.,122.,108.,12.9088886419
1.34421954323,Sample,13,7,46.,1,false,true,false,true,122.,108.,122.,108.,12.9088886426
1.34421954323,Sample,13,7,51.,1,false,true,false,true,122.,108.,122.,108.,12.9088886427
0.81022651694,Voter,13,7,1.,1,false,true,false,true,68.,62.,92.,78.,0.
0.81022651694,Voter,13,7,6.,1,false,true,false,true,140.,114.,96.,84.,9.52468115172
0.81022651694,Voter,13,7,11.,1,false,true,false,true,142.,116.,98.,86.,9.63567942555
0.81022651694,Voter,13,7,16.,1,false,true,false,true,142.,116.,98.,86.,9.63713572412
0.81022651694,Voter,13,7,21.,1,false,true,false,true,142.,116.,98.,86.,9.63715627847
0.81022651694,Voter,13,7,26.,1,false,true,false,true,142.,116.,98.,86.,9.63715658484
0.81022651694,Voter,13,7,31.,1,false,true,false,true,142.,116.,98.,86.,9.63715658961
0.81022651694,Voter,13,7,36.,1,false,true,false,true,142.,116.,98.,86.,9.63715658969
0.81022651694,Voter,13,7,41.,1,false,true,false,true,142.,116.,98.,86.,9.63715658969
0.81022651694,Voter,13,7,46.,1,false,true,false,true,142.,116.,98.,86.,9.63715658969
0.81022651694,Voter,13,7,51.,1,false,true,false,true,142.,116.,98.,86.,9.63715658969
1.3450917609,Sample,13,7,1.,1,false,true,false,true,42.,40.,130.,108.,0.
1.3450917609,Sample,13,7,6.,1,false,true,false,true,148.,130.,156.,134.,12.306915864
1.3450917609,Sample,13,7,11.,1,false,true,false,true,160.,140.,160.,136.,12.8830607312
1.3450917609,Sample,13,7,16.,1,false,true,false,true,162.,142.,162.,138.,12.9114778661
1.3450917609,Sample,13,7,21.,1,false,true,false,true,162.,142.,162.,138.,12.912932784
1.3450917609,Sample,13,7,26.,1,false,true,false,true,162.,142.,162.,138.,12.9130094236
1.3450917609,Sample,13,7,31.,1,false,true,false,true,162.,142.,162.,138.,12.9130135554
1.3450917609,Sample,13,7,36.,1,false,true,false,true,162.,142.,162.,138.,12.9130137826
1.3450917609,Sample,13,7,41.,1,false,true,false,true,162.,142.,162.,138.,12.9130137953
1.3450917609,Sample,13,7,46.,1,false,true,false,true,162.,142.,162.,138.,12.913013796
1.3450917609,Sample,13,7,51.,1,false,true,false,true,162.,142.,162.,138.,12.9130137961
1.28683944915,Voter,13,4,1.,1,false,true,false,true,2.,2.,16.,16.,0.
1.28683944915,Voter,13,4,6.,1,false,true,false,true,16.,16.,6.,6.,12.0978136104
1.28683944915,Voter,13,4,11.,1,false,true,false,true,18.,18.,8.,8.,12.6068374171
1.28683944915,Voter,13,4,16.,1,false,true,false,true,18.,18.,8.,8.,12.6294946767
1.28683944915,Voter,13,4,21.,1,false,true,false,true,18.,18.,8.,8.,12.6305440267
1.28683944915,Voter,13,4,26.,1,false,true,false,true,18.,18.,8.,8.,12.6305941122
1.28683944915,Voter,13,4,31.,1,false,true,false,true,18.,18.,8.,8.,12.6305965622
1.28683944915,Voter,13,4,36.,1,false,true,false,true,18.,18.,8.,8.,12.6305966846
1.28683944915,Voter,13,4,41.,1,false,true,false,true,18.,18.,8.,8.,12.6305966908
1.28683944915,Voter,13,4,46.,1,false,true,false,true,18.,18.,8.,8.,12.6305966911
1.28683944915,Voter,13,4,51.,1,false,true,false,true,18.,18.,8.,8.,12.6305966912
0.898547990957,Voter,13,7,1.,1,false,true,false,true,40.,34.,66.,62.,0.
0.898547990957,Voter,13,7,6.,1,false,true,false,true,118.,102.,68.,68.,10.1406434618
0.898547990957,Voter,13,7,11.,1,false,true,false,true,118.,102.,68.,68.,10.3024138968
0.898547990957,Voter,13,7,16.,1,false,true,false,true,118.,102.,68.,68.,10.3052689912
0.898547990957,Voter,13,7,21.,1,false,true,false,true,118.,102.,68.,68.,10.3053227104
0.898547990957,Voter,13,7,26.,1,false,true,false,true,118.,102.,68.,68.,10.3053237706
0.898547990957,Voter,13,7,31.,1,false,true,false,true,118.,102.,68.,68.,10.3053237923
0.898547990957,Voter,13,7,36.,1,false,true,false,true,118.,102.,68.,68.,10.3053237928
0.898547990957,Voter,13,7,41.,1,false,true,false,true,118.,102.,68.,68.,10.3053237928
0.898547990957,Voter,13,7,46.,1,false,true,false,true,118.,102.,68.,68.,10.3053237928
0.898547990957,Voter,13,7,51.,1,false,true,false,true,118.,102.,68.,68.,10.3053237928
1.08224466657,Voter,13,7,1.,1,false,true,false,true,40.,38.,100.,76.,0.
1.08224466657,Voter,13,7,6.,1,false,true,false,true,110.,94.,70.,58.,11.2021465633
1.08224466657,Voter,13,7,11.,1,false,true,false,true,114.,98.,70.,58.,11.5044059325
1.08224466657,Voter,13,7,16.,1,false,true,false,true,114.,98.,70.,58.,11.5131973426
1.08224466657,Voter,13,7,21.,1,false,true,false,true,114.,98.,70.,58.,11.5134662138
1.08224466657,Voter,13,7,26.,1,false,true,false,true,114.,98.,70.,58.,11.5134747517
1.08224466657,Voter,13,7,31.,1,false,true,false,true,114.,98.,70.,58.,11.5134750312
1.08224466657,Voter,13,7,36.,1,false,true,false,true,114.,98.,70.,58.,11.5134750406
1.08224466657,Voter,13,7,41.,1,false,true,false,true,114.,98.,70.,58.,11.5134750409
1.08224466657,Voter,13,7,46.,1,false,true,false,true,114.,98.,70.,58.,11.5134750409
1.08224466657,Voter,13,7,51.,1,false,true,false,true,114.,98.,70.,58.,11.5134750409
1.14518203005,Voter,13,5,1.,1,false,true,false,true,8.,8.,24.,24.,0.
1.14518203005,Voter,13,5,6.,1,false,true,false,true,34.,34.,10.,10.,11.5066306642
1.14518203005,Voter,13,5,11.,1,false,true,false,true,36.,34.,12.,12.,11.8672713437
1.14518203005,Voter,13,5,16.,1,false,true,false,true,36.,34.,12.,12.,11.8793747665
1.14518203005,Voter,13,5,21.,1,false,true,false,true,36.,34.,12.,12.,11.8798003288
1.14518203005,Voter,13,5,26.,1,false,true,false,true,36.,34.,12.,12.,11.8798158241
1.14518203005,Voter,13,5,31.,1,false,true,false,true,36.,34.,12.,12.,11.8798164046
1.14518203005,Voter,13,5,36.,1,false,true,false,true,36.,34.,12.,12.,11.8798164269
1.14518203005,Voter,13,5,41.,1,false,true,false,true,36.,34.,12.,12.,11.8798164277
1.14518203005,Voter,13,5,46.,1,false,true,false,true,36.,34.,12.,12.,11.8798164278
1.14518203005,Voter,13,5,51.,1,false,true,false,true,36.,34.,12.,12.,11.8798164278
1.3380272464,Voter,13,3,1.,1,false,true,false,true,0.,0.,8.,8.,0.
1.3380272464,Voter,13,3,6.,1,false,true,false,true,6.,6.,2.,2.,12.2825330383
1.3380272464,Voter,13,3,11.,1,false,true,false,true,8.,8.,0.,0.,12.8503656724
1.3380272464,Voter,13,3,16.,1,false,true,false,true,8.,8.,0.,0.,12.8780365827
1.3380272464,Voter,13,3,21.,1,false,true,false,true,8.,8.,0.,0.,12.8794366745
1.3380272464,Voter,13,3,26.,1,false,true,false,true,8.,8.,0.,0.,12.8795095749
1.3380272464,Voter,13,3,31.,1,false,true,false,true,8.,8.,0.,0.,12.8795134603
1.3380272464,Voter,13,3,36.,1,false,true,false,true,8.,8.,0.,0.,12.8795136716
1.3380272464,Voter,13,3,41.,1,false,true,false,true,8.,8.,0.,0.,12.8795136833
1.3380272464,Voter,13,3,46.,1,false,true,false,true,8.,8.,0.,0.,12.8795136839
1.3380272464,Voter,13,3,51.,1,false,true,false,true,8.,8.,0.,0.,12.879513684
1.1638563006,Sample,13,6,1.,1,false,true,false,true,34.,32.,126.,102.,0.
1.1638563006,Sample,13,6,6.,1,false,true,false,true,138.,108.,126.,98.,11.591776036
1.1638563006,Sample,13,6,11.,1,false,true,false,true,144.,112.,128.,100.,11.9706737814
1.1638563006,Sample,13,6,16.,1,false,true,false,true,144.,112.,128.,100.,11.9839115669
1.1638563006,Sample,13,6,21.,1,false,true,false,true,144.,112.,128.,100.,11.9843956212
1.1638563006,Sample,13,6,26.,1,false,true,false,true,144.,112.,128.,100.,11.9844139377
1.1638563006,Sample,13,6,31.,1,false,true,false,true,144.,112.,128.,100.,11.9844146504
1.1638563006,Sample,13,6,36.,1,false,true,false,true,144.,112.,128.,100.,11.9844146788
1.1638563006,Sample,13,6,41.,1,false,true,false,true,144.,112.,128.,100.,11.98441468
1.1638563006,Sample,13,6,46.,1,false,true,false,true,144.,112.,128.,100.,11.98441468
1.1638563006,Sample,13,6,51.,1,false,true,false,true,144.,112.,128.,100.,11.98441468
1.33642087406,Voter,13,4,1.,1,false,true,false,true,6.,6.,10.,10.,0.
1.33642087406,Voter,13,4,6.,1,false,true,false,true,32.,28.,24.,22.,12.2769518764
1.33642087406,Voter,13,4,11.,1,false,true,false,true,34.,28.,26.,24.,12.8429008797
1.33642087406,Voter,13,4,16.,1,false,true,false,true,34.,28.,26.,24.,12.8704039787
1.33642087406,Voter,13,4,21.,1,false,true,false,true,34.,28.,26.,24.,12.8717918318
1.33642087406,Voter,13,4,26.,1,false,true,false,true,34.,28.,26.,24.,12.8718639035
1.33642087406,Voter,13,4,31.,1,false,true,false,true,34.,28.,26.,24.,12.8718677347
1.33642087406,Voter,13,4,36.,1,false,true,false,true,34.,28.,26.,24.,12.8718679425
1.33642087406,Voter,13,4,41.,1,false,true,false,true,34.,28.,26.,24.,12.871867954
1.33642087406,Voter,13,4,46.,1,false,true,false,true,34.,28.,26.,24.,12.8718679546
1.33642087406,Voter,13,4,51.,1,false,true,false,true,34.,28.,26.,24.,12.8718679547
1.356059284,Voter,13,3,1.,1,false,true,false,true,2.,2.,14.,14.,0.
1.356059284,Voter,13,3,6.,1,false,true,false,true,24.,24.,20.,20.,12.3442506578
1.356059284,Voter,13,3,11.,1,false,true,false,true,24.,24.,20.,20.,12.9333907704
1.356059284,Voter,13,3,16.,1,false,true,false,true,24.,24.,20.,20.,12.9629931299
1.356059284,Voter,13,3,21.,1,false,true,false,true,24.,24.,20.,20.,12.9645364624
1.356059284,Voter,13,3,26.,1,false,true,false,true,24.,24.,20.,20.,12.9646192224
1.356059284,Voter,13,3,31.,1,false,true,false,true,24.,24.,20.,20.,12.9646237633
1.356059284,Voter,13,3,36.,1,false,true,false,true,24.,24.,20.,20.,12.9646240174
1.356059284,Voter,13,3,41.,1,false,true,false,true,24.,24.,20.,20.,12.9646240319
1.356059284,Voter,13,3,46.,1,false,true,false,true,24.,24.,20.,20.,12.9646240327
1.356059284,Voter,13,3,51.,1,false,true,false,true,24.,24.,20.,20.,12.9646240328
1.03480765298,Voter,13,4,1.,1,false,true,false,true,10.,10.,34.,28.,0.
1.03480765298,Voter,13,4,6.,1,false,true,false,true,42.,36.,22.,20.,10.9538158134
1.03480765298,Voter,13,4,11.,1,false,true,false,true,42.,36.,22.,20.,11.2154162124
1.03480765298,Voter,13,4,16.,1,false,true,false,true,42.,36.,22.,20.,11.2221891281
1.03480765298,Voter,13,4,21.,1,false,true,false,true,42.,36.,22.,20.,11.2223740759
1.03480765298,Voter,13,4,26.,1,false,true,false,true,42.,36.,22.,20.,11.2223793313
1.03480765298,Voter,13,4,31.,1,false,true,false,true,42.,36.,22.,20.,11.2223794855
1.03480765298,Voter,13,4,36.,1,false,true,false,true,42.,36.,22.,20.,11.2223794902
1.03480765298,Voter,13,4,41.,1,false,true,false,true,42.,36.,22.,20.,11.2223794903
1.03480765298,Voter,13,4,46.,1,false,true,false,true,42.,36.,22.,20.,11.2223794903
1.03480765298,Voter,13,4,51.,1,false,true,false,true,42.,36.,22.,20.,11.2223794903
0.984627459279,Sample,13,6,1.,1,false,true,false,true,66.,58.,112.,88.,0.
0.984627459279,Sample,13,6,6.,1,false,true,false,true,176.,138.,170.,136.,10.6722926848
0.984627459279,Sample,13,6,11.,1,false,true,false,true,180.,140.,174.,138.,10.8941471426
0.984627459279,Sample,13,6,16.,1,false,true,false,true,180.,140.,174.,138.,10.8991805269
0.984627459279,Sample,13,6,21.,1,false,true,false,true,180.,140.,174.,138.,10.8993014033
0.984627459279,Sample,13,6,26.,1,false,true,false,true,180.,140.,174.,138.,10.8993044319
0.984627459279,Sample,13,6,31.,1,false,true,false,true,180.,140.,174.,138.,10.8993045104
0.984627459279,Sample,13,6,36.,1,false,true,false,true,180.,140.,174.,138.,10.8993045125
0.984627459279,Sample,13,6,41.,1,false,true,false,true,180.,140.,174.,138.,10.8993045126
0.984627459279,Sample,13,6,46.,1,false,true,false,true,180.,140.,174.,138.,10.8993045126
0.984627459279,Sample,13,6,51.,1,false,true,false,true,180.,140.,174.,138.,10.8993045126
0.990672180191,Voter,13,7,1.,1,false,true,false,true,32.,30.,58.,50.,0.
0.990672180191,Voter,13,7,6.,1,false,true,false,true,86.,74.,44.,42.,10.7072704292
0.990672180191,Voter,13,7,11.,1,false,true,false,true,86.,74.,44.,42.,10.9337312994
0.990672180191,Voter,13,7,16.,1,false,true,false,true,86.,74.,44.,42.,10.9389542884
0.990672180191,Voter,13,7,21.,1,false,true,false,true,86.,74.,44.,42.,10.939081738
0.990672180191,Voter,13,7,26.,1,false,true,false,true,86.,74.,44.,42.,10.9390849817
0.990672180191,Voter,13,7,31.,1,false,true,false,true,86.,74.,44.,42.,10.9390850671
0.990672180191,Voter,13,7,36.,1,false,true,false,true,86.,74.,44.,42.,10.9390850694
0.990672180191,Voter,13,7,41.,1,false,true,false,true,86.,74.,44.,42.,10.9390850695
0.990672180191,Voter,13,7,46.,1,false,true,false,true,86.,74.,44.,42.,10.9390850695
0.990672180191,Voter,13,7,51.,1,false,true,false,true,86.,74.,44.,42.,10.9390850695
0.955858114809,Sample,13,5,1.,1,false,true,false,true,10.,10.,42.,36.,0.
0.955858114809,Sample,13,5,6.,1,false,true,false,true,46.,42.,26.,26.,10.5016845635
0.955858114809,Sample,13,5,11.,1,false,true,false,true,46.,42.,26.,26.,10.7023060317
0.955858114809,Sample,13,5,16.,1,false,true,false,true,46.,42.,26.,26.,10.7065066547
0.955858114809,Sample,13,5,21.,1,false,true,false,true,46.,42.,26.,26.,10.7065999605
0.955858114809,Sample,13,5,26.,1,false,true,false,true,46.,42.,26.,26.,10.7066021264
0.955858114809,Sample,13,5,31.,1,false,true,false,true,46.,42.,26.,26.,10.7066021785
0.955858114809,Sample,13,5,36.,1,false,true,false,true,46.,42.,26.,26.,10.7066021798
0.955858114809,Sample,13,5,41.,1,false,true,false,true,46.,42.,26.,26.,10.7066021798
0.955858114809,Sample,13,5,46.,1,false,true,false,true,46.,42.,26.,26.,10.7066021798
0.955858114809,Sample,13,5,51.,1,false,true,false,true,46.,42.,26.,26.,10.7066021798
1.06856601863,Sample,13,4,1.,1,false,true,false,true,18.,18.,36.,30.,0.
1.06856601863,Sample,13,4,6.,1,false,true,false,true,54.,48.,32.,30.,11.132253413
1.06856601863,Sample,13,4,11.,1,false,true,false,true,54.,48.,32.,30.,11.4224871378
1.06856601863,Sample,13,4,16.,1,false,true,false,true,54.,48.,32.,30.,11.430656658
1.06856601863,Sample,13,4,21.,1,false,true,false,true,54.,48.,32.,30.,11.4308986622
1.06856601863,Sample,13,4,26.,1,false,true,false,true,54.,48.,32.,30.,11.4309061101
1.06856601863,Sample,13,4,31.,1,false,true,false,true,54.,48.,32.,30.,11.4309063466
1.06856601863,Sample,13,4,36.,1,false,true,false,true,54.,48.,32.,30.,11.4309063543
1.06856601863,Sample,13,4,41.,1,false,true,false,true,54.,48.,32.,30.,11.4309063545
1.06856601863,Sample,13,4,46.,1,false,true,false,true,54.,48.,32.,30.,11.4309063545
1.06856601863,Sample,13,4,51.,1,false,true,false,true,54.,48.,32.,30.,11.4309063545
1.38911666495,Sample,13,7,1.,1,false,true,false,true,62.,60.,124.,108.,0.
1.38911666495,Sample,13,7,6.,1,false,true,false,true,160.,140.,154.,136.,12.4530392537
1.38911666495,Sample,13,7,11.,1,false,true,false,true,176.,148.,146.,130.,13.0819966447
1.38911666495,Sample,13,7,16.,1,false,true,false,true,176.,148.,146.,130.,13.1153713492
1.38911666495,Sample,13,7,21.,1,false,true,false,true,176.,148.,146.,130.,13.1172066297
1.38911666495,Sample,13,7,26.,1,false,true,false,true,176.,148.,146.,130.,13.1173103447
1.38911666495,Sample,13,7,31.,1,false,true,false,true,176.,148.,146.,130.,13.1173163377
1.38911666495,Sample,13,7,36.,1,false,true,false,true,176.,148.,146.,130.,13.1173166906
1.38911666495,Sample,13,7,41.,1,false,true,false,true,176.,148.,146.,130.,13.1173167118
1.38911666495,Sample,13,7,46.,1,false,true,false,true,176.,148.,146.,130.,13.1173167131
1.38911666495,Sample,13,7,51.,1,false,true,false,true,176.,148.,146.,130.,13.1173167131
0.878084395517,Sample,13,3,1.,1,false,true,false,true,6.,6.,10.,10.,0.
0.878084395517,Sample,13,3,6.,1,false,true,false,true,14.,14.,10.,10.,10.0045758952
0.878084395517,Sample,13,3,11.,1,false,true,false,true,14.,14.,10.,10.,10.1535974729
0.878084395517,Sample,13,3,16.,1,false,true,false,true,14.,14.,10.,10.,10.156062319
0.878084395517,Sample,13,3,21.,1,false,true,false,true,14.,14.,10.,10.,10.1561058653
0.878084395517,Sample,13,3,26.,1,false,true,false,true,14.,14.,10.,10.,10.1561066734
0.878084395517,Sample,13,3,31.,1,false,true,false,true,14.,14.,10.,10.,10.156106689
0.878084395517,Sample,13,3,36.,1,false,true,false,true,14.,14.,10.,10.,10.1561066893
0.878084395517,Sample,13,3,41.,1,false,true,false,true,14.,14.,10.,10.,10.1561066893
0.878084395517,Sample,13,3,46.,1,false,true,false,true,14.,14.,10.,10.,10.1561066893
0.878084395517,Sample,13,3,51.,1,false,true,false,true,14.,14.,10.,10.,10.1561066893
1.13994714556,Sample,13,4,1.,1,false,true,false,true,16.,16.,20.,18.,0.
1.13994714556,Sample,13,4,6.,1,false,true,false,true,40.,38.,28.,22.,11.4823453034
1.13994714556,Sample,13,4,11.,1,false,true,false,true,42.,40.,26.,22.,11.8379432958
1.13994714556,Sample,13,4,16.,1,false,true,false,true,44.,40.,24.,20.,11.8497416343
1.13994714556,Sample,13,4,21.,1,false,true,false,true,44.,40.,24.,20.,11.8501518656
1.13994714556,Sample,13,4,26.,1,false,true,false,true,44.,40.,24.,20.,11.8501666398
1.13994714556,Sample,13,4,31.,1,false,true,false,true,44.,40.,24.,20.,11.8501671874
1.13994714556,Sample,13,4,36.,1,false,true,false,true,44.,40.,24.,20.,11.8501672082
1.13994714556,Sample,13,4,41.,1,false,true,false,true,44.,40.,24.,20.,11.850167209
1.13994714556,Sample,13,4,46.,1,false,true,false,true,44.,40.,24.,20.,11.850167209
1.13994714556,Sample,13,4,51.,1,false,true,false,true,44.,40.,24.,20.,11.850167209
1.32879546977,Sample,13,4,1.,1,false,true,false,true,14.,14.,44.,38.,0.
1.32879546977,Sample,13,4,6.,1,false,true,false,true,48.,44.,66.,60.,12.2502708145
1.32879546977,Sample,13,4,11.,1,false,true,false,true,48.,46.,62.,56.,12.8073111949
1.32879546977,Sample,13,4,16.,1,false,true,false,true,48.,46.,62.,56.,12.834027096
1.32879546977,Sample,13,4,21.,1,false,true,false,true,48.,46.,62.,56.,12.8353579862
1.32879546977,Sample,13,4,26.,1,false,true,false,true,48.,46.,62.,56.,12.8354262305
1.32879546977,Sample,13,4,31.,1,false,true,false,true,48.,46.,62.,56.,12.8354298133
1.32879546977,Sample,13,4,36.,1,false,true,false,true,48.,46.,62.,56.,12.8354300052
1.32879546977,Sample,13,4,41.,1,false,true,false,true,48.,46.,62.,56.,12.8354300157
1.32879546977,Sample,13,4,46.,1,false,true,false,true,48.,46.,62.,56.,12.8354300162
1.32879546977,Sample,13,4,51.,1,false,true,false,true,48.,46.,62.,56.,12.8354300163
1.05006155804,Voter,13,6,1.,1,false,true,false,true,20.,20.,32.,30.,0.
1.05006155804,Voter,13,6,6.,1,false,true,false,true,62.,54.,34.,34.,11.0355055635
1.05006155804,Voter,13,6,11.,1,false,true,false,true,62.,54.,34.,34.,11.3098582501
1.05006155804,Voter,13,6,16.,1,false,true,false,true,62.,54.,34.,34.,11.3172384657
1.05006155804,Voter,13,6,21.,1,false,true,false,true,62.,54.,34.,34.,11.3174476475
1.05006155804,Voter,13,6,26.,1,false,true,false,true,62.,54.,34.,34.,11.3174538126
1.05006155804,Voter,13,6,31.,1,false,true,false,true,62.,54.,34.,34.,11.3174540002
1.05006155804,Voter,13,6,36.,1,false,true,false,true,62.,54.,34.,34.,11.317454006
1.05006155804,Voter,13,6,41.,1,false,true,false,true,62.,54.,34.,34.,11.3174540062
1.05006155804,Voter,13,6,46.,1,false,true,false,true,62.,54.,34.,34.,11.3174540062
1.05006155804,Voter,13,6,51.,1,false,true,false,true,62.,54.,34.,34.,11.3174540062
1.169229455,Sample,13,6,1.,1,false,true,false,true,76.,72.,156.,118.,0.
1.169229455,Sample,13,6,6.,1,false,true,false,true,174.,136.,190.,140.,11.6158496718
1.169229455,Sample,13,6,11.,1,false,true,false,true,176.,138.,192.,140.,12.0000773814
1.169229455,Sample,13,6,16.,1,false,true,false,true,176.,138.,192.,140.,12.0136551148
1.169229455,Sample,13,6,21.,1,false,true,false,true,176.,138.,192.,140.,12.0141571435
1.169229455,Sample,13,6,26.,1,false,true,false,true,176.,138.,192.,140.,12.0141763484
1.169229455,Sample,13,6,31.,1,false,true,false,true,176.,138.,192.,140.,12.0141771038
1.169229455,Sample,13,6,36.,1,false,true,false,true,176.,138.,192.,140.,12.0141771342
1.169229455,Sample,13,6,41.,1,false,true,false,true,176.,138.,192.,140.,12.0141771355
1.169229455,Sample,13,6,46.,1,false,true,false,true,176.,138.,192.,140.,12.0141771355
1.169229455,Sample,13,6,51.,1,false,true,false,true,176.,138.,192.,140.,12.0141771355
1.06225115823,Sample,13,3,1.,1,false,true,false,true,4.,4.,16.,14.,0.
1.06225115823,Sample,13,3,6.,1,false,true,false,true,20.,20.,16.,16.,11.0995233518
1.06225115823,Sample,13,3,11.,1,false,true,false,true,20.,20.,16.,16.,11.3842871658
1.06225115823,Sample,13,3,16.,1,false,true,false,true,20.,20.,16.,16.,11.3921807077
1.06225115823,Sample,13,3,21.,1,false,true,false,true,20.,20.,16.,16.,11.3924110698
1.06225115823,Sample,13,3,26.,1,false,true,false,true,20.,20.,16.,16.,11.3924180563
1.06225115823,Sample,13,3,31.,1,false,true,false,true,20.,20.,16.,16.,11.392418275
1.06225115823,Sample,13,3,36.,1,false,true,false,true,20.,20.,16.,16.,11.392418282
1.06225115823,Sample,13,3,41.,1,false,true,false,true,20.,20.,16.,16.,11.3924182822
1.06225115823,Sample,13,3,46.,1,false,true,false,true,20.,20.,16.,16.,11.3924182822
1.06225115823,Sample,13,3,51.,1,false,true,false,true,20.,20.,16.,16.,11.3924182822
1.12902054797,Sample,13,6,1.,1,false,true,false,true,48.,46.,110.,90.,0.
1.12902054797,Sample,13,6,6.,1,false,true,false,true,148.,118.,162.,130.,11.4310586725
1.12902054797,Sample,13,6,11.,1,false,true,false,true,152.,122.,162.,130.,11.7762387151
1.12902054797,Sample,13,6,16.,1,false,true,false,true,152.,122.,162.,130.,11.7874180899
1.12902054797,Sample,13,6,21.,1,false,true,false,true,152.,122.,162.,130.,11.7877977546
1.12902054797,Sample,13,6,26.,1,false,true,false,true,152.,122.,162.,130.,11.7878111157
1.12902054797,Sample,13,6,31.,1,false,true,false,true,152.,122.,162.,130.,11.7878115998
1.12902054797,Sample,13,6,36.,1,false,true,false,true,152.,122.,162.,130.,11.7878116177
1.12902054797,Sample,13,6,41.,1,false,true,false,true,152.,122.,162.,130.,11.7878116184
1.12902054797,Sample,13,6,46.,1,false,true,false,true,152.,122.,162.,130.,11.7878116184
1.12902054797,Sample,13,6,51.,1,false,true,false,true,152.,122.,162.,130.,11.7878116184
0.840779306813,Voter,13,6,1.,1,false,true,false,true,24.,22.,58.,52.,0.
0.840779306813,Voter,13,6,6.,1,false,true,false,true,72.,58.,46.,44.,9.7463477595
0.840779306813,Voter,13,6,11.,1,false,true,false,true,72.,56.,46.,44.,9.87365775924
0.840779306813,Voter,13,6,16.,1,false,true,false,true,72.,56.,46.,44.,9.87551780988
0.840779306813,Voter,13,6,21.,1,false,true,false,true,72.,56.,46.,44.,9.87554694673
0.840779306813,Voter,13,6,26.,1,false,true,false,true,72.,56.,46.,44.,9.87554742751
0.840779306813,Voter,13,6,31.,1,false,true,false,true,72.,56.,46.,44.,9.87554743578
0.840779306813,Voter,13,6,36.,1,false,true,false,true,72.,56.,46.,44.,9.87554743593
0.840779306813,Voter,13,6,41.,1,false,true,false,true,72.,56.,46.,44.,9.87554743593
0.840779306813,Voter,13,6,46.,1,false,true,false,true,72.,56.,46.,44.,9.87554743593
0.840779306813,Voter,13,6,51.,1,false,true,false,true,72.,56.,46.,44.,9.87554743593
0.942238026019,Voter,13,6,1.,1,false,true,false,true,44.,40.,82.,68.,0.
0.942238026019,Voter,13,6,6.,1,false,true,false,true,146.,120.,128.,106.,10.4184820135
0.942238026019,Voter,13,6,11.,1,false,true,false,true,150.,124.,128.,106.,10.6094524638
0.942238026019,Voter,13,6,16.,1,false,true,false,true,150.,124.,128.,106.,10.6132971513
0.942238026019,Voter,13,6,21.,1,false,true,false,true,150.,124.,128.,106.,10.6133793557
0.942238026019,Voter,13,6,26.,1,false,true,false,true,150.,124.,128.,106.,10.613381194
0.942238026019,Voter,13,6,31.,1,false,true,false,true,150.,124.,128.,106.,10.6133812366
0.942238026019,Voter,13,6,36.,1,false,true,false,true,150.,124.,128.,106.,10.6133812377
0.942238026019,Voter,13,6,41.,1,false,true,false,true,150.,124.,128.,106.,10.6133812377
0.942238026019,Voter,13,6,46.,1,false,true,false,true,150.,124.,128.,106.,10.6133812377
0.942238026019,Voter,13,6,51.,1,false,true,false,true,150.,124.,128.,106.,10.6133812377
1.02698009351,Voter,13,3,1.,1,false,true,false,true,6.,6.,4.,4.,0.
1.02698009351,Voter,13,3,6.,1,false,true,false,true,12.,12.,2.,2.,10.9112052046
1.02698009351,Voter,13,3,11.,1,false,true,false,true,12.,12.,2.,2.,11.1663819289
1.02698009351,Voter,13,3,16.,1,false,true,false,true,12.,12.,2.,2.,11.1728579244
1.02698009351,Voter,13,3,21.,1,false,true,false,true,12.,12.,2.,2.,11.1730313606
1.02698009351,Voter,13,3,26.,1,false,true,false,true,12.,12.,2.,2.,11.1730361959
1.02698009351,Voter,13,3,31.,1,false,true,false,true,12.,12.,2.,2.,11.1730363352
1.02698009351,Voter,13,3,36.,1,false,true,false,true,12.,12.,2.,2.,11.1730363394
1.02698009351,Voter,13,3,41.,1,false,true,false,true,12.,12.,2.,2.,11.1730363395
1.02698009351,Voter,13,3,46.,1,false,true,false,true,12.,12.,2.,2.,11.1730363395
1.02698009351,Voter,13,3,51.,1,false,true,false,true,12.,12.,2.,2.,11.1730363395
1.02515246377,Sample,13,6,1.,1,false,true,false,true,58.,46.,116.,88.,0.
1.02515246377,Sample,13,6,6.,1,false,true,false,true,130.,98.,104.,88.,10.901187968
1.02515246377,Sample,13,6,11.,1,false,true,false,true,132.,98.,102.,86.,11.1548766568
1.02515246377,Sample,13,6,16.,1,false,true,false,true,132.,98.,102.,86.,11.1612847338
1.02515246377,Sample,13,6,21.,1,false,true,false,true,132.,98.,102.,86.,11.1614555688
1.02515246377,Sample,13,6,26.,1,false,true,false,true,132.,98.,102.,86.,11.1614603103
1.02515246377,Sample,13,6,31.,1,false,true,false,true,132.,98.,102.,86.,11.1614604463
1.02515246377,Sample,13,6,36.,1,false,true,false,true,132.,98.,102.,86.,11.1614604503
1.02515246377,Sample,13,6,41.,1,false,true,false,true,132.,98.,102.,86.,11.1614604504
1.02515246377,Sample,13,6,46.,1,false,true,false,true,132.,98.,102.,86.,11.1614604505
1.02515246377,Sample,13,6,51.,1,false,true,false,true,132.,98.,102.,86.,11.1614604505
1.13716047616,Voter,13,5,1.,1,false,true,false,true,22.,20.,48.,40.,0.
1.13716047616,Voter,13,5,6.,1,false,true,false,true,84.,66.,62.,50.,11.4693422839
1.13716047616,Voter,13,5,11.,1,false,true,false,true,92.,72.,70.,56.,11.8222694855
1.13716047616,Voter,13,5,16.,1,false,true,false,true,92.,72.,70.,56.,11.8339076876
1.13716047616,Voter,13,5,21.,1,false,true,false,true,92.,72.,70.,56.,11.8343099412
1.13716047616,Voter,13,5,26.,1,false,true,false,true,92.,72.,70.,56.,11.8343243435
1.13716047616,Voter,13,5,31.,1,false,true,false,true,92.,72.,70.,56.,11.8343248742
1.13716047616,Voter,13,5,36.,1,false,true,false,true,92.,72.,70.,56.,11.8343248943
1.13716047616,Voter,13,5,41.,1,false,true,false,true,92.,72.,70.,56.,11.8343248951
1.13716047616,Voter,13,5,46.,1,false,true,false,true,92.,72.,70.,56.,11.8343248951
1.13716047616,Voter,13,5,51.,1,false,true,false,true,92.,72.,70.,56.,11.8343248951
1.15607650679,Voter,13,7,1.,1,false,true,false,true,38.,36.,70.,60.,0.
1.15607650679,Voter,13,7,6.,1,false,true,false,true,92.,82.,52.,46.,11.5565845094
1.15607650679,Voter,13,7,11.,1,false,true,false,true,96.,86.,52.,46.,11.9278256137
1.15607650679,Voter,13,7,16.,1,false,true,false,true,96.,86.,52.,46.,11.9405819933
1.15607650679,Voter,13,7,21.,1,false,true,false,true,96.,86.,52.,46.,11.9410409419
1.15607650679,Voter,13,7,26.,1,false,true,false,true,96.,86.,52.,46.,11.9410580341
1.15607650679,Voter,13,7,31.,1,false,true,false,true,96.,86.,52.,46.,11.9410586889
1.15607650679,Voter,13,7,36.,1,false,true,false,true,96.,86.,52.,46.,11.9410587146
1.15607650679,Voter,13,7,41.,1,false,true,false,true,96.,86.,52.,46.,11.9410587156
1.15607650679,Voter,13,7,46.,1,false,true,false,true,96.,86.,52.,46.,11.9410587156
1.15607650679,Voter,13,7,51.,1,false,true,false,true,96.,86.,52.,46.,11.9410587157
1.21631283969,Sample,13,5,1.,1,false,true,false,true,20.,18.,44.,40.,0.
1.21631283969,Sample,13,5,6.,1,false,true,false,true,64.,58.,40.,38.,11.8189021678
1.21631283969,Sample,13,5,11.,1,false,true,false,true,64.,58.,40.,38.,12.2512642835
1.21631283969,Sample,13,5,16.,1,false,true,false,true,64.,58.,40.,38.,12.268090625
1.21631283969,Sample,13,5,21.,1,false,true,false,true,64.,58.,40.,38.,12.2687741702
1.21631283969,Sample,13,5,26.,1,false,true,false,true,64.,58.,40.,38.,12.2688028516
1.21631283969,Sample,13,5,31.,1,false,true,false,true,64.,58.,40.,38.,12.2688040873
1.21631283969,Sample,13,5,36.,1,false,true,false,true,64.,58.,40.,38.,12.2688041417
1.21631283969,Sample,13,5,41.,1,false,true,false,true,64.,58.,40.,38.,12.2688041442
1.21631283969,Sample,13,5,46.,1,false,true,false,true,64.,58.,40.,38.,12.2688041443
1.21631283969,Sample,13,5,51.,1,false,true,false,true,64.,58.,40.,38.,12.2688041443
0.98853107599,Voter,13,6,1.,1,false,true,false,true,24.,24.,68.,64.,0.
0.98853107599,Voter,13,6,6.,1,false,true,false,true,102.,90.,78.,72.,10.6949149696
0.98853107599,Voter,13,6,11.,1,false,true,false,true,102.,90.,78.,72.,10.9197384662
0.98853107599,Voter,13,6,16.,1,false,true,false,true,102.,90.,78.,72.,10.924893696
0.98853107599,Voter,13,6,21.,1,false,true,false,true,102.,90.,78.,72.,10.9250187844
0.98853107599,Voter,13,6,26.,1,false,true,false,true,102.,90.,78.,72.,10.9250219504
0.98853107599,Voter,13,6,31.,1,false,true,false,true,102.,90.,78.,72.,10.9250220333
0.98853107599,Voter,13,6,36.,1,false,true,false,true,102.,90.,78.,72.,10.9250220356
0.98853107599,Voter,13,6,41.,1,false,true,false,true,102.,90.,78.,72.,10.9250220356
0.98853107599,Voter,13,6,46.,1,false,true,false,true,102.,90.,78.,72.,10.9250220356
0.98853107599,Voter,13,6,51.,1,false,true,false,true,102.,90.,78.,72.,10.9250220356
0.844399913849,Sample,13,6,1.,1,false,true,false,true,52.,48.,138.,112.,0.
0.844399913849,Sample,13,6,6.,1,false,true,false,true,148.,132.,162.,138.,9.77199953733
0.844399913849,Sample,13,6,11.,1,false,true,false,true,148.,132.,162.,138.,9.90133015849
0.844399913849,Sample,13,6,16.,1,false,true,false,true,148.,132.,162.,138.,9.90324327401
0.844399913849,Sample,13,6,21.,1,false,true,false,true,148.,132.,162.,138.,9.90327360392
0.844399913849,Sample,13,6,26.,1,false,true,false,true,148.,132.,162.,138.,9.90327411028
0.844399913849,Sample,13,6,31.,1,false,true,false,true,148.,132.,162.,138.,9.90327411909
0.844399913849,Sample,13,6,36.,1,false,true,false,true,148.,132.,162.,138.,9.90327411925
0.844399913849,Sample,13,6,41.,1,false,true,false,true,148.,132.,162.,138.,9.90327411925
0.844399913849,Sample,13,6,46.,1,false,true,false,true,148.,132.,162.,138.,9.90327411925
0.844399913849,Sample,13,6,51.,1,false,true,false,true,148.,132.,162.,138.,9.90327411925
0.969385098491,Sample,13,6,1.,1,false,true,false,true,30.,30.,68.,58.,0.
0.969385098491,Sample,13,6,6.,1,false,true,false,true,96.,74.,46.,46.,10.5827611363
0.969385098491,Sample,13,6,11.,1,false,true,false,true,96.,74.,46.,46.,10.7932233837
0.969385098491,Sample,13,6,16.,1,false,true,false,true,96.,74.,46.,46.,10.7978015117
0.969385098491,Sample,13,6,21.,1,false,true,false,true,96.,74.,46.,46.,10.7979070468
0.969385098491,Sample,13,6,26.,1,false,true,false,true,96.,74.,46.,46.,10.7979095871
0.969385098491,Sample,13,6,31.,1,false,true,false,true,96.,74.,46.,46.,10.7979096505
0.969385098491,Sample,13,6,36.,1,false,true,false,true,96.,74.,46.,46.,10.7979096521
0.969385098491,Sample,13,6,41.,1,false,true,false,true,96.,74.,46.,46.,10.7979096521
0.969385098491,Sample,13,6,46.,1,false,true,false,true,96.,74.,46.,46.,10.7979096521
0.969385098491,Sample,13,6,51.,1,false,true,false,true,96.,74.,46.,46.,10.7979096521
1.37665856982,Sample,13,7,1.,1,false,true,false,true,68.,64.,158.,136.,0.
1.37665856982,Sample,13,7,6.,1,false,true,false,true,180.,142.,158.,134.,12.412692575
1.37665856982,Sample,13,7,11.,1,false,true,false,true,194.,150.,164.,134.,13.0265321142
1.37665856982,Sample,13,7,16.,1,false,true,false,true,194.,150.,164.,134.,13.0584495578
1.37665856982,Sample,13,7,21.,1,false,true,false,true,194.,150.,164.,134.,13.0601701944
1.37665856982,Sample,13,7,26.,1,false,true,false,true,194.,150.,164.,134.,13.0602655493
1.37665856982,Sample,13,7,31.,1,false,true,false,true,194.,150.,164.,134.,13.060270954
1.37665856982,Sample,13,7,36.,1,false,true,false,true,194.,150.,164.,134.,13.0602712663
1.37665856982,Sample,13,7,41.,1,false,true,false,true,194.,150.,164.,134.,13.0602712847
1.37665856982,Sample,13,7,46.,1,false,true,false,true,194.,150.,164.,134.,13.0602712858
1.37665856982,Sample,13,7,51.,1,false,true,false,true,194.,150.,164.,134.,13.0602712858
1.25532418373,Voter,13,4,1.,1,false,true,false,true,6.,6.,24.,24.,0.
1.25532418373,Voter,13,4,6.,1,false,true,false,true,24.,22.,22.,22.,11.9767928361
1.25532418373,Voter,13,4,11.,1,false,true,false,true,24.,22.,22.,22.,12.4509093758
1.25532418373,Voter,13,4,16.,1,false,true,false,true,24.,22.,22.,22.,12.4708121266
1.25532418373,Voter,13,4,21.,1,false,true,false,true,24.,22.,22.,22.,12.471682662
1.25532418373,Voter,13,4,26.,1,false,true,false,true,24.,22.,22.,22.,12.471721941
1.25532418373,Voter,13,4,31.,1,false,true,false,true,24.,22.,22.,22.,12.4717237587
1.25532418373,Voter,13,4,36.,1,false,true,false,true,24.,22.,22.,22.,12.4717238447
1.25532418373,Voter,13,4,41.,1,false,true,false,true,24.,22.,22.,22.,12.4717238488
1.25532418373,Voter,13,4,46.,1,false,true,false,true,24.,22.,22.,22.,12.471723849
1.25532418373,Voter,13,4,51.,1,false,true,false,true,24.,22.,22.,22.,12.471723849
0.838804447958,Sample,13,4,1.,1,false,true,false,true,4.,4.,28.,26.,0.
0.838804447958,Sample,13,4,6.,1,false,true,false,true,34.,34.,26.,26.,9.73230164613
0.838804447958,Sample,13,4,11.,1,false,true,false,true,34.,34.,26.,26.,9.85851733607
0.838804447958,Sample,13,4,16.,1,false,true,false,true,34.,34.,26.,26.,9.86034892698
0.838804447958,Sample,13,4,21.,1,false,true,false,true,34.,34.,26.,26.,9.86037742996
0.838804447958,Sample,13,4,26.,1,false,true,false,true,34.,34.,26.,26.,9.86037789726
0.838804447958,Sample,13,4,31.,1,false,true,false,true,34.,34.,26.,26.,9.86037790526
0.838804447958,Sample,13,4,36.,1,false,true,false,true,34.,34.,26.,26.,9.8603779054
0.838804447958,Sample,13,4,41.,1,false,true,false,true,34.,34.,26.,26.,9.8603779054
0.838804447958,Sample,13,4,46.,1,false,true,false,true,34.,34.,26.,26.,9.8603779054
0.838804447958,Sample,13,4,51.,1,false,true,false,true,34.,34.,26.,26.,9.8603779054
1.16219380119,Voter,13,3,1.,1,false,true,false,true,12.,12.,22.,20.,0.
1.16219380119,Voter,13,3,6.,1,false,true,false,true,30.,30.,28.,28.,11.5842892185
1.16219380119,Voter,13,3,11.,1,false,true,false,true,30.,30.,28.,28.,11.9615447411
1.16219380119,Voter,13,3,16.,1,false,true,false,true,30.,30.,28.,28.,11.9746785833
1.16219380119,Voter,13,3,21.,1,false,true,false,true,30.,30.,28.,28.,11.9751571821
1.16219380119,Voter,13,3,26.,1,false,true,false,true,30.,30.,28.,28.,11.9751752309
1.16219380119,Voter,13,3,31.,1,false,true,false,true,30.,30.,28.,28.,11.9751759309
1.16219380119,Voter,13,3,36.,1,false,true,false,true,30.,30.,28.,28.,11.9751759587
1.16219380119,Voter,13,3,41.,1,false,true,false,true,30.,30.,28.,28.,11.9751759598
1.16219380119,Voter,13,3,46.,1,false,true,false,true,30.,30.,28.,28.,11.9751759598
1.16219380119,Voter,13,3,51.,1,false,true,false,true,30.,30.,28.,28.,11.9751759598
1.23958543325,Voter,13,6,1.,1,false,true,false,true,20.,20.,54.,50.,0.
1.23958543325,Voter,13,6,6.,1,false,true,false,true,80.,70.,66.,62.,11.9141902369
1.23958543325,Voter,13,6,11.,1,false,true,false,true,80.,70.,66.,62.,12.3712633206
1.23958543325,Voter,13,6,16.,1,false,true,false,true,80.,70.,66.,62.,12.3898814982
1.23958543325,Voter,13,6,21.,1,false,true,false,true,80.,70.,66.,62.,12.3906722615
1.23958543325,Voter,13,6,26.,1,false,true,false,true,80.,70.,66.,62.,12.3907069253
1.23958543325,Voter,13,6,31.,1,false,true,false,true,80.,70.,66.,62.,12.3907084845
1.23958543325,Voter,13,6,36.,1,false,true,false,true,80.,70.,66.,62.,12.3907085562
1.23958543325,Voter,13,6,41.,1,false,true,false,true,80.,70.,66.,62.,12.3907085595
1.23958543325,Voter,13,6,46.,1,false,true,false,true,80.,70.,66.,62.,12.3907085597
1.23958543325,Voter,13,6,51.,1,false,true,false,true,80.,70.,66.,62.,12.3907085597
1.05463008394,Voter,13,3,1.,1,false,true,false,true,0.,0.,12.,12.,0.
1.05463008394,Voter,13,3,6.,1,false,true,false,true,14.,14.,18.,18.,11.0596289416
1.05463008394,Voter,13,3,11.,1,false,true,false,true,14.,14.,18.,18.,11.3378607571
1.05463008394,Voter,13,3,16.,1,false,true,false,true,14.,14.,18.,18.,11.3454303995
1.05463008394,Voter,13,3,21.,1,false,true,false,true,14.,14.,18.,18.,11.3456473245
1.05463008394,Voter,13,3,26.,1,false,true,false,true,14.,14.,18.,18.,11.3456537871
1.05463008394,Voter,13,3,31.,1,false,true,false,true,14.,14.,18.,18.,11.3456539858
1.05463008394,Voter,13,3,36.,1,false,true,false,true,14.,14.,18.,18.,11.3456539921
1.05463008394,Voter,13,3,41.,1,false,true,false,true,14.,14.,18.,18.,11.3456539923
1.05463008394,Voter,13,3,46.,1,false,true,false,true,14.,14.,18.,18.,11.3456539923
1.05463008394,Voter,13,3,51.,1,false,true,false,true,14.,14.,18.,18.,11.3456539923
1.35176051961,Voter,13,5,1.,1,false,true,false,true,18.,18.,54.,48.,0.
1.35176051961,Voter,13,5,6.,1,false,true,false,true,72.,60.,64.,54.,12.3296919667
1.35176051961,Voter,13,5,11.,1,false,true,false,true,76.,62.,64.,52.,12.9137254997
1.35176051961,Voter,13,5,16.,1,false,true,false,true,76.,62.,64.,52.,12.9428594141
1.35176051961,Voter,13,5,21.,1,false,true,false,true,76.,62.,64.,52.,12.9443676078
1.35176051961,Voter,13,5,26.,1,false,true,false,true,76.,62.,64.,52.,12.9444479222
1.35176051961,Voter,13,5,31.,1,false,true,false,true,76.,62.,64.,52.,12.9444522988
1.35176051961,Voter,13,5,36.,1,false,true,false,true,76.,62.,64.,52.,12.944452542
1.35176051961,Voter,13,5,41.,1,false,true,false,true,76.,62.,64.,52.,12.9444525558
1.35176051961,Voter,13,5,46.,1,false,true,false,true,76.,62.,64.,52.,12.9444525566
1.35176051961,Voter,13,5,51.,1,false,true,false,true,76.,62.,64.,52.,12.9444525566
0.95268484447,Sample,13,6,1.,1,false,true,false,true,64.,54.,116.,98.,0.
0.95268484447,Sample,13,6,6.,1,false,true,false,true,140.,108.,120.,102.,10.4824412294
0.95268484447,Sample,13,6,11.,1,false,true,false,true,148.,114.,124.,104.,10.6807910209
0.95268484447,Sample,13,6,16.,1,false,true,false,true,148.,114.,124.,104.,10.6849065858
0.95268484447,Sample,13,6,21.,1,false,true,false,true,148.,114.,124.,104.,10.6849972
0.95268484447,Sample,13,6,26.,1,false,true,false,true,148.,114.,124.,104.,10.6849992853
0.95268484447,Sample,13,6,31.,1,false,true,false,true,148.,114.,124.,104.,10.6849993351
0.95268484447,Sample,13,6,36.,1,false,true,false,true,148.,114.,124.,104.,10.6849993363
0.95268484447,Sample,13,6,41.,1,false,true,false,true,148.,114.,124.,104.,10.6849993364
0.95268484447,Sample,13,6,46.,1,false,true,false,true,148.,114.,124.,104.,10.6849993364
0.95268484447,Sample,13,6,51.,1,false,true,false,true,148.,114.,124.,104.,10.6849993364
1.3417368171,Sample,13,4,1.,1,false,true,false,true,8.,8.,32.,30.,0.
1.3417368171,Sample,13,4,6.,1,false,true,false,true,38.,36.,22.,22.,12.2953692926
1.3417368171,Sample,13,4,11.,1,false,true,false,true,40.,38.,24.,24.,12.8675609223
1.3417368171,Sample,13,4,16.,1,false,true,false,true,40.,38.,24.,24.,12.8956220008
1.3417368171,Sample,13,4,21.,1,false,true,false,true,40.,38.,24.,24.,12.897050677
1.3417368171,Sample,13,4,26.,1,false,true,false,true,40.,38.,24.,24.,12.8971255215
1.3417368171,Sample,13,4,31.,1,false,true,false,true,40.,38.,24.,24.,12.8971295346
1.3417368171,Sample,13,4,36.,1,false,true,false,true,40.,38.,24.,24.,12.8971297541
1.3417368171,Sample,13,4,41.,1,false,true,false,true,40.,38.,24.,24.,12.8971297663
1.3417368171,Sample,13,4,46.,1,false,true,false,true,40.,38.,24.,24.,12.897129767
1.3417368171,Sample,13,4,51.,1,false,true,false,true,40.,38.,24.,24.,12.8971297671
1.21818082929,Sample,13,3,1.,1,false,true,false,true,14.,14.,28.,28.,0.
1.21818082929,Sample,13,3,6.,1,false,true,false,true,30.,30.,40.,40.,11.8266720681
1.21818082929,Sample,13,3,11.,1,false,true,false,true,32.,32.,38.,38.,12.2609956492
1.21818082929,Sample,13,3,16.,1,false,true,false,true,32.,32.,38.,38.,12.2779611563
1.21818082929,Sample,13,3,21.,1,false,true,false,true,32.,32.,38.,38.,12.2786528546
1.21818082929,Sample,13,3,26.,1,false,true,false,true,32.,32.,38.,38.,12.2786819816
1.21818082929,Sample,13,3,31.,1,false,true,false,true,32.,32.,38.,38.,12.2786832408
1.21818082929,Sample,13,3,36.,1,false,true,false,true,32.,32.,38.,38.,12.2786832965
1.21818082929,Sample,13,3,41.,1,false,true,false,true,32.,32.,38.,38.,12.278683299
1.21818082929,Sample,13,3,46.,1,false,true,false,true,32.,32.,38.,38.,12.2786832991
1.21818082929,Sample,13,3,51.,1,false,true,false,true,32.,32.,38.,38.,12.2786832991
0.985608423317,Sample,13,4,1.,1,false,true,false,true,22.,22.,30.,30.,0.
0.985608423317,Sample,13,4,6.,1,false,true,false,true,56.,54.,48.,46.,10.6779892764
0.985608423317,Sample,13,4,11.,1,false,true,false,true,58.,54.,46.,44.,10.9005878738
0.985608423317,Sample,13,4,16.,1,false,true,false,true,58.,54.,46.,44.,10.9056516728
0.985608423317,Sample,13,4,21.,1,false,true,false,true,58.,54.,46.,44.,10.9057735965
0.985608423317,Sample,13,4,26.,1,false,true,false,true,58.,54.,46.,44.,10.9057766591
0.985608423317,Sample,13,4,31.,1,false,true,false,true,58.,54.,46.,44.,10.9057767387
0.985608423317,Sample,13,4,36.,1,false,true,false,true,58.,54.,46.,44.,10.9057767409
0.985608423317,Sample,13,4,41.,1,false,true,false,true,58.,54.,46.,44.,10.9057767409
0.985608423317,Sample,13,4,46.,1,false,true,false,true,58.,54.,46.,44.,10.9057767409
0.985608423317,Sample,13,4,51.,1,false,true,false,true,58.,54.,46.,44.,10.9057767409
0.994416700846,Sample,13,6,1.,1,false,true,false,true,44.,40.,118.,100.,0.
0.994416700846,Sample,13,6,6.,1,false,true,false,true,136.,116.,90.,82.,10.7287892086
0.994416700846,Sample,13,6,11.,1,false,true,false,true,138.,118.,92.,84.,10.9581287301
0.994416700846,Sample,13,6,16.,1,false,true,false,true,138.,118.,92.,84.,10.9634718154
0.994416700846,Sample,13,6,21.,1,false,true,false,true,138.,118.,92.,84.,10.963603483
0.994416700846,Sample,13,6,26.,1,false,true,false,true,138.,118.,92.,84.,10.9636068664
0.994416700846,Sample,13,6,31.,1,false,true,false,true,138.,118.,92.,84.,10.9636069564
0.994416700846,Sample,13,6,36.,1,false,true,false,true,138.,118.,92.,84.,10.9636069588
0.994416700846,Sample,13,6,41.,1,false,true,false,true,138.,118.,92.,84.,10.9636069589
0.994416700846,Sample,13,6,46.,1,false,true,false,true,138.,118.,92.,84.,10.9636069589
0.994416700846,Sample,13,6,51.,1,false,true,false,true,138.,118.,92.,84.,10.9636069589
1.12028686226,Voter,13,6,1.,1,false,true,false,true,20.,20.,72.,66.,0.
1.12028686226,Voter,13,6,6.,1,false,true,false,true,86.,74.,58.,54.,11.3894789451
1.12028686226,Voter,13,6,11.,1,false,true,false,true,86.,74.,58.,54.,11.7264372726
1.12028686226,Voter,13,6,16.,1,false,true,false,true,86.,74.,58.,54.,11.7371389739
1.12028686226,Voter,13,6,21.,1,false,true,false,true,86.,74.,58.,54.,11.7374955529
1.12028686226,Voter,13,6,26.,1,false,true,false,true,86.,74.,58.,54.,11.737507869
1.12028686226,Voter,13,6,31.,1,false,true,false,true,86.,74.,58.,54.,11.737508307
1.12028686226,Voter,13,6,36.,1,false,true,false,true,86.,74.,58.,54.,11.737508323
1.12028686226,Voter,13,6,41.,1,false,true,false,true,86.,74.,58.,54.,11.7375083236
1.12028686226,Voter,13,6,46.,1,false,true,false,true,86.,74.,58.,54.,11.7375083236
1.12028686226,Voter,13,6,51.,1,false,true,false,true,86.,74.,58.,54.,11.7375083236
1.32561758594,Sample,13,3,1.,1,false,true,false,true,8.,8.,18.,18.,0.
1.32561758594,Sample,13,3,6.,1,false,true,false,true,38.,36.,40.,38.,12.2390596238
1.32561758594,Sample,13,3,11.,1,false,true,false,true,38.,34.,36.,34.,12.7924035029
1.32561758594,Sample,13,3,16.,1,false,true,false,true,38.,34.,36.,34.,12.8187959027
1.32561758594,Sample,13,3,21.,1,false,true,false,true,38.,34.,36.,34.,12.8201036002
1.32561758594,Sample,13,3,26.,1,false,true,false,true,38.,34.,36.,34.,12.8201703003
1.32561758594,Sample,13,3,31.,1,false,true,false,true,38.,34.,36.,34.,12.8201737837
1.32561758594,Sample,13,3,36.,1,false,true,false,true,38.,34.,36.,34.,12.8201739693
1.32561758594,Sample,13,3,41.,1,false,true,false,true,38.,34.,36.,34.,12.8201739794
1.32561758594,Sample,13,3,46.,1,false,true,false,true,38.,34.,36.,34.,12.8201739799
1.32561758594,Sample,13,3,51.,1,false,true,false,true,38.,34.,36.,34.,12.8201739799
1.00475508294,Voter,13,7,1.,1,false,true,false,true,44.,44.,66.,60.,0.
1.00475508294,Voter,13,7,6.,1,false,true,false,true,126.,106.,72.,66.,10.7876148659
1.00475508294,Voter,13,7,11.,1,false,true,false,true,126.,106.,72.,66.,11.0250015598
1.00475508294,Voter,13,7,16.,1,false,true,false,true,126.,106.,72.,66.,11.0306869104
1.00475508294,Voter,13,7,21.,1,false,true,false,true,126.,106.,72.,66.,11.030830825
1.00475508294,Voter,13,7,26.,1,false,true,false,true,126.,106.,72.,66.,11.0308346217
1.00475508294,Voter,13,7,31.,1,false,true,false,true,126.,106.,72.,66.,11.0308347253
1.00475508294,Voter,13,7,36.,1,false,true,false,true,126.,106.,72.,66.,11.0308347282
1.00475508294,Voter,13,7,41.,1,false,true,false,true,126.,106.,72.,66.,11.0308347283
1.00475508294,Voter,13,7,46.,1,false,true,false,true,126.,106.,72.,66.,11.0308347283
1.00475508294,Voter,13,7,51.,1,false,true,false,true,126.,106.,72.,66.,11.0308347283
0.87451368652,Voter,13,7,1.,1,false,true,false,true,42.,40.,52.,48.,0.
0.87451368652,Voter,13,7,6.,1,false,true,false,true,94.,76.,44.,42.,9.98043403402
0.87451368652,Voter,13,7,11.,1,false,true,false,true,94.,76.,44.,42.,10.1272919331
0.87451368652,Voter,13,7,16.,1,false,true,false,true,94.,76.,44.,42.,10.1296931079
0.87451368652,Voter,13,7,21.,1,false,true,false,true,94.,76.,44.,42.,10.1297350569
0.87451368652,Voter,13,7,26.,1,false,true,false,true,94.,76.,44.,42.,10.1297358269
0.87451368652,Voter,13,7,31.,1,false,true,false,true,94.,76.,44.,42.,10.1297358416
0.87451368652,Voter,13,7,36.,1,false,true,false,true,94.,76.,44.,42.,10.1297358419
0.87451368652,Voter,13,7,41.,1,false,true,false,true,94.,76.,44.,42.,10.1297358419
0.87451368652,Voter,13,7,46.,1,false,true,false,true,94.,76.,44.,42.,10.1297358419
0.87451368652,Voter,13,7,51.,1,false,true,false,true,94.,76.,44.,42.,10.1297358419
1.05580125251,Sample,13,6,1.,1,false,true,false,true,50.,48.,88.,76.,0.
1.05580125251,Sample,13,6,6.,1,false,true,false,true,128.,102.,110.,88.,11.0657879018
1.05580125251,Sample,13,6,11.,1,false,true,false,true,134.,108.,112.,90.,11.345018573
1.05580125251,Sample,13,6,16.,1,false,true,false,true,136.,110.,110.,88.,11.3526373452
1.05580125251,Sample,13,6,21.,1,false,true,false,true,136.,110.,110.,88.,11.3528562923
1.05580125251,Sample,13,6,26.,1,false,true,false,true,136.,110.,110.,88.,11.3528628332
1.05580125251,Sample,13,6,31.,1,false,true,false,true,136.,110.,110.,88.,11.3528630349
1.05580125251,Sample,13,6,36.,1,false,true,false,true,136.,110.,110.,88.,11.3528630413
1.05580125251,Sample,13,6,41.,1,false,true,false,true,136.,110.,110.,88.,11.3528630415
1.05580125251,Sample,13,6,46.,1,false,true,false,true,136.,110.,110.,88.,11.3528630415
1.05580125251,Sample,13,6,51.,1,false,true,false,true,136.,110.,110.,88.,11.3528630415
1.15586147621,Voter,13,3,1.,1,false,true,false,true,10.,10.,16.,16.,0.
1.15586147621,Voter,13,3,6.,1,false,true,false,true,20.,20.,30.,28.,11.555606165
1.15586147621,Voter,13,3,11.,1,false,true,false,true,20.,20.,30.,28.,11.9266366661
1.15586147621,Voter,13,3,16.,1,false,true,false,true,20.,20.,30.,28.,11.9393799199
1.15586147621,Voter,13,3,21.,1,false,true,false,true,20.,20.,30.,28.,11.9398381898
1.15586147621,Voter,13,3,26.,1,false,true,false,true,20.,20.,30.,28.,11.9398552492
1.15586147621,Voter,13,3,31.,1,false,true,false,true,20.,20.,30.,28.,11.9398559024
1.15586147621,Voter,13,3,36.,1,false,true,false,true,20.,20.,30.,28.,11.939855928
1.15586147621,Voter,13,3,41.,1,false,true,false,true,20.,20.,30.,28.,11.939855929
1.15586147621,Voter,13,3,46.,1,false,true,false,true,20.,20.,30.,28.,11.9398559291
1.15586147621,Voter,13,3,51.,1,false,true,false,true,20.,20.,30.,28.,11.9398559291
0.84297091611,Voter,13,5,1.,1,false,true,false,true,32.,30.,46.,44.,0.
0.84297091611,Voter,13,5,6.,1,false,true,false,true,78.,66.,56.,50.,9.76189055448
0.84297091611,Voter,13,5,11.,1,false,true,false,true,78.,66.,56.,50.,9.89042144595
0.84297091611,Voter,13,5,16.,1,false,true,false,true,78.,66.,56.,50.,9.8923134795
0.84297091611,Voter,13,5,21.,1,false,true,false,true,78.,66.,56.,50.,9.89234333369
0.84297091611,Voter,13,5,26.,1,false,true,false,true,78.,66.,56.,50.,9.89234382981
0.84297091611,Voter,13,5,31.,1,false,true,false,true,78.,66.,56.,50.,9.89234383841
0.84297091611,Voter,13,5,36.,1,false,true,false,true,78.,66.,56.,50.,9.89234383857
0.84297091611,Voter,13,5,41.,1,false,true,false,true,78.,66.,56.,50.,9.89234383857
0.84297091611,Voter,13,5,46.,1,false,true,false,true,78.,66.,56.,50.,9.89234383857
0.84297091611,Voter,13,5,51.,1,false,true,false,true,78.,66.,56.,50.,9.89234383857
0.831017256394,Voter,13,7,1.,1,false,true,false,true,88.,76.,166.,138.,0.
0.831017256394,Voter,13,7,6.,1,false,true,false,true,236.,184.,242.,190.,9.6765393393
0.831017256394,Voter,13,7,11.,1,false,true,false,true,236.,184.,242.,190.,9.79849387349
0.831017256394,Voter,13,7,16.,1,false,true,false,true,236.,184.,242.,190.,9.80021651635
0.831017256394,Voter,13,7,21.,1,false,true,false,true,236.,184.,242.,190.,9.80024263212
0.831017256394,Voter,13,7,26.,1,false,true,false,true,236.,184.,242.,190.,9.8002430495
0.831017256394,Voter,13,7,31.,1,false,true,false,true,236.,184.,242.,190.,9.80024305646
0.831017256394,Voter,13,7,36.,1,false,true,false,true,236.,184.,242.,190.,9.80024305658
0.831017256394,Voter,13,7,41.,1,false,true,false,true,236.,184.,242.,190.,9.80024305658
0.831017256394,Voter,13,7,46.,1,false,true,false,true,236.,184.,242.,190.,9.80024305658
0.831017256394,Voter,13,7,51.,1,false,true,false,true,236.,184.,242.,190.,9.80024305658
1.34977654799,Voter,13,5,1.,1,false,true,false,true,20.,20.,52.,48.,0.
1.34977654799,Voter,13,5,6.,1,false,true,false,true,60.,52.,56.,48.,12.3229403441
1.34977654799,Voter,13,5,11.,1,false,true,false,true,62.,52.,58.,48.,12.904622737
1.34977654799,Voter,13,5,16.,1,false,true,false,true,62.,52.,58.,48.,12.9335421486
1.34977654799,Voter,13,5,21.,1,false,true,false,true,62.,52.,58.,48.,12.9350343366
1.34977654799,Voter,13,5,26.,1,false,true,false,true,62.,52.,58.,48.,12.9351135427
1.34977654799,Voter,13,5,31.,1,false,true,false,true,62.,52.,58.,48.,12.9351178452
1.34977654799,Voter,13,5,36.,1,false,true,false,true,62.,52.,58.,48.,12.9351180836
1.34977654799,Voter,13,5,41.,1,false,true,false,true,62.,52.,58.,48.,12.935118097
1.34977654799,Voter,13,5,46.,1,false,true,false,true,62.,52.,58.,48.,12.9351180978
1.34977654799,Voter,13,5,51.,1,false,true,false,true,62.,52.,58.,48.,12.9351180978
1.04020361393,Sample,13,7,1.,1,false,true,false,true,32.,32.,98.,84.,0.
1.04020361393,Sample,13,7,6.,1,false,true,false,true,128.,102.,110.,94.,10.9829154316
1.04020361393,Sample,13,7,11.,1,false,true,false,true,128.,100.,110.,92.,11.2489915912
1.04020361393,Sample,13,7,16.,1,false,true,false,true,128.,100.,110.,92.,11.2559749559
1.04020361393,Sample,13,7,21.,1,false,true,false,true,128.,100.,110.,92.,11.2561681981
1.04020361393,Sample,13,7,26.,1,false,true,false,true,128.,100.,110.,92.,11.256173761
1.04020361393,Sample,13,7,31.,1,false,true,false,true,128.,100.,110.,92.,11.2561739264
1.04020361393,Sample,13,7,36.,1,false,true,false,true,128.,100.,110.,92.,11.2561739315
1.04020361393,Sample,13,7,41.,1,false,true,false,true,128.,100.,110.,92.,11.2561739316
1.04020361393,Sample,13,7,46.,1,false,true,false,true,128.,100.,110.,92.,11.2561739316
1.04020361393,Sample,13,7,51.,1,false,true,false,true,128.,100.,110.,92.,11.2561739316
1.259370412,Sample,13,6,1.,1,false,true,false,true,62.,56.,128.,106.,0.
1.259370412,Sample,13,6,6.,1,false,true,false,true,136.,112.,146.,120.,11.9926515583
1.259370412,Sample,13,6,11.,1,false,true,false,true,138.,112.,148.,120.,12.4711921926
1.259370412,Sample,13,6,16.,1,false,true,false,true,138.,112.,148.,120.,12.4914348713
1.259370412,Sample,13,6,21.,1,false,true,false,true,138.,112.,148.,120.,12.4923269095
1.259370412,Sample,13,6,26.,1,false,true,false,true,138.,112.,148.,120.,12.4923674552
1.259370412,Sample,13,6,31.,1,false,true,false,true,138.,112.,148.,120.,12.4923693452
1.259370412,Sample,13,6,36.,1,false,true,false,true,138.,112.,148.,120.,12.4923694352
1.259370412,Sample,13,6,41.,1,false,true,false,true,138.,112.,148.,120.,12.4923694396
1.259370412,Sample,13,6,46.,1,false,true,false,true,138.,112.,148.,120.,12.4923694398
1.259370412,Sample,13,6,51.,1,false,true,false,true,138.,112.,148.,120.,12.4923694398
1.0789968841,Sample,13,6,1.,1,false,true,false,true,40.,38.,102.,90.,0.
1.0789968841,Sample,13,6,6.,1,false,true,false,true,118.,102.,116.,108.,11.1856749791
1.0789968841,Sample,13,6,11.,1,false,true,false,true,122.,104.,112.,104.,11.4850571921
1.0789968841,Sample,13,6,16.,1,false,true,false,true,122.,104.,112.,104.,11.4936979228
1.0789968841,Sample,13,6,21.,1,false,true,false,true,122.,104.,112.,104.,11.4939602052
1.0789968841,Sample,13,6,26.,1,false,true,false,true,122.,104.,112.,104.,11.4939684726
1.0789968841,Sample,13,6,31.,1,false,true,false,true,122.,104.,112.,104.,11.4939687413
1.0789968841,Sample,13,6,36.,1,false,true,false,true,122.,104.,112.,104.,11.4939687503
1.0789968841,Sample,13,6,41.,1,false,true,false,true,122.,104.,112.,104.,11.4939687506
1.0789968841,Sample,13,6,46.,1,false,true,false,true,122.,104.,112.,104.,11.4939687506
1.0789968841,Sample,13,6,51.,1,false,true,false,true,122.,104.,112.,104.,11.4939687506
0.890864252769,Sample,13,4,1.,1,false,true,false,true,22.,20.,34.,30.,0.
0.890864252769,Sample,13,4,6.,1,false,true,false,true,44.,40.,40.,38.,10.0900060461
0.890864252769,Sample,13,4,11.,1,false,true,false,true,48.,42.,44.,42.,10.2469198778
0.890864252769,Sample,13,4,16.,1,false,true,false,true,50.,42.,46.,42.,10.2496232792
0.890864252769,Sample,13,4,21.,1,false,true,false,true,50.,42.,46.,42.,10.2496729677
0.890864252769,Sample,13,4,26.,1,false,true,false,true,50.,42.,46.,42.,10.2496739261
0.890864252769,Sample,13,4,31.,1,false,true,false,true,50.,42.,46.,42.,10.2496739453
0.890864252769,Sample,13,4,36.,1,false,true,false,true,50.,42.,46.,42.,10.2496739457
0.890864252769,Sample,13,4,41.,1,false,true,false,true,50.,42.,46.,42.,10.2496739457
0.890864252769,Sample,13,4,46.,1,false,true,false,true,50.,42.,46.,42.,10.2496739457
0.890864252769,Sample,13,4,51.,1,false,true,false,true,50.,42.,46.,42.,10.2496739457
1.27460336208,Voter,13,3,1.,1,false,true,false,true,0.,0.,10.,10.,0.
1.27460336208,Voter,13,3,6.,1,false,true,false,true,8.,8.,2.,2.,12.051503186
1.27460336208,Voter,13,3,11.,1,false,true,false,true,14.,14.,4.,4.,12.5468525038
1.27460336208,Voter,13,3,16.,1,false,true,false,true,14.,14.,4.,4.,12.5684109867
1.27460336208,Voter,13,3,21.,1,false,true,false,true,14.,14.,4.,4.,12.5693877704
1.27460336208,Voter,13,3,26.,1,false,true,false,true,14.,14.,4.,4.,12.5694333971
1.27460336208,Voter,13,3,31.,1,false,true,false,true,14.,14.,4.,4.,12.5694355819
1.27460336208,Voter,13,3,36.,1,false,true,false,true,14.,14.,4.,4.,12.5694356888
1.27460336208,Voter,13,3,41.,1,false,true,false,true,14.,14.,4.,4.,12.5694356941
1.27460336208,Voter,13,3,46.,1,false,true,false,true,14.,14.,4.,4.,12.5694356944
1.27460336208,Voter,13,3,51.,1,false,true,false,true,14.,14.,4.,4.,12.5694356944
1.13348535902,Voter,13,3,1.,1,false,true,false,true,0.,0.,6.,6.,0.
1.13348535902,Voter,13,3,6.,1,false,true,false,true,10.,10.,4.,4.,11.4521132841
1.13348535902,Voter,13,3,11.,1,false,true,false,true,10.,10.,4.,4.,11.8015326636
1.13348535902,Voter,13,3,16.,1,false,true,false,true,10.,10.,4.,4.,11.8129620669
1.13348535902,Voter,13,3,21.,1,false,true,false,true,10.,10.,4.,4.,11.8133539913
1.13348535902,Voter,13,3,26.,1,false,true,false,true,10.,10.,4.,4.,11.8133679152
1.13348535902,Voter,13,3,31.,1,false,true,false,true,10.,10.,4.,4.,11.8133684244
1.13348535902,Voter,13,3,36.,1,false,true,false,true,10.,10.,4.,4.,11.8133684435
1.13348535902,Voter,13,3,41.,1,false,true,false,true,10.,10.,4.,4.,11.8133684442
1.13348535902,Voter,13,3,46.,1,false,true,false,true,10.,10.,4.,4.,11.8133684442
1.13348535902,Voter,13,3,51.,1,false,true,false,true,10.,10.,4.,4.,11.8133684442
0.954026967018,Voter,13,5,1.,1,false,true,false,true,12.,12.,34.,30.,0.
0.954026967018,Voter,13,5,6.,1,false,true,false,true,44.,40.,18.,18.,10.4905905671
0.954026967018,Voter,13,5,11.,1,false,true,false,true,44.,40.,18.,18.,10.6898994428
0.954026967018,Voter,13,5,16.,1,false,true,false,true,44.,40.,18.,18.,10.6940508229
0.954026967018,Voter,13,5,21.,1,false,true,false,true,44.,40.,18.,18.,10.6941425675
0.954026967018,Voter,13,5,26.,1,false,true,false,true,44.,40.,18.,18.,10.6941446866
0.954026967018,Voter,13,5,31.,1,false,true,false,true,44.,40.,18.,18.,10.6941447373
0.954026967018,Voter,13,5,36.,1,false,true,false,true,44.,40.,18.,18.,10.6941447386
0.954026967018,Voter,13,5,41.,1,false,true,false,true,44.,40.,18.,18.,10.6941447386
0.954026967018,Voter,13,5,46.,1,false,true,false,true,44.,40.,18.,18.,10.6941447386
0.954026967018,Voter,13,5,51.,1,false,true,false,true,44.,40.,18.,18.,10.6941447386
1.36602452777,Sample,13,3,1.,1,false,true,false,true,4.,4.,18.,18.,0.
1.36602452777,Sample,13,3,6.,1,false,true,false,true,28.,24.,30.,28.,12.3776321564
1.36602452777,Sample,13,3,11.,1,false,true,false,true,32.,28.,26.,24.,12.978674062
1.36602452777,Sample,13,3,16.,1,false,true,false,true,32.,28.,26.,24.,13.009381783
1.36602452777,Sample,13,3,21.,1,false,true,false,true,32.,28.,26.,24.,13.0110090213
1.36602452777,Sample,13,3,26.,1,false,true,false,true,32.,28.,26.,24.,13.0110976895
1.36602452777,Sample,13,3,31.,1,false,true,false,true,32.,28.,26.,24.,13.0111026321
1.36602452777,Sample,13,3,36.,1,false,true,false,true,32.,28.,26.,24.,13.0111029131
1.36602452777,Sample,13,3,41.,1,false,true,false,true,32.,28.,26.,24.,13.0111029293
1.36602452777,Sample,13,3,46.,1,false,true,false,true,32.,28.,26.,24.,13.0111029302
1.36602452777,Sample,13,3,51.,1,false,true,false,true,32.,28.,26.,24.,13.0111029303
0.833079341609,Sample,13,5,1.,1,false,true,false,true,50.,46.,90.,76.,0.
0.833079341609,Sample,13,5,6.,1,false,true,false,true,98.,82.,94.,82.,9.69136408257
0.833079341609,Sample,13,5,11.,1,false,true,false,true,96.,80.,92.,80.,9.81443862543
0.833079341609,Sample,13,5,16.,1,false,true,false,true,96.,80.,92.,80.,9.81618961522
0.833079341609,Sample,13,5,21.,1,false,true,false,true,96.,80.,92.,80.,9.81621634604
0.833079341609,Sample,13,5,26.,1,false,true,false,true,96.,80.,92.,80.,9.81621677616
0.833079341609,Sample,13,5,31.,1,false,true,false,true,96.,80.,92.,80.,9.81621678338
0.833079341609,Sample,13,5,36.,1,false,true,false,true,96.,80.,92.,80.,9.81621678351
0.833079341609,Sample,13,5,41.,1,false,true,false,true,96.,80.,92.,80.,9.81621678351
0.833079341609,Sample,13,5,46.,1,false,true,false,true,96.,80.,92.,80.,9.81621678351
0.833079341609,Sample,13,5,51.,1,false,true,false,true,96.,80.,92.,80.,9.81621678351
1.19747118697,Voter,13,4,1.,1,false,true,false,true,36.,32.,34.,34.,0.
1.19747118697,Voter,13,4,6.,1,false,true,false,true,84.,72.,54.,50.,11.7393238056
1.19747118697,Voter,13,4,11.,1,false,true,false,true,84.,72.,54.,50.,12.1521197952
1.19747118697,Voter,13,4,16.,1,false,true,false,true,84.,72.,54.,50.,12.1675869421
1.19747118697,Voter,13,4,21.,1,false,true,false,true,84.,72.,54.,50.,12.1681924521
1.19747118697,Voter,13,4,26.,1,false,true,false,true,84.,72.,54.,50.,12.1682169525
1.19747118697,Voter,13,4,31.,1,false,true,false,true,84.,72.,54.,50.,12.1682179709
1.19747118697,Voter,13,4,36.,1,false,true,false,true,84.,72.,54.,50.,12.1682180142
1.19747118697,Voter,13,4,41.,1,false,true,false,true,84.,72.,54.,50.,12.1682180161
1.19747118697,Voter,13,4,46.,1,false,true,false,true,84.,72.,54.,50.,12.1682180161
1.19747118697,Voter,13,4,51.,1,false,true,false,true,84.,72.,54.,50.,12.1682180162
1.19100006705,Sample,13,7,1.,1,false,true,false,true,72.,68.,152.,124.,0.
1.19100006705,Sample,13,7,6.,1,false,true,false,true,224.,176.,212.,164.,11.7114807125
1.19100006705,Sample,13,7,11.,1,false,true,false,true,230.,182.,214.,166.,12.1176494814
1.19100006705,Sample,13,7,16.,1,false,true,false,true,230.,182.,214.,166.,12.1326682434
1.19100006705,Sample,13,7,21.,1,false,true,false,true,230.,182.,214.,166.,12.1332486587
1.19100006705,Sample,13,7,26.,1,false,true,false,true,230.,182.,214.,166.,12.1332718478
1.19100006705,Sample,13,7,31.,1,false,true,false,true,230.,182.,214.,166.,12.1332727997
1.19100006705,Sample,13,7,36.,1,false,true,false,true,230.,182.,214.,166.,12.1332728397
1.19100006705,Sample,13,7,41.,1,false,true,false,true,230.,182.,214.,166.,12.1332728414
1.19100006705,Sample,13,7,46.,1,false,true,false,true,230.,182.,214.,166.,12.1332728415
1.19100006705,Sample,13,7,51.,1,false,true,false,true,230.,182.,214.,166.,12.1332728415
1.14355530566,Voter,13,5,1.,1,false,true,false,true,12.,12.,20.,20.,0.
1.14355530566,Voter,13,5,6.,1,false,true,false,true,36.,34.,16.,16.,11.4991037751
1.14355530566,Voter,13,5,11.,1,false,true,false,true,36.,34.,16.,16.,11.8581739007
1.14355530566,Voter,13,5,16.,1,false,true,false,true,36.,34.,16.,16.,11.8701819216
1.14355530566,Voter,13,5,21.,1,false,true,false,true,36.,34.,16.,16.,11.8706026712
1.14355530566,Voter,13,5,26.,1,false,true,false,true,36.,34.,16.,16.,11.8706179393
1.14355530566,Voter,13,5,31.,1,false,true,false,true,36.,34.,16.,16.,11.8706185094
1.14355530566,Voter,13,5,36.,1,false,true,false,true,36.,34.,16.,16.,11.8706185312
1.14355530566,Voter,13,5,41.,1,false,true,false,true,36.,34.,16.,16.,11.870618532
1.14355530566,Voter,13,5,46.,1,false,true,false,true,36.,34.,16.,16.,11.8706185321
1.14355530566,Voter,13,5,51.,1,false,true,false,true,36.,34.,16.,16.,11.8706185321
1.23709930174,Voter,13,3,1.,1,false,true,false,true,6.,6.,6.,6.,0.
1.23709930174,Voter,13,3,6.,1,false,true,false,true,12.,10.,4.,4.,11.9041668326
1.23709930174,Voter,13,3,11.,1,false,true,false,true,12.,10.,4.,4.,12.3585719593
1.23709930174,Voter,13,3,16.,1,false,true,false,true,12.,10.,4.,4.,12.3769926467
1.23709930174,Voter,13,3,21.,1,false,true,false,true,12.,10.,4.,4.,12.3777713579
1.23709930174,Voter,13,3,26.,1,false,true,false,true,12.,10.,4.,4.,12.3778053363
1.23709930174,Voter,13,3,31.,1,false,true,false,true,12.,10.,4.,4.,12.3778068576
1.23709930174,Voter,13,3,36.,1,false,true,false,true,12.,10.,4.,4.,12.3778069273
1.23709930174,Voter,13,3,41.,1,false,true,false,true,12.,10.,4.,4.,12.3778069305
1.23709930174,Voter,13,3,46.,1,false,true,false,true,12.,10.,4.,4.,12.3778069307
1.23709930174,Voter,13,3,51.,1,false,true,false,true,12.,10.,4.,4.,12.3778069307
1.34773012334,Voter,13,6,1.,1,false,true,false,true,14.,14.,46.,42.,0.
1.34773012334,Voter,13,6,6.,1,false,true,false,true,70.,62.,26.,26.,12.3159546278
1.34773012334,Voter,13,6,11.,1,false,true,false,true,70.,62.,26.,26.,12.8952156295
1.34773012334,Voter,13,6,16.,1,false,true,false,true,70.,62.,26.,26.,12.9239149044
1.34773012334,Voter,13,6,21.,1,false,true,false,true,70.,62.,26.,26.,12.9253907216
1.34773012334,Voter,13,6,26.,1,false,true,false,true,70.,62.,26.,26.,12.925468798
1.34773012334,Voter,13,6,31.,1,false,true,false,true,70.,62.,26.,26.,12.9254730251
1.34773012334,Voter,13,6,36.,1,false,true,false,true,70.,62.,26.,26.,12.9254732586
1.34773012334,Voter,13,6,41.,1,false,true,false,true,70.,62.,26.,26.,12.9254732717
1.34773012334,Voter,13,6,46.,1,false,true,false,true,70.,62.,26.,26.,12.9254732724
1.34773012334,Voter,13,6,51.,1,false,true,false,true,70.,62.,26.,26.,12.9254732725
0.999355746832,Voter,13,6,1.,1,false,true,false,true,32.,30.,40.,38.,0.
0.999355746832,Voter,13,6,6.,1,false,true,false,true,80.,70.,56.,52.,10.7569995066
0.999355746832,Voter,13,6,11.,1,false,true,false,true,80.,70.,56.,52.,10.9901652979
0.999355746832,Voter,13,6,16.,1,false,true,false,true,80.,70.,56.,52.,10.9956699238
0.999355746832,Voter,13,6,21.,1,false,true,false,true,80.,70.,56.,52.,10.9958073304
0.999355746832,Voter,13,6,26.,1,false,true,false,true,80.,70.,56.,52.,10.995810906
0.999355746832,Voter,13,6,31.,1,false,true,false,true,80.,70.,56.,52.,10.9958110023
0.999355746832,Voter,13,6,36.,1,false,true,false,true,80.,70.,56.,52.,10.9958110049
0.999355746832,Voter,13,6,41.,1,false,true,false,true,80.,70.,56.,52.,10.995811005
0.999355746832,Voter,13,6,46.,1,false,true,false,true,80.,70.,56.,52.,10.995811005
0.999355746832,Voter,13,6,51.,1,false,true,false,true,80.,70.,56.,52.,10.995811005
1.38913433248,Voter,13,6,1.,1,false,true,false,true,16.,16.,44.,38.,0.
1.38913433248,Voter,13,6,6.,1,false,true,false,true,66.,60.,30.,30.,12.4530959192
1.38913433248,Voter,13,6,11.,1,false,true,false,true,66.,62.,30.,30.,13.0820748442
1.38913433248,Voter,13,6,16.,1,false,true,false,true,66.,62.,30.,30.,13.1154516462
1.38913433248,Voter,13,6,21.,1,false,true,false,true,66.,62.,30.,30.,13.1172870934
1.38913433248,Voter,13,6,26.,1,false,true,false,true,66.,62.,30.,30.,13.1173908207
1.38913433248,Voter,13,6,31.,1,false,true,false,true,66.,62.,30.,30.,13.1173968145
1.38913433248,Voter,13,6,36.,1,false,true,false,true,66.,62.,30.,30.,13.1173971675
1.38913433248,Voter,13,6,41.,1,false,true,false,true,66.,62.,30.,30.,13.1173971887
1.38913433248,Voter,13,6,46.,1,false,true,false,true,66.,62.,30.,30.,13.1173971899
1.38913433248,Voter,13,6,51.,1,false,true,false,true,66.,62.,30.,30.,13.11739719
1.06520465538,Voter,13,6,1.,1,false,true,false,true,14.,14.,46.,42.,0.
1.06520465538,Voter,13,6,6.,1,false,true,false,true,52.,48.,20.,20.,11.1148680812
1.06520465538,Voter,13,6,11.,1,false,true,false,true,52.,48.,20.,20.,11.4021837401
1.06520465538,Voter,13,6,16.,1,false,true,false,true,52.,48.,20.,20.,11.4102054952
1.06520465538,Voter,13,6,21.,1,false,true,false,true,52.,48.,20.,20.,11.4104412441
1.06520465538,Voter,13,6,26.,1,false,true,false,true,52.,48.,20.,20.,11.4104484433
1.06520465538,Voter,13,6,31.,1,false,true,false,true,52.,48.,20.,20.,11.4104486701
1.06520465538,Voter,13,6,36.,1,false,true,false,true,52.,48.,20.,20.,11.4104486774
1.06520465538,Voter,13,6,41.,1,false,true,false,true,52.,48.,20.,20.,11.4104486777
1.06520465538,Voter,13,6,46.,1,false,true,false,true,52.,48.,20.,20.,11.4104486777
1.06520465538,Voter,13,6,51.,1,false,true,false,true,52.,48.,20.,20.,11.4104486777
1.23205982932,Sample,13,7,1.,1,false,true,false,true,42.,42.,134.,112.,0.
1.23205982932,Sample,13,7,6.,1,false,true,false,true,166.,142.,158.,134.,11.8837353753
1.23205982932,Sample,13,7,11.,1,false,true,false,true,178.,146.,158.,134.,12.3327529917
1.23205982932,Sample,13,7,16.,1,false,true,false,true,178.,146.,158.,134.,12.3507778511
1.23205982932,Sample,13,7,21.,1,false,true,false,true,178.,146.,158.,134.,12.3515325794
1.23205982932,Sample,13,7,26.,1,false,true,false,true,178.,146.,158.,134.,12.3515652033
1.23205982932,Sample,13,7,31.,1,false,true,false,true,178.,146.,158.,134.,12.3515666506
1.23205982932,Sample,13,7,36.,1,false,true,false,true,178.,146.,158.,134.,12.3515667163
1.23205982932,Sample,13,7,41.,1,false,true,false,true,178.,146.,158.,134.,12.3515667193
1.23205982932,Sample,13,7,46.,1,false,true,false,true,178.,146.,158.,134.,12.3515667194
1.23205982932,Sample,13,7,51.,1,false,true,false,true,178.,146.,158.,134.,12.3515667195
1.00682570694,Voter,13,6,1.,1,false,true,false,true,34.,32.,82.,70.,0.
1.00682570694,Voter,13,6,6.,1,false,true,false,true,128.,98.,104.,84.,10.7992939957
1.00682570694,Voter,13,6,11.,1,false,true,false,true,128.,98.,104.,84.,11.0383099062
1.00682570694,Voter,13,6,16.,1,false,true,false,true,128.,98.,104.,84.,11.0440657208
1.00682570694,Voter,13,6,21.,1,false,true,false,true,128.,98.,104.,84.,11.0442121977
1.00682570694,Voter,13,6,26.,1,false,true,false,true,128.,98.,104.,84.,11.0442160821
1.00682570694,Voter,13,6,31.,1,false,true,false,true,128.,98.,104.,84.,11.0442161886
1.00682570694,Voter,13,6,36.,1,false,true,false,true,128.,98.,104.,84.,11.0442161916
1.00682570694,Voter,13,6,41.,1,false,true,false,true,128.,98.,104.,84.,11.0442161917
1.00682570694,Voter,13,6,46.,1,false,true,false,true,128.,98.,104.,84.,11.0442161917
1.00682570694,Voter,13,6,51.,1,false,true,false,true,128.,98.,104.,84.,11.0442161917
1.09853962789,Sample,13,5,1.,1,false,true,false,true,38.,36.,60.,58.,0.
1.09853962789,Sample,13,5,6.,1,false,true,false,true,98.,86.,104.,86.,11.2836424746
1.09853962789,Sample,13,5,11.,1,false,true,false,true,100.,86.,102.,86.,11.6005409385
1.09853962789,Sample,13,5,16.,1,false,true,false,true,100.,86.,102.,86.,11.6101173653
1.09853962789,Sample,13,5,21.,1,false,true,false,true,100.,86.,102.,86.,11.6104213594
1.09853962789,Sample,13,5,26.,1,false,true,false,true,100.,86.,102.,86.,11.6104313717
1.09853962789,Sample,13,5,31.,1,false,true,false,true,100.,86.,102.,86.,11.6104317116
1.09853962789,Sample,13,5,36.,1,false,true,false,true,100.,86.,102.,86.,11.6104317234
1.09853962789,Sample,13,5,41.,1,false,true,false,true,100.,86.,102.,86.,11.6104317238
1.09853962789,Sample,13,5,46.,1,false,true,false,true,100.,86.,102.,86.,11.6104317238
1.09853962789,Sample,13,5,51.,1,false,true,false,true,100.,86.,102.,86.,11.6104317238
1.00289022098,Voter,13,7,1.,1,false,true,false,true,36.,34.,86.,78.,0.
1.00289022098,Voter,13,7,6.,1,false,true,false,true,138.,112.,76.,64.,10.7770670635
1.00289022098,Voter,13,7,11.,1,false,true,false,true,138.,112.,76.,64.,11.0129914261
1.00289022098,Voter,13,7,16.,1,false,true,false,true,138.,112.,76.,64.,11.0186138654
1.00289022098,Voter,13,7,21.,1,false,true,false,true,138.,112.,76.,64.,11.0187555041
1.00289022098,Voter,13,7,26.,1,false,true,false,true,138.,112.,76.,64.,11.0187592231
1.00289022098,Voter,13,7,31.,1,false,true,false,true,138.,112.,76.,64.,11.0187593242
1.00289022098,Voter,13,7,36.,1,false,true,false,true,138.,112.,76.,64.,11.018759327
1.00289022098,Voter,13,7,41.,1,false,true,false,true,138.,112.,76.,64.,11.0187593271
1.00289022098,Voter,13,7,46.,1,false,true,false,true,138.,112.,76.,64.,11.0187593271
1.00289022098,Voter,13,7,51.,1,false,true,false,true,138.,112.,76.,64.,11.0187593271
0.943953318267,Voter,13,4,1.,1,false,true,false,true,10.,10.,14.,14.,0.
0.943953318267,Voter,13,4,6.,1,false,true,false,true,28.,26.,16.,16.,10.4290479422
0.943953318267,Voter,13,4,11.,1,false,true,false,true,28.,26.,16.,16.,10.6212195576
0.943953318267,Voter,13,4,16.,1,false,true,false,true,28.,26.,16.,16.,10.6251077702
0.943953318267,Voter,13,4,21.,1,false,true,false,true,28.,26.,16.,16.,10.625191309
0.943953318267,Voter,13,4,26.,1,false,true,false,true,28.,26.,16.,16.,10.6251931861
0.943953318267,Voter,13,4,31.,1,false,true,false,true,28.,26.,16.,16.,10.6251932298
0.943953318267,Voter,13,4,36.,1,false,true,false,true,28.,26.,16.,16.,10.6251932309
0.943953318267,Voter,13,4,41.,1,false,true,false,true,28.,26.,16.,16.,10.6251932309
0.943953318267,Voter,13,4,46.,1,false,true,false,true,28.,26.,16.,16.,10.6251932309
0.943953318267,Voter,13,4,51.,1,false,true,false,true,28.,26.,16.,16.,10.6251932309
0.843976594971,Sample,13,4,1.,1,false,true,false,true,6.,6.,20.,20.,0.
0.843976594971,Sample,13,4,6.,1,false,true,false,true,26.,24.,12.,12.,9.76900699216
0.843976594971,Sample,13,4,11.,1,false,true,false,true,28.,26.,14.,14.,9.89810040352
0.843976594971,Sample,13,4,16.,1,false,true,false,true,28.,26.,14.,14.,9.90000725498
0.843976594971,Sample,13,4,21.,1,false,true,false,true,28.,26.,14.,14.,9.9000374433
0.843976594971,Sample,13,4,26.,1,false,true,false,true,28.,26.,14.,14.,9.90003794661
0.843976594971,Sample,13,4,31.,1,false,true,false,true,28.,26.,14.,14.,9.90003795536
0.843976594971,Sample,13,4,36.,1,false,true,false,true,28.,26.,14.,14.,9.90003795552
0.843976594971,Sample,13,4,41.,1,false,true,false,true,28.,26.,14.,14.,9.90003795552
0.843976594971,Sample,13,4,46.,1,false,true,false,true,28.,26.,14.,14.,9.90003795552
0.843976594971,Sample,13,4,51.,1,false,true,false,true,28.,26.,14.,14.,9.90003795552
1.04156085175,Voter,13,3,1.,1,false,true,false,true,8.,8.,28.,24.,0.
1.04156085175,Voter,13,3,6.,1,false,true,false,true,28.,24.,36.,32.,10.9901998072
1.04156085175,Voter,13,3,11.,1,false,true,false,true,28.,24.,36.,32.,11.2574078381
1.04156085175,Voter,13,3,16.,1,false,true,false,true,28.,24.,36.,32.,11.2644448861
1.04156085175,Voter,13,3,21.,1,false,true,false,true,28.,24.,36.,32.,11.2646402618
1.04156085175,Voter,13,3,26.,1,false,true,false,true,28.,24.,36.,32.,11.2646459045
1.04156085175,Voter,13,3,31.,1,false,true,false,true,28.,24.,36.,32.,11.2646460728
1.04156085175,Voter,13,3,36.,1,false,true,false,true,28.,24.,36.,32.,11.264646078
1.04156085175,Voter,13,3,41.,1,false,true,false,true,28.,24.,36.,32.,11.2646460782
1.04156085175,Voter,13,3,46.,1,false,true,false,true,28.,24.,36.,32.,11.2646460782
1.04156085175,Voter,13,3,51.,1,false,true,false,true,28.,24.,36.,32.,11.2646460782
0.853953421945,Sample,13,7,1.,1,false,true,false,true,66.,58.,106.,86.,0.
0.853953421945,Sample,13,7,6.,1,false,true,false,true,152.,128.,108.,92.,9.83907052899
0.853953421945,Sample,13,7,11.,1,false,true,false,true,154.,130.,110.,94.,9.97382216853
0.853953421945,Sample,13,7,16.,1,false,true,false,true,154.,130.,110.,94.,9.97588093464
0.853953421945,Sample,13,7,21.,1,false,true,false,true,154.,130.,110.,94.,9.97591461218
0.853953421945,Sample,13,7,26.,1,false,true,false,true,154.,130.,110.,94.,9.97591519189
0.853953421945,Sample,13,7,31.,1,false,true,false,true,154.,130.,110.,94.,9.97591520229
0.853953421945,Sample,13,7,36.,1,false,true,false,true,154.,130.,110.,94.,9.97591520248
0.853953421945,Sample,13,7,41.,1,false,true,false,true,154.,130.,110.,94.,9.97591520248
0.853953421945,Sample,13,7,46.,1,false,true,false,true,154.,130.,110.,94.,9.97591520248
0.853953421945,Sample,13,7,51.,1,false,true,false,true,154.,130.,110.,94.,9.97591520248
0.842838736946,Sample,13,6,1.,1,false,true,false,true,46.,40.,82.,70.,0.
0.842838736946,Sample,13,6,6.,1,false,true,false,true,120.,94.,72.,66.,9.76095448334
0.842838736946,Sample,13,6,11.,1,false,true,false,true,124.,98.,72.,66.,9.88941154795
0.842838736946,Sample,13,6,16.,1,false,true,false,true,124.,98.,72.,66.,9.89130164059
0.842838736946,Sample,13,6,21.,1,false,true,false,true,124.,98.,72.,66.,9.8913314511
0.842838736946,Sample,13,6,26.,1,false,true,false,true,124.,98.,72.,66.,9.89133194628
0.842838736946,Sample,13,6,31.,1,false,true,false,true,124.,98.,72.,66.,9.89133195486
0.842838736946,Sample,13,6,36.,1,false,true,false,true,124.,98.,72.,66.,9.89133195502
0.842838736946,Sample,13,6,41.,1,false,true,false,true,124.,98.,72.,66.,9.89133195502
0.842838736946,Sample,13,6,46.,1,false,true,false,true,124.,98.,72.,66.,9.89133195502
0.842838736946,Sample,13,6,51.,1,false,true,false,true,124.,98.,72.,66.,9.89133195502
1.28300989624,Sample,13,7,1.,1,false,true,false,true,42.,36.,140.,114.,0.
1.28300989624,Sample,13,7,6.,1,false,true,false,true,202.,166.,232.,180.,12.0834111048
1.28300989624,Sample,13,7,11.,1,false,true,false,true,222.,178.,236.,180.,12.5881388303
1.28300989624,Sample,13,7,16.,1,false,true,false,true,222.,178.,236.,180.,12.6104481566
1.28300989624,Sample,13,7,21.,1,false,true,false,true,222.,178.,236.,180.,12.611474354
1.28300989624,Sample,13,7,26.,1,false,true,false,true,222.,178.,236.,180.,12.6115230064
1.28300989624,Sample,13,7,31.,1,false,true,false,true,222.,178.,236.,180.,12.6115253705
1.28300989624,Sample,13,7,36.,1,false,true,false,true,222.,178.,236.,180.,12.6115254879
1.28300989624,Sample,13,7,41.,1,false,true,false,true,222.,178.,236.,180.,12.6115254938
1.28300989624,Sample,13,7,46.,1,false,true,false,true,222.,178.,236.,180.,12.6115254941
1.28300989624,Sample,13,7,51.,1,false,true,false,true,222.,178.,236.,180.,12.6115254941
0.863469106911,Sample,13,5,1.,1,false,true,false,true,44.,42.,72.,58.,0.
0.863469106911,Sample,13,5,6.,1,false,true,false,true,96.,82.,76.,70.,9.90499807399
0.863469106911,Sample,13,5,11.,1,false,true,false,true,96.,82.,76.,70.,10.0452780934
0.863469106911,Sample,13,5,16.,1,false,true,false,true,96.,82.,76.,70.,10.0474902976
0.863469106911,Sample,13,5,21.,1,false,true,false,true,96.,82.,76.,70.,10.0475276138
0.863469106911,Sample,13,5,26.,1,false,true,false,true,96.,82.,76.,70.,10.0475282757
0.863469106911,Sample,13,5,31.,1,false,true,false,true,96.,82.,76.,70.,10.047528288
0.863469106911,Sample,13,5,36.,1,false,true,false,true,96.,82.,76.,70.,10.0475282882
0.863469106911,Sample,13,5,41.,1,false,true,false,true,96.,82.,76.,70.,10.0475282882
0.863469106911,Sample,13,5,46.,1,false,true,false,true,96.,82.,76.,70.,10.0475282882
0.863469106911,Sample,13,5,51.,1,false,true,false,true,96.,82.,76.,70.,10.0475282882
0.897808181591,Voter,13,7,1.,1,false,true,false,true,46.,42.,76.,68.,0.
0.897808181591,Voter,13,7,6.,1,false,true,false,true,128.,110.,82.,70.,10.1357914981
0.897808181591,Voter,13,7,11.,1,false,true,false,true,128.,110.,82.,70.,10.2970906882
0.897808181591,Voter,13,7,16.,1,false,true,false,true,128.,110.,82.,70.,10.2999309009
0.897808181591,Voter,13,7,21.,1,false,true,false,true,128.,110.,82.,70.,10.2999842205
0.897808181591,Voter,13,7,26.,1,false,true,false,true,128.,110.,82.,70.,10.2999852704
0.897808181591,Voter,13,7,31.,1,false,true,false,true,128.,110.,82.,70.,10.2999852919
0.897808181591,Voter,13,7,36.,1,false,true,false,true,128.,110.,82.,70.,10.2999852924
0.897808181591,Voter,13,7,41.,1,false,true,false,true,128.,110.,82.,70.,10.2999852924
0.897808181591,Voter,13,7,46.,1,false,true,false,true,128.,110.,82.,70.,10.2999852924
0.897808181591,Voter,13,7,51.,1,false,true,false,true,128.,110.,82.,70.,10.2999852924
1.01732189866,Voter,13,7,1.,1,false,true,false,true,80.,70.,162.,134.,0.
1.01732189866,Voter,13,7,6.,1,false,true,false,true,234.,182.,240.,188.,10.8579740687
1.01732189866,Voter,13,7,11.,1,false,true,false,true,236.,184.,242.,190.,11.1053379989
1.01732189866,Voter,13,7,16.,1,false,true,false,true,236.,184.,242.,190.,11.1114610248
1.01732189866,Voter,13,7,21.,1,false,true,false,true,236.,184.,242.,190.,11.1116210745
1.01732189866,Voter,13,7,26.,1,false,true,false,true,236.,184.,242.,190.,11.1116254317
1.01732189866,Voter,13,7,31.,1,false,true,false,true,236.,184.,242.,190.,11.1116255543
1.01732189866,Voter,13,7,36.,1,false,true,false,true,236.,184.,242.,190.,11.1116255579
1.01732189866,Voter,13,7,41.,1,false,true,false,true,236.,184.,242.,190.,11.111625558
1.01732189866,Voter,13,7,46.,1,false,true,false,true,236.,184.,242.,190.,11.111625558
1.01732189866,Voter,13,7,51.,1,false,true,false,true,236.,184.,242.,190.,11.111625558
1.31428466627,Sample,13,7,1.,1,false,true,false,true,20.,20.,112.,92.,0.
1.31428466627,Sample,13,7,6.,1,false,true,false,true,112.,90.,48.,44.,12.1986344664
1.31428466627,Sample,13,7,11.,1,false,true,false,true,118.,92.,46.,42.,12.7388742909
1.31428466627,Sample,13,7,16.,1,false,true,false,true,118.,92.,46.,42.,12.7641347114
1.31428466627,Sample,13,7,21.,1,false,true,false,true,118.,92.,46.,42.,12.7653622609
1.31428466627,Sample,13,7,26.,1,false,true,false,true,118.,92.,46.,42.,12.7654236891
1.31428466627,Sample,13,7,31.,1,false,true,false,true,118.,92.,46.,42.,12.7654268373
1.31428466627,Sample,13,7,36.,1,false,true,false,true,118.,92.,46.,42.,12.765427002
1.31428466627,Sample,13,7,41.,1,false,true,false,true,118.,92.,46.,42.,12.7654270107
1.31428466627,Sample,13,7,46.,1,false,true,false,true,118.,92.,46.,42.,12.7654270112
1.31428466627,Sample,13,7,51.,1,false,true,false,true,118.,92.,46.,42.,12.7654270112
1.13598388536,Voter,13,7,1.,1,false,true,false,true,26.,26.,60.,54.,0.
1.13598388536,Voter,13,7,6.,1,false,true,false,true,84.,72.,46.,42.,11.4638363725
1.13598388536,Voter,13,7,11.,1,false,true,false,true,88.,76.,50.,46.,11.815638749
1.13598388536,Voter,13,7,16.,1,false,true,false,true,88.,76.,50.,46.,11.8272098086
1.13598388536,Voter,13,7,21.,1,false,true,false,true,88.,76.,50.,46.,11.8276087318
1.13598388536,Voter,13,7,26.,1,false,true,false,true,88.,76.,50.,46.,11.8276229794
1.13598388536,Voter,13,7,31.,1,false,true,false,true,88.,76.,50.,46.,11.8276235031
1.13598388536,Voter,13,7,36.,1,false,true,false,true,88.,76.,50.,46.,11.8276235229
1.13598388536,Voter,13,7,41.,1,false,true,false,true,88.,76.,50.,46.,11.8276235236
1.13598388536,Voter,13,7,46.,1,false,true,false,true,88.,76.,50.,46.,11.8276235236
1.13598388536,Voter,13,7,51.,1,false,true,false,true,88.,76.,50.,46.,11.8276235236
1.38547134947,Sample,13,4,1.,1,false,true,false,true,4.,4.,22.,20.,0.
1.38547134947,Sample,13,4,6.,1,false,true,false,true,34.,30.,16.,16.,12.441314192
1.38547134947,Sample,13,4,11.,1,false,true,false,true,34.,30.,16.,16.,13.0658342033
1.38547134947,Sample,13,4,16.,1,false,true,false,true,34.,30.,16.,16.,13.0987780076
1.38547134947,Sample,13,4,21.,1,false,true,false,true,34.,30.,16.,16.,13.1005791489
1.38547134947,Sample,13,4,26.,1,false,true,false,true,34.,30.,16.,16.,13.1006803573
1.38547134947,Sample,13,4,31.,1,false,true,false,true,34.,30.,16.,16.,13.1006861727
1.38547134947,Sample,13,4,36.,1,false,true,false,true,34.,30.,16.,16.,13.1006865133
1.38547134947,Sample,13,4,41.,1,false,true,false,true,34.,30.,16.,16.,13.1006865335
1.38547134947,Sample,13,4,46.,1,false,true,false,true,34.,30.,16.,16.,13.1006865348
1.38547134947,Sample,13,4,51.,1,false,true,false,true,34.,30.,16.,16.,13.1006865348
0.855509990381,Sample,13,6,1.,1,false,true,false,true,58.,52.,120.,100.,0.
0.855509990381,Sample,13,6,6.,1,false,true,false,true,130.,106.,140.,114.,9.84991455276
0.855509990381,Sample,13,6,11.,1,false,true,false,true,130.,106.,140.,114.,9.98556172353
0.855509990381,Sample,13,6,16.,1,false,true,false,true,130.,106.,140.,114.,9.9876450096
0.855509990381,Sample,13,6,21.,1,false,true,false,true,130.,106.,140.,114.,9.98767926103
0.855509990381,Sample,13,6,26.,1,false,true,false,true,130.,106.,140.,114.,9.98767985352
0.855509990381,Sample,13,6,31.,1,false,true,false,true,130.,106.,140.,114.,9.98767986421
0.855509990381,Sample,13,6,36.,1,false,true,false,true,130.,106.,140.,114.,9.9876798644
0.855509990381,Sample,13,6,41.,1,false,true,false,true,130.,106.,140.,114.,9.98767986441
0.855509990381,Sample,13,6,46.,1,false,true,false,true,130.,106.,140.,114.,9.98767986441
0.855509990381,Sample,13,6,51.,1,false,true,false,true,130.,106.,140.,114.,9.98767986441
1.31716406262,Voter,13,7,1.,1,false,true,false,true,18.,16.,78.,68.,0.
1.31716406262,Voter,13,7,6.,1,false,true,false,true,100.,80.,60.,52.,12.2089714573
1.31716406262,Voter,13,7,11.,1,false,true,false,true,100.,80.,60.,52.,12.7525290077
1.31716406262,Voter,13,7,16.,1,false,true,false,true,100.,80.,60.,52.,12.778073838
1.31716406262,Voter,13,7,21.,1,false,true,false,true,100.,80.,60.,52.,12.7793213762
1.31716406262,Voter,13,7,26.,1,false,true,false,true,100.,80.,60.,52.,12.7793841096
1.31716406262,Voter,13,7,31.,1,false,true,false,true,100.,80.,60.,52.,12.7793873403
1.31716406262,Voter,13,7,36.,1,false,true,false,true,100.,80.,60.,52.,12.77938751
1.31716406262,Voter,13,7,41.,1,false,true,false,true,100.,80.,60.,52.,12.7793875191
1.31716406262,Voter,13,7,46.,1,false,true,false,true,100.,80.,60.,52.,12.7793875196
1.31716406262,Voter,13,7,51.,1,false,true,false,true,100.,80.,60.,52.,12.7793875197
1.04617856418,Voter,13,4,1.,1,false,true,false,true,6.,6.,12.,12.,0.
1.04617856418,Voter,13,4,6.,1,false,true,false,true,20.,20.,14.,14.,11.0148784618
1.04617856418,Voter,13,4,11.,1,false,true,false,true,20.,20.,14.,14.,11.2859557255
1.04617856418,Voter,13,4,16.,1,false,true,false,true,20.,20.,14.,14.,11.2931776962
1.04617856418,Voter,13,4,21.,1,false,true,false,true,20.,20.,14.,14.,11.2933804759
1.04617856418,Voter,13,4,26.,1,false,true,false,true,20.,20.,14.,14.,11.2933863974
1.04617856418,Voter,13,4,31.,1,false,true,false,true,20.,20.,14.,14.,11.2933865759
1.04617856418,Voter,13,4,36.,1,false,true,false,true,20.,20.,14.,14.,11.2933865815
1.04617856418,Voter,13,4,41.,1,false,true,false,true,20.,20.,14.,14.,11.2933865816
1.04617856418,Voter,13,4,46.,1,false,true,false,true,20.,20.,14.,14.,11.2933865816
1.04617856418,Voter,13,4,51.,1,false,true,false,true,20.,20.,14.,14.,11.2933865816
1.05864408693,Voter,13,3,1.,1,false,true,false,true,2.,2.,6.,6.,0.
1.05864408693,Voter,13,3,6.,1,false,true,false,true,8.,6.,4.,4.,11.0806952021
1.05864408693,Voter,13,3,11.,1,false,true,false,true,8.,6.,4.,4.,11.3623579275
1.05864408693,Voter,13,3,16.,1,false,true,false,true,8.,6.,4.,4.,11.3700969272
1.05864408693,Voter,13,3,21.,1,false,true,false,true,8.,6.,4.,4.,11.3703208472
1.05864408693,Voter,13,3,26.,1,false,true,false,true,8.,6.,4.,4.,11.3703275814
1.05864408693,Voter,13,3,31.,1,false,true,false,true,8.,6.,4.,4.,11.3703277904
1.05864408693,Voter,13,3,36.,1,false,true,false,true,8.,6.,4.,4.,11.370327797
1.05864408693,Voter,13,3,41.,1,false,true,false,true,8.,6.,4.,4.,11.3703277973
1.05864408693,Voter,13,3,46.,1,false,true,false,true,8.,6.,4.,4.,11.3703277973
1.05864408693,Voter,13,3,51.,1,false,true,false,true,8.,6.,4.,4.,11.3703277973
1.12080401919,Voter,13,3,1.,1,false,true,false,true,8.,6.,16.,16.,0.
1.12080401919,Voter,13,3,6.,1,false,true,false,true,28.,24.,32.,28.,11.3919556666
1.12080401919,Voter,13,3,11.,1,false,true,false,true,28.,24.,32.,28.,11.7293982097
1.12080401919,Voter,13,3,16.,1,false,true,false,true,28.,24.,32.,28.,11.7401277788
1.12080401919,Voter,13,3,21.,1,false,true,false,true,28.,24.,32.,28.,11.7404856924
1.12080401919,Voter,13,3,26.,1,false,true,false,true,28.,24.,32.,28.,11.7404980683
1.12080401919,Voter,13,3,31.,1,false,true,false,true,28.,24.,32.,28.,11.740498509
1.12080401919,Voter,13,3,36.,1,false,true,false,true,28.,24.,32.,28.,11.7404985251
1.12080401919,Voter,13,3,41.,1,false,true,false,true,28.,24.,32.,28.,11.7404985257
1.12080401919,Voter,13,3,46.,1,false,true,false,true,28.,24.,32.,28.,11.7404985257
1.12080401919,Voter,13,3,51.,1,false,true,false,true,28.,24.,32.,28.,11.7404985257
1.31712830213,Voter,13,6,1.,1,false,true,false,true,40.,38.,78.,70.,0.
1.31712830213,Voter,13,6,6.,1,false,true,false,true,120.,100.,90.,76.,12.2088433544
1.31712830213,Voter,13,6,11.,1,false,true,false,true,124.,102.,86.,74.,12.7523596516
1.31712830213,Voter,13,6,16.,1,false,true,false,true,124.,102.,86.,74.,12.7779009363
1.31712830213,Voter,13,6,21.,1,false,true,false,true,124.,102.,86.,74.,12.7791482248
1.31712830213,Voter,13,6,26.,1,false,true,false,true,124.,102.,86.,74.,12.7792109418
1.31712830213,Voter,13,6,31.,1,false,true,false,true,124.,102.,86.,74.,12.7792141714
1.31712830213,Voter,13,6,36.,1,false,true,false,true,124.,102.,86.,74.,12.7792143411
1.31712830213,Voter,13,6,41.,1,false,true,false,true,124.,102.,86.,74.,12.7792143502
1.31712830213,Voter,13,6,46.,1,false,true,false,true,124.,102.,86.,74.,12.7792143507
1.31712830213,Voter,13,6,51.,1,false,true,false,true,124.,102.,86.,74.,12.7792143507
1.23783190134,Sample,13,6,1.,1,false,true,false,true,34.,34.,110.,86.,0.
1.23783190134,Sample,13,6,6.,1,false,true,false,true,112.,98.,76.,70.,11.9071243161
1.23783190134,Sample,13,6,11.,1,false,true,false,true,124.,102.,76.,70.,12.3623149282
1.23783190134,Sample,13,6,16.,1,false,true,false,true,124.,102.,76.,70.,12.3807936584
1.23783190134,Sample,13,6,21.,1,false,true,false,true,124.,102.,76.,70.,12.3815759058
1.23783190134,Sample,13,6,26.,1,false,true,false,true,124.,102.,76.,70.,12.3816100849
1.23783190134,Sample,13,6,31.,1,false,true,false,true,124.,102.,76.,70.,12.3816116173
1.23783190134,Sample,13,6,36.,1,false,true,false,true,124.,102.,76.,70.,12.3816116876
1.23783190134,Sample,13,6,41.,1,false,true,false,true,124.,102.,76.,70.,12.3816116909
1.23783190134,Sample,13,6,46.,1,false,true,false,true,124.,102.,76.,70.,12.381611691
1.23783190134,Sample,13,6,51.,1,false,true,false,true,124.,102.,76.,70.,12.381611691
1.24432115992,Voter,13,5,1.,1,false,true,false,true,20.,18.,42.,38.,0.
1.24432115992,Voter,13,5,6.,1,false,true,false,true,52.,48.,42.,36.,11.9331813868
1.24432115992,Voter,13,5,11.,1,false,true,false,true,54.,50.,40.,36.,12.3953549593
1.24432115992,Voter,13,5,16.,1,false,true,false,true,54.,50.,40.,36.,12.4143534013
1.24432115992,Voter,13,5,21.,1,false,true,false,true,54.,50.,40.,36.,12.4151675313
1.24432115992,Voter,13,5,26.,1,false,true,false,true,54.,50.,40.,36.,12.4152035331
1.24432115992,Voter,13,5,31.,1,false,true,false,true,54.,50.,40.,36.,12.4152051664
1.24432115992,Voter,13,5,36.,1,false,true,false,true,54.,50.,40.,36.,12.4152052421
1.24432115992,Voter,13,5,41.,1,false,true,false,true,54.,50.,40.,36.,12.4152052457
1.24432115992,Voter,13,5,46.,1,false,true,false,true,54.,50.,40.,36.,12.4152052459
1.24432115992,Voter,13,5,51.,1,false,true,false,true,54.,50.,40.,36.,12.4152052459
0.83610170993,Voter,13,6,1.,1,false,true,false,true,36.,34.,36.,36.,0.
0.83610170993,Voter,13,6,6.,1,false,true,false,true,82.,72.,54.,54.,9.71301609763
0.83610170993,Voter,13,6,11.,1,false,true,false,true,82.,72.,54.,54.,9.8377431087
0.83610170993,Voter,13,6,16.,1,false,true,false,true,82.,72.,54.,54.,9.83953629853
0.83610170993,Voter,13,6,21.,1,false,true,false,true,82.,72.,54.,54.,9.83956395292
0.83610170993,Voter,13,6,26.,1,false,true,false,true,82.,72.,54.,54.,9.83956440233
0.83610170993,Voter,13,6,31.,1,false,true,false,true,82.,72.,54.,54.,9.83956440995
0.83610170993,Voter,13,6,36.,1,false,true,false,true,82.,72.,54.,54.,9.83956441008
0.83610170993,Voter,13,6,41.,1,false,true,false,true,82.,72.,54.,54.,9.83956441009
0.83610170993,Voter,13,6,46.,1,false,true,false,true,82.,72.,54.,54.,9.83956441009
0.83610170993,Voter,13,6,51.,1,false,true,false,true,82.,72.,54.,54.,9.83956441009
1.22262817082,Sample,13,5,1.,1,false,true,false,true,52.,44.,100.,80.,0.
1.22262817082,Sample,13,5,6.,1,false,true,false,true,118.,94.,138.,106.,11.845084816
1.22262817082,Sample,13,5,11.,1,false,true,false,true,124.,98.,144.,110.,12.2840938387
1.22262817082,Sample,13,5,16.,1,false,true,false,true,124.,98.,144.,110.,12.3013939181
1.22262817082,Sample,13,5,21.,1,false,true,false,true,124.,98.,144.,110.,12.3021053392
1.22262817082,Sample,13,5,26.,1,false,true,false,true,124.,98.,144.,110.,12.3021355505
1.22262817082,Sample,13,5,31.,1,false,true,false,true,124.,98.,144.,110.,12.3021368675
1.22262817082,Sample,13,5,36.,1,false,true,false,true,124.,98.,144.,110.,12.3021369262
1.22262817082,Sample,13,5,41.,1,false,true,false,true,124.,98.,144.,110.,12.3021369289
1.22262817082,Sample,13,5,46.,1,false,true,false,true,124.,98.,144.,110.,12.302136929
1.22262817082,Sample,13,5,51.,1,false,true,false,true,124.,98.,144.,110.,12.302136929
1.10684955794,Voter,13,3,1.,1,false,true,false,true,0.,0.,6.,6.,0.
1.10684955794,Voter,13,3,6.,1,false,true,false,true,6.,6.,0.,0.,11.324475295
1.10684955794,Voter,13,3,11.,1,false,true,false,true,6.,6.,0.,0.,11.6489689287
1.10684955794,Voter,13,3,16.,1,false,true,false,true,6.,6.,0.,0.,11.6589646901
1.10684955794,Voter,13,3,21.,1,false,true,false,true,6.,6.,0.,0.,11.6592879786
1.10684955794,Voter,13,3,26.,1,false,true,false,true,6.,6.,0.,0.,11.6592988233
1.10684955794,Voter,13,3,31.,1,false,true,false,true,6.,6.,0.,0.,11.6592991981
1.10684955794,Voter,13,3,36.,1,false,true,false,true,6.,6.,0.,0.,11.6592992114
1.10684955794,Voter,13,3,41.,1,false,true,false,true,6.,6.,0.,0.,11.6592992119
1.10684955794,Voter,13,3,46.,1,false,true,false,true,6.,6.,0.,0.,11.6592992119
1.10684955794,Voter,13,3,51.,1,false,true,false,true,6.,6.,0.,0.,11.6592992119
1.32665800606,Voter,13,6,1.,1,false,true,false,true,18.,16.,68.,56.,0.
1.32665800606,Voter,13,6,6.,1,false,true,false,true,106.,86.,72.,62.,12.2427360747
1.32665800606,Voter,13,6,11.,1,false,true,false,true,108.,86.,74.,64.,12.7972891137
1.32665800606,Voter,13,6,16.,1,false,true,false,true,108.,86.,74.,64.,12.8237871312
1.32665800606,Voter,13,6,21.,1,false,true,false,true,110.,88.,72.,62.,12.8251023869
1.32665800606,Voter,13,6,26.,1,false,true,false,true,110.,88.,72.,62.,12.8251695893
1.32665800606,Voter,13,6,31.,1,false,true,false,true,110.,88.,72.,62.,12.8251731049
1.32665800606,Voter,13,6,36.,1,false,true,false,true,110.,88.,72.,62.,12.8251732926
1.32665800606,Voter,13,6,41.,1,false,true,false,true,110.,88.,72.,62.,12.8251733028
1.32665800606,Voter,13,6,46.,1,false,true,false,true,110.,88.,72.,62.,12.8251733033
1.32665800606,Voter,13,6,51.,1,false,true,false,true,110.,88.,72.,62.,12.8251733034
1.27441915374,Voter,13,3,1.,1,false,true,false,true,2.,2.,4.,4.,0.
1.27441915374,Voter,13,3,6.,1,false,true,false,true,6.,6.,0.,0.,12.0507994896
1.27441915374,Voter,13,3,11.,1,false,true,false,true,6.,6.,0.,0.,12.5459441114
1.27441915374,Voter,13,3,16.,1,false,true,false,true,6.,6.,0.,0.,12.5674863394
1.27441915374,Voter,13,3,21.,1,false,true,false,true,6.,6.,0.,0.,12.5684620617
1.27441915374,Voter,13,3,26.,1,false,true,false,true,6.,6.,0.,0.,12.5685076239
1.27441915374,Voter,13,3,31.,1,false,true,false,true,6.,6.,0.,0.,12.568509805
1.27441915374,Voter,13,3,36.,1,false,true,false,true,6.,6.,0.,0.,12.5685099116
1.27441915374,Voter,13,3,41.,1,false,true,false,true,6.,6.,0.,0.,12.5685099169
1.27441915374,Voter,13,3,46.,1,false,true,false,true,6.,6.,0.,0.,12.5685099172
1.27441915374,Voter,13,3,51.,1,false,true,false,true,6.,6.,0.,0.,12.5685099172
1.38265879254,Sample,13,4,1.,1,false,true,false,true,32.,30.,60.,56.,0.
1.38265879254,Sample,13,4,6.,1,false,true,false,true,76.,62.,60.,56.,12.4322222014
1.38265879254,Sample,13,4,11.,1,false,true,false,true,76.,62.,60.,56.,13.0533263115
1.38265879254,Sample,13,4,16.,1,false,true,false,true,76.,62.,60.,56.,13.0859402
1.38265879254,Sample,13,4,21.,1,false,true,false,true,76.,62.,60.,56.,13.0877153386
1.38265879254,Sample,13,4,26.,1,false,true,false,true,76.,62.,60.,56.,13.0878146474
1.38265879254,Sample,13,4,31.,1,false,true,false,true,76.,62.,60.,56.,13.0878203289
1.38265879254,Sample,13,4,36.,1,false,true,false,true,76.,62.,60.,56.,13.0878206602
1.38265879254,Sample,13,4,41.,1,false,true,false,true,76.,62.,60.,56.,13.0878206798
1.38265879254,Sample,13,4,46.,1,false,true,false,true,76.,62.,60.,56.,13.087820681
1.38265879254,Sample,13,4,51.,1,false,true,false,true,76.,62.,60.,56.,13.0878206811
1.09438396397,Voter,13,5,1.,1,false,true,false,true,24.,22.,58.,50.,0.
1.09438396397,Voter,13,5,6.,1,false,true,false,true,82.,70.,92.,74.,11.2630392101
1.09438396397,Voter,13,5,11.,1,false,true,false,true,84.,72.,90.,74.,11.5761721851
1.09438396397,Voter,13,5,16.,1,false,true,false,true,84.,72.,90.,74.,11.5855437638
1.09438396397,Voter,13,5,21.,1,false,true,false,true,84.,72.,90.,74.,11.5858384658
1.09438396397,Voter,13,5,26.,1,false,true,false,true,84.,72.,90.,74.,11.5858480828
1.09438396397,Voter,13,5,31.,1,false,true,false,true,84.,72.,90.,74.,11.5858484062
1.09438396397,Voter,13,5,36.,1,false,true,false,true,84.,72.,90.,74.,11.5858484174
1.09438396397,Voter,13,5,41.,1,false,true,false,true,84.,72.,90.,74.,11.5858484178
1.09438396397,Voter,13,5,46.,1,false,true,false,true,84.,72.,90.,74.,11.5858484178
1.09438396397,Voter,13,5,51.,1,false,true,false,true,84.,72.,90.,74.,11.5858484178
1.30434717121,Voter,13,3,1.,1,false,true,false,true,10.,10.,16.,16.,0.
1.30434717121,Voter,13,3,6.,1,false,true,false,true,28.,28.,26.,26.,12.1626105676
1.30434717121,Voter,13,3,11.,1,false,true,false,true,28.,28.,26.,26.,12.6914618641
1.30434717121,Voter,13,3,16.,1,false,true,false,true,28.,28.,26.,26.,12.715757312
1.30434717121,Voter,13,3,21.,1,false,true,false,true,28.,28.,26.,26.,12.7169177954
1.30434717121,Voter,13,3,26.,1,false,true,false,true,28.,28.,26.,26.,12.7169748916
1.30434717121,Voter,13,3,31.,1,false,true,false,true,28.,28.,26.,26.,12.7169777693
1.30434717121,Voter,13,3,36.,1,false,true,false,true,28.,28.,26.,26.,12.7169779174
1.30434717121,Voter,13,3,41.,1,false,true,false,true,28.,28.,26.,26.,12.7169779251
1.30434717121,Voter,13,3,46.,1,false,true,false,true,28.,28.,26.,26.,12.7169779255
1.30434717121,Voter,13,3,51.,1,false,true,false,true,28.,28.,26.,26.,12.7169779255
1.23708884858,Voter,13,3,1.,1,false,true,false,true,14.,14.,12.,10.,0.
1.23708884858,Voter,13,3,6.,1,false,true,false,true,24.,22.,10.,10.,11.9041246103
1.23708884858,Voter,13,3,11.,1,false,true,false,true,26.,24.,12.,12.,12.3585185334
1.23708884858,Voter,13,3,16.,1,false,true,false,true,26.,24.,12.,12.,12.3769383936
1.23708884858,Voter,13,3,21.,1,false,true,false,true,26.,24.,12.,12.,12.3777170544
1.23708884858,Voter,13,3,26.,1,false,true,false,true,26.,24.,12.,12.,12.3777510299
1.23708884858,Voter,13,3,31.,1,false,true,false,true,26.,24.,12.,12.,12.3777525511
1.23708884858,Voter,13,3,36.,1,false,true,false,true,26.,24.,12.,12.,12.3777526207
1.23708884858,Voter,13,3,41.,1,false,true,false,true,26.,24.,12.,12.,12.377752624
1.23708884858,Voter,13,3,46.,1,false,true,false,true,26.,24.,12.,12.,12.3777526241
1.23708884858,Voter,13,3,51.,1,false,true,false,true,26.,24.,12.,12.,12.3777526241
1.38646656624,Sample,13,4,1.,1,false,true,false,true,22.,22.,38.,32.,0.
1.38646656624,Sample,13,4,6.,1,false,true,false,true,60.,54.,32.,32.,12.444521874
1.38646656624,Sample,13,4,11.,1,false,true,false,true,60.,54.,32.,32.,13.0702522189
1.38646656624,Sample,13,4,16.,1,false,true,false,true,60.,54.,32.,32.,13.1033132942
1.38646656624,Sample,13,4,21.,1,false,true,false,true,60.,54.,32.,32.,13.1051237068
1.38646656624,Sample,13,4,26.,1,false,true,false,true,60.,54.,32.,32.,13.1052255944
1.38646656624,Sample,13,4,31.,1,false,true,false,true,60.,54.,32.,32.,13.1052314578
1.38646656624,Sample,13,4,36.,1,false,true,false,true,60.,54.,32.,32.,13.1052318017
1.38646656624,Sample,13,4,41.,1,false,true,false,true,60.,54.,32.,32.,13.1052318223
1.38646656624,Sample,13,4,46.,1,false,true,false,true,60.,54.,32.,32.,13.1052318235
1.38646656624,Sample,13,4,51.,1,false,true,false,true,60.,54.,32.,32.,13.1052318236
1.34515914712,Sample,13,6,1.,1,false,true,false,true,34.,32.,94.,76.,0.
1.34515914712,Sample,13,6,6.,1,false,true,false,true,118.,100.,78.,70.,12.3071471774
1.34515914712,Sample,13,6,11.,1,false,true,false,true,134.,112.,82.,74.,12.883371554
1.34515914712,Sample,13,6,16.,1,false,true,false,true,136.,114.,84.,74.,12.9117958716
1.34515914712,Sample,13,6,21.,1,false,true,false,true,136.,114.,84.,74.,12.9132513204
1.34515914712,Sample,13,6,26.,1,false,true,false,true,136.,114.,84.,74.,12.9133279965
1.34515914712,Sample,13,6,31.,1,false,true,false,true,136.,114.,84.,74.,12.9133321306
1.34515914712,Sample,13,6,36.,1,false,true,false,true,136.,114.,84.,74.,12.913332358
1.34515914712,Sample,13,6,41.,1,false,true,false,true,136.,114.,84.,74.,12.9133323707
1.34515914712,Sample,13,6,46.,1,false,true,false,true,136.,114.,84.,74.,12.9133323715
1.34515914712,Sample,13,6,51.,1,false,true,false,true,136.,114.,84.,74.,12.9133323715
1.3143527071,Sample,13,6,1.,1,false,true,false,true,32.,32.,78.,68.,0.
1.3143527071,Sample,13,6,6.,1,false,true,false,true,118.,102.,108.,96.,12.1988792532
1.3143527071,Sample,13,6,11.,1,false,true,false,true,118.,102.,108.,96.,12.7391973841
1.3143527071,Sample,13,6,16.,1,false,true,false,true,118.,102.,108.,96.,12.7644645003
1.3143527071,Sample,13,6,21.,1,false,true,false,true,118.,102.,108.,96.,12.7656925192
1.3143527071,Sample,13,6,26.,1,false,true,false,true,118.,102.,108.,96.,12.7657539779
1.3143527071,Sample,13,6,31.,1,false,true,false,true,118.,102.,108.,96.,12.7657571281
1.3143527071,Sample,13,6,36.,1,false,true,false,true,118.,102.,108.,96.,12.7657572929
1.3143527071,Sample,13,6,41.,1,false,true,false,true,118.,102.,108.,96.,12.7657573017
1.3143527071,Sample,13,6,46.,1,false,true,false,true,118.,102.,108.,96.,12.7657573021
1.3143527071,Sample,13,6,51.,1,false,true,false,true,118.,102.,108.,96.,12.7657573022
1.17683030908,Sample,13,5,1.,1,false,true,false,true,36.,36.,74.,64.,0.
1.17683030908,Sample,13,5,6.,1,false,true,false,true,94.,80.,76.,72.,11.6495837863
1.17683030908,Sample,13,5,11.,1,false,true,false,true,96.,82.,74.,72.,12.0414092147
1.17683030908,Sample,13,5,16.,1,false,true,false,true,96.,82.,74.,72.,12.0554783752
1.17683030908,Sample,13,5,21.,1,false,true,false,true,96.,82.,74.,72.,12.0560067411
1.17683030908,Sample,13,5,26.,1,false,true,false,true,96.,82.,74.,72.,12.0560272652
1.17683030908,Sample,13,5,31.,1,false,true,false,true,96.,82.,74.,72.,12.0560280847
1.17683030908,Sample,13,5,36.,1,false,true,false,true,96.,82.,74.,72.,12.0560281182
1.17683030908,Sample,13,5,41.,1,false,true,false,true,96.,82.,74.,72.,12.0560281196
1.17683030908,Sample,13,5,46.,1,false,true,false,true,96.,82.,74.,72.,12.0560281196
1.17683030908,Sample,13,5,51.,1,false,true,false,true,96.,82.,74.,72.,12.0560281196
0.916795674773,Voter,13,7,1.,1,false,true,false,true,16.,14.,60.,52.,0.
0.916795674773,Voter,13,7,6.,1,false,true,false,true,76.,64.,32.,28.,10.2587495346
0.916795674773,Voter,13,7,11.,1,false,true,false,true,76.,64.,32.,28.,10.4323884696
0.916795674773,Voter,13,7,16.,1,false,true,false,true,76.,64.,32.,28.,10.4356298325
0.916795674773,Voter,13,7,21.,1,false,true,false,true,76.,64.,32.,28.,10.4356942327
0.916795674773,Voter,13,7,26.,1,false,true,false,true,76.,64.,32.,28.,10.4356955731
0.916795674773,Voter,13,7,31.,1,false,true,false,true,76.,64.,32.,28.,10.4356956021
0.916795674773,Voter,13,7,36.,1,false,true,false,true,76.,64.,32.,28.,10.4356956027
0.916795674773,Voter,13,7,41.,1,false,true,false,true,76.,64.,32.,28.,10.4356956027
0.916795674773,Voter,13,7,46.,1,false,true,false,true,76.,64.,32.,28.,10.4356956027
0.916795674773,Voter,13,7,51.,1,false,true,false,true,76.,64.,32.,28.,10.4356956027
1.16570330453,Voter,13,6,1.,1,false,true,false,true,20.,20.,54.,46.,0.
1.16570330453,Voter,13,6,6.,1,false,true,false,true,80.,70.,42.,40.,11.6000725249
1.16570330453,Voter,13,6,11.,1,false,true,false,true,84.,74.,46.,44.,11.9807985835
1.16570330453,Voter,13,6,16.,1,false,true,false,true,84.,74.,46.,44.,11.9941525334
1.16570330453,Voter,13,6,21.,1,false,true,false,true,84.,74.,46.,44.,11.9946427071
1.16570330453,Voter,13,6,26.,1,false,true,false,true,84.,74.,46.,44.,11.994661325
1.16570330453,Voter,13,6,31.,1,false,true,false,true,84.,74.,46.,44.,11.9946620521
1.16570330453,Voter,13,6,36.,1,false,true,false,true,84.,74.,46.,44.,11.9946620812
1.16570330453,Voter,13,6,41.,1,false,true,false,true,84.,74.,46.,44.,11.9946620824
1.16570330453,Voter,13,6,46.,1,false,true,false,true,84.,74.,46.,44.,11.9946620824
1.16570330453,Voter,13,6,51.,1,false,true,false,true,84.,74.,46.,44.,11.9946620824
0.989998398264,Sample,13,4,1.,1,false,true,false,true,26.,26.,46.,36.,0.
0.989998398264,Sample,13,4,6.,1,false,true,false,true,44.,40.,48.,44.,10.7033863181
0.989998398264,Sample,13,4,11.,1,false,true,false,true,46.,42.,50.,46.,10.9293312473
0.989998398264,Sample,13,4,16.,1,false,true,false,true,46.,42.,50.,46.,10.934532842
0.989998398264,Sample,13,4,21.,1,false,true,false,true,46.,42.,50.,46.,10.9346595446
0.989998398264,Sample,13,4,26.,1,false,true,false,true,46.,42.,50.,46.,10.9346627636
0.989998398264,Sample,13,4,31.,1,false,true,false,true,46.,42.,50.,46.,10.9346628483
0.989998398264,Sample,13,4,36.,1,false,true,false,true,46.,42.,50.,46.,10.9346628506
0.989998398264,Sample,13,4,41.,1,false,true,false,true,46.,42.,50.,46.,10.9346628506
0.989998398264,Sample,13,4,46.,1,false,true,false,true,46.,42.,50.,46.,10.9346628506
0.989998398264,Sample,13,4,51.,1,false,true,false,true,46.,42.,50.,46.,10.9346628506
1.39797259237,Sample,13,3,1.,1,false,true,false,true,2.,2.,10.,8.,0.
1.39797259237,Sample,13,3,6.,1,false,true,false,true,18.,18.,18.,18.,12.4812486148
1.39797259237,Sample,13,3,11.,1,false,true,false,true,18.,18.,18.,18.,13.1210331351
1.39797259237,Sample,13,3,16.,1,false,true,false,true,18.,18.,18.,18.,13.1554702609
1.39797259237,Sample,13,3,21.,1,false,true,false,true,18.,18.,18.,18.,13.1573905636
1.39797259237,Sample,13,3,26.,1,false,true,false,true,18.,18.,18.,18.,13.1575005831
1.39797259237,Sample,13,3,31.,1,false,true,false,true,18.,18.,18.,18.,13.1575070271
1.39797259237,Sample,13,3,36.,1,false,true,false,true,18.,18.,18.,18.,13.1575074117
1.39797259237,Sample,13,3,41.,1,false,true,false,true,18.,18.,18.,18.,13.1575074351
1.39797259237,Sample,13,3,46.,1,false,true,false,true,18.,18.,18.,18.,13.1575074365
1.39797259237,Sample,13,3,51.,1,false,true,false,true,18.,18.,18.,18.,13.1575074366
1.38388012542,Sample,13,7,1.,1,false,true,false,true,62.,54.,148.,120.,0.
1.38388012542,Sample,13,7,6.,1,false,true,false,true,268.,192.,298.,214.,12.4361752097
1.38388012542,Sample,13,7,11.,1,false,true,false,true,272.,192.,298.,216.,13.058761816
1.38388012542,Sample,13,7,16.,1,false,true,false,true,272.,192.,298.,216.,13.091518696
1.38388012542,Sample,13,7,21.,1,false,true,false,true,272.,192.,298.,216.,13.0933050902
1.38388012542,Sample,13,7,26.,1,false,true,false,true,272.,192.,298.,216.,13.0934052202
1.38388012542,Sample,13,7,31.,1,false,true,false,true,272.,192.,298.,216.,13.0934109595
1.38388012542,Sample,13,7,36.,1,false,true,false,true,272.,192.,298.,216.,13.0934112948
1.38388012542,Sample,13,7,41.,1,false,true,false,true,272.,192.,298.,216.,13.0934113147
1.38388012542,Sample,13,7,46.,1,false,true,false,true,272.,192.,298.,216.,13.0934113159
1.38388012542,Sample,13,7,51.,1,false,true,false,true,272.,192.,298.,216.,13.093411316
1.19900617061,Sample,13,7,1.,1,false,true,false,true,80.,74.,188.,158.,0.
1.19900617061,Sample,13,7,6.,1,false,true,false,true,226.,184.,258.,208.,11.7458896436
1.19900617061,Sample,13,7,11.,1,false,true,false,true,234.,192.,262.,210.,12.1602646506
1.19900617061,Sample,13,7,16.,1,false,true,false,true,234.,192.,262.,210.,12.1758395269
1.19900617061,Sample,13,7,21.,1,false,true,false,true,234.,192.,262.,210.,12.1764511148
1.19900617061,Sample,13,7,26.,1,false,true,false,true,234.,192.,262.,210.,12.1764759352
1.19900617061,Sample,13,7,31.,1,false,true,false,true,234.,192.,262.,210.,12.1764769699
1.19900617061,Sample,13,7,36.,1,false,true,false,true,234.,192.,262.,210.,12.1764770141
1.19900617061,Sample,13,7,41.,1,false,true,false,true,234.,192.,262.,210.,12.176477016
1.19900617061,Sample,13,7,46.,1,false,true,false,true,234.,192.,262.,210.,12.1764770161
1.19900617061,Sample,13,7,51.,1,false,true,false,true,234.,192.,262.,210.,12.1764770161
1.06303477987,Voter,13,3,1.,1,false,true,false,true,2.,2.,18.,18.,0.
1.06303477987,Voter,13,3,6.,1,false,true,false,true,24.,24.,24.,24.,11.1036009124
1.06303477987,Voter,13,3,11.,1,false,true,false,true,24.,24.,24.,24.,11.3890406728
1.06303477987,Voter,13,3,16.,1,false,true,false,true,24.,24.,24.,24.,11.3969680849
1.06303477987,Voter,13,3,21.,1,false,true,false,true,24.,24.,24.,24.,11.3971998664
1.06303477987,Voter,13,3,26.,1,false,true,false,true,24.,24.,24.,24.,11.3972069088
1.06303477987,Voter,13,3,31.,1,false,true,false,true,24.,24.,24.,24.,11.3972071296
1.06303477987,Voter,13,3,36.,1,false,true,false,true,24.,24.,24.,24.,11.3972071367
1.06303477987,Voter,13,3,41.,1,false,true,false,true,24.,24.,24.,24.,11.3972071369
1.06303477987,Voter,13,3,46.,1,false,true,false,true,24.,24.,24.,24.,11.3972071369
1.06303477987,Voter,13,3,51.,1,false,true,false,true,24.,24.,24.,24.,11.3972071369
1.23498596223,Sample,13,5,1.,1,false,true,false,true,20.,18.,24.,22.,0.
1.23498596223,Sample,13,5,6.,1,false,true,false,true,50.,42.,22.,22.,11.8956173225
1.23498596223,Sample,13,5,11.,1,false,true,false,true,52.,44.,24.,24.,12.3477598033
1.23498596223,Sample,13,5,16.,1,false,true,false,true,52.,44.,24.,24.,12.3660137666
1.23498596223,Sample,13,5,21.,1,false,true,false,true,52.,44.,24.,24.,12.3667823478
1.23498596223,Sample,13,5,26.,1,false,true,false,true,52.,44.,24.,24.,12.3668157525
1.23498596223,Sample,13,5,31.,1,false,true,false,true,52.,44.,24.,24.,12.3668172424
1.23498596223,Sample,13,5,36.,1,false,true,false,true,52.,44.,24.,24.,12.3668173104
1.23498596223,Sample,13,5,41.,1,false,true,false,true,52.,44.,24.,24.,12.3668173135
1.23498596223,Sample,13,5,46.,1,false,true,false,true,52.,44.,24.,24.,12.3668173137
1.23498596223,Sample,13,5,51.,1,false,true,false,true,52.,44.,24.,24.,12.3668173137
1.23411070928,Sample,13,6,1.,1,false,true,false,true,36.,36.,70.,60.,0.
1.23411070928,Sample,13,6,6.,1,false,true,false,true,100.,86.,66.,58.,11.8920686399
1.23411070928,Sample,13,6,11.,1,false,true,false,true,106.,90.,64.,56.,12.3432754491
1.23411070928,Sample,13,6,16.,1,false,true,false,true,106.,90.,64.,56.,12.361460672
1.23411070928,Sample,13,6,21.,1,false,true,false,true,106.,90.,64.,56.,12.3622250885
1.23411070928,Sample,13,6,26.,1,false,true,false,true,106.,90.,64.,56.,12.3622582581
1.23411070928,Sample,13,6,31.,1,false,true,false,true,106.,90.,64.,56.,12.3622597351
1.23411070928,Sample,13,6,36.,1,false,true,false,true,106.,90.,64.,56.,12.3622598024
1.23411070928,Sample,13,6,41.,1,false,true,false,true,106.,90.,64.,56.,12.3622598055
1.23411070928,Sample,13,6,46.,1,false,true,false,true,106.,90.,64.,56.,12.3622598057
1.23411070928,Sample,13,6,51.,1,false,true,false,true,106.,90.,64.,56.,12.3622598057
0.890236094554,Voter,13,4,1.,1,false,true,false,true,18.,16.,16.,16.,0.
0.890236094554,Voter,13,4,6.,1,false,true,false,true,40.,34.,30.,28.,10.0858423587
0.890236094554,Voter,13,4,11.,1,false,true,false,true,42.,36.,32.,30.,10.242362855
0.890236094554,Voter,13,4,16.,1,false,true,false,true,42.,36.,32.,30.,10.2450541336
0.890236094554,Voter,13,4,21.,1,false,true,false,true,42.,36.,32.,30.,10.2451035041
0.890236094554,Voter,13,4,26.,1,false,true,false,true,42.,36.,32.,30.,10.2451044546
0.890236094554,Voter,13,4,31.,1,false,true,false,true,42.,36.,32.,30.,10.2451044736
0.890236094554,Voter,13,4,36.,1,false,true,false,true,42.,36.,32.,30.,10.245104474
0.890236094554,Voter,13,4,41.,1,false,true,false,true,42.,36.,32.,30.,10.245104474
0.890236094554,Voter,13,4,46.,1,false,true,false,true,42.,36.,32.,30.,10.245104474
0.890236094554,Voter,13,4,51.,1,false,true,false,true,42.,36.,32.,30.,10.245104474
1.08672670164,Voter,13,3,1.,1,false,true,false,true,8.,8.,18.,18.,0.
1.08672670164,Voter,13,3,6.,1,false,true,false,true,38.,36.,36.,36.,11.2247525179
1.08672670164,Voter,13,3,11.,1,false,true,false,true,38.,36.,36.,36.,11.5310046809
1.08672670164,Voter,13,3,16.,1,false,true,false,true,38.,36.,36.,36.,11.5400071637
1.08672670164,Voter,13,3,21.,1,false,true,false,true,38.,36.,36.,36.,11.5402853484
1.08672670164,Voter,13,3,26.,1,false,true,false,true,38.,36.,36.,36.,11.5402942718
1.08672670164,Voter,13,3,31.,1,false,true,false,true,38.,36.,36.,36.,11.540294567
1.08672670164,Voter,13,3,36.,1,false,true,false,true,38.,36.,36.,36.,11.540294577
1.08672670164,Voter,13,3,41.,1,false,true,false,true,38.,36.,36.,36.,11.5402945773
1.08672670164,Voter,13,3,46.,1,false,true,false,true,38.,36.,36.,36.,11.5402945773
1.08672670164,Voter,13,3,51.,1,false,true,false,true,38.,36.,36.,36.,11.5402945773
1.15325087419,Sample,13,5,1.,1,false,true,false,true,44.,42.,84.,70.,0.
1.15325087419,Sample,13,5,6.,1,false,true,false,true,130.,108.,126.,108.,11.5437040614
1.15325087419,Sample,13,5,11.,1,false,true,false,true,140.,112.,128.,110.,11.91218212
1.15325087419,Sample,13,5,16.,1,false,true,false,true,140.,112.,128.,110.,11.9247667872
1.15325087419,Sample,13,5,21.,1,false,true,false,true,140.,112.,128.,110.,11.9252168811
1.15325087419,Sample,13,5,26.,1,false,true,false,true,140.,112.,128.,110.,11.9252335462
1.15325087419,Sample,13,5,31.,1,false,true,false,true,140.,112.,128.,110.,11.9252341809
1.15325087419,Sample,13,5,36.,1,false,true,false,true,140.,112.,128.,110.,11.9252342057
1.15325087419,Sample,13,5,41.,1,false,true,false,true,140.,112.,128.,110.,11.9252342067
1.15325087419,Sample,13,5,46.,1,false,true,false,true,140.,112.,128.,110.,11.9252342067
1.15325087419,Sample,13,5,51.,1,false,true,false,true,140.,112.,128.,110.,11.9252342067
1.18507834189,Voter,13,7,1.,1,false,true,false,true,48.,40.,110.,96.,0.
1.18507834189,Voter,13,7,6.,1,false,true,false,true,188.,150.,166.,134.,11.6857691305
1.18507834189,Voter,13,7,11.,1,false,true,false,true,196.,156.,166.,136.,12.0859153991
1.18507834189,Voter,13,7,16.,1,false,true,false,true,198.,158.,168.,136.,12.1005319651
1.18507834189,Voter,13,7,21.,1,false,true,false,true,198.,158.,168.,136.,12.1010901515
1.18507834189,Voter,13,7,26.,1,false,true,false,true,198.,158.,168.,136.,12.1011121932
1.18507834189,Voter,13,7,31.,1,false,true,false,true,198.,158.,168.,136.,12.1011130876
1.18507834189,Voter,13,7,36.,1,false,true,false,true,198.,158.,168.,136.,12.1011131248
1.18507834189,Voter,13,7,41.,1,false,true,false,true,198.,158.,168.,136.,12.1011131264
1.18507834189,Voter,13,7,46.,1,false,true,false,true,198.,158.,168.,136.,12.1011131264
1.18507834189,Voter,13,7,51.,1,false,true,false,true,198.,158.,168.,136.,12.1011131264
1.34780035514,Sample,13,3,1.,1,false,true,false,true,2.,2.,18.,18.,0.
1.34780035514,Sample,13,3,6.,1,false,true,false,true,16.,16.,16.,16.,12.3161947359
1.34780035514,Sample,13,3,11.,1,false,true,false,true,18.,18.,14.,14.,12.8955387745
1.34780035514,Sample,13,3,16.,1,false,true,false,true,18.,18.,14.,14.,12.9242455855
1.34780035514,Sample,13,3,21.,1,false,true,false,true,18.,18.,14.,14.,12.9257219623
1.34780035514,Sample,13,3,26.,1,false,true,false,true,18.,18.,14.,14.,12.9258000772
1.34780035514,Sample,13,3,31.,1,false,true,false,true,18.,18.,14.,14.,12.9258043069
1.34780035514,Sample,13,3,36.,1,false,true,false,true,18.,18.,14.,14.,12.9258045405
1.34780035514,Sample,13,3,41.,1,false,true,false,true,18.,18.,14.,14.,12.9258045536
1.34780035514,Sample,13,3,46.,1,false,true,false,true,18.,18.,14.,14.,12.9258045544
1.34780035514,Sample,13,3,51.,1,false,true,false,true,18.,18.,14.,14.,12.9258045544
1.39327608553,Sample,13,4,1.,1,false,true,false,true,20.,20.,28.,26.,0.
1.39327608553,Sample,13,4,6.,1,false,true,false,true,44.,36.,32.,30.,12.4663369865
1.39327608553,Sample,13,4,11.,1,false,true,false,true,48.,40.,32.,30.,13.100371378
1.39327608553,Sample,13,4,16.,1,false,true,false,true,48.,40.,32.,30.,13.1342423194
1.39327608553,Sample,13,4,21.,1,false,true,false,true,48.,40.,32.,30.,13.1361171625
1.39327608553,Sample,13,4,26.,1,false,true,false,true,48.,40.,32.,30.,13.1362238003
1.39327608553,Sample,13,4,31.,1,false,true,false,true,48.,40.,32.,30.,13.1362300015
1.39327608553,Sample,13,4,36.,1,false,true,false,true,48.,40.,32.,30.,13.1362303691
1.39327608553,Sample,13,4,41.,1,false,true,false,true,48.,40.,32.,30.,13.1362303912
1.39327608553,Sample,13,4,46.,1,false,true,false,true,48.,40.,32.,30.,13.1362303926
1.39327608553,Sample,13,4,51.,1,false,true,false,true,48.,40.,32.,30.,13.1362303927
0.928451590613,Voter,13,6,1.,1,false,true,false,true,42.,38.,34.,34.,0.
0.928451590613,Voter,13,6,6.,1,false,true,false,true,60.,52.,24.,24.,10.3326329003
0.928451590613,Voter,13,6,11.,1,false,true,false,true,60.,52.,24.,24.,10.5140989608
0.928451590613,Voter,13,6,16.,1,false,true,false,true,60.,52.,24.,24.,10.5176070556
0.928451590613,Voter,13,6,21.,1,false,true,false,true,60.,52.,24.,24.,10.5176791644
0.928451590613,Voter,13,6,26.,1,false,true,false,true,60.,52.,24.,24.,10.517680716
0.928451590613,Voter,13,6,31.,1,false,true,false,true,60.,52.,24.,24.,10.5176807506
0.928451590613,Voter,13,6,36.,1,false,true,false,true,60.,52.,24.,24.,10.5176807514
0.928451590613,Voter,13,6,41.,1,false,true,false,true,60.,52.,24.,24.,10.5176807515
0.928451590613,Voter,13,6,46.,1,false,true,false,true,60.,52.,24.,24.,10.5176807515
0.928451590613,Voter,13,6,51.,1,false,true,false,true,60.,52.,24.,24.,10.5176807515
1.39462049864,Voter,13,4,1.,1,false,true,false,true,14.,14.,38.,38.,0.
1.39462049864,Voter,13,4,6.,1,false,true,false,true,58.,52.,50.,44.,12.4706167159
1.39462049864,Voter,13,4,11.,1,false,true,false,true,64.,56.,56.,50.,13.1062952321
1.39462049864,Voter,13,4,16.,1,false,true,false,true,64.,56.,56.,50.,13.1403276112
1.39462049864,Voter,13,4,21.,1,false,true,false,true,64.,56.,56.,50.,13.1422153817
1.39462049864,Voter,13,4,26.,1,false,true,false,true,64.,56.,56.,50.,13.1423229786
1.39462049864,Voter,13,4,31.,1,false,true,false,true,64.,56.,56.,50.,13.1423292485
1.39462049864,Voter,13,4,36.,1,false,true,false,true,64.,56.,56.,50.,13.1423296209
1.39462049864,Voter,13,4,41.,1,false,true,false,true,64.,56.,56.,50.,13.1423296434
1.39462049864,Voter,13,4,46.,1,false,true,false,true,64.,56.,56.,50.,13.1423296447
1.39462049864,Voter,13,4,51.,1,false,true,false,true,64.,56.,56.,50.,13.1423296448
1.12428940166,Voter,13,3,1.,1,false,true,false,true,4.,4.,6.,6.,0.
1.12428940166,Voter,13,3,6.,1,false,true,false,true,10.,10.,4.,4.,11.4085994647
1.12428940166,Voter,13,3,11.,1,false,true,false,true,10.,10.,4.,4.,11.7493140155
1.12428940166,Voter,13,3,16.,1,false,true,false,true,10.,10.,4.,4.,11.7602327651
1.12428940166,Voter,13,3,21.,1,false,true,false,true,10.,10.,4.,4.,11.7605997788
1.12428940166,Voter,13,3,26.,1,false,true,false,true,10.,10.,4.,4.,11.7606125647
1.12428940166,Voter,13,3,31.,1,false,true,false,true,10.,10.,4.,4.,11.7606130234
1.12428940166,Voter,13,3,36.,1,false,true,false,true,10.,10.,4.,4.,11.7606130402
1.12428940166,Voter,13,3,41.,1,false,true,false,true,10.,10.,4.,4.,11.7606130409
1.12428940166,Voter,13,3,46.,1,false,true,false,true,10.,10.,4.,4.,11.7606130409
1.12428940166,Voter,13,3,51.,1,false,true,false,true,10.,10.,4.,4.,11.7606130409
1.12794567964,Sample,13,6,1.,1,false,true,false,true,50.,48.,116.,94.,0.
1.12794567964,Sample,13,6,6.,1,false,true,false,true,136.,104.,130.,108.,11.4259696264
1.12794567964,Sample,13,6,11.,1,false,true,false,true,142.,110.,128.,104.,11.7701327355
1.12794567964,Sample,13,6,16.,1,false,true,false,true,142.,110.,128.,104.,11.7812525103
1.12794567964,Sample,13,6,21.,1,false,true,false,true,142.,110.,128.,104.,11.7816292704
1.12794567964,Sample,13,6,26.,1,false,true,false,true,142.,110.,128.,104.,11.7816424989
1.12794567964,Sample,13,6,31.,1,false,true,false,true,142.,110.,128.,104.,11.7816429771
1.12794567964,Sample,13,6,36.,1,false,true,false,true,142.,110.,128.,104.,11.7816429948
1.12794567964,Sample,13,6,41.,1,false,true,false,true,142.,110.,128.,104.,11.7816429955
1.12794567964,Sample,13,6,46.,1,false,true,false,true,142.,110.,128.,104.,11.7816429955
1.12794567964,Sample,13,6,51.,1,false,true,false,true,142.,110.,128.,104.,11.7816429955
1.34219511156,Voter,13,7,1.,1,false,true,false,true,32.,30.,82.,72.,0.
1.34219511156,Voter,13,7,6.,1,false,true,false,true,120.,100.,98.,86.,12.2969500842
1.34219511156,Voter,13,7,11.,1,false,true,false,true,124.,104.,102.,90.,12.8696811248
1.34219511156,Voter,13,7,16.,1,false,true,false,true,124.,104.,102.,90.,12.8977906628
1.34219511156,Voter,13,7,21.,1,false,true,false,true,124.,104.,102.,90.,12.8992229018
1.34219511156,Voter,13,7,26.,1,false,true,false,true,124.,104.,102.,90.,12.8992979894
1.34219511156,Voter,13,7,31.,1,false,true,false,true,124.,104.,102.,90.,12.8993020185
1.34219511156,Voter,13,7,36.,1,false,true,false,true,124.,104.,102.,90.,12.8993022391
1.34219511156,Voter,13,7,41.,1,false,true,false,true,124.,104.,102.,90.,12.8993022514
1.34219511156,Voter,13,7,46.,1,false,true,false,true,124.,104.,102.,90.,12.8993022521
1.34219511156,Voter,13,7,51.,1,false,true,false,true,124.,104.,102.,90.,12.8993022521
1.11028036869,Voter,13,3,1.,1,false,true,false,true,4.,4.,8.,8.,0.
1.11028036869,Voter,13,3,6.,1,false,true,false,true,14.,14.,6.,6.,11.341191708
1.11028036869,Voter,13,3,11.,1,false,true,false,true,18.,18.,6.,6.,11.668846387
1.11028036869,Voter,13,3,16.,1,false,true,false,true,18.,18.,6.,6.,11.6790190892
1.11028036869,Voter,13,3,21.,1,false,true,false,true,18.,18.,6.,6.,11.6793506276
1.11028036869,Voter,13,3,26.,1,false,true,false,true,18.,18.,6.,6.,11.6793618329
1.11028036869,Voter,13,3,31.,1,false,true,false,true,18.,18.,6.,6.,11.679362223
1.11028036869,Voter,13,3,36.,1,false,true,false,true,18.,18.,6.,6.,11.6793622369
1.11028036869,Voter,13,3,41.,1,false,true,false,true,18.,18.,6.,6.,11.6793622374
1.11028036869,Voter,13,3,46.,1,false,true,false,true,18.,18.,6.,6.,11.6793622375
1.11028036869,Voter,13,3,51.,1,false,true,false,true,18.,18.,6.,6.,11.6793622375
1.07721257569,Voter,13,5,1.,1,false,true,false,true,14.,14.,50.,42.,0.
1.07721257569,Voter,13,5,6.,1,false,true,false,true,54.,48.,50.,48.,11.1765930041
1.07721257569,Voter,13,5,11.,1,false,true,false,true,52.,46.,48.,46.,11.4744003061
1.07721257569,Voter,13,5,16.,1,false,true,false,true,52.,46.,48.,46.,11.4829590605
1.07721257569,Voter,13,5,21.,1,false,true,false,true,52.,46.,48.,46.,11.4832177793
1.07721257569,Voter,13,5,26.,1,false,true,false,true,52.,46.,48.,46.,11.4832259012
1.07721257569,Voter,13,5,31.,1,false,true,false,true,52.,46.,48.,46.,11.4832261642
1.07721257569,Voter,13,5,36.,1,false,true,false,true,52.,46.,48.,46.,11.4832261729
1.07721257569,Voter,13,5,41.,1,false,true,false,true,52.,46.,48.,46.,11.4832261732
1.07721257569,Voter,13,5,46.,1,false,true,false,true,52.,46.,48.,46.,11.4832261732
1.07721257569,Voter,13,5,51.,1,false,true,false,true,52.,46.,48.,46.,11.4832261732
1.36628054257,Sample,13,7,1.,1,false,true,false,true,58.,52.,130.,110.,0.
1.36628054257,Sample,13,7,6.,1,false,true,false,true,174.,136.,174.,140.,12.3784830185
1.36628054257,Sample,13,7,11.,1,false,true,false,true,190.,146.,174.,138.,12.9798318569
1.36628054257,Sample,13,7,16.,1,false,true,false,true,192.,148.,176.,138.,13.0105683348
1.36628054257,Sample,13,7,21.,1,false,true,false,true,192.,148.,176.,138.,13.0121977744
1.36628054257,Sample,13,7,26.,1,false,true,false,true,192.,148.,176.,138.,13.0122865989
1.36628054257,Sample,13,7,31.,1,false,true,false,true,192.,148.,176.,138.,13.0122915522
1.36628054257,Sample,13,7,36.,1,false,true,false,true,192.,148.,176.,138.,13.0122918339
1.36628054257,Sample,13,7,41.,1,false,true,false,true,192.,148.,176.,138.,13.0122918502
1.36628054257,Sample,13,7,46.,1,false,true,false,true,192.,148.,176.,138.,13.0122918511
1.36628054257,Sample,13,7,51.,1,false,true,false,true,192.,148.,176.,138.,13.0122918512
1.13495242305,Voter,13,5,1.,1,false,true,false,true,4.,4.,30.,30.,0.
1.13495242305,Voter,13,5,6.,1,false,true,false,true,40.,36.,18.,18.,11.459001883
1.13495242305,Voter,13,5,11.,1,false,true,false,true,40.,36.,18.,18.,11.8098195669
1.13495242305,Voter,13,5,16.,1,false,true,false,true,40.,36.,18.,18.,11.8213319949
1.13495242305,Voter,13,5,21.,1,false,true,false,true,40.,36.,18.,18.,11.8217280166
1.13495242305,Voter,13,5,26.,1,false,true,false,true,40.,36.,18.,18.,11.8217421298
1.13495242305,Voter,13,5,31.,1,false,true,false,true,40.,36.,18.,18.,11.8217426475
1.13495242305,Voter,13,5,36.,1,false,true,false,true,40.,36.,18.,18.,11.821742667
1.13495242305,Voter,13,5,41.,1,false,true,false,true,40.,36.,18.,18.,11.8217426677
1.13495242305,Voter,13,5,46.,1,false,true,false,true,40.,36.,18.,18.,11.8217426677
1.13495242305,Voter,13,5,51.,1,false,true,false,true,40.,36.,18.,18.,11.8217426677
1.38421135218,Sample,13,7,1.,1,false,true,false,true,22.,22.,98.,84.,0.
1.38421135218,Sample,13,7,6.,1,false,true,false,true,132.,106.,68.,64.,12.4372459788
1.38421135218,Sample,13,7,11.,1,false,true,false,true,144.,114.,76.,70.,13.0602348607
1.38421135218,Sample,13,7,16.,1,false,true,false,true,144.,114.,76.,70.,13.0930305921
1.38421135218,Sample,13,7,21.,1,false,true,false,true,144.,114.,76.,70.,13.0948200483
1.38421135218,Sample,13,7,26.,1,false,true,false,true,144.,114.,76.,70.,13.094920402
1.38421135218,Sample,13,7,31.,1,false,true,false,true,144.,114.,76.,70.,13.094926157
1.38421135218,Sample,13,7,36.,1,false,true,false,true,144.,114.,76.,70.,13.0949264934
1.38421135218,Sample,13,7,41.,1,false,true,false,true,144.,114.,76.,70.,13.0949265134
1.38421135218,Sample,13,7,46.,1,false,true,false,true,144.,114.,76.,70.,13.0949265146
1.38421135218,Sample,13,7,51.,1,false,true,false,true,144.,114.,76.,70.,13.0949265147
0.820327549191,Sample,13,6,1.,1,false,true,false,true,70.,62.,116.,100.,0.
0.820327549191,Sample,13,6,6.,1,false,true,false,true,184.,132.,186.,140.,9.59900646738
0.820327549191,Sample,13,6,11.,1,false,true,false,true,184.,132.,186.,140.,9.7152514469
0.820327549191,Sample,13,6,16.,1,false,true,false,true,184.,132.,186.,140.,9.71683280334
0.820327549191,Sample,13,6,21.,1,false,true,false,true,184.,132.,186.,140.,9.71685591904
0.820327549191,Sample,13,6,26.,1,false,true,false,true,184.,132.,186.,140.,9.71685627557
0.820327549191,Sample,13,6,31.,1,false,true,false,true,184.,132.,186.,140.,9.71685628132
0.820327549191,Sample,13,6,36.,1,false,true,false,true,184.,132.,186.,140.,9.71685628141
0.820327549191,Sample,13,6,41.,1,false,true,false,true,184.,132.,186.,140.,9.71685628142
0.820327549191,Sample,13,6,46.,1,false,true,false,true,184.,132.,186.,140.,9.71685628142
0.820327549191,Sample,13,6,51.,1,false,true,false,true,184.,132.,186.,140.,9.71685628142
1.20023468085,Sample,13,7,1.,1,false,true,false,true,80.,72.,118.,98.,0.
1.20023468085,Sample,13,7,6.,1,false,true,false,true,156.,136.,118.,100.,11.7511339042
1.20023468085,Sample,13,7,11.,1,false,true,false,true,166.,142.,120.,104.,12.1667745915
1.20023468085,Sample,13,7,16.,1,false,true,false,true,166.,142.,120.,104.,12.1824360683
1.20023468085,Sample,13,7,21.,1,false,true,false,true,166.,142.,120.,104.,12.1830525556
1.20023468085,Sample,13,7,26.,1,false,true,false,true,166.,142.,120.,104.,12.1830776347
1.20023468085,Sample,13,7,31.,1,false,true,false,true,166.,142.,120.,104.,12.1830786827
1.20023468085,Sample,13,7,36.,1,false,true,false,true,166.,142.,120.,104.,12.1830787275
1.20023468085,Sample,13,7,41.,1,false,true,false,true,166.,142.,120.,104.,12.1830787295
1.20023468085,Sample,13,7,46.,1,false,true,false,true,166.,142.,120.,104.,12.1830787296
1.20023468085,Sample,13,7,51.,1,false,true,false,true,166.,142.,120.,104.,12.1830787296
0.834981093181,Voter,13,5,1.,1,false,true,false,true,14.,14.,32.,32.,0.
0.834981093181,Voter,13,5,6.,1,false,true,false,true,46.,42.,36.,32.,9.70499866119
0.834981093181,Voter,13,5,11.,1,false,true,false,true,46.,42.,36.,32.,9.82911146914
0.834981093181,Voter,13,5,16.,1,false,true,false,true,46.,42.,36.,32.,9.83088892132
0.834981093181,Voter,13,5,21.,1,false,true,false,true,46.,42.,36.,32.,9.83091623017
0.834981093181,Voter,13,5,26.,1,false,true,false,true,46.,42.,36.,32.,9.83091667235
0.834981093181,Voter,13,5,31.,1,false,true,false,true,46.,42.,36.,32.,9.83091667982
0.834981093181,Voter,13,5,36.,1,false,true,false,true,46.,42.,36.,32.,9.83091667995
0.834981093181,Voter,13,5,41.,1,false,true,false,true,46.,42.,36.,32.,9.83091667995
0.834981093181,Voter,13,5,46.,1,false,true,false,true,46.,42.,36.,32.,9.83091667995
0.834981093181,Voter,13,5,51.,1,false,true,false,true,46.,42.,36.,32.,9.83091667995
0.906130850544,Sample,13,7,1.,1,false,true,false,true,58.,54.,120.,100.,0.
0.906130850544,Sample,13,7,6.,1,false,true,false,true,140.,108.,102.,88.,10.1900876777
0.906130850544,Sample,13,7,11.,1,false,true,false,true,142.,110.,100.,86.,10.3567329216
0.906130850544,Sample,13,7,16.,1,false,true,false,true,142.,110.,100.,86.,10.3597440056
0.906130850544,Sample,13,7,21.,1,false,true,false,true,142.,110.,100.,86.,10.3598019675
0.906130850544,Sample,13,7,26.,1,false,true,false,true,142.,110.,100.,86.,10.3598031371
0.906130850544,Sample,13,7,31.,1,false,true,false,true,142.,110.,100.,86.,10.3598031617
0.906130850544,Sample,13,7,36.,1,false,true,false,true,142.,110.,100.,86.,10.3598031622
0.906130850544,Sample,13,7,41.,1,false,true,false,true,142.,110.,100.,86.,10.3598031622
0.906130850544,Sample,13,7,46.,1,false,true,false,true,142.,110.,100.,86.,10.3598031622
0.906130850544,Sample,13,7,51.,1,false,true,false,true,142.,110.,100.,86.,10.3598031622
1.1650919045,Voter,13,6,1.,1,false,true,false,true,48.,44.,68.,60.,0.
1.1650919045,Voter,13,6,6.,1,false,true,false,true,128.,102.,116.,94.,11.5973286695
1.1650919045,Voter,13,6,11.,1,false,true,false,true,130.,102.,118.,96.,11.9774490685
1.1650919045,Voter,13,6,16.,1,false,true,false,true,130.,102.,118.,96.,11.9907644854
1.1650919045,Voter,13,6,21.,1,false,true,false,true,130.,102.,118.,96.,11.9912526265
1.1650919045,Voter,13,6,26.,1,false,true,false,true,130.,102.,118.,96.,11.9912711442
1.1650919045,Voter,13,6,31.,1,false,true,false,true,130.,102.,118.,96.,11.9912718665
1.1650919045,Voter,13,6,36.,1,false,true,false,true,130.,102.,118.,96.,11.9912718954
1.1650919045,Voter,13,6,41.,1,false,true,false,true,130.,102.,118.,96.,11.9912718966
1.1650919045,Voter,13,6,46.,1,false,true,false,true,130.,102.,118.,96.,11.9912718966
1.1650919045,Voter,13,6,51.,1,false,true,false,true,130.,102.,118.,96.,11.9912718966
1.26066210014,Voter,13,7,1.,1,false,true,false,true,26.,24.,74.,66.,0.
1.26066210014,Voter,13,7,6.,1,false,true,false,true,100.,82.,56.,48.,11.997694061
1.26066210014,Voter,13,7,11.,1,false,true,false,true,104.,86.,56.,48.,12.4776506305
1.26066210014,Voter,13,7,16.,1,false,true,false,true,104.,86.,56.,48.,12.498002667
1.26066210014,Voter,13,7,21.,1,false,true,false,true,104.,86.,56.,48.,12.4989016573
1.26066210014,Voter,13,7,26.,1,false,true,false,true,104.,86.,56.,48.,12.4989426145
1.26066210014,Voter,13,7,31.,1,false,true,false,true,104.,86.,56.,48.,12.4989445281
1.26066210014,Voter,13,7,36.,1,false,true,false,true,104.,86.,56.,48.,12.4989446194
1.26066210014,Voter,13,7,41.,1,false,true,false,true,104.,86.,56.,48.,12.4989446238
1.26066210014,Voter,13,7,46.,1,false,true,false,true,104.,86.,56.,48.,12.4989446241
1.26066210014,Voter,13,7,51.,1,false,true,false,true,104.,86.,56.,48.,12.4989446241
1.0166545169,Sample,13,3,1.,1,false,true,false,true,0.,0.,12.,12.,0.
1.0166545169,Sample,13,3,6.,1,false,true,false,true,16.,16.,8.,8.,10.8542688578
1.0166545169,Sample,13,3,11.,1,false,true,false,true,16.,16.,8.,8.,11.1010975608
1.0166545169,Sample,13,3,16.,1,false,true,false,true,18.,18.,10.,10.,11.1071967347
1.0166545169,Sample,13,3,21.,1,false,true,false,true,18.,18.,10.,10.,11.1073558917
1.0166545169,Sample,13,3,26.,1,false,true,false,true,18.,18.,10.,10.,11.1073602174
1.0166545169,Sample,13,3,31.,1,false,true,false,true,18.,18.,10.,10.,11.1073603389
1.0166545169,Sample,13,3,36.,1,false,true,false,true,18.,18.,10.,10.,11.1073603424
1.0166545169,Sample,13,3,41.,1,false,true,false,true,18.,18.,10.,10.,11.1073603425
1.0166545169,Sample,13,3,46.,1,false,true,false,true,18.,18.,10.,10.,11.1073603425
1.0166545169,Sample,13,3,51.,1,false,true,false,true,18.,18.,10.,10.,11.1073603426
1.29764078749,Sample,13,7,1.,1,false,true,false,true,82.,66.,180.,146.,0.
1.29764078749,Sample,13,7,6.,1,false,true,false,true,230.,172.,224.,178.,12.1379918443
1.29764078749,Sample,13,7,11.,1,false,true,false,true,238.,176.,220.,176.,12.6592121844
1.29764078749,Sample,13,7,16.,1,false,true,false,true,238.,176.,220.,176.,12.68287085
1.29764078749,Sample,13,7,21.,1,false,true,false,true,238.,176.,220.,176.,12.6839877227
1.29764078749,Sample,13,7,26.,1,false,true,false,true,238.,176.,220.,176.,12.6840420424
1.29764078749,Sample,13,7,31.,1,false,true,false,true,238.,176.,220.,176.,12.6840447491
1.29764078749,Sample,13,7,36.,1,false,true,false,true,238.,176.,220.,176.,12.6840448869
1.29764078749,Sample,13,7,41.,1,false,true,false,true,238.,176.,220.,176.,12.684044894
1.29764078749,Sample,13,7,46.,1,false,true,false,true,238.,176.,220.,176.,12.6840448944
1.29764078749,Sample,13,7,51.,1,false,true,false,true,238.,176.,220.,176.,12.6840448944
0.837908541759,Sample,13,7,1.,1,false,true,false,true,46.,44.,130.,108.,0.
0.837908541759,Sample,13,7,6.,1,false,true,false,true,180.,128.,148.,116.,9.72591685657
0.837908541759,Sample,13,7,11.,1,false,true,false,true,182.,130.,146.,116.,9.85163793021
0.837908541759,Sample,13,7,16.,1,false,true,false,true,182.,130.,146.,116.,9.85345672199
0.837908541759,Sample,13,7,21.,1,false,true,false,true,182.,130.,146.,116.,9.85348494127
0.837908541759,Sample,13,7,26.,1,false,true,false,true,182.,130.,146.,116.,9.85348540258
0.837908541759,Sample,13,7,31.,1,false,true,false,true,182.,130.,146.,116.,9.85348541045
0.837908541759,Sample,13,7,36.,1,false,true,false,true,182.,130.,146.,116.,9.85348541059
0.837908541759,Sample,13,7,41.,1,false,true,false,true,182.,130.,146.,116.,9.85348541059
0.837908541759,Sample,13,7,46.,1,false,true,false,true,182.,130.,146.,116.,9.85348541059
0.837908541759,Sample,13,7,51.,1,false,true,false,true,182.,130.,146.,116.,9.85348541059
1.12978062066,Sample,13,6,1.,1,false,true,false,true,60.,56.,120.,102.,0.
1.12978062066,Sample,13,6,6.,1,false,true,false,true,154.,118.,126.,102.,11.4346525296
1.12978062066,Sample,13,6,11.,1,false,true,false,true,162.,124.,126.,100.,11.7805525341
1.12978062066,Sample,13,6,16.,1,false,true,false,true,162.,124.,126.,100.,11.7917741924
1.12978062066,Sample,13,6,21.,1,false,true,false,true,162.,124.,126.,100.,11.792155922
1.12978062066,Sample,13,6,26.,1,false,true,false,true,162.,124.,126.,100.,11.7921693775
1.12978062066,Sample,13,6,31.,1,false,true,false,true,162.,124.,126.,100.,11.7921698658
1.12978062066,Sample,13,6,36.,1,false,true,false,true,162.,124.,126.,100.,11.7921698839
1.12978062066,Sample,13,6,41.,1,false,true,false,true,162.,124.,126.,100.,11.7921698846
1.12978062066,Sample,13,6,46.,1,false,true,false,true,162.,124.,126.,100.,11.7921698847
1.12978062066,Sample,13,6,51.,1,false,true,false,true,162.,124.,126.,100.,11.7921698847
1.26056233813,Voter,13,7,1.,1,false,true,false,true,62.,56.,126.,100.,0.
1.26056233813,Voter,13,7,6.,1,false,true,false,true,174.,142.,134.,118.,11.9973049555
1.26056233813,Voter,13,7,11.,1,false,true,false,true,174.,142.,134.,118.,12.4771521046
1.26056233813,Voter,13,7,16.,1,false,true,false,true,174.,142.,134.,118.,12.4974956804
1.26056233813,Voter,13,7,21.,1,false,true,false,true,174.,142.,134.,118.,12.4983941323
1.26056233813,Voter,13,7,26.,1,false,true,false,true,174.,142.,134.,118.,12.4984350576
1.26056233813,Voter,13,7,31.,1,false,true,false,true,174.,142.,134.,118.,12.4984369693
1.26056233813,Voter,13,7,36.,1,false,true,false,true,174.,142.,134.,118.,12.4984370606
1.26056233813,Voter,13,7,41.,1,false,true,false,true,174.,142.,134.,118.,12.498437065
1.26056233813,Voter,13,7,46.,1,false,true,false,true,174.,142.,134.,118.,12.4984370652
1.26056233813,Voter,13,7,51.,1,false,true,false,true,174.,142.,134.,118.,12.4984370652
1.10348656103,Voter,13,6,1.,1,false,true,false,true,28.,28.,64.,58.,0.
1.10348656103,Voter,13,6,6.,1,false,true,false,true,92.,82.,56.,52.,11.308009094
1.10348656103,Voter,13,6,11.,1,false,true,false,true,92.,82.,56.,52.,11.6294185082
1.10348656103,Voter,13,6,16.,1,false,true,false,true,92.,82.,56.,52.,11.6392429978
1.10348656103,Voter,13,6,21.,1,false,true,false,true,92.,82.,56.,52.,11.6395583619
1.10348656103,Voter,13,6,26.,1,false,true,false,true,92.,82.,56.,52.,11.6395688629
1.10348656103,Voter,13,6,31.,1,false,true,false,true,92.,82.,56.,52.,11.6395692231
1.10348656103,Voter,13,6,36.,1,false,true,false,true,92.,82.,56.,52.,11.6395692358
1.10348656103,Voter,13,6,41.,1,false,true,false,true,92.,82.,56.,52.,11.6395692363
1.10348656103,Voter,13,6,46.,1,false,true,false,true,92.,82.,56.,52.,11.6395692363
1.10348656103,Voter,13,6,51.,1,false,true,false,true,92.,82.,56.,52.,11.6395692363
0.984119846486,Voter,13,5,1.,1,false,true,false,true,38.,32.,60.,56.,0.
0.984119846486,Voter,13,5,6.,1,false,true,false,true,106.,86.,100.,86.,10.6693418197
0.984119846486,Voter,13,5,11.,1,false,true,false,true,106.,86.,100.,86.,10.8908117318
0.984119846486,Voter,13,5,16.,1,false,true,false,true,106.,86.,100.,86.,10.8958294312
0.984119846486,Voter,13,5,21.,1,false,true,false,true,106.,86.,100.,86.,10.8959497686
0.984119846486,Voter,13,5,26.,1,false,true,false,true,106.,86.,100.,86.,10.8959527797
0.984119846486,Voter,13,5,31.,1,false,true,false,true,106.,86.,100.,86.,10.8959528577
0.984119846486,Voter,13,5,36.,1,false,true,false,true,106.,86.,100.,86.,10.8959528598
0.984119846486,Voter,13,5,41.,1,false,true,false,true,106.,86.,100.,86.,10.8959528599
0.984119846486,Voter,13,5,46.,1,false,true,false,true,106.,86.,100.,86.,10.8959528599
0.984119846486,Voter,13,5,51.,1,false,true,false,true,106.,86.,100.,86.,10.8959528599
1.30730906002,Voter,13,3,1.,1,false,true,false,true,4.,4.,10.,8.,0.
1.30730906002,Voter,13,3,6.,1,false,true,false,true,12.,10.,6.,6.,12.1734043028
1.30730906002,Voter,13,3,11.,1,false,true,false,true,12.,10.,6.,6.,12.7056399029
1.30730906002,Voter,13,3,16.,1,false,true,false,true,12.,10.,6.,6.,12.7302202807
1.30730906002,Voter,13,3,21.,1,false,true,false,true,12.,10.,6.,6.,12.731400445
1.30730906002,Voter,13,3,26.,1,false,true,false,true,12.,10.,6.,6.,12.7314588047
1.30730906002,Voter,13,3,31.,1,false,true,false,true,12.,10.,6.,6.,12.7314617609
1.30730906002,Voter,13,3,36.,1,false,true,false,true,12.,10.,6.,6.,12.7314619137
1.30730906002,Voter,13,3,41.,1,false,true,false,true,12.,10.,6.,6.,12.7314619218
1.30730906002,Voter,13,3,46.,1,false,true,false,true,12.,10.,6.,6.,12.7314619222
1.30730906002,Voter,13,3,51.,1,false,true,false,true,12.,10.,6.,6.,12.7314619222
1.34010429682,Sample,13,7,1.,1,false,true,false,true,42.,42.,114.,98.,0.
1.34010429682,Sample,13,7,6.,1,false,true,false,true,184.,150.,156.,126.,12.2897292397
1.34010429682,Sample,13,7,11.,1,false,true,false,true,190.,150.,154.,124.,12.8600009768
1.34010429682,Sample,13,7,16.,1,false,true,false,true,190.,150.,154.,124.,12.8878898935
1.34010429682,Sample,13,7,21.,1,false,true,false,true,190.,150.,154.,124.,12.8893059347
1.34010429682,Sample,13,7,26.,1,false,true,false,true,190.,150.,154.,124.,12.8893799184
1.34010429682,Sample,13,7,31.,1,false,true,false,true,190.,150.,154.,124.,12.8893838749
1.34010429682,Sample,13,7,36.,1,false,true,false,true,190.,150.,154.,124.,12.8893840907
1.34010429682,Sample,13,7,41.,1,false,true,false,true,190.,150.,154.,124.,12.8893841027
1.34010429682,Sample,13,7,46.,1,false,true,false,true,190.,150.,154.,124.,12.8893841034
1.34010429682,Sample,13,7,51.,1,false,true,false,true,190.,150.,154.,124.,12.8893841034
1.00492695634,Sample,13,6,1.,1,false,true,false,true,20.,20.,60.,50.,0.
1.00492695634,Sample,13,6,6.,1,false,true,false,true,80.,62.,28.,28.,10.7885855988
1.00492695634,Sample,13,6,11.,1,false,true,false,true,82.,64.,30.,30.,11.0261073051
1.00492695634,Sample,13,6,16.,1,false,true,false,true,82.,64.,30.,30.,11.0317984801
1.00492695634,Sample,13,6,21.,1,false,true,false,true,82.,64.,30.,30.,11.031942606
1.00492695634,Sample,13,6,26.,1,false,true,false,true,82.,64.,30.,30.,11.0319464098
1.00492695634,Sample,13,6,31.,1,false,true,false,true,82.,64.,30.,30.,11.0319465136
1.00492695634,Sample,13,6,36.,1,false,true,false,true,82.,64.,30.,30.,11.0319465166
1.00492695634,Sample,13,6,41.,1,false,true,false,true,82.,64.,30.,30.,11.0319465166
1.00492695634,Sample,13,6,46.,1,false,true,false,true,82.,64.,30.,30.,11.0319465166
1.00492695634,Sample,13,6,51.,1,false,true,false,true,82.,64.,30.,30.,11.0319465166
1.11961225544,Sample,13,6,1.,1,false,true,false,true,32.,32.,102.,80.,0.
1.11961225544,Sample,13,6,6.,1,false,true,false,true,140.,114.,150.,120.,11.3862454026
1.11961225544,Sample,13,6,11.,1,false,true,false,true,140.,116.,146.,118.,11.7225725917
1.11961225544,Sample,13,6,16.,1,false,true,false,true,140.,116.,146.,118.,11.7332380193
1.11961225544,Sample,13,6,21.,1,false,true,false,true,140.,116.,146.,118.,11.7335928635
1.11961225544,Sample,13,6,26.,1,false,true,false,true,140.,116.,146.,118.,11.7336051018
1.11961225544,Sample,13,6,31.,1,false,true,false,true,140.,116.,146.,118.,11.7336055365
1.11961225544,Sample,13,6,36.,1,false,true,false,true,140.,116.,146.,118.,11.7336055523
1.11961225544,Sample,13,6,41.,1,false,true,false,true,140.,116.,146.,118.,11.7336055529
1.11961225544,Sample,13,6,46.,1,false,true,false,true,140.,116.,146.,118.,11.7336055529
1.11961225544,Sample,13,6,51.,1,false,true,false,true,140.,116.,146.,118.,11.7336055529
1.20570410898,Sample,13,4,1.,1,false,true,false,true,6.,6.,18.,14.,0.
1.20570410898,Sample,13,4,6.,1,false,true,false,true,26.,24.,10.,10.,11.774367262
1.20570410898,Sample,13,4,11.,1,false,true,false,true,26.,24.,10.,10.,12.1956635971
1.20570410898,Sample,13,4,16.,1,false,true,false,true,26.,24.,10.,10.,12.2117147482
1.20570410898,Sample,13,4,21.,1,false,true,false,true,26.,24.,10.,10.,12.2123534295
1.20570410898,Sample,13,4,26.,1,false,true,false,true,26.,24.,10.,10.,12.2123796885
1.20570410898,Sample,13,4,31.,1,false,true,false,true,26.,24.,10.,10.,12.2123807973
1.20570410898,Sample,13,4,36.,1,false,true,false,true,26.,24.,10.,10.,12.2123808452
1.20570410898,Sample,13,4,41.,1,false,true,false,true,26.,24.,10.,10.,12.2123808473
1.20570410898,Sample,13,4,46.,1,false,true,false,true,26.,24.,10.,10.,12.2123808474
1.20570410898,Sample,13,4,51.,1,false,true,false,true,26.,24.,10.,10.,12.2123808474
1.16825670601,Voter,13,6,1.,1,false,true,false,true,22.,22.,52.,48.,0.
1.16825670601,Voter,13,6,6.,1,false,true,false,true,78.,68.,32.,32.,11.6115053679
1.16825670601,Voter,13,6,11.,1,false,true,false,true,78.,68.,32.,32.,11.9947656235
1.16825670601,Voter,13,6,16.,1,false,true,false,true,78.,68.,32.,32.,12.008281358
1.16825670601,Voter,13,6,21.,1,false,true,false,true,78.,68.,32.,32.,12.0087800936
1.16825670601,Voter,13,6,26.,1,false,true,false,true,78.,68.,32.,32.,12.008799135
1.16825670601,Voter,13,6,31.,1,false,true,false,true,78.,68.,32.,32.,12.0087998825
1.16825670601,Voter,13,6,36.,1,false,true,false,true,78.,68.,32.,32.,12.0087999125
1.16825670601,Voter,13,6,41.,1,false,true,false,true,78.,68.,32.,32.,12.0087999138
1.16825670601,Voter,13,6,46.,1,false,true,false,true,78.,68.,32.,32.,12.0087999138
1.16825670601,Voter,13,6,51.,1,false,true,false,true,78.,68.,32.,32.,12.0087999138
0.81845456579,Voter,13,7,1.,1,false,true,false,true,48.,42.,54.,52.,0.
0.81845456579,Voter,13,7,6.,1,false,true,false,true,100.,82.,30.,30.,9.5853030782
0.81845456579,Voter,13,7,11.,1,false,true,false,true,100.,82.,30.,30.,9.70056430579
0.81845456579,Voter,13,7,16.,1,false,true,false,true,100.,82.,30.,30.,9.70212186448
0.81845456579,Voter,13,7,21.,1,false,true,false,true,100.,82.,30.,30.,9.70214448583
0.81845456579,Voter,13,7,26.,1,false,true,false,true,100.,82.,30.,30.,9.70214483255
0.81845456579,Voter,13,7,31.,1,false,true,false,true,100.,82.,30.,30.,9.7021448381
0.81845456579,Voter,13,7,36.,1,false,true,false,true,100.,82.,30.,30.,9.70214483819
0.81845456579,Voter,13,7,41.,1,false,true,false,true,100.,82.,30.,30.,9.70214483819
0.81845456579,Voter,13,7,46.,1,false,true,false,true,100.,82.,30.,30.,9.70214483819
0.81845456579,Voter,13,7,51.,1,false,true,false,true,100.,82.,30.,30.,9.70214483819
1.25686550497,Voter,13,5,1.,1,false,true,false,true,4.,4.,38.,34.,0.
1.25686550497,Voter,13,5,6.,1,false,true,false,true,32.,30.,30.,30.,11.982845149
1.25686550497,Voter,13,5,11.,1,false,true,false,true,34.,32.,28.,28.,12.4586449191
1.25686550497,Voter,13,5,16.,1,false,true,false,true,34.,32.,28.,28.,12.4786766874
1.25686550497,Voter,13,5,21.,1,false,true,false,true,34.,32.,28.,28.,12.479555365
1.25686550497,Voter,13,5,26.,1,false,true,false,true,34.,32.,28.,28.,12.4795951225
1.25686550497,Voter,13,5,31.,1,false,true,false,true,34.,32.,28.,28.,12.4795969675
1.25686550497,Voter,13,5,36.,1,false,true,false,true,34.,32.,28.,28.,12.479597055
1.25686550497,Voter,13,5,41.,1,false,true,false,true,34.,32.,28.,28.,12.4795970592
1.25686550497,Voter,13,5,46.,1,false,true,false,true,34.,32.,28.,28.,12.4795970594
1.25686550497,Voter,13,5,51.,1,false,true,false,true,34.,32.,28.,28.,12.4795970594
0.815608637782,Sample,13,3,1.,1,false,true,false,true,4.,4.,16.,16.,0.
0.815608637782,Sample,13,3,6.,1,false,true,false,true,20.,18.,12.,12.,9.56441315467
0.815608637782,Sample,13,3,11.,1,false,true,false,true,20.,18.,12.,12.,9.67818909507
0.815608637782,Sample,13,3,16.,1,false,true,false,true,20.,18.,12.,12.,9.67971102868
0.815608637782,Sample,13,3,21.,1,false,true,false,true,20.,18.,12.,12.,9.67973291604
0.815608637782,Sample,13,3,26.,1,false,true,false,true,20.,18.,12.,12.,9.6797332483
0.815608637782,Sample,13,3,31.,1,false,true,false,true,20.,18.,12.,12.,9.67973325357
0.815608637782,Sample,13,3,36.,1,false,true,false,true,20.,18.,12.,12.,9.67973325365
0.815608637782,Sample,13,3,41.,1,false,true,false,true,20.,18.,12.,12.,9.67973325366
0.815608637782,Sample,13,3,46.,1,false,true,false,true,20.,18.,12.,12.,9.67973325366
0.815608637782,Sample,13,3,51.,1,false,true,false,true,20.,18.,12.,12.,9.67973325366
0.953363891864,Sample,13,6,1.,1,false,true,false,true,40.,38.,86.,76.,0.
0.953363891864,Sample,13,6,6.,1,false,true,false,true,118.,94.,108.,90.,10.4865663051
0.953363891864,Sample,13,6,11.,1,false,true,false,true,122.,96.,108.,92.,10.6854010317
0.953363891864,Sample,13,6,16.,1,false,true,false,true,122.,96.,108.,92.,10.6895346881
0.953363891864,Sample,13,6,21.,1,false,true,false,true,122.,96.,108.,92.,10.6896258728
0.953363891864,Sample,13,6,26.,1,false,true,false,true,122.,96.,108.,92.,10.6896279751
0.953363891864,Sample,13,6,31.,1,false,true,false,true,122.,96.,108.,92.,10.6896280254
0.953363891864,Sample,13,6,36.,1,false,true,false,true,122.,96.,108.,92.,10.6896280266
0.953363891864,Sample,13,6,41.,1,false,true,false,true,122.,96.,108.,92.,10.6896280267
0.953363891864,Sample,13,6,46.,1,false,true,false,true,122.,96.,108.,92.,10.6896280267
0.953363891864,Sample,13,6,51.,1,false,true,false,true,122.,96.,108.,92.,10.6896280267
1.30951728242,Voter,13,4,1.,1,false,true,false,true,10.,10.,32.,32.,0.
1.30951728242,Voter,13,4,6.,1,false,true,false,true,34.,30.,36.,32.,12.1814201057
1.30951728242,Voter,13,4,11.,1,false,true,false,true,36.,32.,38.,32.,12.7161844349
1.30951728242,Voter,13,4,16.,1,false,true,false,true,36.,32.,38.,32.,12.7409787202
1.30951728242,Voter,13,4,21.,1,false,true,false,true,36.,32.,38.,32.,12.7421737269
1.30951728242,Voter,13,4,26.,1,false,true,false,true,36.,32.,38.,32.,12.7422330438
1.30951728242,Voter,13,4,31.,1,false,true,false,true,36.,32.,38.,32.,12.7422360597
1.30951728242,Voter,13,4,36.,1,false,true,false,true,36.,32.,38.,32.,12.7422362162
1.30951728242,Voter,13,4,41.,1,false,true,false,true,36.,32.,38.,32.,12.7422362244
1.30951728242,Voter,13,4,46.,1,false,true,false,true,36.,32.,38.,32.,12.7422362249
1.30951728242,Voter,13,4,51.,1,false,true,false,true,36.,32.,38.,32.,12.7422362249
1.03891168388,Voter,13,6,1.,1,false,true,false,true,42.,38.,66.,62.,0.
1.03891168388,Voter,13,6,6.,1,false,true,false,true,130.,104.,78.,64.,10.9759685172
1.03891168388,Voter,13,6,11.,1,false,true,false,true,132.,104.,76.,62.,11.2409695409
1.03891168388,Voter,13,6,16.,1,false,true,false,true,132.,104.,76.,62.,11.2479020861
1.03891168388,Voter,13,6,21.,1,false,true,false,true,132.,104.,76.,62.,11.2480933152
1.03891168388,Voter,13,6,26.,1,false,true,false,true,132.,104.,76.,62.,11.2480988031
1.03891168388,Voter,13,6,31.,1,false,true,false,true,132.,104.,76.,62.,11.2480989658
1.03891168388,Voter,13,6,36.,1,false,true,false,true,132.,104.,76.,62.,11.2480989707
1.03891168388,Voter,13,6,41.,1,false,true,false,true,132.,104.,76.,62.,11.2480989709
1.03891168388,Voter,13,6,46.,1,false,true,false,true,132.,104.,76.,62.,11.2480989709
1.03891168388,Voter,13,6,51.,1,false,true,false,true,132.,104.,76.,62.,11.2480989709
1.34394185403,Sample,13,7,1.,1,false,true,false,true,62.,58.,148.,120.,0.
1.34394185403,Sample,13,7,6.,1,false,true,false,true,166.,132.,136.,110.,12.3029649546
1.34394185403,Sample,13,7,11.,1,false,true,false,true,176.,136.,138.,112.,12.8777536819
1.34394185403,Sample,13,7,16.,1,false,true,false,true,176.,136.,138.,112.,12.9060484367
1.34394185403,Sample,13,7,21.,1,false,true,false,true,176.,136.,138.,112.,12.9074943184
1.34394185403,Sample,13,7,26.,1,false,true,false,true,176.,136.,138.,112.,12.9075703387
1.34394185403,Sample,13,7,31.,1,false,true,false,true,176.,136.,138.,112.,12.9075744295
1.34394185403,Sample,13,7,36.,1,false,true,false,true,176.,136.,138.,112.,12.907574654
1.34394185403,Sample,13,7,41.,1,false,true,false,true,176.,136.,138.,112.,12.9075746666
1.34394185403,Sample,13,7,46.,1,false,true,false,true,176.,136.,138.,112.,12.9075746673
1.34394185403,Sample,13,7,51.,1,false,true,false,true,176.,136.,138.,112.,12.9075746673
1.13187698313,Voter,13,4,1.,1,false,true,false,true,6.,6.,22.,22.,0.
1.13187698313,Voter,13,4,6.,1,false,true,false,true,22.,20.,10.,10.,11.4445443488
1.13187698313,Voter,13,4,11.,1,false,true,false,true,22.,20.,10.,10.,11.7924337604
1.13187698313,Voter,13,4,16.,1,false,true,false,true,22.,20.,10.,10.,11.8037726368
1.13187698313,Voter,13,4,21.,1,false,true,false,true,22.,20.,10.,10.,11.8041601086
1.13187698313,Voter,13,4,26.,1,false,true,false,true,22.,20.,10.,10.,11.8041738275
1.13187698313,Voter,13,4,31.,1,false,true,false,true,22.,20.,10.,10.,11.8041743275
1.13187698313,Voter,13,4,36.,1,false,true,false,true,22.,20.,10.,10.,11.8041743462
1.13187698313,Voter,13,4,41.,1,false,true,false,true,22.,20.,10.,10.,11.8041743469
1.13187698313,Voter,13,4,46.,1,false,true,false,true,22.,20.,10.,10.,11.8041743469
1.13187698313,Voter,13,4,51.,1,false,true,false,true,22.,20.,10.,10.,11.8041743469
1.30802383336,Voter,13,5,1.,1,false,true,false,true,18.,18.,50.,48.,0.
1.30802383336,Voter,13,5,6.,1,false,true,false,true,58.,54.,54.,50.,12.1760018487
1.30802383336,Voter,13,5,11.,1,false,true,false,true,62.,58.,58.,54.,12.7090554456
1.30802383336,Voter,13,5,16.,1,false,true,false,true,62.,58.,58.,54.,12.7337049241
1.30802383336,Voter,13,5,21.,1,false,true,false,true,62.,58.,58.,54.,12.7348898767
1.30802383336,Voter,13,5,26.,1,false,true,false,true,62.,58.,58.,54.,12.7349485449
1.30802383336,Voter,13,5,31.,1,false,true,false,true,62.,58.,58.,54.,12.7349515202
1.30802383336,Voter,13,5,36.,1,false,true,false,true,62.,58.,58.,54.,12.7349516743
1.30802383336,Voter,13,5,41.,1,false,true,false,true,62.,58.,58.,54.,12.7349516824
1.30802383336,Voter,13,5,46.,1,false,true,false,true,62.,58.,58.,54.,12.7349516828
1.30802383336,Voter,13,5,51.,1,false,true,false,true,62.,58.,58.,54.,12.7349516828
1.24867087228,Sample,13,6,1.,1,false,true,false,true,34.,32.,100.,86.,0.
1.24867087228,Sample,13,6,6.,1,false,true,false,true,104.,82.,106.,86.,11.9505072248
1.24867087228,Sample,13,6,11.,1,false,true,false,true,110.,86.,108.,86.,12.417386702
1.24867087228,Sample,13,6,16.,1,false,true,false,true,110.,86.,108.,86.,12.4367391447
1.24867087228,Sample,13,6,21.,1,false,true,false,true,110.,86.,108.,86.,12.4375752158
1.24867087228,Sample,13,6,26.,1,false,true,false,true,110.,86.,108.,86.,12.4376124844
1.24867087228,Sample,13,6,31.,1,false,true,false,true,110.,86.,108.,86.,12.4376141886
1.24867087228,Sample,13,6,36.,1,false,true,false,true,110.,86.,108.,86.,12.4376142683
1.24867087228,Sample,13,6,41.,1,false,true,false,true,110.,86.,108.,86.,12.4376142721
1.24867087228,Sample,13,6,46.,1,false,true,false,true,110.,86.,108.,86.,12.4376142723
1.24867087228,Sample,13,6,51.,1,false,true,false,true,110.,86.,108.,86.,12.4376142723
0.83421426696,Sample,13,3,1.,1,false,true,false,true,10.,10.,16.,14.,0.
0.83421426696,Sample,13,3,6.,1,false,true,false,true,18.,18.,12.,12.,9.69950523496
0.83421426696,Sample,13,3,11.,1,false,true,false,true,18.,18.,12.,12.,9.82319877592
0.83421426696,Sample,13,3,16.,1,false,true,false,true,18.,18.,12.,12.,9.82496552086
0.83421426696,Sample,13,3,21.,1,false,true,false,true,18.,18.,12.,12.,9.82499259537
0.83421426696,Sample,13,3,26.,1,false,true,false,true,18.,18.,12.,12.,9.82499303265
0.83421426696,Sample,13,3,31.,1,false,true,false,true,18.,18.,12.,12.,9.82499304002
0.83421426696,Sample,13,3,36.,1,false,true,false,true,18.,18.,12.,12.,9.82499304015
0.83421426696,Sample,13,3,41.,1,false,true,false,true,18.,18.,12.,12.,9.82499304015
0.83421426696,Sample,13,3,46.,1,false,true,false,true,18.,18.,12.,12.,9.82499304015
0.83421426696,Sample,13,3,51.,1,false,true,false,true,18.,18.,12.,12.,9.82499304015
1.30907583468,Voter,13,3,1.,1,false,true,false,true,6.,6.,4.,4.,0.
1.30907583468,Voter,13,3,6.,1,false,true,false,true,12.,10.,2.,2.,12.1798198014
1.30907583468,Voter,13,3,11.,1,false,true,false,true,12.,10.,2.,2.,12.71407823
1.30907583468,Voter,13,3,16.,1,false,true,false,true,12.,10.,2.,2.,12.7388296516
1.30907583468,Voter,13,3,21.,1,false,true,false,true,12.,10.,2.,2.,12.7400216795
1.30907583468,Voter,13,3,26.,1,false,true,false,true,12.,10.,2.,2.,12.7400808041
1.30907583468,Voter,13,3,31.,1,false,true,false,true,12.,10.,2.,2.,12.7400838079
1.30907583468,Voter,13,3,36.,1,false,true,false,true,12.,10.,2.,2.,12.7400839636
1.30907583468,Voter,13,3,41.,1,false,true,false,true,12.,10.,2.,2.,12.7400839719
1.30907583468,Voter,13,3,46.,1,false,true,false,true,12.,10.,2.,2.,12.7400839723
1.30907583468,Voter,13,3,51.,1,false,true,false,true,12.,10.,2.,2.,12.7400839723
1.04851571856,Voter,13,7,1.,1,false,true,false,true,40.,34.,50.,48.,0.
1.04851571856,Voter,13,7,6.,1,false,true,false,true,82.,70.,24.,24.,11.0273074481
1.04851571856,Voter,13,7,11.,1,false,true,false,true,82.,70.,24.,24.,11.3003537883
1.04851571856,Voter,13,7,16.,1,false,true,false,true,82.,70.,24.,24.,11.3076707037
1.04851571856,Voter,13,7,21.,1,false,true,false,true,82.,70.,24.,24.,11.3078773173
1.04851571856,Voter,13,7,26.,1,false,true,false,true,82.,70.,24.,24.,11.3078833844
1.04851571856,Voter,13,7,31.,1,false,true,false,true,82.,70.,24.,24.,11.3078835683
1.04851571856,Voter,13,7,36.,1,false,true,false,true,82.,70.,24.,24.,11.307883574
1.04851571856,Voter,13,7,41.,1,false,true,false,true,82.,70.,24.,24.,11.3078835742
1.04851571856,Voter,13,7,46.,1,false,true,false,true,82.,70.,24.,24.,11.3078835742
1.04851571856,Voter,13,7,51.,1,false,true,false,true,82.,70.,24.,24.,11.3078835742
1.37476132528,Sample,13,7,1.,1,false,true,false,true,60.,52.,154.,126.,0.
1.37476132528,Sample,13,7,6.,1,false,true,false,true,210.,160.,184.,152.,12.4064795288
1.37476132528,Sample,13,7,11.,1,false,true,false,true,240.,176.,182.,150.,13.0180285459
1.37476132528,Sample,13,7,16.,1,false,true,false,true,240.,176.,182.,150.,13.0497278633
1.37476132528,Sample,13,7,21.,1,false,true,false,true,240.,176.,182.,150.,13.0514315394
1.37476132528,Sample,13,7,26.,1,false,true,false,true,240.,176.,182.,150.,13.0515256716
1.37476132528,Sample,13,7,31.,1,false,true,false,true,240.,176.,182.,150.,13.0515309912
1.37476132528,Sample,13,7,36.,1,false,true,false,true,240.,176.,182.,150.,13.0515312977
1.37476132528,Sample,13,7,41.,1,false,true,false,true,240.,176.,182.,150.,13.0515313156
1.37476132528,Sample,13,7,46.,1,false,true,false,true,240.,176.,182.,150.,13.0515313167
1.37476132528,Sample,13,7,51.,1,false,true,false,true,240.,176.,182.,150.,13.0515313167
1.06019725625,Sample,13,5,1.,1,false,true,false,true,16.,16.,50.,46.,0.
1.06019725625,Sample,13,5,6.,1,false,true,false,true,70.,66.,52.,52.,11.0888142796
1.06019725625,Sample,13,5,11.,1,false,true,false,true,70.,66.,52.,52.,11.3718102178
1.06019725625,Sample,13,5,16.,1,false,true,false,true,70.,66.,52.,52.,11.3796154874
1.06019725625,Sample,13,5,21.,1,false,true,false,true,70.,66.,52.,52.,11.3798421631
1.06019725625,Sample,13,5,26.,1,false,true,false,true,70.,66.,52.,52.,11.3798490049
1.06019725625,Sample,13,5,31.,1,false,true,false,true,70.,66.,52.,52.,11.379849218
1.06019725625,Sample,13,5,36.,1,false,true,false,true,70.,66.,52.,52.,11.3798492249
1.06019725625,Sample,13,5,41.,1,false,true,false,true,70.,66.,52.,52.,11.3798492251
1.06019725625,Sample,13,5,46.,1,false,true,false,true,70.,66.,52.,52.,11.3798492251
1.06019725625,Sample,13,5,51.,1,false,true,false,true,70.,66.,52.,52.,11.3798492251
1.33234269915,Sample,13,4,1.,1,false,true,false,true,14.,14.,26.,26.,0.
1.33234269915,Sample,13,4,6.,1,false,true,false,true,42.,40.,30.,30.,12.262721071
1.33234269915,Sample,13,4,11.,1,false,true,false,true,46.,44.,30.,30.,12.82389883
1.33234269915,Sample,13,4,16.,1,false,true,false,true,46.,44.,30.,30.,12.850978997
1.33234269915,Sample,13,4,21.,1,false,true,false,true,46.,44.,30.,30.,12.8523361538
1.33234269915,Sample,13,4,26.,1,false,true,false,true,46.,44.,30.,30.,12.8524061569
1.33234269915,Sample,13,4,31.,1,false,true,false,true,46.,44.,30.,30.,12.8524098534
1.33234269915,Sample,13,4,36.,1,false,true,false,true,46.,44.,30.,30.,12.8524100526
1.33234269915,Sample,13,4,41.,1,false,true,false,true,46.,44.,30.,30.,12.8524100635
1.33234269915,Sample,13,4,46.,1,false,true,false,true,46.,44.,30.,30.,12.8524100641
1.33234269915,Sample,13,4,51.,1,false,true,false,true,46.,44.,30.,30.,12.8524100642
1.36947252733,Sample,13,3,1.,1,false,true,false,true,8.,8.,14.,14.,0.
1.36947252733,Sample,13,3,6.,1,false,true,false,true,22.,22.,16.,16.,12.3890633676
1.36947252733,Sample,13,3,11.,1,false,true,false,true,24.,24.,18.,18.,12.9942439044
1.36947252733,Sample,13,3,16.,1,false,true,false,true,24.,24.,18.,18.,13.0253404402
1.36947252733,Sample,13,3,21.,1,false,true,false,true,24.,24.,18.,18.,13.0269975201
1.36947252733,Sample,13,3,26.,1,false,true,false,true,24.,24.,18.,18.,13.0270883124
1.36947252733,Sample,13,3,31.,1,false,true,false,true,24.,24.,18.,18.,13.0270934009
1.36947252733,Sample,13,3,36.,1,false,true,false,true,24.,24.,18.,18.,13.0270936917
1.36947252733,Sample,13,3,41.,1,false,true,false,true,24.,24.,18.,18.,13.0270937086
1.36947252733,Sample,13,3,46.,1,false,true,false,true,24.,24.,18.,18.,13.0270937096
1.36947252733,Sample,13,3,51.,1,false,true,false,true,24.,24.,18.,18.,13.0270937096
1.10236132614,Sample,13,5,1.,1,false,true,false,true,38.,36.,84.,72.,0.
1.10236132614,Sample,13,5,6.,1,false,true,false,true,124.,100.,146.,118.,11.3024818331
1.10236132614,Sample,13,5,11.,1,false,true,false,true,132.,106.,154.,122.,11.622862468
1.10236132614,Sample,13,5,16.,1,false,true,false,true,132.,106.,154.,122.,11.6326301287
1.10236132614,Sample,13,5,21.,1,false,true,false,true,132.,106.,154.,122.,11.6329428767
1.10236132614,Sample,13,5,26.,1,false,true,false,true,132.,106.,154.,122.,11.6329532648
1.10236132614,Sample,13,5,31.,1,false,true,false,true,132.,106.,154.,122.,11.6329536203
1.10236132614,Sample,13,5,36.,1,false,true,false,true,132.,106.,154.,122.,11.6329536328
1.10236132614,Sample,13,5,41.,1,false,true,false,true,132.,106.,154.,122.,11.6329536333
1.10236132614,Sample,13,5,46.,1,false,true,false,true,132.,106.,154.,122.,11.6329536333
1.10236132614,Sample,13,5,51.,1,false,true,false,true,132.,106.,154.,122.,11.6329536333
1.05915770512,Sample,13,7,1.,1,false,true,false,true,52.,48.,156.,122.,0.
1.05915770512,Sample,13,7,6.,1,false,true,false,true,234.,180.,234.,196.,11.0833820911
1.05915770512,Sample,13,7,11.,1,false,true,false,true,242.,188.,242.,198.,11.3654853478
1.05915770512,Sample,13,7,16.,1,false,true,false,true,242.,188.,242.,198.,11.3732462165
1.05915770512,Sample,13,7,21.,1,false,true,false,true,242.,188.,242.,198.,11.3734710447
1.05915770512,Sample,13,7,26.,1,false,true,false,true,242.,188.,242.,198.,11.3734778144
1.05915770512,Sample,13,7,31.,1,false,true,false,true,242.,188.,242.,198.,11.3734780247
1.05915770512,Sample,13,7,36.,1,false,true,false,true,242.,188.,242.,198.,11.3734780314
1.05915770512,Sample,13,7,41.,1,false,true,false,true,242.,188.,242.,198.,11.3734780317
1.05915770512,Sample,13,7,46.,1,false,true,false,true,242.,188.,242.,198.,11.3734780317
1.05915770512,Sample,13,7,51.,1,false,true,false,true,242.,188.,242.,198.,11.3734780317
1.24205168272,Voter,13,5,1.,1,false,true,false,true,26.,24.,46.,42.,0.
1.24205168272,Voter,13,5,6.,1,false,true,false,true,82.,74.,42.,38.,11.9240970195
1.24205168272,Voter,13,5,11.,1,false,true,false,true,82.,74.,42.,38.,12.3838233055
1.24205168272,Voter,13,5,16.,1,false,true,false,true,82.,74.,42.,38.,12.4026388472
1.24205168272,Voter,13,5,21.,1,false,true,false,true,82.,74.,42.,38.,12.403441712
1.24205168272,Voter,13,5,26.,1,false,true,false,true,82.,74.,42.,38.,12.4034770672
1.24205168272,Voter,13,5,31.,1,false,true,false,true,82.,74.,42.,38.,12.4034786647
1.24205168272,Voter,13,5,36.,1,false,true,false,true,82.,74.,42.,38.,12.4034787384
1.24205168272,Voter,13,5,41.,1,false,true,false,true,82.,74.,42.,38.,12.4034787419
1.24205168272,Voter,13,5,46.,1,false,true,false,true,82.,74.,42.,38.,12.4034787421
1.24205168272,Voter,13,5,51.,1,false,true,false,true,82.,74.,42.,38.,12.4034787421
1.12039112664,Sample,13,5,1.,1,false,true,false,true,42.,40.,78.,68.,0.
1.12039112664,Sample,13,5,6.,1,false,true,false,true,88.,78.,80.,72.,11.3899784274
1.12039112664,Sample,13,5,11.,1,false,true,false,true,88.,78.,80.,72.,11.7270343512
1.12039112664,Sample,13,5,16.,1,false,true,false,true,88.,78.,80.,72.,11.7377416668
1.12039112664,Sample,13,5,21.,1,false,true,false,true,88.,78.,80.,72.,11.7380985145
1.12039112664,Sample,13,5,26.,1,false,true,false,true,88.,78.,80.,72.,11.7381108426
1.12039112664,Sample,13,5,31.,1,false,true,false,true,88.,78.,80.,72.,11.7381112812
1.12039112664,Sample,13,5,36.,1,false,true,false,true,88.,78.,80.,72.,11.7381112972
1.12039112664,Sample,13,5,41.,1,false,true,false,true,88.,78.,80.,72.,11.7381112978
1.12039112664,Sample,13,5,46.,1,false,true,false,true,88.,78.,80.,72.,11.7381112978
1.12039112664,Sample,13,5,51.,1,false,true,false,true,88.,78.,80.,72.,11.7381112978
1.22785883671,Sample,13,7,1.,1,false,true,false,true,124.,104.,150.,128.,0.
1.22785883671,Sample,13,7,6.,1,false,true,false,true,270.,200.,276.,210.,11.8665864428
1.22785883671,Sample,13,7,11.,1,false,true,false,true,278.,204.,280.,212.,12.3111340584
1.22785883671,Sample,13,7,16.,1,false,true,false,true,278.,204.,280.,212.,12.3288335206
1.22785883671,Sample,13,7,21.,1,false,true,false,true,278.,204.,280.,212.,12.3295687079
1.22785883671,Sample,13,7,26.,1,false,true,false,true,278.,204.,280.,212.,12.3296002379
1.22785883671,Sample,13,7,31.,1,false,true,false,true,278.,204.,280.,212.,12.3296016258
1.22785883671,Sample,13,7,36.,1,false,true,false,true,278.,204.,280.,212.,12.3296016883
1.22785883671,Sample,13,7,41.,1,false,true,false,true,278.,204.,280.,212.,12.3296016912
1.22785883671,Sample,13,7,46.,1,false,true,false,true,278.,204.,280.,212.,12.3296016913
1.22785883671,Sample,13,7,51.,1,false,true,false,true,278.,204.,280.,212.,12.3296016913
0.943718119389,Voter,13,3,1.,1,false,true,false,true,0.,0.,8.,8.,0.
0.943718119389,Voter,13,3,6.,1,false,true,false,true,6.,6.,2.,2.,10.4276006542
0.943718119389,Voter,13,3,11.,1,false,true,false,true,6.,6.,2.,2.,10.6196073237
0.943718119389,Voter,13,3,16.,1,false,true,false,true,6.,6.,2.,2.,10.6234895462
0.943718119389,Voter,13,3,21.,1,false,true,false,true,6.,6.,2.,2.,10.6235729011
0.943718119389,Voter,13,3,26.,1,false,true,false,true,6.,6.,2.,2.,10.6235747728
0.943718119389,Voter,13,3,31.,1,false,true,false,true,6.,6.,2.,2.,10.6235748164
0.943718119389,Voter,13,3,36.,1,false,true,false,true,6.,6.,2.,2.,10.6235748174
0.943718119389,Voter,13,3,41.,1,false,true,false,true,6.,6.,2.,2.,10.6235748174
0.943718119389,Voter,13,3,46.,1,false,true,false,true,6.,6.,2.,2.,10.6235748174
0.943718119389,Voter,13,3,51.,1,false,true,false,true,6.,6.,2.,2.,10.6235748174
1.00771902924,Sample,13,7,1.,1,false,true,false,true,86.,78.,180.,158.,0.
1.00771902924,Sample,13,7,6.,1,false,true,false,true,216.,180.,246.,200.,10.8043221514
1.00771902924,Sample,13,7,11.,1,false,true,false,true,220.,184.,246.,202.,11.0440427467
1.00771902924,Sample,13,7,16.,1,false,true,false,true,220.,184.,246.,202.,11.0498291609
1.00771902924,Sample,13,7,21.,1,false,true,false,true,220.,184.,246.,202.,11.0499767547
1.00771902924,Sample,13,7,26.,1,false,true,false,true,220.,184.,246.,202.,11.0499806775
1.00771902924,Sample,13,7,31.,1,false,true,false,true,220.,184.,246.,202.,11.0499807854
1.00771902924,Sample,13,7,36.,1,false,true,false,true,220.,184.,246.,202.,11.0499807884
1.00771902924,Sample,13,7,41.,1,false,true,false,true,220.,184.,246.,202.,11.0499807885
1.00771902924,Sample,13,7,46.,1,false,true,false,true,220.,184.,246.,202.,11.0499807885
1.00771902924,Sample,13,7,51.,1,false,true,false,true,220.,184.,246.,202.,11.0499807885
0.829753500268,Voter,13,7,1.,1,false,true,false,true,88.,76.,166.,138.,0.
0.829753500268,Voter,13,7,6.,1,false,true,false,true,236.,184.,242.,190.,9.66743298976
0.829753500268,Voter,13,7,11.,1,false,true,false,true,236.,184.,242.,190.,9.78870409965
0.829753500268,Voter,13,7,16.,1,false,true,false,true,236.,184.,242.,190.,9.79040954687
0.829753500268,Voter,13,7,21.,1,false,true,false,true,236.,184.,242.,190.,9.79043529165
0.829753500268,Voter,13,7,26.,1,false,true,false,true,236.,184.,242.,190.,9.79043570139
0.829753500268,Voter,13,7,31.,1,false,true,false,true,236.,184.,242.,190.,9.79043570819
0.829753500268,Voter,13,7,36.,1,false,true,false,true,236.,184.,242.,190.,9.79043570831
0.829753500268,Voter,13,7,41.,1,false,true,false,true,236.,184.,242.,190.,9.79043570831
0.829753500268,Voter,13,7,46.,1,false,true,false,true,236.,184.,242.,190.,9.79043570831
0.829753500268,Voter,13,7,51.,1,false,true,false,true,236.,184.,242.,190.,9.79043570831
1.1649389858,Voter,13,5,1.,1,false,true,false,true,18.,18.,36.,34.,0.
1.1649389858,Voter,13,5,6.,1,false,true,false,true,70.,60.,48.,40.,11.5966420154
1.1649389858,Voter,13,5,11.,1,false,true,false,true,76.,66.,50.,42.,11.9766110005
1.1649389858,Voter,13,5,16.,1,false,true,false,true,78.,68.,48.,42.,11.9899167922
1.1649389858,Voter,13,5,21.,1,false,true,false,true,78.,68.,48.,42.,11.9904044261
1.1649389858,Voter,13,5,26.,1,false,true,false,true,78.,68.,48.,42.,11.9904229187
1.1649389858,Voter,13,5,31.,1,false,true,false,true,78.,68.,48.,42.,11.9904236399
1.1649389858,Voter,13,5,36.,1,false,true,false,true,78.,68.,48.,42.,11.9904236687
1.1649389858,Voter,13,5,41.,1,false,true,false,true,78.,68.,48.,42.,11.9904236698
1.1649389858,Voter,13,5,46.,1,false,true,false,true,78.,68.,48.,42.,11.9904236699
1.1649389858,Voter,13,5,51.,1,false,true,false,true,78.,68.,48.,42.,11.9904236699
1.17101126764,Sample,13,4,1.,1,false,true,false,true,20.,20.,36.,32.,0.
1.17101126764,Sample,13,4,6.,1,false,true,false,true,60.,56.,56.,52.,11.6237913037
1.17101126764,Sample,13,4,11.,1,false,true,false,true,60.,56.,56.,52.,12.0097940133
1.17101126764,Sample,13,4,16.,1,false,true,false,true,60.,56.,56.,52.,12.023485836
1.17101126764,Sample,13,4,21.,1,false,true,false,true,60.,56.,56.,52.,12.0239939421
1.17101126764,Sample,13,4,26.,1,false,true,false,true,60.,56.,56.,52.,12.0240134496
1.17101126764,Sample,13,4,31.,1,false,true,false,true,60.,56.,56.,52.,12.0240142196
1.17101126764,Sample,13,4,36.,1,false,true,false,true,60.,56.,56.,52.,12.0240142507
1.17101126764,Sample,13,4,41.,1,false,true,false,true,60.,56.,56.,52.,12.024014252
1.17101126764,Sample,13,4,46.,1,false,true,false,true,60.,56.,56.,52.,12.024014252
1.17101126764,Sample,13,4,51.,1,false,true,false,true,60.,56.,56.,52.,12.024014252
1.25920581785,Sample,13,3,1.,1,false,true,false,true,2.,2.,22.,22.,0.
1.25920581785,Sample,13,3,6.,1,false,true,false,true,26.,24.,30.,30.,11.992008316
1.25920581785,Sample,13,3,11.,1,false,true,false,true,28.,26.,28.,28.,12.4703686495
1.25920581785,Sample,13,3,16.,1,false,true,false,true,28.,26.,28.,28.,12.4905974225
1.25920581785,Sample,13,3,21.,1,false,true,false,true,28.,26.,28.,28.,12.4914885779
1.25920581785,Sample,13,3,26.,1,false,true,false,true,28.,26.,28.,28.,12.4915290714
1.25920581785,Sample,13,3,31.,1,false,true,false,true,28.,26.,28.,28.,12.4915309584
1.25920581785,Sample,13,3,36.,1,false,true,false,true,28.,26.,28.,28.,12.4915310483
1.25920581785,Sample,13,3,41.,1,false,true,false,true,28.,26.,28.,28.,12.4915310526
1.25920581785,Sample,13,3,46.,1,false,true,false,true,28.,26.,28.,28.,12.4915310528
1.25920581785,Sample,13,3,51.,1,false,true,false,true,28.,26.,28.,28.,12.4915310529
1.33423291395,Sample,13,4,1.,1,false,true,false,true,34.,28.,40.,38.,0.
1.33423291395,Sample,13,4,6.,1,false,true,false,true,84.,68.,54.,44.,12.2693279953
1.33423291395,Sample,13,4,11.,1,false,true,false,true,90.,70.,60.,50.,12.8327152692
1.33423291395,Sample,13,4,16.,1,false,true,false,true,90.,70.,60.,50.,12.8599909112
1.33423291395,Sample,13,4,21.,1,false,true,false,true,90.,70.,60.,50.,12.8613622289
1.33423291395,Sample,13,4,26.,1,false,true,false,true,90.,70.,60.,50.,12.8614331846
1.33423291395,Sample,13,4,31.,1,false,true,false,true,90.,70.,60.,50.,12.861436943
1.33423291395,Sample,13,4,36.,1,false,true,false,true,90.,70.,60.,50.,12.8614371461
1.33423291395,Sample,13,4,41.,1,false,true,false,true,90.,70.,60.,50.,12.8614371573
1.33423291395,Sample,13,4,46.,1,false,true,false,true,90.,70.,60.,50.,12.8614371579
1.33423291395,Sample,13,4,51.,1,false,true,false,true,90.,70.,60.,50.,12.861437158
1.39008753574,Voter,13,3,1.,1,false,true,false,true,10.,10.,22.,20.,0.
1.39008753574,Voter,13,3,6.,1,false,true,false,true,26.,22.,22.,22.,12.4561508465
1.39008753574,Voter,13,3,11.,1,false,true,false,true,26.,22.,22.,22.,13.0862919719
1.39008753574,Voter,13,3,16.,1,false,true,false,true,26.,22.,22.,22.,13.1197820696
1.39008753574,Voter,13,3,21.,1,false,true,false,true,26.,22.,22.,22.,13.1216265262
1.39008753574,Voter,13,3,26.,1,false,true,false,true,26.,22.,22.,22.,13.1217309175
1.39008753574,Voter,13,3,31.,1,false,true,false,true,26.,22.,22.,22.,13.1217369585
1.39008753574,Voter,13,3,36.,1,false,true,false,true,26.,22.,22.,22.,13.1217373148
1.39008753574,Voter,13,3,41.,1,false,true,false,true,26.,22.,22.,22.,13.1217373362
1.39008753574,Voter,13,3,46.,1,false,true,false,true,26.,22.,22.,22.,13.1217373375
1.39008753574,Voter,13,3,51.,1,false,true,false,true,26.,22.,22.,22.,13.1217373376
1.2858292923,Voter,13,5,1.,1,false,true,false,true,32.,30.,46.,40.,0.
1.2858292923,Voter,13,5,6.,1,false,true,false,true,66.,56.,48.,42.,12.0940225733
1.2858292923,Voter,13,5,11.,1,false,true,false,true,68.,56.,46.,42.,12.6019117243
1.2858292923,Voter,13,5,16.,1,false,true,false,true,68.,56.,46.,42.,12.6244768466
1.2858292923,Voter,13,5,21.,1,false,true,false,true,68.,56.,46.,42.,12.62552005
1.2858292923,Voter,13,5,26.,1,false,true,false,true,68.,56.,46.,42.,12.6255697541
1.2858292923,Voter,13,5,31.,1,false,true,false,true,68.,56.,46.,42.,12.6255721811
1.2858292923,Voter,13,5,36.,1,false,true,false,true,68.,56.,46.,42.,12.6255723022
1.2858292923,Voter,13,5,41.,1,false,true,false,true,68.,56.,46.,42.,12.6255723083
1.2858292923,Voter,13,5,46.,1,false,true,false,true,68.,56.,46.,42.,12.6255723086
1.2858292923,Voter,13,5,51.,1,false,true,false,true,68.,56.,46.,42.,12.6255723087
0.93560715467,Voter,13,5,1.,1,false,true,false,true,32.,28.,26.,26.,0.
0.93560715467,Voter,13,5,6.,1,false,true,false,true,40.,36.,14.,14.,10.3773976151
0.93560715467,Voter,13,5,11.,1,false,true,false,true,40.,36.,14.,14.,10.56376344
0.93560715467,Voter,13,5,16.,1,false,true,false,true,40.,36.,14.,14.,10.5674433236
0.93560715467,Voter,13,5,21.,1,false,true,false,true,40.,36.,14.,14.,10.5675205349
0.93560715467,Voter,13,5,26.,1,false,true,false,true,40.,36.,14.,14.,10.56752223
0.93560715467,Voter,13,5,31.,1,false,true,false,true,40.,36.,14.,14.,10.5675222686
0.93560715467,Voter,13,5,36.,1,false,true,false,true,40.,36.,14.,14.,10.5675222695
0.93560715467,Voter,13,5,41.,1,false,true,false,true,40.,36.,14.,14.,10.5675222695
0.93560715467,Voter,13,5,46.,1,false,true,false,true,40.,36.,14.,14.,10.5675222695
0.93560715467,Voter,13,5,51.,1,false,true,false,true,40.,36.,14.,14.,10.5675222695
1.2965500772,Sample,13,4,1.,1,false,true,false,true,20.,20.,46.,40.,0.
1.2965500772,Sample,13,4,6.,1,false,true,false,true,70.,64.,88.,70.,12.1339642981
1.2965500772,Sample,13,4,11.,1,false,true,false,true,72.,64.,90.,70.,12.6539477608
1.2965500772,Sample,13,4,16.,1,false,true,false,true,72.,64.,90.,70.,12.677503954
1.2965500772,Sample,13,4,21.,1,false,true,false,true,72.,64.,90.,70.,12.6786138575
1.2965500772,Sample,13,4,26.,1,false,true,false,true,72.,64.,90.,70.,12.6786677364
1.2965500772,Sample,13,4,31.,1,false,true,false,true,72.,64.,90.,70.,12.6786704162
1.2965500772,Sample,13,4,36.,1,false,true,false,true,72.,64.,90.,70.,12.6786705523
1.2965500772,Sample,13,4,41.,1,false,true,false,true,72.,64.,90.,70.,12.6786705594
1.2965500772,Sample,13,4,46.,1,false,true,false,true,72.,64.,90.,70.,12.6786705597
1.2965500772,Sample,13,4,51.,1,false,true,false,true,72.,64.,90.,70.,12.6786705597
1.22211745816,Voter,13,6,1.,1,false,true,false,true,24.,24.,42.,36.,0.
1.22211745816,Voter,13,6,6.,1,false,true,false,true,66.,60.,24.,24.,11.842976518
1.22211745816,Voter,13,6,11.,1,false,true,false,true,68.,60.,26.,26.,12.2814463753
1.22211745816,Voter,13,6,16.,1,false,true,false,true,68.,60.,26.,26.,12.298707801
1.22211745816,Voter,13,6,21.,1,false,true,false,true,68.,60.,26.,26.,12.2994169347
1.22211745816,Voter,13,6,26.,1,false,true,false,true,68.,60.,26.,26.,12.2994470198
1.22211745816,Voter,13,6,31.,1,false,true,false,true,68.,60.,26.,26.,12.29944833
1.22211745816,Voter,13,6,36.,1,false,true,false,true,68.,60.,26.,26.,12.2994483884
1.22211745816,Voter,13,6,41.,1,false,true,false,true,68.,60.,26.,26.,12.2994483911
1.22211745816,Voter,13,6,46.,1,false,true,false,true,68.,60.,26.,26.,12.2994483912
1.22211745816,Voter,13,6,51.,1,false,true,false,true,68.,60.,26.,26.,12.2994483912
1.3040911774,Sample,13,3,1.,1,false,true,false,true,4.,4.,12.,10.,0.
1.3040911774,Sample,13,3,6.,1,false,true,false,true,16.,14.,8.,8.,12.1616754015
1.3040911774,Sample,13,3,11.,1,false,true,false,true,16.,14.,8.,8.,12.6902345988
1.3040911774,Sample,13,3,16.,1,false,true,false,true,16.,14.,8.,8.,12.7145055269
1.3040911774,Sample,13,3,21.,1,false,true,false,true,16.,14.,8.,8.,12.7156643214
1.3040911774,Sample,13,3,26.,1,false,true,false,true,16.,14.,8.,8.,12.7157213095
1.3040911774,Sample,13,3,31.,1,false,true,false,true,16.,14.,8.,8.,12.7157241805
1.3040911774,Sample,13,3,36.,1,false,true,false,true,16.,14.,8.,8.,12.7157243282
1.3040911774,Sample,13,3,41.,1,false,true,false,true,16.,14.,8.,8.,12.7157243359
1.3040911774,Sample,13,3,46.,1,false,true,false,true,16.,14.,8.,8.,12.7157243363
1.3040911774,Sample,13,3,51.,1,false,true,false,true,16.,14.,8.,8.,12.7157243363
1.10392134624,Voter,13,3,1.,1,false,true,false,true,2.,2.,4.,4.,0.
1.10392134624,Voter,13,3,6.,1,false,true,false,true,6.,6.,0.,0.,11.3101424086
1.10392134624,Voter,13,3,11.,1,false,true,false,true,6.,6.,0.,0.,11.6319497654
1.10392134624,Voter,13,3,16.,1,false,true,false,true,6.,6.,0.,0.,11.6417962774
1.10392134624,Voter,13,3,21.,1,false,true,false,true,6.,6.,0.,0.,11.642112657
1.10392134624,Voter,13,3,26.,1,false,true,false,true,6.,6.,0.,0.,11.6421232019
1.10392134624,Voter,13,3,31.,1,false,true,false,true,6.,6.,0.,0.,11.642123564
1.10392134624,Voter,13,3,36.,1,false,true,false,true,6.,6.,0.,0.,11.6421235768
1.10392134624,Voter,13,3,41.,1,false,true,false,true,6.,6.,0.,0.,11.6421235772
1.10392134624,Voter,13,3,46.,1,false,true,false,true,6.,6.,0.,0.,11.6421235772
1.10392134624,Voter,13,3,51.,1,false,true,false,true,6.,6.,0.,0.,11.6421235773
0.909938913687,Sample,13,6,1.,1,false,true,false,true,44.,40.,100.,88.,0.
0.909938913687,Sample,13,6,6.,1,false,true,false,true,160.,128.,148.,126.,10.2147218785
0.909938913687,Sample,13,6,11.,1,false,true,false,true,164.,130.,152.,128.,10.3838458989
0.909938913687,Sample,13,6,16.,1,false,true,false,true,164.,130.,152.,128.,10.3869377282
0.909938913687,Sample,13,6,21.,1,false,true,false,true,164.,130.,152.,128.,10.3869979241
0.909938913687,Sample,13,6,26.,1,false,true,false,true,164.,130.,152.,128.,10.3869991524
0.909938913687,Sample,13,6,31.,1,false,true,false,true,164.,130.,152.,128.,10.3869991785
0.909938913687,Sample,13,6,36.,1,false,true,false,true,164.,130.,152.,128.,10.386999179
0.909938913687,Sample,13,6,41.,1,false,true,false,true,164.,130.,152.,128.,10.386999179
0.909938913687,Sample,13,6,46.,1,false,true,false,true,164.,130.,152.,128.,10.386999179
0.909938913687,Sample,13,6,51.,1,false,true,false,true,164.,130.,152.,128.,10.386999179
0.92754743341,Sample,13,6,1.,1,false,true,false,true,26.,26.,70.,56.,0.
0.92754743341,Sample,13,6,6.,1,false,true,false,true,88.,78.,64.,56.,10.326944639
0.92754743341,Sample,13,6,11.,1,false,true,false,true,88.,78.,64.,56.,10.5077967
0.92754743341,Sample,13,6,16.,1,false,true,false,true,88.,78.,64.,56.,10.5112835285
0.92754743341,Sample,13,6,21.,1,false,true,false,true,88.,78.,64.,56.,10.5113550131
0.92754743341,Sample,13,6,26.,1,false,true,false,true,88.,78.,64.,56.,10.5113565473
0.92754743341,Sample,13,6,31.,1,false,true,false,true,88.,78.,64.,56.,10.5113565815
0.92754743341,Sample,13,6,36.,1,false,true,false,true,88.,78.,64.,56.,10.5113565823
0.92754743341,Sample,13,6,41.,1,false,true,false,true,88.,78.,64.,56.,10.5113565823
0.92754743341,Sample,13,6,46.,1,false,true,false,true,88.,78.,64.,56.,10.5113565823
0.92754743341,Sample,13,6,51.,1,false,true,false,true,88.,78.,64.,56.,10.5113565823
0.950433349822,Voter,13,6,1.,1,false,true,false,true,16.,16.,54.,48.,0.
0.950433349822,Voter,13,6,6.,1,false,true,false,true,68.,60.,34.,30.,10.4687357444
0.950433349822,Voter,13,6,11.,1,false,true,false,true,70.,62.,36.,32.,10.665482255
0.950433349822,Voter,13,6,16.,1,false,true,false,true,72.,64.,38.,34.,10.669538261
0.950433349822,Voter,13,6,21.,1,false,true,false,true,72.,64.,38.,34.,10.6696270049
0.950433349822,Voter,13,6,26.,1,false,true,false,true,72.,64.,38.,34.,10.6696290347
0.950433349822,Voter,13,6,31.,1,false,true,false,true,72.,64.,38.,34.,10.6696290828
0.950433349822,Voter,13,6,36.,1,false,true,false,true,72.,64.,38.,34.,10.669629084
0.950433349822,Voter,13,6,41.,1,false,true,false,true,72.,64.,38.,34.,10.669629084
0.950433349822,Voter,13,6,46.,1,false,true,false,true,72.,64.,38.,34.,10.669629084
0.950433349822,Voter,13,6,51.,1,false,true,false,true,72.,64.,38.,34.,10.669629084
1.34959312027,Sample,13,7,1.,1,false,true,false,true,42.,40.,104.,86.,0.
1.34959312027,Sample,13,7,6.,1,false,true,false,true,150.,124.,112.,102.,12.3223150856
1.34959312027,Sample,13,7,11.,1,false,true,false,true,154.,124.,108.,98.,12.9037802854
1.34959312027,Sample,13,7,16.,1,false,true,false,true,154.,124.,108.,98.,12.9326799191
1.34959312027,Sample,13,7,21.,1,false,true,false,true,154.,124.,108.,98.,12.934170634
1.34959312027,Sample,13,7,26.,1,false,true,false,true,154.,124.,108.,98.,12.9342497383
1.34959312027,Sample,13,7,31.,1,false,true,false,true,154.,124.,108.,98.,12.934254034
1.34959312027,Sample,13,7,36.,1,false,true,false,true,154.,124.,108.,98.,12.9342542719
1.34959312027,Sample,13,7,41.,1,false,true,false,true,154.,124.,108.,98.,12.9342542853
1.34959312027,Sample,13,7,46.,1,false,true,false,true,154.,124.,108.,98.,12.9342542861
1.34959312027,Sample,13,7,51.,1,false,true,false,true,154.,124.,108.,98.,12.9342542861
1.10777196002,Sample,13,7,1.,1,false,true,false,true,32.,30.,116.,90.,0.
1.10777196002,Sample,13,7,6.,1,false,true,false,true,170.,136.,150.,112.,11.3289777502
1.10777196002,Sample,13,7,11.,1,false,true,false,true,176.,140.,152.,114.,11.6543198066
1.10777196002,Sample,13,7,16.,1,false,true,false,true,176.,140.,152.,114.,11.6643629195
1.10777196002,Sample,13,7,21.,1,false,true,false,true,176.,140.,152.,114.,11.6646884095
1.10777196002,Sample,13,7,26.,1,false,true,false,true,176.,140.,152.,114.,11.6646993502
1.10777196002,Sample,13,7,31.,1,false,true,false,true,176.,140.,152.,114.,11.6646997291
1.10777196002,Sample,13,7,36.,1,false,true,false,true,176.,140.,152.,114.,11.6646997425
1.10777196002,Sample,13,7,41.,1,false,true,false,true,176.,140.,152.,114.,11.664699743
1.10777196002,Sample,13,7,46.,1,false,true,false,true,176.,140.,152.,114.,11.664699743
1.10777196002,Sample,13,7,51.,1,false,true,false,true,176.,140.,152.,114.,11.664699743
0.80334945223,Voter,13,5,1.,1,false,true,false,true,22.,22.,18.,18.,0.
0.80334945223,Voter,13,5,6.,1,false,true,false,true,50.,44.,18.,18.,9.47348054641
0.80334945223,Voter,13,5,11.,1,false,true,false,true,50.,44.,18.,18.,9.5809890519
0.80334945223,Voter,13,5,16.,1,false,true,false,true,50.,44.,18.,18.,9.58236472147
0.80334945223,Voter,13,5,21.,1,false,true,false,true,50.,44.,18.,18.,9.5823836733
0.80334945223,Voter,13,5,26.,1,false,true,false,true,50.,44.,18.,18.,9.58238394919
0.80334945223,Voter,13,5,31.,1,false,true,false,true,50.,44.,18.,18.,9.58238395339
0.80334945223,Voter,13,5,36.,1,false,true,false,true,50.,44.,18.,18.,9.58238395345
0.80334945223,Voter,13,5,41.,1,false,true,false,true,50.,44.,18.,18.,9.58238395346
0.80334945223,Voter,13,5,46.,1,false,true,false,true,50.,44.,18.,18.,9.58238395346
0.80334945223,Voter,13,5,51.,1,false,true,false,true,50.,44.,18.,18.,9.58238395346
0.95497959161,Sample,13,3,1.,1,false,true,false,true,16.,14.,20.,20.,0.
0.95497959161,Sample,13,3,6.,1,false,true,false,true,28.,24.,20.,20.,10.4963655895
0.95497959161,Sample,13,3,11.,1,false,true,false,true,28.,24.,20.,20.,10.6963567368
0.95497959161,Sample,13,3,16.,1,false,true,false,true,28.,24.,20.,20.,10.7005336802
0.95497959161,Sample,13,3,21.,1,false,true,false,true,28.,24.,20.,20.,10.7006262342
0.95497959161,Sample,13,3,26.,1,false,true,false,true,28.,24.,20.,20.,10.7006283775
0.95497959161,Sample,13,3,31.,1,false,true,false,true,28.,24.,20.,20.,10.700628429
0.95497959161,Sample,13,3,36.,1,false,true,false,true,28.,24.,20.,20.,10.7006284303
0.95497959161,Sample,13,3,41.,1,false,true,false,true,28.,24.,20.,20.,10.7006284303
0.95497959161,Sample,13,3,46.,1,false,true,false,true,28.,24.,20.,20.,10.7006284303
0.95497959161,Sample,13,3,51.,1,false,true,false,true,28.,24.,20.,20.,10.7006284303
1.37282621466,Sample,13,3,1.,1,false,true,false,true,0.,0.,10.,10.,0.
1.37282621466,Sample,13,3,6.,1,false,true,false,true,16.,14.,10.,10.,12.400123666
1.37282621466,Sample,13,3,11.,1,false,true,false,true,16.,14.,10.,10.,13.0093396837
1.37282621466,Sample,13,3,16.,1,false,true,false,true,16.,14.,10.,10.,13.0408175511
1.37282621466,Sample,13,3,21.,1,false,true,false,true,16.,14.,10.,10.,13.0425040618
1.37282621466,Sample,13,3,26.,1,false,true,false,true,16.,14.,10.,10.,13.0425969603
1.37282621466,Sample,13,3,31.,1,false,true,false,true,16.,14.,10.,10.,13.0426021944
1.37282621466,Sample,13,3,36.,1,false,true,false,true,16.,14.,10.,10.,13.042602495
1.37282621466,Sample,13,3,41.,1,false,true,false,true,16.,14.,10.,10.,13.0426025126
1.37282621466,Sample,13,3,46.,1,false,true,false,true,16.,14.,10.,10.,13.0426025136
1.37282621466,Sample,13,3,51.,1,false,true,false,true,16.,14.,10.,10.,13.0426025137
0.858834800363,Voter,13,3,1.,1,false,true,false,true,6.,6.,6.,6.,0.
0.858834800363,Voter,13,3,6.,1,false,true,false,true,14.,12.,6.,6.,9.87299895013
0.858834800363,Voter,13,3,11.,1,false,true,false,true,14.,12.,6.,6.,10.0105704876
0.858834800363,Voter,13,3,16.,1,false,true,false,true,14.,12.,6.,6.,10.0127069024
0.858834800363,Voter,13,3,21.,1,false,true,false,true,14.,12.,6.,6.,10.0127424072
0.858834800363,Voter,13,3,26.,1,false,true,false,true,14.,12.,6.,6.,10.0127430279
0.858834800363,Voter,13,3,31.,1,false,true,false,true,14.,12.,6.,6.,10.0127430392
0.858834800363,Voter,13,3,36.,1,false,true,false,true,14.,12.,6.,6.,10.0127430394
0.858834800363,Voter,13,3,41.,1,false,true,false,true,14.,12.,6.,6.,10.0127430394
0.858834800363,Voter,13,3,46.,1,false,true,false,true,14.,12.,6.,6.,10.0127430394
0.858834800363,Voter,13,3,51.,1,false,true,false,true,14.,12.,6.,6.,10.0127430394
1.25170190822,Voter,13,4,1.,1,false,true,false,true,10.,10.,28.,28.,0.
1.25170190822,Voter,13,4,6.,1,false,true,false,true,40.,38.,26.,26.,11.9625144007
1.25170190822,Voter,13,4,11.,1,false,true,false,true,40.,38.,26.,26.,12.432685035
1.25170190822,Voter,13,4,16.,1,false,true,false,true,40.,38.,26.,26.,12.4522868518
1.25170190822,Voter,13,4,21.,1,false,true,false,true,40.,38.,26.,26.,12.4531384872
1.25170190822,Voter,13,4,26.,1,false,true,false,true,40.,38.,26.,26.,12.4531766607
1.25170190822,Voter,13,4,31.,1,false,true,false,true,40.,38.,26.,26.,12.4531784158
1.25170190822,Voter,13,4,36.,1,false,true,false,true,40.,38.,26.,26.,12.4531784983
1.25170190822,Voter,13,4,41.,1,false,true,false,true,40.,38.,26.,26.,12.4531785022
1.25170190822,Voter,13,4,46.,1,false,true,false,true,40.,38.,26.,26.,12.4531785024
1.25170190822,Voter,13,4,51.,1,false,true,false,true,40.,38.,26.,26.,12.4531785024
0.877202128664,Sample,13,6,1.,1,false,true,false,true,22.,22.,70.,54.,0.
0.877202128664,Sample,13,6,6.,1,false,true,false,true,94.,80.,70.,62.,9.99862195476
0.877202128664,Sample,13,6,11.,1,false,true,false,true,98.,84.,70.,62.,10.1471072374
0.877202128664,Sample,13,6,16.,1,false,true,false,true,98.,84.,70.,62.,10.1495562321
0.877202128664,Sample,13,6,21.,1,false,true,false,true,98.,84.,70.,62.,10.1495993791
0.877202128664,Sample,13,6,26.,1,false,true,false,true,98.,84.,70.,62.,10.1496001776
0.877202128664,Sample,13,6,31.,1,false,true,false,true,98.,84.,70.,62.,10.149600193
0.877202128664,Sample,13,6,36.,1,false,true,false,true,98.,84.,70.,62.,10.1496001933
0.877202128664,Sample,13,6,41.,1,false,true,false,true,98.,84.,70.,62.,10.1496001933
0.877202128664,Sample,13,6,46.,1,false,true,false,true,98.,84.,70.,62.,10.1496001933
0.877202128664,Sample,13,6,51.,1,false,true,false,true,98.,84.,70.,62.,10.1496001933
0.965917864066,Sample,13,6,1.,1,false,true,false,true,50.,46.,90.,78.,0.
0.965917864066,Sample,13,6,6.,1,false,true,false,true,138.,108.,102.,92.,10.5621260301
0.965917864066,Sample,13,6,11.,1,false,true,false,true,142.,112.,102.,92.,10.77004168
0.965917864066,Sample,13,6,16.,1,false,true,false,true,142.,112.,102.,92.,10.7745207122
0.965917864066,Sample,13,6,21.,1,false,true,false,true,142.,112.,102.,92.,10.7746229929
0.965917864066,Sample,13,6,26.,1,false,true,false,true,142.,112.,102.,92.,10.7746254323
0.965917864066,Sample,13,6,31.,1,false,true,false,true,142.,112.,102.,92.,10.7746254926
0.965917864066,Sample,13,6,36.,1,false,true,false,true,142.,112.,102.,92.,10.7746254941
0.965917864066,Sample,13,6,41.,1,false,true,false,true,142.,112.,102.,92.,10.7746254942
0.965917864066,Sample,13,6,46.,1,false,true,false,true,142.,112.,102.,92.,10.7746254942
0.965917864066,Sample,13,6,51.,1,false,true,false,true,142.,112.,102.,92.,10.7746254942
0.998026834266,Voter,13,4,1.,1,false,true,false,true,14.,14.,24.,22.,0.
0.998026834266,Voter,13,4,6.,1,false,true,false,true,30.,30.,24.,22.,10.7494284744
0.998026834266,Voter,13,4,11.,1,false,true,false,true,30.,30.,24.,22.,10.9815614854
0.998026834266,Voter,13,4,16.,1,false,true,false,true,30.,30.,24.,22.,10.987022294
0.998026834266,Voter,13,4,21.,1,false,true,false,true,30.,30.,24.,22.,10.9871581365
0.998026834266,Voter,13,4,26.,1,false,true,false,true,30.,30.,24.,22.,10.9871616595
0.998026834266,Voter,13,4,31.,1,false,true,false,true,30.,30.,24.,22.,10.9871617541
0.998026834266,Voter,13,4,36.,1,false,true,false,true,30.,30.,24.,22.,10.9871617567
0.998026834266,Voter,13,4,41.,1,false,true,false,true,30.,30.,24.,22.,10.9871617567
0.998026834266,Voter,13,4,46.,1,false,true,false,true,30.,30.,24.,22.,10.9871617567
0.998026834266,Voter,13,4,51.,1,false,true,false,true,30.,30.,24.,22.,10.9871617567
0.983068374479,Voter,13,6,1.,1,false,true,false,true,38.,36.,60.,52.,0.
0.983068374479,Voter,13,6,6.,1,false,true,false,true,72.,60.,42.,40.,10.6632226729
0.983068374479,Voter,13,6,11.,1,false,true,false,true,72.,60.,42.,40.,10.8838971619
0.983068374479,Voter,13,6,16.,1,false,true,false,true,72.,60.,42.,40.,10.8888824879
0.983068374479,Voter,13,6,21.,1,false,true,false,true,72.,60.,42.,40.,10.8890017151
0.983068374479,Voter,13,6,26.,1,false,true,false,true,72.,60.,42.,40.,10.8890046903
0.983068374479,Voter,13,6,31.,1,false,true,false,true,72.,60.,42.,40.,10.8890047672
0.983068374479,Voter,13,6,36.,1,false,true,false,true,72.,60.,42.,40.,10.8890047692
0.983068374479,Voter,13,6,41.,1,false,true,false,true,72.,60.,42.,40.,10.8890047693
0.983068374479,Voter,13,6,46.,1,false,true,false,true,72.,60.,42.,40.,10.8890047693
0.983068374479,Voter,13,6,51.,1,false,true,false,true,72.,60.,42.,40.,10.8890047693
1.38066177632,Voter,13,4,1.,1,false,true,false,true,10.,10.,20.,20.,0.
1.38066177632,Voter,13,4,6.,1,false,true,false,true,38.,34.,24.,22.,12.4257424334
1.38066177632,Voter,13,4,11.,1,false,true,false,true,38.,34.,24.,22.,13.0444252642
1.38066177632,Voter,13,4,16.,1,false,true,false,true,38.,34.,24.,22.,13.0768062441
1.38066177632,Voter,13,4,21.,1,false,true,false,true,38.,34.,24.,22.,13.0785630969
1.38066177632,Voter,13,4,26.,1,false,true,false,true,38.,34.,24.,22.,13.0786610749
1.38066177632,Voter,13,4,31.,1,false,true,false,true,38.,34.,24.,22.,13.0786666629
1.38066177632,Voter,13,4,36.,1,false,true,false,true,38.,34.,24.,22.,13.0786669878
1.38066177632,Voter,13,4,41.,1,false,true,false,true,38.,34.,24.,22.,13.078667007
1.38066177632,Voter,13,4,46.,1,false,true,false,true,38.,34.,24.,22.,13.0786670082
1.38066177632,Voter,13,4,51.,1,false,true,false,true,38.,34.,24.,22.,13.0786670082
1.04534325116,Sample,13,5,1.,1,false,true,false,true,22.,20.,44.,42.,0.
1.04534325116,Sample,13,5,6.,1,false,true,false,true,82.,62.,56.,54.,11.0104262443
1.04534325116,Sample,13,5,11.,1,false,true,false,true,84.,62.,58.,56.,11.280801499
1.04534325116,Sample,13,5,16.,1,false,true,false,true,84.,62.,58.,56.,11.2879897567
1.04534325116,Sample,13,5,21.,1,false,true,false,true,84.,62.,58.,56.,11.2881911803
1.04534325116,Sample,13,5,26.,1,false,true,false,true,84.,62.,58.,56.,11.2881970505
1.04534325116,Sample,13,5,31.,1,false,true,false,true,84.,62.,58.,56.,11.2881972271
1.04534325116,Sample,13,5,36.,1,false,true,false,true,84.,62.,58.,56.,11.2881972326
1.04534325116,Sample,13,5,41.,1,false,true,false,true,84.,62.,58.,56.,11.2881972328
1.04534325116,Sample,13,5,46.,1,false,true,false,true,84.,62.,58.,56.,11.2881972328
1.04534325116,Sample,13,5,51.,1,false,true,false,true,84.,62.,58.,56.,11.2881972328
1.11624939263,Voter,13,6,1.,1,false,true,false,true,10.,10.,64.,60.,0.
1.11624939263,Voter,13,6,6.,1,false,true,false,true,64.,54.,50.,46.,11.3700794691
1.11624939263,Voter,13,6,11.,1,false,true,false,true,66.,56.,48.,44.,11.7032689102
1.11624939263,Voter,13,6,16.,1,false,true,false,true,66.,56.,48.,44.,11.7137548375
1.11624939263,Voter,13,6,21.,1,false,true,false,true,66.,56.,48.,44.,11.7141011352
1.11624939263,Voter,13,6,26.,1,false,true,false,true,66.,56.,48.,44.,11.7141129922
1.11624939263,Voter,13,6,31.,1,false,true,false,true,66.,56.,48.,44.,11.7141134103
1.11624939263,Voter,13,6,36.,1,false,true,false,true,66.,56.,48.,44.,11.7141134255
1.11624939263,Voter,13,6,41.,1,false,true,false,true,66.,56.,48.,44.,11.714113426
1.11624939263,Voter,13,6,46.,1,false,true,false,true,66.,56.,48.,44.,11.714113426
1.11624939263,Voter,13,6,51.,1,false,true,false,true,66.,56.,48.,44.,11.714113426
1.19715387808,Voter,13,4,1.,1,false,true,false,true,10.,10.,18.,16.,0.
1.19715387808,Voter,13,4,6.,1,false,true,false,true,32.,26.,20.,20.,11.7379646823
1.19715387808,Voter,13,4,11.,1,false,true,false,true,34.,28.,18.,18.,12.1504345947
1.19715387808,Voter,13,4,16.,1,false,true,false,true,34.,28.,18.,18.,12.1658795377
1.19715387808,Voter,13,4,21.,1,false,true,false,true,34.,28.,18.,18.,12.1664837974
1.19715387808,Voter,13,4,26.,1,false,true,false,true,34.,28.,18.,18.,12.166508232
1.19715387808,Voter,13,4,31.,1,false,true,false,true,34.,28.,18.,18.,12.166509247
1.19715387808,Voter,13,4,36.,1,false,true,false,true,34.,28.,18.,18.,12.1665092902
1.19715387808,Voter,13,4,41.,1,false,true,false,true,34.,28.,18.,18.,12.166509292
1.19715387808,Voter,13,4,46.,1,false,true,false,true,34.,28.,18.,18.,12.1665092921
1.19715387808,Voter,13,4,51.,1,false,true,false,true,34.,28.,18.,18.,12.1665092921
1.25185217379,Voter,13,7,1.,1,false,true,false,true,64.,52.,102.,90.,0.
1.25185217379,Voter,13,7,6.,1,false,true,false,true,136.,108.,106.,94.,11.9631082563
1.25185217379,Voter,13,7,11.,1,false,true,false,true,136.,108.,106.,94.,12.4334423054
1.25185217379,Voter,13,7,16.,1,false,true,false,true,136.,108.,106.,94.,12.4530565429
1.25185217379,Voter,13,7,21.,1,false,true,false,true,136.,108.,106.,94.,12.4539089558
1.25185217379,Voter,13,7,26.,1,false,true,false,true,136.,108.,106.,94.,12.4539471746
1.25185217379,Voter,13,7,31.,1,false,true,false,true,136.,108.,106.,94.,12.4539489323
1.25185217379,Voter,13,7,36.,1,false,true,false,true,136.,108.,106.,94.,12.453949015
1.25185217379,Voter,13,7,41.,1,false,true,false,true,136.,108.,106.,94.,12.4539490189
1.25185217379,Voter,13,7,46.,1,false,true,false,true,136.,108.,106.,94.,12.4539490191
1.25185217379,Voter,13,7,51.,1,false,true,false,true,136.,108.,106.,94.,12.4539490191
1.23919491499,Voter,13,4,1.,1,false,true,false,true,18.,16.,30.,28.,0.
1.23919491499,Voter,13,4,6.,1,false,true,false,true,62.,52.,62.,50.,11.9126182198
1.23919491499,Voter,13,4,11.,1,false,true,false,true,66.,56.,66.,54.,12.3692717827
1.23919491499,Voter,13,4,16.,1,false,true,false,true,66.,56.,66.,54.,12.3878588416
1.23919491499,Voter,13,4,21.,1,false,true,false,true,66.,56.,66.,54.,12.3886477021
1.23919491499,Voter,13,4,26.,1,false,true,false,true,66.,56.,66.,54.,12.3886822574
1.23919491499,Voter,13,4,31.,1,false,true,false,true,66.,56.,66.,54.,12.3886838106
1.23919491499,Voter,13,4,36.,1,false,true,false,true,66.,56.,66.,54.,12.388683882
1.23919491499,Voter,13,4,41.,1,false,true,false,true,66.,56.,66.,54.,12.3886838853
1.23919491499,Voter,13,4,46.,1,false,true,false,true,66.,56.,66.,54.,12.3886838855
1.23919491499,Voter,13,4,51.,1,false,true,false,true,66.,56.,66.,54.,12.3886838855
0.991334484022,Voter,13,5,1.,1,false,true,false,true,34.,30.,70.,60.,0.
0.991334484022,Voter,13,5,6.,1,false,true,false,true,102.,92.,110.,102.,10.711084783
0.991334484022,Voter,13,5,11.,1,false,true,false,true,102.,92.,110.,102.,10.9380534111
0.991334484022,Voter,13,5,16.,1,false,true,false,true,102.,92.,110.,102.,10.9432974938
0.991334484022,Voter,13,5,21.,1,false,true,false,true,102.,92.,110.,102.,10.9434256812
0.991334484022,Voter,13,5,26.,1,false,true,false,true,102.,92.,110.,102.,10.9434289492
0.991334484022,Voter,13,5,31.,1,false,true,false,true,102.,92.,110.,102.,10.9434290354
0.991334484022,Voter,13,5,36.,1,false,true,false,true,102.,92.,110.,102.,10.9434290378
0.991334484022,Voter,13,5,41.,1,false,true,false,true,102.,92.,110.,102.,10.9434290379
0.991334484022,Voter,13,5,46.,1,false,true,false,true,102.,92.,110.,102.,10.9434290379
0.991334484022,Voter,13,5,51.,1,false,true,false,true,102.,92.,110.,102.,10.9434290379
0.916499708193,Sample,13,4,1.,1,false,true,false,true,10.,10.,28.,28.,0.
0.916499708193,Sample,13,4,6.,1,false,true,false,true,44.,40.,30.,30.,10.2568577988
0.916499708193,Sample,13,4,11.,1,false,true,false,true,44.,40.,30.,30.,10.4303004806
0.916499708193,Sample,13,4,16.,1,false,true,false,true,44.,40.,30.,30.,10.4335352777
0.916499708193,Sample,13,4,21.,1,false,true,false,true,44.,40.,30.,30.,10.4335994915
0.916499708193,Sample,13,4,26.,1,false,true,false,true,44.,40.,30.,30.,10.4336008269
0.916499708193,Sample,13,4,31.,1,false,true,false,true,44.,40.,30.,30.,10.4336008557
0.916499708193,Sample,13,4,36.,1,false,true,false,true,44.,40.,30.,30.,10.4336008564
0.916499708193,Sample,13,4,41.,1,false,true,false,true,44.,40.,30.,30.,10.4336008564
0.916499708193,Sample,13,4,46.,1,false,true,false,true,44.,40.,30.,30.,10.4336008564
0.916499708193,Sample,13,4,51.,1,false,true,false,true,44.,40.,30.,30.,10.4336008564
0.881223302394,Sample,13,7,1.,1,false,true,false,true,60.,52.,112.,90.,0.
0.881223302394,Sample,13,7,6.,1,false,true,false,true,156.,128.,96.,84.,10.0256995706
0.881223302394,Sample,13,7,11.,1,false,true,false,true,156.,128.,96.,84.,10.176638124
0.881223302394,Sample,13,7,16.,1,false,true,false,true,158.,130.,94.,84.,10.1791600045
0.881223302394,Sample,13,7,21.,1,false,true,false,true,158.,130.,94.,84.,10.179204997
0.881223302394,Sample,13,7,26.,1,false,true,false,true,158.,130.,94.,84.,10.1792058399
0.881223302394,Sample,13,7,31.,1,false,true,false,true,158.,130.,94.,84.,10.1792058563
0.881223302394,Sample,13,7,36.,1,false,true,false,true,158.,130.,94.,84.,10.1792058567
0.881223302394,Sample,13,7,41.,1,false,true,false,true,158.,130.,94.,84.,10.1792058567
0.881223302394,Sample,13,7,46.,1,false,true,false,true,158.,130.,94.,84.,10.1792058567
0.881223302394,Sample,13,7,51.,1,false,true,false,true,158.,130.,94.,84.,10.1792058567
1.07085120634,Voter,13,3,1.,1,false,true,false,true,4.,4.,8.,8.,0.
1.07085120634,Voter,13,3,6.,1,false,true,false,true,16.,16.,12.,12.,11.1440251337
1.07085120634,Voter,13,3,11.,1,false,true,false,true,16.,16.,12.,12.,11.4362510574
1.07085120634,Voter,13,3,16.,1,false,true,false,true,16.,16.,12.,12.,11.4445221639
1.07085120634,Voter,13,3,21.,1,false,true,false,true,16.,16.,12.,12.,11.4447684974
1.07085120634,Voter,13,3,26.,1,false,true,false,true,16.,16.,12.,12.,11.4447761186
1.07085120634,Voter,13,3,31.,1,false,true,false,true,16.,16.,12.,12.,11.4447763618
1.07085120634,Voter,13,3,36.,1,false,true,false,true,16.,16.,12.,12.,11.4447763698
1.07085120634,Voter,13,3,41.,1,false,true,false,true,16.,16.,12.,12.,11.44477637
1.07085120634,Voter,13,3,46.,1,false,true,false,true,16.,16.,12.,12.,11.44477637
1.07085120634,Voter,13,3,51.,1,false,true,false,true,16.,16.,12.,12.,11.44477637
1.09928985217,Sample,13,6,1.,1,false,true,false,true,26.,26.,86.,66.,0.
1.09928985217,Sample,13,6,6.,1,false,true,false,true,114.,98.,62.,60.,11.2873489209
1.09928985217,Sample,13,6,11.,1,false,true,false,true,118.,102.,66.,64.,11.6049295017
1.09928985217,Sample,13,6,16.,1,false,true,false,true,118.,102.,66.,64.,11.614543253
1.09928985217,Sample,13,6,21.,1,false,true,false,true,118.,102.,66.,64.,11.6148489497
1.09928985217,Sample,13,6,26.,1,false,true,false,true,118.,102.,66.,64.,11.6148590348
1.09928985217,Sample,13,6,31.,1,false,true,false,true,118.,102.,66.,64.,11.6148593777
1.09928985217,Sample,13,6,36.,1,false,true,false,true,118.,102.,66.,64.,11.6148593897
1.09928985217,Sample,13,6,41.,1,false,true,false,true,118.,102.,66.,64.,11.6148593901
1.09928985217,Sample,13,6,46.,1,false,true,false,true,118.,102.,66.,64.,11.6148593901
1.09928985217,Sample,13,6,51.,1,false,true,false,true,118.,102.,66.,64.,11.6148593901
1.01668258061,Voter,13,7,1.,1,false,true,false,true,62.,54.,110.,96.,0.
1.01668258061,Voter,13,7,6.,1,false,true,false,true,172.,148.,124.,110.,10.854424734
1.01668258061,Voter,13,7,11.,1,false,true,false,true,178.,150.,122.,110.,11.1012759315
1.01668258061,Voter,13,7,16.,1,false,true,false,true,178.,150.,122.,110.,11.1073761069
1.01668258061,Voter,13,7,21.,1,false,true,false,true,178.,150.,122.,110.,11.1075353014
1.01668258061,Voter,13,7,26.,1,false,true,false,true,178.,150.,122.,110.,11.1075396284
1.01668258061,Voter,13,7,31.,1,false,true,false,true,178.,150.,122.,110.,11.10753975
1.01668258061,Voter,13,7,36.,1,false,true,false,true,178.,150.,122.,110.,11.1075397535
1.01668258061,Voter,13,7,41.,1,false,true,false,true,178.,150.,122.,110.,11.1075397536
1.01668258061,Voter,13,7,46.,1,false,true,false,true,178.,150.,122.,110.,11.1075397536
1.01668258061,Voter,13,7,51.,1,false,true,false,true,178.,150.,122.,110.,11.1075397536
1.03057091349,Sample,13,7,1.,1,false,true,false,true,94.,76.,128.,106.,0.
1.03057091349,Sample,13,7,6.,1,false,true,false,true,150.,120.,104.,86.,10.9308111181
1.03057091349,Sample,13,7,11.,1,false,true,false,true,150.,120.,104.,86.,11.1889244774
1.03057091349,Sample,13,7,16.,1,false,true,false,true,150.,120.,104.,86.,11.1955354626
1.03057091349,Sample,13,7,21.,1,false,true,false,true,150.,120.,104.,86.,11.1957141044
1.03057091349,Sample,13,7,26.,1,false,true,false,true,150.,120.,104.,86.,11.1957191286
1.03057091349,Sample,13,7,31.,1,false,true,false,true,150.,120.,104.,86.,11.1957192746
1.03057091349,Sample,13,7,36.,1,false,true,false,true,150.,120.,104.,86.,11.195719279
1.03057091349,Sample,13,7,41.,1,false,true,false,true,150.,120.,104.,86.,11.1957192791
1.03057091349,Sample,13,7,46.,1,false,true,false,true,150.,120.,104.,86.,11.1957192791
1.03057091349,Sample,13,7,51.,1,false,true,false,true,150.,120.,104.,86.,11.1957192791
1.02381748973,Voter,13,7,1.,1,false,true,false,true,64.,62.,102.,88.,0.
1.02381748973,Voter,13,7,6.,1,false,true,false,true,180.,148.,130.,104.,10.8938545763
1.02381748973,Voter,13,7,11.,1,false,true,false,true,182.,150.,128.,104.,11.1464591762
1.02381748973,Voter,13,7,16.,1,false,true,false,true,182.,150.,128.,104.,11.1528179767
1.02381748973,Voter,13,7,21.,1,false,true,false,true,182.,150.,128.,104.,11.152986932
1.02381748973,Voter,13,7,26.,1,false,true,false,true,182.,150.,128.,104.,11.1529916059
1.02381748973,Voter,13,7,31.,1,false,true,false,true,182.,150.,128.,104.,11.1529917396
1.02381748973,Voter,13,7,36.,1,false,true,false,true,182.,150.,128.,104.,11.1529917435
1.02381748973,Voter,13,7,41.,1,false,true,false,true,182.,150.,128.,104.,11.1529917436
1.02381748973,Voter,13,7,46.,1,false,true,false,true,182.,150.,128.,104.,11.1529917436
1.02381748973,Voter,13,7,51.,1,false,true,false,true,182.,150.,128.,104.,11.1529917436
0.802481606234,Voter,13,4,1.,1,false,true,false,true,12.,12.,24.,24.,0.
0.802481606234,Voter,13,4,6.,1,false,true,false,true,32.,30.,16.,16.,9.46698463239
0.802481606234,Voter,13,4,11.,1,false,true,false,true,32.,30.,16.,16.,9.57405748087
0.802481606234,Voter,13,4,16.,1,false,true,false,true,32.,30.,16.,16.,9.57542322865
0.802481606234,Voter,13,4,21.,1,false,true,false,true,32.,30.,16.,16.,9.57544198601
0.802481606234,Voter,13,4,26.,1,false,true,false,true,32.,30.,16.,16.,9.57544225825
0.802481606234,Voter,13,4,31.,1,false,true,false,true,32.,30.,16.,16.,9.57544226238
0.802481606234,Voter,13,4,36.,1,false,true,false,true,32.,30.,16.,16.,9.57544226245
0.802481606234,Voter,13,4,41.,1,false,true,false,true,32.,30.,16.,16.,9.57544226245
0.802481606234,Voter,13,4,46.,1,false,true,false,true,32.,30.,16.,16.,9.57544226245
0.802481606234,Voter,13,4,51.,1,false,true,false,true,32.,30.,16.,16.,9.57544226245
1.33489918532,Sample,13,3,1.,1,false,true,false,true,12.,12.,14.,14.,0.
1.33489918532,Sample,13,3,6.,1,false,true,false,true,24.,22.,14.,14.,12.2716522949
1.33489918532,Sample,13,3,11.,1,false,true,false,true,24.,22.,14.,14.,12.8358191858
1.33489918532,Sample,13,3,16.,1,false,true,false,true,24.,22.,14.,14.,12.8631639569
1.33489918532,Sample,13,3,21.,1,false,true,false,true,24.,22.,14.,14.,12.8645402936
1.33489918532,Sample,13,3,26.,1,false,true,false,true,24.,22.,14.,14.,12.8646115876
1.33489918532,Sample,13,3,31.,1,false,true,false,true,24.,22.,14.,14.,12.8646153681
1.33489918532,Sample,13,3,36.,1,false,true,false,true,24.,22.,14.,14.,12.8646155726
1.33489918532,Sample,13,3,41.,1,false,true,false,true,24.,22.,14.,14.,12.8646155838
1.33489918532,Sample,13,3,46.,1,false,true,false,true,24.,22.,14.,14.,12.8646155845
1.33489918532,Sample,13,3,51.,1,false,true,false,true,24.,22.,14.,14.,12.8646155845
0.997407527035,Sample,13,6,1.,1,false,true,false,true,28.,28.,58.,54.,0.
0.997407527035,Sample,13,6,6.,1,false,true,false,true,92.,70.,78.,64.,10.7458953312
0.997407527035,Sample,13,6,11.,1,false,true,false,true,92.,70.,78.,64.,10.9775478631
0.997407527035,Sample,13,6,16.,1,false,true,false,true,92.,70.,78.,64.,10.9829883407
0.997407527035,Sample,13,6,21.,1,false,true,false,true,92.,70.,78.,64.,10.9831234593
0.997407527035,Sample,13,6,26.,1,false,true,false,true,92.,70.,78.,64.,10.983126958
0.997407527035,Sample,13,6,31.,1,false,true,false,true,92.,70.,78.,64.,10.9831270517
0.997407527035,Sample,13,6,36.,1,false,true,false,true,92.,70.,78.,64.,10.9831270543
0.997407527035,Sample,13,6,41.,1,false,true,false,true,92.,70.,78.,64.,10.9831270544
0.997407527035,Sample,13,6,46.,1,false,true,false,true,92.,70.,78.,64.,10.9831270544
0.997407527035,Sample,13,6,51.,1,false,true,false,true,92.,70.,78.,64.,10.9831270544
1.13369646078,Voter,13,4,1.,1,false,true,false,true,4.,4.,20.,16.,0.
1.13369646078,Voter,13,4,6.,1,false,true,false,true,38.,32.,30.,26.,11.4531054125
1.13369646078,Voter,13,4,11.,1,false,true,false,true,38.,32.,30.,26.,11.8027258377
1.13369646078,Voter,13,4,16.,1,false,true,false,true,38.,32.,30.,26.,11.8141671611
1.13369646078,Voter,13,4,21.,1,false,true,false,true,38.,32.,30.,26.,11.814559673
1.13369646078,Voter,13,4,26.,1,false,true,false,true,38.,32.,30.,26.,11.814573624
1.13369646078,Voter,13,4,31.,1,false,true,false,true,38.,32.,30.,26.,11.8145741344
1.13369646078,Voter,13,4,36.,1,false,true,false,true,38.,32.,30.,26.,11.8145741536
1.13369646078,Voter,13,4,41.,1,false,true,false,true,38.,32.,30.,26.,11.8145741543
1.13369646078,Voter,13,4,46.,1,false,true,false,true,38.,32.,30.,26.,11.8145741543
1.13369646078,Voter,13,4,51.,1,false,true,false,true,38.,32.,30.,26.,11.8145741543
1.3309765725,Voter,13,3,1.,1,false,true,false,true,2.,2.,4.,4.,0.
1.3309765725,Voter,13,3,6.,1,false,true,false,true,10.,10.,4.,4.,12.2579341356
1.3309765725,Voter,13,3,11.,1,false,true,false,true,10.,10.,4.,4.,12.8175170849
1.3309765725,Voter,13,3,16.,1,false,true,false,true,10.,10.,4.,4.,12.8444565677
1.3309765725,Voter,13,3,21.,1,false,true,false,true,10.,10.,4.,4.,12.8458035611
1.3309765725,Voter,13,3,26.,1,false,true,false,true,10.,10.,4.,4.,12.8458728824
1.3309765725,Voter,13,3,31.,1,false,true,false,true,10.,10.,4.,4.,12.8458765348
1.3309765725,Voter,13,3,36.,1,false,true,false,true,10.,10.,4.,4.,12.8458767311
1.3309765725,Voter,13,3,41.,1,false,true,false,true,10.,10.,4.,4.,12.8458767419
1.3309765725,Voter,13,3,46.,1,false,true,false,true,10.,10.,4.,4.,12.8458767425
1.3309765725,Voter,13,3,51.,1,false,true,false,true,10.,10.,4.,4.,12.8458767425
0.826893876252,Sample,13,5,1.,1,false,true,false,true,14.,14.,36.,32.,0.
0.826893876252,Sample,13,5,6.,1,false,true,false,true,44.,42.,26.,26.,9.64676822029
0.826893876252,Sample,13,5,11.,1,false,true,false,true,44.,42.,26.,26.,9.76650122804
0.826893876252,Sample,13,5,16.,1,false,true,false,true,44.,42.,26.,26.,9.76816825698
0.826893876252,Sample,13,5,21.,1,false,true,false,true,44.,42.,26.,26.,9.76819317871
0.826893876252,Sample,13,5,26.,1,false,true,false,true,44.,42.,26.,26.,9.76819357162
0.826893876252,Sample,13,5,31.,1,false,true,false,true,44.,42.,26.,26.,9.76819357808
0.826893876252,Sample,13,5,36.,1,false,true,false,true,44.,42.,26.,26.,9.76819357819
0.826893876252,Sample,13,5,41.,1,false,true,false,true,44.,42.,26.,26.,9.7681935782
0.826893876252,Sample,13,5,46.,1,false,true,false,true,44.,42.,26.,26.,9.7681935782
0.826893876252,Sample,13,5,51.,1,false,true,false,true,44.,42.,26.,26.,9.7681935782
0.821107203567,Sample,13,5,1.,1,false,true,false,true,18.,16.,58.,50.,0.
0.821107203567,Sample,13,5,6.,1,false,true,false,true,74.,62.,38.,38.,9.60470021892
0.821107203567,Sample,13,5,11.,1,false,true,false,true,78.,64.,34.,34.,9.72135615993
0.821107203567,Sample,13,5,16.,1,false,true,false,true,78.,64.,34.,34.,9.72294750549
0.821107203567,Sample,13,5,21.,1,false,true,false,true,78.,64.,34.,34.,9.72297082966
0.821107203567,Sample,13,5,26.,1,false,true,false,true,78.,64.,34.,34.,9.72297119035
0.821107203567,Sample,13,5,31.,1,false,true,false,true,78.,64.,34.,34.,9.72297119617
0.821107203567,Sample,13,5,36.,1,false,true,false,true,78.,64.,34.,34.,9.72297119627
0.821107203567,Sample,13,5,41.,1,false,true,false,true,78.,64.,34.,34.,9.72297119627
0.821107203567,Sample,13,5,46.,1,false,true,false,true,78.,64.,34.,34.,9.72297119627
0.821107203567,Sample,13,5,51.,1,false,true,false,true,78.,64.,34.,34.,9.72297119627
0.925970171268,Sample,13,5,1.,1,false,true,false,true,26.,26.,50.,44.,0.
0.925970171268,Sample,13,5,6.,1,false,true,false,true,52.,48.,48.,46.,10.3170045071
0.925970171268,Sample,13,5,11.,1,false,true,false,true,52.,48.,48.,46.,10.4967882264
0.925970171268,Sample,13,5,16.,1,false,true,false,true,52.,48.,48.,46.,10.5002381908
0.925970171268,Sample,13,5,21.,1,false,true,false,true,52.,48.,48.,46.,10.5003085972
0.925970171268,Sample,13,5,26.,1,false,true,false,true,52.,48.,48.,46.,10.5003101016
0.925970171268,Sample,13,5,31.,1,false,true,false,true,52.,48.,48.,46.,10.5003101349
0.925970171268,Sample,13,5,36.,1,false,true,false,true,52.,48.,48.,46.,10.5003101357
0.925970171268,Sample,13,5,41.,1,false,true,false,true,52.,48.,48.,46.,10.5003101357
0.925970171268,Sample,13,5,46.,1,false,true,false,true,52.,48.,48.,46.,10.5003101357
0.925970171268,Sample,13,5,51.,1,false,true,false,true,52.,48.,48.,46.,10.5003101357
1.39112693581,Voter,13,5,1.,1,false,true,false,true,14.,14.,42.,42.,0.
1.39112693581,Voter,13,5,6.,1,false,true,false,true,70.,66.,42.,42.,12.4594768681
1.39112693581,Voter,13,5,11.,1,false,true,false,true,72.,68.,44.,44.,13.0908861698
1.39112693581,Voter,13,5,16.,1,false,true,false,true,72.,68.,44.,44.,13.1245000997
1.39112693581,Voter,13,5,21.,1,false,true,false,true,72.,68.,44.,44.,13.1263544195
1.39112693581,Voter,13,5,26.,1,false,true,false,true,72.,68.,44.,44.,13.1264595388
1.39112693581,Voter,13,5,31.,1,false,true,false,true,72.,68.,44.,44.,13.1264656316
1.39112693581,Voter,13,5,36.,1,false,true,false,true,72.,68.,44.,44.,13.1264659916
1.39112693581,Voter,13,5,41.,1,false,true,false,true,72.,68.,44.,44.,13.1264660132
1.39112693581,Voter,13,5,46.,1,false,true,false,true,72.,68.,44.,44.,13.1264660145
1.39112693581,Voter,13,5,51.,1,false,true,false,true,72.,68.,44.,44.,13.1264660146
0.804516442603,Sample,13,6,1.,1,false,true,false,true,40.,38.,64.,60.,0.
0.804516442603,Sample,13,6,6.,1,false,true,false,true,92.,78.,64.,60.,9.48220329798
0.804516442603,Sample,13,6,11.,1,false,true,false,true,92.,78.,64.,60.,9.59029930107
0.804516442603,Sample,13,6,16.,1,false,true,false,true,92.,78.,64.,60.,9.5916884011
0.804516442603,Sample,13,6,21.,1,false,true,false,true,92.,78.,64.,60.,9.59170761714
0.804516442603,Sample,13,6,26.,1,false,true,false,true,92.,78.,64.,60.,9.59170789801
0.804516442603,Sample,13,6,31.,1,false,true,false,true,92.,78.,64.,60.,9.5917079023
0.804516442603,Sample,13,6,36.,1,false,true,false,true,92.,78.,64.,60.,9.59170790237
0.804516442603,Sample,13,6,41.,1,false,true,false,true,92.,78.,64.,60.,9.59170790237
0.804516442603,Sample,13,6,46.,1,false,true,false,true,92.,78.,64.,60.,9.59170790237
0.804516442603,Sample,13,6,51.,1,false,true,false,true,92.,78.,64.,60.,9.59170790237
0.937986321942,Sample,13,3,1.,1,false,true,false,true,12.,12.,22.,22.,0.
0.937986321942,Sample,13,3,6.,1,false,true,false,true,24.,22.,22.,22.,10.3921826104
0.937986321942,Sample,13,3,11.,1,false,true,false,true,24.,22.,22.,22.,10.5801934919
0.937986321942,Sample,13,3,16.,1,false,true,false,true,24.,22.,22.,22.,10.5839318803
0.937986321942,Sample,13,3,21.,1,false,true,false,true,24.,22.,22.,22.,10.5840108532
0.937986321942,Sample,13,3,26.,1,false,true,false,true,24.,22.,22.,22.,10.5840125985
0.937986321942,Sample,13,3,31.,1,false,true,false,true,24.,22.,22.,22.,10.5840126385
0.937986321942,Sample,13,3,36.,1,false,true,false,true,24.,22.,22.,22.,10.5840126395
0.937986321942,Sample,13,3,41.,1,false,true,false,true,24.,22.,22.,22.,10.5840126395
0.937986321942,Sample,13,3,46.,1,false,true,false,true,24.,22.,22.,22.,10.5840126395
0.937986321942,Sample,13,3,51.,1,false,true,false,true,24.,22.,22.,22.,10.5840126395
1.37069562403,Sample,13,4,1.,1,false,true,false,true,10.,10.,34.,30.,0.
1.37069562403,Sample,13,4,6.,1,false,true,false,true,40.,36.,52.,48.,12.393103722
1.37069562403,Sample,13,4,11.,1,false,true,false,true,40.,36.,52.,48.,12.9997548617
1.37069562403,Sample,13,4,16.,1,false,true,false,true,40.,36.,52.,48.,13.0309901094
1.37069562403,Sample,13,4,21.,1,false,true,false,true,40.,36.,52.,48.,13.0326578762
1.37069562403,Sample,13,4,26.,1,false,true,false,true,40.,36.,52.,48.,13.032749432
1.37069562403,Sample,13,4,31.,1,false,true,false,true,40.,36.,52.,48.,13.0327545732
1.37069562403,Sample,13,4,36.,1,false,true,false,true,40.,36.,52.,48.,13.0327548675
1.37069562403,Sample,13,4,41.,1,false,true,false,true,40.,36.,52.,48.,13.0327548847
1.37069562403,Sample,13,4,46.,1,false,true,false,true,40.,36.,52.,48.,13.0327548857
1.37069562403,Sample,13,4,51.,1,false,true,false,true,40.,36.,52.,48.,13.0327548857
1.30588049501,Voter,13,6,1.,1,false,true,false,true,22.,22.,62.,56.,0.
1.30588049501,Voter,13,6,6.,1,false,true,false,true,102.,80.,66.,56.,12.168204353
1.30588049501,Voter,13,6,11.,1,false,true,false,true,104.,82.,68.,58.,12.6988065788
1.30588049501,Voter,13,6,16.,1,false,true,false,true,104.,82.,68.,58.,12.723249247
1.30588049501,Voter,13,6,21.,1,false,true,false,true,104.,82.,68.,58.,12.7244198864
1.30588049501,Voter,13,6,26.,1,false,true,false,true,104.,82.,68.,58.,12.7244776339
1.30588049501,Voter,13,6,31.,1,false,true,false,true,104.,82.,68.,58.,12.7244805519
1.30588049501,Voter,13,6,36.,1,false,true,false,true,104.,82.,68.,58.,12.7244807025
1.30588049501,Voter,13,6,41.,1,false,true,false,true,104.,82.,68.,58.,12.7244807104
1.30588049501,Voter,13,6,46.,1,false,true,false,true,104.,82.,68.,58.,12.7244807108
1.30588049501,Voter,13,6,51.,1,false,true,false,true,104.,82.,68.,58.,12.7244807108
1.03179820814,Voter,13,4,1.,1,false,true,false,true,14.,14.,30.,30.,0.
1.03179820814,Voter,13,4,6.,1,false,true,false,true,38.,38.,38.,38.,10.9374893172
1.03179820814,Voter,13,4,11.,1,false,true,false,true,40.,38.,40.,38.,11.1966103335
1.03179820814,Voter,13,4,16.,1,false,true,false,true,40.,38.,40.,38.,11.2032679293
1.03179820814,Voter,13,4,21.,1,false,true,false,true,40.,38.,40.,38.,11.2034483794
1.03179820814,Voter,13,4,26.,1,false,true,false,true,40.,38.,40.,38.,11.2034534696
1.03179820814,Voter,13,4,31.,1,false,true,false,true,40.,38.,40.,38.,11.203453618
1.03179820814,Voter,13,4,36.,1,false,true,false,true,40.,38.,40.,38.,11.2034536224
1.03179820814,Voter,13,4,41.,1,false,true,false,true,40.,38.,40.,38.,11.2034536226
1.03179820814,Voter,13,4,46.,1,false,true,false,true,40.,38.,40.,38.,11.2034536226
1.03179820814,Voter,13,4,51.,1,false,true,false,true,40.,38.,40.,38.,11.2034536226
1.27500104048,Voter,13,6,1.,1,false,true,false,true,40.,36.,38.,38.,0.
1.27500104048,Voter,13,6,6.,1,false,true,false,true,88.,76.,66.,60.,12.0530216995
1.27500104048,Voter,13,6,11.,1,false,true,false,true,88.,76.,66.,60.,12.5488130442
1.27500104048,Voter,13,6,16.,1,false,true,false,true,88.,76.,66.,60.,12.570406648
1.27500104048,Voter,13,6,21.,1,false,true,false,true,88.,76.,66.,60.,12.5713857261
1.27500104048,Voter,13,6,26.,1,false,true,false,true,88.,76.,66.,60.,12.5714314923
1.27500104048,Voter,13,6,31.,1,false,true,false,true,88.,76.,66.,60.,12.5714336854
1.27500104048,Voter,13,6,36.,1,false,true,false,true,88.,76.,66.,60.,12.5714337927
1.27500104048,Voter,13,6,41.,1,false,true,false,true,88.,76.,66.,60.,12.5714337981
1.27500104048,Voter,13,6,46.,1,false,true,false,true,88.,76.,66.,60.,12.5714337983
1.27500104048,Voter,13,6,51.,1,false,true,false,true,88.,76.,66.,60.,12.5714337983
1.36909894623,Voter,13,5,1.,1,false,true,false,true,16.,16.,54.,46.,0.
1.36909894623,Voter,13,5,6.,1,false,true,false,true,46.,40.,52.,48.,12.3878277646
1.36909894623,Voter,13,5,11.,1,false,true,false,true,48.,42.,54.,50.,12.992559385
1.36909894623,Voter,13,5,16.,1,false,true,false,true,48.,42.,54.,50.,13.0236136353
1.36909894623,Voter,13,5,21.,1,false,true,false,true,48.,42.,54.,50.,13.0252674616
1.36909894623,Voter,13,5,26.,1,false,true,false,true,48.,42.,54.,50.,13.0253580217
1.36909894623,Voter,13,5,31.,1,false,true,false,true,48.,42.,54.,50.,13.0253630943
1.36909894623,Voter,13,5,36.,1,false,true,false,true,48.,42.,54.,50.,13.0253633839
1.36909894623,Voter,13,5,41.,1,false,true,false,true,48.,42.,54.,50.,13.0253634008
1.36909894623,Voter,13,5,46.,1,false,true,false,true,48.,42.,54.,50.,13.0253634018
1.36909894623,Voter,13,5,51.,1,false,true,false,true,48.,42.,54.,50.,13.0253634018
0.948181311141,Voter,13,5,1.,1,false,true,false,true,44.,42.,58.,52.,0.
0.948181311141,Voter,13,5,6.,1,false,true,false,true,86.,74.,72.,62.,10.454983644
0.948181311141,Voter,13,5,11.,1,false,true,false,true,86.,74.,72.,62.,10.6501335648
0.948181311141,Voter,13,5,16.,1,false,true,false,true,86.,74.,72.,62.,10.6541306499
0.948181311141,Voter,13,5,21.,1,false,true,false,true,86.,74.,72.,62.,10.6542175551
0.948181311141,Voter,13,5,26.,1,false,true,false,true,86.,74.,72.,62.,10.6542195306
0.948181311141,Voter,13,5,31.,1,false,true,false,true,86.,74.,72.,62.,10.6542195772
0.948181311141,Voter,13,5,36.,1,false,true,false,true,86.,74.,72.,62.,10.6542195783
0.948181311141,Voter,13,5,41.,1,false,true,false,true,86.,74.,72.,62.,10.6542195784
0.948181311141,Voter,13,5,46.,1,false,true,false,true,86.,74.,72.,62.,10.6542195784
0.948181311141,Voter,13,5,51.,1,false,true,false,true,86.,74.,72.,62.,10.6542195784
1.22563380535,Voter,13,7,1.,1,false,true,false,true,34.,32.,74.,66.,0.
1.22563380535,Voter,13,7,6.,1,false,true,false,true,118.,92.,54.,52.,11.8574603487
1.22563380535,Voter,13,7,11.,1,false,true,false,true,118.,92.,54.,52.,12.2996482738
1.22563380535,Voter,13,7,16.,1,false,true,false,true,118.,92.,54.,52.,12.317177066
1.22563380535,Voter,13,7,21.,1,false,true,false,true,118.,92.,54.,52.,12.3179020676
1.22563380535,Voter,13,7,26.,1,false,true,false,true,118.,92.,54.,52.,12.3179330308
1.22563380535,Voter,13,7,31.,1,false,true,false,true,118.,92.,54.,52.,12.3179343882
1.22563380535,Voter,13,7,36.,1,false,true,false,true,118.,92.,54.,52.,12.317934449
1.22563380535,Voter,13,7,41.,1,false,true,false,true,118.,92.,54.,52.,12.3179344518
1.22563380535,Voter,13,7,46.,1,false,true,false,true,118.,92.,54.,52.,12.3179344519
1.22563380535,Voter,13,7,51.,1,false,true,false,true,118.,92.,54.,52.,12.317934452
0.828409201512,Voter,13,6,1.,1,false,true,false,true,54.,50.,70.,62.,0.
0.828409201512,Voter,13,6,6.,1,false,true,false,true,110.,90.,70.,64.,9.65772875266
0.828409201512,Voter,13,6,11.,1,false,true,false,true,110.,90.,70.,64.,9.77827536431
0.828409201512,Voter,13,6,16.,1,false,true,false,true,110.,90.,70.,64.,9.77996266655
0.828409201512,Voter,13,6,21.,1,false,true,false,true,110.,90.,70.,64.,9.7799880216
0.828409201512,Voter,13,6,26.,1,false,true,false,true,110.,90.,70.,64.,9.77998842334
0.828409201512,Voter,13,6,31.,1,false,true,false,true,110.,90.,70.,64.,9.77998842999
0.828409201512,Voter,13,6,36.,1,false,true,false,true,110.,90.,70.,64.,9.7799884301
0.828409201512,Voter,13,6,41.,1,false,true,false,true,110.,90.,70.,64.,9.77998843011
0.828409201512,Voter,13,6,46.,1,false,true,false,true,110.,90.,70.,64.,9.77998843011
0.828409201512,Voter,13,6,51.,1,false,true,false,true,110.,90.,70.,64.,9.77998843011
1.30756858176,Voter,13,4,1.,1,false,true,false,true,14.,14.,30.,30.,0.
1.30756858176,Voter,13,4,6.,1,false,true,false,true,48.,46.,44.,38.,12.1743477514
1.30756858176,Voter,13,4,11.,1,false,true,false,true,48.,46.,44.,38.,12.7068802942
1.30756858176,Voter,13,4,16.,1,false,true,false,true,48.,46.,44.,38.,12.7314857459
1.30756858176,Voter,13,4,21.,1,false,true,false,true,48.,46.,44.,38.,12.732667647
1.30756858176,Voter,13,4,26.,1,false,true,false,true,48.,46.,44.,38.,12.7327261185
1.30756858176,Voter,13,4,31.,1,false,true,false,true,48.,46.,44.,38.,12.7327290817
1.30756858176,Voter,13,4,36.,1,false,true,false,true,48.,46.,44.,38.,12.7327292349
1.30756858176,Voter,13,4,41.,1,false,true,false,true,48.,46.,44.,38.,12.732729243
1.30756858176,Voter,13,4,46.,1,false,true,false,true,48.,46.,44.,38.,12.7327292434
1.30756858176,Voter,13,4,51.,1,false,true,false,true,48.,46.,44.,38.,12.7327292435
1.10094403191,Voter,13,5,1.,1,false,true,false,true,22.,22.,24.,22.,0.
1.10094403191,Voter,13,5,6.,1,false,true,false,true,46.,40.,24.,20.,11.2955072266
1.10094403191,Voter,13,5,11.,1,false,true,false,true,46.,40.,24.,20.,11.6145943305
1.10094403191,Voter,13,5,16.,1,false,true,false,true,46.,40.,24.,20.,11.6242907515
1.10094403191,Voter,13,5,21.,1,false,true,false,true,46.,40.,24.,20.,11.6246002295
1.10094403191,Voter,13,5,26.,1,false,true,false,true,46.,40.,24.,20.,11.6246104768
1.10094403191,Voter,13,5,31.,1,false,true,false,true,46.,40.,24.,20.,11.6246108265
1.10094403191,Voter,13,5,36.,1,false,true,false,true,46.,40.,24.,20.,11.6246108387
1.10094403191,Voter,13,5,41.,1,false,true,false,true,46.,40.,24.,20.,11.6246108392
1.10094403191,Voter,13,5,46.,1,false,true,false,true,46.,40.,24.,20.,11.6246108392
1.10094403191,Voter,13,5,51.,1,false,true,false,true,46.,40.,24.,20.,11.6246108392
1.15028338661,Sample,13,7,1.,1,false,true,false,true,52.,52.,122.,104.,0.
1.15028338661,Sample,13,7,6.,1,false,true,false,true,158.,128.,116.,96.,11.5301199655
1.15028338661,Sample,13,7,11.,1,false,true,false,true,160.,130.,118.,96.,11.8957065609
1.15028338661,Sample,13,7,16.,1,false,true,false,true,160.,130.,118.,96.,11.9081126795
1.15028338661,Sample,13,7,21.,1,false,true,false,true,160.,130.,118.,96.,11.9085536225
1.15028338661,Sample,13,7,26.,1,false,true,false,true,160.,130.,118.,96.,11.9085698489
1.15028338661,Sample,13,7,31.,1,false,true,false,true,160.,130.,118.,96.,11.9085704632
1.15028338661,Sample,13,7,36.,1,false,true,false,true,160.,130.,118.,96.,11.908570487
1.15028338661,Sample,13,7,41.,1,false,true,false,true,160.,130.,118.,96.,11.908570488
1.15028338661,Sample,13,7,46.,1,false,true,false,true,160.,130.,118.,96.,11.908570488
1.15028338661,Sample,13,7,51.,1,false,true,false,true,160.,130.,118.,96.,11.908570488
1.08394544858,Voter,13,7,1.,1,false,true,false,true,46.,44.,74.,66.,0.
1.08394544858,Voter,13,7,6.,1,false,true,false,true,138.,116.,98.,82.,11.21074184
1.08394544858,Voter,13,7,11.,1,false,true,false,true,136.,114.,100.,84.,11.5145133091
1.08394544858,Voter,13,7,16.,1,false,true,false,true,136.,114.,100.,84.,11.5233843853
1.08394544858,Voter,13,7,21.,1,false,true,false,true,136.,114.,100.,84.,11.5236567603
1.08394544858,Voter,13,7,26.,1,false,true,false,true,136.,114.,100.,84.,11.5236654428
1.08394544858,Voter,13,7,31.,1,false,true,false,true,136.,114.,100.,84.,11.5236657281
1.08394544858,Voter,13,7,36.,1,false,true,false,true,136.,114.,100.,84.,11.5236657378
1.08394544858,Voter,13,7,41.,1,false,true,false,true,136.,114.,100.,84.,11.5236657381
1.08394544858,Voter,13,7,46.,1,false,true,false,true,136.,114.,100.,84.,11.5236657381
1.08394544858,Voter,13,7,51.,1,false,true,false,true,136.,114.,100.,84.,11.5236657381
0.86451797627,Sample,13,5,1.,1,false,true,false,true,42.,42.,72.,68.,0.
0.86451797627,Sample,13,5,6.,1,false,true,false,true,98.,84.,120.,100.,9.91221181961
0.86451797627,Sample,13,5,11.,1,false,true,false,true,102.,86.,120.,100.,10.0531090751
0.86451797627,Sample,13,5,16.,1,false,true,false,true,102.,86.,120.,100.,10.0553387162
0.86451797627,Sample,13,5,21.,1,false,true,false,true,102.,86.,120.,100.,10.055376453
0.86451797627,Sample,13,5,26.,1,false,true,false,true,102.,86.,120.,100.,10.0553771245
0.86451797627,Sample,13,5,31.,1,false,true,false,true,102.,86.,120.,100.,10.055377137
0.86451797627,Sample,13,5,36.,1,false,true,false,true,102.,86.,120.,100.,10.0553771372
0.86451797627,Sample,13,5,41.,1,false,true,false,true,102.,86.,120.,100.,10.0553771372
0.86451797627,Sample,13,5,46.,1,false,true,false,true,102.,86.,120.,100.,10.0553771372
0.86451797627,Sample,13,5,51.,1,false,true,false,true,102.,86.,120.,100.,10.0553771372
1.07385970105,Sample,13,7,1.,1,false,true,false,true,52.,50.,140.,120.,0.
1.07385970105,Sample,13,7,6.,1,false,true,false,true,226.,186.,218.,174.,11.1594643998
1.07385970105,Sample,13,7,11.,1,false,true,false,true,230.,190.,214.,174.,11.4543234139
1.07385970105,Sample,13,7,16.,1,false,true,false,true,230.,190.,214.,174.,11.4627296639
1.07385970105,Sample,13,7,21.,1,false,true,false,true,230.,190.,214.,174.,11.4629817931
1.07385970105,Sample,13,7,26.,1,false,true,false,true,230.,190.,214.,174.,11.4629896477
1.07385970105,Sample,13,7,31.,1,false,true,false,true,230.,190.,214.,174.,11.4629899001
1.07385970105,Sample,13,7,36.,1,false,true,false,true,230.,190.,214.,174.,11.4629899084
1.07385970105,Sample,13,7,41.,1,false,true,false,true,230.,190.,214.,174.,11.4629899087
1.07385970105,Sample,13,7,46.,1,false,true,false,true,230.,190.,214.,174.,11.4629899087
1.07385970105,Sample,13,7,51.,1,false,true,false,true,230.,190.,214.,174.,11.4629899087
1.26816105606,Voter,13,7,1.,1,false,true,false,true,50.,46.,88.,80.,0.
1.26816105606,Voter,13,7,6.,1,false,true,false,true,120.,100.,70.,58.,12.0267771845
1.26816105606,Voter,13,7,11.,1,false,true,false,true,124.,104.,74.,62.,12.5149884317
1.26816105606,Voter,13,7,16.,1,false,true,false,true,124.,104.,74.,62.,12.535983442
1.26816105606,Voter,13,7,21.,1,false,true,false,true,124.,104.,74.,62.,12.5369236434
1.26816105606,Voter,13,7,26.,1,false,true,false,true,124.,104.,74.,62.,12.5369670596
1.26816105606,Voter,13,7,31.,1,false,true,false,true,124.,104.,74.,62.,12.5369691152
1.26816105606,Voter,13,7,36.,1,false,true,false,true,124.,104.,74.,62.,12.5369692147
1.26816105606,Voter,13,7,41.,1,false,true,false,true,124.,104.,74.,62.,12.5369692196
1.26816105606,Voter,13,7,46.,1,false,true,false,true,124.,104.,74.,62.,12.5369692198
1.26816105606,Voter,13,7,51.,1,false,true,false,true,124.,104.,74.,62.,12.5369692198
1.35297531099,Sample,13,4,1.,1,false,true,false,true,26.,22.,14.,14.,0.
1.35297531099,Sample,13,4,6.,1,false,true,false,true,46.,40.,22.,22.,12.3338158675
1.35297531099,Sample,13,4,11.,1,false,true,false,true,46.,40.,22.,22.,12.9192907764
1.35297531099,Sample,13,4,16.,1,false,true,false,true,46.,40.,22.,22.,12.9485565591
1.35297531099,Sample,13,4,21.,1,false,true,false,true,46.,40.,22.,22.,12.950074619
1.35297531099,Sample,13,4,26.,1,false,true,false,true,46.,40.,22.,22.,12.9501556184
1.35297531099,Sample,13,4,31.,1,false,true,false,true,46.,40.,22.,22.,12.9501600408
1.35297531099,Sample,13,4,36.,1,false,true,false,true,46.,40.,22.,22.,12.9501602871
1.35297531099,Sample,13,4,41.,1,false,true,false,true,46.,40.,22.,22.,12.9501603011
1.35297531099,Sample,13,4,46.,1,false,true,false,true,46.,40.,22.,22.,12.9501603019
1.35297531099,Sample,13,4,51.,1,false,true,false,true,46.,40.,22.,22.,12.9501603019
1.01702098116,Voter,13,7,1.,1,false,true,false,true,50.,48.,106.,96.,0.
1.01702098116,Voter,13,7,6.,1,false,true,false,true,136.,118.,108.,98.,10.8563038493
1.01702098116,Voter,13,7,11.,1,false,true,false,true,138.,120.,110.,100.,11.1034263752
1.01702098116,Voter,13,7,16.,1,false,true,false,true,138.,120.,110.,100.,11.1095386379
1.01702098116,Voter,13,7,21.,1,false,true,false,true,138.,120.,110.,100.,11.1096982846
1.01702098116,Voter,13,7,26.,1,false,true,false,true,138.,120.,110.,100.,11.1097026275
1.01702098116,Voter,13,7,31.,1,false,true,false,true,138.,120.,110.,100.,11.1097027497
1.01702098116,Voter,13,7,36.,1,false,true,false,true,138.,120.,110.,100.,11.1097027532
1.01702098116,Voter,13,7,41.,1,false,true,false,true,138.,120.,110.,100.,11.1097027533
1.01702098116,Voter,13,7,46.,1,false,true,false,true,138.,120.,110.,100.,11.1097027533
1.01702098116,Voter,13,7,51.,1,false,true,false,true,138.,120.,110.,100.,11.1097027533
1.26982394334,Sample,13,5,1.,1,false,true,false,true,34.,32.,54.,46.,0.
1.26982394334,Sample,13,5,6.,1,false,true,false,true,70.,58.,38.,32.,12.0331823028
1.26982394334,Sample,13,5,11.,1,false,true,false,true,72.,60.,40.,34.,12.5232319287
1.26982394334,Sample,13,5,16.,1,false,true,false,true,72.,60.,40.,34.,12.5443713966
1.26982394334,Sample,13,5,21.,1,false,true,false,true,72.,60.,40.,34.,12.5453209353
1.26982394334,Sample,13,5,26.,1,false,true,false,true,72.,60.,40.,34.,12.5453649133
1.26982394334,Sample,13,5,31.,1,false,true,false,true,72.,60.,40.,34.,12.5453670016
1.26982394334,Sample,13,5,36.,1,false,true,false,true,72.,60.,40.,34.,12.5453671029
1.26982394334,Sample,13,5,41.,1,false,true,false,true,72.,60.,40.,34.,12.5453671079
1.26982394334,Sample,13,5,46.,1,false,true,false,true,72.,60.,40.,34.,12.5453671082
1.26982394334,Sample,13,5,51.,1,false,true,false,true,72.,60.,40.,34.,12.5453671082
0.871830575786,Sample,13,3,1.,1,false,true,false,true,16.,16.,30.,28.,0.
0.871830575786,Sample,13,3,6.,1,false,true,false,true,36.,34.,42.,40.,9.96221431125
0.871830575786,Sample,13,3,11.,1,false,true,false,true,36.,34.,42.,40.,10.1074582858
0.871830575786,Sample,13,3,16.,1,false,true,false,true,36.,34.,42.,40.,10.1098124539
0.871830575786,Sample,13,3,21.,1,false,true,false,true,36.,34.,42.,40.,10.1098532352
0.871830575786,Sample,13,3,26.,1,false,true,false,true,36.,34.,42.,40.,10.1098539776
0.871830575786,Sample,13,3,31.,1,false,true,false,true,36.,34.,42.,40.,10.1098539917
0.871830575786,Sample,13,3,36.,1,false,true,false,true,36.,34.,42.,40.,10.1098539919
0.871830575786,Sample,13,3,41.,1,false,true,false,true,36.,34.,42.,40.,10.109853992
0.871830575786,Sample,13,3,46.,1,false,true,false,true,36.,34.,42.,40.,10.109853992
0.871830575786,Sample,13,3,51.,1,false,true,false,true,36.,34.,42.,40.,10.109853992
1.04447997002,Sample,13,4,1.,1,false,true,false,true,4.,4.,18.,14.,0.
1.04447997002,Sample,13,4,6.,1,false,true,false,true,26.,24.,8.,8.,11.0058194013
1.04447997002,Sample,13,4,11.,1,false,true,false,true,28.,26.,10.,10.,11.2754701119
1.04447997002,Sample,13,4,16.,1,false,true,false,true,28.,26.,10.,10.,11.2826236495
1.04447997002,Sample,13,4,21.,1,false,true,false,true,28.,26.,10.,10.,11.2828236795
1.04447997002,Sample,13,4,26.,1,false,true,false,true,28.,26.,10.,10.,11.2828294971
1.04447997002,Sample,13,4,31.,1,false,true,false,true,28.,26.,10.,10.,11.2828296718
1.04447997002,Sample,13,4,36.,1,false,true,false,true,28.,26.,10.,10.,11.2828296772
1.04447997002,Sample,13,4,41.,1,false,true,false,true,28.,26.,10.,10.,11.2828296774
1.04447997002,Sample,13,4,46.,1,false,true,false,true,28.,26.,10.,10.,11.2828296774
1.04447997002,Sample,13,4,51.,1,false,true,false,true,28.,26.,10.,10.,11.2828296774
