bias,cand_sampler,n_voters,n_candidates,time_steps,trial,sparse,grouped,credibility,knowledge,ks_distance_start,cs_distance_start,ks_distance_true,cs_distance_true,entrywise_distance
1.14991877645,Sample,14,4,1.,1,false,true,false,true,16.,16.,32.,30.,0.
1.14991877645,Sample,14,4,6.,1,false,true,false,true,56.,52.,56.,52.,11.5331730685
1.14991877645,Sample,14,4,11.,1,false,true,false,true,58.,54.,54.,52.,11.8940455626
1.14991877645,Sample,14,4,16.,1,false,true,false,true,58.,54.,54.,52.,11.9060805884
1.14991877645,Sample,14,4,21.,1,false,true,false,true,58.,54.,54.,52.,11.9065037339
1.14991877645,Sample,14,4,26.,1,false,true,false,true,58.,54.,54.,52.,11.9065192586
1.14991877645,Sample,14,4,31.,1,false,true,false,true,58.,54.,54.,52.,11.9065198479
1.14991877645,Sample,14,4,36.,1,false,true,false,true,58.,54.,54.,52.,11.9065198709
1.14991877645,Sample,14,4,41.,1,false,true,false,true,58.,54.,54.,52.,11.9065198719
1.14991877645,Sample,14,4,46.,1,false,true,false,true,58.,54.,54.,52.,11.9065198719
1.14991877645,Sample,14,4,51.,1,false,true,false,true,58.,54.,54.,52.,11.9065198719
1.15157994438,Sample,14,6,1.,1,false,true,false,true,68.,58.,128.,102.,0.
1.15157994438,Sample,14,6,6.,1,false,true,false,true,180.,138.,204.,150.,11.5407983129
1.15157994438,Sample,14,6,11.,1,false,true,false,true,180.,138.,204.,150.,11.9032800026
1.15157994438,Sample,14,6,16.,1,false,true,false,true,180.,138.,204.,150.,11.9154124285
1.15157994438,Sample,14,6,21.,1,false,true,false,true,180.,138.,204.,150.,11.9158404883
1.15157994438,Sample,14,6,26.,1,false,true,false,true,180.,138.,204.,150.,11.915856247
1.15157994438,Sample,14,6,31.,1,false,true,false,true,180.,138.,204.,150.,11.9158568471
1.15157994438,Sample,14,6,36.,1,false,true,false,true,180.,138.,204.,150.,11.9158568706
1.15157994438,Sample,14,6,41.,1,false,true,false,true,180.,138.,204.,150.,11.9158568716
1.15157994438,Sample,14,6,46.,1,false,true,false,true,180.,138.,204.,150.,11.9158568716
1.15157994438,Sample,14,6,51.,1,false,true,false,true,180.,138.,204.,150.,11.9158568716
1.30963558267,Sample,14,6,1.,1,false,true,false,true,24.,24.,100.,84.,0.
1.30963558267,Sample,14,6,6.,1,false,true,false,true,130.,114.,122.,118.,12.187439361
1.30963558267,Sample,14,6,11.,1,false,true,false,true,148.,130.,124.,120.,12.717384478
1.30963558267,Sample,14,6,16.,1,false,true,false,true,150.,130.,122.,118.,12.7415983629
1.30963558267,Sample,14,6,21.,1,false,true,false,true,150.,130.,122.,118.,12.7427527653
1.30963558267,Sample,14,6,26.,1,false,true,false,true,150.,130.,122.,118.,12.7428097907
1.30963558267,Sample,14,6,31.,1,false,true,false,true,150.,130.,122.,118.,12.7428126914
1.30963558267,Sample,14,6,36.,1,false,true,false,true,150.,130.,122.,118.,12.7428128426
1.30963558267,Sample,14,6,41.,1,false,true,false,true,150.,130.,122.,118.,12.7428128506
1.30963558267,Sample,14,6,46.,1,false,true,false,true,150.,130.,122.,118.,12.742812851
1.30963558267,Sample,14,6,51.,1,false,true,false,true,150.,130.,122.,118.,12.7428128511
1.20562226219,Sample,14,5,1.,1,false,true,false,true,30.,28.,50.,42.,0.
1.20562226219,Sample,14,5,6.,1,false,true,false,true,76.,66.,36.,36.,11.7790661708
1.20562226219,Sample,14,5,11.,1,false,true,false,true,78.,68.,34.,34.,12.1956839513
1.20562226219,Sample,14,5,16.,1,false,true,false,true,78.,68.,34.,34.,12.2113022913
1.20562226219,Sample,14,5,21.,1,false,true,false,true,78.,68.,34.,34.,12.2119171256
1.20562226219,Sample,14,5,26.,1,false,true,false,true,78.,68.,34.,34.,12.2119423151
1.20562226219,Sample,14,5,31.,1,false,true,false,true,78.,68.,34.,34.,12.211943381
1.20562226219,Sample,14,5,36.,1,false,true,false,true,78.,68.,34.,34.,12.2119434273
1.20562226219,Sample,14,5,41.,1,false,true,false,true,78.,68.,34.,34.,12.2119434293
1.20562226219,Sample,14,5,46.,1,false,true,false,true,78.,68.,34.,34.,12.2119434294
1.20562226219,Sample,14,5,51.,1,false,true,false,true,78.,68.,34.,34.,12.2119434294
1.10772614893,Sample,14,6,1.,1,false,true,false,true,58.,56.,120.,102.,0.
1.10772614893,Sample,14,6,6.,1,false,true,false,true,220.,178.,194.,174.,11.333227004
1.10772614893,Sample,14,6,11.,1,false,true,false,true,224.,180.,198.,176.,11.6543630903
1.10772614893,Sample,14,6,16.,1,false,true,false,true,224.,180.,198.,176.,11.664107972
1.10772614893,Sample,14,6,21.,1,false,true,false,true,224.,180.,198.,176.,11.6644207595
1.10772614893,Sample,14,6,26.,1,false,true,false,true,224.,180.,198.,176.,11.6644312586
1.10772614893,Sample,14,6,31.,1,false,true,false,true,224.,180.,198.,176.,11.6644316238
1.10772614893,Sample,14,6,36.,1,false,true,false,true,224.,180.,198.,176.,11.6644316368
1.10772614893,Sample,14,6,41.,1,false,true,false,true,224.,180.,198.,176.,11.6644316373
1.10772614893,Sample,14,6,46.,1,false,true,false,true,224.,180.,198.,176.,11.6644316373
1.10772614893,Sample,14,6,51.,1,false,true,false,true,224.,180.,198.,176.,11.6644316373
1.06832459528,Voter,14,3,1.,1,false,true,false,true,4.,4.,8.,8.,0.
1.06832459528,Voter,14,3,6.,1,false,true,false,true,8.,6.,4.,4.,11.1352349159
1.06832459528,Voter,14,3,11.,1,false,true,false,true,8.,6.,4.,4.,11.4212913557
1.06832459528,Voter,14,3,16.,1,false,true,false,true,8.,6.,4.,4.,11.4291998225
1.06832459528,Voter,14,3,21.,1,false,true,false,true,8.,6.,4.,4.,11.4294318676
1.06832459528,Voter,14,3,26.,1,false,true,false,true,8.,6.,4.,4.,11.4294390029
1.06832459528,Voter,14,3,31.,1,false,true,false,true,8.,6.,4.,4.,11.4294392305
1.06832459528,Voter,14,3,36.,1,false,true,false,true,8.,6.,4.,4.,11.429439238
1.06832459528,Voter,14,3,41.,1,false,true,false,true,8.,6.,4.,4.,11.4294392382
1.06832459528,Voter,14,3,46.,1,false,true,false,true,8.,6.,4.,4.,11.4294392383
1.06832459528,Voter,14,3,51.,1,false,true,false,true,8.,6.,4.,4.,11.4294392383
0.870105370461,Sample,14,5,1.,1,false,true,false,true,20.,20.,58.,46.,0.
0.870105370461,Sample,14,5,6.,1,false,true,false,true,50.,42.,32.,32.,9.95335991956
0.870105370461,Sample,14,5,11.,1,false,true,false,true,50.,42.,32.,32.,10.0947629595
0.870105370461,Sample,14,5,16.,1,false,true,false,true,50.,42.,32.,32.,10.0970009596
0.870105370461,Sample,14,5,21.,1,false,true,false,true,50.,42.,32.,32.,10.0970393728
0.870105370461,Sample,14,5,26.,1,false,true,false,true,50.,42.,32.,32.,10.0970400727
0.870105370461,Sample,14,5,31.,1,false,true,false,true,50.,42.,32.,32.,10.097040086
0.870105370461,Sample,14,5,36.,1,false,true,false,true,50.,42.,32.,32.,10.0970400863
0.870105370461,Sample,14,5,41.,1,false,true,false,true,50.,42.,32.,32.,10.0970400863
0.870105370461,Sample,14,5,46.,1,false,true,false,true,50.,42.,32.,32.,10.0970400863
0.870105370461,Sample,14,5,51.,1,false,true,false,true,50.,42.,32.,32.,10.0970400863
1.1647554365,Voter,14,5,1.,1,false,true,false,true,10.,10.,26.,24.,0.
1.1647554365,Voter,14,5,6.,1,false,true,false,true,76.,66.,64.,58.,11.6006305589
1.1647554365,Voter,14,5,11.,1,false,true,false,true,76.,66.,64.,58.,11.9759931832
1.1647554365,Voter,14,5,16.,1,false,true,false,true,76.,66.,64.,58.,11.9889182449
1.1647554365,Voter,14,5,21.,1,false,true,false,true,76.,66.,64.,58.,11.9893869355
1.1647554365,Voter,14,5,26.,1,false,true,false,true,76.,66.,64.,58.,11.9894046576
1.1647554365,Voter,14,5,31.,1,false,true,false,true,76.,66.,64.,58.,11.9894053506
1.1647554365,Voter,14,5,36.,1,false,true,false,true,76.,66.,64.,58.,11.9894053785
1.1647554365,Voter,14,5,41.,1,false,true,false,true,76.,66.,64.,58.,11.9894053796
1.1647554365,Voter,14,5,46.,1,false,true,false,true,76.,66.,64.,58.,11.9894053797
1.1647554365,Voter,14,5,51.,1,false,true,false,true,76.,66.,64.,58.,11.9894053797
1.01236927937,Sample,14,7,1.,1,false,true,false,true,116.,96.,172.,134.,0.
1.01236927937,Sample,14,7,6.,1,false,true,false,true,228.,182.,216.,172.,10.8342603431
1.01236927937,Sample,14,7,11.,1,false,true,false,true,240.,188.,208.,166.,11.0740001793
1.01236927937,Sample,14,7,16.,1,false,true,false,true,242.,188.,210.,166.,11.0797546803
1.01236927937,Sample,14,7,21.,1,false,true,false,true,242.,188.,210.,166.,11.0799020432
1.01236927937,Sample,14,7,26.,1,false,true,false,true,242.,188.,210.,166.,11.0799060109
1.01236927937,Sample,14,7,31.,1,false,true,false,true,242.,188.,210.,166.,11.079906122
1.01236927937,Sample,14,7,36.,1,false,true,false,true,242.,188.,210.,166.,11.0799061252
1.01236927937,Sample,14,7,41.,1,false,true,false,true,242.,188.,210.,166.,11.0799061253
1.01236927937,Sample,14,7,46.,1,false,true,false,true,242.,188.,210.,166.,11.0799061253
1.01236927937,Sample,14,7,51.,1,false,true,false,true,242.,188.,210.,166.,11.0799061253
1.02410496349,Sample,14,7,1.,1,false,true,false,true,80.,72.,148.,124.,0.
1.02410496349,Sample,14,7,6.,1,false,true,false,true,246.,188.,258.,198.,10.8993778849
1.02410496349,Sample,14,7,11.,1,false,true,false,true,248.,190.,256.,198.,11.1484841603
1.02410496349,Sample,14,7,16.,1,false,true,false,true,248.,190.,256.,198.,11.1546491142
1.02410496349,Sample,14,7,21.,1,false,true,false,true,248.,190.,256.,198.,11.1548117027
1.02410496349,Sample,14,7,26.,1,false,true,false,true,248.,190.,256.,198.,11.1548162079
1.02410496349,Sample,14,7,31.,1,false,true,false,true,248.,190.,256.,198.,11.1548163376
1.02410496349,Sample,14,7,36.,1,false,true,false,true,248.,190.,256.,198.,11.1548163415
1.02410496349,Sample,14,7,41.,1,false,true,false,true,248.,190.,256.,198.,11.1548163416
1.02410496349,Sample,14,7,46.,1,false,true,false,true,248.,190.,256.,198.,11.1548163416
1.02410496349,Sample,14,7,51.,1,false,true,false,true,248.,190.,256.,198.,11.1548163416
0.822957235852,Sample,14,4,1.,1,false,true,false,true,22.,20.,46.,40.,0.
0.822957235852,Sample,14,4,6.,1,false,true,false,true,76.,60.,68.,50.,9.62075380295
0.822957235852,Sample,14,4,11.,1,false,true,false,true,76.,60.,68.,50.,9.73588416342
0.822957235852,Sample,14,4,16.,1,false,true,false,true,76.,60.,68.,50.,9.73743704225
0.822957235852,Sample,14,4,21.,1,false,true,false,true,76.,60.,68.,50.,9.73745990673
0.822957235852,Sample,14,4,26.,1,false,true,false,true,76.,60.,68.,50.,9.73746026534
0.822957235852,Sample,14,4,31.,1,false,true,false,true,76.,60.,68.,50.,9.73746027123
0.822957235852,Sample,14,4,36.,1,false,true,false,true,76.,60.,68.,50.,9.73746027133
0.822957235852,Sample,14,4,41.,1,false,true,false,true,76.,60.,68.,50.,9.73746027133
0.822957235852,Sample,14,4,46.,1,false,true,false,true,76.,60.,68.,50.,9.73746027133
0.822957235852,Sample,14,4,51.,1,false,true,false,true,76.,60.,68.,50.,9.73746027133
0.864507744936,Voter,14,6,1.,1,false,true,false,true,52.,46.,72.,64.,0.
0.864507744936,Voter,14,6,6.,1,false,true,false,true,74.,66.,58.,54.,9.91499905873
0.864507744936,Voter,14,6,11.,1,false,true,false,true,74.,66.,58.,54.,10.053117486
0.864507744936,Voter,14,6,16.,1,false,true,false,true,74.,66.,58.,54.,10.0552637604
0.864507744936,Voter,14,6,21.,1,false,true,false,true,74.,66.,58.,54.,10.0552999566
0.864507744936,Voter,14,6,26.,1,false,true,false,true,74.,66.,58.,54.,10.0553006048
0.864507744936,Voter,14,6,31.,1,false,true,false,true,74.,66.,58.,54.,10.055300617
0.864507744936,Voter,14,6,36.,1,false,true,false,true,74.,66.,58.,54.,10.0553006172
0.864507744936,Voter,14,6,41.,1,false,true,false,true,74.,66.,58.,54.,10.0553006172
0.864507744936,Voter,14,6,46.,1,false,true,false,true,74.,66.,58.,54.,10.0553006172
0.864507744936,Voter,14,6,51.,1,false,true,false,true,74.,66.,58.,54.,10.0553006172
1.27838633775,Voter,14,3,1.,1,false,true,false,true,6.,6.,6.,6.,0.
1.27838633775,Voter,14,3,6.,1,false,true,false,true,12.,10.,0.,0.,12.0713454529
1.27838633775,Voter,14,3,11.,1,false,true,false,true,12.,10.,0.,0.,12.5660494115
1.27838633775,Voter,14,3,16.,1,false,true,false,true,12.,10.,0.,0.,12.5874037991
1.27838633775,Voter,14,3,21.,1,false,true,false,true,12.,10.,0.,0.,12.5883673252
1.27838633775,Voter,14,3,26.,1,false,true,false,true,12.,10.,0.,0.,12.5884124281
1.27838633775,Voter,14,3,31.,1,false,true,false,true,12.,10.,0.,0.,12.5884146041
1.27838633775,Voter,14,3,36.,1,false,true,false,true,12.,10.,0.,0.,12.5884147117
1.27838633775,Voter,14,3,41.,1,false,true,false,true,12.,10.,0.,0.,12.5884147171
1.27838633775,Voter,14,3,46.,1,false,true,false,true,12.,10.,0.,0.,12.5884147174
1.27838633775,Voter,14,3,51.,1,false,true,false,true,12.,10.,0.,0.,12.5884147174
0.981698017263,Sample,14,7,1.,1,false,true,false,true,52.,52.,120.,100.,0.
0.981698017263,Sample,14,7,6.,1,false,true,false,true,184.,164.,152.,148.,10.6588963501
0.981698017263,Sample,14,7,11.,1,false,true,false,true,184.,164.,152.,148.,10.875044631
0.981698017263,Sample,14,7,16.,1,false,true,false,true,184.,164.,152.,148.,10.8798225085
0.981698017263,Sample,14,7,21.,1,false,true,false,true,184.,164.,152.,148.,10.879935538
0.981698017263,Sample,14,7,26.,1,false,true,false,true,184.,164.,152.,148.,10.8799383548
0.981698017263,Sample,14,7,31.,1,false,true,false,true,184.,164.,152.,148.,10.8799384278
0.981698017263,Sample,14,7,36.,1,false,true,false,true,184.,164.,152.,148.,10.8799384298
0.981698017263,Sample,14,7,41.,1,false,true,false,true,184.,164.,152.,148.,10.8799384298
0.981698017263,Sample,14,7,46.,1,false,true,false,true,184.,164.,152.,148.,10.8799384298
0.981698017263,Sample,14,7,51.,1,false,true,false,true,184.,164.,152.,148.,10.8799384298
1.39031568443,Voter,14,4,1.,1,false,true,false,true,4.,4.,10.,10.,0.
1.39031568443,Voter,14,4,6.,1,false,true,false,true,18.,18.,4.,4.,12.4628486802
1.39031568443,Voter,14,4,11.,1,false,true,false,true,18.,18.,4.,4.,13.0881010584
1.39031568443,Voter,14,4,16.,1,false,true,false,true,18.,18.,4.,4.,13.1208830171
1.39031568443,Voter,14,4,21.,1,false,true,false,true,18.,18.,4.,4.,13.1226689474
1.39031568443,Voter,14,4,26.,1,false,true,false,true,18.,18.,4.,4.,13.1227694576
1.39031568443,Voter,14,4,31.,1,false,true,false,true,18.,18.,4.,4.,13.1227752702
1.39031568443,Voter,14,4,36.,1,false,true,false,true,18.,18.,4.,4.,13.1227756141
1.39031568443,Voter,14,4,41.,1,false,true,false,true,18.,18.,4.,4.,13.1227756348
1.39031568443,Voter,14,4,46.,1,false,true,false,true,18.,18.,4.,4.,13.1227756361
1.39031568443,Voter,14,4,51.,1,false,true,false,true,18.,18.,4.,4.,13.1227756361
1.04517554959,Voter,14,6,1.,1,false,true,false,true,18.,18.,40.,36.,0.
1.04517554959,Voter,14,6,6.,1,false,true,false,true,50.,46.,4.,4.,11.0136113884
1.04517554959,Voter,14,6,11.,1,false,true,false,true,50.,46.,4.,4.,11.2800000518
1.04517554959,Voter,14,6,16.,1,false,true,false,true,50.,46.,4.,4.,11.2869559097
1.04517554959,Voter,14,6,21.,1,false,true,false,true,50.,46.,4.,4.,11.2871490774
1.04517554959,Voter,14,6,26.,1,false,true,false,true,50.,46.,4.,4.,11.2871547067
1.04517554959,Voter,14,6,31.,1,false,true,false,true,50.,46.,4.,4.,11.287154877
1.04517554959,Voter,14,6,36.,1,false,true,false,true,50.,46.,4.,4.,11.2871548823
1.04517554959,Voter,14,6,41.,1,false,true,false,true,50.,46.,4.,4.,11.2871548825
1.04517554959,Voter,14,6,46.,1,false,true,false,true,50.,46.,4.,4.,11.2871548825
1.04517554959,Voter,14,6,51.,1,false,true,false,true,50.,46.,4.,4.,11.2871548825
0.935491452861,Sample,14,3,1.,1,false,true,false,true,12.,12.,20.,20.,0.
0.935491452861,Sample,14,3,6.,1,false,true,false,true,20.,18.,16.,16.,10.3800262888
0.935491452861,Sample,14,3,11.,1,false,true,false,true,20.,18.,16.,16.,10.5630952791
0.935491452861,Sample,14,3,16.,1,false,true,false,true,20.,18.,16.,16.,10.5666436376
0.935491452861,Sample,14,3,21.,1,false,true,false,true,20.,18.,16.,16.,10.5667176208
0.935491452861,Sample,14,3,26.,1,false,true,false,true,20.,18.,16.,16.,10.5667192507
0.935491452861,Sample,14,3,31.,1,false,true,false,true,20.,18.,16.,16.,10.5667192881
0.935491452861,Sample,14,3,36.,1,false,true,false,true,20.,18.,16.,16.,10.566719289
0.935491452861,Sample,14,3,41.,1,false,true,false,true,20.,18.,16.,16.,10.566719289
0.935491452861,Sample,14,3,46.,1,false,true,false,true,20.,18.,16.,16.,10.566719289
0.935491452861,Sample,14,3,51.,1,false,true,false,true,20.,18.,16.,16.,10.566719289
1.35704979652,Voter,14,6,1.,1,false,true,false,true,38.,36.,64.,54.,0.
1.35704979652,Voter,14,6,6.,1,false,true,false,true,90.,72.,28.,28.,12.3534085226
1.35704979652,Voter,14,6,11.,1,false,true,false,true,88.,72.,26.,26.,12.9386410382
1.35704979652,Voter,14,6,16.,1,false,true,false,true,88.,72.,26.,26.,12.9676773292
1.35704979652,Voter,14,6,21.,1,false,true,false,true,88.,72.,26.,26.,12.9691767312
1.35704979652,Voter,14,6,26.,1,false,true,false,true,88.,72.,26.,26.,12.9692568122
1.35704979652,Voter,14,6,31.,1,false,true,false,true,88.,72.,26.,26.,12.9692612109
1.35704979652,Voter,14,6,36.,1,false,true,false,true,88.,72.,26.,26.,12.9692614582
1.35704979652,Voter,14,6,41.,1,false,true,false,true,88.,72.,26.,26.,12.9692614723
1.35704979652,Voter,14,6,46.,1,false,true,false,true,88.,72.,26.,26.,12.9692614732
1.35704979652,Voter,14,6,51.,1,false,true,false,true,88.,72.,26.,26.,12.9692614732
0.915786870903,Sample,14,5,1.,1,false,true,false,true,20.,20.,42.,36.,0.
0.915786870903,Sample,14,5,6.,1,false,true,false,true,106.,88.,96.,76.,10.2555118324
0.915786870903,Sample,14,5,11.,1,false,true,false,true,106.,88.,96.,76.,10.4253862552
0.915786870903,Sample,14,5,16.,1,false,true,false,true,106.,88.,96.,76.,10.428490523
0.915786870903,Sample,14,5,21.,1,false,true,false,true,106.,88.,96.,76.,10.4285516871
0.915786870903,Sample,14,5,26.,1,false,true,false,true,106.,88.,96.,76.,10.4285529621
0.915786870903,Sample,14,5,31.,1,false,true,false,true,106.,88.,96.,76.,10.4285529898
0.915786870903,Sample,14,5,36.,1,false,true,false,true,106.,88.,96.,76.,10.4285529905
0.915786870903,Sample,14,5,41.,1,false,true,false,true,106.,88.,96.,76.,10.4285529905
0.915786870903,Sample,14,5,46.,1,false,true,false,true,106.,88.,96.,76.,10.4285529905
0.915786870903,Sample,14,5,51.,1,false,true,false,true,106.,88.,96.,76.,10.4285529905
0.974142828098,Sample,14,4,1.,1,false,true,false,true,8.,8.,28.,24.,0.
0.974142828098,Sample,14,4,6.,1,false,true,false,true,68.,52.,76.,56.,10.6145250193
0.974142828098,Sample,14,4,11.,1,false,true,false,true,76.,56.,68.,52.,10.8250609694
0.974142828098,Sample,14,4,16.,1,false,true,false,true,76.,56.,68.,52.,10.829618665
0.974142828098,Sample,14,4,21.,1,false,true,false,true,76.,56.,68.,52.,10.8297243435
0.974142828098,Sample,14,4,26.,1,false,true,false,true,76.,56.,68.,52.,10.829726926
0.974142828098,Sample,14,4,31.,1,false,true,false,true,76.,56.,68.,52.,10.8297269917
0.974142828098,Sample,14,4,36.,1,false,true,false,true,76.,56.,68.,52.,10.8297269934
0.974142828098,Sample,14,4,41.,1,false,true,false,true,76.,56.,68.,52.,10.8297269934
0.974142828098,Sample,14,4,46.,1,false,true,false,true,76.,56.,68.,52.,10.8297269934
0.974142828098,Sample,14,4,51.,1,false,true,false,true,76.,56.,68.,52.,10.8297269934
1.10302762875,Voter,14,3,1.,1,false,true,false,true,10.,10.,10.,10.,0.
1.10302762875,Voter,14,3,6.,1,false,true,false,true,18.,16.,14.,14.,11.3101997514
1.10302762875,Voter,14,3,11.,1,false,true,false,true,18.,16.,14.,14.,11.6270483285
1.10302762875,Voter,14,3,16.,1,false,true,false,true,18.,16.,14.,14.,11.6365593854
1.10302762875,Voter,14,3,21.,1,false,true,false,true,18.,16.,14.,14.,11.6368614909
1.10302762875,Voter,14,3,26.,1,false,true,false,true,18.,16.,14.,14.,11.6368715285
1.10302762875,Voter,14,3,31.,1,false,true,false,true,18.,16.,14.,14.,11.636871874
1.10302762875,Voter,14,3,36.,1,false,true,false,true,18.,16.,14.,14.,11.6368718863
1.10302762875,Voter,14,3,41.,1,false,true,false,true,18.,16.,14.,14.,11.6368718867
1.10302762875,Voter,14,3,46.,1,false,true,false,true,18.,16.,14.,14.,11.6368718867
1.10302762875,Voter,14,3,51.,1,false,true,false,true,18.,16.,14.,14.,11.6368718867
1.02948373827,Sample,14,3,1.,1,false,true,false,true,16.,16.,28.,26.,0.
1.02948373827,Sample,14,3,6.,1,false,true,false,true,24.,24.,24.,24.,10.9288636943
1.02948373827,Sample,14,3,11.,1,false,true,false,true,24.,24.,24.,24.,11.1823250782
1.02948373827,Sample,14,3,16.,1,false,true,false,true,24.,24.,24.,24.,11.1886852449
1.02948373827,Sample,14,3,21.,1,false,true,false,true,24.,24.,24.,24.,11.1888552318
1.02948373827,Sample,14,3,26.,1,false,true,false,true,24.,24.,24.,24.,11.1888600037
1.02948373827,Sample,14,3,31.,1,false,true,false,true,24.,24.,24.,24.,11.1888601428
1.02948373827,Sample,14,3,36.,1,false,true,false,true,24.,24.,24.,24.,11.188860147
1.02948373827,Sample,14,3,41.,1,false,true,false,true,24.,24.,24.,24.,11.1888601472
1.02948373827,Sample,14,3,46.,1,false,true,false,true,24.,24.,24.,24.,11.1888601472
1.02948373827,Sample,14,3,51.,1,false,true,false,true,24.,24.,24.,24.,11.1888601472
1.29594705832,Sample,14,3,1.,1,false,true,false,true,2.,2.,12.,12.,0.
1.29594705832,Sample,14,3,6.,1,false,true,false,true,10.,10.,0.,0.,12.137257389
1.29594705832,Sample,14,3,11.,1,false,true,false,true,10.,10.,0.,0.,12.651644563
1.29594705832,Sample,14,3,16.,1,false,true,false,true,10.,10.,0.,0.,12.6745754172
1.29594705832,Sample,14,3,21.,1,false,true,false,true,10.,10.,0.,0.,12.6756428578
1.29594705832,Sample,14,3,26.,1,false,true,false,true,10.,10.,0.,0.,12.6756943714
1.29594705832,Sample,14,3,31.,1,false,true,false,true,10.,10.,0.,0.,12.6756969323
1.29594705832,Sample,14,3,36.,1,false,true,false,true,10.,10.,0.,0.,12.6756970627
1.29594705832,Sample,14,3,41.,1,false,true,false,true,10.,10.,0.,0.,12.6756970695
1.29594705832,Sample,14,3,46.,1,false,true,false,true,10.,10.,0.,0.,12.6756970698
1.29594705832,Sample,14,3,51.,1,false,true,false,true,10.,10.,0.,0.,12.6756970699
0.876526092688,Sample,14,6,1.,1,false,true,false,true,24.,24.,76.,66.,0.
0.876526092688,Sample,14,6,6.,1,false,true,false,true,90.,74.,50.,50.,9.99699611421
0.876526092688,Sample,14,6,11.,1,false,true,false,true,92.,76.,48.,48.,10.142221678
0.876526092688,Sample,14,6,16.,1,false,true,false,true,92.,76.,48.,48.,10.1445685834
0.876526092688,Sample,14,6,21.,1,false,true,false,true,92.,76.,48.,48.,10.1446096794
0.876526092688,Sample,14,6,26.,1,false,true,false,true,92.,76.,48.,48.,10.1446104428
0.876526092688,Sample,14,6,31.,1,false,true,false,true,92.,76.,48.,48.,10.1446104577
0.876526092688,Sample,14,6,36.,1,false,true,false,true,92.,76.,48.,48.,10.1446104579
0.876526092688,Sample,14,6,41.,1,false,true,false,true,92.,76.,48.,48.,10.144610458
0.876526092688,Sample,14,6,46.,1,false,true,false,true,92.,76.,48.,48.,10.144610458
0.876526092688,Sample,14,6,51.,1,false,true,false,true,92.,76.,48.,48.,10.144610458
1.15187552723,Voter,14,3,1.,1,false,true,false,true,12.,12.,8.,6.,0.
1.15187552723,Voter,14,3,6.,1,false,true,false,true,20.,18.,8.,8.,11.5421531996
1.15187552723,Voter,14,3,11.,1,false,true,false,true,20.,18.,8.,8.,11.9049215741
1.15187552723,Voter,14,3,16.,1,false,true,false,true,20.,18.,8.,8.,11.9170713901
1.15187552723,Voter,14,3,21.,1,false,true,false,true,20.,18.,8.,8.,11.9175003292
1.15187552723,Voter,14,3,26.,1,false,true,false,true,20.,18.,8.,8.,11.9175161297
1.15187552723,Voter,14,3,31.,1,false,true,false,true,20.,18.,8.,8.,11.9175167319
1.15187552723,Voter,14,3,36.,1,false,true,false,true,20.,18.,8.,8.,11.9175167555
1.15187552723,Voter,14,3,41.,1,false,true,false,true,20.,18.,8.,8.,11.9175167564
1.15187552723,Voter,14,3,46.,1,false,true,false,true,20.,18.,8.,8.,11.9175167564
1.15187552723,Voter,14,3,51.,1,false,true,false,true,20.,18.,8.,8.,11.9175167564
1.10389422726,Sample,14,7,1.,1,false,true,false,true,98.,86.,194.,146.,0.
1.10389422726,Sample,14,7,6.,1,false,true,false,true,272.,202.,312.,222.,11.3144586097
1.10389422726,Sample,14,7,11.,1,false,true,false,true,280.,202.,316.,218.,11.6320958752
1.10389422726,Sample,14,7,16.,1,false,true,false,true,280.,202.,316.,218.,11.6416497491
1.10389422726,Sample,14,7,21.,1,false,true,false,true,280.,202.,316.,218.,11.6419538022
1.10389422726,Sample,14,7,26.,1,false,true,false,true,280.,202.,316.,218.,11.6419639235
1.10389422726,Sample,14,7,31.,1,false,true,false,true,280.,202.,316.,218.,11.6419642726
1.10389422726,Sample,14,7,36.,1,false,true,false,true,280.,202.,316.,218.,11.641964285
1.10389422726,Sample,14,7,41.,1,false,true,false,true,280.,202.,316.,218.,11.6419642855
1.10389422726,Sample,14,7,46.,1,false,true,false,true,280.,202.,316.,218.,11.6419642855
1.10389422726,Sample,14,7,51.,1,false,true,false,true,280.,202.,316.,218.,11.6419642855
1.32690550812,Voter,14,7,1.,1,false,true,false,true,50.,44.,100.,86.,0.
1.32690550812,Voter,14,7,6.,1,false,true,false,true,112.,96.,70.,60.,12.2492844337
1.32690550812,Voter,14,7,11.,1,false,true,false,true,112.,96.,70.,60.,12.7991200873
1.32690550812,Voter,14,7,16.,1,false,true,false,true,112.,96.,70.,60.,12.8250217136
1.32690550812,Voter,14,7,21.,1,false,true,false,true,112.,96.,70.,60.,12.8262936651
1.32690550812,Voter,14,7,26.,1,false,true,false,true,112.,96.,70.,60.,12.8263583407
1.32690550812,Voter,14,7,31.,1,false,true,false,true,112.,96.,70.,60.,12.8263617255
1.32690550812,Voter,14,7,36.,1,false,true,false,true,112.,96.,70.,60.,12.8263619069
1.32690550812,Voter,14,7,41.,1,false,true,false,true,112.,96.,70.,60.,12.8263619169
1.32690550812,Voter,14,7,46.,1,false,true,false,true,112.,96.,70.,60.,12.8263619174
1.32690550812,Voter,14,7,51.,1,false,true,false,true,112.,96.,70.,60.,12.8263619174
1.16005728367,Sample,14,4,1.,1,false,true,false,true,28.,28.,44.,38.,0.
1.16005728367,Sample,14,4,6.,1,false,true,false,true,70.,64.,70.,70.,11.5794267126
1.16005728367,Sample,14,4,11.,1,false,true,false,true,74.,68.,74.,74.,11.9501723339
1.16005728367,Sample,14,4,16.,1,false,true,false,true,74.,68.,74.,74.,11.962810633
1.16005728367,Sample,14,4,21.,1,false,true,false,true,74.,68.,74.,74.,11.9632644941
1.16005728367,Sample,14,4,26.,1,false,true,false,true,74.,68.,74.,74.,11.9632814934
1.16005728367,Sample,14,4,31.,1,false,true,false,true,74.,68.,74.,74.,11.963282152
1.16005728367,Sample,14,4,36.,1,false,true,false,true,74.,68.,74.,74.,11.9632821782
1.16005728367,Sample,14,4,41.,1,false,true,false,true,74.,68.,74.,74.,11.9632821793
1.16005728367,Sample,14,4,46.,1,false,true,false,true,74.,68.,74.,74.,11.9632821793
1.16005728367,Sample,14,4,51.,1,false,true,false,true,74.,68.,74.,74.,11.9632821793
1.33175171024,Voter,14,7,1.,1,false,true,false,true,24.,22.,58.,50.,0.
1.33175171024,Voter,14,7,6.,1,false,true,false,true,100.,92.,62.,58.,12.2663493472
1.33175171024,Voter,14,7,11.,1,false,true,false,true,104.,98.,62.,60.,12.8218181487
1.33175171024,Voter,14,7,16.,1,false,true,false,true,104.,98.,62.,60.,12.8482074059
1.33175171024,Voter,14,7,21.,1,false,true,false,true,104.,98.,62.,60.,12.8495139719
1.33175171024,Voter,14,7,26.,1,false,true,false,true,104.,98.,62.,60.,12.8495809421
1.33175171024,Voter,14,7,31.,1,false,true,false,true,104.,98.,62.,60.,12.8495844748
1.33175171024,Voter,14,7,36.,1,false,true,false,true,104.,98.,62.,60.,12.8495846656
1.33175171024,Voter,14,7,41.,1,false,true,false,true,104.,98.,62.,60.,12.8495846761
1.33175171024,Voter,14,7,46.,1,false,true,false,true,104.,98.,62.,60.,12.8495846767
1.33175171024,Voter,14,7,51.,1,false,true,false,true,104.,98.,62.,60.,12.8495846767
1.22191472074,Sample,14,6,1.,1,false,true,false,true,44.,44.,94.,78.,0.
1.22191472074,Sample,14,6,6.,1,false,true,false,true,166.,140.,164.,140.,11.8472741691
1.22191472074,Sample,14,6,11.,1,false,true,false,true,168.,140.,166.,140.,12.2808732658
1.22191472074,Sample,14,6,16.,1,false,true,false,true,168.,140.,166.,140.,12.2976682498
1.22191472074,Sample,14,6,21.,1,false,true,false,true,168.,140.,166.,140.,12.2983506308
1.22191472074,Sample,14,6,26.,1,false,true,false,true,168.,140.,166.,140.,12.2983794639
1.22191472074,Sample,14,6,31.,1,false,true,false,true,168.,140.,166.,140.,12.2983807216
1.22191472074,Sample,14,6,36.,1,false,true,false,true,168.,140.,166.,140.,12.2983807779
1.22191472074,Sample,14,6,41.,1,false,true,false,true,168.,140.,166.,140.,12.2983807805
1.22191472074,Sample,14,6,46.,1,false,true,false,true,168.,140.,166.,140.,12.2983807806
1.22191472074,Sample,14,6,51.,1,false,true,false,true,168.,140.,166.,140.,12.2983807806
0.808819229244,Sample,14,3,1.,1,false,true,false,true,14.,14.,36.,32.,0.
0.808819229244,Sample,14,3,6.,1,false,true,false,true,46.,40.,28.,26.,9.51671229211
0.808819229244,Sample,14,3,11.,1,false,true,false,true,46.,40.,28.,26.,9.62457906781
0.808819229244,Sample,14,3,16.,1,false,true,false,true,46.,40.,28.,26.,9.62596238703
0.808819229244,Sample,14,3,21.,1,false,true,false,true,46.,40.,28.,26.,9.62598179345
0.808819229244,Sample,14,3,26.,1,false,true,false,true,46.,40.,28.,26.,9.62598208378
0.808819229244,Sample,14,3,31.,1,false,true,false,true,46.,40.,28.,26.,9.62598208833
0.808819229244,Sample,14,3,36.,1,false,true,false,true,46.,40.,28.,26.,9.6259820884
0.808819229244,Sample,14,3,41.,1,false,true,false,true,46.,40.,28.,26.,9.6259820884
0.808819229244,Sample,14,3,46.,1,false,true,false,true,46.,40.,28.,26.,9.6259820884
0.808819229244,Sample,14,3,51.,1,false,true,false,true,46.,40.,28.,26.,9.6259820884
1.16913833891,Sample,14,7,1.,1,false,true,false,true,90.,80.,190.,156.,0.
1.16913833891,Sample,14,7,6.,1,false,true,false,true,274.,208.,278.,210.,11.6202813302
1.16913833891,Sample,14,7,11.,1,false,true,false,true,286.,210.,270.,204.,11.9999748667
1.16913833891,Sample,14,7,16.,1,false,true,false,true,286.,210.,270.,204.,12.0131716117
1.16913833891,Sample,14,7,21.,1,false,true,false,true,286.,210.,270.,204.,12.0136544861
1.16913833891,Sample,14,7,26.,1,false,true,false,true,286.,210.,270.,204.,12.0136729059
1.16913833891,Sample,14,7,31.,1,false,true,false,true,286.,210.,270.,204.,12.0136736324
1.16913833891,Sample,14,7,36.,1,false,true,false,true,286.,210.,270.,204.,12.0136736619
1.16913833891,Sample,14,7,41.,1,false,true,false,true,286.,210.,270.,204.,12.0136736631
1.16913833891,Sample,14,7,46.,1,false,true,false,true,286.,210.,270.,204.,12.0136736631
1.16913833891,Sample,14,7,51.,1,false,true,false,true,286.,210.,270.,204.,12.0136736631
1.12128631811,Voter,14,3,1.,1,false,true,false,true,8.,8.,8.,8.,0.
1.12128631811,Voter,14,3,6.,1,false,true,false,true,14.,14.,6.,6.,11.3988190485
1.12128631811,Voter,14,3,11.,1,false,true,false,true,14.,14.,6.,6.,11.7324850509
1.12128631811,Voter,14,3,16.,1,false,true,false,true,14.,14.,6.,6.,11.742928139
1.12128631811,Voter,14,3,21.,1,false,true,false,true,14.,14.,6.,6.,11.7432734868
1.12128631811,Voter,14,3,26.,1,false,true,false,true,14.,14.,6.,6.,11.7432854214
1.12128631811,Voter,14,3,31.,1,false,true,false,true,14.,14.,6.,6.,11.7432858485
1.12128631811,Voter,14,3,36.,1,false,true,false,true,14.,14.,6.,6.,11.7432858642
1.12128631811,Voter,14,3,41.,1,false,true,false,true,14.,14.,6.,6.,11.7432858648
1.12128631811,Voter,14,3,46.,1,false,true,false,true,14.,14.,6.,6.,11.7432858648
1.12128631811,Voter,14,3,51.,1,false,true,false,true,14.,14.,6.,6.,11.7432858648
1.26639736225,Voter,14,6,1.,1,false,true,false,true,44.,42.,80.,66.,0.
1.26639736225,Voter,14,6,6.,1,false,true,false,true,70.,60.,66.,52.,12.0253383352
1.26639736225,Voter,14,6,11.,1,false,true,false,true,70.,60.,66.,52.,12.5067861229
1.26639736225,Voter,14,6,16.,1,false,true,false,true,70.,60.,66.,52.,12.5271083117
1.26639736225,Voter,14,6,21.,1,false,true,false,true,70.,60.,66.,52.,12.5280056084
1.26639736225,Voter,14,6,26.,1,false,true,false,true,70.,60.,66.,52.,12.5280467312
1.26639736225,Voter,14,6,31.,1,false,true,false,true,70.,60.,66.,52.,12.5280486743
1.26639736225,Voter,14,6,36.,1,false,true,false,true,70.,60.,66.,52.,12.5280487684
1.26639736225,Voter,14,6,41.,1,false,true,false,true,70.,60.,66.,52.,12.5280487731
1.26639736225,Voter,14,6,46.,1,false,true,false,true,70.,60.,66.,52.,12.5280487733
1.26639736225,Voter,14,6,51.,1,false,true,false,true,70.,60.,66.,52.,12.5280487733
1.20340328537,Sample,14,7,1.,1,false,true,false,true,82.,70.,172.,134.,0.
1.20340328537,Sample,14,7,6.,1,false,true,false,true,184.,146.,182.,154.,11.7696492892
1.20340328537,Sample,14,7,11.,1,false,true,false,true,190.,152.,184.,156.,12.1839774596
1.20340328537,Sample,14,7,16.,1,false,true,false,true,190.,152.,184.,156.,12.1994401776
1.20340328537,Sample,14,7,21.,1,false,true,false,true,190.,152.,184.,156.,12.2000462417
1.20340328537,Sample,14,7,26.,1,false,true,false,true,190.,152.,184.,156.,12.2000709665
1.20340328537,Sample,14,7,31.,1,false,true,false,true,190.,152.,184.,156.,12.2000720084
1.20340328537,Sample,14,7,36.,1,false,true,false,true,190.,152.,184.,156.,12.2000720535
1.20340328537,Sample,14,7,41.,1,false,true,false,true,190.,152.,184.,156.,12.2000720554
1.20340328537,Sample,14,7,46.,1,false,true,false,true,190.,152.,184.,156.,12.2000720555
1.20340328537,Sample,14,7,51.,1,false,true,false,true,190.,152.,184.,156.,12.2000720555
0.991396251065,Voter,14,3,1.,1,false,true,false,true,2.,2.,6.,6.,0.
0.991396251065,Voter,14,3,6.,1,false,true,false,true,8.,8.,0.,0.,10.7151673694
0.991396251065,Voter,14,3,11.,1,false,true,false,true,8.,8.,0.,0.,10.9386356052
0.991396251065,Voter,14,3,16.,1,false,true,false,true,8.,8.,0.,0.,10.9437077009
0.991396251065,Voter,14,3,21.,1,false,true,false,true,8.,8.,0.,0.,10.9438307826
0.991396251065,Voter,14,3,26.,1,false,true,false,true,8.,8.,0.,0.,10.943833927
0.991396251065,Voter,14,3,31.,1,false,true,false,true,8.,8.,0.,0.,10.9438340105
0.991396251065,Voter,14,3,36.,1,false,true,false,true,8.,8.,0.,0.,10.9438340128
0.991396251065,Voter,14,3,41.,1,false,true,false,true,8.,8.,0.,0.,10.9438340129
0.991396251065,Voter,14,3,46.,1,false,true,false,true,8.,8.,0.,0.,10.9438340129
0.991396251065,Voter,14,3,51.,1,false,true,false,true,8.,8.,0.,0.,10.9438340129
1.04319960684,Sample,14,3,1.,1,false,true,false,true,0.,0.,14.,12.,0.
1.04319960684,Sample,14,3,6.,1,false,true,false,true,12.,12.,2.,2.,11.0030433159
1.04319960684,Sample,14,3,11.,1,false,true,false,true,12.,12.,2.,2.,11.2677860451
1.04319960684,Sample,14,3,16.,1,false,true,false,true,12.,12.,2.,2.,11.274664712
1.04319960684,Sample,14,3,21.,1,false,true,false,true,12.,12.,2.,2.,11.2748548256
1.04319960684,Sample,14,3,26.,1,false,true,false,true,12.,12.,2.,2.,11.27486034
1.04319960684,Sample,14,3,31.,1,false,true,false,true,12.,12.,2.,2.,11.2748605061
1.04319960684,Sample,14,3,36.,1,false,true,false,true,12.,12.,2.,2.,11.2748605113
1.04319960684,Sample,14,3,41.,1,false,true,false,true,12.,12.,2.,2.,11.2748605114
1.04319960684,Sample,14,3,46.,1,false,true,false,true,12.,12.,2.,2.,11.2748605114
1.04319960684,Sample,14,3,51.,1,false,true,false,true,12.,12.,2.,2.,11.2748605114
0.850378566145,Sample,14,4,1.,1,false,true,false,true,36.,32.,62.,52.,0.
0.850378566145,Sample,14,4,6.,1,false,true,false,true,86.,74.,88.,78.,9.81683599758
0.850378566145,Sample,14,4,11.,1,false,true,false,true,86.,74.,88.,78.,9.94686198415
0.850378566145,Sample,14,4,16.,1,false,true,false,true,86.,74.,88.,78.,9.94878962688
0.850378566145,Sample,14,4,21.,1,false,true,false,true,86.,74.,88.,78.,9.94882070134
0.850378566145,Sample,14,4,26.,1,false,true,false,true,86.,74.,88.,78.,9.94882123383
0.850378566145,Sample,14,4,31.,1,false,true,false,true,86.,74.,88.,78.,9.94882124338
0.850378566145,Sample,14,4,36.,1,false,true,false,true,86.,74.,88.,78.,9.94882124355
0.850378566145,Sample,14,4,41.,1,false,true,false,true,86.,74.,88.,78.,9.94882124356
0.850378566145,Sample,14,4,46.,1,false,true,false,true,86.,74.,88.,78.,9.94882124356
0.850378566145,Sample,14,4,51.,1,false,true,false,true,86.,74.,88.,78.,9.94882124356
1.19143784919,Sample,14,6,1.,1,false,true,false,true,82.,78.,144.,124.,0.
1.19143784919,Sample,14,6,6.,1,false,true,false,true,226.,186.,260.,208.,11.7183383984
1.19143784919,Sample,14,6,11.,1,false,true,false,true,230.,186.,260.,208.,12.1204172716
1.19143784919,Sample,14,6,16.,1,false,true,false,true,230.,186.,260.,208.,12.135059666
1.19143784919,Sample,14,6,21.,1,false,true,false,true,230.,186.,260.,208.,12.1356201465
1.19143784919,Sample,14,6,26.,1,false,true,false,true,230.,186.,260.,208.,12.135642489
1.19143784919,Sample,14,6,31.,1,false,true,false,true,230.,186.,260.,208.,12.1356434093
1.19143784919,Sample,14,6,36.,1,false,true,false,true,230.,186.,260.,208.,12.1356434482
1.19143784919,Sample,14,6,41.,1,false,true,false,true,230.,186.,260.,208.,12.1356434499
1.19143784919,Sample,14,6,46.,1,false,true,false,true,230.,186.,260.,208.,12.13564345
1.19143784919,Sample,14,6,51.,1,false,true,false,true,230.,186.,260.,208.,12.13564345
0.91373999754,Sample,14,4,1.,1,false,true,false,true,18.,18.,36.,32.,0.
0.91373999754,Sample,14,4,6.,1,false,true,false,true,70.,60.,60.,54.,10.2423802298
0.91373999754,Sample,14,4,11.,1,false,true,false,true,70.,60.,60.,54.,10.4109155084
0.91373999754,Sample,14,4,16.,1,false,true,false,true,70.,60.,60.,54.,10.413976201
0.91373999754,Sample,14,4,21.,1,false,true,false,true,70.,60.,60.,54.,10.4140361472
0.91373999754,Sample,14,4,26.,1,false,true,false,true,70.,60.,60.,54.,10.4140373896
0.91373999754,Sample,14,4,31.,1,false,true,false,true,70.,60.,60.,54.,10.4140374165
0.91373999754,Sample,14,4,36.,1,false,true,false,true,70.,60.,60.,54.,10.4140374171
0.91373999754,Sample,14,4,41.,1,false,true,false,true,70.,60.,60.,54.,10.4140374171
0.91373999754,Sample,14,4,46.,1,false,true,false,true,70.,60.,60.,54.,10.4140374171
0.91373999754,Sample,14,4,51.,1,false,true,false,true,70.,60.,60.,54.,10.4140374171
0.900672676079,Voter,14,5,1.,1,false,true,false,true,44.,40.,34.,30.,0.
0.900672676079,Voter,14,5,6.,1,false,true,false,true,58.,48.,28.,24.,10.157659253
0.900672676079,Voter,14,5,11.,1,false,true,false,true,58.,48.,28.,24.,10.3177853951
0.900672676079,Voter,14,5,16.,1,false,true,false,true,58.,48.,28.,24.,10.3205788043
0.900672676079,Voter,14,5,21.,1,false,true,false,true,58.,48.,28.,24.,10.3206314445
0.900672676079,Voter,14,5,26.,1,false,true,false,true,58.,48.,28.,24.,10.3206324951
0.900672676079,Voter,14,5,31.,1,false,true,false,true,58.,48.,28.,24.,10.320632517
0.900672676079,Voter,14,5,36.,1,false,true,false,true,58.,48.,28.,24.,10.3206325175
0.900672676079,Voter,14,5,41.,1,false,true,false,true,58.,48.,28.,24.,10.3206325175
0.900672676079,Voter,14,5,46.,1,false,true,false,true,58.,48.,28.,24.,10.3206325175
0.900672676079,Voter,14,5,51.,1,false,true,false,true,58.,48.,28.,24.,10.3206325175
0.906900852261,Sample,14,5,1.,1,false,true,false,true,50.,48.,94.,76.,0.
0.906900852261,Sample,14,5,6.,1,false,true,false,true,102.,78.,78.,68.,10.1982314678
0.906900852261,Sample,14,5,11.,1,false,true,false,true,106.,80.,78.,68.,10.3623353776
0.906900852261,Sample,14,5,16.,1,false,true,false,true,106.,80.,78.,68.,10.3652538525
0.906900852261,Sample,14,5,21.,1,false,true,false,true,106.,80.,78.,68.,10.3653098758
0.906900852261,Sample,14,5,26.,1,false,true,false,true,106.,80.,78.,68.,10.3653110143
0.906900852261,Sample,14,5,31.,1,false,true,false,true,106.,80.,78.,68.,10.3653110385
0.906900852261,Sample,14,5,36.,1,false,true,false,true,106.,80.,78.,68.,10.365311039
0.906900852261,Sample,14,5,41.,1,false,true,false,true,106.,80.,78.,68.,10.365311039
0.906900852261,Sample,14,5,46.,1,false,true,false,true,106.,80.,78.,68.,10.365311039
0.906900852261,Sample,14,5,51.,1,false,true,false,true,106.,80.,78.,68.,10.365311039
0.960855461081,Sample,14,6,1.,1,false,true,false,true,64.,60.,108.,88.,0.
0.960855461081,Sample,14,6,6.,1,false,true,false,true,142.,108.,90.,74.,10.5353381903
0.960855461081,Sample,14,6,11.,1,false,true,false,true,142.,108.,90.,74.,10.7361960703
0.960855461081,Sample,14,6,16.,1,false,true,false,true,142.,108.,90.,74.,10.7403851444
0.960855461081,Sample,14,6,21.,1,false,true,false,true,142.,108.,90.,74.,10.7404788566
0.960855461081,Sample,14,6,26.,1,false,true,false,true,142.,108.,90.,74.,10.7404810679
0.960855461081,Sample,14,6,31.,1,false,true,false,true,142.,108.,90.,74.,10.7404811222
0.960855461081,Sample,14,6,36.,1,false,true,false,true,142.,108.,90.,74.,10.7404811236
0.960855461081,Sample,14,6,41.,1,false,true,false,true,142.,108.,90.,74.,10.7404811236
0.960855461081,Sample,14,6,46.,1,false,true,false,true,142.,108.,90.,74.,10.7404811236
0.960855461081,Sample,14,6,51.,1,false,true,false,true,142.,108.,90.,74.,10.7404811236
0.923674268495,Voter,14,5,1.,1,false,true,false,true,40.,38.,38.,34.,0.
0.923674268495,Voter,14,5,6.,1,false,true,false,true,70.,64.,20.,20.,10.3057640376
0.923674268495,Voter,14,5,11.,1,false,true,false,true,70.,64.,20.,20.,10.4808541615
0.923674268495,Voter,14,5,16.,1,false,true,false,true,70.,64.,20.,20.,10.4841307812
0.923674268495,Voter,14,5,21.,1,false,true,false,true,70.,64.,20.,20.,10.4841968331
0.923674268495,Voter,14,5,26.,1,false,true,false,true,70.,64.,20.,20.,10.4841982411
0.923674268495,Voter,14,5,31.,1,false,true,false,true,70.,64.,20.,20.,10.4841982724
0.923674268495,Voter,14,5,36.,1,false,true,false,true,70.,64.,20.,20.,10.4841982731
0.923674268495,Voter,14,5,41.,1,false,true,false,true,70.,64.,20.,20.,10.4841982732
0.923674268495,Voter,14,5,46.,1,false,true,false,true,70.,64.,20.,20.,10.4841982732
0.923674268495,Voter,14,5,51.,1,false,true,false,true,70.,64.,20.,20.,10.4841982732
1.22761352302,Sample,14,6,1.,1,false,true,false,true,52.,48.,96.,86.,0.
1.22761352302,Sample,14,6,6.,1,false,true,false,true,138.,116.,102.,102.,11.8707478045
1.22761352302,Sample,14,6,11.,1,false,true,false,true,142.,120.,102.,102.,12.3103566769
1.22761352302,Sample,14,6,16.,1,false,true,false,true,142.,120.,102.,102.,12.3275775405
1.22761352302,Sample,14,6,21.,1,false,true,false,true,142.,120.,102.,102.,12.3282848972
1.22761352302,Sample,14,6,26.,1,false,true,false,true,142.,120.,102.,102.,12.3283151057
1.22761352302,Sample,14,6,31.,1,false,true,false,true,142.,120.,102.,102.,12.3283164373
1.22761352302,Sample,14,6,36.,1,false,true,false,true,142.,120.,102.,102.,12.3283164975
1.22761352302,Sample,14,6,41.,1,false,true,false,true,142.,120.,102.,102.,12.3283165003
1.22761352302,Sample,14,6,46.,1,false,true,false,true,142.,120.,102.,102.,12.3283165004
1.22761352302,Sample,14,6,51.,1,false,true,false,true,142.,120.,102.,102.,12.3283165004
0.826268444866,Sample,14,3,1.,1,false,true,false,true,32.,32.,50.,40.,0.
0.826268444866,Sample,14,3,6.,1,false,true,false,true,56.,50.,54.,52.,9.64482831876
0.826268444866,Sample,14,3,11.,1,false,true,false,true,56.,50.,54.,52.,9.76170072824
0.826268444866,Sample,14,3,16.,1,false,true,false,true,56.,50.,54.,52.,9.76329556665
0.826268444866,Sample,14,3,21.,1,false,true,false,true,56.,50.,54.,52.,9.76331931248
0.826268444866,Sample,14,3,26.,1,false,true,false,true,56.,50.,54.,52.,9.763319689
0.826268444866,Sample,14,3,31.,1,false,true,false,true,56.,50.,54.,52.,9.76331969525
0.826268444866,Sample,14,3,36.,1,false,true,false,true,56.,50.,54.,52.,9.76331969536
0.826268444866,Sample,14,3,41.,1,false,true,false,true,56.,50.,54.,52.,9.76331969536
0.826268444866,Sample,14,3,46.,1,false,true,false,true,56.,50.,54.,52.,9.76331969536
0.826268444866,Sample,14,3,51.,1,false,true,false,true,56.,50.,54.,52.,9.76331969536
1.30684097804,Voter,14,7,1.,1,false,true,false,true,36.,30.,62.,54.,0.
1.30684097804,Voter,14,7,6.,1,false,true,false,true,98.,82.,48.,46.,12.1772785379
1.30684097804,Voter,14,7,11.,1,false,true,false,true,100.,84.,50.,48.,12.7040323169
1.30684097804,Voter,14,7,16.,1,false,true,false,true,100.,84.,50.,48.,12.7279803623
1.30684097804,Voter,14,7,21.,1,false,true,false,true,100.,84.,50.,48.,12.7291165739
1.30684097804,Voter,14,7,26.,1,false,true,false,true,100.,84.,50.,48.,12.7291724357
1.30684097804,Voter,14,7,31.,1,false,true,false,true,100.,84.,50.,48.,12.729175264
1.30684097804,Voter,14,7,36.,1,false,true,false,true,100.,84.,50.,48.,12.7291754107
1.30684097804,Voter,14,7,41.,1,false,true,false,true,100.,84.,50.,48.,12.7291754185
1.30684097804,Voter,14,7,46.,1,false,true,false,true,100.,84.,50.,48.,12.7291754189
1.30684097804,Voter,14,7,51.,1,false,true,false,true,100.,84.,50.,48.,12.7291754189
0.956860991351,Voter,14,3,1.,1,false,true,false,true,18.,16.,22.,20.,0.
0.956860991351,Voter,14,3,6.,1,false,true,false,true,24.,22.,24.,22.,10.5112430844
0.956860991351,Voter,14,3,11.,1,false,true,false,true,26.,24.,22.,20.,10.7092396548
0.956860991351,Voter,14,3,16.,1,false,true,false,true,26.,24.,22.,20.,10.7133224411
0.956860991351,Voter,14,3,21.,1,false,true,false,true,26.,24.,22.,20.,10.7134127844
0.956860991351,Voter,14,3,26.,1,false,true,false,true,26.,24.,22.,20.,10.7134148936
0.956860991351,Voter,14,3,31.,1,false,true,false,true,26.,24.,22.,20.,10.7134149449
0.956860991351,Voter,14,3,36.,1,false,true,false,true,26.,24.,22.,20.,10.7134149462
0.956860991351,Voter,14,3,41.,1,false,true,false,true,26.,24.,22.,20.,10.7134149462
0.956860991351,Voter,14,3,46.,1,false,true,false,true,26.,24.,22.,20.,10.7134149462
0.956860991351,Voter,14,3,51.,1,false,true,false,true,26.,24.,22.,20.,10.7134149462
1.15088647131,Sample,14,7,1.,1,false,true,false,true,52.,52.,112.,94.,0.
1.15088647131,Sample,14,7,6.,1,false,true,false,true,202.,168.,178.,170.,11.5376173037
1.15088647131,Sample,14,7,11.,1,false,true,false,true,202.,168.,178.,170.,11.8994268108
1.15088647131,Sample,14,7,16.,1,false,true,false,true,202.,168.,178.,170.,11.9115185075
1.15088647131,Sample,14,7,21.,1,false,true,false,true,202.,168.,178.,170.,11.9119445102
1.15088647131,Sample,14,7,26.,1,false,true,false,true,202.,168.,178.,170.,11.9119601708
1.15088647131,Sample,14,7,31.,1,false,true,false,true,202.,168.,178.,170.,11.9119607664
1.15088647131,Sample,14,7,36.,1,false,true,false,true,202.,168.,178.,170.,11.9119607897
1.15088647131,Sample,14,7,41.,1,false,true,false,true,202.,168.,178.,170.,11.9119607906
1.15088647131,Sample,14,7,46.,1,false,true,false,true,202.,168.,178.,170.,11.9119607907
1.15088647131,Sample,14,7,51.,1,false,true,false,true,202.,168.,178.,170.,11.9119607907
1.18313263868,Voter,14,7,1.,1,false,true,false,true,60.,48.,68.,64.,0.
1.18313263868,Voter,14,7,6.,1,false,true,false,true,102.,86.,42.,38.,11.6821909289
1.18313263868,Voter,14,7,11.,1,false,true,false,true,102.,86.,42.,38.,12.0758646736
1.18313263868,Voter,14,7,16.,1,false,true,false,true,102.,86.,42.,38.,12.0899561442
1.18313263868,Voter,14,7,21.,1,false,true,false,true,102.,86.,42.,38.,12.0904866324
1.18313263868,Voter,14,7,26.,1,false,true,false,true,102.,86.,42.,38.,12.0905074385
1.18313263868,Voter,14,7,31.,1,false,true,false,true,102.,86.,42.,38.,12.0905082818
1.18313263868,Voter,14,7,36.,1,false,true,false,true,102.,86.,42.,38.,12.090508317
1.18313263868,Voter,14,7,41.,1,false,true,false,true,102.,86.,42.,38.,12.0905083184
1.18313263868,Voter,14,7,46.,1,false,true,false,true,102.,86.,42.,38.,12.0905083185
1.18313263868,Voter,14,7,51.,1,false,true,false,true,102.,86.,42.,38.,12.0905083185
1.00975583116,Voter,14,6,1.,1,false,true,false,true,52.,50.,58.,50.,0.
1.00975583116,Voter,14,6,6.,1,false,true,false,true,82.,70.,44.,42.,10.8196115874
1.00975583116,Voter,14,6,11.,1,false,true,false,true,82.,70.,44.,42.,11.0572910411
1.00975583116,Voter,14,6,16.,1,false,true,false,true,82.,70.,44.,42.,11.0629569773
1.00975583116,Voter,14,6,21.,1,false,true,false,true,82.,70.,44.,42.,11.063101115
1.00975583116,Voter,14,6,26.,1,false,true,false,true,82.,70.,44.,42.,11.0631049709
1.00975583116,Voter,14,6,31.,1,false,true,false,true,82.,70.,44.,42.,11.0631050781
1.00975583116,Voter,14,6,36.,1,false,true,false,true,82.,70.,44.,42.,11.0631050812
1.00975583116,Voter,14,6,41.,1,false,true,false,true,82.,70.,44.,42.,11.0631050813
1.00975583116,Voter,14,6,46.,1,false,true,false,true,82.,70.,44.,42.,11.0631050813
1.00975583116,Voter,14,6,51.,1,false,true,false,true,82.,70.,44.,42.,11.0631050813
1.27968974073,Voter,14,3,1.,1,false,true,false,true,0.,0.,6.,6.,0.
1.27968974073,Voter,14,3,6.,1,false,true,false,true,6.,6.,0.,0.,12.0762975808
1.27968974073,Voter,14,3,11.,1,false,true,false,true,6.,6.,0.,0.,12.5724516722
1.27968974073,Voter,14,3,16.,1,false,true,false,true,6.,6.,0.,0.,12.593920418
1.27968974073,Voter,14,3,21.,1,false,true,false,true,6.,6.,0.,0.,12.5948913709
1.27968974073,Voter,14,3,26.,1,false,true,false,true,6.,6.,0.,0.,12.5949369254
1.27968974073,Voter,14,3,31.,1,false,true,false,true,6.,6.,0.,0.,12.5949391281
1.27968974073,Voter,14,3,36.,1,false,true,false,true,6.,6.,0.,0.,12.5949392373
1.27968974073,Voter,14,3,41.,1,false,true,false,true,6.,6.,0.,0.,12.5949392428
1.27968974073,Voter,14,3,46.,1,false,true,false,true,6.,6.,0.,0.,12.5949392431
1.27968974073,Voter,14,3,51.,1,false,true,false,true,6.,6.,0.,0.,12.5949392431
0.953521398917,Sample,14,3,1.,1,false,true,false,true,20.,20.,32.,30.,0.
0.953521398917,Sample,14,3,6.,1,false,true,false,true,30.,28.,26.,26.,10.4909945409
0.953521398917,Sample,14,3,11.,1,false,true,false,true,30.,28.,26.,26.,10.686616026
0.953521398917,Sample,14,3,16.,1,false,true,false,true,30.,28.,26.,26.,10.6906115235
0.953521398917,Sample,14,3,21.,1,false,true,false,true,30.,28.,26.,26.,10.6906991281
0.953521398917,Sample,14,3,26.,1,false,true,false,true,30.,28.,26.,26.,10.6907011552
0.953521398917,Sample,14,3,31.,1,false,true,false,true,30.,28.,26.,26.,10.6907012041
0.953521398917,Sample,14,3,36.,1,false,true,false,true,30.,28.,26.,26.,10.6907012053
0.953521398917,Sample,14,3,41.,1,false,true,false,true,30.,28.,26.,26.,10.6907012053
0.953521398917,Sample,14,3,46.,1,false,true,false,true,30.,28.,26.,26.,10.6907012053
0.953521398917,Sample,14,3,51.,1,false,true,false,true,30.,28.,26.,26.,10.6907012053
1.28516723791,Sample,14,7,1.,1,false,true,false,true,66.,56.,168.,130.,0.
1.28516723791,Sample,14,7,6.,1,false,true,false,true,222.,182.,248.,206.,12.0970031206
1.28516723791,Sample,14,7,11.,1,false,true,false,true,246.,200.,244.,202.,12.5992703793
1.28516723791,Sample,14,7,16.,1,false,true,false,true,246.,200.,244.,202.,12.6212243372
1.28516723791,Sample,14,7,21.,1,false,true,false,true,246.,200.,244.,202.,12.6222269964
1.28516723791,Sample,14,7,26.,1,false,true,false,true,246.,200.,244.,202.,12.6222744903
1.28516723791,Sample,14,7,31.,1,false,true,false,true,246.,200.,244.,202.,12.6222768085
1.28516723791,Sample,14,7,36.,1,false,true,false,true,246.,200.,244.,202.,12.6222769244
1.28516723791,Sample,14,7,41.,1,false,true,false,true,246.,200.,244.,202.,12.6222769304
1.28516723791,Sample,14,7,46.,1,false,true,false,true,246.,200.,244.,202.,12.6222769307
1.28516723791,Sample,14,7,51.,1,false,true,false,true,246.,200.,244.,202.,12.6222769307
1.22214718826,Sample,14,4,1.,1,false,true,false,true,4.,4.,24.,20.,0.
1.22214718826,Sample,14,4,6.,1,false,true,false,true,32.,28.,20.,20.,11.8482355842
1.22214718826,Sample,14,4,11.,1,false,true,false,true,32.,28.,20.,20.,12.2820791286
1.22214718826,Sample,14,4,16.,1,false,true,false,true,32.,28.,20.,20.,12.298891339
1.22214718826,Sample,14,4,21.,1,false,true,false,true,32.,28.,20.,20.,12.2995747248
1.22214718826,Sample,14,4,26.,1,false,true,false,true,32.,28.,20.,20.,12.299603613
1.22214718826,Sample,14,4,31.,1,false,true,false,true,32.,28.,20.,20.,12.2996048737
1.22214718826,Sample,14,4,36.,1,false,true,false,true,32.,28.,20.,20.,12.2996049301
1.22214718826,Sample,14,4,41.,1,false,true,false,true,32.,28.,20.,20.,12.2996049327
1.22214718826,Sample,14,4,46.,1,false,true,false,true,32.,28.,20.,20.,12.2996049328
1.22214718826,Sample,14,4,51.,1,false,true,false,true,32.,28.,20.,20.,12.2996049328
1.28488187143,Sample,14,3,1.,1,false,true,false,true,6.,6.,18.,16.,0.
1.28488187143,Sample,14,3,6.,1,false,true,false,true,16.,16.,8.,8.,12.0959286045
1.28488187143,Sample,14,3,11.,1,false,true,false,true,16.,16.,8.,8.,12.5978766223
1.28488187143,Sample,14,3,16.,1,false,true,false,true,16.,16.,8.,8.,12.6198051166
1.28488187143,Sample,14,3,21.,1,false,true,false,true,16.,16.,8.,8.,12.620806104
1.28488187143,Sample,14,3,26.,1,false,true,false,true,16.,16.,8.,8.,12.6208534953
1.28488187143,Sample,14,3,31.,1,false,true,false,true,16.,16.,8.,8.,12.6208558073
1.28488187143,Sample,14,3,36.,1,false,true,false,true,16.,16.,8.,8.,12.6208559229
1.28488187143,Sample,14,3,41.,1,false,true,false,true,16.,16.,8.,8.,12.6208559288
1.28488187143,Sample,14,3,46.,1,false,true,false,true,16.,16.,8.,8.,12.6208559291
1.28488187143,Sample,14,3,51.,1,false,true,false,true,16.,16.,8.,8.,12.6208559291
1.35490094033,Sample,14,6,1.,1,false,true,false,true,28.,24.,80.,66.,0.
1.35490094033,Sample,14,6,6.,1,false,true,false,true,164.,120.,172.,124.,12.3461440738
1.35490094033,Sample,14,6,11.,1,false,true,false,true,168.,124.,168.,122.,12.9288254456
1.35490094033,Sample,14,6,16.,1,false,true,false,true,168.,124.,168.,122.,12.9576302077
1.35490094033,Sample,14,6,21.,1,false,true,false,true,168.,124.,168.,122.,12.9591124163
1.35490094033,Sample,14,6,26.,1,false,true,false,true,168.,124.,168.,122.,12.9591913065
1.35490094033,Sample,14,6,31.,1,false,true,false,true,168.,124.,168.,122.,12.9591956251
1.35490094033,Sample,14,6,36.,1,false,true,false,true,168.,124.,168.,122.,12.9591958671
1.35490094033,Sample,14,6,41.,1,false,true,false,true,168.,124.,168.,122.,12.9591958809
1.35490094033,Sample,14,6,46.,1,false,true,false,true,168.,124.,168.,122.,12.9591958817
1.35490094033,Sample,14,6,51.,1,false,true,false,true,168.,124.,168.,122.,12.9591958818
1.28483490944,Voter,14,3,1.,1,false,true,false,true,2.,2.,10.,10.,0.
1.28483490944,Voter,14,3,6.,1,false,true,false,true,26.,26.,26.,26.,12.0957517301
1.28483490944,Voter,14,3,11.,1,false,true,false,true,26.,26.,26.,26.,12.5976472193
1.28483490944,Voter,14,3,16.,1,false,true,false,true,26.,26.,26.,26.,12.6195715251
1.28483490944,Voter,14,3,21.,1,false,true,false,true,26.,26.,26.,26.,12.6205722376
1.28483490944,Voter,14,3,26.,1,false,true,false,true,26.,26.,26.,26.,12.6206196119
1.28483490944,Voter,14,3,31.,1,false,true,false,true,26.,26.,26.,26.,12.6206219229
1.28483490944,Voter,14,3,36.,1,false,true,false,true,26.,26.,26.,26.,12.6206220385
1.28483490944,Voter,14,3,41.,1,false,true,false,true,26.,26.,26.,26.,12.6206220444
1.28483490944,Voter,14,3,46.,1,false,true,false,true,26.,26.,26.,26.,12.6206220447
1.28483490944,Voter,14,3,51.,1,false,true,false,true,26.,26.,26.,26.,12.6206220447
1.04698459858,Voter,14,7,1.,1,false,true,false,true,26.,24.,66.,50.,0.
1.04698459858,Voter,14,7,6.,1,false,true,false,true,68.,60.,32.,28.,11.0232608869
1.04698459858,Voter,14,7,11.,1,false,true,false,true,70.,62.,34.,30.,11.2911610198
1.04698459858,Voter,14,7,16.,1,false,true,false,true,70.,62.,34.,30.,11.2981881079
1.04698459858,Voter,14,7,21.,1,false,true,false,true,70.,62.,34.,30.,11.298384107
1.04698459858,Voter,14,7,26.,1,false,true,false,true,70.,62.,34.,30.,11.2983898431
1.04698459858,Voter,14,7,31.,1,false,true,false,true,70.,62.,34.,30.,11.2983900174
1.04698459858,Voter,14,7,36.,1,false,true,false,true,70.,62.,34.,30.,11.2983900229
1.04698459858,Voter,14,7,41.,1,false,true,false,true,70.,62.,34.,30.,11.298390023
1.04698459858,Voter,14,7,46.,1,false,true,false,true,70.,62.,34.,30.,11.2983900231
1.04698459858,Voter,14,7,51.,1,false,true,false,true,70.,62.,34.,30.,11.2983900231
1.19989636671,Sample,14,3,1.,1,false,true,false,true,2.,2.,10.,10.,0.
1.19989636671,Sample,14,3,6.,1,false,true,false,true,12.,12.,0.,0.,11.7547039161
1.19989636671,Sample,14,3,11.,1,false,true,false,true,12.,12.,0.,0.,12.165424976
1.19989636671,Sample,14,3,16.,1,false,true,false,true,12.,12.,0.,0.,12.1806439849
1.19989636671,Sample,14,3,21.,1,false,true,false,true,12.,12.,0.,0.,12.1812363925
1.19989636671,Sample,14,3,26.,1,false,true,false,true,12.,12.,0.,0.,12.1812603978
1.19989636671,Sample,14,3,31.,1,false,true,false,true,12.,12.,0.,0.,12.1812614027
1.19989636671,Sample,14,3,36.,1,false,true,false,true,12.,12.,0.,0.,12.1812614459
1.19989636671,Sample,14,3,41.,1,false,true,false,true,12.,12.,0.,0.,12.1812614478
1.19989636671,Sample,14,3,46.,1,false,true,false,true,12.,12.,0.,0.,12.1812614478
1.19989636671,Sample,14,3,51.,1,false,true,false,true,12.,12.,0.,0.,12.1812614478
0.843404935164,Sample,14,5,1.,1,false,true,false,true,66.,62.,110.,94.,0.
0.843404935164,Sample,14,5,6.,1,false,true,false,true,200.,144.,228.,156.,9.76767327405
0.843404935164,Sample,14,5,11.,1,false,true,false,true,202.,144.,230.,156.,9.89380982246
0.843404935164,Sample,14,5,16.,1,false,true,false,true,202.,144.,230.,156.,9.89563613246
0.843404935164,Sample,14,5,21.,1,false,true,false,true,202.,144.,230.,156.,9.89566491379
0.843404935164,Sample,14,5,26.,1,false,true,false,true,202.,144.,230.,156.,9.89566539618
0.843404935164,Sample,14,5,31.,1,false,true,false,true,202.,144.,230.,156.,9.89566540464
0.843404935164,Sample,14,5,36.,1,false,true,false,true,202.,144.,230.,156.,9.8956654048
0.843404935164,Sample,14,5,41.,1,false,true,false,true,202.,144.,230.,156.,9.8956654048
0.843404935164,Sample,14,5,46.,1,false,true,false,true,202.,144.,230.,156.,9.8956654048
0.843404935164,Sample,14,5,51.,1,false,true,false,true,202.,144.,230.,156.,9.8956654048
1.27258532612,Voter,14,4,1.,1,false,true,false,true,12.,10.,12.,12.,0.
1.27258532612,Voter,14,4,6.,1,false,true,false,true,26.,24.,6.,6.,12.0491874479
1.27258532612,Voter,14,4,11.,1,false,true,false,true,26.,24.,6.,6.,12.5374586099
1.27258532612,Voter,14,4,16.,1,false,true,false,true,26.,24.,6.,6.,12.5583091333
1.27258532612,Voter,14,4,21.,1,false,true,false,true,26.,24.,6.,6.,12.5592401478
1.27258532612,Voter,14,4,26.,1,false,true,false,true,26.,24.,6.,6.,12.5592832864
1.27258532612,Voter,14,4,31.,1,false,true,false,true,26.,24.,6.,6.,12.5592853467
1.27258532612,Voter,14,4,36.,1,false,true,false,true,26.,24.,6.,6.,12.5592854476
1.27258532612,Voter,14,4,41.,1,false,true,false,true,26.,24.,6.,6.,12.5592854527
1.27258532612,Voter,14,4,46.,1,false,true,false,true,26.,24.,6.,6.,12.5592854529
1.27258532612,Voter,14,4,51.,1,false,true,false,true,26.,24.,6.,6.,12.5592854529
1.08653072487,Voter,14,7,1.,1,false,true,false,true,34.,32.,50.,50.,0.
1.08653072487,Voter,14,7,6.,1,false,true,false,true,82.,68.,22.,22.,11.2281088532
1.08653072487,Voter,14,7,11.,1,false,true,false,true,82.,68.,22.,22.,11.530126226
1.08653072487,Voter,14,7,16.,1,false,true,false,true,82.,68.,22.,22.,11.5388485352
1.08653072487,Voter,14,7,21.,1,false,true,false,true,82.,68.,22.,22.,11.5391154572
1.08653072487,Voter,14,7,26.,1,false,true,false,true,82.,68.,22.,22.,11.5391240091
1.08653072487,Voter,14,7,31.,1,false,true,false,true,82.,68.,22.,22.,11.5391242932
1.08653072487,Voter,14,7,36.,1,false,true,false,true,82.,68.,22.,22.,11.5391243029
1.08653072487,Voter,14,7,41.,1,false,true,false,true,82.,68.,22.,22.,11.5391243032
1.08653072487,Voter,14,7,46.,1,false,true,false,true,82.,68.,22.,22.,11.5391243033
1.08653072487,Voter,14,7,51.,1,false,true,false,true,82.,68.,22.,22.,11.5391243033
1.16483835008,Sample,14,3,1.,1,false,true,false,true,6.,6.,12.,12.,0.
1.16483835008,Sample,14,3,6.,1,false,true,false,true,16.,12.,6.,6.,11.6010034672
1.16483835008,Sample,14,3,11.,1,false,true,false,true,16.,12.,6.,6.,11.9764478094
1.16483835008,Sample,14,3,16.,1,false,true,false,true,16.,12.,6.,6.,11.9893779733
1.16483835008,Sample,14,3,21.,1,false,true,false,true,16.,12.,6.,6.,11.9898469291
1.16483835008,Sample,14,3,26.,1,false,true,false,true,16.,12.,6.,6.,11.9898646643
1.16483835008,Sample,14,3,31.,1,false,true,false,true,16.,12.,6.,6.,11.9898653579
1.16483835008,Sample,14,3,36.,1,false,true,false,true,16.,12.,6.,6.,11.9898653857
1.16483835008,Sample,14,3,41.,1,false,true,false,true,16.,12.,6.,6.,11.9898653869
1.16483835008,Sample,14,3,46.,1,false,true,false,true,16.,12.,6.,6.,11.9898653869
1.16483835008,Sample,14,3,51.,1,false,true,false,true,16.,12.,6.,6.,11.9898653869
0.998861475308,Voter,14,5,1.,1,false,true,false,true,18.,18.,38.,30.,0.
0.998861475308,Voter,14,5,6.,1,false,true,false,true,44.,38.,8.,8.,10.7579619174
0.998861475308,Voter,14,5,11.,1,false,true,false,true,44.,38.,8.,8.,10.9871529004
0.998861475308,Voter,14,5,16.,1,false,true,false,true,44.,38.,8.,8.,10.9924605473
0.998861475308,Voter,14,5,21.,1,false,true,false,true,44.,38.,8.,8.,10.9925918605
0.998861475308,Voter,14,5,26.,1,false,true,false,true,44.,38.,8.,8.,10.9925952791
0.998861475308,Voter,14,5,31.,1,false,true,false,true,44.,38.,8.,8.,10.9925953717
0.998861475308,Voter,14,5,36.,1,false,true,false,true,44.,38.,8.,8.,10.9925953743
0.998861475308,Voter,14,5,41.,1,false,true,false,true,44.,38.,8.,8.,10.9925953743
0.998861475308,Voter,14,5,46.,1,false,true,false,true,44.,38.,8.,8.,10.9925953743
0.998861475308,Voter,14,5,51.,1,false,true,false,true,44.,38.,8.,8.,10.9925953743
1.08316756788,Voter,14,5,1.,1,false,true,false,true,22.,22.,26.,26.,0.
1.08316756788,Voter,14,5,6.,1,false,true,false,true,40.,38.,8.,8.,11.2111339964
1.08316756788,Voter,14,5,11.,1,false,true,false,true,40.,38.,8.,8.,11.510170626
1.08316756788,Voter,14,5,16.,1,false,true,false,true,40.,38.,8.,8.,11.5187381872
1.08316756788,Voter,14,5,21.,1,false,true,false,true,40.,38.,8.,8.,11.5189983638
1.08316756788,Voter,14,5,26.,1,false,true,false,true,40.,38.,8.,8.,11.5190066372
1.08316756788,Voter,14,5,31.,1,false,true,false,true,40.,38.,8.,8.,11.51900691
1.08316756788,Voter,14,5,36.,1,false,true,false,true,40.,38.,8.,8.,11.5190069193
1.08316756788,Voter,14,5,41.,1,false,true,false,true,40.,38.,8.,8.,11.5190069196
1.08316756788,Voter,14,5,46.,1,false,true,false,true,40.,38.,8.,8.,11.5190069196
1.08316756788,Voter,14,5,51.,1,false,true,false,true,40.,38.,8.,8.,11.5190069196
1.36752894283,Voter,14,3,1.,1,false,true,false,true,0.,0.,8.,6.,0.
1.36752894283,Voter,14,3,6.,1,false,true,false,true,8.,6.,0.,0.,12.3884922667
1.36752894283,Voter,14,3,11.,1,false,true,false,true,8.,6.,0.,0.,12.9862256202
1.36752894283,Voter,14,3,16.,1,false,true,false,true,8.,6.,0.,0.,13.0164089892
1.36752894283,Voter,14,3,21.,1,false,true,false,true,8.,6.,0.,0.,13.017994476
1.36752894283,Voter,14,3,26.,1,false,true,false,true,8.,6.,0.,0.,13.0180805805
1.36752894283,Voter,14,3,31.,1,false,true,false,true,8.,6.,0.,0.,13.0180853884
1.36752894283,Voter,14,3,36.,1,false,true,false,true,8.,6.,0.,0.,13.0180856631
1.36752894283,Voter,14,3,41.,1,false,true,false,true,8.,6.,0.,0.,13.0180856791
1.36752894283,Voter,14,3,46.,1,false,true,false,true,8.,6.,0.,0.,13.0180856801
1.36752894283,Voter,14,3,51.,1,false,true,false,true,8.,6.,0.,0.,13.0180856801
1.27358240512,Sample,14,3,1.,1,false,true,false,true,6.,6.,18.,18.,0.
1.27358240512,Sample,14,3,6.,1,false,true,false,true,20.,18.,8.,8.,12.0530096875
1.27358240512,Sample,14,3,11.,1,false,true,false,true,20.,18.,8.,8.,12.5423840415
1.27358240512,Sample,14,3,16.,1,false,true,false,true,20.,18.,8.,8.,12.5633205773
1.27358240512,Sample,14,3,21.,1,false,true,false,true,20.,18.,8.,8.,12.5642571173
1.27358240512,Sample,14,3,26.,1,false,true,false,true,20.,18.,8.,8.,12.5643005882
1.27358240512,Sample,14,3,31.,1,false,true,false,true,20.,18.,8.,8.,12.5643026681
1.27358240512,Sample,14,3,36.,1,false,true,false,true,20.,18.,8.,8.,12.5643027701
1.27358240512,Sample,14,3,41.,1,false,true,false,true,20.,18.,8.,8.,12.5643027752
1.27358240512,Sample,14,3,46.,1,false,true,false,true,20.,18.,8.,8.,12.5643027754
1.27358240512,Sample,14,3,51.,1,false,true,false,true,20.,18.,8.,8.,12.5643027755
1.10193108432,Voter,14,5,1.,1,false,true,false,true,12.,12.,20.,20.,0.
1.10193108432,Voter,14,5,6.,1,false,true,false,true,30.,28.,2.,2.,11.304803235
1.10193108432,Voter,14,5,11.,1,false,true,false,true,30.,28.,2.,2.,11.6206552165
1.10193108432,Voter,14,5,16.,1,false,true,false,true,30.,28.,2.,2.,11.6301122953
1.10193108432,Voter,14,5,21.,1,false,true,false,true,30.,28.,2.,2.,11.6304119509
1.10193108432,Voter,14,5,26.,1,false,true,false,true,30.,28.,2.,2.,11.6304218833
1.10193108432,Voter,14,5,31.,1,false,true,false,true,30.,28.,2.,2.,11.6304222245
1.10193108432,Voter,14,5,36.,1,false,true,false,true,30.,28.,2.,2.,11.6304222365
1.10193108432,Voter,14,5,41.,1,false,true,false,true,30.,28.,2.,2.,11.630422237
1.10193108432,Voter,14,5,46.,1,false,true,false,true,30.,28.,2.,2.,11.630422237
1.10193108432,Voter,14,5,51.,1,false,true,false,true,30.,28.,2.,2.,11.630422237
0.825393967892,Voter,14,4,1.,1,false,true,false,true,8.,8.,12.,10.,0.
0.825393967892,Voter,14,4,6.,1,false,true,false,true,18.,16.,6.,6.,9.63848104978
0.825393967892,Voter,14,4,11.,1,false,true,false,true,18.,16.,6.,6.,9.75489188166
0.825393967892,Voter,14,4,16.,1,false,true,false,true,18.,16.,6.,6.,9.75647555384
0.825393967892,Voter,14,4,21.,1,false,true,false,true,18.,16.,6.,6.,9.75649906416
0.825393967892,Voter,14,4,26.,1,false,true,false,true,18.,16.,6.,6.,9.75649943587
0.825393967892,Voter,14,4,31.,1,false,true,false,true,18.,16.,6.,6.,9.75649944203
0.825393967892,Voter,14,4,36.,1,false,true,false,true,18.,16.,6.,6.,9.75649944213
0.825393967892,Voter,14,4,41.,1,false,true,false,true,18.,16.,6.,6.,9.75649944213
0.825393967892,Voter,14,4,46.,1,false,true,false,true,18.,16.,6.,6.,9.75649944213
0.825393967892,Voter,14,4,51.,1,false,true,false,true,18.,16.,6.,6.,9.75649944213
1.21108836359,Sample,14,6,1.,1,false,true,false,true,48.,48.,98.,84.,0.
1.21108836359,Sample,14,6,6.,1,false,true,false,true,118.,100.,88.,88.,11.802132543
1.21108836359,Sample,14,6,11.,1,false,true,false,true,124.,106.,86.,86.,12.2244142385
1.21108836359,Sample,14,6,16.,1,false,true,false,true,124.,106.,86.,86.,12.2404206401
1.21108836359,Sample,14,6,21.,1,false,true,false,true,124.,106.,86.,86.,12.2410575118
1.21108836359,Sample,14,6,26.,1,false,true,false,true,124.,106.,86.,86.,12.2410838776
1.21108836359,Sample,14,6,31.,1,false,true,false,true,124.,106.,86.,86.,12.2410850047
1.21108836359,Sample,14,6,36.,1,false,true,false,true,124.,106.,86.,86.,12.2410850542
1.21108836359,Sample,14,6,41.,1,false,true,false,true,124.,106.,86.,86.,12.2410850564
1.21108836359,Sample,14,6,46.,1,false,true,false,true,124.,106.,86.,86.,12.2410850565
1.21108836359,Sample,14,6,51.,1,false,true,false,true,124.,106.,86.,86.,12.2410850565
1.02758319963,Sample,14,4,1.,1,false,true,false,true,26.,26.,60.,50.,0.
1.02758319963,Sample,14,4,6.,1,false,true,false,true,104.,84.,114.,86.,10.9184708028
1.02758319963,Sample,14,4,11.,1,false,true,false,true,110.,84.,116.,86.,11.1703888972
1.02758319963,Sample,14,4,16.,1,false,true,false,true,110.,84.,116.,86.,11.1766795715
1.02758319963,Sample,14,4,21.,1,false,true,false,true,110.,84.,116.,86.,11.1768469132
1.02758319963,Sample,14,4,26.,1,false,true,false,true,110.,84.,116.,86.,11.1768515894
1.02758319963,Sample,14,4,31.,1,false,true,false,true,110.,84.,116.,86.,11.1768517252
1.02758319963,Sample,14,4,36.,1,false,true,false,true,110.,84.,116.,86.,11.1768517292
1.02758319963,Sample,14,4,41.,1,false,true,false,true,110.,84.,116.,86.,11.1768517293
1.02758319963,Sample,14,4,46.,1,false,true,false,true,110.,84.,116.,86.,11.1768517293
1.02758319963,Sample,14,4,51.,1,false,true,false,true,110.,84.,116.,86.,11.1768517293
1.25925244413,Voter,14,3,1.,1,false,true,false,true,8.,8.,10.,10.,0.
1.25925244413,Voter,14,3,6.,1,false,true,false,true,18.,16.,0.,0.,11.9975252952
1.25925244413,Voter,14,3,11.,1,false,true,false,true,18.,16.,0.,0.,12.4711444016
1.25925244413,Voter,14,3,16.,1,false,true,false,true,18.,16.,0.,0.,12.4908681885
1.25925244413,Voter,14,3,21.,1,false,true,false,true,18.,16.,0.,0.,12.491727763
1.25925244413,Voter,14,3,26.,1,false,true,false,true,18.,16.,0.,0.,12.4917666576
1.25925244413,Voter,14,3,31.,1,false,true,false,true,18.,16.,0.,0.,12.4917684724
1.25925244413,Voter,14,3,36.,1,false,true,false,true,18.,16.,0.,0.,12.4917685593
1.25925244413,Voter,14,3,41.,1,false,true,false,true,18.,16.,0.,0.,12.4917685635
1.25925244413,Voter,14,3,46.,1,false,true,false,true,18.,16.,0.,0.,12.4917685637
1.25925244413,Voter,14,3,51.,1,false,true,false,true,18.,16.,0.,0.,12.4917685637
1.06737406015,Voter,14,4,1.,1,false,true,false,true,6.,6.,20.,16.,0.
1.06737406015,Voter,14,4,6.,1,false,true,false,true,18.,16.,12.,12.,11.1303193891
1.06737406015,Voter,14,4,11.,1,false,true,false,true,18.,16.,12.,12.,11.4155543608
1.06737406015,Voter,14,4,16.,1,false,true,false,true,18.,16.,12.,12.,11.423421927
1.06737406015,Voter,14,4,21.,1,false,true,false,true,18.,16.,12.,12.,11.4236522588
1.06737406015,Voter,14,4,26.,1,false,true,false,true,18.,16.,12.,12.,11.4236593261
1.06737406015,Voter,14,4,31.,1,false,true,false,true,18.,16.,12.,12.,11.4236595511
1.06737406015,Voter,14,4,36.,1,false,true,false,true,18.,16.,12.,12.,11.4236595584
1.06737406015,Voter,14,4,41.,1,false,true,false,true,18.,16.,12.,12.,11.4236595587
1.06737406015,Voter,14,4,46.,1,false,true,false,true,18.,16.,12.,12.,11.4236595587
1.06737406015,Voter,14,4,51.,1,false,true,false,true,18.,16.,12.,12.,11.4236595587
0.94909671574,Sample,14,6,1.,1,false,true,false,true,32.,32.,102.,86.,0.
0.94909671574,Sample,14,6,6.,1,false,true,false,true,166.,130.,176.,142.,10.4640206722
0.94909671574,Sample,14,6,11.,1,false,true,false,true,174.,136.,176.,142.,10.6565194215
0.94909671574,Sample,14,6,16.,1,false,true,false,true,174.,136.,176.,142.,10.6604014495
0.94909671574,Sample,14,6,21.,1,false,true,false,true,174.,136.,176.,142.,10.6604855323
0.94909671574,Sample,14,6,26.,1,false,true,false,true,174.,136.,176.,142.,10.6604874547
0.94909671574,Sample,14,6,31.,1,false,true,false,true,174.,136.,176.,142.,10.6604875005
0.94909671574,Sample,14,6,36.,1,false,true,false,true,174.,136.,176.,142.,10.6604875017
0.94909671574,Sample,14,6,41.,1,false,true,false,true,174.,136.,176.,142.,10.6604875017
0.94909671574,Sample,14,6,46.,1,false,true,false,true,174.,136.,176.,142.,10.6604875017
0.94909671574,Sample,14,6,51.,1,false,true,false,true,174.,136.,176.,142.,10.6604875017
1.15170355437,Sample,14,5,1.,1,false,true,false,true,30.,28.,62.,46.,0.
1.15170355437,Sample,14,5,6.,1,false,true,false,true,86.,68.,78.,54.,11.5413649846
1.15170355437,Sample,14,5,11.,1,false,true,false,true,86.,68.,78.,54.,11.9039665503
1.15170355437,Sample,14,5,16.,1,false,true,false,true,86.,68.,78.,54.,11.9161062464
1.15170355437,Sample,14,5,21.,1,false,true,false,true,86.,68.,78.,54.,11.9165346738
1.15170355437,Sample,14,5,26.,1,false,true,false,true,86.,68.,78.,54.,11.9165504499
1.15170355437,Sample,14,5,31.,1,false,true,false,true,86.,68.,78.,54.,11.9165510509
1.15170355437,Sample,14,5,36.,1,false,true,false,true,86.,68.,78.,54.,11.9165510745
1.15170355437,Sample,14,5,41.,1,false,true,false,true,86.,68.,78.,54.,11.9165510754
1.15170355437,Sample,14,5,46.,1,false,true,false,true,86.,68.,78.,54.,11.9165510755
1.15170355437,Sample,14,5,51.,1,false,true,false,true,86.,68.,78.,54.,11.9165510755
1.02782231558,Sample,14,5,1.,1,false,true,false,true,16.,16.,48.,40.,0.
1.02782231558,Sample,14,5,6.,1,false,true,false,true,66.,58.,46.,46.,10.919779921
1.02782231558,Sample,14,5,11.,1,false,true,false,true,66.,58.,46.,46.,11.1718919168
1.02782231558,Sample,14,5,16.,1,false,true,false,true,66.,58.,46.,46.,11.1781913031
1.02782231558,Sample,14,5,21.,1,false,true,false,true,66.,58.,46.,46.,11.1783589758
1.02782231558,Sample,14,5,26.,1,false,true,false,true,66.,58.,46.,46.,11.1783636639
1.02782231558,Sample,14,5,31.,1,false,true,false,true,66.,58.,46.,46.,11.1783638001
1.02782231558,Sample,14,5,36.,1,false,true,false,true,66.,58.,46.,46.,11.1783638041
1.02782231558,Sample,14,5,41.,1,false,true,false,true,66.,58.,46.,46.,11.1783638043
1.02782231558,Sample,14,5,46.,1,false,true,false,true,66.,58.,46.,46.,11.1783638043
1.02782231558,Sample,14,5,51.,1,false,true,false,true,66.,58.,46.,46.,11.1783638043
1.10376402387,Sample,14,7,1.,1,false,true,false,true,96.,84.,188.,138.,0.
1.10376402387,Sample,14,7,6.,1,false,true,false,true,218.,170.,214.,168.,11.3138190694
1.10376402387,Sample,14,7,11.,1,false,true,false,true,220.,170.,212.,168.,11.6313377765
1.10376402387,Sample,14,7,16.,1,false,true,false,true,220.,170.,212.,168.,11.6408852083
1.10376402387,Sample,14,7,21.,1,false,true,false,true,220.,170.,212.,168.,11.6411889681
1.10376402387,Sample,14,7,26.,1,false,true,false,true,220.,170.,212.,168.,11.6411990768
1.10376402387,Sample,14,7,31.,1,false,true,false,true,220.,170.,212.,168.,11.6411994254
1.10376402387,Sample,14,7,36.,1,false,true,false,true,220.,170.,212.,168.,11.6411994378
1.10376402387,Sample,14,7,41.,1,false,true,false,true,220.,170.,212.,168.,11.6411994382
1.10376402387,Sample,14,7,46.,1,false,true,false,true,220.,170.,212.,168.,11.6411994383
1.10376402387,Sample,14,7,51.,1,false,true,false,true,220.,170.,212.,168.,11.6411994383
1.36845018694,Voter,14,5,1.,1,false,true,false,true,20.,18.,26.,24.,0.
1.36845018694,Voter,14,5,6.,1,false,true,false,true,46.,42.,28.,24.,12.3915495424
1.36845018694,Voter,14,5,11.,1,false,true,false,true,46.,42.,28.,24.,12.9903865878
1.36845018694,Voter,14,5,16.,1,false,true,false,true,46.,42.,28.,24.,13.0206722338
1.36845018694,Voter,14,5,21.,1,false,true,false,true,46.,42.,28.,24.,13.0222654684
1.36845018694,Voter,14,5,26.,1,false,true,false,true,46.,42.,28.,24.,13.0223521201
1.36845018694,Voter,14,5,31.,1,false,true,false,true,46.,42.,28.,24.,13.0223569654
1.36845018694,Voter,14,5,36.,1,false,true,false,true,46.,42.,28.,24.,13.0223572427
1.36845018694,Voter,14,5,41.,1,false,true,false,true,46.,42.,28.,24.,13.0223572589
1.36845018694,Voter,14,5,46.,1,false,true,false,true,46.,42.,28.,24.,13.0223572598
1.36845018694,Voter,14,5,51.,1,false,true,false,true,46.,42.,28.,24.,13.0223572599
1.38318528708,Sample,14,4,1.,1,false,true,false,true,18.,18.,34.,26.,0.
1.38318528708,Sample,14,4,6.,1,false,true,false,true,78.,68.,54.,52.,12.4398628372
1.38318528708,Sample,14,4,11.,1,false,true,false,true,78.,68.,54.,52.,13.0564552452
1.38318528708,Sample,14,4,16.,1,false,true,false,true,78.,68.,54.,52.,13.0884085726
1.38318528708,Sample,14,4,21.,1,false,true,false,true,78.,68.,54.,52.,13.0901297816
1.38318528708,Sample,14,4,26.,1,false,true,false,true,78.,68.,54.,52.,13.090225584
1.38318528708,Sample,14,4,31.,1,false,true,false,true,78.,68.,54.,52.,13.0902310644
1.38318528708,Sample,14,4,36.,1,false,true,false,true,78.,68.,54.,52.,13.0902313851
1.38318528708,Sample,14,4,41.,1,false,true,false,true,78.,68.,54.,52.,13.0902314042
1.38318528708,Sample,14,4,46.,1,false,true,false,true,78.,68.,54.,52.,13.0902314054
1.38318528708,Sample,14,4,51.,1,false,true,false,true,78.,68.,54.,52.,13.0902314055
0.831485388166,Sample,14,6,1.,1,false,true,false,true,72.,66.,146.,120.,0.
0.831485388166,Sample,14,6,6.,1,false,true,false,true,166.,130.,168.,134.,9.68253559687
0.831485388166,Sample,14,6,11.,1,false,true,false,true,166.,130.,168.,134.,9.80218420508
0.831485388166,Sample,14,6,16.,1,false,true,false,true,166.,130.,168.,134.,9.80384694016
0.831485388166,Sample,14,6,21.,1,false,true,false,true,166.,130.,168.,134.,9.80387213298
0.831485388166,Sample,14,6,26.,1,false,true,false,true,166.,130.,168.,134.,9.80387253931
0.831485388166,Sample,14,6,31.,1,false,true,false,true,166.,130.,168.,134.,9.80387254618
0.831485388166,Sample,14,6,36.,1,false,true,false,true,166.,130.,168.,134.,9.8038725463
0.831485388166,Sample,14,6,41.,1,false,true,false,true,166.,130.,168.,134.,9.8038725463
0.831485388166,Sample,14,6,46.,1,false,true,false,true,166.,130.,168.,134.,9.8038725463
0.831485388166,Sample,14,6,51.,1,false,true,false,true,166.,130.,168.,134.,9.8038725463
1.17258036213,Sample,14,5,1.,1,false,true,false,true,24.,22.,64.,54.,0.
1.17258036213,Sample,14,5,6.,1,false,true,false,true,82.,68.,98.,80.,11.6356259527
1.17258036213,Sample,14,5,11.,1,false,true,false,true,84.,68.,96.,78.,12.0187366559
1.17258036213,Sample,14,5,16.,1,false,true,false,true,84.,68.,96.,78.,12.0321495994
1.17258036213,Sample,14,5,21.,1,false,true,false,true,84.,68.,96.,78.,12.0326438529
1.17258036213,Sample,14,5,26.,1,false,true,false,true,84.,68.,96.,78.,12.0326628369
1.17258036213,Sample,14,5,31.,1,false,true,false,true,84.,68.,96.,78.,12.0326635907
1.17258036213,Sample,14,5,36.,1,false,true,false,true,84.,68.,96.,78.,12.0326636215
1.17258036213,Sample,14,5,41.,1,false,true,false,true,84.,68.,96.,78.,12.0326636228
1.17258036213,Sample,14,5,46.,1,false,true,false,true,84.,68.,96.,78.,12.0326636228
1.17258036213,Sample,14,5,51.,1,false,true,false,true,84.,68.,96.,78.,12.0326636228
1.32187422137,Sample,14,3,1.,1,false,true,false,true,0.,0.,8.,6.,0.
1.32187422137,Sample,14,3,6.,1,false,true,false,true,26.,26.,26.,26.,12.2314340913
1.32187422137,Sample,14,3,11.,1,false,true,false,true,26.,26.,26.,26.,12.7754452108
1.32187422137,Sample,14,3,16.,1,false,true,false,true,26.,26.,26.,26.,12.8008471152
1.32187422137,Sample,14,3,21.,1,false,true,false,true,26.,26.,26.,26.,12.8020838946
1.32187422137,Sample,14,3,26.,1,false,true,false,true,26.,26.,26.,26.,12.8021462579
1.32187422137,Sample,14,3,31.,1,false,true,false,true,26.,26.,26.,26.,12.8021494949
1.32187422137,Sample,14,3,36.,1,false,true,false,true,26.,26.,26.,26.,12.802149667
1.32187422137,Sample,14,3,41.,1,false,true,false,true,26.,26.,26.,26.,12.8021496763
1.32187422137,Sample,14,3,46.,1,false,true,false,true,26.,26.,26.,26.,12.8021496769
1.32187422137,Sample,14,3,51.,1,false,true,false,true,26.,26.,26.,26.,12.8021496769
0.943942405903,Voter,14,7,1.,1,false,true,false,true,106.,82.,92.,74.,0.
0.943942405903,Voter,14,7,6.,1,false,true,false,true,132.,100.,102.,86.,10.4323875278
0.943942405903,Voter,14,7,11.,1,false,true,false,true,130.,98.,100.,84.,10.621283231
0.943942405903,Voter,14,7,16.,1,false,true,false,true,130.,98.,100.,84.,10.6250361715
0.943942405903,Voter,14,7,21.,1,false,true,false,true,130.,98.,100.,84.,10.625116301
0.943942405903,Voter,14,7,26.,1,false,true,false,true,130.,98.,100.,84.,10.6251181076
0.943942405903,Voter,14,7,31.,1,false,true,false,true,130.,98.,100.,84.,10.6251181501
0.943942405903,Voter,14,7,36.,1,false,true,false,true,130.,98.,100.,84.,10.6251181511
0.943942405903,Voter,14,7,41.,1,false,true,false,true,130.,98.,100.,84.,10.6251181511
0.943942405903,Voter,14,7,46.,1,false,true,false,true,130.,98.,100.,84.,10.6251181511
0.943942405903,Voter,14,7,51.,1,false,true,false,true,130.,98.,100.,84.,10.6251181511
0.940440061222,Sample,14,5,1.,1,false,true,false,true,44.,42.,82.,74.,0.
0.940440061222,Sample,14,5,6.,1,false,true,false,true,116.,100.,122.,112.,10.4107623808
0.940440061222,Sample,14,5,11.,1,false,true,false,true,116.,100.,122.,112.,10.5972311161
0.940440061222,Sample,14,5,16.,1,false,true,false,true,116.,100.,122.,112.,10.6008982154
0.940440061222,Sample,14,5,21.,1,false,true,false,true,116.,100.,122.,112.,10.600975748
0.940440061222,Sample,14,5,26.,1,false,true,false,true,116.,100.,122.,112.,10.6009774794
0.940440061222,Sample,14,5,31.,1,false,true,false,true,116.,100.,122.,112.,10.6009775197
0.940440061222,Sample,14,5,36.,1,false,true,false,true,116.,100.,122.,112.,10.6009775207
0.940440061222,Sample,14,5,41.,1,false,true,false,true,116.,100.,122.,112.,10.6009775207
0.940440061222,Sample,14,5,46.,1,false,true,false,true,116.,100.,122.,112.,10.6009775207
0.940440061222,Sample,14,5,51.,1,false,true,false,true,116.,100.,122.,112.,10.6009775207
1.38862244953,Sample,14,6,1.,1,false,true,false,true,42.,40.,100.,80.,0.
1.38862244953,Sample,14,6,6.,1,false,true,false,true,138.,106.,124.,100.,12.457413332
1.38862244953,Sample,14,6,11.,1,false,true,false,true,144.,110.,118.,96.,13.0806052816
1.38862244953,Sample,14,6,16.,1,false,true,false,true,144.,110.,118.,96.,13.1131891825
1.38862244953,Sample,14,6,21.,1,false,true,false,true,144.,110.,118.,96.,13.1149595757
1.38862244953,Sample,14,6,26.,1,false,true,false,true,144.,110.,118.,96.,13.1150589509
1.38862244953,Sample,14,6,31.,1,false,true,false,true,144.,110.,118.,96.,13.1150646831
1.38862244953,Sample,14,6,36.,1,false,true,false,true,144.,110.,118.,96.,13.1150650213
1.38862244953,Sample,14,6,41.,1,false,true,false,true,144.,110.,118.,96.,13.1150650416
1.38862244953,Sample,14,6,46.,1,false,true,false,true,144.,110.,118.,96.,13.1150650429
1.38862244953,Sample,14,6,51.,1,false,true,false,true,144.,110.,118.,96.,13.115065043
1.37042249557,Sample,14,3,1.,1,false,true,false,true,2.,2.,14.,14.,0.
1.37042249557,Sample,14,3,6.,1,false,true,false,true,32.,28.,24.,24.,12.3980803214
1.37042249557,Sample,14,3,11.,1,false,true,false,true,34.,30.,26.,26.,12.9992828245
1.37042249557,Sample,14,3,16.,1,false,true,false,true,34.,30.,26.,26.,13.0297882205
1.37042249557,Sample,14,3,21.,1,false,true,false,true,34.,30.,26.,26.,13.0313981416
1.37042249557,Sample,14,3,26.,1,false,true,false,true,34.,30.,26.,26.,13.0314859742
1.37042249557,Sample,14,3,31.,1,false,true,false,true,34.,30.,26.,26.,13.0314909006
1.37042249557,Sample,14,3,36.,1,false,true,false,true,34.,30.,26.,26.,13.0314911834
1.37042249557,Sample,14,3,41.,1,false,true,false,true,34.,30.,26.,26.,13.0314912
1.37042249557,Sample,14,3,46.,1,false,true,false,true,34.,30.,26.,26.,13.0314912009
1.37042249557,Sample,14,3,51.,1,false,true,false,true,34.,30.,26.,26.,13.031491201
0.977646919058,Voter,14,6,1.,1,false,true,false,true,40.,36.,58.,52.,0.
0.977646919058,Voter,14,6,6.,1,false,true,false,true,84.,66.,38.,38.,10.6351629711
0.977646919058,Voter,14,6,11.,1,false,true,false,true,84.,66.,38.,38.,10.8482920805
0.977646919058,Voter,14,6,16.,1,false,true,false,true,84.,66.,38.,38.,10.8529509266
0.977646919058,Voter,14,6,21.,1,false,true,false,true,84.,66.,38.,38.,10.8530599636
0.977646919058,Voter,14,6,26.,1,false,true,false,true,84.,66.,38.,38.,10.8530626526
0.977646919058,Voter,14,6,31.,1,false,true,false,true,84.,66.,38.,38.,10.8530627216
0.977646919058,Voter,14,6,36.,1,false,true,false,true,84.,66.,38.,38.,10.8530627234
0.977646919058,Voter,14,6,41.,1,false,true,false,true,84.,66.,38.,38.,10.8530627235
0.977646919058,Voter,14,6,46.,1,false,true,false,true,84.,66.,38.,38.,10.8530627235
0.977646919058,Voter,14,6,51.,1,false,true,false,true,84.,66.,38.,38.,10.8530627235
1.01624173671,Sample,14,6,1.,1,false,true,false,true,54.,52.,104.,86.,0.
1.01624173671,Sample,14,6,6.,1,false,true,false,true,190.,146.,196.,156.,10.8558668665
1.01624173671,Sample,14,6,11.,1,false,true,false,true,190.,146.,196.,156.,11.0986767339
1.01624173671,Sample,14,6,16.,1,false,true,false,true,190.,146.,196.,156.,11.1045643541
1.01624173671,Sample,14,6,21.,1,false,true,false,true,190.,146.,196.,156.,11.1047166052
1.01624173671,Sample,14,6,26.,1,false,true,false,true,190.,146.,196.,156.,11.1047207438
1.01624173671,Sample,14,6,31.,1,false,true,false,true,190.,146.,196.,156.,11.1047208608
1.01624173671,Sample,14,6,36.,1,false,true,false,true,190.,146.,196.,156.,11.1047208642
1.01624173671,Sample,14,6,41.,1,false,true,false,true,190.,146.,196.,156.,11.1047208643
1.01624173671,Sample,14,6,46.,1,false,true,false,true,190.,146.,196.,156.,11.1047208643
1.01624173671,Sample,14,6,51.,1,false,true,false,true,190.,146.,196.,156.,11.1047208643
1.18542056041,Voter,14,6,1.,1,false,true,false,true,36.,34.,46.,44.,0.
1.18542056041,Voter,14,6,6.,1,false,true,false,true,66.,58.,20.,20.,11.6921927137
1.18542056041,Voter,14,6,11.,1,false,true,false,true,70.,60.,24.,24.,12.0881739074
1.18542056041,Voter,14,6,16.,1,false,true,false,true,70.,60.,24.,24.,12.1024156517
1.18542056041,Voter,14,6,21.,1,false,true,false,true,70.,60.,24.,24.,12.1029542705
1.18542056041,Voter,14,6,26.,1,false,true,false,true,70.,60.,24.,24.,12.1029754906
1.18542056041,Voter,14,6,31.,1,false,true,false,true,70.,60.,24.,24.,12.1029763545
1.18542056041,Voter,14,6,36.,1,false,true,false,true,70.,60.,24.,24.,12.1029763907
1.18542056041,Voter,14,6,41.,1,false,true,false,true,70.,60.,24.,24.,12.1029763922
1.18542056041,Voter,14,6,46.,1,false,true,false,true,70.,60.,24.,24.,12.1029763923
1.18542056041,Voter,14,6,51.,1,false,true,false,true,70.,60.,24.,24.,12.1029763923
1.38127449835,Voter,14,4,1.,1,false,true,false,true,8.,8.,12.,12.,0.
1.38127449835,Voter,14,4,6.,1,false,true,false,true,20.,20.,4.,4.,12.4336597902
1.38127449835,Voter,14,4,11.,1,false,true,false,true,20.,20.,4.,4.,13.0479390011
1.38127449835,Voter,14,4,16.,1,false,true,false,true,20.,20.,4.,4.,13.0796726799
1.38127449835,Voter,14,4,21.,1,false,true,false,true,20.,20.,4.,4.,13.0813768582
1.38127449835,Voter,14,4,26.,1,false,true,false,true,20.,20.,4.,4.,13.0814714305
1.38127449835,Voter,14,4,31.,1,false,true,false,true,20.,20.,4.,4.,13.0814768247
1.38127449835,Voter,14,4,36.,1,false,true,false,true,20.,20.,4.,4.,13.0814771394
1.38127449835,Voter,14,4,41.,1,false,true,false,true,20.,20.,4.,4.,13.0814771582
1.38127449835,Voter,14,4,46.,1,false,true,false,true,20.,20.,4.,4.,13.0814771593
1.38127449835,Voter,14,4,51.,1,false,true,false,true,20.,20.,4.,4.,13.0814771594
1.37771998984,Sample,14,6,1.,1,false,true,false,true,18.,18.,66.,56.,0.
1.37771998984,Sample,14,6,6.,1,false,true,false,true,142.,114.,126.,106.,12.422071698
1.37771998984,Sample,14,6,11.,1,false,true,false,true,146.,118.,130.,110.,13.032056306
1.37771998984,Sample,14,6,16.,1,false,true,false,true,148.,120.,128.,108.,13.0633840831
1.37771998984,Sample,14,6,21.,1,false,true,false,true,148.,120.,128.,108.,13.0650569284
1.37771998984,Sample,14,6,26.,1,false,true,false,true,148.,120.,128.,108.,13.0651492475
1.37771998984,Sample,14,6,31.,1,false,true,false,true,148.,120.,128.,108.,13.0651544844
1.37771998984,Sample,14,6,36.,1,false,true,false,true,148.,120.,128.,108.,13.0651547884
1.37771998984,Sample,14,6,41.,1,false,true,false,true,148.,120.,128.,108.,13.0651548064
1.37771998984,Sample,14,6,46.,1,false,true,false,true,148.,120.,128.,108.,13.0651548075
1.37771998984,Sample,14,6,51.,1,false,true,false,true,148.,120.,128.,108.,13.0651548075
1.12533853722,Voter,14,7,1.,1,false,true,false,true,52.,50.,76.,68.,0.
1.12533853722,Voter,14,7,6.,1,false,true,false,true,112.,96.,40.,38.,11.4181727864
1.12533853722,Voter,14,7,11.,1,false,true,false,true,112.,96.,40.,38.,11.7556277686
1.12533853722,Voter,14,7,16.,1,false,true,false,true,112.,96.,40.,38.,11.7662863435
1.12533853722,Voter,14,7,21.,1,false,true,false,true,112.,96.,40.,38.,11.7666419371
1.12533853722,Voter,14,7,26.,1,false,true,false,true,112.,96.,40.,38.,11.7666543319
1.12533853722,Voter,14,7,31.,1,false,true,false,true,112.,96.,40.,38.,11.7666547793
1.12533853722,Voter,14,7,36.,1,false,true,false,true,112.,96.,40.,38.,11.7666547959
1.12533853722,Voter,14,7,41.,1,false,true,false,true,112.,96.,40.,38.,11.7666547965
1.12533853722,Voter,14,7,46.,1,false,true,false,true,112.,96.,40.,38.,11.7666547965
1.12533853722,Voter,14,7,51.,1,false,true,false,true,112.,96.,40.,38.,11.7666547965
1.063629089,Voter,14,6,1.,1,false,true,false,true,32.,32.,40.,40.,0.
1.063629089,Voter,14,6,6.,1,false,true,false,true,72.,58.,32.,28.,11.1108879849
1.063629089,Voter,14,6,11.,1,false,true,false,true,74.,60.,34.,30.,11.3928980019
1.063629089,Voter,14,6,16.,1,false,true,false,true,74.,60.,34.,30.,11.4006059343
1.063629089,Voter,14,6,21.,1,false,true,false,true,74.,60.,34.,30.,11.4008296167
1.063629089,Voter,14,6,26.,1,false,true,false,true,74.,60.,34.,30.,11.4008364213
1.063629089,Voter,14,6,31.,1,false,true,false,true,74.,60.,34.,30.,11.400836636
1.063629089,Voter,14,6,36.,1,false,true,false,true,74.,60.,34.,30.,11.400836643
1.063629089,Voter,14,6,41.,1,false,true,false,true,74.,60.,34.,30.,11.4008366433
1.063629089,Voter,14,6,46.,1,false,true,false,true,74.,60.,34.,30.,11.4008366433
1.063629089,Voter,14,6,51.,1,false,true,false,true,74.,60.,34.,30.,11.4008366433
1.22895331339,Sample,14,5,1.,1,false,true,false,true,42.,40.,84.,74.,0.
1.22895331339,Sample,14,5,6.,1,false,true,false,true,134.,100.,140.,106.,11.8762378209
1.22895331339,Sample,14,5,11.,1,false,true,false,true,138.,104.,144.,110.,12.3172648102
1.22895331339,Sample,14,5,16.,1,false,true,false,true,138.,104.,144.,110.,12.3345868878
1.22895331339,Sample,14,5,21.,1,false,true,false,true,138.,104.,144.,110.,12.3353002207
1.22895331339,Sample,14,5,26.,1,false,true,false,true,138.,104.,144.,110.,12.3353307605
1.22895331339,Sample,14,5,31.,1,false,true,false,true,138.,104.,144.,110.,12.33533211
1.22895331339,Sample,14,5,36.,1,false,true,false,true,138.,104.,144.,110.,12.3353321712
1.22895331339,Sample,14,5,41.,1,false,true,false,true,138.,104.,144.,110.,12.335332174
1.22895331339,Sample,14,5,46.,1,false,true,false,true,138.,104.,144.,110.,12.3353321741
1.22895331339,Sample,14,5,51.,1,false,true,false,true,138.,104.,144.,110.,12.3353321742
1.17914219274,Sample,14,3,1.,1,false,true,false,true,0.,0.,8.,8.,0.
1.17914219274,Sample,14,3,6.,1,false,true,false,true,8.,8.,0.,0.,11.6646662251
1.17914219274,Sample,14,3,11.,1,false,true,false,true,8.,8.,0.,0.,12.0543300911
1.17914219274,Sample,14,3,16.,1,false,true,false,true,8.,8.,0.,0.,12.0681621662
1.17914219274,Sample,14,3,21.,1,false,true,false,true,8.,8.,0.,0.,12.0686787095
1.17914219274,Sample,14,3,26.,1,false,true,false,true,8.,8.,0.,0.,12.0686988098
1.17914219274,Sample,14,3,31.,1,false,true,false,true,8.,8.,0.,0.,12.0686996183
1.17914219274,Sample,14,3,36.,1,false,true,false,true,8.,8.,0.,0.,12.0686996517
1.17914219274,Sample,14,3,41.,1,false,true,false,true,8.,8.,0.,0.,12.0686996531
1.17914219274,Sample,14,3,46.,1,false,true,false,true,8.,8.,0.,0.,12.0686996532
1.17914219274,Sample,14,3,51.,1,false,true,false,true,8.,8.,0.,0.,12.0686996532
1.16994112248,Sample,14,3,1.,1,false,true,false,true,10.,10.,6.,6.,0.
1.16994112248,Sample,14,3,6.,1,false,true,false,true,16.,16.,0.,0.,11.623867044
1.16994112248,Sample,14,3,11.,1,false,true,false,true,16.,16.,0.,0.,12.0043563127
1.16994112248,Sample,14,3,16.,1,false,true,false,true,16.,16.,0.,0.,12.0176032579
1.16994112248,Sample,14,3,21.,1,false,true,false,true,16.,16.,0.,0.,12.0180887671
1.16994112248,Sample,14,3,26.,1,false,true,false,true,16.,16.,0.,0.,12.0181073172
1.16994112248,Sample,14,3,31.,1,false,true,false,true,16.,16.,0.,0.,12.01810805
1.16994112248,Sample,14,3,36.,1,false,true,false,true,16.,16.,0.,0.,12.0181080798
1.16994112248,Sample,14,3,41.,1,false,true,false,true,16.,16.,0.,0.,12.018108081
1.16994112248,Sample,14,3,46.,1,false,true,false,true,16.,16.,0.,0.,12.0181080811
1.16994112248,Sample,14,3,51.,1,false,true,false,true,16.,16.,0.,0.,12.0181080811
1.00242692494,Sample,14,5,1.,1,false,true,false,true,32.,32.,72.,60.,0.
1.00242692494,Sample,14,5,6.,1,false,true,false,true,100.,92.,112.,106.,10.7782426601
1.00242692494,Sample,14,5,11.,1,false,true,false,true,100.,92.,112.,106.,11.0101938464
1.00242692494,Sample,14,5,16.,1,false,true,false,true,100.,92.,112.,106.,11.0156168341
1.00242692494,Sample,14,5,21.,1,false,true,false,true,100.,92.,112.,106.,11.0157522362
1.00242692494,Sample,14,5,26.,1,false,true,false,true,100.,92.,112.,106.,11.015755793
1.00242692494,Sample,14,5,31.,1,false,true,false,true,100.,92.,112.,106.,11.0157558901
1.00242692494,Sample,14,5,36.,1,false,true,false,true,100.,92.,112.,106.,11.0157558928
1.00242692494,Sample,14,5,41.,1,false,true,false,true,100.,92.,112.,106.,11.0157558929
1.00242692494,Sample,14,5,46.,1,false,true,false,true,100.,92.,112.,106.,11.0157558929
1.00242692494,Sample,14,5,51.,1,false,true,false,true,100.,92.,112.,106.,11.0157558929
1.27965425151,Sample,14,4,1.,1,false,true,false,true,10.,10.,32.,32.,0.
1.27965425151,Sample,14,4,6.,1,false,true,false,true,54.,48.,52.,52.,12.0761628718
1.27965425151,Sample,14,4,11.,1,false,true,false,true,54.,48.,52.,52.,12.5722774557
1.27965425151,Sample,14,4,16.,1,false,true,false,true,54.,48.,52.,52.,12.5937430821
1.27965425151,Sample,14,4,21.,1,false,true,false,true,54.,48.,52.,52.,12.5947138322
1.27965425151,Sample,14,4,26.,1,false,true,false,true,54.,48.,52.,52.,12.5947593744
1.27965425151,Sample,14,4,31.,1,false,true,false,true,54.,48.,52.,52.,12.5947615763
1.27965425151,Sample,14,4,36.,1,false,true,false,true,54.,48.,52.,52.,12.5947616854
1.27965425151,Sample,14,4,41.,1,false,true,false,true,54.,48.,52.,52.,12.594761691
1.27965425151,Sample,14,4,46.,1,false,true,false,true,54.,48.,52.,52.,12.5947616912
1.27965425151,Sample,14,4,51.,1,false,true,false,true,54.,48.,52.,52.,12.5947616913
1.13609036393,Voter,14,6,1.,1,false,true,false,true,70.,64.,70.,66.,0.
1.13609036393,Voter,14,6,6.,1,false,true,false,true,112.,90.,68.,64.,11.4689792457
1.13609036393,Voter,14,6,11.,1,false,true,false,true,118.,96.,70.,66.,11.8165862209
1.13609036393,Voter,14,6,16.,1,false,true,false,true,118.,96.,70.,66.,11.8278320931
1.13609036393,Voter,14,6,21.,1,false,true,false,true,118.,96.,70.,66.,11.8282160697
1.13609036393,Voter,14,6,26.,1,false,true,false,true,118.,96.,70.,66.,11.8282297599
1.13609036393,Voter,14,6,31.,1,false,true,false,true,118.,96.,70.,66.,11.8282302652
1.13609036393,Voter,14,6,36.,1,false,true,false,true,118.,96.,70.,66.,11.8282302843
1.13609036393,Voter,14,6,41.,1,false,true,false,true,118.,96.,70.,66.,11.8282302851
1.13609036393,Voter,14,6,46.,1,false,true,false,true,118.,96.,70.,66.,11.8282302851
1.13609036393,Voter,14,6,51.,1,false,true,false,true,118.,96.,70.,66.,11.8282302851
1.06609085718,Sample,14,6,1.,1,false,true,false,true,76.,66.,116.,98.,0.
1.06609085718,Sample,14,6,6.,1,false,true,false,true,144.,124.,132.,128.,11.1236729541
1.06609085718,Sample,14,6,11.,1,false,true,false,true,144.,124.,132.,128.,11.4078008358
1.06609085718,Sample,14,6,16.,1,false,true,false,true,144.,124.,132.,128.,11.4156134333
1.06609085718,Sample,14,6,21.,1,false,true,false,true,144.,124.,132.,128.,11.4158414688
1.06609085718,Sample,14,6,26.,1,false,true,false,true,144.,124.,132.,128.,11.4158484451
1.06609085718,Sample,14,6,31.,1,false,true,false,true,144.,124.,132.,128.,11.4158486665
1.06609085718,Sample,14,6,36.,1,false,true,false,true,144.,124.,132.,128.,11.4158486738
1.06609085718,Sample,14,6,41.,1,false,true,false,true,144.,124.,132.,128.,11.415848674
1.06609085718,Sample,14,6,46.,1,false,true,false,true,144.,124.,132.,128.,11.415848674
1.06609085718,Sample,14,6,51.,1,false,true,false,true,144.,124.,132.,128.,11.415848674
0.824431106945,Voter,14,6,1.,1,false,true,false,true,32.,32.,44.,38.,0.
0.824431106945,Voter,14,6,6.,1,false,true,false,true,64.,52.,36.,30.,9.63148336905
0.824431106945,Voter,14,6,11.,1,false,true,false,true,64.,52.,36.,30.,9.74738722472
0.824431106945,Voter,14,6,16.,1,false,true,false,true,64.,52.,36.,30.,9.7489586727
0.824431106945,Voter,14,6,21.,1,false,true,false,true,64.,52.,36.,30.,9.74898192599
0.824431106945,Voter,14,6,26.,1,false,true,false,true,64.,52.,36.,30.,9.74898229248
0.824431106945,Voter,14,6,31.,1,false,true,false,true,64.,52.,36.,30.,9.74898229853
0.824431106945,Voter,14,6,36.,1,false,true,false,true,64.,52.,36.,30.,9.74898229863
0.824431106945,Voter,14,6,41.,1,false,true,false,true,64.,52.,36.,30.,9.74898229863
0.824431106945,Voter,14,6,46.,1,false,true,false,true,64.,52.,36.,30.,9.74898229863
0.824431106945,Voter,14,6,51.,1,false,true,false,true,64.,52.,36.,30.,9.74898229863
1.24295462277,Sample,14,5,1.,1,false,true,false,true,20.,20.,58.,52.,0.
1.24295462277,Sample,14,5,6.,1,false,true,false,true,114.,104.,104.,104.,11.9329636364
1.24295462277,Sample,14,5,11.,1,false,true,false,true,116.,104.,102.,102.,12.3889282091
1.24295462277,Sample,14,5,16.,1,false,true,false,true,116.,104.,102.,102.,12.4073330826
1.24295462277,Sample,14,5,21.,1,false,true,false,true,116.,104.,102.,102.,12.4081113069
1.24295462277,Sample,14,5,26.,1,false,true,false,true,116.,104.,102.,102.,12.4081454964
1.24295462277,Sample,14,5,31.,1,false,true,false,true,116.,104.,102.,102.,12.408147046
1.24295462277,Sample,14,5,36.,1,false,true,false,true,116.,104.,102.,102.,12.4081471181
1.24295462277,Sample,14,5,41.,1,false,true,false,true,116.,104.,102.,102.,12.4081471215
1.24295462277,Sample,14,5,46.,1,false,true,false,true,116.,104.,102.,102.,12.4081471216
1.24295462277,Sample,14,5,51.,1,false,true,false,true,116.,104.,102.,102.,12.4081471216
1.29940133515,Voter,14,7,1.,1,false,true,false,true,18.,16.,66.,60.,0.
1.29940133515,Voter,14,7,6.,1,false,true,false,true,88.,78.,48.,48.,12.1500187529
1.29940133515,Voter,14,7,11.,1,false,true,false,true,90.,80.,50.,50.,12.6683143721
1.29940133515,Voter,14,7,16.,1,false,true,false,true,90.,80.,50.,50.,12.6915644815
1.29940133515,Voter,14,7,21.,1,false,true,false,true,90.,80.,50.,50.,12.6926533631
1.29940133515,Voter,14,7,26.,1,false,true,false,true,90.,80.,50.,50.,12.6927062236
1.29940133515,Voter,14,7,31.,1,false,true,false,true,90.,80.,50.,50.,12.6927088668
1.29940133515,Voter,14,7,36.,1,false,true,false,true,90.,80.,50.,50.,12.6927090022
1.29940133515,Voter,14,7,41.,1,false,true,false,true,90.,80.,50.,50.,12.6927090093
1.29940133515,Voter,14,7,46.,1,false,true,false,true,90.,80.,50.,50.,12.6927090097
1.29940133515,Voter,14,7,51.,1,false,true,false,true,90.,80.,50.,50.,12.6927090097
1.1770179252,Sample,14,3,1.,1,false,true,false,true,2.,2.,12.,12.,0.
1.1770179252,Sample,14,3,6.,1,false,true,false,true,10.,10.,0.,0.,11.6552954124
1.1770179252,Sample,14,3,11.,1,false,true,false,true,10.,10.,0.,0.,12.0428322735
1.1770179252,Sample,14,3,16.,1,false,true,false,true,10.,10.,0.,0.,12.0565276569
1.1770179252,Sample,14,3,21.,1,false,true,false,true,10.,10.,0.,0.,12.0570368977
1.1770179252,Sample,14,3,26.,1,false,true,false,true,10.,10.,0.,0.,12.0570566306
1.1770179252,Sample,14,3,31.,1,false,true,false,true,10.,10.,0.,0.,12.0570574211
1.1770179252,Sample,14,3,36.,1,false,true,false,true,10.,10.,0.,0.,12.0570574536
1.1770179252,Sample,14,3,41.,1,false,true,false,true,10.,10.,0.,0.,12.057057455
1.1770179252,Sample,14,3,46.,1,false,true,false,true,10.,10.,0.,0.,12.057057455
1.1770179252,Sample,14,3,51.,1,false,true,false,true,10.,10.,0.,0.,12.057057455
0.856279486329,Voter,14,4,1.,1,false,true,false,true,16.,14.,14.,14.,0.
0.856279486329,Voter,14,4,6.,1,false,true,false,true,28.,24.,2.,2.,9.85806684824
0.856279486329,Voter,14,4,11.,1,false,true,false,true,28.,24.,2.,2.,9.99143801673
0.856279486329,Voter,14,4,16.,1,false,true,false,true,28.,24.,2.,2.,9.99345476243
0.856279486329,Voter,14,4,21.,1,false,true,false,true,28.,24.,2.,2.,9.99348789602
0.856279486329,Voter,14,4,26.,1,false,true,false,true,28.,24.,2.,2.,9.99348847441
0.856279486329,Voter,14,4,31.,1,false,true,false,true,28.,24.,2.,2.,9.99348848497
0.856279486329,Voter,14,4,36.,1,false,true,false,true,28.,24.,2.,2.,9.99348848517
0.856279486329,Voter,14,4,41.,1,false,true,false,true,28.,24.,2.,2.,9.99348848518
0.856279486329,Voter,14,4,46.,1,false,true,false,true,28.,24.,2.,2.,9.99348848518
0.856279486329,Voter,14,4,51.,1,false,true,false,true,28.,24.,2.,2.,9.99348848518
1.18120551593,Sample,14,5,1.,1,false,true,false,true,22.,22.,44.,38.,0.
1.18120551593,Sample,14,5,6.,1,false,true,false,true,92.,82.,78.,78.,11.6737404062
1.18120551593,Sample,14,5,11.,1,false,true,false,true,92.,82.,78.,78.,12.0654753184
1.18120551593,Sample,14,5,16.,1,false,true,false,true,92.,82.,78.,78.,12.0794410902
1.18120551593,Sample,14,5,21.,1,false,true,false,true,92.,82.,78.,78.,12.0799648067
1.18120551593,Sample,14,5,26.,1,false,true,false,true,92.,82.,78.,78.,12.0799852693
1.18120551593,Sample,14,5,31.,1,false,true,false,true,92.,82.,78.,78.,12.0799860957
1.18120551593,Sample,14,5,36.,1,false,true,false,true,92.,82.,78.,78.,12.07998613
1.18120551593,Sample,14,5,41.,1,false,true,false,true,92.,82.,78.,78.,12.0799861314
1.18120551593,Sample,14,5,46.,1,false,true,false,true,92.,82.,78.,78.,12.0799861315
1.18120551593,Sample,14,5,51.,1,false,true,false,true,92.,82.,78.,78.,12.0799861315
1.11415223737,Sample,14,6,1.,1,false,true,false,true,56.,56.,124.,100.,0.
1.11415223737,Sample,14,6,6.,1,false,true,false,true,164.,142.,156.,152.,11.364470287
1.11415223737,Sample,14,6,11.,1,false,true,false,true,168.,142.,160.,152.,11.6915154567
1.11415223737,Sample,14,6,16.,1,false,true,false,true,168.,142.,160.,152.,11.7015868535
1.11415223737,Sample,14,6,21.,1,false,true,false,true,168.,142.,160.,152.,11.7019147453
1.11415223737,Sample,14,6,26.,1,false,true,false,true,168.,142.,160.,152.,11.7019259051
1.11415223737,Sample,14,6,31.,1,false,true,false,true,168.,142.,160.,152.,11.7019262986
1.11415223737,Sample,14,6,36.,1,false,true,false,true,168.,142.,160.,152.,11.7019263128
1.11415223737,Sample,14,6,41.,1,false,true,false,true,168.,142.,160.,152.,11.7019263133
1.11415223737,Sample,14,6,46.,1,false,true,false,true,168.,142.,160.,152.,11.7019263134
1.11415223737,Sample,14,6,51.,1,false,true,false,true,168.,142.,160.,152.,11.7019263134
0.931920170858,Voter,14,7,1.,1,false,true,false,true,64.,56.,84.,70.,0.
0.931920170858,Voter,14,7,6.,1,false,true,false,true,102.,84.,58.,56.,10.3577124693
0.931920170858,Voter,14,7,11.,1,false,true,false,true,102.,84.,58.,56.,10.5383493832
0.931920170858,Voter,14,7,16.,1,false,true,false,true,102.,84.,58.,56.,10.5418138797
0.931920170858,Voter,14,7,21.,1,false,true,false,true,102.,84.,58.,56.,10.5418853865
0.931920170858,Voter,14,7,26.,1,false,true,false,true,102.,84.,58.,56.,10.5418869463
0.931920170858,Voter,14,7,31.,1,false,true,false,true,102.,84.,58.,56.,10.5418869817
0.931920170858,Voter,14,7,36.,1,false,true,false,true,102.,84.,58.,56.,10.5418869826
0.931920170858,Voter,14,7,41.,1,false,true,false,true,102.,84.,58.,56.,10.5418869826
0.931920170858,Voter,14,7,46.,1,false,true,false,true,102.,84.,58.,56.,10.5418869826
0.931920170858,Voter,14,7,51.,1,false,true,false,true,102.,84.,58.,56.,10.5418869826
1.38359736197,Voter,14,4,1.,1,false,true,false,true,6.,6.,10.,10.,0.
1.38359736197,Voter,14,4,6.,1,false,true,false,true,20.,20.,4.,4.,12.4411981592
1.38359736197,Voter,14,4,11.,1,false,true,false,true,20.,20.,4.,4.,13.0582898405
1.38359736197,Voter,14,4,16.,1,false,true,false,true,20.,20.,4.,4.,13.0902906697
1.38359736197,Voter,14,4,21.,1,false,true,false,true,20.,20.,4.,4.,13.0920155688
1.38359736197,Voter,14,4,26.,1,false,true,false,true,20.,20.,4.,4.,13.0921116381
1.38359736197,Voter,14,4,31.,1,false,true,false,true,20.,20.,4.,4.,13.0921171372
1.38359736197,Voter,14,4,36.,1,false,true,false,true,20.,20.,4.,4.,13.0921174593
1.38359736197,Voter,14,4,41.,1,false,true,false,true,20.,20.,4.,4.,13.0921174785
1.38359736197,Voter,14,4,46.,1,false,true,false,true,20.,20.,4.,4.,13.0921174797
1.38359736197,Voter,14,4,51.,1,false,true,false,true,20.,20.,4.,4.,13.0921174797
0.94934513715,Voter,14,3,1.,1,false,true,false,true,4.,4.,14.,12.,0.
0.94934513715,Voter,14,3,6.,1,false,true,false,true,8.,6.,10.,10.,10.4655395353
0.94934513715,Voter,14,3,11.,1,false,true,false,true,8.,6.,10.,10.,10.6582128817
0.94934513715,Voter,14,3,16.,1,false,true,false,true,8.,6.,10.,10.,10.6621012151
0.94934513715,Voter,14,3,21.,1,false,true,false,true,8.,6.,10.,10.,10.6621854924
0.94934513715,Voter,14,3,26.,1,false,true,false,true,8.,6.,10.,10.,10.6621874206
0.94934513715,Voter,14,3,31.,1,false,true,false,true,8.,6.,10.,10.,10.6621874666
0.94934513715,Voter,14,3,36.,1,false,true,false,true,8.,6.,10.,10.,10.6621874677
0.94934513715,Voter,14,3,41.,1,false,true,false,true,8.,6.,10.,10.,10.6621874677
0.94934513715,Voter,14,3,46.,1,false,true,false,true,8.,6.,10.,10.,10.6621874677
0.94934513715,Voter,14,3,51.,1,false,true,false,true,8.,6.,10.,10.,10.6621874677
1.15732154849,Voter,14,3,1.,1,false,true,false,true,2.,2.,6.,6.,0.
1.15732154849,Voter,14,3,6.,1,false,true,false,true,8.,6.,0.,0.,11.5670128214
1.15732154849,Voter,14,3,11.,1,false,true,false,true,8.,6.,0.,0.,11.9350821316
1.15732154849,Voter,14,3,16.,1,false,true,false,true,8.,6.,0.,0.,11.9475555609
1.15732154849,Voter,14,3,21.,1,false,true,false,true,8.,6.,0.,0.,11.9480009624
1.15732154849,Voter,14,3,26.,1,false,true,false,true,8.,6.,0.,0.,11.9480175526
1.15732154849,Voter,14,3,31.,1,false,true,false,true,8.,6.,0.,0.,11.9480181918
1.15732154849,Voter,14,3,36.,1,false,true,false,true,8.,6.,0.,0.,11.9480182171
1.15732154849,Voter,14,3,41.,1,false,true,false,true,8.,6.,0.,0.,11.9480182181
1.15732154849,Voter,14,3,46.,1,false,true,false,true,8.,6.,0.,0.,11.9480182182
1.15732154849,Voter,14,3,51.,1,false,true,false,true,8.,6.,0.,0.,11.9480182182
0.956716345242,Voter,14,6,1.,1,false,true,false,true,18.,16.,38.,36.,0.
0.956716345242,Voter,14,6,6.,1,false,true,false,true,54.,48.,30.,28.,10.51036803
0.956716345242,Voter,14,6,11.,1,false,true,false,true,56.,50.,32.,30.,10.7082614062
0.956716345242,Voter,14,6,16.,1,false,true,false,true,58.,52.,34.,32.,10.7123403822
0.956716345242,Voter,14,6,21.,1,false,true,false,true,58.,52.,34.,32.,10.7124306055
0.956716345242,Voter,14,6,26.,1,false,true,false,true,58.,52.,34.,32.,10.7124327111
0.956716345242,Voter,14,6,31.,1,false,true,false,true,58.,52.,34.,32.,10.7124327623
0.956716345242,Voter,14,6,36.,1,false,true,false,true,58.,52.,34.,32.,10.7124327635
0.956716345242,Voter,14,6,41.,1,false,true,false,true,58.,52.,34.,32.,10.7124327636
0.956716345242,Voter,14,6,46.,1,false,true,false,true,58.,52.,34.,32.,10.7124327636
0.956716345242,Voter,14,6,51.,1,false,true,false,true,58.,52.,34.,32.,10.7124327636
1.2548999892,Sample,14,4,1.,1,false,true,false,true,6.,6.,36.,34.,0.
1.2548999892,Sample,14,4,6.,1,false,true,false,true,30.,26.,12.,12.,11.9804366136
1.2548999892,Sample,14,4,11.,1,false,true,false,true,32.,28.,10.,10.,12.4493131766
1.2548999892,Sample,14,4,16.,1,false,true,false,true,32.,28.,10.,10.,12.4686785021
1.2548999892,Sample,14,4,21.,1,false,true,false,true,32.,28.,10.,10.,12.4695157208
1.2548999892,Sample,14,4,26.,1,false,true,false,true,32.,28.,10.,10.,12.4695533085
1.2548999892,Sample,14,4,31.,1,false,true,false,true,32.,28.,10.,10.,12.4695550489
1.2548999892,Sample,14,4,36.,1,false,true,false,true,32.,28.,10.,10.,12.4695551315
1.2548999892,Sample,14,4,41.,1,false,true,false,true,32.,28.,10.,10.,12.4695551355
1.2548999892,Sample,14,4,46.,1,false,true,false,true,32.,28.,10.,10.,12.4695551357
1.2548999892,Sample,14,4,51.,1,false,true,false,true,32.,28.,10.,10.,12.4695551357
0.946490713633,Voter,14,6,1.,1,false,true,false,true,10.,10.,40.,36.,0.
0.946490713633,Voter,14,6,6.,1,false,true,false,true,48.,44.,2.,2.,10.4480555649
0.946490713633,Voter,14,6,11.,1,false,true,false,true,48.,44.,2.,2.,10.6387279647
0.946490713633,Voter,14,6,16.,1,false,true,false,true,48.,44.,2.,2.,10.6425443134
0.946490713633,Voter,14,6,21.,1,false,true,false,true,48.,44.,2.,2.,10.6426263776
0.946490713633,Voter,14,6,26.,1,false,true,false,true,48.,44.,2.,2.,10.6426282407
0.946490713633,Voter,14,6,31.,1,false,true,false,true,48.,44.,2.,2.,10.6426282848
0.946490713633,Voter,14,6,36.,1,false,true,false,true,48.,44.,2.,2.,10.6426282859
0.946490713633,Voter,14,6,41.,1,false,true,false,true,48.,44.,2.,2.,10.6426282859
0.946490713633,Voter,14,6,46.,1,false,true,false,true,48.,44.,2.,2.,10.6426282859
0.946490713633,Voter,14,6,51.,1,false,true,false,true,48.,44.,2.,2.,10.6426282859
1.35415822092,Voter,14,3,1.,1,false,true,false,true,0.,0.,12.,10.,0.
1.35415822092,Voter,14,3,6.,1,false,true,false,true,10.,8.,2.,2.,12.3436276447
1.35415822092,Voter,14,3,11.,1,false,true,false,true,12.,10.,0.,0.,12.9254282318
1.35415822092,Voter,14,3,16.,1,false,true,false,true,12.,10.,0.,0.,12.9541532604
1.35415822092,Voter,14,3,21.,1,false,true,false,true,12.,10.,0.,0.,12.9556295622
1.35415822092,Voter,14,3,26.,1,false,true,false,true,12.,10.,0.,0.,12.9557080443
1.35415822092,Voter,14,3,31.,1,false,true,false,true,12.,10.,0.,0.,12.9557123355
1.35415822092,Voter,14,3,36.,1,false,true,false,true,12.,10.,0.,0.,12.9557125757
1.35415822092,Voter,14,3,41.,1,false,true,false,true,12.,10.,0.,0.,12.9557125894
1.35415822092,Voter,14,3,46.,1,false,true,false,true,12.,10.,0.,0.,12.9557125902
1.35415822092,Voter,14,3,51.,1,false,true,false,true,12.,10.,0.,0.,12.9557125902
0.891734013162,Sample,14,6,1.,1,false,true,false,true,50.,48.,120.,88.,0.
0.891734013162,Sample,14,6,6.,1,false,true,false,true,212.,152.,246.,178.,10.0988122029
0.891734013162,Sample,14,6,11.,1,false,true,false,true,218.,156.,248.,178.,10.2533257414
0.891734013162,Sample,14,6,16.,1,false,true,false,true,218.,156.,248.,178.,10.2559468779
0.891734013162,Sample,14,6,21.,1,false,true,false,true,218.,156.,248.,178.,10.2559949632
0.891734013162,Sample,14,6,26.,1,false,true,false,true,218.,156.,248.,178.,10.2559958981
0.891734013162,Sample,14,6,31.,1,false,true,false,true,218.,156.,248.,178.,10.255995917
0.891734013162,Sample,14,6,36.,1,false,true,false,true,218.,156.,248.,178.,10.2559959174
0.891734013162,Sample,14,6,41.,1,false,true,false,true,218.,156.,248.,178.,10.2559959175
0.891734013162,Sample,14,6,46.,1,false,true,false,true,218.,156.,248.,178.,10.2559959175
0.891734013162,Sample,14,6,51.,1,false,true,false,true,218.,156.,248.,178.,10.2559959175
1.07336104027,Voter,14,7,1.,1,false,true,false,true,34.,32.,48.,40.,0.
1.07336104027,Voter,14,7,6.,1,false,true,false,true,74.,64.,24.,20.,11.1611691064
1.07336104027,Voter,14,7,11.,1,false,true,false,true,74.,64.,24.,20.,11.4515978122
1.07336104027,Voter,14,7,16.,1,false,true,false,true,74.,64.,24.,20.,11.4597255993
1.07336104027,Voter,14,7,21.,1,false,true,false,true,74.,64.,24.,20.,11.4599668964
1.07336104027,Voter,14,7,26.,1,false,true,false,true,74.,64.,24.,20.,11.4599744018
1.07336104027,Voter,14,7,31.,1,false,true,false,true,74.,64.,24.,20.,11.4599746439
1.07336104027,Voter,14,7,36.,1,false,true,false,true,74.,64.,24.,20.,11.459974652
1.07336104027,Voter,14,7,41.,1,false,true,false,true,74.,64.,24.,20.,11.4599746522
1.07336104027,Voter,14,7,46.,1,false,true,false,true,74.,64.,24.,20.,11.4599746522
1.07336104027,Voter,14,7,51.,1,false,true,false,true,74.,64.,24.,20.,11.4599746522
1.12376745891,Sample,14,6,1.,1,false,true,false,true,34.,34.,82.,70.,0.
1.12376745891,Sample,14,6,6.,1,false,true,false,true,132.,112.,120.,106.,11.4106826032
1.12376745891,Sample,14,6,11.,1,false,true,false,true,136.,116.,124.,110.,11.7466661419
1.12376745891,Sample,14,6,16.,1,false,true,false,true,136.,116.,124.,110.,11.7572407933
1.12376745891,Sample,14,6,21.,1,false,true,false,true,136.,116.,124.,110.,11.7575923856
1.12376745891,Sample,14,6,26.,1,false,true,false,true,136.,116.,124.,110.,11.7576046003
1.12376745891,Sample,14,6,31.,1,false,true,false,true,136.,116.,124.,110.,11.7576050397
1.12376745891,Sample,14,6,36.,1,false,true,false,true,136.,116.,124.,110.,11.7576050559
1.12376745891,Sample,14,6,41.,1,false,true,false,true,136.,116.,124.,110.,11.7576050565
1.12376745891,Sample,14,6,46.,1,false,true,false,true,136.,116.,124.,110.,11.7576050566
1.12376745891,Sample,14,6,51.,1,false,true,false,true,136.,116.,124.,110.,11.7576050566
1.39792751823,Voter,14,3,1.,1,false,true,false,true,4.,4.,6.,6.,0.
1.39792751823,Voter,14,3,6.,1,false,true,false,true,10.,8.,0.,0.,12.4871067847
1.39792751823,Voter,14,3,11.,1,false,true,false,true,10.,8.,0.,0.,13.1216519708
1.39792751823,Voter,14,3,16.,1,false,true,false,true,10.,8.,0.,0.,13.1553342164
1.39792751823,Voter,14,3,21.,1,false,true,false,true,10.,8.,0.,0.,13.1571913025
1.39792751823,Voter,14,3,26.,1,false,true,false,true,10.,8.,0.,0.,13.1572970485
1.39792751823,Voter,14,3,31.,1,false,true,false,true,10.,8.,0.,0.,13.1573032347
1.39792751823,Voter,14,3,36.,1,false,true,false,true,10.,8.,0.,0.,13.1573036049
1.39792751823,Voter,14,3,41.,1,false,true,false,true,10.,8.,0.,0.,13.1573036274
1.39792751823,Voter,14,3,46.,1,false,true,false,true,10.,8.,0.,0.,13.1573036288
1.39792751823,Voter,14,3,51.,1,false,true,false,true,10.,8.,0.,0.,13.1573036289
1.29825558146,Voter,14,5,1.,1,false,true,false,true,20.,20.,34.,30.,0.
1.29825558146,Voter,14,5,6.,1,false,true,false,true,42.,34.,16.,16.,12.1457932867
1.29825558146,Voter,14,5,11.,1,false,true,false,true,42.,34.,16.,16.,12.6627911859
1.29825558146,Voter,14,5,16.,1,false,true,false,true,42.,34.,16.,16.,12.6859350647
1.29825558146,Voter,14,5,21.,1,false,true,false,true,42.,34.,16.,16.,12.6870167973
1.29825558146,Voter,14,5,26.,1,false,true,false,true,42.,34.,16.,16.,12.6870692078
1.29825558146,Voter,14,5,31.,1,false,true,false,true,42.,34.,16.,16.,12.6870718235
1.29825558146,Voter,14,5,36.,1,false,true,false,true,42.,34.,16.,16.,12.6870719572
1.29825558146,Voter,14,5,41.,1,false,true,false,true,42.,34.,16.,16.,12.6870719642
1.29825558146,Voter,14,5,46.,1,false,true,false,true,42.,34.,16.,16.,12.6870719646
1.29825558146,Voter,14,5,51.,1,false,true,false,true,42.,34.,16.,16.,12.6870719646
1.14588859134,Voter,14,6,1.,1,false,true,false,true,46.,44.,46.,40.,0.
1.14588859134,Voter,14,6,6.,1,false,true,false,true,88.,70.,40.,38.,11.5145968314
1.14588859134,Voter,14,6,11.,1,false,true,false,true,88.,70.,40.,38.,11.871579131
1.14588859134,Voter,14,6,16.,1,false,true,false,true,88.,70.,40.,38.,11.8833801859
1.14588859134,Voter,14,6,21.,1,false,true,false,true,88.,70.,40.,38.,11.8837915974
1.14588859134,Voter,14,6,26.,1,false,true,false,true,88.,70.,40.,38.,11.8838065671
1.14588859134,Voter,14,6,31.,1,false,true,false,true,88.,70.,40.,38.,11.8838071307
1.14588859134,Voter,14,6,36.,1,false,true,false,true,88.,70.,40.,38.,11.8838071525
1.14588859134,Voter,14,6,41.,1,false,true,false,true,88.,70.,40.,38.,11.8838071534
1.14588859134,Voter,14,6,46.,1,false,true,false,true,88.,70.,40.,38.,11.8838071534
1.14588859134,Voter,14,6,51.,1,false,true,false,true,88.,70.,40.,38.,11.8838071534
1.36124330973,Voter,14,6,1.,1,false,true,false,true,54.,50.,78.,66.,0.
1.36124330973,Voter,14,6,6.,1,false,true,false,true,110.,90.,94.,78.,12.3675162163
1.36124330973,Voter,14,6,11.,1,false,true,false,true,110.,90.,94.,78.,12.9577393932
1.36124330973,Voter,14,6,16.,1,false,true,false,true,110.,90.,94.,78.,12.9872311254
1.36124330973,Voter,14,6,21.,1,false,true,false,true,110.,90.,94.,78.,12.9887645279
1.36124330973,Voter,14,6,26.,1,false,true,false,true,110.,90.,94.,78.,12.9888469759
1.36124330973,Voter,14,6,31.,1,false,true,false,true,110.,90.,94.,78.,12.9888515345
1.36124330973,Voter,14,6,36.,1,false,true,false,true,110.,90.,94.,78.,12.9888517925
1.36124330973,Voter,14,6,41.,1,false,true,false,true,110.,90.,94.,78.,12.9888518074
1.36124330973,Voter,14,6,46.,1,false,true,false,true,110.,90.,94.,78.,12.9888518083
1.36124330973,Voter,14,6,51.,1,false,true,false,true,110.,90.,94.,78.,12.9888518083
1.311278877,Voter,14,5,1.,1,false,true,false,true,18.,18.,42.,40.,0.
1.311278877,Voter,14,5,6.,1,false,true,false,true,50.,50.,30.,30.,12.1933941301
1.311278877,Voter,14,5,11.,1,false,true,false,true,50.,50.,30.,30.,12.7252194139
1.311278877,Voter,14,5,16.,1,false,true,false,true,50.,50.,30.,30.,12.7495905585
1.311278877,Voter,14,5,21.,1,false,true,false,true,50.,50.,30.,30.,12.750755764
1.311278877,Voter,14,5,26.,1,false,true,false,true,50.,50.,30.,30.,12.7508134831
1.311278877,Voter,14,5,31.,1,false,true,false,true,50.,50.,30.,30.,12.7508164271
1.311278877,Voter,14,5,36.,1,false,true,false,true,50.,50.,30.,30.,12.7508165809
1.311278877,Voter,14,5,41.,1,false,true,false,true,50.,50.,30.,30.,12.7508165891
1.311278877,Voter,14,5,46.,1,false,true,false,true,50.,50.,30.,30.,12.7508165896
1.311278877,Voter,14,5,51.,1,false,true,false,true,50.,50.,30.,30.,12.7508165896
1.19570481914,Voter,14,3,1.,1,false,true,false,true,4.,4.,14.,14.,0.
1.19570481914,Voter,14,3,6.,1,false,true,false,true,10.,10.,12.,12.,11.7367396591
1.19570481914,Voter,14,3,11.,1,false,true,false,true,10.,10.,12.,12.,12.1431678765
1.19570481914,Voter,14,3,16.,1,false,true,false,true,10.,10.,12.,12.,12.1580991778
1.19570481914,Voter,14,3,21.,1,false,true,false,true,10.,10.,12.,12.,12.1586755871
1.19570481914,Voter,14,3,26.,1,false,true,false,true,10.,10.,12.,12.,12.1586987558
1.19570481914,Voter,14,3,31.,1,false,true,false,true,10.,10.,12.,12.,12.158699718
1.19570481914,Voter,14,3,36.,1,false,true,false,true,10.,10.,12.,12.,12.158699759
1.19570481914,Voter,14,3,41.,1,false,true,false,true,10.,10.,12.,12.,12.1586997608
1.19570481914,Voter,14,3,46.,1,false,true,false,true,10.,10.,12.,12.,12.1586997608
1.19570481914,Voter,14,3,51.,1,false,true,false,true,10.,10.,12.,12.,12.1586997608
1.35959345526,Voter,14,6,1.,1,false,true,false,true,22.,22.,36.,36.,0.
1.35959345526,Voter,14,6,6.,1,false,true,false,true,50.,48.,8.,8.,12.3619766831
1.35959345526,Voter,14,6,11.,1,false,true,false,true,50.,48.,8.,8.,12.9502344824
1.35959345526,Voter,14,6,16.,1,false,true,false,true,50.,48.,8.,8.,12.9795464598
1.35959345526,Voter,14,6,21.,1,false,true,false,true,50.,48.,8.,8.,12.9810664146
1.35959345526,Voter,14,6,26.,1,false,true,false,true,50.,48.,8.,8.,12.9811479245
1.35959345526,Voter,14,6,31.,1,false,true,false,true,50.,48.,8.,8.,12.9811524196
1.35959345526,Voter,14,6,36.,1,false,true,false,true,50.,48.,8.,8.,12.9811526733
1.35959345526,Voter,14,6,41.,1,false,true,false,true,50.,48.,8.,8.,12.9811526879
1.35959345526,Voter,14,6,46.,1,false,true,false,true,50.,48.,8.,8.,12.9811526888
1.35959345526,Voter,14,6,51.,1,false,true,false,true,50.,48.,8.,8.,12.9811526888
1.19970407565,Voter,14,7,1.,1,false,true,false,true,52.,48.,62.,56.,0.
1.19970407565,Voter,14,7,6.,1,false,true,false,true,108.,90.,30.,30.,11.7538822051
1.19970407565,Voter,14,7,11.,1,false,true,false,true,106.,90.,28.,28.,12.1644058865
1.19970407565,Voter,14,7,16.,1,false,true,false,true,106.,90.,28.,28.,12.1796116114
1.19970407565,Voter,14,7,21.,1,false,true,false,true,106.,90.,28.,28.,12.1802032774
1.19970407565,Voter,14,7,26.,1,false,true,false,true,106.,90.,28.,28.,12.1802272438
1.19970407565,Voter,14,7,31.,1,false,true,false,true,106.,90.,28.,28.,12.1802282466
1.19970407565,Voter,14,7,36.,1,false,true,false,true,106.,90.,28.,28.,12.1802282897
1.19970407565,Voter,14,7,41.,1,false,true,false,true,106.,90.,28.,28.,12.1802282916
1.19970407565,Voter,14,7,46.,1,false,true,false,true,106.,90.,28.,28.,12.1802282917
1.19970407565,Voter,14,7,51.,1,false,true,false,true,106.,90.,28.,28.,12.1802282917
0.879846449898,Voter,14,5,1.,1,false,true,false,true,16.,16.,46.,42.,0.
0.879846449898,Voter,14,5,6.,1,false,true,false,true,40.,40.,22.,22.,10.0194096264
0.879846449898,Voter,14,5,11.,1,false,true,false,true,40.,40.,22.,22.,10.1666349582
0.879846449898,Voter,14,5,16.,1,false,true,false,true,40.,40.,22.,22.,10.1690397593
0.879846449898,Voter,14,5,21.,1,false,true,false,true,40.,40.,22.,22.,10.1690823034
0.879846449898,Voter,14,5,26.,1,false,true,false,true,40.,40.,22.,22.,10.1690831017
0.879846449898,Voter,14,5,31.,1,false,true,false,true,40.,40.,22.,22.,10.1690831174
0.879846449898,Voter,14,5,36.,1,false,true,false,true,40.,40.,22.,22.,10.1690831177
0.879846449898,Voter,14,5,41.,1,false,true,false,true,40.,40.,22.,22.,10.1690831177
0.879846449898,Voter,14,5,46.,1,false,true,false,true,40.,40.,22.,22.,10.1690831177
0.879846449898,Voter,14,5,51.,1,false,true,false,true,40.,40.,22.,22.,10.1690831177
0.819275197584,Sample,14,6,1.,1,false,true,false,true,30.,26.,54.,44.,0.
0.819275197584,Sample,14,6,6.,1,false,true,false,true,90.,76.,34.,34.,9.59385331423
0.819275197584,Sample,14,6,11.,1,false,true,false,true,92.,76.,32.,32.,9.70706476153
0.819275197584,Sample,14,6,16.,1,false,true,false,true,92.,76.,32.,32.,9.70857199844
0.819275197584,Sample,14,6,21.,1,false,true,false,true,92.,76.,32.,32.,9.70859391557
0.819275197584,Sample,14,6,26.,1,false,true,false,true,92.,76.,32.,32.,9.70859425516
0.819275197584,Sample,14,6,31.,1,false,true,false,true,92.,76.,32.,32.,9.70859426067
0.819275197584,Sample,14,6,36.,1,false,true,false,true,92.,76.,32.,32.,9.70859426076
0.819275197584,Sample,14,6,41.,1,false,true,false,true,92.,76.,32.,32.,9.70859426077
0.819275197584,Sample,14,6,46.,1,false,true,false,true,92.,76.,32.,32.,9.70859426077
0.819275197584,Sample,14,6,51.,1,false,true,false,true,92.,76.,32.,32.,9.70859426077
1.11893648351,Voter,14,6,1.,1,false,true,false,true,30.,28.,94.,82.,0.
1.11893648351,Voter,14,6,6.,1,false,true,false,true,84.,70.,72.,62.,11.3875441536
1.11893648351,Voter,14,6,11.,1,false,true,false,true,88.,72.,76.,62.,11.7190223451
1.11893648351,Voter,14,6,16.,1,false,true,false,true,88.,72.,76.,62.,11.7293419274
1.11893648351,Voter,14,6,21.,1,false,true,false,true,88.,72.,76.,62.,11.7296814443
1.11893648351,Voter,14,6,26.,1,false,true,false,true,88.,72.,76.,62.,11.7296931188
1.11893648351,Voter,14,6,31.,1,false,true,false,true,88.,72.,76.,62.,11.7296935345
1.11893648351,Voter,14,6,36.,1,false,true,false,true,88.,72.,76.,62.,11.7296935497
1.11893648351,Voter,14,6,41.,1,false,true,false,true,88.,72.,76.,62.,11.7296935503
1.11893648351,Voter,14,6,46.,1,false,true,false,true,88.,72.,76.,62.,11.7296935503
1.11893648351,Voter,14,6,51.,1,false,true,false,true,88.,72.,76.,62.,11.7296935503
1.07676355596,Sample,14,6,1.,1,false,true,false,true,84.,74.,138.,118.,0.
1.07676355596,Sample,14,6,6.,1,false,true,false,true,258.,198.,284.,210.,11.1785844921
1.07676355596,Sample,14,6,11.,1,false,true,false,true,260.,198.,282.,210.,11.4719857083
1.07676355596,Sample,14,6,16.,1,false,true,false,true,260.,198.,282.,210.,11.4802641632
1.07676355596,Sample,14,6,21.,1,false,true,false,true,260.,198.,282.,210.,11.4805118797
1.07676355596,Sample,14,6,26.,1,false,true,false,true,260.,198.,282.,210.,11.4805196443
1.07676355596,Sample,14,6,31.,1,false,true,false,true,260.,198.,282.,210.,11.4805198967
1.07676355596,Sample,14,6,36.,1,false,true,false,true,260.,198.,282.,210.,11.4805199051
1.07676355596,Sample,14,6,41.,1,false,true,false,true,260.,198.,282.,210.,11.4805199054
1.07676355596,Sample,14,6,46.,1,false,true,false,true,260.,198.,282.,210.,11.4805199054
1.07676355596,Sample,14,6,51.,1,false,true,false,true,260.,198.,282.,210.,11.4805199054
1.13455294281,Sample,14,3,1.,1,false,true,false,true,6.,6.,16.,14.,0.
1.13455294281,Sample,14,3,6.,1,false,true,false,true,14.,12.,4.,4.,11.4617626059
1.13455294281,Sample,14,3,11.,1,false,true,false,true,16.,14.,6.,6.,11.8079091924
1.13455294281,Sample,14,3,16.,1,false,true,false,true,16.,14.,6.,6.,11.8190696908
1.13455294281,Sample,14,3,21.,1,false,true,false,true,16.,14.,6.,6.,11.8194495002
1.13455294281,Sample,14,3,26.,1,false,true,false,true,16.,14.,6.,6.,11.8194629984
1.13455294281,Sample,14,3,31.,1,false,true,false,true,16.,14.,6.,6.,11.819463495
1.13455294281,Sample,14,3,36.,1,false,true,false,true,16.,14.,6.,6.,11.8194635138
1.13455294281,Sample,14,3,41.,1,false,true,false,true,16.,14.,6.,6.,11.8194635145
1.13455294281,Sample,14,3,46.,1,false,true,false,true,16.,14.,6.,6.,11.8194635146
1.13455294281,Sample,14,3,51.,1,false,true,false,true,16.,14.,6.,6.,11.8194635146
0.936534700789,Sample,14,6,1.,1,false,true,false,true,24.,24.,80.,68.,0.
0.936534700789,Sample,14,6,6.,1,false,true,false,true,128.,104.,108.,90.,10.3865236532
0.936534700789,Sample,14,6,11.,1,false,true,false,true,140.,114.,112.,94.,10.5703064973
0.936534700789,Sample,14,6,16.,1,false,true,false,true,140.,114.,112.,94.,10.5738796421
0.936534700789,Sample,14,6,21.,1,false,true,false,true,140.,114.,112.,94.,10.5739543621
0.936534700789,Sample,14,6,26.,1,false,true,false,true,140.,114.,112.,94.,10.5739560129
0.936534700789,Sample,14,6,31.,1,false,true,false,true,140.,114.,112.,94.,10.5739560509
0.936534700789,Sample,14,6,36.,1,false,true,false,true,140.,114.,112.,94.,10.5739560518
0.936534700789,Sample,14,6,41.,1,false,true,false,true,140.,114.,112.,94.,10.5739560518
0.936534700789,Sample,14,6,46.,1,false,true,false,true,140.,114.,112.,94.,10.5739560518
0.936534700789,Sample,14,6,51.,1,false,true,false,true,140.,114.,112.,94.,10.5739560518
1.06693976443,Sample,14,3,1.,1,false,true,false,true,8.,8.,22.,20.,0.
1.06693976443,Sample,14,3,6.,1,false,true,false,true,32.,30.,46.,40.,11.1280712865
1.06693976443,Sample,14,3,11.,1,false,true,false,true,36.,34.,42.,38.,11.412931326
1.06693976443,Sample,14,3,16.,1,false,true,false,true,36.,34.,42.,38.,11.4207802566
1.06693976443,Sample,14,3,21.,1,false,true,false,true,36.,34.,42.,38.,11.4210098091
1.06693976443,Sample,14,3,26.,1,false,true,false,true,36.,34.,42.,38.,11.4210168455
1.06693976443,Sample,14,3,31.,1,false,true,false,true,36.,34.,42.,38.,11.4210170693
1.06693976443,Sample,14,3,36.,1,false,true,false,true,36.,34.,42.,38.,11.4210170766
1.06693976443,Sample,14,3,41.,1,false,true,false,true,36.,34.,42.,38.,11.4210170768
1.06693976443,Sample,14,3,46.,1,false,true,false,true,36.,34.,42.,38.,11.4210170768
1.06693976443,Sample,14,3,51.,1,false,true,false,true,36.,34.,42.,38.,11.4210170768
1.33631906323,Sample,14,7,1.,1,false,true,false,true,24.,24.,102.,92.,0.
1.33631906323,Sample,14,7,6.,1,false,true,false,true,100.,90.,70.,66.,12.2823173539
1.33631906323,Sample,14,7,11.,1,false,true,false,true,110.,102.,56.,56.,12.8431155646
1.33631906323,Sample,14,7,16.,1,false,true,false,true,110.,102.,56.,56.,12.869970076
1.33631906323,Sample,14,7,21.,1,false,true,false,true,110.,102.,56.,56.,12.8713099356
1.33631906323,Sample,14,7,26.,1,false,true,false,true,110.,102.,56.,56.,12.8713791302
1.33631906323,Sample,14,7,31.,1,false,true,false,true,110.,102.,56.,56.,12.8713828072
1.33631906323,Sample,14,7,36.,1,false,true,false,true,110.,102.,56.,56.,12.8713830073
1.33631906323,Sample,14,7,41.,1,false,true,false,true,110.,102.,56.,56.,12.8713830184
1.33631906323,Sample,14,7,46.,1,false,true,false,true,110.,102.,56.,56.,12.871383019
1.33631906323,Sample,14,7,51.,1,false,true,false,true,110.,102.,56.,56.,12.871383019
0.808257597587,Voter,14,4,1.,1,false,true,false,true,8.,6.,12.,12.,0.
0.808257597587,Voter,14,4,6.,1,false,true,false,true,20.,16.,0.,0.,9.5125370947
0.808257597587,Voter,14,4,11.,1,false,true,false,true,20.,16.,0.,0.,9.62012115543
0.808257597587,Voter,14,4,16.,1,false,true,false,true,20.,16.,0.,0.,9.62149805176
0.808257597587,Voter,14,4,21.,1,false,true,false,true,20.,16.,0.,0.,9.62151733054
0.808257597587,Voter,14,4,26.,1,false,true,false,true,20.,16.,0.,0.,9.62151761841
0.808257597587,Voter,14,4,31.,1,false,true,false,true,20.,16.,0.,0.,9.62151762292
0.808257597587,Voter,14,4,36.,1,false,true,false,true,20.,16.,0.,0.,9.62151762299
0.808257597587,Voter,14,4,41.,1,false,true,false,true,20.,16.,0.,0.,9.62151762299
0.808257597587,Voter,14,4,46.,1,false,true,false,true,20.,16.,0.,0.,9.62151762299
0.808257597587,Voter,14,4,51.,1,false,true,false,true,20.,16.,0.,0.,9.62151762299
0.937965702149,Voter,14,4,1.,1,false,true,false,true,8.,8.,12.,12.,0.
0.937965702149,Voter,14,4,6.,1,false,true,false,true,20.,20.,0.,0.,10.3954205616
0.937965702149,Voter,14,4,11.,1,false,true,false,true,20.,20.,0.,0.,10.5801850772
0.937965702149,Voter,14,4,16.,1,false,true,false,true,20.,20.,0.,0.,10.5837924342
0.937965702149,Voter,14,4,21.,1,false,true,false,true,20.,20.,0.,0.,10.5838681748
0.937965702149,Voter,14,4,26.,1,false,true,false,true,20.,20.,0.,0.,10.5838698547
0.937965702149,Voter,14,4,31.,1,false,true,false,true,20.,20.,0.,0.,10.5838698936
0.937965702149,Voter,14,4,36.,1,false,true,false,true,20.,20.,0.,0.,10.5838698945
0.937965702149,Voter,14,4,41.,1,false,true,false,true,20.,20.,0.,0.,10.5838698945
0.937965702149,Voter,14,4,46.,1,false,true,false,true,20.,20.,0.,0.,10.5838698945
0.937965702149,Voter,14,4,51.,1,false,true,false,true,20.,20.,0.,0.,10.5838698945
1.35314112255,Sample,14,3,1.,1,false,true,false,true,10.,10.,18.,16.,0.
1.35314112255,Sample,14,3,6.,1,false,true,false,true,66.,50.,74.,52.,12.3401769238
1.35314112255,Sample,14,3,11.,1,false,true,false,true,66.,50.,74.,52.,12.9207721607
1.35314112255,Sample,14,3,16.,1,false,true,false,true,66.,50.,74.,52.,12.9493882422
1.35314112255,Sample,14,3,21.,1,false,true,false,true,66.,50.,74.,52.,12.9508564849
1.35314112255,Sample,14,3,26.,1,false,true,false,true,66.,50.,74.,52.,12.950934411
1.35314112255,Sample,14,3,31.,1,false,true,false,true,66.,50.,74.,52.,12.9509386649
1.35314112255,Sample,14,3,36.,1,false,true,false,true,66.,50.,74.,52.,12.9509389026
1.35314112255,Sample,14,3,41.,1,false,true,false,true,66.,50.,74.,52.,12.9509389162
1.35314112255,Sample,14,3,46.,1,false,true,false,true,66.,50.,74.,52.,12.9509389169
1.35314112255,Sample,14,3,51.,1,false,true,false,true,66.,50.,74.,52.,12.950938917
0.904482094122,Sample,14,6,1.,1,false,true,false,true,88.,72.,132.,100.,0.
0.904482094122,Sample,14,6,6.,1,false,true,false,true,172.,144.,172.,136.,10.1825167148
0.904482094122,Sample,14,6,11.,1,false,true,false,true,178.,148.,174.,138.,10.3450692899
0.904482094122,Sample,14,6,16.,1,false,true,false,true,178.,148.,174.,138.,10.3479386965
0.904482094122,Sample,14,6,21.,1,false,true,false,true,178.,148.,174.,138.,10.347993385
0.904482094122,Sample,14,6,26.,1,false,true,false,true,178.,148.,174.,138.,10.3479944886
0.904482094122,Sample,14,6,31.,1,false,true,false,true,178.,148.,174.,138.,10.3479945119
0.904482094122,Sample,14,6,36.,1,false,true,false,true,178.,148.,174.,138.,10.3479945124
0.904482094122,Sample,14,6,41.,1,false,true,false,true,178.,148.,174.,138.,10.3479945124
0.904482094122,Sample,14,6,46.,1,false,true,false,true,178.,148.,174.,138.,10.3479945124
0.904482094122,Sample,14,6,51.,1,false,true,false,true,178.,148.,174.,138.,10.3479945124
0.811132631812,Sample,14,4,1.,1,false,true,false,true,12.,12.,24.,20.,0.
0.811132631812,Sample,14,4,6.,1,false,true,false,true,34.,28.,18.,18.,9.53387610155
0.811132631812,Sample,14,4,11.,1,false,true,false,true,34.,28.,18.,18.,9.64291209313
0.811132631812,Sample,14,4,16.,1,false,true,false,true,34.,28.,18.,18.,9.64432211639
0.811132631812,Sample,14,4,21.,1,false,true,false,true,34.,28.,18.,18.,9.64434205614
0.811132631812,Sample,14,4,26.,1,false,true,false,true,34.,28.,18.,18.,9.64434235679
0.811132631812,Sample,14,4,31.,1,false,true,false,true,34.,28.,18.,18.,9.64434236154
0.811132631812,Sample,14,4,36.,1,false,true,false,true,34.,28.,18.,18.,9.64434236162
0.811132631812,Sample,14,4,41.,1,false,true,false,true,34.,28.,18.,18.,9.64434236162
0.811132631812,Sample,14,4,46.,1,false,true,false,true,34.,28.,18.,18.,9.64434236162
0.811132631812,Sample,14,4,51.,1,false,true,false,true,34.,28.,18.,18.,9.64434236162
0.937813804071,Voter,14,5,1.,1,false,true,false,true,34.,30.,32.,28.,0.
0.937813804071,Voter,14,5,6.,1,false,true,false,true,54.,44.,12.,12.,10.3944770154
0.937813804071,Voter,14,5,11.,1,false,true,false,true,54.,44.,12.,12.,10.5791371917
0.937813804071,Voter,14,5,16.,1,false,true,false,true,54.,44.,12.,12.,10.5827409053
0.937813804071,Voter,14,5,21.,1,false,true,false,true,54.,44.,12.,12.,10.582816537
0.937813804071,Voter,14,5,26.,1,false,true,false,true,54.,44.,12.,12.,10.5828182138
0.937813804071,Voter,14,5,31.,1,false,true,false,true,54.,44.,12.,12.,10.5828182526
0.937813804071,Voter,14,5,36.,1,false,true,false,true,54.,44.,12.,12.,10.5828182535
0.937813804071,Voter,14,5,41.,1,false,true,false,true,54.,44.,12.,12.,10.5828182536
0.937813804071,Voter,14,5,46.,1,false,true,false,true,54.,44.,12.,12.,10.5828182536
0.937813804071,Voter,14,5,51.,1,false,true,false,true,54.,44.,12.,12.,10.5828182536
1.27223153342,Voter,14,4,1.,1,false,true,false,true,14.,14.,14.,14.,0.
1.27223153342,Voter,14,4,6.,1,false,true,false,true,36.,32.,24.,22.,12.0478298338
1.27223153342,Voter,14,4,11.,1,false,true,false,true,36.,32.,24.,22.,12.5357097991
1.27223153342,Voter,14,4,16.,1,false,true,false,true,36.,32.,24.,22.,12.5565298617
1.27223153342,Voter,14,4,21.,1,false,true,false,true,36.,32.,24.,22.,12.5574589218
1.27223153342,Voter,14,4,26.,1,false,true,false,true,36.,32.,24.,22.,12.5575019429
1.27223153342,Voter,14,4,31.,1,false,true,false,true,36.,32.,24.,22.,12.5575039964
1.27223153342,Voter,14,4,36.,1,false,true,false,true,36.,32.,24.,22.,12.5575040969
1.27223153342,Voter,14,4,41.,1,false,true,false,true,36.,32.,24.,22.,12.5575041019
1.27223153342,Voter,14,4,46.,1,false,true,false,true,36.,32.,24.,22.,12.5575041022
1.27223153342,Voter,14,4,51.,1,false,true,false,true,36.,32.,24.,22.,12.5575041022
1.2350174541,Voter,14,6,1.,1,false,true,false,true,52.,48.,84.,70.,0.
1.2350174541,Voter,14,6,6.,1,false,true,false,true,122.,94.,66.,60.,11.9009510029
1.2350174541,Voter,14,6,11.,1,false,true,false,true,118.,92.,62.,58.,12.3484213491
1.2350174541,Voter,14,6,16.,1,false,true,false,true,118.,92.,62.,58.,12.3662067605
1.2350174541,Voter,14,6,21.,1,false,true,false,true,118.,92.,62.,58.,12.3669476476
1.2350174541,Voter,14,6,26.,1,false,true,false,true,118.,92.,62.,58.,12.3669797256
1.2350174541,Voter,14,6,31.,1,false,true,false,true,118.,92.,62.,58.,12.3669811588
1.2350174541,Voter,14,6,36.,1,false,true,false,true,118.,92.,62.,58.,12.3669812245
1.2350174541,Voter,14,6,41.,1,false,true,false,true,118.,92.,62.,58.,12.3669812275
1.2350174541,Voter,14,6,46.,1,false,true,false,true,118.,92.,62.,58.,12.3669812277
1.2350174541,Voter,14,6,51.,1,false,true,false,true,118.,92.,62.,58.,12.3669812277
1.14440131936,Voter,14,3,1.,1,false,true,false,true,0.,0.,8.,8.,0.
1.14440131936,Voter,14,3,6.,1,false,true,false,true,8.,8.,0.,0.,11.5077141301
1.14440131936,Voter,14,3,11.,1,false,true,false,true,8.,8.,0.,0.,11.8632658042
1.14440131936,Voter,14,3,16.,1,false,true,false,true,8.,8.,0.,0.,11.874981347
1.14440131936,Voter,14,3,21.,1,false,true,false,true,8.,8.,0.,0.,11.8753884953
1.14440131936,Voter,14,3,26.,1,false,true,false,true,8.,8.,0.,0.,11.8754032644
1.14440131936,Voter,14,3,31.,1,false,true,false,true,8.,8.,0.,0.,11.8754038188
1.14440131936,Voter,14,3,36.,1,false,true,false,true,8.,8.,0.,0.,11.8754038402
1.14440131936,Voter,14,3,41.,1,false,true,false,true,8.,8.,0.,0.,11.875403841
1.14440131936,Voter,14,3,46.,1,false,true,false,true,8.,8.,0.,0.,11.8754038411
1.14440131936,Voter,14,3,51.,1,false,true,false,true,8.,8.,0.,0.,11.8754038411
0.872667296341,Voter,14,5,1.,1,false,true,false,true,20.,16.,28.,24.,0.
0.872667296341,Voter,14,5,6.,1,false,true,false,true,38.,30.,10.,10.,9.97081779903
0.872667296341,Voter,14,5,11.,1,false,true,false,true,38.,30.,10.,10.,10.1137390235
0.872667296341,Voter,14,5,16.,1,false,true,false,true,38.,30.,10.,10.,10.1160199999
0.872667296341,Voter,14,5,21.,1,false,true,false,true,38.,30.,10.,10.,10.1160594653
0.872667296341,Voter,14,5,26.,1,false,true,false,true,38.,30.,10.,10.,10.11606019
0.872667296341,Voter,14,5,31.,1,false,true,false,true,38.,30.,10.,10.,10.1160602039
0.872667296341,Voter,14,5,36.,1,false,true,false,true,38.,30.,10.,10.,10.1160602042
0.872667296341,Voter,14,5,41.,1,false,true,false,true,38.,30.,10.,10.,10.1160602042
0.872667296341,Voter,14,5,46.,1,false,true,false,true,38.,30.,10.,10.,10.1160602042
0.872667296341,Voter,14,5,51.,1,false,true,false,true,38.,30.,10.,10.,10.1160602042
1.34816495014,Voter,14,6,1.,1,false,true,false,true,52.,48.,114.,98.,0.
1.34816495014,Voter,14,6,6.,1,false,true,false,true,110.,88.,76.,68.,12.3232163476
1.34816495014,Voter,14,6,11.,1,false,true,false,true,110.,88.,76.,68.,12.8979280678
1.34816495014,Voter,14,6,16.,1,false,true,false,true,110.,88.,76.,68.,12.9260151485
1.34816495014,Voter,14,6,21.,1,false,true,false,true,110.,88.,76.,68.,12.9274444553
1.34816495014,Voter,14,6,26.,1,false,true,false,true,110.,88.,76.,68.,12.927519708
1.34816495014,Voter,14,6,31.,1,false,true,false,true,110.,88.,76.,68.,12.9275237837
1.34816495014,Voter,14,6,36.,1,false,true,false,true,110.,88.,76.,68.,12.9275240096
1.34816495014,Voter,14,6,41.,1,false,true,false,true,110.,88.,76.,68.,12.9275240224
1.34816495014,Voter,14,6,46.,1,false,true,false,true,110.,88.,76.,68.,12.9275240231
1.34816495014,Voter,14,6,51.,1,false,true,false,true,110.,88.,76.,68.,12.9275240232
1.11476242584,Sample,14,4,1.,1,false,true,false,true,2.,2.,26.,24.,0.
1.11476242584,Sample,14,4,6.,1,false,true,false,true,28.,26.,0.,0.,11.3674220042
1.11476242584,Sample,14,4,11.,1,false,true,false,true,28.,26.,0.,0.,11.6950309706
1.11476242584,Sample,14,4,16.,1,false,true,false,true,28.,26.,0.,0.,11.7051337783
1.11476242584,Sample,14,4,21.,1,false,true,false,true,28.,26.,0.,0.,11.7054631345
1.11476242584,Sample,14,4,26.,1,false,true,false,true,28.,26.,0.,0.,11.7054743588
1.11476242584,Sample,14,4,31.,1,false,true,false,true,28.,26.,0.,0.,11.7054747551
1.11476242584,Sample,14,4,36.,1,false,true,false,true,28.,26.,0.,0.,11.7054747694
1.11476242584,Sample,14,4,41.,1,false,true,false,true,28.,26.,0.,0.,11.70547477
1.11476242584,Sample,14,4,46.,1,false,true,false,true,28.,26.,0.,0.,11.70547477
1.11476242584,Sample,14,4,51.,1,false,true,false,true,28.,26.,0.,0.,11.70547477
1.16474860127,Voter,14,4,1.,1,false,true,false,true,24.,20.,28.,22.,0.
1.16474860127,Voter,14,4,6.,1,false,true,false,true,36.,28.,24.,20.,11.6005998151
1.16474860127,Voter,14,4,11.,1,false,true,false,true,36.,28.,24.,20.,11.975955703
1.16474860127,Voter,14,4,16.,1,false,true,false,true,36.,28.,24.,20.,11.9888803442
1.16474860127,Voter,14,4,21.,1,false,true,false,true,36.,28.,24.,20.,11.989349013
1.16474860127,Voter,14,4,26.,1,false,true,false,true,36.,28.,24.,20.,11.9893667341
1.16474860127,Voter,14,4,31.,1,false,true,false,true,36.,28.,24.,20.,11.989367427
1.16474860127,Voter,14,4,36.,1,false,true,false,true,36.,28.,24.,20.,11.9893674548
1.16474860127,Voter,14,4,41.,1,false,true,false,true,36.,28.,24.,20.,11.989367456
1.16474860127,Voter,14,4,46.,1,false,true,false,true,36.,28.,24.,20.,11.989367456
1.16474860127,Voter,14,4,51.,1,false,true,false,true,36.,28.,24.,20.,11.989367456
0.985450573116,Voter,14,3,1.,1,false,true,false,true,0.,0.,6.,6.,0.
0.985450573116,Voter,14,3,6.,1,false,true,false,true,6.,6.,0.,0.,10.6807604821
0.985450573116,Voter,14,3,11.,1,false,true,false,true,6.,6.,0.,0.,10.8997256916
0.985450573116,Voter,14,3,16.,1,false,true,false,true,6.,6.,0.,0.,10.9046158507
0.985450573116,Voter,14,3,21.,1,false,true,false,true,6.,6.,0.,0.,10.9047326859
0.985450573116,Voter,14,3,26.,1,false,true,false,true,6.,6.,0.,0.,10.9047356257
0.985450573116,Voter,14,3,31.,1,false,true,false,true,6.,6.,0.,0.,10.9047357027
0.985450573116,Voter,14,3,36.,1,false,true,false,true,6.,6.,0.,0.,10.9047357047
0.985450573116,Voter,14,3,41.,1,false,true,false,true,6.,6.,0.,0.,10.9047357048
0.985450573116,Voter,14,3,46.,1,false,true,false,true,6.,6.,0.,0.,10.9047357048
0.985450573116,Voter,14,3,51.,1,false,true,false,true,6.,6.,0.,0.,10.9047357048
0.810231499322,Sample,14,6,1.,1,false,true,false,true,74.,66.,90.,74.,0.
0.810231499322,Sample,14,6,6.,1,false,true,false,true,152.,126.,108.,104.,9.5271968629
0.810231499322,Sample,14,6,11.,1,false,true,false,true,152.,126.,108.,104.,9.63577651552
0.810231499322,Sample,14,6,16.,1,false,true,false,true,152.,126.,108.,104.,9.63717608931
0.810231499322,Sample,14,6,21.,1,false,true,false,true,152.,126.,108.,104.,9.63719581986
0.810231499322,Sample,14,6,26.,1,false,true,false,true,152.,126.,108.,104.,9.63719611644
0.810231499322,Sample,14,6,31.,1,false,true,false,true,152.,126.,108.,104.,9.63719612111
0.810231499322,Sample,14,6,36.,1,false,true,false,true,152.,126.,108.,104.,9.63719612119
0.810231499322,Sample,14,6,41.,1,false,true,false,true,152.,126.,108.,104.,9.63719612119
0.810231499322,Sample,14,6,46.,1,false,true,false,true,152.,126.,108.,104.,9.63719612119
0.810231499322,Sample,14,6,51.,1,false,true,false,true,152.,126.,108.,104.,9.63719612119
1.28166143605,Sample,14,4,1.,1,false,true,false,true,2.,2.,18.,18.,0.
1.28166143605,Sample,14,4,6.,1,false,true,false,true,30.,30.,22.,22.,12.0837704271
1.28166143605,Sample,14,4,11.,1,false,true,false,true,32.,32.,24.,24.,12.5821214929
1.28166143605,Sample,14,4,16.,1,false,true,false,true,32.,32.,24.,24.,12.6037640348
1.28166143605,Sample,14,4,21.,1,false,true,false,true,32.,32.,24.,24.,12.6047463082
1.28166143605,Sample,14,4,26.,1,false,true,false,true,32.,32.,24.,24.,12.6047925531
1.28166143605,Sample,14,4,31.,1,false,true,false,true,32.,32.,24.,24.,12.6047947967
1.28166143605,Sample,14,4,36.,1,false,true,false,true,32.,32.,24.,24.,12.6047949083
1.28166143605,Sample,14,4,41.,1,false,true,false,true,32.,32.,24.,24.,12.6047949139
1.28166143605,Sample,14,4,46.,1,false,true,false,true,32.,32.,24.,24.,12.6047949142
1.28166143605,Sample,14,4,51.,1,false,true,false,true,32.,32.,24.,24.,12.6047949143
0.841464571332,Sample,14,3,1.,1,false,true,false,true,2.,2.,10.,10.,0.
0.841464571332,Sample,14,3,6.,1,false,true,false,true,12.,10.,4.,4.,9.75390942503
0.841464571332,Sample,14,3,11.,1,false,true,false,true,14.,12.,6.,6.,9.87897605968
0.841464571332,Sample,14,3,16.,1,false,true,false,true,14.,12.,6.,6.,9.88077492394
0.841464571332,Sample,14,3,21.,1,false,true,false,true,14.,12.,6.,6.,9.88080309327
0.841464571332,Sample,14,3,26.,1,false,true,false,true,14.,12.,6.,6.,9.88080356249
0.841464571332,Sample,14,3,31.,1,false,true,false,true,14.,12.,6.,6.,9.88080357067
0.841464571332,Sample,14,3,36.,1,false,true,false,true,14.,12.,6.,6.,9.88080357082
0.841464571332,Sample,14,3,41.,1,false,true,false,true,14.,12.,6.,6.,9.88080357082
0.841464571332,Sample,14,3,46.,1,false,true,false,true,14.,12.,6.,6.,9.88080357082
0.841464571332,Sample,14,3,51.,1,false,true,false,true,14.,12.,6.,6.,9.88080357082
0.830883912902,Sample,14,3,1.,1,false,true,false,true,12.,12.,24.,24.,0.
0.830883912902,Sample,14,3,6.,1,false,true,false,true,46.,44.,46.,46.,9.67820209593
0.830883912902,Sample,14,3,11.,1,false,true,false,true,46.,44.,46.,46.,9.79752866033
0.830883912902,Sample,14,3,16.,1,false,true,false,true,46.,44.,46.,46.,9.79918345462
0.830883912902,Sample,14,3,21.,1,false,true,false,true,46.,44.,46.,46.,9.7992084769
0.830883912902,Sample,14,3,26.,1,false,true,false,true,46.,44.,46.,46.,9.79920887969
0.830883912902,Sample,14,3,31.,1,false,true,false,true,46.,44.,46.,46.,9.79920888648
0.830883912902,Sample,14,3,36.,1,false,true,false,true,46.,44.,46.,46.,9.7992088866
0.830883912902,Sample,14,3,41.,1,false,true,false,true,46.,44.,46.,46.,9.7992088866
0.830883912902,Sample,14,3,46.,1,false,true,false,true,46.,44.,46.,46.,9.7992088866
0.830883912902,Sample,14,3,51.,1,false,true,false,true,46.,44.,46.,46.,9.7992088866
1.33749179507,Voter,14,6,1.,1,false,true,false,true,48.,44.,40.,36.,0.
1.33749179507,Voter,14,6,6.,1,false,true,false,true,76.,62.,12.,12.,12.2863994348
1.33749179507,Voter,14,6,11.,1,false,true,false,true,76.,62.,12.,12.,12.8485692203
1.33749179507,Voter,14,6,16.,1,false,true,false,true,76.,62.,12.,12.,12.875544085
1.33749179507,Voter,14,6,21.,1,false,true,false,true,76.,62.,12.,12.,12.8768925993
1.33749179507,Voter,14,6,26.,1,false,true,false,true,76.,62.,12.,12.,12.8769623749
1.33749179507,Voter,14,6,31.,1,false,true,false,true,76.,62.,12.,12.,12.8769660898
1.33749179507,Voter,14,6,36.,1,false,true,false,true,76.,62.,12.,12.,12.8769662923
1.33749179507,Voter,14,6,41.,1,false,true,false,true,76.,62.,12.,12.,12.8769663036
1.33749179507,Voter,14,6,46.,1,false,true,false,true,76.,62.,12.,12.,12.8769663042
1.33749179507,Voter,14,6,51.,1,false,true,false,true,76.,62.,12.,12.,12.8769663043
1.00138828215,Sample,14,6,1.,1,false,true,false,true,88.,70.,150.,108.,0.
1.00138828215,Sample,14,6,6.,1,false,true,false,true,168.,124.,186.,134.,10.7723452415
1.00138828215,Sample,14,6,11.,1,false,true,false,true,174.,128.,184.,132.,11.0034905628
1.00138828215,Sample,14,6,16.,1,false,true,false,true,174.,128.,184.,132.,11.0088797597
1.00138828215,Sample,14,6,21.,1,false,true,false,true,174.,128.,184.,132.,11.00901396
1.00138828215,Sample,14,6,26.,1,false,true,false,true,174.,128.,184.,132.,11.0090174759
1.00138828215,Sample,14,6,31.,1,false,true,false,true,174.,128.,184.,132.,11.0090175717
1.00138828215,Sample,14,6,36.,1,false,true,false,true,174.,128.,184.,132.,11.0090175744
1.00138828215,Sample,14,6,41.,1,false,true,false,true,174.,128.,184.,132.,11.0090175745
1.00138828215,Sample,14,6,46.,1,false,true,false,true,174.,128.,184.,132.,11.0090175745
1.00138828215,Sample,14,6,51.,1,false,true,false,true,174.,128.,184.,132.,11.0090175745
1.3566436527,Voter,14,7,1.,1,false,true,false,true,36.,34.,68.,62.,0.
1.3566436527,Voter,14,7,6.,1,false,true,false,true,78.,70.,38.,38.,12.3520373462
1.3566436527,Voter,14,7,11.,1,false,true,false,true,78.,70.,38.,38.,12.9367873614
1.3566436527,Voter,14,7,16.,1,false,true,false,true,78.,70.,38.,38.,12.9657797964
1.3566436527,Voter,14,7,21.,1,false,true,false,true,78.,70.,38.,38.,12.9672759369
1.3566436527,Voter,14,7,26.,1,false,true,false,true,78.,70.,38.,38.,12.9673557917
1.3566436527,Voter,14,7,31.,1,false,true,false,true,78.,70.,38.,38.,12.9673601752
1.3566436527,Voter,14,7,36.,1,false,true,false,true,78.,70.,38.,38.,12.9673604215
1.3566436527,Voter,14,7,41.,1,false,true,false,true,78.,70.,38.,38.,12.9673604356
1.3566436527,Voter,14,7,46.,1,false,true,false,true,78.,70.,38.,38.,12.9673604364
1.3566436527,Voter,14,7,51.,1,false,true,false,true,78.,70.,38.,38.,12.9673604364
1.26919191112,Sample,14,4,1.,1,false,true,false,true,2.,2.,30.,26.,0.
1.26919191112,Sample,14,4,6.,1,false,true,false,true,50.,46.,38.,38.,12.0361361799
1.26919191112,Sample,14,4,11.,1,false,true,false,true,54.,50.,42.,42.,12.5206605292
1.26919191112,Sample,14,4,16.,1,false,true,false,true,54.,50.,42.,42.,12.5412201558
1.26919191112,Sample,14,4,21.,1,false,true,false,true,54.,50.,42.,42.,12.542132558
1.26919191112,Sample,14,4,26.,1,false,true,false,true,54.,50.,42.,42.,12.5421745811
1.26919191112,Sample,14,4,31.,1,false,true,false,true,54.,50.,42.,42.,12.5421765764
1.26919191112,Sample,14,4,36.,1,false,true,false,true,54.,50.,42.,42.,12.5421766735
1.26919191112,Sample,14,4,41.,1,false,true,false,true,54.,50.,42.,42.,12.5421766783
1.26919191112,Sample,14,4,46.,1,false,true,false,true,54.,50.,42.,42.,12.5421766786
1.26919191112,Sample,14,4,51.,1,false,true,false,true,54.,50.,42.,42.,12.5421766786
1.29161966026,Sample,14,5,1.,1,false,true,false,true,40.,40.,82.,74.,0.
1.29161966026,Sample,14,5,6.,1,false,true,false,true,152.,138.,170.,156.,12.1211763453
1.29161966026,Sample,14,5,11.,1,false,true,false,true,156.,138.,166.,156.,12.6306840503
1.29161966026,Sample,14,5,16.,1,false,true,false,true,156.,138.,166.,156.,12.6532192234
1.29161966026,Sample,14,5,21.,1,false,true,false,true,156.,138.,166.,156.,12.6542602739
1.29161966026,Sample,14,5,26.,1,false,true,false,true,156.,138.,166.,156.,12.6543101409
1.29161966026,Sample,14,5,31.,1,false,true,false,true,156.,138.,166.,156.,12.6543126018
1.29161966026,Sample,14,5,36.,1,false,true,false,true,156.,138.,166.,156.,12.6543127263
1.29161966026,Sample,14,5,41.,1,false,true,false,true,156.,138.,166.,156.,12.6543127327
1.29161966026,Sample,14,5,46.,1,false,true,false,true,156.,138.,166.,156.,12.6543127331
1.29161966026,Sample,14,5,51.,1,false,true,false,true,156.,138.,166.,156.,12.6543127331
1.39877518586,Sample,14,3,1.,1,false,true,false,true,12.,10.,20.,20.,0.
1.39877518586,Sample,14,3,6.,1,false,true,false,true,34.,30.,14.,14.,12.4897904474
1.39877518586,Sample,14,3,11.,1,false,true,false,true,38.,34.,14.,14.,13.1253735441
1.39877518586,Sample,14,3,16.,1,false,true,false,true,38.,34.,14.,14.,13.1591570556
1.39877518586,Sample,14,3,21.,1,false,true,false,true,38.,34.,14.,14.,13.1610221995
1.39877518586,Sample,14,3,26.,1,false,true,false,true,38.,34.,14.,14.,13.1611285422
1.39877518586,Sample,14,3,31.,1,false,true,false,true,38.,34.,14.,14.,13.1611347713
1.39877518586,Sample,14,3,36.,1,false,true,false,true,38.,34.,14.,14.,13.1611351445
1.39877518586,Sample,14,3,41.,1,false,true,false,true,38.,34.,14.,14.,13.1611351673
1.39877518586,Sample,14,3,46.,1,false,true,false,true,38.,34.,14.,14.,13.1611351687
1.39877518586,Sample,14,3,51.,1,false,true,false,true,38.,34.,14.,14.,13.1611351688
1.22631461395,Voter,14,5,1.,1,false,true,false,true,16.,16.,24.,22.,0.
1.22631461395,Voter,14,5,6.,1,false,true,false,true,36.,34.,4.,4.,11.8654149142
1.22631461395,Voter,14,5,11.,1,false,true,false,true,36.,34.,4.,4.,12.3036508332
1.22631461395,Voter,14,5,16.,1,false,true,false,true,36.,34.,4.,4.,12.3207739681
1.22631461395,Voter,14,5,21.,1,false,true,false,true,36.,34.,4.,4.,12.3214755691
1.22631461395,Voter,14,5,26.,1,false,true,false,true,36.,34.,4.,4.,12.3215054594
1.22631461395,Voter,14,5,31.,1,false,true,false,true,36.,34.,4.,4.,12.3215067738
1.22631461395,Voter,14,5,36.,1,false,true,false,true,36.,34.,4.,4.,12.3215068331
1.22631461395,Voter,14,5,41.,1,false,true,false,true,36.,34.,4.,4.,12.3215068358
1.22631461395,Voter,14,5,46.,1,false,true,false,true,36.,34.,4.,4.,12.321506836
1.22631461395,Voter,14,5,51.,1,false,true,false,true,36.,34.,4.,4.,12.321506836
1.0608065858,Voter,14,3,1.,1,false,true,false,true,28.,24.,26.,24.,0.
1.0608065858,Voter,14,3,6.,1,false,true,false,true,40.,36.,34.,28.,11.0961742909
1.0608065858,Voter,14,3,11.,1,false,true,false,true,42.,36.,36.,30.,11.3757658884
1.0608065858,Voter,14,3,16.,1,false,true,false,true,42.,36.,36.,30.,11.3833550898
1.0608065858,Voter,14,3,21.,1,false,true,false,true,42.,36.,36.,30.,11.3835738651
1.0608065858,Voter,14,3,26.,1,false,true,false,true,42.,36.,36.,30.,11.3835804772
1.0608065858,Voter,14,3,31.,1,false,true,false,true,42.,36.,36.,30.,11.3835806846
1.0608065858,Voter,14,3,36.,1,false,true,false,true,42.,36.,36.,30.,11.3835806913
1.0608065858,Voter,14,3,41.,1,false,true,false,true,42.,36.,36.,30.,11.3835806915
1.0608065858,Voter,14,3,46.,1,false,true,false,true,42.,36.,36.,30.,11.3835806916
1.0608065858,Voter,14,3,51.,1,false,true,false,true,42.,36.,36.,30.,11.3835806916
0.838410778625,Voter,14,3,1.,1,false,true,false,true,6.,6.,6.,6.,0.
0.838410778625,Voter,14,3,6.,1,false,true,false,true,12.,12.,0.,0.,9.73217248928
0.838410778625,Voter,14,3,11.,1,false,true,false,true,12.,12.,0.,0.,9.8555661028
0.838410778625,Voter,14,3,16.,1,false,true,false,true,12.,12.,0.,0.,9.8573224224
0.838410778625,Voter,14,3,21.,1,false,true,false,true,12.,12.,0.,0.,9.85734965086
0.838410778625,Voter,14,3,26.,1,false,true,false,true,12.,12.,0.,0.,9.85735009998
0.838410778625,Voter,14,3,31.,1,false,true,false,true,12.,12.,0.,0.,9.85735010774
0.838410778625,Voter,14,3,36.,1,false,true,false,true,12.,12.,0.,0.,9.85735010788
0.838410778625,Voter,14,3,41.,1,false,true,false,true,12.,12.,0.,0.,9.85735010788
0.838410778625,Voter,14,3,46.,1,false,true,false,true,12.,12.,0.,0.,9.85735010788
0.838410778625,Voter,14,3,51.,1,false,true,false,true,12.,12.,0.,0.,9.85735010788
0.847415629971,Sample,14,6,1.,1,false,true,false,true,42.,40.,106.,88.,0.
0.847415629971,Sample,14,6,6.,1,false,true,false,true,114.,98.,102.,96.,9.79600589951
0.847415629971,Sample,14,6,11.,1,false,true,false,true,114.,98.,102.,96.,9.92437090359
0.847415629971,Sample,14,6,16.,1,false,true,false,true,114.,98.,102.,96.,9.92625497337
0.847415629971,Sample,14,6,21.,1,false,true,false,true,114.,98.,102.,96.,9.92628505535
0.847415629971,Sample,14,6,26.,1,false,true,false,true,114.,98.,102.,96.,9.92628556603
0.847415629971,Sample,14,6,31.,1,false,true,false,true,114.,98.,102.,96.,9.9262855751
0.847415629971,Sample,14,6,36.,1,false,true,false,true,114.,98.,102.,96.,9.92628557526
0.847415629971,Sample,14,6,41.,1,false,true,false,true,114.,98.,102.,96.,9.92628557527
0.847415629971,Sample,14,6,46.,1,false,true,false,true,114.,98.,102.,96.,9.92628557527
0.847415629971,Sample,14,6,51.,1,false,true,false,true,114.,98.,102.,96.,9.92628557527
1.16104926564,Voter,14,3,1.,1,false,true,false,true,6.,6.,6.,6.,0.
1.16104926564,Voter,14,3,6.,1,false,true,false,true,12.,10.,0.,0.,11.5839158291
1.16104926564,Voter,14,3,11.,1,false,true,false,true,12.,10.,0.,0.,11.9556341012
1.16104926564,Voter,14,3,16.,1,false,true,false,true,12.,10.,0.,0.,11.9683325654
1.16104926564,Voter,14,3,21.,1,false,true,false,true,12.,10.,0.,0.,11.9687895258
1.16104926564,Voter,14,3,26.,1,false,true,false,true,12.,10.,0.,0.,11.9688066756
1.16104926564,Voter,14,3,31.,1,false,true,false,true,12.,10.,0.,0.,11.9688073413
1.16104926564,Voter,14,3,36.,1,false,true,false,true,12.,10.,0.,0.,11.9688073679
1.16104926564,Voter,14,3,41.,1,false,true,false,true,12.,10.,0.,0.,11.9688073689
1.16104926564,Voter,14,3,46.,1,false,true,false,true,12.,10.,0.,0.,11.968807369
1.16104926564,Voter,14,3,51.,1,false,true,false,true,12.,10.,0.,0.,11.968807369
1.15300601099,Voter,14,6,1.,1,false,true,false,true,56.,48.,78.,72.,0.
1.15300601099,Voter,14,6,6.,1,false,true,false,true,92.,76.,90.,70.,11.5473297301
1.15300601099,Voter,14,6,11.,1,false,true,false,true,92.,76.,90.,70.,11.9111955308
1.15300601099,Voter,14,6,16.,1,false,true,false,true,92.,76.,90.,70.,11.9234120217
1.15300601099,Voter,14,6,21.,1,false,true,false,true,92.,76.,90.,70.,11.923844337
1.15300601099,Voter,14,6,26.,1,false,true,false,true,92.,76.,90.,70.,11.9238602988
1.15300601099,Voter,14,6,31.,1,false,true,false,true,92.,76.,90.,70.,11.9238609085
1.15300601099,Voter,14,6,36.,1,false,true,false,true,92.,76.,90.,70.,11.9238609324
1.15300601099,Voter,14,6,41.,1,false,true,false,true,92.,76.,90.,70.,11.9238609333
1.15300601099,Voter,14,6,46.,1,false,true,false,true,92.,76.,90.,70.,11.9238609334
1.15300601099,Voter,14,6,51.,1,false,true,false,true,92.,76.,90.,70.,11.9238609334
1.12707378448,Sample,14,5,1.,1,false,true,false,true,28.,28.,72.,66.,0.
1.12707378448,Sample,14,5,6.,1,false,true,false,true,74.,66.,82.,72.,11.4264259493
1.12707378448,Sample,14,5,11.,1,false,true,false,true,76.,68.,80.,70.,11.7655096952
1.12707378448,Sample,14,5,16.,1,false,true,false,true,76.,68.,80.,70.,11.7762615212
1.12707378448,Sample,14,5,21.,1,false,true,false,true,76.,68.,80.,70.,11.7766215767
1.12707378448,Sample,14,5,26.,1,false,true,false,true,76.,68.,80.,70.,11.7766341733
1.12707378448,Sample,14,5,31.,1,false,true,false,true,76.,68.,80.,70.,11.7766346295
1.12707378448,Sample,14,5,36.,1,false,true,false,true,76.,68.,80.,70.,11.7766346465
1.12707378448,Sample,14,5,41.,1,false,true,false,true,76.,68.,80.,70.,11.7766346472
1.12707378448,Sample,14,5,46.,1,false,true,false,true,76.,68.,80.,70.,11.7766346472
1.12707378448,Sample,14,5,51.,1,false,true,false,true,76.,68.,80.,70.,11.7766346472
1.08865001757,Sample,14,7,1.,1,false,true,false,true,106.,94.,204.,150.,0.
1.08865001757,Sample,14,7,6.,1,false,true,false,true,358.,272.,424.,310.,11.238763679
1.08865001757,Sample,14,7,11.,1,false,true,false,true,370.,278.,424.,312.,11.5426668491
1.08865001757,Sample,14,7,16.,1,false,true,false,true,370.,278.,424.,312.,11.5514877145
1.08865001757,Sample,14,7,21.,1,false,true,false,true,370.,278.,424.,312.,11.5517589598
1.08865001757,Sample,14,7,26.,1,false,true,false,true,370.,278.,424.,312.,11.5517676913
1.08865001757,Sample,14,7,31.,1,false,true,false,true,370.,278.,424.,312.,11.5517679827
1.08865001757,Sample,14,7,36.,1,false,true,false,true,370.,278.,424.,312.,11.5517679927
1.08865001757,Sample,14,7,41.,1,false,true,false,true,370.,278.,424.,312.,11.551767993
1.08865001757,Sample,14,7,46.,1,false,true,false,true,370.,278.,424.,312.,11.5517679931
1.08865001757,Sample,14,7,51.,1,false,true,false,true,370.,278.,424.,312.,11.5517679931
1.09058582279,Voter,14,6,1.,1,false,true,false,true,40.,38.,46.,38.,0.
1.09058582279,Voter,14,6,6.,1,false,true,false,true,96.,80.,62.,52.,11.248467808
1.09058582279,Voter,14,6,11.,1,false,true,false,true,98.,80.,64.,52.,11.5540985485
1.09058582279,Voter,14,6,16.,1,false,true,false,true,98.,80.,64.,52.,11.5630101447
1.09058582279,Voter,14,6,21.,1,false,true,false,true,98.,80.,64.,52.,11.5632853887
1.09058582279,Voter,14,6,26.,1,false,true,false,true,98.,80.,64.,52.,11.563294287
1.09058582279,Voter,14,6,31.,1,false,true,false,true,98.,80.,64.,52.,11.5632945852
1.09058582279,Voter,14,6,36.,1,false,true,false,true,98.,80.,64.,52.,11.5632945955
1.09058582279,Voter,14,6,41.,1,false,true,false,true,98.,80.,64.,52.,11.5632945959
1.09058582279,Voter,14,6,46.,1,false,true,false,true,98.,80.,64.,52.,11.5632945959
1.09058582279,Voter,14,6,51.,1,false,true,false,true,98.,80.,64.,52.,11.5632945959
1.37169652709,Voter,14,4,1.,1,false,true,false,true,10.,10.,18.,16.,0.
1.37169652709,Voter,14,4,6.,1,false,true,false,true,20.,20.,8.,8.,12.4022883775
1.37169652709,Voter,14,4,11.,1,false,true,false,true,20.,20.,8.,8.,13.0050207092
1.37169652709,Voter,14,4,16.,1,false,true,false,true,20.,20.,8.,8.,13.0356686229
1.37169652709,Voter,14,4,21.,1,false,true,false,true,20.,20.,8.,8.,13.0372893949
1.37169652709,Voter,14,4,26.,1,false,true,false,true,20.,20.,8.,8.,13.0373779974
1.37169652709,Voter,14,4,31.,1,false,true,false,true,20.,20.,8.,8.,13.0373829769
1.37169652709,Voter,14,4,36.,1,false,true,false,true,20.,20.,8.,8.,13.0373832633
1.37169652709,Voter,14,4,41.,1,false,true,false,true,20.,20.,8.,8.,13.0373832801
1.37169652709,Voter,14,4,46.,1,false,true,false,true,20.,20.,8.,8.,13.0373832811
1.37169652709,Voter,14,4,51.,1,false,true,false,true,20.,20.,8.,8.,13.0373832811
1.37393322293,Voter,14,7,1.,1,false,true,false,true,44.,42.,64.,60.,0.
1.37393322293,Voter,14,7,6.,1,false,true,false,true,94.,82.,38.,34.,12.4096560502
1.37393322293,Voter,14,7,11.,1,false,true,false,true,96.,84.,40.,36.,13.0150776363
1.37393322293,Voter,14,7,16.,1,false,true,false,true,96.,84.,40.,36.,13.0459768357
1.37393322293,Voter,14,7,21.,1,false,true,false,true,96.,84.,40.,36.,13.0476167948
1.37393322293,Voter,14,7,26.,1,false,true,false,true,96.,84.,40.,36.,13.0477067626
1.37393322293,Voter,14,7,31.,1,false,true,false,true,96.,84.,40.,36.,13.0477118364
1.37393322293,Voter,14,7,36.,1,false,true,false,true,96.,84.,40.,36.,13.0477121292
1.37393322293,Voter,14,7,41.,1,false,true,false,true,96.,84.,40.,36.,13.0477121464
1.37393322293,Voter,14,7,46.,1,false,true,false,true,96.,84.,40.,36.,13.0477121475
1.37393322293,Voter,14,7,51.,1,false,true,false,true,96.,84.,40.,36.,13.0477121475
1.13209909053,Sample,14,4,1.,1,false,true,false,true,14.,14.,36.,32.,0.
1.13209909053,Sample,14,4,6.,1,false,true,false,true,64.,50.,66.,52.,11.4502109759
1.13209909053,Sample,14,4,11.,1,false,true,false,true,64.,50.,66.,52.,11.794032688
1.13209909053,Sample,14,4,16.,1,false,true,false,true,64.,50.,66.,52.,11.8050578916
1.13209909053,Sample,14,4,21.,1,false,true,false,true,64.,50.,66.,52.,11.8054311257
1.13209909053,Sample,14,4,26.,1,false,true,false,true,64.,50.,66.,52.,11.8054443222
1.13209909053,Sample,14,4,31.,1,false,true,false,true,64.,50.,66.,52.,11.8054448052
1.13209909053,Sample,14,4,36.,1,false,true,false,true,64.,50.,66.,52.,11.8054448234
1.13209909053,Sample,14,4,41.,1,false,true,false,true,64.,50.,66.,52.,11.8054448241
1.13209909053,Sample,14,4,46.,1,false,true,false,true,64.,50.,66.,52.,11.8054448241
1.13209909053,Sample,14,4,51.,1,false,true,false,true,64.,50.,66.,52.,11.8054448241
0.939528149713,Voter,14,3,1.,1,false,true,false,true,12.,12.,24.,22.,0.
0.939528149713,Voter,14,3,6.,1,false,true,false,true,18.,18.,22.,22.,10.4051144097
0.939528149713,Voter,14,3,11.,1,false,true,false,true,18.,18.,22.,22.,10.5909540616
0.939528149713,Voter,14,3,16.,1,false,true,false,true,18.,18.,22.,22.,10.5945990566
0.939528149713,Voter,14,3,21.,1,false,true,false,true,18.,18.,22.,22.,10.5946759247
0.939528149713,Voter,14,3,26.,1,false,true,false,true,18.,18.,22.,22.,10.594677637
0.939528149713,Voter,14,3,31.,1,false,true,false,true,18.,18.,22.,22.,10.5946776768
0.939528149713,Voter,14,3,36.,1,false,true,false,true,18.,18.,22.,22.,10.5946776777
0.939528149713,Voter,14,3,41.,1,false,true,false,true,18.,18.,22.,22.,10.5946776777
0.939528149713,Voter,14,3,46.,1,false,true,false,true,18.,18.,22.,22.,10.5946776777
0.939528149713,Voter,14,3,51.,1,false,true,false,true,18.,18.,22.,22.,10.5946776777
0.925032107659,Sample,14,4,1.,1,false,true,false,true,32.,32.,44.,40.,0.
0.925032107659,Sample,14,4,6.,1,false,true,false,true,70.,60.,54.,52.,10.3143594678
0.925032107659,Sample,14,4,11.,1,false,true,false,true,70.,60.,54.,52.,10.4903563676
0.925032107659,Sample,14,4,16.,1,false,true,false,true,70.,60.,54.,52.,10.4936633784
0.925032107659,Sample,14,4,21.,1,false,true,false,true,70.,60.,54.,52.,10.4937303039
0.925032107659,Sample,14,4,26.,1,false,true,false,true,70.,60.,54.,52.,10.4937317359
0.925032107659,Sample,14,4,31.,1,false,true,false,true,70.,60.,54.,52.,10.4937317679
0.925032107659,Sample,14,4,36.,1,false,true,false,true,70.,60.,54.,52.,10.4937317686
0.925032107659,Sample,14,4,41.,1,false,true,false,true,70.,60.,54.,52.,10.4937317687
0.925032107659,Sample,14,4,46.,1,false,true,false,true,70.,60.,54.,52.,10.4937317687
0.925032107659,Sample,14,4,51.,1,false,true,false,true,70.,60.,54.,52.,10.4937317687
1.33322275544,Voter,14,3,1.,1,false,true,false,true,12.,10.,8.,8.,0.
1.33322275544,Voter,14,3,6.,1,false,true,false,true,20.,18.,0.,0.,12.2715044471
1.33322275544,Voter,14,3,11.,1,false,true,false,true,20.,18.,0.,0.,12.8286875827
1.33322275544,Voter,14,3,16.,1,false,true,false,true,20.,18.,0.,0.,12.8552260849
1.33322275544,Voter,14,3,21.,1,false,true,false,true,20.,18.,0.,0.,12.8565433026
1.33322275544,Voter,14,3,26.,1,false,true,false,true,20.,18.,0.,0.,12.8566109826
1.33322275544,Voter,14,3,31.,1,false,true,false,true,20.,18.,0.,0.,12.8566145612
1.33322275544,Voter,14,3,36.,1,false,true,false,true,20.,18.,0.,0.,12.8566147549
1.33322275544,Voter,14,3,41.,1,false,true,false,true,20.,18.,0.,0.,12.8566147656
1.33322275544,Voter,14,3,46.,1,false,true,false,true,20.,18.,0.,0.,12.8566147662
1.33322275544,Voter,14,3,51.,1,false,true,false,true,20.,18.,0.,0.,12.8566147663
0.839216152612,Sample,14,5,1.,1,false,true,false,true,48.,48.,76.,68.,0.
0.839216152612,Sample,14,5,6.,1,false,true,false,true,128.,116.,116.,114.,9.73791407894
0.839216152612,Sample,14,5,11.,1,false,true,false,true,128.,116.,116.,114.,9.86174763052
0.839216152612,Sample,14,5,16.,1,false,true,false,true,128.,116.,116.,114.,9.86351509362
0.839216152612,Sample,14,5,21.,1,false,true,false,true,128.,116.,116.,114.,9.8635425676
0.839216152612,Sample,14,5,26.,1,false,true,false,true,128.,116.,116.,114.,9.86354302195
0.839216152612,Sample,14,5,31.,1,false,true,false,true,128.,116.,116.,114.,9.86354302981
0.839216152612,Sample,14,5,36.,1,false,true,false,true,128.,116.,116.,114.,9.86354302996
0.839216152612,Sample,14,5,41.,1,false,true,false,true,128.,116.,116.,114.,9.86354302996
0.839216152612,Sample,14,5,46.,1,false,true,false,true,128.,116.,116.,114.,9.86354302996
0.839216152612,Sample,14,5,51.,1,false,true,false,true,128.,116.,116.,114.,9.86354302996
1.20749310355,Sample,14,7,1.,1,false,true,false,true,44.,42.,118.,100.,0.
1.20749310355,Sample,14,7,6.,1,false,true,false,true,190.,142.,164.,138.,11.7869818074
1.20749310355,Sample,14,7,11.,1,false,true,false,true,192.,146.,162.,138.,12.205534326
1.20749310355,Sample,14,7,16.,1,false,true,false,true,192.,146.,162.,138.,12.2212847288
1.20749310355,Sample,14,7,21.,1,false,true,false,true,192.,146.,162.,138.,12.221907036
1.20749310355,Sample,14,7,26.,1,false,true,false,true,192.,146.,162.,138.,12.221932623
1.20749310355,Sample,14,7,31.,1,false,true,false,true,192.,146.,162.,138.,12.2219337095
1.20749310355,Sample,14,7,36.,1,false,true,false,true,192.,146.,162.,138.,12.2219337569
1.20749310355,Sample,14,7,41.,1,false,true,false,true,192.,146.,162.,138.,12.221933759
1.20749310355,Sample,14,7,46.,1,false,true,false,true,192.,146.,162.,138.,12.2219337591
1.20749310355,Sample,14,7,51.,1,false,true,false,true,192.,146.,162.,138.,12.2219337591
1.35336635627,Voter,14,7,1.,1,false,true,false,true,46.,44.,76.,64.,0.
1.35336635627,Voter,14,7,6.,1,false,true,false,true,106.,86.,40.,38.,12.3409415414
1.35336635627,Voter,14,7,11.,1,false,true,false,true,104.,84.,38.,36.,12.9218036183
1.35336635627,Voter,14,7,16.,1,false,true,false,true,104.,84.,38.,36.,12.9504438017
1.35336635627,Voter,14,7,21.,1,false,true,false,true,104.,84.,38.,36.,12.9519138261
1.35336635627,Voter,14,7,26.,1,false,true,false,true,104.,84.,38.,36.,12.9519918751
1.35336635627,Voter,14,7,31.,1,false,true,false,true,104.,84.,38.,36.,12.9519961372
1.35336635627,Voter,14,7,36.,1,false,true,false,true,104.,84.,38.,36.,12.9519963755
1.35336635627,Voter,14,7,41.,1,false,true,false,true,104.,84.,38.,36.,12.9519963891
1.35336635627,Voter,14,7,46.,1,false,true,false,true,104.,84.,38.,36.,12.9519963898
1.35336635627,Voter,14,7,51.,1,false,true,false,true,104.,84.,38.,36.,12.9519963899
0.917203451457,Sample,14,6,1.,1,false,true,false,true,46.,40.,106.,82.,0.
0.917203451457,Sample,14,6,6.,1,false,true,false,true,152.,114.,168.,128.,10.2645779158
0.917203451457,Sample,14,6,11.,1,false,true,false,true,156.,116.,168.,128.,10.435382595
0.917203451457,Sample,14,6,16.,1,false,true,false,true,156.,116.,168.,128.,10.4385172959
0.917203451457,Sample,14,6,21.,1,false,true,false,true,156.,116.,168.,128.,10.4385793148
0.917203451457,Sample,14,6,26.,1,false,true,false,true,156.,116.,168.,128.,10.4385806129
0.917203451457,Sample,14,6,31.,1,false,true,false,true,156.,116.,168.,128.,10.4385806412
0.917203451457,Sample,14,6,36.,1,false,true,false,true,156.,116.,168.,128.,10.4385806419
0.917203451457,Sample,14,6,41.,1,false,true,false,true,156.,116.,168.,128.,10.4385806419
0.917203451457,Sample,14,6,46.,1,false,true,false,true,156.,116.,168.,128.,10.4385806419
0.917203451457,Sample,14,6,51.,1,false,true,false,true,156.,116.,168.,128.,10.4385806419
0.841964973236,Voter,14,7,1.,1,false,true,false,true,44.,42.,44.,42.,0.
0.841964973236,Voter,14,7,6.,1,false,true,false,true,82.,72.,18.,16.,9.75746253477
0.841964973236,Voter,14,7,11.,1,false,true,false,true,82.,72.,18.,16.,9.88280457825
0.841964973236,Voter,14,7,16.,1,false,true,false,true,82.,72.,18.,16.,9.88461048966
0.841964973236,Voter,14,7,21.,1,false,true,false,true,82.,72.,18.,16.,9.88463881575
0.841964973236,Voter,14,7,26.,1,false,true,false,true,82.,72.,18.,16.,9.88463928834
0.841964973236,Voter,14,7,31.,1,false,true,false,true,82.,72.,18.,16.,9.88463929659
0.841964973236,Voter,14,7,36.,1,false,true,false,true,82.,72.,18.,16.,9.88463929674
0.841964973236,Voter,14,7,41.,1,false,true,false,true,82.,72.,18.,16.,9.88463929674
0.841964973236,Voter,14,7,46.,1,false,true,false,true,82.,72.,18.,16.,9.88463929674
0.841964973236,Voter,14,7,51.,1,false,true,false,true,82.,72.,18.,16.,9.88463929674
1.29540083305,Voter,14,6,1.,1,false,true,false,true,26.,22.,34.,34.,0.
1.29540083305,Voter,14,6,6.,1,false,true,false,true,64.,56.,12.,10.,12.135233339
1.29540083305,Voter,14,6,11.,1,false,true,false,true,64.,56.,12.,10.,12.6490035643
1.29540083305,Voter,14,6,16.,1,false,true,false,true,64.,56.,12.,10.,12.6718842122
1.29540083305,Voter,14,6,21.,1,false,true,false,true,64.,56.,12.,10.,12.6729482929
1.29540083305,Voter,14,6,26.,1,false,true,false,true,64.,56.,12.,10.,12.6729995962
1.29540083305,Voter,14,6,31.,1,false,true,false,true,64.,56.,12.,10.,12.6730021443
1.29540083305,Voter,14,6,36.,1,false,true,false,true,64.,56.,12.,10.,12.6730022739
1.29540083305,Voter,14,6,41.,1,false,true,false,true,64.,56.,12.,10.,12.6730022807
1.29540083305,Voter,14,6,46.,1,false,true,false,true,64.,56.,12.,10.,12.673002281
1.29540083305,Voter,14,6,51.,1,false,true,false,true,64.,56.,12.,10.,12.6730022811
1.18341072777,Voter,14,4,1.,1,false,true,false,true,4.,4.,14.,14.,0.
1.18341072777,Voter,14,4,6.,1,false,true,false,true,36.,32.,26.,26.,11.6834083985
1.18341072777,Voter,14,4,11.,1,false,true,false,true,36.,32.,26.,26.,12.0773622801
1.18341072777,Voter,14,4,16.,1,false,true,false,true,36.,32.,26.,26.,12.0914719555
1.18341072777,Voter,14,4,21.,1,false,true,false,true,36.,32.,26.,26.,12.0920034267
1.18341072777,Voter,14,4,26.,1,false,true,false,true,36.,32.,26.,26.,12.0920242827
1.18341072777,Voter,14,4,31.,1,false,true,false,true,36.,32.,26.,26.,12.0920251285
1.18341072777,Voter,14,4,36.,1,false,true,false,true,36.,32.,26.,26.,12.0920251638
1.18341072777,Voter,14,4,41.,1,false,true,false,true,36.,32.,26.,26.,12.0920251653
1.18341072777,Voter,14,4,46.,1,false,true,false,true,36.,32.,26.,26.,12.0920251653
1.18341072777,Voter,14,4,51.,1,false,true,false,true,36.,32.,26.,26.,12.0920251653
1.20774528642,Sample,14,4,1.,1,false,true,false,true,22.,20.,40.,36.,0.
1.20774528642,Sample,14,4,6.,1,false,true,false,true,52.,46.,50.,50.,11.788047143
1.20774528642,Sample,14,4,11.,1,false,true,false,true,52.,46.,50.,50.,12.206860761
1.20774528642,Sample,14,4,16.,1,false,true,false,true,52.,46.,50.,50.,12.2226290256
1.20774528642,Sample,14,4,21.,1,false,true,false,true,52.,46.,50.,50.,12.2232523455
1.20774528642,Sample,14,4,26.,1,false,true,false,true,52.,46.,50.,50.,12.2232779865
1.20774528642,Sample,14,4,31.,1,false,true,false,true,52.,46.,50.,50.,12.2232790759
1.20774528642,Sample,14,4,36.,1,false,true,false,true,52.,46.,50.,50.,12.2232791234
1.20774528642,Sample,14,4,41.,1,false,true,false,true,52.,46.,50.,50.,12.2232791255
1.20774528642,Sample,14,4,46.,1,false,true,false,true,52.,46.,50.,50.,12.2232791256
1.20774528642,Sample,14,4,51.,1,false,true,false,true,52.,46.,50.,50.,12.2232791256
1.07031317547,Voter,14,7,1.,1,false,true,false,true,42.,42.,76.,72.,0.
1.07031317547,Voter,14,7,6.,1,false,true,false,true,96.,82.,58.,54.,11.1454969873
1.07031317547,Voter,14,7,11.,1,false,true,false,true,98.,84.,56.,52.,11.4332758101
1.07031317547,Voter,14,7,16.,1,false,true,false,true,98.,84.,56.,52.,11.4412703477
1.07031317547,Voter,14,7,21.,1,false,true,false,true,98.,84.,56.,52.,11.4415060106
1.07031317547,Voter,14,7,26.,1,false,true,false,true,98.,84.,56.,52.,11.4415132901
1.07031317547,Voter,14,7,31.,1,false,true,false,true,98.,84.,56.,52.,11.4415135234
1.07031317547,Voter,14,7,36.,1,false,true,false,true,98.,84.,56.,52.,11.4415135311
1.07031317547,Voter,14,7,41.,1,false,true,false,true,98.,84.,56.,52.,11.4415135313
1.07031317547,Voter,14,7,46.,1,false,true,false,true,98.,84.,56.,52.,11.4415135313
1.07031317547,Voter,14,7,51.,1,false,true,false,true,98.,84.,56.,52.,11.4415135313
0.995191813385,Sample,14,6,1.,1,false,true,false,true,18.,18.,80.,66.,0.
0.995191813385,Sample,14,6,6.,1,false,true,false,true,72.,62.,34.,34.,10.7369817275
0.995191813385,Sample,14,6,11.,1,false,true,false,true,74.,62.,32.,32.,10.963350028
0.995191813385,Sample,14,6,16.,1,false,true,false,true,76.,64.,34.,34.,10.9685408866
0.995191813385,Sample,14,6,21.,1,false,true,false,true,76.,64.,34.,34.,10.9686680985
0.995191813385,Sample,14,6,26.,1,false,true,false,true,76.,64.,34.,34.,10.9686713797
0.995191813385,Sample,14,6,31.,1,false,true,false,true,76.,64.,34.,34.,10.9686714678
0.995191813385,Sample,14,6,36.,1,false,true,false,true,76.,64.,34.,34.,10.9686714702
0.995191813385,Sample,14,6,41.,1,false,true,false,true,76.,64.,34.,34.,10.9686714703
0.995191813385,Sample,14,6,46.,1,false,true,false,true,76.,64.,34.,34.,10.9686714703
0.995191813385,Sample,14,6,51.,1,false,true,false,true,76.,64.,34.,34.,10.9686714703
0.939199464545,Voter,14,7,1.,1,false,true,false,true,126.,106.,124.,108.,0.
0.939199464545,Voter,14,7,6.,1,false,true,false,true,164.,130.,146.,122.,10.4030769156
0.939199464545,Voter,14,7,11.,1,false,true,false,true,164.,130.,146.,122.,10.5886901105
0.939199464545,Voter,14,7,16.,1,false,true,false,true,164.,130.,146.,122.,10.5923271631
0.939199464545,Voter,14,7,21.,1,false,true,false,true,164.,130.,146.,122.,10.5924037928
0.939199464545,Voter,14,7,26.,1,false,true,false,true,164.,130.,146.,122.,10.5924054983
0.939199464545,Voter,14,7,31.,1,false,true,false,true,164.,130.,146.,122.,10.5924055378
0.939199464545,Voter,14,7,36.,1,false,true,false,true,164.,130.,146.,122.,10.5924055388
0.939199464545,Voter,14,7,41.,1,false,true,false,true,164.,130.,146.,122.,10.5924055388
0.939199464545,Voter,14,7,46.,1,false,true,false,true,164.,130.,146.,122.,10.5924055388
0.939199464545,Voter,14,7,51.,1,false,true,false,true,164.,130.,146.,122.,10.5924055388
1.2826749211,Voter,14,5,1.,1,false,true,false,true,18.,18.,42.,40.,0.
1.2826749211,Voter,14,5,6.,1,false,true,false,true,50.,50.,30.,30.,12.0876030009
1.2826749211,Voter,14,5,11.,1,false,true,false,true,50.,50.,30.,30.,12.5870848997
1.2826749211,Voter,14,5,16.,1,false,true,false,true,50.,50.,30.,30.,12.6088171528
1.2826749211,Voter,14,5,21.,1,false,true,false,true,50.,50.,30.,30.,12.6098052855
1.2826749211,Voter,14,5,26.,1,false,true,false,true,50.,50.,30.,30.,12.6098518886
1.2826749211,Voter,14,5,31.,1,false,true,false,true,50.,50.,30.,30.,12.6098541536
1.2826749211,Voter,14,5,36.,1,false,true,false,true,50.,50.,30.,30.,12.6098542664
1.2826749211,Voter,14,5,41.,1,false,true,false,true,50.,50.,30.,30.,12.6098542721
1.2826749211,Voter,14,5,46.,1,false,true,false,true,50.,50.,30.,30.,12.6098542724
1.2826749211,Voter,14,5,51.,1,false,true,false,true,50.,50.,30.,30.,12.6098542725
1.38882581577,Sample,14,5,1.,1,false,true,false,true,30.,28.,82.,74.,0.
1.38882581577,Sample,14,5,6.,1,false,true,false,true,130.,102.,142.,112.,12.4580669017
1.38882581577,Sample,14,5,11.,1,false,true,false,true,134.,104.,134.,110.,13.0815061891
1.38882581577,Sample,14,5,16.,1,false,true,false,true,136.,104.,136.,110.,13.1141138354
1.38882581577,Sample,14,5,21.,1,false,true,false,true,136.,104.,136.,110.,13.1158860892
1.38882581577,Sample,14,5,26.,1,false,true,false,true,136.,104.,136.,110.,13.1159856002
1.38882581577,Sample,14,5,31.,1,false,true,false,true,136.,104.,136.,110.,13.1159913419
1.38882581577,Sample,14,5,36.,1,false,true,false,true,136.,104.,136.,110.,13.1159916808
1.38882581577,Sample,14,5,41.,1,false,true,false,true,136.,104.,136.,110.,13.1159917012
1.38882581577,Sample,14,5,46.,1,false,true,false,true,136.,104.,136.,110.,13.1159917025
1.38882581577,Sample,14,5,51.,1,false,true,false,true,136.,104.,136.,110.,13.1159917025
1.30188276179,Voter,14,7,1.,1,false,true,false,true,50.,44.,70.,60.,0.
1.30188276179,Voter,14,7,6.,1,false,true,false,true,108.,90.,40.,40.,12.1591450837
1.30188276179,Voter,14,7,11.,1,false,true,false,true,108.,90.,40.,40.,12.6802557396
1.30188276179,Voter,14,7,16.,1,false,true,false,true,108.,90.,40.,40.,12.7037370658
1.30188276179,Voter,14,7,21.,1,false,true,false,true,108.,90.,40.,40.,12.7048415581
1.30188276179,Voter,14,7,26.,1,false,true,false,true,108.,90.,40.,40.,12.7048954042
1.30188276179,Voter,14,7,31.,1,false,true,false,true,108.,90.,40.,40.,12.704898108
1.30188276179,Voter,14,7,36.,1,false,true,false,true,108.,90.,40.,40.,12.704898247
1.30188276179,Voter,14,7,41.,1,false,true,false,true,108.,90.,40.,40.,12.7048982544
1.30188276179,Voter,14,7,46.,1,false,true,false,true,108.,90.,40.,40.,12.7048982547
1.30188276179,Voter,14,7,51.,1,false,true,false,true,108.,90.,40.,40.,12.7048982548
1.36138332464,Sample,14,5,1.,1,false,true,false,true,6.,6.,44.,34.,0.
1.36138332464,Sample,14,5,6.,1,false,true,false,true,60.,56.,50.,48.,12.3679856815
1.36138332464,Sample,14,5,11.,1,false,true,false,true,68.,62.,50.,48.,12.9583757634
1.36138332464,Sample,14,5,16.,1,false,true,false,true,68.,62.,50.,48.,12.9878827847
1.36138332464,Sample,14,5,21.,1,false,true,false,true,68.,62.,50.,48.,12.9894173327
1.36138332464,Sample,14,5,26.,1,false,true,false,true,68.,62.,50.,48.,12.9894998607
1.36138332464,Sample,14,5,31.,1,false,true,false,true,68.,62.,50.,48.,12.9895044247
1.36138332464,Sample,14,5,36.,1,false,true,false,true,68.,62.,50.,48.,12.9895046831
1.36138332464,Sample,14,5,41.,1,false,true,false,true,68.,62.,50.,48.,12.989504698
1.36138332464,Sample,14,5,46.,1,false,true,false,true,68.,62.,50.,48.,12.9895046989
1.36138332464,Sample,14,5,51.,1,false,true,false,true,68.,62.,50.,48.,12.9895046989
1.0530543529,Voter,14,7,1.,1,false,true,false,true,58.,54.,80.,72.,0.
1.0530543529,Voter,14,7,6.,1,false,true,false,true,106.,92.,56.,50.,11.0554564592
1.0530543529,Voter,14,7,11.,1,false,true,false,true,106.,92.,56.,50.,11.3284596437
1.0530543529,Voter,14,7,16.,1,false,true,false,true,106.,92.,56.,50.,11.335729658
1.0530543529,Voter,14,7,21.,1,false,true,false,true,106.,92.,56.,50.,11.3359354068
1.0530543529,Voter,14,7,26.,1,false,true,false,true,106.,92.,56.,50.,11.3359415145
1.0530543529,Voter,14,7,31.,1,false,true,false,true,106.,92.,56.,50.,11.3359417027
1.0530543529,Voter,14,7,36.,1,false,true,false,true,106.,92.,56.,50.,11.3359417086
1.0530543529,Voter,14,7,41.,1,false,true,false,true,106.,92.,56.,50.,11.3359417088
1.0530543529,Voter,14,7,46.,1,false,true,false,true,106.,92.,56.,50.,11.3359417088
1.0530543529,Voter,14,7,51.,1,false,true,false,true,106.,92.,56.,50.,11.3359417088
1.2959056001,Sample,14,7,1.,1,false,true,false,true,98.,94.,158.,138.,0.
1.2959056001,Sample,14,7,6.,1,false,true,false,true,238.,196.,210.,192.,12.1371038231
1.2959056001,Sample,14,7,11.,1,false,true,false,true,246.,198.,202.,190.,12.6514441605
1.2959056001,Sample,14,7,16.,1,false,true,false,true,246.,198.,202.,190.,12.6743712014
1.2959056001,Sample,14,7,21.,1,false,true,false,true,246.,198.,202.,190.,12.6754383866
1.2959056001,Sample,14,7,26.,1,false,true,false,true,246.,198.,202.,190.,12.6754898843
1.2959056001,Sample,14,7,31.,1,false,true,false,true,246.,198.,202.,190.,12.6754924442
1.2959056001,Sample,14,7,36.,1,false,true,false,true,246.,198.,202.,190.,12.6754925746
1.2959056001,Sample,14,7,41.,1,false,true,false,true,246.,198.,202.,190.,12.6754925814
1.2959056001,Sample,14,7,46.,1,false,true,false,true,246.,198.,202.,190.,12.6754925817
1.2959056001,Sample,14,7,51.,1,false,true,false,true,246.,198.,202.,190.,12.6754925817
0.984231717579,Sample,14,4,1.,1,false,true,false,true,8.,8.,38.,32.,0.
0.984231717579,Sample,14,4,6.,1,false,true,false,true,68.,56.,78.,56.,10.6736715088
0.984231717579,Sample,14,4,11.,1,false,true,false,true,70.,56.,76.,54.,10.8917196274
0.984231717579,Sample,14,4,16.,1,false,true,false,true,70.,56.,76.,54.,10.896573102
0.984231717579,Sample,14,4,21.,1,false,true,false,true,70.,56.,76.,54.,10.8966886897
0.984231717579,Sample,14,4,26.,1,false,true,false,true,70.,56.,76.,54.,10.896691589
0.984231717579,Sample,14,4,31.,1,false,true,false,true,70.,56.,76.,54.,10.8966916647
0.984231717579,Sample,14,4,36.,1,false,true,false,true,70.,56.,76.,54.,10.8966916667
0.984231717579,Sample,14,4,41.,1,false,true,false,true,70.,56.,76.,54.,10.8966916668
0.984231717579,Sample,14,4,46.,1,false,true,false,true,70.,56.,76.,54.,10.8966916668
0.984231717579,Sample,14,4,51.,1,false,true,false,true,70.,56.,76.,54.,10.8966916668
1.38618228126,Sample,14,7,1.,1,false,true,false,true,38.,36.,126.,104.,0.
1.38618228126,Sample,14,7,6.,1,false,true,false,true,166.,138.,166.,142.,12.4495550947
1.38618228126,Sample,14,7,11.,1,false,true,false,true,174.,142.,170.,146.,13.0697820449
1.38618228126,Sample,14,7,16.,1,false,true,false,true,174.,142.,170.,146.,13.1020819284
1.38618228126,Sample,14,7,21.,1,false,true,false,true,174.,142.,170.,146.,13.1038301151
1.38618228126,Sample,14,7,26.,1,false,true,false,true,174.,142.,170.,146.,13.1039278734
1.38618228126,Sample,14,7,31.,1,false,true,false,true,174.,142.,170.,146.,13.1039334913
1.38618228126,Sample,14,7,36.,1,false,true,false,true,174.,142.,170.,146.,13.1039338216
1.38618228126,Sample,14,7,41.,1,false,true,false,true,174.,142.,170.,146.,13.1039338414
1.38618228126,Sample,14,7,46.,1,false,true,false,true,174.,142.,170.,146.,13.1039338426
1.38618228126,Sample,14,7,51.,1,false,true,false,true,174.,142.,170.,146.,13.1039338427
1.24309239783,Voter,14,6,1.,1,false,true,false,true,66.,52.,140.,112.,0.
1.24309239783,Voter,14,6,6.,1,false,true,false,true,136.,108.,166.,120.,11.9335159968
1.24309239783,Voter,14,6,11.,1,false,true,false,true,136.,108.,166.,120.,12.3896286181
1.24309239783,Voter,14,6,16.,1,false,true,false,true,136.,108.,166.,120.,12.4080443756
1.24309239783,Voter,14,6,21.,1,false,true,false,true,136.,108.,166.,120.,12.408823261
1.24309239783,Voter,14,6,26.,1,false,true,false,true,136.,108.,166.,120.,12.4088574881
1.24309239783,Voter,14,6,31.,1,false,true,false,true,136.,108.,166.,120.,12.4088590398
1.24309239783,Voter,14,6,36.,1,false,true,false,true,136.,108.,166.,120.,12.408859112
1.24309239783,Voter,14,6,41.,1,false,true,false,true,136.,108.,166.,120.,12.4088591154
1.24309239783,Voter,14,6,46.,1,false,true,false,true,136.,108.,166.,120.,12.4088591156
1.24309239783,Voter,14,6,51.,1,false,true,false,true,136.,108.,166.,120.,12.4088591156
0.971453768445,Sample,14,6,1.,1,false,true,false,true,44.,44.,84.,66.,0.
0.971453768445,Sample,14,6,6.,1,false,true,false,true,142.,110.,126.,100.,10.5986183345
0.971453768445,Sample,14,6,11.,1,false,true,false,true,142.,110.,126.,100.,10.8071758364
0.971453768445,Sample,14,6,16.,1,false,true,false,true,142.,110.,126.,100.,10.8116570351
0.971453768445,Sample,14,6,21.,1,false,true,false,true,142.,110.,126.,100.,10.8117601948
0.971453768445,Sample,14,6,26.,1,false,true,false,true,142.,110.,126.,100.,10.8117626981
0.971453768445,Sample,14,6,31.,1,false,true,false,true,142.,110.,126.,100.,10.8117627613
0.971453768445,Sample,14,6,36.,1,false,true,false,true,142.,110.,126.,100.,10.811762763
0.971453768445,Sample,14,6,41.,1,false,true,false,true,142.,110.,126.,100.,10.811762763
0.971453768445,Sample,14,6,46.,1,false,true,false,true,142.,110.,126.,100.,10.811762763
0.971453768445,Sample,14,6,51.,1,false,true,false,true,142.,110.,126.,100.,10.811762763
1.17525740272,Voter,14,7,1.,1,false,true,false,true,40.,40.,78.,64.,0.
1.17525740272,Voter,14,7,6.,1,false,true,false,true,96.,76.,38.,36.,11.6475071458
1.17525740272,Voter,14,7,11.,1,false,true,false,true,96.,76.,38.,36.,12.0332852336
1.17525740272,Voter,14,7,16.,1,false,true,false,true,96.,76.,38.,36.,12.0468680623
1.17525740272,Voter,14,7,21.,1,false,true,false,true,96.,76.,38.,36.,12.047371314
1.17525740272,Voter,14,7,26.,1,false,true,false,true,96.,76.,38.,36.,12.0473907469
1.17525740272,Voter,14,7,31.,1,false,true,false,true,96.,76.,38.,36.,12.0473915226
1.17525740272,Voter,14,7,36.,1,false,true,false,true,96.,76.,38.,36.,12.0473915544
1.17525740272,Voter,14,7,41.,1,false,true,false,true,96.,76.,38.,36.,12.0473915558
1.17525740272,Voter,14,7,46.,1,false,true,false,true,96.,76.,38.,36.,12.0473915558
1.17525740272,Voter,14,7,51.,1,false,true,false,true,96.,76.,38.,36.,12.0473915558
0.897374835258,Voter,14,6,1.,1,false,true,false,true,30.,28.,32.,30.,0.
0.897374835258,Voter,14,6,6.,1,false,true,false,true,72.,54.,22.,22.,10.1360332882
0.897374835258,Voter,14,6,11.,1,false,true,false,true,74.,56.,24.,24.,10.2940754926
0.897374835258,Voter,14,6,16.,1,false,true,false,true,74.,56.,24.,24.,10.2968043636
0.897374835258,Voter,14,6,21.,1,false,true,false,true,74.,56.,24.,24.,10.2968552829
0.897374835258,Voter,14,6,26.,1,false,true,false,true,74.,56.,24.,24.,10.2968562895
0.897374835258,Voter,14,6,31.,1,false,true,false,true,74.,56.,24.,24.,10.2968563102
0.897374835258,Voter,14,6,36.,1,false,true,false,true,74.,56.,24.,24.,10.2968563107
0.897374835258,Voter,14,6,41.,1,false,true,false,true,74.,56.,24.,24.,10.2968563107
0.897374835258,Voter,14,6,46.,1,false,true,false,true,74.,56.,24.,24.,10.2968563107
0.897374835258,Voter,14,6,51.,1,false,true,false,true,74.,56.,24.,24.,10.2968563107
1.30423348817,Voter,14,3,1.,1,false,true,false,true,0.,0.,6.,6.,0.
1.30423348817,Voter,14,3,6.,1,false,true,false,true,6.,6.,0.,0.,12.1677592279
1.30423348817,Voter,14,3,11.,1,false,true,false,true,6.,6.,0.,0.,12.6915422944
1.30423348817,Voter,14,3,16.,1,false,true,false,true,6.,6.,0.,0.,12.7152441101
1.30423348817,Voter,14,3,21.,1,false,true,false,true,6.,6.,0.,0.,12.7163635528
1.30423348817,Voter,14,3,26.,1,false,true,false,true,6.,6.,0.,0.,12.7164183468
1.30423348817,Voter,14,3,31.,1,false,true,false,true,6.,6.,0.,0.,12.716421109
1.30423348817,Voter,14,3,36.,1,false,true,false,true,6.,6.,0.,0.,12.7164212517
1.30423348817,Voter,14,3,41.,1,false,true,false,true,6.,6.,0.,0.,12.7164212592
1.30423348817,Voter,14,3,46.,1,false,true,false,true,6.,6.,0.,0.,12.7164212596
1.30423348817,Voter,14,3,51.,1,false,true,false,true,6.,6.,0.,0.,12.7164212596
1.20804898612,Sample,14,5,1.,1,false,true,false,true,28.,28.,60.,48.,0.
1.20804898612,Sample,14,5,6.,1,false,true,false,true,88.,74.,64.,64.,11.7893295849
1.20804898612,Sample,14,5,11.,1,false,true,false,true,90.,76.,66.,66.,12.2084577362
1.20804898612,Sample,14,5,16.,1,false,true,false,true,90.,76.,66.,66.,12.2242475303
1.20804898612,Sample,14,5,21.,1,false,true,false,true,90.,76.,66.,66.,12.2248720718
1.20804898612,Sample,14,5,26.,1,false,true,false,true,90.,76.,66.,66.,12.2248977779
1.20804898612,Sample,14,5,31.,1,false,true,false,true,90.,76.,66.,66.,12.2248988706
1.20804898612,Sample,14,5,36.,1,false,true,false,true,90.,76.,66.,66.,12.2248989183
1.20804898612,Sample,14,5,41.,1,false,true,false,true,90.,76.,66.,66.,12.2248989204
1.20804898612,Sample,14,5,46.,1,false,true,false,true,90.,76.,66.,66.,12.2248989205
1.20804898612,Sample,14,5,51.,1,false,true,false,true,90.,76.,66.,66.,12.2248989205
0.851133345041,Sample,14,7,1.,1,false,true,false,true,114.,98.,208.,166.,0.
0.851133345041,Sample,14,7,6.,1,false,true,false,true,212.,164.,206.,166.,9.82212860714
0.851133345041,Sample,14,7,11.,1,false,true,false,true,214.,164.,204.,164.,9.95257970835
0.851133345041,Sample,14,7,16.,1,false,true,false,true,214.,164.,204.,164.,9.95451857469
0.851133345041,Sample,14,7,21.,1,false,true,false,true,214.,164.,204.,164.,9.95454990635
0.851133345041,Sample,14,7,26.,1,false,true,false,true,214.,164.,204.,164.,9.95455044452
0.851133345041,Sample,14,7,31.,1,false,true,false,true,214.,164.,204.,164.,9.95455045419
0.851133345041,Sample,14,7,36.,1,false,true,false,true,214.,164.,204.,164.,9.95455045437
0.851133345041,Sample,14,7,41.,1,false,true,false,true,214.,164.,204.,164.,9.95455045438
0.851133345041,Sample,14,7,46.,1,false,true,false,true,214.,164.,204.,164.,9.95455045438
0.851133345041,Sample,14,7,51.,1,false,true,false,true,214.,164.,204.,164.,9.95455045438
0.84164918296,Voter,14,7,1.,1,false,true,false,true,62.,52.,82.,66.,0.
0.84164918296,Voter,14,7,6.,1,false,true,false,true,114.,90.,30.,30.,9.75522054877
0.84164918296,Voter,14,7,11.,1,false,true,false,true,114.,90.,30.,30.,9.88038874767
0.84164918296,Voter,14,7,16.,1,false,true,false,true,114.,90.,30.,30.,9.88219020932
0.84164918296,Voter,14,7,21.,1,false,true,false,true,114.,90.,30.,30.,9.8822184364
0.84164918296,Voter,14,7,26.,1,false,true,false,true,114.,90.,30.,30.,9.88221890686
0.84164918296,Voter,14,7,31.,1,false,true,false,true,114.,90.,30.,30.,9.88221891506
0.84164918296,Voter,14,7,36.,1,false,true,false,true,114.,90.,30.,30.,9.88221891521
0.84164918296,Voter,14,7,41.,1,false,true,false,true,114.,90.,30.,30.,9.88221891521
0.84164918296,Voter,14,7,46.,1,false,true,false,true,114.,90.,30.,30.,9.88221891521
0.84164918296,Voter,14,7,51.,1,false,true,false,true,114.,90.,30.,30.,9.88221891521
1.03449000502,Voter,14,4,1.,1,false,true,false,true,16.,14.,18.,18.,0.
1.03449000502,Voter,14,4,6.,1,false,true,false,true,28.,26.,6.,6.,10.9561064047
1.03449000502,Voter,14,4,11.,1,false,true,false,true,28.,26.,6.,6.,11.2136562556
1.03449000502,Voter,14,4,16.,1,false,true,false,true,28.,26.,6.,6.,11.2202021965
1.03449000502,Voter,14,4,21.,1,false,true,false,true,28.,26.,6.,6.,11.220379316
1.03449000502,Voter,14,4,26.,1,false,true,false,true,28.,26.,6.,6.,11.2203843482
1.03449000502,Voter,14,4,31.,1,false,true,false,true,28.,26.,6.,6.,11.2203844967
1.03449000502,Voter,14,4,36.,1,false,true,false,true,28.,26.,6.,6.,11.2203845012
1.03449000502,Voter,14,4,41.,1,false,true,false,true,28.,26.,6.,6.,11.2203845014
1.03449000502,Voter,14,4,46.,1,false,true,false,true,28.,26.,6.,6.,11.2203845014
1.03449000502,Voter,14,4,51.,1,false,true,false,true,28.,26.,6.,6.,11.2203845014
1.08035363086,Voter,14,5,1.,1,false,true,false,true,22.,20.,26.,24.,0.
1.08035363086,Voter,14,5,6.,1,false,true,false,true,46.,38.,14.,12.,11.1968683543
1.08035363086,Voter,14,5,11.,1,false,true,false,true,46.,38.,14.,12.,11.4934222314
1.08035363086,Voter,14,5,16.,1,false,true,false,true,46.,38.,14.,12.,11.5018618648
1.08035363086,Voter,14,5,21.,1,false,true,false,true,46.,38.,14.,12.,11.5021165049
1.08035363086,Voter,14,5,26.,1,false,true,false,true,46.,38.,14.,12.,11.5021245513
1.08035363086,Voter,14,5,31.,1,false,true,false,true,46.,38.,14.,12.,11.502124815
1.08035363086,Voter,14,5,36.,1,false,true,false,true,46.,38.,14.,12.,11.5021248239
1.08035363086,Voter,14,5,41.,1,false,true,false,true,46.,38.,14.,12.,11.5021248242
1.08035363086,Voter,14,5,46.,1,false,true,false,true,46.,38.,14.,12.,11.5021248242
1.08035363086,Voter,14,5,51.,1,false,true,false,true,46.,38.,14.,12.,11.5021248242
1.28994704773,Voter,14,6,1.,1,false,true,false,true,16.,16.,34.,34.,0.
1.28994704773,Voter,14,6,6.,1,false,true,false,true,70.,64.,44.,42.,12.1149326144
1.28994704773,Voter,14,6,11.,1,false,true,false,true,72.,66.,46.,44.,12.6225593814
1.28994704773,Voter,14,6,16.,1,false,true,false,true,72.,66.,46.,44.,12.6449428849
1.28994704773,Voter,14,6,21.,1,false,true,false,true,72.,66.,46.,44.,12.6459738742
1.28994704773,Voter,14,6,26.,1,false,true,false,true,72.,66.,46.,44.,12.6460231167
1.28994704773,Voter,14,6,31.,1,false,true,false,true,72.,66.,46.,44.,12.6460255399
1.28994704773,Voter,14,6,36.,1,false,true,false,true,72.,66.,46.,44.,12.6460256621
1.28994704773,Voter,14,6,41.,1,false,true,false,true,72.,66.,46.,44.,12.6460256683
1.28994704773,Voter,14,6,46.,1,false,true,false,true,72.,66.,46.,44.,12.6460256687
1.28994704773,Voter,14,6,51.,1,false,true,false,true,72.,66.,46.,44.,12.6460256687
1.21151853089,Voter,14,7,1.,1,false,true,false,true,18.,18.,60.,58.,0.
1.21151853089,Voter,14,7,6.,1,false,true,false,true,96.,88.,74.,68.,11.8039399417
1.21151853089,Voter,14,7,11.,1,false,true,false,true,96.,88.,74.,68.,12.2266688053
1.21151853089,Voter,14,7,16.,1,false,true,false,true,96.,88.,74.,68.,12.2427060319
1.21151853089,Voter,14,7,21.,1,false,true,false,true,96.,88.,74.,68.,12.2433446643
1.21151853089,Voter,14,7,26.,1,false,true,false,true,96.,88.,74.,68.,12.2433711246
1.21151853089,Voter,14,7,31.,1,false,true,false,true,96.,88.,74.,68.,12.2433722567
1.21151853089,Voter,14,7,36.,1,false,true,false,true,96.,88.,74.,68.,12.2433723064
1.21151853089,Voter,14,7,41.,1,false,true,false,true,96.,88.,74.,68.,12.2433723087
1.21151853089,Voter,14,7,46.,1,false,true,false,true,96.,88.,74.,68.,12.2433723088
1.21151853089,Voter,14,7,51.,1,false,true,false,true,96.,88.,74.,68.,12.2433723088
1.01843027644,Sample,14,5,1.,1,false,true,false,true,44.,42.,94.,80.,0.
1.01843027644,Sample,14,5,6.,1,false,true,false,true,130.,112.,148.,126.,10.8680257267
1.01843027644,Sample,14,5,11.,1,false,true,false,true,138.,114.,148.,128.,11.1125796401
1.01843027644,Sample,14,5,16.,1,false,true,false,true,138.,114.,148.,128.,11.1185434987
1.01843027644,Sample,14,5,21.,1,false,true,false,true,138.,114.,148.,128.,11.118698571
1.01843027644,Sample,14,5,26.,1,false,true,false,true,138.,114.,148.,128.,11.1187028089
1.01843027644,Sample,14,5,31.,1,false,true,false,true,138.,114.,148.,128.,11.1187029293
1.01843027644,Sample,14,5,36.,1,false,true,false,true,138.,114.,148.,128.,11.1187029328
1.01843027644,Sample,14,5,41.,1,false,true,false,true,138.,114.,148.,128.,11.1187029329
1.01843027644,Sample,14,5,46.,1,false,true,false,true,138.,114.,148.,128.,11.1187029329
1.01843027644,Sample,14,5,51.,1,false,true,false,true,138.,114.,148.,128.,11.1187029329
1.09372240703,Sample,14,3,1.,1,false,true,false,true,6.,6.,16.,14.,0.
1.09372240703,Sample,14,3,6.,1,false,true,false,true,30.,30.,32.,32.,11.2641344043
1.09372240703,Sample,14,3,11.,1,false,true,false,true,32.,32.,34.,34.,11.5725745288
1.09372240703,Sample,14,3,16.,1,false,true,false,true,32.,32.,34.,34.,11.5816345776
1.09372240703,Sample,14,3,21.,1,false,true,false,true,32.,32.,34.,34.,11.5819164025
1.09372240703,Sample,14,3,26.,1,false,true,false,true,32.,32.,34.,34.,11.581925577
1.09372240703,Sample,14,3,31.,1,false,true,false,true,32.,32.,34.,34.,11.5819258866
1.09372240703,Sample,14,3,36.,1,false,true,false,true,32.,32.,34.,34.,11.5819258974
1.09372240703,Sample,14,3,41.,1,false,true,false,true,32.,32.,34.,34.,11.5819258978
1.09372240703,Sample,14,3,46.,1,false,true,false,true,32.,32.,34.,34.,11.5819258978
1.09372240703,Sample,14,3,51.,1,false,true,false,true,32.,32.,34.,34.,11.5819258978
1.21897448388,Voter,14,7,1.,1,false,true,false,true,42.,36.,80.,68.,0.
1.21897448388,Voter,14,7,6.,1,false,true,false,true,92.,76.,58.,48.,11.835085731
1.21897448388,Voter,14,7,11.,1,false,true,false,true,92.,76.,58.,48.,12.2655982592
1.21897448388,Voter,14,7,16.,1,false,true,false,true,92.,76.,58.,48.,12.2821764353
1.21897448388,Voter,14,7,21.,1,false,true,false,true,92.,76.,58.,48.,12.2828462082
1.21897448388,Voter,14,7,26.,1,false,true,false,true,92.,76.,58.,48.,12.2828743527
1.21897448388,Voter,14,7,31.,1,false,true,false,true,92.,76.,58.,48.,12.2828755737
1.21897448388,Voter,14,7,36.,1,false,true,false,true,92.,76.,58.,48.,12.2828756281
1.21897448388,Voter,14,7,41.,1,false,true,false,true,92.,76.,58.,48.,12.2828756305
1.21897448388,Voter,14,7,46.,1,false,true,false,true,92.,76.,58.,48.,12.2828756306
1.21897448388,Voter,14,7,51.,1,false,true,false,true,92.,76.,58.,48.,12.2828756306
1.29319446674,Sample,14,7,1.,1,false,true,false,true,90.,76.,198.,160.,0.
1.29319446674,Sample,14,7,6.,1,false,true,false,true,246.,186.,290.,206.,12.1270406205
1.29319446674,Sample,14,7,11.,1,false,true,false,true,266.,196.,290.,206.,12.6383218574
1.29319446674,Sample,14,7,16.,1,false,true,false,true,266.,196.,290.,206.,12.6610004766
1.29319446674,Sample,14,7,21.,1,false,true,false,true,266.,196.,290.,206.,12.6620510706
1.29319446674,Sample,14,7,26.,1,false,true,false,true,266.,196.,290.,206.,12.6621015317
1.29319446674,Sample,14,7,31.,1,false,true,false,true,266.,196.,290.,206.,12.6621040285
1.29319446674,Sample,14,7,36.,1,false,true,false,true,266.,196.,290.,206.,12.6621041552
1.29319446674,Sample,14,7,41.,1,false,true,false,true,266.,196.,290.,206.,12.6621041617
1.29319446674,Sample,14,7,46.,1,false,true,false,true,266.,196.,290.,206.,12.6621041621
1.29319446674,Sample,14,7,51.,1,false,true,false,true,266.,196.,290.,206.,12.6621041621
0.862606734046,Voter,14,4,1.,1,false,true,false,true,6.,6.,16.,16.,0.
0.862606734046,Voter,14,4,6.,1,false,true,false,true,16.,16.,6.,6.,9.90190340767
0.862606734046,Voter,14,4,11.,1,false,true,false,true,16.,16.,6.,6.,10.0389164939
0.862606734046,Voter,14,4,16.,1,false,true,false,true,16.,16.,6.,6.,10.0410322874
0.862606734046,Voter,14,4,21.,1,false,true,false,true,16.,16.,6.,6.,10.0410677556
0.862606734046,Voter,14,4,26.,1,false,true,false,true,16.,16.,6.,6.,10.0410683871
0.862606734046,Voter,14,4,31.,1,false,true,false,true,16.,16.,6.,6.,10.0410683988
0.862606734046,Voter,14,4,36.,1,false,true,false,true,16.,16.,6.,6.,10.0410683991
0.862606734046,Voter,14,4,41.,1,false,true,false,true,16.,16.,6.,6.,10.0410683991
0.862606734046,Voter,14,4,46.,1,false,true,false,true,16.,16.,6.,6.,10.0410683991
0.862606734046,Voter,14,4,51.,1,false,true,false,true,16.,16.,6.,6.,10.0410683991
1.14739654392,Voter,14,5,1.,1,false,true,false,true,18.,16.,46.,38.,0.
1.14739654392,Voter,14,5,6.,1,false,true,false,true,98.,80.,106.,84.,11.5215601107
1.14739654392,Voter,14,5,11.,1,false,true,false,true,98.,80.,106.,84.,11.8799956751
1.14739654392,Voter,14,5,16.,1,false,true,false,true,98.,80.,106.,84.,11.8918838878
1.14739654392,Voter,14,5,21.,1,false,true,false,true,98.,80.,106.,84.,11.8922996586
1.14739654392,Voter,14,5,26.,1,false,true,false,true,98.,80.,106.,84.,11.8923148339
1.14739654392,Voter,14,5,31.,1,false,true,false,true,98.,80.,106.,84.,11.8923154071
1.14739654392,Voter,14,5,36.,1,false,true,false,true,98.,80.,106.,84.,11.8923154293
1.14739654392,Voter,14,5,41.,1,false,true,false,true,98.,80.,106.,84.,11.8923154302
1.14739654392,Voter,14,5,46.,1,false,true,false,true,98.,80.,106.,84.,11.8923154302
1.14739654392,Voter,14,5,51.,1,false,true,false,true,98.,80.,106.,84.,11.8923154302
1.23719262946,Sample,14,6,1.,1,false,true,false,true,84.,64.,138.,106.,0.
1.23719262946,Sample,14,6,6.,1,false,true,false,true,150.,108.,148.,98.,11.9097615513
1.23719262946,Sample,14,6,11.,1,false,true,false,true,154.,112.,152.,102.,12.3595529119
1.23719262946,Sample,14,6,16.,1,false,true,false,true,154.,112.,152.,102.,12.3775066124
1.23719262946,Sample,14,6,21.,1,false,true,false,true,154.,112.,152.,102.,12.3782575869
1.23719262946,Sample,14,6,26.,1,false,true,false,true,154.,112.,152.,102.,12.3782902322
1.23719262946,Sample,14,6,31.,1,false,true,false,true,154.,112.,152.,102.,12.3782916965
1.23719262946,Sample,14,6,36.,1,false,true,false,true,154.,112.,152.,102.,12.3782917639
1.23719262946,Sample,14,6,41.,1,false,true,false,true,154.,112.,152.,102.,12.3782917671
1.23719262946,Sample,14,6,46.,1,false,true,false,true,154.,112.,152.,102.,12.3782917672
1.23719262946,Sample,14,6,51.,1,false,true,false,true,154.,112.,152.,102.,12.3782917673
1.32110158427,Voter,14,4,1.,1,false,true,false,true,8.,8.,30.,26.,0.
1.32110158427,Voter,14,4,6.,1,false,true,false,true,24.,24.,22.,22.,12.2286807616
1.32110158427,Voter,14,4,11.,1,false,true,false,true,24.,24.,22.,22.,12.7717995834
1.32110158427,Voter,14,4,16.,1,false,true,false,true,24.,24.,22.,22.,12.7971253345
1.32110158427,Voter,14,4,21.,1,false,true,false,true,24.,24.,22.,22.,12.7983567808
1.32110158427,Voter,14,4,26.,1,false,true,false,true,24.,24.,22.,22.,12.7984187952
1.32110158427,Voter,14,4,31.,1,false,true,false,true,24.,24.,22.,22.,12.79842201
1.32110158427,Voter,14,4,36.,1,false,true,false,true,24.,24.,22.,22.,12.7984221807
1.32110158427,Voter,14,4,41.,1,false,true,false,true,24.,24.,22.,22.,12.79842219
1.32110158427,Voter,14,4,46.,1,false,true,false,true,24.,24.,22.,22.,12.7984221905
1.32110158427,Voter,14,4,51.,1,false,true,false,true,24.,24.,22.,22.,12.7984221905
0.913630190688,Voter,14,6,1.,1,false,true,false,true,26.,24.,26.,24.,0.
0.913630190688,Voter,14,6,6.,1,false,true,false,true,46.,40.,6.,6.,10.2416747108
0.913630190688,Voter,14,6,11.,1,false,true,false,true,46.,40.,6.,6.,10.4101383172
0.913630190688,Voter,14,6,16.,1,false,true,false,true,46.,40.,6.,6.,10.4131966855
0.913630190688,Voter,14,6,21.,1,false,true,false,true,46.,40.,6.,6.,10.4132565669
0.913630190688,Voter,14,6,26.,1,false,true,false,true,46.,40.,6.,6.,10.4132578076
0.913630190688,Voter,14,6,31.,1,false,true,false,true,46.,40.,6.,6.,10.4132578344
0.913630190688,Voter,14,6,36.,1,false,true,false,true,46.,40.,6.,6.,10.413257835
0.913630190688,Voter,14,6,41.,1,false,true,false,true,46.,40.,6.,6.,10.413257835
0.913630190688,Voter,14,6,46.,1,false,true,false,true,46.,40.,6.,6.,10.413257835
0.913630190688,Voter,14,6,51.,1,false,true,false,true,46.,40.,6.,6.,10.413257835
0.838858474999,Sample,14,4,1.,1,false,true,false,true,40.,40.,54.,52.,0.
0.838858474999,Sample,14,4,6.,1,false,true,false,true,70.,68.,76.,76.,9.73536495072
0.838858474999,Sample,14,4,11.,1,false,true,false,true,70.,68.,76.,76.,9.85900300605
0.838858474999,Sample,14,4,16.,1,false,true,false,true,70.,68.,76.,76.,9.86076551341
0.838858474999,Sample,14,4,21.,1,false,true,false,true,70.,68.,76.,76.,9.86079287812
0.838858474999,Sample,14,4,26.,1,false,true,false,true,70.,68.,76.,76.,9.86079333014
0.838858474999,Sample,14,4,31.,1,false,true,false,true,70.,68.,76.,76.,9.86079333795
0.838858474999,Sample,14,4,36.,1,false,true,false,true,70.,68.,76.,76.,9.86079333809
0.838858474999,Sample,14,4,41.,1,false,true,false,true,70.,68.,76.,76.,9.8607933381
0.838858474999,Sample,14,4,46.,1,false,true,false,true,70.,68.,76.,76.,9.8607933381
0.838858474999,Sample,14,4,51.,1,false,true,false,true,70.,68.,76.,76.,9.8607933381
1.39124806784,Voter,14,7,1.,1,false,true,false,true,42.,36.,64.,56.,0.
1.39124806784,Voter,14,7,6.,1,false,true,false,true,132.,104.,82.,76.,12.4658355609
1.39124806784,Voter,14,7,11.,1,false,true,false,true,132.,104.,82.,76.,13.0922235692
1.39124806784,Voter,14,7,16.,1,false,true,false,true,132.,104.,82.,76.,13.1251149314
1.39124806784,Voter,14,7,21.,1,false,true,false,true,132.,104.,82.,76.,13.1269094624
1.39124806784,Voter,14,7,26.,1,false,true,false,true,132.,104.,82.,76.,13.1270106021
1.39124806784,Voter,14,7,31.,1,false,true,false,true,132.,104.,82.,76.,13.1270164594
1.39124806784,Voter,14,7,36.,1,false,true,false,true,132.,104.,82.,76.,13.1270168064
1.39124806784,Voter,14,7,41.,1,false,true,false,true,132.,104.,82.,76.,13.1270168273
1.39124806784,Voter,14,7,46.,1,false,true,false,true,132.,104.,82.,76.,13.1270168286
1.39124806784,Voter,14,7,51.,1,false,true,false,true,132.,104.,82.,76.,13.1270168287
1.07988830532,Voter,14,4,1.,1,false,true,false,true,14.,12.,14.,14.,0.
1.07988830532,Voter,14,4,6.,1,false,true,false,true,26.,24.,6.,6.,11.1945037886
1.07988830532,Voter,14,4,11.,1,false,true,false,true,26.,24.,6.,6.,11.4906480932
1.07988830532,Voter,14,4,16.,1,false,true,false,true,26.,24.,6.,6.,11.4990667072
1.07988830532,Voter,14,4,21.,1,false,true,false,true,26.,24.,6.,6.,11.4993204412
1.07988830532,Voter,14,4,26.,1,false,true,false,true,26.,24.,6.,6.,11.4993284505
1.07988830532,Voter,14,4,31.,1,false,true,false,true,26.,24.,6.,6.,11.4993287127
1.07988830532,Voter,14,4,36.,1,false,true,false,true,26.,24.,6.,6.,11.4993287216
1.07988830532,Voter,14,4,41.,1,false,true,false,true,26.,24.,6.,6.,11.4993287219
1.07988830532,Voter,14,4,46.,1,false,true,false,true,26.,24.,6.,6.,11.4993287219
1.07988830532,Voter,14,4,51.,1,false,true,false,true,26.,24.,6.,6.,11.4993287219
1.09984586919,Sample,14,5,1.,1,false,true,false,true,40.,40.,70.,64.,0.
1.09984586919,Sample,14,5,6.,1,false,true,false,true,92.,76.,86.,76.,11.29451763
1.09984586919,Sample,14,5,11.,1,false,true,false,true,92.,76.,86.,76.,11.6084786756
1.09984586919,Sample,14,5,16.,1,false,true,false,true,92.,76.,86.,76.,11.617833723
1.09984586919,Sample,14,5,21.,1,false,true,false,true,92.,76.,86.,76.,11.6181287646
1.09984586919,Sample,14,5,26.,1,false,true,false,true,92.,76.,86.,76.,11.6181384996
1.09984586919,Sample,14,5,31.,1,false,true,false,true,92.,76.,86.,76.,11.6181388325
1.09984586919,Sample,14,5,36.,1,false,true,false,true,92.,76.,86.,76.,11.6181388442
1.09984586919,Sample,14,5,41.,1,false,true,false,true,92.,76.,86.,76.,11.6181388446
1.09984586919,Sample,14,5,46.,1,false,true,false,true,92.,76.,86.,76.,11.6181388446
1.09984586919,Sample,14,5,51.,1,false,true,false,true,92.,76.,86.,76.,11.6181388446
1.25319008829,Sample,14,3,1.,1,false,true,false,true,6.,6.,20.,18.,0.
1.25319008829,Sample,14,3,6.,1,false,true,false,true,20.,20.,14.,14.,11.9736927943
1.25319008829,Sample,14,3,11.,1,false,true,false,true,22.,22.,16.,16.,12.440711717
1.25319008829,Sample,14,3,16.,1,false,true,false,true,22.,22.,16.,16.,12.4599374669
1.25319008829,Sample,14,3,21.,1,false,true,false,true,22.,22.,16.,16.,12.4607660301
1.25319008829,Sample,14,3,26.,1,false,true,false,true,22.,22.,16.,16.,12.4608031146
1.25319008829,Sample,14,3,31.,1,false,true,false,true,22.,22.,16.,16.,12.4608048264
1.25319008829,Sample,14,3,36.,1,false,true,false,true,22.,22.,16.,16.,12.4608049075
1.25319008829,Sample,14,3,41.,1,false,true,false,true,22.,22.,16.,16.,12.4608049114
1.25319008829,Sample,14,3,46.,1,false,true,false,true,22.,22.,16.,16.,12.4608049116
1.25319008829,Sample,14,3,51.,1,false,true,false,true,22.,22.,16.,16.,12.4608049116
1.18483863795,Voter,14,6,1.,1,false,true,false,true,14.,14.,38.,34.,0.
1.18483863795,Voter,14,6,6.,1,false,true,false,true,42.,40.,6.,6.,11.6896519773
1.18483863795,Voter,14,6,11.,1,false,true,false,true,42.,40.,6.,6.,12.0850457037
1.18483863795,Voter,14,6,16.,1,false,true,false,true,42.,40.,6.,6.,12.099249119
1.18483863795,Voter,14,6,21.,1,false,true,false,true,42.,40.,6.,6.,12.0997856605
1.18483863795,Voter,14,6,26.,1,false,true,false,true,42.,40.,6.,6.,12.0998067746
1.18483863795,Voter,14,6,31.,1,false,true,false,true,42.,40.,6.,6.,12.0998076333
1.18483863795,Voter,14,6,36.,1,false,true,false,true,42.,40.,6.,6.,12.0998076691
1.18483863795,Voter,14,6,41.,1,false,true,false,true,42.,40.,6.,6.,12.0998076707
1.18483863795,Voter,14,6,46.,1,false,true,false,true,42.,40.,6.,6.,12.0998076707
1.18483863795,Voter,14,6,51.,1,false,true,false,true,42.,40.,6.,6.,12.0998076707
0.993379606628,Voter,14,3,1.,1,false,true,false,true,2.,2.,10.,10.,0.
0.993379606628,Voter,14,3,6.,1,false,true,false,true,26.,26.,26.,26.,10.7265809142
0.993379606628,Voter,14,3,11.,1,false,true,false,true,26.,26.,26.,26.,10.9515620961
0.993379606628,Voter,14,3,16.,1,false,true,false,true,26.,26.,26.,26.,10.9566959944
0.993379606628,Voter,14,3,21.,1,false,true,false,true,26.,26.,26.,26.,10.9568212202
0.993379606628,Voter,14,3,26.,1,false,true,false,true,26.,26.,26.,26.,10.9568244355
0.993379606628,Voter,14,3,31.,1,false,true,false,true,26.,26.,26.,26.,10.9568245213
0.993379606628,Voter,14,3,36.,1,false,true,false,true,26.,26.,26.,26.,10.9568245237
0.993379606628,Voter,14,3,41.,1,false,true,false,true,26.,26.,26.,26.,10.9568245238
0.993379606628,Voter,14,3,46.,1,false,true,false,true,26.,26.,26.,26.,10.9568245238
0.993379606628,Voter,14,3,51.,1,false,true,false,true,26.,26.,26.,26.,10.9568245238
1.12400007597,Sample,14,6,1.,1,false,true,false,true,34.,34.,92.,74.,0.
1.12400007597,Sample,14,6,6.,1,false,true,false,true,104.,92.,86.,76.,11.4117926855
1.12400007597,Sample,14,6,11.,1,false,true,false,true,110.,96.,84.,74.,11.7479938957
1.12400007597,Sample,14,6,16.,1,false,true,false,true,110.,96.,84.,74.,11.7585809427
1.12400007597,Sample,14,6,21.,1,false,true,false,true,110.,96.,84.,74.,11.7589331252
1.12400007597,Sample,14,6,26.,1,false,true,false,true,110.,96.,84.,74.,11.7589453664
1.12400007597,Sample,14,6,31.,1,false,true,false,true,110.,96.,84.,74.,11.7589458069
1.12400007597,Sample,14,6,36.,1,false,true,false,true,110.,96.,84.,74.,11.7589458232
1.12400007597,Sample,14,6,41.,1,false,true,false,true,110.,96.,84.,74.,11.7589458239
1.12400007597,Sample,14,6,46.,1,false,true,false,true,110.,96.,84.,74.,11.7589458239
1.12400007597,Sample,14,6,51.,1,false,true,false,true,110.,96.,84.,74.,11.7589458239
1.00647854517,Sample,14,6,1.,1,false,true,false,true,90.,84.,134.,112.,0.
1.00647854517,Sample,14,6,6.,1,false,true,false,true,172.,140.,164.,140.,10.8011653938
1.00647854517,Sample,14,6,11.,1,false,true,false,true,174.,144.,162.,138.,11.0362742609
1.00647854517,Sample,14,6,16.,1,false,true,false,true,174.,144.,162.,138.,11.0418305757
1.00647854517,Sample,14,6,21.,1,false,true,false,true,174.,144.,162.,138.,11.0419707514
1.00647854517,Sample,14,6,26.,1,false,true,false,true,174.,144.,162.,138.,11.0419744709
1.00647854517,Sample,14,6,31.,1,false,true,false,true,174.,144.,162.,138.,11.0419745735
1.00647854517,Sample,14,6,36.,1,false,true,false,true,174.,144.,162.,138.,11.0419745764
1.00647854517,Sample,14,6,41.,1,false,true,false,true,174.,144.,162.,138.,11.0419745765
1.00647854517,Sample,14,6,46.,1,false,true,false,true,174.,144.,162.,138.,11.0419745765
1.00647854517,Sample,14,6,51.,1,false,true,false,true,174.,144.,162.,138.,11.0419745765
0.869602558997,Voter,14,6,1.,1,false,true,false,true,70.,56.,134.,110.,0.
0.869602558997,Voter,14,6,6.,1,false,true,false,true,120.,94.,120.,96.,9.9499262895
0.869602558997,Voter,14,6,11.,1,false,true,false,true,120.,94.,120.,96.,10.0910324628
0.869602558997,Voter,14,6,16.,1,false,true,false,true,120.,94.,120.,96.,10.0932621021
0.869602558997,Voter,14,6,21.,1,false,true,false,true,120.,94.,120.,96.,10.0933003116
0.869602558997,Voter,14,6,26.,1,false,true,false,true,120.,94.,120.,96.,10.0933010066
0.869602558997,Voter,14,6,31.,1,false,true,false,true,120.,94.,120.,96.,10.0933010198
0.869602558997,Voter,14,6,36.,1,false,true,false,true,120.,94.,120.,96.,10.0933010201
0.869602558997,Voter,14,6,41.,1,false,true,false,true,120.,94.,120.,96.,10.0933010201
0.869602558997,Voter,14,6,46.,1,false,true,false,true,120.,94.,120.,96.,10.0933010201
0.869602558997,Voter,14,6,51.,1,false,true,false,true,120.,94.,120.,96.,10.0933010201
0.874215206429,Sample,14,7,1.,1,false,true,false,true,128.,110.,250.,198.,0.
0.874215206429,Sample,14,7,6.,1,false,true,false,true,258.,184.,284.,198.,9.98133576531
0.874215206429,Sample,14,7,11.,1,false,true,false,true,262.,184.,280.,198.,10.1251788019
0.874215206429,Sample,14,7,16.,1,false,true,false,true,262.,184.,280.,198.,10.1274860512
0.874215206429,Sample,14,7,21.,1,false,true,false,true,262.,184.,280.,198.,10.127526164
0.874215206429,Sample,14,7,26.,1,false,true,false,true,262.,184.,280.,198.,10.127526904
0.874215206429,Sample,14,7,31.,1,false,true,false,true,262.,184.,280.,198.,10.1275269183
0.874215206429,Sample,14,7,36.,1,false,true,false,true,262.,184.,280.,198.,10.1275269186
0.874215206429,Sample,14,7,41.,1,false,true,false,true,262.,184.,280.,198.,10.1275269186
0.874215206429,Sample,14,7,46.,1,false,true,false,true,262.,184.,280.,198.,10.1275269186
0.874215206429,Sample,14,7,51.,1,false,true,false,true,262.,184.,280.,198.,10.1275269186
1.30103482638,Sample,14,5,1.,1,false,true,false,true,20.,20.,50.,48.,0.
1.30103482638,Sample,14,5,6.,1,false,true,false,true,80.,78.,74.,74.,12.1560303438
1.30103482638,Sample,14,5,11.,1,false,true,false,true,86.,82.,76.,76.,12.6761783758
1.30103482638,Sample,14,5,16.,1,false,true,false,true,86.,82.,76.,76.,12.6995805155
1.30103482638,Sample,14,5,21.,1,false,true,false,true,86.,82.,76.,76.,12.7006796538
1.30103482638,Sample,14,5,26.,1,false,true,false,true,86.,82.,76.,76.,12.7007331614
1.30103482638,Sample,14,5,31.,1,false,true,false,true,86.,82.,76.,76.,12.7007358443
1.30103482638,Sample,14,5,36.,1,false,true,false,true,86.,82.,76.,76.,12.7007359822
1.30103482638,Sample,14,5,41.,1,false,true,false,true,86.,82.,76.,76.,12.7007359894
1.30103482638,Sample,14,5,46.,1,false,true,false,true,86.,82.,76.,76.,12.7007359898
1.30103482638,Sample,14,5,51.,1,false,true,false,true,86.,82.,76.,76.,12.7007359898
1.12136102116,Voter,14,6,1.,1,false,true,false,true,26.,26.,40.,38.,0.
1.12136102116,Voter,14,6,6.,1,false,true,false,true,84.,74.,42.,42.,11.3991768603
1.12136102116,Voter,14,6,11.,1,false,true,false,true,84.,74.,42.,42.,11.7329125279
1.12136102116,Voter,14,6,16.,1,false,true,false,true,84.,74.,42.,42.,11.7433595598
1.12136102116,Voter,14,6,21.,1,false,true,false,true,84.,74.,42.,42.,11.7437050943
1.12136102116,Voter,14,6,26.,1,false,true,false,true,84.,74.,42.,42.,11.7437170372
1.12136102116,Voter,14,6,31.,1,false,true,false,true,84.,74.,42.,42.,11.7437174647
1.12136102116,Voter,14,6,36.,1,false,true,false,true,84.,74.,42.,42.,11.7437174805
1.12136102116,Voter,14,6,41.,1,false,true,false,true,84.,74.,42.,42.,11.7437174811
1.12136102116,Voter,14,6,46.,1,false,true,false,true,84.,74.,42.,42.,11.7437174811
1.12136102116,Voter,14,6,51.,1,false,true,false,true,84.,74.,42.,42.,11.7437174811
0.873224429457,Sample,14,4,1.,1,false,true,false,true,4.,4.,22.,20.,0.
0.873224429457,Sample,14,4,6.,1,false,true,false,true,26.,24.,16.,16.,9.97460609235
0.873224429457,Sample,14,4,11.,1,false,true,false,true,26.,24.,16.,16.,10.1178587081
0.873224429457,Sample,14,4,16.,1,false,true,false,true,26.,24.,16.,16.,10.1201491141
0.873224429457,Sample,14,4,21.,1,false,true,false,true,26.,24.,16.,16.,10.1201888115
0.873224429457,Sample,14,4,26.,1,false,true,false,true,26.,24.,16.,16.,10.1201895416
0.873224429457,Sample,14,4,31.,1,false,true,false,true,26.,24.,16.,16.,10.1201895557
0.873224429457,Sample,14,4,36.,1,false,true,false,true,26.,24.,16.,16.,10.120189556
0.873224429457,Sample,14,4,41.,1,false,true,false,true,26.,24.,16.,16.,10.120189556
0.873224429457,Sample,14,4,46.,1,false,true,false,true,26.,24.,16.,16.,10.120189556
0.873224429457,Sample,14,4,51.,1,false,true,false,true,26.,24.,16.,16.,10.120189556
1.32426925525,Sample,14,6,1.,1,false,true,false,true,52.,50.,100.,84.,0.
1.32426925525,Sample,14,6,6.,1,false,true,false,true,168.,140.,136.,132.,12.2399483922
1.32426925525,Sample,14,6,11.,1,false,true,false,true,170.,142.,134.,130.,12.7867291238
1.32426925525,Sample,14,6,16.,1,false,true,false,true,170.,142.,134.,130.,12.8123680821
1.32426925525,Sample,14,6,21.,1,false,true,false,true,170.,142.,134.,130.,12.813621508
1.32426925525,Sample,14,6,26.,1,false,true,false,true,170.,142.,134.,130.,12.8136849633
1.32426925525,Sample,14,6,31.,1,false,true,false,true,170.,142.,134.,130.,12.81368827
1.32426925525,Sample,14,6,36.,1,false,true,false,true,170.,142.,134.,130.,12.8136884464
1.32426925525,Sample,14,6,41.,1,false,true,false,true,170.,142.,134.,130.,12.813688456
1.32426925525,Sample,14,6,46.,1,false,true,false,true,170.,142.,134.,130.,12.8136884566
1.32426925525,Sample,14,6,51.,1,false,true,false,true,170.,142.,134.,130.,12.8136884566
1.34779684913,Voter,14,7,1.,1,false,true,false,true,94.,78.,114.,94.,0.
1.34779684913,Voter,14,7,6.,1,false,true,false,true,160.,122.,128.,104.,12.3219565786
1.34779684913,Voter,14,7,11.,1,false,true,false,true,164.,124.,132.,106.,12.8962339849
1.34779684913,Voter,14,7,16.,1,false,true,false,true,164.,124.,132.,106.,12.9242821988
1.34779684913,Voter,14,7,21.,1,false,true,false,true,164.,124.,132.,106.,12.9257086578
1.34779684913,Voter,14,7,26.,1,false,true,false,true,164.,124.,132.,106.,12.9257837158
1.34779684913,Voter,14,7,31.,1,false,true,false,true,164.,124.,132.,106.,12.9257877785
1.34779684913,Voter,14,7,36.,1,false,true,false,true,164.,124.,132.,106.,12.9257880036
1.34779684913,Voter,14,7,41.,1,false,true,false,true,164.,124.,132.,106.,12.9257880163
1.34779684913,Voter,14,7,46.,1,false,true,false,true,164.,124.,132.,106.,12.9257880171
1.34779684913,Voter,14,7,51.,1,false,true,false,true,164.,124.,132.,106.,12.9257880171
0.918485692602,Voter,14,3,1.,1,false,true,false,true,24.,20.,14.,10.,0.
0.918485692602,Voter,14,3,6.,1,false,true,false,true,24.,20.,18.,14.,10.2727688072
0.918485692602,Voter,14,3,11.,1,false,true,false,true,24.,20.,18.,14.,10.4444179728
0.918485692602,Voter,14,3,16.,1,false,true,false,true,24.,20.,18.,14.,10.4475804165
0.918485692602,Voter,14,3,21.,1,false,true,false,true,24.,20.,18.,14.,10.4476432178
0.918485692602,Voter,14,3,26.,1,false,true,false,true,24.,20.,18.,14.,10.447644537
0.918485692602,Voter,14,3,31.,1,false,true,false,true,24.,20.,18.,14.,10.4476445659
0.918485692602,Voter,14,3,36.,1,false,true,false,true,24.,20.,18.,14.,10.4476445666
0.918485692602,Voter,14,3,41.,1,false,true,false,true,24.,20.,18.,14.,10.4476445666
0.918485692602,Voter,14,3,46.,1,false,true,false,true,24.,20.,18.,14.,10.4476445666
0.918485692602,Voter,14,3,51.,1,false,true,false,true,24.,20.,18.,14.,10.4476445666
1.38094685204,Sample,14,5,1.,1,false,true,false,true,22.,22.,66.,60.,0.
1.38094685204,Sample,14,5,6.,1,false,true,false,true,122.,104.,90.,88.,12.4325942955
1.38094685204,Sample,14,5,11.,1,false,true,false,true,122.,104.,90.,88.,13.0464771779
1.38094685204,Sample,14,5,16.,1,false,true,false,true,122.,104.,90.,88.,13.0781732951
1.38094685204,Sample,14,5,21.,1,false,true,false,true,122.,104.,90.,88.,13.0798745663
1.38094685204,Sample,14,5,26.,1,false,true,false,true,122.,104.,90.,88.,13.079968929
1.38094685204,Sample,14,5,31.,1,false,true,false,true,122.,104.,90.,88.,13.0799743085
1.38094685204,Sample,14,5,36.,1,false,true,false,true,122.,104.,90.,88.,13.0799746223
1.38094685204,Sample,14,5,41.,1,false,true,false,true,122.,104.,90.,88.,13.079974641
1.38094685204,Sample,14,5,46.,1,false,true,false,true,122.,104.,90.,88.,13.0799746421
1.38094685204,Sample,14,5,51.,1,false,true,false,true,122.,104.,90.,88.,13.0799746421
1.03623935109,Sample,14,7,1.,1,false,true,false,true,106.,92.,204.,156.,0.
1.03623935109,Sample,14,7,6.,1,false,true,false,true,258.,194.,256.,196.,10.9655803876
1.03623935109,Sample,14,7,11.,1,false,true,false,true,264.,198.,262.,200.,11.2245668045
1.03623935109,Sample,14,7,16.,1,false,true,false,true,264.,198.,262.,200.,11.2311785979
1.03623935109,Sample,14,7,21.,1,false,true,false,true,264.,198.,262.,200.,11.2313582669
1.03623935109,Sample,14,7,26.,1,false,true,false,true,264.,198.,262.,200.,11.2313633929
1.03623935109,Sample,14,7,31.,1,false,true,false,true,264.,198.,262.,200.,11.2313635448
1.03623935109,Sample,14,7,36.,1,false,true,false,true,264.,198.,262.,200.,11.2313635495
1.03623935109,Sample,14,7,41.,1,false,true,false,true,264.,198.,262.,200.,11.2313635496
1.03623935109,Sample,14,7,46.,1,false,true,false,true,264.,198.,262.,200.,11.2313635496
1.03623935109,Sample,14,7,51.,1,false,true,false,true,264.,198.,262.,200.,11.2313635496
0.813956646479,Sample,14,6,1.,1,false,true,false,true,166.,132.,214.,158.,0.
0.813956646479,Sample,14,6,6.,1,false,true,false,true,258.,182.,262.,192.,9.55475401236
0.813956646479,Sample,14,6,11.,1,false,true,false,true,258.,182.,262.,192.,9.66522752842
0.813956646479,Sample,14,6,16.,1,false,true,false,true,258.,182.,262.,192.,9.66667069466
0.813956646479,Sample,14,6,21.,1,false,true,false,true,258.,182.,262.,192.,9.6666913023
0.813956646479,Sample,14,6,26.,1,false,true,false,true,258.,182.,262.,192.,9.66669161598
0.813956646479,Sample,14,6,31.,1,false,true,false,true,258.,182.,262.,192.,9.66669162098
0.813956646479,Sample,14,6,36.,1,false,true,false,true,258.,182.,262.,192.,9.66669162107
0.813956646479,Sample,14,6,41.,1,false,true,false,true,258.,182.,262.,192.,9.66669162107
0.813956646479,Sample,14,6,46.,1,false,true,false,true,258.,182.,262.,192.,9.66669162107
0.813956646479,Sample,14,6,51.,1,false,true,false,true,258.,182.,262.,192.,9.66669162107
1.1257331245,Sample,14,7,1.,1,false,true,false,true,60.,54.,142.,114.,0.
1.1257331245,Sample,14,7,6.,1,false,true,false,true,208.,174.,218.,174.,11.4200513331
1.1257331245,Sample,14,7,11.,1,false,true,false,true,222.,184.,224.,178.,11.7578763605
1.1257331245,Sample,14,7,16.,1,false,true,false,true,222.,184.,224.,178.,11.7685560888
1.1257331245,Sample,14,7,21.,1,false,true,false,true,222.,184.,224.,178.,11.768912693
1.1257331245,Sample,14,7,26.,1,false,true,false,true,222.,184.,224.,178.,11.7689251334
1.1257331245,Sample,14,7,31.,1,false,true,false,true,222.,184.,224.,178.,11.7689255828
1.1257331245,Sample,14,7,36.,1,false,true,false,true,222.,184.,224.,178.,11.7689255995
1.1257331245,Sample,14,7,41.,1,false,true,false,true,222.,184.,224.,178.,11.7689256001
1.1257331245,Sample,14,7,46.,1,false,true,false,true,222.,184.,224.,178.,11.7689256002
1.1257331245,Sample,14,7,51.,1,false,true,false,true,222.,184.,224.,178.,11.7689256002
1.24342934854,Sample,14,5,1.,1,false,true,false,true,26.,26.,60.,56.,0.
1.24342934854,Sample,14,5,6.,1,false,true,false,true,108.,100.,98.,98.,11.9348664058
1.24342934854,Sample,14,5,11.,1,false,true,false,true,114.,106.,104.,104.,12.3913411899
1.24342934854,Sample,14,5,16.,1,false,true,false,true,114.,106.,104.,104.,12.4097835847
1.24342934854,Sample,14,5,21.,1,false,true,false,true,114.,106.,104.,104.,12.4105640887
1.24342934854,Sample,14,5,26.,1,false,true,false,true,114.,106.,104.,104.,12.4105984081
1.24342934854,Sample,14,5,31.,1,false,true,false,true,114.,106.,104.,104.,12.4105999649
1.24342934854,Sample,14,5,36.,1,false,true,false,true,114.,106.,104.,104.,12.4106000374
1.24342934854,Sample,14,5,41.,1,false,true,false,true,114.,106.,104.,104.,12.4106000408
1.24342934854,Sample,14,5,46.,1,false,true,false,true,114.,106.,104.,104.,12.410600041
1.24342934854,Sample,14,5,51.,1,false,true,false,true,114.,106.,104.,104.,12.410600041
1.2516747306,Sample,14,7,1.,1,false,true,false,true,106.,82.,196.,142.,0.
1.2516747306,Sample,14,7,6.,1,false,true,false,true,318.,210.,364.,218.,11.9677018839
1.2516747306,Sample,14,7,11.,1,false,true,false,true,322.,212.,368.,220.,12.4330771257
1.2516747306,Sample,14,7,16.,1,false,true,false,true,324.,212.,370.,220.,12.4521797669
1.2516747306,Sample,14,7,21.,1,false,true,false,true,324.,212.,370.,220.,12.4530007188
1.2516747306,Sample,14,7,26.,1,false,true,false,true,324.,212.,370.,220.,12.4530373621
1.2516747306,Sample,14,7,31.,1,false,true,false,true,324.,212.,370.,220.,12.4530390491
1.2516747306,Sample,14,7,36.,1,false,true,false,true,324.,212.,370.,220.,12.4530391287
1.2516747306,Sample,14,7,41.,1,false,true,false,true,324.,212.,370.,220.,12.4530391326
1.2516747306,Sample,14,7,46.,1,false,true,false,true,324.,212.,370.,220.,12.4530391328
1.2516747306,Sample,14,7,51.,1,false,true,false,true,324.,212.,370.,220.,12.4530391328
0.80488449146,Voter,14,5,1.,1,false,true,false,true,14.,14.,24.,22.,0.
0.80488449146,Voter,14,5,6.,1,false,true,false,true,30.,26.,8.,8.,9.48739294225
0.80488449146,Voter,14,5,11.,1,false,true,false,true,30.,26.,8.,8.,9.59328840015
0.80488449146,Voter,14,5,16.,1,false,true,false,true,30.,26.,8.,8.,9.59462721092
0.80488449146,Voter,14,5,21.,1,false,true,false,true,30.,26.,8.,8.,9.59464573804
0.80488449146,Voter,14,5,26.,1,false,true,false,true,30.,26.,8.,8.,9.59464601154
0.80488449146,Voter,14,5,31.,1,false,true,false,true,30.,26.,8.,8.,9.59464601577
0.80488449146,Voter,14,5,36.,1,false,true,false,true,30.,26.,8.,8.,9.59464601584
0.80488449146,Voter,14,5,41.,1,false,true,false,true,30.,26.,8.,8.,9.59464601584
0.80488449146,Voter,14,5,46.,1,false,true,false,true,30.,26.,8.,8.,9.59464601584
0.80488449146,Voter,14,5,51.,1,false,true,false,true,30.,26.,8.,8.,9.59464601584
1.15880601579,Voter,14,5,1.,1,false,true,false,true,26.,24.,42.,40.,0.
1.15880601579,Voter,14,5,6.,1,false,true,false,true,56.,50.,20.,18.,11.5737549831
1.15880601579,Voter,14,5,11.,1,false,true,false,true,62.,54.,18.,16.,11.9432754019
1.15880601579,Voter,14,5,16.,1,false,true,false,true,62.,54.,18.,16.,11.9558381008
1.15880601579,Voter,14,5,21.,1,false,true,false,true,62.,54.,18.,16.,11.9562880767
1.15880601579,Voter,14,5,26.,1,false,true,false,true,62.,54.,18.,16.,11.9563048879
1.15880601579,Voter,14,5,31.,1,false,true,false,true,62.,54.,18.,16.,11.9563055375
1.15880601579,Voter,14,5,36.,1,false,true,false,true,62.,54.,18.,16.,11.9563055633
1.15880601579,Voter,14,5,41.,1,false,true,false,true,62.,54.,18.,16.,11.9563055643
1.15880601579,Voter,14,5,46.,1,false,true,false,true,62.,54.,18.,16.,11.9563055644
1.15880601579,Voter,14,5,51.,1,false,true,false,true,62.,54.,18.,16.,11.9563055644
0.927675242677,Sample,14,3,1.,1,false,true,false,true,10.,10.,12.,12.,0.
0.927675242677,Sample,14,3,6.,1,false,true,false,true,34.,32.,28.,28.,10.3310444809
0.927675242677,Sample,14,3,11.,1,false,true,false,true,34.,32.,28.,28.,10.5088139584
0.927675242677,Sample,14,3,16.,1,false,true,false,true,34.,32.,28.,28.,10.5121807425
0.927675242677,Sample,14,3,21.,1,false,true,false,true,34.,32.,28.,28.,10.5122493961
0.927675242677,Sample,14,3,26.,1,false,true,false,true,34.,32.,28.,28.,10.5122508761
0.927675242677,Sample,14,3,31.,1,false,true,false,true,34.,32.,28.,28.,10.5122509093
0.927675242677,Sample,14,3,36.,1,false,true,false,true,34.,32.,28.,28.,10.5122509101
0.927675242677,Sample,14,3,41.,1,false,true,false,true,34.,32.,28.,28.,10.5122509101
0.927675242677,Sample,14,3,46.,1,false,true,false,true,34.,32.,28.,28.,10.5122509101
0.927675242677,Sample,14,3,51.,1,false,true,false,true,34.,32.,28.,28.,10.5122509101
1.13671083112,Voter,14,5,1.,1,false,true,false,true,28.,24.,40.,36.,0.
1.13671083112,Voter,14,5,6.,1,false,true,false,true,56.,46.,20.,20.,11.4718871729
1.13671083112,Voter,14,5,11.,1,false,true,false,true,56.,46.,20.,20.,11.8200843495
1.13671083112,Voter,14,5,16.,1,false,true,false,true,56.,46.,20.,20.,11.8313648094
1.13671083112,Voter,14,5,21.,1,false,true,false,true,56.,46.,20.,20.,11.8317504782
1.13671083112,Voter,14,5,26.,1,false,true,false,true,56.,46.,20.,20.,11.8317642466
1.13671083112,Voter,14,5,31.,1,false,true,false,true,56.,46.,20.,20.,11.8317647553
1.13671083112,Voter,14,5,36.,1,false,true,false,true,56.,46.,20.,20.,11.8317647747
1.13671083112,Voter,14,5,41.,1,false,true,false,true,56.,46.,20.,20.,11.8317647754
1.13671083112,Voter,14,5,46.,1,false,true,false,true,56.,46.,20.,20.,11.8317647754
1.13671083112,Voter,14,5,51.,1,false,true,false,true,56.,46.,20.,20.,11.8317647754
1.35887312075,Voter,14,7,1.,1,false,true,false,true,60.,54.,124.,98.,0.
1.35887312075,Voter,14,7,6.,1,false,true,false,true,120.,98.,120.,98.,12.3595536815
1.35887312075,Voter,14,7,11.,1,false,true,false,true,120.,98.,120.,98.,12.9469541599
1.35887312075,Voter,14,7,16.,1,false,true,false,true,120.,98.,120.,98.,12.9761878877
1.35887312075,Voter,14,7,21.,1,false,true,false,true,120.,98.,120.,98.,12.977702
1.35887312075,Voter,14,7,26.,1,false,true,false,true,120.,98.,120.,98.,12.9777831032
1.35887312075,Voter,14,7,31.,1,false,true,false,true,120.,98.,120.,98.,12.9777875708
1.35887312075,Voter,14,7,36.,1,false,true,false,true,120.,98.,120.,98.,12.9777878227
1.35887312075,Voter,14,7,41.,1,false,true,false,true,120.,98.,120.,98.,12.9777878372
1.35887312075,Voter,14,7,46.,1,false,true,false,true,120.,98.,120.,98.,12.977787838
1.35887312075,Voter,14,7,51.,1,false,true,false,true,120.,98.,120.,98.,12.9777878381
0.811209034438,Voter,14,7,1.,1,false,true,false,true,36.,32.,44.,40.,0.
0.811209034438,Voter,14,7,6.,1,false,true,false,true,80.,68.,16.,16.,9.53444201899
0.811209034438,Voter,14,7,11.,1,false,true,false,true,80.,68.,16.,16.,9.64351675402
0.811209034438,Voter,14,7,16.,1,false,true,false,true,80.,68.,16.,16.,9.64492766604
0.811209034438,Voter,14,7,21.,1,false,true,false,true,80.,68.,16.,16.,9.64494762362
0.811209034438,Voter,14,7,26.,1,false,true,false,true,80.,68.,16.,16.,9.64494792462
0.811209034438,Voter,14,7,31.,1,false,true,false,true,80.,68.,16.,16.,9.64494792937
0.811209034438,Voter,14,7,36.,1,false,true,false,true,80.,68.,16.,16.,9.64494792945
0.811209034438,Voter,14,7,41.,1,false,true,false,true,80.,68.,16.,16.,9.64494792945
0.811209034438,Voter,14,7,46.,1,false,true,false,true,80.,68.,16.,16.,9.64494792945
0.811209034438,Voter,14,7,51.,1,false,true,false,true,80.,68.,16.,16.,9.64494792945
1.39496864306,Voter,14,4,1.,1,false,true,false,true,12.,12.,38.,36.,0.
1.39496864306,Voter,14,4,6.,1,false,true,false,true,34.,30.,28.,28.,12.4777113214
1.39496864306,Voter,14,4,11.,1,false,true,false,true,36.,32.,26.,26.,13.1086383407
1.39496864306,Voter,14,4,16.,1,false,true,false,true,36.,32.,26.,26.,13.1419686926
1.39496864306,Voter,14,4,21.,1,false,true,false,true,36.,32.,26.,26.,13.1437978631
1.39496864306,Voter,14,4,26.,1,false,true,false,true,36.,32.,26.,26.,13.1439015476
1.39496864306,Voter,14,4,31.,1,false,true,false,true,36.,32.,26.,26.,13.1439075862
1.39496864306,Voter,14,4,36.,1,false,true,false,true,36.,32.,26.,26.,13.1439079459
1.39496864306,Voter,14,4,41.,1,false,true,false,true,36.,32.,26.,26.,13.1439079677
1.39496864306,Voter,14,4,46.,1,false,true,false,true,36.,32.,26.,26.,13.1439079691
1.39496864306,Voter,14,4,51.,1,false,true,false,true,36.,32.,26.,26.,13.1439079692
1.16677806523,Voter,14,7,1.,1,false,true,false,true,56.,48.,78.,62.,0.
1.16677806523,Voter,14,7,6.,1,false,true,false,true,108.,78.,46.,38.,11.6097146113
1.16677806523,Voter,14,7,11.,1,false,true,false,true,106.,78.,44.,38.,11.9870730344
1.16677806523,Voter,14,7,16.,1,false,true,false,true,106.,78.,44.,38.,12.0001229717
1.16677806523,Voter,14,7,21.,1,false,true,false,true,106.,78.,44.,38.,12.0005981656
1.16677806523,Voter,14,7,26.,1,false,true,false,true,106.,78.,44.,38.,12.0006162069
1.16677806523,Voter,14,7,31.,1,false,true,false,true,106.,78.,44.,38.,12.0006169152
1.16677806523,Voter,14,7,36.,1,false,true,false,true,106.,78.,44.,38.,12.0006169437
1.16677806523,Voter,14,7,41.,1,false,true,false,true,106.,78.,44.,38.,12.0006169449
1.16677806523,Voter,14,7,46.,1,false,true,false,true,106.,78.,44.,38.,12.0006169449
1.16677806523,Voter,14,7,51.,1,false,true,false,true,106.,78.,44.,38.,12.0006169449
1.10266287314,Sample,14,3,1.,1,false,true,false,true,10.,10.,20.,20.,0.
1.10266287314,Sample,14,3,6.,1,false,true,false,true,18.,16.,16.,16.,11.3084055917
1.10266287314,Sample,14,3,11.,1,false,true,false,true,18.,16.,16.,16.,11.6249224909
1.10266287314,Sample,14,3,16.,1,false,true,false,true,18.,16.,16.,16.,11.6344155676
1.10266287314,Sample,14,3,21.,1,false,true,false,true,18.,16.,16.,16.,11.6347168564
1.10266287314,Sample,14,3,26.,1,false,true,false,true,18.,16.,16.,16.,11.6347268589
1.10266287314,Sample,14,3,31.,1,false,true,false,true,18.,16.,16.,16.,11.634727203
1.10266287314,Sample,14,3,36.,1,false,true,false,true,18.,16.,16.,16.,11.6347272151
1.10266287314,Sample,14,3,41.,1,false,true,false,true,18.,16.,16.,16.,11.6347272156
1.10266287314,Sample,14,3,46.,1,false,true,false,true,18.,16.,16.,16.,11.6347272156
1.10266287314,Sample,14,3,51.,1,false,true,false,true,18.,16.,16.,16.,11.6347272156
0.886828207443,Sample,14,5,1.,1,false,true,false,true,48.,42.,80.,68.,0.
0.886828207443,Sample,14,5,6.,1,false,true,false,true,126.,90.,118.,80.,10.0662029308
0.886828207443,Sample,14,5,11.,1,false,true,false,true,126.,90.,118.,80.,10.217684381
0.886828207443,Sample,14,5,16.,1,false,true,false,true,126.,90.,118.,80.,10.2202145019
0.886828207443,Sample,14,5,21.,1,false,true,false,true,126.,90.,118.,80.,10.2202602312
0.886828207443,Sample,14,5,26.,1,false,true,false,true,126.,90.,118.,80.,10.2202611074
0.886828207443,Sample,14,5,31.,1,false,true,false,true,126.,90.,118.,80.,10.2202611249
0.886828207443,Sample,14,5,36.,1,false,true,false,true,126.,90.,118.,80.,10.2202611253
0.886828207443,Sample,14,5,41.,1,false,true,false,true,126.,90.,118.,80.,10.2202611253
0.886828207443,Sample,14,5,46.,1,false,true,false,true,126.,90.,118.,80.,10.2202611253
0.886828207443,Sample,14,5,51.,1,false,true,false,true,126.,90.,118.,80.,10.2202611253
0.827611892062,Voter,14,7,1.,1,false,true,false,true,62.,56.,78.,70.,0.
0.827611892062,Voter,14,7,6.,1,false,true,false,true,112.,96.,40.,38.,9.65456459212
0.827611892062,Voter,14,7,11.,1,false,true,false,true,112.,96.,40.,38.,9.77214822848
0.827611892062,Voter,14,7,16.,1,false,true,false,true,112.,96.,40.,38.,9.77376034091
0.827611892062,Voter,14,7,21.,1,false,true,false,true,112.,96.,40.,38.,9.77378445246
0.827611892062,Voter,14,7,26.,1,false,true,false,true,112.,96.,40.,38.,9.77378483647
0.827611892062,Voter,14,7,31.,1,false,true,false,true,112.,96.,40.,38.,9.77378484287
0.827611892062,Voter,14,7,36.,1,false,true,false,true,112.,96.,40.,38.,9.77378484298
0.827611892062,Voter,14,7,41.,1,false,true,false,true,112.,96.,40.,38.,9.77378484298
0.827611892062,Voter,14,7,46.,1,false,true,false,true,112.,96.,40.,38.,9.77378484298
0.827611892062,Voter,14,7,51.,1,false,true,false,true,112.,96.,40.,38.,9.77378484298
0.864974503349,Voter,14,3,1.,1,false,true,false,true,12.,12.,6.,6.,0.
0.864974503349,Voter,14,3,6.,1,false,true,false,true,18.,18.,0.,0.,9.91820917923
0.864974503349,Voter,14,3,11.,1,false,true,false,true,18.,18.,0.,0.,10.0565997894
0.864974503349,Voter,14,3,16.,1,false,true,false,true,18.,18.,0.,0.,10.0587535995
0.864974503349,Voter,14,3,21.,1,false,true,false,true,18.,18.,0.,0.,10.0587899764
0.864974503349,Voter,14,3,26.,1,false,true,false,true,18.,18.,0.,0.,10.0587906287
0.864974503349,Voter,14,3,31.,1,false,true,false,true,18.,18.,0.,0.,10.058790641
0.864974503349,Voter,14,3,36.,1,false,true,false,true,18.,18.,0.,0.,10.0587906412
0.864974503349,Voter,14,3,41.,1,false,true,false,true,18.,18.,0.,0.,10.0587906412
0.864974503349,Voter,14,3,46.,1,false,true,false,true,18.,18.,0.,0.,10.0587906412
0.864974503349,Voter,14,3,51.,1,false,true,false,true,18.,18.,0.,0.,10.0587906412
1.0892508846,Voter,14,7,1.,1,false,true,false,true,42.,38.,98.,82.,0.
1.0892508846,Voter,14,7,6.,1,false,true,false,true,120.,94.,80.,72.,11.2417786849
1.0892508846,Voter,14,7,11.,1,false,true,false,true,120.,94.,80.,72.,11.5462175717
1.0892508846,Voter,14,7,16.,1,false,true,false,true,120.,94.,80.,72.,11.5550665272
1.0892508846,Voter,14,7,21.,1,false,true,false,true,120.,94.,80.,72.,11.5553390085
1.0892508846,Voter,14,7,26.,1,false,true,false,true,120.,94.,80.,72.,11.5553477915
1.0892508846,Voter,14,7,31.,1,false,true,false,true,120.,94.,80.,72.,11.555348085
1.0892508846,Voter,14,7,36.,1,false,true,false,true,120.,94.,80.,72.,11.5553480951
1.0892508846,Voter,14,7,41.,1,false,true,false,true,120.,94.,80.,72.,11.5553480955
1.0892508846,Voter,14,7,46.,1,false,true,false,true,120.,94.,80.,72.,11.5553480955
1.0892508846,Voter,14,7,51.,1,false,true,false,true,120.,94.,80.,72.,11.5553480955
1.38613372584,Voter,14,5,1.,1,false,true,false,true,20.,20.,24.,22.,0.
1.38613372584,Voter,14,5,6.,1,false,true,false,true,44.,40.,20.,18.,12.449398426
1.38613372584,Voter,14,5,11.,1,false,true,false,true,44.,40.,20.,18.,13.0695664296
1.38613372584,Voter,14,5,16.,1,false,true,false,true,44.,40.,20.,18.,13.1018606785
1.38613372584,Voter,14,5,21.,1,false,true,false,true,44.,40.,20.,18.,13.1036084255
1.38613372584,Voter,14,5,26.,1,false,true,false,true,44.,40.,20.,18.,13.1037061518
1.38613372584,Voter,14,5,31.,1,false,true,false,true,44.,40.,20.,18.,13.1037117675
1.38613372584,Voter,14,5,36.,1,false,true,false,true,44.,40.,20.,18.,13.1037120976
1.38613372584,Voter,14,5,41.,1,false,true,false,true,44.,40.,20.,18.,13.1037121174
1.38613372584,Voter,14,5,46.,1,false,true,false,true,44.,40.,20.,18.,13.1037121186
1.38613372584,Voter,14,5,51.,1,false,true,false,true,44.,40.,20.,18.,13.1037121187
0.99107275274,Voter,14,6,1.,1,false,true,false,true,18.,18.,36.,34.,0.
0.99107275274,Voter,14,6,6.,1,false,true,false,true,54.,50.,16.,16.,10.7133027209
0.99107275274,Voter,14,6,11.,1,false,true,false,true,54.,50.,16.,16.,10.9365246986
0.99107275274,Voter,14,6,16.,1,false,true,false,true,54.,50.,16.,16.,10.941586767
0.99107275274,Voter,14,6,21.,1,false,true,false,true,54.,50.,16.,16.,10.9417095019
0.99107275274,Voter,14,6,26.,1,false,true,false,true,54.,50.,16.,16.,10.9417126348
0.99107275274,Voter,14,6,31.,1,false,true,false,true,54.,50.,16.,16.,10.941712718
0.99107275274,Voter,14,6,36.,1,false,true,false,true,54.,50.,16.,16.,10.9417127203
0.99107275274,Voter,14,6,41.,1,false,true,false,true,54.,50.,16.,16.,10.9417127203
0.99107275274,Voter,14,6,46.,1,false,true,false,true,54.,50.,16.,16.,10.9417127203
0.99107275274,Voter,14,6,51.,1,false,true,false,true,54.,50.,16.,16.,10.9417127203
1.25548077701,Sample,14,3,1.,1,false,true,false,true,2.,2.,18.,18.,0.
1.25548077701,Sample,14,3,6.,1,false,true,false,true,18.,16.,18.,18.,11.9827233258
1.25548077701,Sample,14,3,11.,1,false,true,false,true,18.,16.,18.,18.,12.4522315665
1.25548077701,Sample,14,3,16.,1,false,true,false,true,18.,16.,18.,18.,12.4716444606
1.25548077701,Sample,14,3,21.,1,false,true,false,true,18.,16.,18.,18.,12.4724846354
1.25548077701,Sample,14,3,26.,1,false,true,false,true,18.,16.,18.,18.,12.4725223954
1.25548077701,Sample,14,3,31.,1,false,true,false,true,18.,16.,18.,18.,12.4725241455
1.25548077701,Sample,14,3,36.,1,false,true,false,true,18.,16.,18.,18.,12.4725242287
1.25548077701,Sample,14,3,41.,1,false,true,false,true,18.,16.,18.,18.,12.4725242327
1.25548077701,Sample,14,3,46.,1,false,true,false,true,18.,16.,18.,18.,12.4725242329
1.25548077701,Sample,14,3,51.,1,false,true,false,true,18.,16.,18.,18.,12.472524233
1.27554586232,Voter,14,7,1.,1,false,true,false,true,50.,42.,86.,68.,0.
1.27554586232,Voter,14,7,6.,1,false,true,false,true,96.,80.,64.,58.,12.060519811
1.27554586232,Voter,14,7,11.,1,false,true,false,true,98.,80.,62.,58.,12.5520695927
1.27554586232,Voter,14,7,16.,1,false,true,false,true,98.,80.,62.,58.,12.5731762223
1.27554586232,Voter,14,7,21.,1,false,true,false,true,98.,80.,62.,58.,12.5741237188
1.27554586232,Voter,14,7,26.,1,false,true,false,true,98.,80.,62.,58.,12.5741678507
1.27554586232,Voter,14,7,31.,1,false,true,false,true,98.,80.,62.,58.,12.5741699694
1.27554586232,Voter,14,7,36.,1,false,true,false,true,98.,80.,62.,58.,12.5741700736
1.27554586232,Voter,14,7,41.,1,false,true,false,true,98.,80.,62.,58.,12.5741700789
1.27554586232,Voter,14,7,46.,1,false,true,false,true,98.,80.,62.,58.,12.5741700791
1.27554586232,Voter,14,7,51.,1,false,true,false,true,98.,80.,62.,58.,12.5741700791
1.38242220664,Sample,14,3,1.,1,false,true,false,true,2.,2.,8.,8.,0.
1.38242220664,Sample,14,3,6.,1,false,true,false,true,10.,10.,0.,0.,12.4373878323
1.38242220664,Sample,14,3,11.,1,false,true,false,true,10.,10.,0.,0.,13.0530560754
1.38242220664,Sample,14,3,16.,1,false,true,false,true,10.,10.,0.,0.,13.0849215637
1.38242220664,Sample,14,3,21.,1,false,true,false,true,10.,10.,0.,0.,13.0866359557
1.38242220664,Sample,14,3,26.,1,false,true,false,true,10.,10.,0.,0.,13.0867312652
1.38242220664,Sample,14,3,31.,1,false,true,false,true,10.,10.,0.,0.,13.086736711
1.38242220664,Sample,14,3,36.,1,false,true,false,true,10.,10.,0.,0.,13.0867370294
1.38242220664,Sample,14,3,41.,1,false,true,false,true,10.,10.,0.,0.,13.0867370483
1.38242220664,Sample,14,3,46.,1,false,true,false,true,10.,10.,0.,0.,13.0867370495
1.38242220664,Sample,14,3,51.,1,false,true,false,true,10.,10.,0.,0.,13.0867370496
0.941136990363,Voter,14,5,1.,1,false,true,false,true,18.,18.,34.,28.,0.
0.941136990363,Voter,14,5,6.,1,false,true,false,true,42.,36.,22.,22.,10.4150739967
0.941136990363,Voter,14,5,11.,1,false,true,false,true,42.,36.,22.,22.,10.6020242981
0.941136990363,Voter,14,5,16.,1,false,true,false,true,42.,36.,22.,22.,10.605708359
0.941136990363,Voter,14,5,21.,1,false,true,false,true,42.,36.,22.,22.,10.6057864027
0.941136990363,Voter,14,5,26.,1,false,true,false,true,42.,36.,22.,22.,10.6057881489
0.941136990363,Voter,14,5,31.,1,false,true,false,true,42.,36.,22.,22.,10.6057881896
0.941136990363,Voter,14,5,36.,1,false,true,false,true,42.,36.,22.,22.,10.6057881906
0.941136990363,Voter,14,5,41.,1,false,true,false,true,42.,36.,22.,22.,10.6057881906
0.941136990363,Voter,14,5,46.,1,false,true,false,true,42.,36.,22.,22.,10.6057881906
0.941136990363,Voter,14,5,51.,1,false,true,false,true,42.,36.,22.,22.,10.6057881906
0.999073454984,Voter,14,3,1.,1,false,true,false,true,0.,0.,12.,10.,0.
0.999073454984,Voter,14,3,6.,1,false,true,false,true,12.,10.,0.,0.,10.7591705369
0.999073454984,Voter,14,3,11.,1,false,true,false,true,12.,10.,0.,0.,10.9885251377
0.999073454984,Voter,14,3,16.,1,false,true,false,true,12.,10.,0.,0.,10.9938395904
0.999073454984,Voter,14,3,21.,1,false,true,false,true,12.,10.,0.,0.,10.9939711439
0.999073454984,Voter,14,3,26.,1,false,true,false,true,12.,10.,0.,0.,10.9939745705
0.999073454984,Voter,14,3,31.,1,false,true,false,true,12.,10.,0.,0.,10.9939746634
0.999073454984,Voter,14,3,36.,1,false,true,false,true,12.,10.,0.,0.,10.9939746659
0.999073454984,Voter,14,3,41.,1,false,true,false,true,12.,10.,0.,0.,10.993974666
0.999073454984,Voter,14,3,46.,1,false,true,false,true,12.,10.,0.,0.,10.993974666
0.999073454984,Voter,14,3,51.,1,false,true,false,true,12.,10.,0.,0.,10.993974666
1.37308417304,Sample,14,4,1.,1,false,true,false,true,50.,46.,92.,78.,0.
1.37308417304,Sample,14,4,6.,1,false,true,false,true,96.,84.,126.,104.,12.4068622803
1.37308417304,Sample,14,4,11.,1,false,true,false,true,98.,84.,128.,104.,13.011262504
1.37308417304,Sample,14,4,16.,1,false,true,false,true,98.,84.,128.,104.,13.042066153
1.37308417304,Sample,14,4,21.,1,false,true,false,true,98.,84.,128.,104.,13.043698808
1.37308417304,Sample,14,4,26.,1,false,true,false,true,98.,84.,128.,104.,13.0437882555
1.37308417304,Sample,14,4,31.,1,false,true,false,true,98.,84.,128.,104.,13.0437932934
1.37308417304,Sample,14,4,36.,1,false,true,false,true,98.,84.,128.,104.,13.0437935837
1.37308417304,Sample,14,4,41.,1,false,true,false,true,98.,84.,128.,104.,13.0437936008
1.37308417304,Sample,14,4,46.,1,false,true,false,true,98.,84.,128.,104.,13.0437936018
1.37308417304,Sample,14,4,51.,1,false,true,false,true,98.,84.,128.,104.,13.0437936018
1.21649781506,Voter,14,5,1.,1,false,true,false,true,30.,30.,76.,72.,0.
1.21649781506,Voter,14,5,6.,1,false,true,false,true,86.,70.,72.,62.,11.8247778669
1.21649781506,Voter,14,5,11.,1,false,true,false,true,86.,70.,72.,62.,12.2526979547
1.21649781506,Voter,14,5,16.,1,false,true,false,true,86.,70.,72.,62.,12.2690950394
1.21649781506,Voter,14,5,21.,1,false,true,false,true,86.,70.,72.,62.,12.2697543368
1.21649781506,Voter,14,5,26.,1,false,true,false,true,86.,70.,72.,62.,12.2697819121
1.21649781506,Voter,14,5,31.,1,false,true,false,true,86.,70.,72.,62.,12.2697831029
1.21649781506,Voter,14,5,36.,1,false,true,false,true,86.,70.,72.,62.,12.2697831557
1.21649781506,Voter,14,5,41.,1,false,true,false,true,86.,70.,72.,62.,12.2697831581
1.21649781506,Voter,14,5,46.,1,false,true,false,true,86.,70.,72.,62.,12.2697831582
1.21649781506,Voter,14,5,51.,1,false,true,false,true,86.,70.,72.,62.,12.2697831582
1.0037373011,Sample,14,7,1.,1,false,true,false,true,80.,72.,164.,128.,0.
1.0037373011,Sample,14,7,6.,1,false,true,false,true,300.,242.,324.,276.,10.785670672
1.0037373011,Sample,14,7,11.,1,false,true,false,true,318.,256.,338.,288.,11.0186406619
1.0037373011,Sample,14,7,16.,1,false,true,false,true,318.,256.,338.,288.,11.0241065062
1.0037373011,Sample,14,7,21.,1,false,true,false,true,318.,256.,338.,288.,11.0242434373
1.0037373011,Sample,14,7,26.,1,false,true,false,true,318.,256.,338.,288.,11.024247046
1.0037373011,Sample,14,7,31.,1,false,true,false,true,318.,256.,338.,288.,11.0242471448
1.0037373011,Sample,14,7,36.,1,false,true,false,true,318.,256.,338.,288.,11.0242471476
1.0037373011,Sample,14,7,41.,1,false,true,false,true,318.,256.,338.,288.,11.0242471477
1.0037373011,Sample,14,7,46.,1,false,true,false,true,318.,256.,338.,288.,11.0242471477
1.0037373011,Sample,14,7,51.,1,false,true,false,true,318.,256.,338.,288.,11.0242471477
0.876500001609,Sample,14,5,1.,1,false,true,false,true,40.,36.,52.,50.,0.
0.876500001609,Sample,14,5,6.,1,false,true,false,true,100.,82.,68.,68.,9.99681958123
0.876500001609,Sample,14,5,11.,1,false,true,false,true,100.,82.,68.,68.,10.1420294932
0.876500001609,Sample,14,5,16.,1,false,true,false,true,100.,82.,68.,68.,10.1443759479
0.876500001609,Sample,14,5,21.,1,false,true,false,true,100.,82.,68.,68.,10.1444170326
0.876500001609,Sample,14,5,26.,1,false,true,false,true,100.,82.,68.,68.,10.1444177959
0.876500001609,Sample,14,5,31.,1,false,true,false,true,100.,82.,68.,68.,10.1444178107
0.876500001609,Sample,14,5,36.,1,false,true,false,true,100.,82.,68.,68.,10.144417811
0.876500001609,Sample,14,5,41.,1,false,true,false,true,100.,82.,68.,68.,10.144417811
0.876500001609,Sample,14,5,46.,1,false,true,false,true,100.,82.,68.,68.,10.144417811
0.876500001609,Sample,14,5,51.,1,false,true,false,true,100.,82.,68.,68.,10.144417811
1.22150782102,Sample,14,5,1.,1,false,true,false,true,16.,16.,54.,44.,0.
1.22150782102,Sample,14,5,6.,1,false,true,false,true,100.,76.,98.,68.,11.8455905612
1.22150782102,Sample,14,5,11.,1,false,true,false,true,108.,82.,98.,70.,12.2787619331
1.22150782102,Sample,14,5,16.,1,false,true,false,true,108.,82.,98.,70.,12.2955267949
1.22150782102,Sample,14,5,21.,1,false,true,false,true,108.,82.,98.,70.,12.2962074198
1.22150782102,Sample,14,5,26.,1,false,true,false,true,108.,82.,98.,70.,12.2962361569
1.22150782102,Sample,14,5,31.,1,false,true,false,true,108.,82.,98.,70.,12.2962374094
1.22150782102,Sample,14,5,36.,1,false,true,false,true,108.,82.,98.,70.,12.2962374654
1.22150782102,Sample,14,5,41.,1,false,true,false,true,108.,82.,98.,70.,12.296237468
1.22150782102,Sample,14,5,46.,1,false,true,false,true,108.,82.,98.,70.,12.2962374681
1.22150782102,Sample,14,5,51.,1,false,true,false,true,108.,82.,98.,70.,12.2962374681
0.93488233495,Sample,14,6,1.,1,false,true,false,true,50.,42.,104.,88.,0.
0.93488233495,Sample,14,6,6.,1,false,true,false,true,128.,114.,134.,116.,10.3762283121
0.93488233495,Sample,14,6,11.,1,false,true,false,true,134.,118.,132.,110.,10.5588812159
0.93488233495,Sample,14,6,16.,1,false,true,false,true,134.,118.,132.,110.,10.562415163
0.93488233495,Sample,14,6,21.,1,false,true,false,true,134.,118.,132.,110.,10.5624887189
0.93488233495,Sample,14,6,26.,1,false,true,false,true,134.,118.,132.,110.,10.5624903366
0.93488233495,Sample,14,6,31.,1,false,true,false,true,134.,118.,132.,110.,10.5624903737
0.93488233495,Sample,14,6,36.,1,false,true,false,true,134.,118.,132.,110.,10.5624903745
0.93488233495,Sample,14,6,41.,1,false,true,false,true,134.,118.,132.,110.,10.5624903746
0.93488233495,Sample,14,6,46.,1,false,true,false,true,134.,118.,132.,110.,10.5624903746
0.93488233495,Sample,14,6,51.,1,false,true,false,true,134.,118.,132.,110.,10.5624903746
1.01161691248,Sample,14,7,1.,1,false,true,false,true,142.,114.,198.,160.,0.
1.01161691248,Sample,14,7,6.,1,false,true,false,true,268.,206.,260.,200.,10.8300487565
1.01161691248,Sample,14,7,11.,1,false,true,false,true,272.,208.,256.,198.,11.0691944912
1.01161691248,Sample,14,7,16.,1,false,true,false,true,272.,208.,256.,198.,11.074923391
1.01161691248,Sample,14,7,21.,1,false,true,false,true,272.,208.,256.,198.,11.0750698194
1.01161691248,Sample,14,7,26.,1,false,true,false,true,272.,208.,256.,198.,11.0750737546
1.01161691248,Sample,14,7,31.,1,false,true,false,true,272.,208.,256.,198.,11.0750738646
1.01161691248,Sample,14,7,36.,1,false,true,false,true,272.,208.,256.,198.,11.0750738677
1.01161691248,Sample,14,7,41.,1,false,true,false,true,272.,208.,256.,198.,11.0750738678
1.01161691248,Sample,14,7,46.,1,false,true,false,true,272.,208.,256.,198.,11.0750738678
1.01161691248,Sample,14,7,51.,1,false,true,false,true,272.,208.,256.,198.,11.0750738678
1.1018525964,Sample,14,7,1.,1,false,true,false,true,88.,78.,166.,134.,0.
1.1018525964,Sample,14,7,6.,1,false,true,false,true,222.,180.,196.,176.,11.30441664
1.1018525964,Sample,14,7,11.,1,false,true,false,true,232.,188.,198.,178.,11.6201973462
1.1018525964,Sample,14,7,16.,1,false,true,false,true,232.,188.,198.,178.,11.6296505699
1.1018525964,Sample,14,7,21.,1,false,true,false,true,232.,188.,198.,178.,11.6299500508
1.1018525964,Sample,14,7,26.,1,false,true,false,true,232.,188.,198.,178.,11.6299599757
1.1018525964,Sample,14,7,31.,1,false,true,false,true,232.,188.,198.,178.,11.6299603166
1.1018525964,Sample,14,7,36.,1,false,true,false,true,232.,188.,198.,178.,11.6299603286
1.1018525964,Sample,14,7,41.,1,false,true,false,true,232.,188.,198.,178.,11.629960329
1.1018525964,Sample,14,7,46.,1,false,true,false,true,232.,188.,198.,178.,11.6299603291
1.1018525964,Sample,14,7,51.,1,false,true,false,true,232.,188.,198.,178.,11.6299603291
1.35016251973,Sample,14,3,1.,1,false,true,false,true,4.,4.,14.,14.,0.
1.35016251973,Sample,14,3,6.,1,false,true,false,true,28.,28.,26.,26.,12.3300403381
1.35016251973,Sample,14,3,11.,1,false,true,false,true,28.,28.,26.,26.,12.9071111247
1.35016251973,Sample,14,3,16.,1,false,true,false,true,28.,28.,26.,26.,12.9354097587
1.35016251973,Sample,14,3,21.,1,false,true,false,true,28.,28.,26.,26.,12.9368545974
1.35016251973,Sample,14,3,26.,1,false,true,false,true,28.,28.,26.,26.,12.9369309139
1.35016251973,Sample,14,3,31.,1,false,true,false,true,28.,28.,26.,26.,12.9369350603
1.35016251973,Sample,14,3,36.,1,false,true,false,true,28.,28.,26.,26.,12.9369352909
1.35016251973,Sample,14,3,41.,1,false,true,false,true,28.,28.,26.,26.,12.936935304
1.35016251973,Sample,14,3,46.,1,false,true,false,true,28.,28.,26.,26.,12.9369353048
1.35016251973,Sample,14,3,51.,1,false,true,false,true,28.,28.,26.,26.,12.9369353048
1.04801341004,Voter,14,6,1.,1,false,true,false,true,50.,46.,70.,60.,0.
1.04801341004,Voter,14,6,6.,1,false,true,false,true,92.,78.,48.,42.,11.0287375359
1.04801341004,Voter,14,6,11.,1,false,true,false,true,92.,78.,48.,42.,11.2974991862
1.04801341004,Voter,14,6,16.,1,false,true,false,true,92.,78.,48.,42.,11.3045670222
1.04801341004,Voter,14,6,21.,1,false,true,false,true,92.,78.,48.,42.,11.3047646467
1.04801341004,Voter,14,6,26.,1,false,true,false,true,92.,78.,48.,42.,11.3047704444
1.04801341004,Voter,14,6,31.,1,false,true,false,true,92.,78.,48.,42.,11.304770621
1.04801341004,Voter,14,6,36.,1,false,true,false,true,92.,78.,48.,42.,11.3047706265
1.04801341004,Voter,14,6,41.,1,false,true,false,true,92.,78.,48.,42.,11.3047706267
1.04801341004,Voter,14,6,46.,1,false,true,false,true,92.,78.,48.,42.,11.3047706267
1.04801341004,Voter,14,6,51.,1,false,true,false,true,92.,78.,48.,42.,11.3047706267
1.22734229916,Voter,14,7,1.,1,false,true,false,true,56.,50.,76.,58.,0.
1.22734229916,Voter,14,7,6.,1,false,true,false,true,120.,92.,52.,46.,11.8696350949
1.22734229916,Voter,14,7,11.,1,false,true,false,true,120.,94.,52.,48.,12.3089571283
1.22734229916,Voter,14,7,16.,1,false,true,false,true,120.,94.,52.,48.,12.326157553
1.22734229916,Voter,14,7,21.,1,false,true,false,true,120.,94.,52.,48.,12.3268637048
1.22734229916,Voter,14,7,26.,1,false,true,false,true,120.,94.,52.,48.,12.3268938466
1.22734229916,Voter,14,7,31.,1,false,true,false,true,120.,94.,52.,48.,12.3268951746
1.22734229916,Voter,14,7,36.,1,false,true,false,true,120.,94.,52.,48.,12.3268952346
1.22734229916,Voter,14,7,41.,1,false,true,false,true,120.,94.,52.,48.,12.3268952374
1.22734229916,Voter,14,7,46.,1,false,true,false,true,120.,94.,52.,48.,12.3268952375
1.22734229916,Voter,14,7,51.,1,false,true,false,true,120.,94.,52.,48.,12.3268952375
1.16974562427,Sample,14,5,1.,1,false,true,false,true,18.,18.,62.,52.,0.
1.16974562427,Sample,14,5,6.,1,false,true,false,true,90.,78.,74.,74.,11.6229942177
1.16974562427,Sample,14,5,11.,1,false,true,false,true,92.,78.,76.,74.,12.0032896351
1.16974562427,Sample,14,5,16.,1,false,true,false,true,92.,78.,76.,74.,12.0165243427
1.16974562427,Sample,14,5,21.,1,false,true,false,true,92.,78.,76.,74.,12.0170092092
1.16974562427,Sample,14,5,26.,1,false,true,false,true,92.,78.,76.,74.,12.0170277275
1.16974562427,Sample,14,5,31.,1,false,true,false,true,92.,78.,76.,74.,12.0170284588
1.16974562427,Sample,14,5,36.,1,false,true,false,true,92.,78.,76.,74.,12.0170284885
1.16974562427,Sample,14,5,41.,1,false,true,false,true,92.,78.,76.,74.,12.0170284897
1.16974562427,Sample,14,5,46.,1,false,true,false,true,92.,78.,76.,74.,12.0170284898
1.16974562427,Sample,14,5,51.,1,false,true,false,true,92.,78.,76.,74.,12.0170284898
1.38461016479,Sample,14,5,1.,1,false,true,false,true,10.,10.,46.,44.,0.
1.38461016479,Sample,14,5,6.,1,false,true,false,true,84.,72.,72.,66.,12.4444765041
1.38461016479,Sample,14,5,11.,1,false,true,false,true,94.,76.,70.,66.,13.062795932
1.38461016479,Sample,14,5,16.,1,false,true,false,true,94.,76.,70.,66.,13.0949137126
1.38461016479,Sample,14,5,21.,1,false,true,false,true,94.,76.,70.,66.,13.0966477072
1.38461016479,Sample,14,5,26.,1,false,true,false,true,94.,76.,70.,66.,13.0967444354
1.38461016479,Sample,14,5,31.,1,false,true,false,true,94.,76.,70.,66.,13.0967499808
1.38461016479,Sample,14,5,36.,1,false,true,false,true,94.,76.,70.,66.,13.0967503061
1.38461016479,Sample,14,5,41.,1,false,true,false,true,94.,76.,70.,66.,13.0967503255
1.38461016479,Sample,14,5,46.,1,false,true,false,true,94.,76.,70.,66.,13.0967503267
1.38461016479,Sample,14,5,51.,1,false,true,false,true,94.,76.,70.,66.,13.0967503268
1.09446118256,Sample,14,5,1.,1,false,true,false,true,48.,44.,70.,62.,0.
1.09446118256,Sample,14,5,6.,1,false,true,false,true,102.,84.,92.,82.,11.2678142043
1.09446118256,Sample,14,5,11.,1,false,true,false,true,104.,86.,94.,84.,11.57691787
1.09446118256,Sample,14,5,16.,1,false,true,false,true,104.,86.,94.,84.,11.5860131451
1.09446118256,Sample,14,5,21.,1,false,true,false,true,104.,86.,94.,84.,11.5862965385
1.09446118256,Sample,14,5,26.,1,false,true,false,true,104.,86.,94.,84.,11.5863057792
1.09446118256,Sample,14,5,31.,1,false,true,false,true,104.,86.,94.,84.,11.5863060915
1.09446118256,Sample,14,5,36.,1,false,true,false,true,104.,86.,94.,84.,11.5863061023
1.09446118256,Sample,14,5,41.,1,false,true,false,true,104.,86.,94.,84.,11.5863061027
1.09446118256,Sample,14,5,46.,1,false,true,false,true,104.,86.,94.,84.,11.5863061027
1.09446118256,Sample,14,5,51.,1,false,true,false,true,104.,86.,94.,84.,11.5863061027
1.24307336588,Voter,14,4,1.,1,false,true,false,true,14.,14.,24.,20.,0.
1.24307336588,Voter,14,4,6.,1,false,true,false,true,26.,22.,12.,12.,11.9334397017
1.24307336588,Voter,14,4,11.,1,false,true,false,true,26.,22.,12.,12.,12.3895318706
1.24307336588,Voter,14,4,16.,1,false,true,false,true,26.,22.,12.,12.,12.4079461243
1.24307336588,Voter,14,4,21.,1,false,true,false,true,26.,22.,12.,12.,12.4087249184
1.24307336588,Voter,14,4,26.,1,false,true,false,true,26.,22.,12.,12.,12.4087591403
1.24307336588,Voter,14,4,31.,1,false,true,false,true,26.,22.,12.,12.,12.4087606917
1.24307336588,Voter,14,4,36.,1,false,true,false,true,26.,22.,12.,12.,12.4087607639
1.24307336588,Voter,14,4,41.,1,false,true,false,true,26.,22.,12.,12.,12.4087607673
1.24307336588,Voter,14,4,46.,1,false,true,false,true,26.,22.,12.,12.,12.4087607675
1.24307336588,Voter,14,4,51.,1,false,true,false,true,26.,22.,12.,12.,12.4087607675
0.867545292733,Voter,14,4,1.,1,false,true,false,true,2.,2.,16.,16.,0.
0.867545292733,Voter,14,4,6.,1,false,true,false,true,12.,12.,6.,6.,9.93585252112
0.867545292733,Voter,14,4,11.,1,false,true,false,true,12.,12.,6.,6.,10.0757478058
0.867545292733,Voter,14,4,16.,1,false,true,false,true,12.,12.,6.,6.,10.0779434873
0.867545292733,Voter,14,4,21.,1,false,true,false,true,12.,12.,6.,6.,10.0779808728
0.867545292733,Voter,14,4,26.,1,false,true,false,true,12.,12.,6.,6.,10.0779815486
0.867545292733,Voter,14,4,31.,1,false,true,false,true,12.,12.,6.,6.,10.0779815613
0.867545292733,Voter,14,4,36.,1,false,true,false,true,12.,12.,6.,6.,10.0779815616
0.867545292733,Voter,14,4,41.,1,false,true,false,true,12.,12.,6.,6.,10.0779815616
0.867545292733,Voter,14,4,46.,1,false,true,false,true,12.,12.,6.,6.,10.0779815616
0.867545292733,Voter,14,4,51.,1,false,true,false,true,12.,12.,6.,6.,10.0779815616
1.28610221829,Voter,14,3,1.,1,false,true,false,true,2.,2.,8.,6.,0.
1.28610221829,Voter,14,3,6.,1,false,true,false,true,10.,8.,0.,0.,12.10052046
1.28610221829,Voter,14,3,11.,1,false,true,false,true,10.,8.,0.,0.,12.6038342671
1.28610221829,Voter,14,3,16.,1,false,true,false,true,10.,8.,0.,0.,12.6258717975
1.28610221829,Voter,14,3,21.,1,false,true,false,true,10.,8.,0.,0.,12.6268799494
1.28610221829,Voter,14,3,26.,1,false,true,false,true,10.,8.,0.,0.,12.6269277812
1.28610221829,Voter,14,3,31.,1,false,true,false,true,10.,8.,0.,0.,12.6269301196
1.28610221829,Voter,14,3,36.,1,false,true,false,true,10.,8.,0.,0.,12.6269302368
1.28610221829,Voter,14,3,41.,1,false,true,false,true,10.,8.,0.,0.,12.6269302428
1.28610221829,Voter,14,3,46.,1,false,true,false,true,10.,8.,0.,0.,12.6269302431
1.28610221829,Voter,14,3,51.,1,false,true,false,true,10.,8.,0.,0.,12.6269302431
1.19819482527,Sample,14,3,1.,1,false,true,false,true,0.,0.,16.,12.,0.
1.19819482527,Sample,14,3,6.,1,false,true,false,true,18.,14.,6.,6.,11.7474247174
1.19819482527,Sample,14,3,11.,1,false,true,false,true,20.,16.,4.,4.,12.1564006871
1.19819482527,Sample,14,3,16.,1,false,true,false,true,20.,16.,4.,4.,12.1715024337
1.19819482527,Sample,14,3,21.,1,false,true,false,true,20.,16.,4.,4.,12.1720883045
1.19819482527,Sample,14,3,26.,1,false,true,false,true,20.,16.,4.,4.,12.1721119672
1.19819482527,Sample,14,3,31.,1,false,true,false,true,20.,16.,4.,4.,12.1721129545
1.19819482527,Sample,14,3,36.,1,false,true,false,true,20.,16.,4.,4.,12.1721129968
1.19819482527,Sample,14,3,41.,1,false,true,false,true,20.,16.,4.,4.,12.1721129987
1.19819482527,Sample,14,3,46.,1,false,true,false,true,20.,16.,4.,4.,12.1721129988
1.19819482527,Sample,14,3,51.,1,false,true,false,true,20.,16.,4.,4.,12.1721129988
1.22163049416,Voter,14,7,1.,1,false,true,false,true,26.,22.,118.,96.,0.
1.22163049416,Voter,14,7,6.,1,false,true,false,true,140.,116.,132.,102.,11.846098246
1.22163049416,Voter,14,7,11.,1,false,true,false,true,146.,122.,134.,106.,12.2793985499
1.22163049416,Voter,14,7,16.,1,false,true,false,true,146.,122.,134.,106.,12.2961724891
1.22163049416,Voter,14,7,21.,1,false,true,false,true,146.,122.,134.,106.,12.2968536431
1.22163049416,Voter,14,7,26.,1,false,true,false,true,146.,122.,134.,106.,12.2968824091
1.22163049416,Voter,14,7,31.,1,false,true,false,true,146.,122.,134.,106.,12.2968836631
1.22163049416,Voter,14,7,36.,1,false,true,false,true,146.,122.,134.,106.,12.2968837192
1.22163049416,Voter,14,7,41.,1,false,true,false,true,146.,122.,134.,106.,12.2968837218
1.22163049416,Voter,14,7,46.,1,false,true,false,true,146.,122.,134.,106.,12.2968837219
1.22163049416,Voter,14,7,51.,1,false,true,false,true,146.,122.,134.,106.,12.2968837219
1.14215331648,Sample,14,5,1.,1,false,true,false,true,24.,22.,62.,50.,0.
1.14215331648,Sample,14,5,6.,1,false,true,false,true,96.,76.,86.,64.,11.4972827857
1.14215331648,Sample,14,5,11.,1,false,true,false,true,98.,78.,88.,64.,11.8506771931
1.14215331648,Sample,14,5,16.,1,false,true,false,true,98.,78.,88.,64.,11.8622643311
1.14215331648,Sample,14,5,21.,1,false,true,false,true,98.,78.,88.,64.,11.8626651032
1.14215331648,Sample,14,5,26.,1,false,true,false,true,98.,78.,88.,64.,11.8626795736
1.14215331648,Sample,14,5,31.,1,false,true,false,true,98.,78.,88.,64.,11.8626801143
1.14215331648,Sample,14,5,36.,1,false,true,false,true,98.,78.,88.,64.,11.8626801351
1.14215331648,Sample,14,5,41.,1,false,true,false,true,98.,78.,88.,64.,11.8626801359
1.14215331648,Sample,14,5,46.,1,false,true,false,true,98.,78.,88.,64.,11.8626801359
1.14215331648,Sample,14,5,51.,1,false,true,false,true,98.,78.,88.,64.,11.8626801359
1.36220775137,Voter,14,6,1.,1,false,true,false,true,26.,24.,58.,54.,0.
1.36220775137,Voter,14,6,6.,1,false,true,false,true,72.,66.,28.,28.,12.3707479045
1.36220775137,Voter,14,6,11.,1,false,true,false,true,72.,66.,28.,28.,12.9621211046
1.36220775137,Voter,14,6,16.,1,false,true,false,true,72.,66.,28.,28.,12.991718258
1.36220775137,Voter,14,6,21.,1,false,true,false,true,72.,66.,28.,28.,12.9932595643
1.36220775137,Voter,14,6,26.,1,false,true,false,true,72.,66.,28.,28.,12.9933425648
1.36220775137,Voter,14,6,31.,1,false,true,false,true,72.,66.,28.,28.,12.993347161
1.36220775137,Voter,14,6,36.,1,false,true,false,true,72.,66.,28.,28.,12.9933474214
1.36220775137,Voter,14,6,41.,1,false,true,false,true,72.,66.,28.,28.,12.9933474365
1.36220775137,Voter,14,6,46.,1,false,true,false,true,72.,66.,28.,28.,12.9933474374
1.36220775137,Voter,14,6,51.,1,false,true,false,true,72.,66.,28.,28.,12.9933474374
1.29277058964,Sample,14,7,1.,1,false,true,false,true,40.,38.,120.,96.,0.
1.29277058964,Sample,14,7,6.,1,false,true,false,true,236.,190.,232.,198.,12.1254635517
1.29277058964,Sample,14,7,11.,1,false,true,false,true,250.,198.,234.,202.,12.6362671764
1.29277058964,Sample,14,7,16.,1,false,true,false,true,252.,200.,232.,200.,12.6589071238
1.29277058964,Sample,14,7,21.,1,false,true,false,true,252.,200.,232.,200.,12.6599551423
1.29277058964,Sample,14,7,26.,1,false,true,false,true,252.,200.,232.,200.,12.6600054429
1.29277058964,Sample,14,7,31.,1,false,true,false,true,252.,200.,232.,200.,12.6600079301
1.29277058964,Sample,14,7,36.,1,false,true,false,true,252.,200.,232.,200.,12.6600080561
1.29277058964,Sample,14,7,41.,1,false,true,false,true,252.,200.,232.,200.,12.6600080626
1.29277058964,Sample,14,7,46.,1,false,true,false,true,252.,200.,232.,200.,12.6600080629
1.29277058964,Sample,14,7,51.,1,false,true,false,true,252.,200.,232.,200.,12.660008063
1.1920251094,Voter,14,5,1.,1,false,true,false,true,20.,20.,32.,32.,0.
1.1920251094,Voter,14,5,6.,1,false,true,false,true,38.,38.,14.,14.,11.7208777842
1.1920251094,Voter,14,5,11.,1,false,true,false,true,38.,38.,14.,14.,12.1235540088
1.1920251094,Voter,14,5,16.,1,false,true,false,true,38.,38.,14.,14.,12.1382359282
1.1920251094,Voter,14,5,21.,1,false,true,false,true,38.,38.,14.,14.,12.1387985797
1.1920251094,Voter,14,5,26.,1,false,true,false,true,38.,38.,14.,14.,12.1388210345
1.1920251094,Voter,14,5,31.,1,false,true,false,true,38.,38.,14.,14.,12.1388219604
1.1920251094,Voter,14,5,36.,1,false,true,false,true,38.,38.,14.,14.,12.1388219996
1.1920251094,Voter,14,5,41.,1,false,true,false,true,38.,38.,14.,14.,12.1388220013
1.1920251094,Voter,14,5,46.,1,false,true,false,true,38.,38.,14.,14.,12.1388220014
1.1920251094,Voter,14,5,51.,1,false,true,false,true,38.,38.,14.,14.,12.1388220014
1.24759036543,Voter,14,5,1.,1,false,true,false,true,8.,8.,24.,24.,0.
1.24759036543,Voter,14,5,6.,1,false,true,false,true,46.,42.,26.,26.,11.9514870704
1.24759036543,Voter,14,5,11.,1,false,true,false,true,46.,42.,26.,26.,12.412444317
1.24759036543,Voter,14,5,16.,1,false,true,false,true,46.,42.,26.,26.,12.4312178792
1.24759036543,Voter,14,5,21.,1,false,true,false,true,46.,42.,26.,26.,12.4320185923
1.24759036543,Voter,14,5,26.,1,false,true,false,true,46.,42.,26.,26.,12.4320540685
1.24759036543,Voter,14,5,31.,1,false,true,false,true,46.,42.,26.,26.,12.4320556898
1.24759036543,Voter,14,5,36.,1,false,true,false,true,46.,42.,26.,26.,12.4320557658
1.24759036543,Voter,14,5,41.,1,false,true,false,true,46.,42.,26.,26.,12.4320557695
1.24759036543,Voter,14,5,46.,1,false,true,false,true,46.,42.,26.,26.,12.4320557696
1.24759036543,Voter,14,5,51.,1,false,true,false,true,46.,42.,26.,26.,12.4320557696
1.12484645836,Voter,14,3,1.,1,false,true,false,true,12.,12.,16.,16.,0.
1.12484645836,Voter,14,3,6.,1,false,true,false,true,18.,18.,10.,10.,11.4158286044
1.12484645836,Voter,14,3,11.,1,false,true,false,true,16.,16.,12.,12.,11.7528223845
1.12484645836,Voter,14,3,16.,1,false,true,false,true,16.,16.,12.,12.,11.7634546221
1.12484645836,Voter,14,3,21.,1,false,true,false,true,16.,16.,12.,12.,11.7638089585
1.12484645836,Voter,14,3,26.,1,false,true,false,true,16.,16.,12.,12.,11.7638212966
1.12484645836,Voter,14,3,31.,1,false,true,false,true,16.,16.,12.,12.,11.7638217415
1.12484645836,Voter,14,3,36.,1,false,true,false,true,16.,16.,12.,12.,11.763821758
1.12484645836,Voter,14,3,41.,1,false,true,false,true,16.,16.,12.,12.,11.7638217586
1.12484645836,Voter,14,3,46.,1,false,true,false,true,16.,16.,12.,12.,11.7638217586
1.12484645836,Voter,14,3,51.,1,false,true,false,true,16.,16.,12.,12.,11.7638217586
0.894526055106,Voter,14,5,1.,1,false,true,false,true,36.,32.,58.,54.,0.
0.894526055106,Voter,14,5,6.,1,false,true,false,true,74.,62.,32.,32.,10.1172720493
0.894526055106,Voter,14,5,11.,1,false,true,false,true,74.,62.,32.,32.,10.2735265215
0.894526055106,Voter,14,5,16.,1,false,true,false,true,74.,62.,32.,32.,10.2762005675
0.894526055106,Voter,14,5,21.,1,false,true,false,true,74.,62.,32.,32.,10.2762500386
0.894526055106,Voter,14,5,26.,1,false,true,false,true,74.,62.,32.,32.,10.2762510083
0.894526055106,Voter,14,5,31.,1,false,true,false,true,74.,62.,32.,32.,10.2762510282
0.894526055106,Voter,14,5,36.,1,false,true,false,true,74.,62.,32.,32.,10.2762510286
0.894526055106,Voter,14,5,41.,1,false,true,false,true,74.,62.,32.,32.,10.2762510286
0.894526055106,Voter,14,5,46.,1,false,true,false,true,74.,62.,32.,32.,10.2762510286
0.894526055106,Voter,14,5,51.,1,false,true,false,true,74.,62.,32.,32.,10.2762510286
1.08560774586,Voter,14,7,1.,1,false,true,false,true,26.,22.,56.,48.,0.
1.08560774586,Voter,14,7,6.,1,false,true,false,true,94.,80.,52.,50.,11.2234584304
1.08560774586,Voter,14,7,11.,1,false,true,false,true,94.,80.,52.,50.,11.5246563215
1.08560774586,Voter,14,7,16.,1,false,true,false,true,94.,80.,52.,50.,11.5333359604
1.08560774586,Voter,14,7,21.,1,false,true,false,true,94.,80.,52.,50.,11.5336010172
1.08560774586,Voter,14,7,26.,1,false,true,false,true,94.,80.,52.,50.,11.5336094919
1.08560774586,Voter,14,7,31.,1,false,true,false,true,94.,80.,52.,50.,11.5336097728
1.08560774586,Voter,14,7,36.,1,false,true,false,true,94.,80.,52.,50.,11.5336097824
1.08560774586,Voter,14,7,41.,1,false,true,false,true,94.,80.,52.,50.,11.5336097827
1.08560774586,Voter,14,7,46.,1,false,true,false,true,94.,80.,52.,50.,11.5336097827
1.08560774586,Voter,14,7,51.,1,false,true,false,true,94.,80.,52.,50.,11.5336097827
1.06073913532,Voter,14,4,1.,1,false,true,false,true,34.,32.,22.,20.,0.
1.06073913532,Voter,14,4,6.,1,false,true,false,true,44.,40.,16.,16.,11.0958219478
1.06073913532,Voter,14,4,11.,1,false,true,false,true,44.,40.,16.,16.,11.3753558795
1.06073913532,Voter,14,4,16.,1,false,true,false,true,44.,40.,16.,16.,11.3829422601
1.06073913532,Voter,14,4,21.,1,false,true,false,true,44.,40.,16.,16.,11.3831609192
1.06073913532,Voter,14,4,26.,1,false,true,false,true,44.,40.,16.,16.,11.3831675268
1.06073913532,Voter,14,4,31.,1,false,true,false,true,44.,40.,16.,16.,11.383167734
1.06073913532,Voter,14,4,36.,1,false,true,false,true,44.,40.,16.,16.,11.3831677407
1.06073913532,Voter,14,4,41.,1,false,true,false,true,44.,40.,16.,16.,11.3831677409
1.06073913532,Voter,14,4,46.,1,false,true,false,true,44.,40.,16.,16.,11.383167741
1.06073913532,Voter,14,4,51.,1,false,true,false,true,44.,40.,16.,16.,11.383167741
1.33808183462,Sample,14,3,1.,1,false,true,false,true,0.,0.,8.,8.,0.
1.33808183462,Sample,14,3,6.,1,false,true,false,true,8.,8.,0.,0.,12.2884504993
1.33808183462,Sample,14,3,11.,1,false,true,false,true,8.,8.,0.,0.,12.8513108576
1.33808183462,Sample,14,3,16.,1,false,true,false,true,8.,8.,0.,0.,12.8783464143
1.33808183462,Sample,14,3,21.,1,false,true,false,true,8.,8.,0.,0.,12.8796992995
1.33808183462,Sample,14,3,26.,1,false,true,false,true,8.,8.,0.,0.,12.8797693689
1.33808183462,Sample,14,3,31.,1,false,true,false,true,8.,8.,0.,0.,12.8797731031
1.33808183462,Sample,14,3,36.,1,false,true,false,true,8.,8.,0.,0.,12.8797733068
1.33808183462,Sample,14,3,41.,1,false,true,false,true,8.,8.,0.,0.,12.8797733182
1.33808183462,Sample,14,3,46.,1,false,true,false,true,8.,8.,0.,0.,12.8797733188
1.33808183462,Sample,14,3,51.,1,false,true,false,true,8.,8.,0.,0.,12.8797733189
1.21402996154,Sample,14,4,1.,1,false,true,false,true,8.,8.,34.,32.,0.
1.21402996154,Sample,14,4,6.,1,false,true,false,true,32.,30.,26.,26.,11.8144691922
1.21402996154,Sample,14,4,11.,1,false,true,false,true,32.,30.,26.,26.,12.2398129016
1.21402996154,Sample,14,4,16.,1,false,true,false,true,32.,30.,26.,26.,12.2560309288
1.21402996154,Sample,14,4,21.,1,false,true,false,true,32.,30.,26.,26.,12.2566799185
1.21402996154,Sample,14,4,26.,1,false,true,false,true,32.,30.,26.,26.,12.2567069363
1.21402996154,Sample,14,4,31.,1,false,true,false,true,32.,30.,26.,26.,12.2567080977
1.21402996154,Sample,14,4,36.,1,false,true,false,true,32.,30.,26.,26.,12.2567081489
1.21402996154,Sample,14,4,41.,1,false,true,false,true,32.,30.,26.,26.,12.2567081512
1.21402996154,Sample,14,4,46.,1,false,true,false,true,32.,30.,26.,26.,12.2567081513
1.21402996154,Sample,14,4,51.,1,false,true,false,true,32.,30.,26.,26.,12.2567081513
1.38672198272,Sample,14,7,1.,1,false,true,false,true,52.,48.,116.,90.,0.
1.38672198272,Sample,14,7,6.,1,false,true,false,true,186.,158.,182.,148.,12.4512956983
1.38672198272,Sample,14,7,11.,1,false,true,false,true,208.,166.,168.,140.,13.0721779864
1.38672198272,Sample,14,7,16.,1,false,true,false,true,210.,168.,170.,142.,13.1045405439
1.38672198272,Sample,14,7,21.,1,false,true,false,true,210.,168.,170.,142.,13.1062936234
1.38672198272,Sample,14,7,26.,1,false,true,false,true,210.,168.,170.,142.,13.1063917374
1.38672198272,Sample,14,7,31.,1,false,true,false,true,210.,168.,170.,142.,13.1063973805
1.38672198272,Sample,14,7,36.,1,false,true,false,true,210.,168.,170.,142.,13.1063977125
1.38672198272,Sample,14,7,41.,1,false,true,false,true,210.,168.,170.,142.,13.1063977324
1.38672198272,Sample,14,7,46.,1,false,true,false,true,210.,168.,170.,142.,13.1063977336
1.38672198272,Sample,14,7,51.,1,false,true,false,true,210.,168.,170.,142.,13.1063977337
1.03589277903,Sample,14,5,1.,1,false,true,false,true,34.,32.,62.,56.,0.
1.03589277903,Sample,14,5,6.,1,false,true,false,true,74.,64.,66.,66.,10.9637053132
1.03589277903,Sample,14,5,11.,1,false,true,false,true,74.,64.,66.,66.,11.2224067989
1.03589277903,Sample,14,5,16.,1,false,true,false,true,74.,64.,66.,66.,11.2290055071
1.03589277903,Sample,14,5,21.,1,false,true,false,true,74.,64.,66.,66.,11.2291846686
1.03589277903,Sample,14,5,26.,1,false,true,false,true,74.,64.,66.,66.,11.2291897759
1.03589277903,Sample,14,5,31.,1,false,true,false,true,74.,64.,66.,66.,11.2291899272
1.03589277903,Sample,14,5,36.,1,false,true,false,true,74.,64.,66.,66.,11.2291899318
1.03589277903,Sample,14,5,41.,1,false,true,false,true,74.,64.,66.,66.,11.2291899319
1.03589277903,Sample,14,5,46.,1,false,true,false,true,74.,64.,66.,66.,11.2291899319
1.03589277903,Sample,14,5,51.,1,false,true,false,true,74.,64.,66.,66.,11.2291899319
1.30029751058,Sample,14,7,1.,1,false,true,false,true,72.,64.,158.,122.,0.
1.30029751058,Sample,14,7,6.,1,false,true,false,true,246.,182.,244.,170.,12.1533187021
1.30029751058,Sample,14,7,11.,1,false,true,false,true,250.,184.,244.,170.,12.6726302735
1.30029751058,Sample,14,7,16.,1,false,true,false,true,250.,184.,244.,170.,12.6959637063
1.30029751058,Sample,14,7,21.,1,false,true,false,true,250.,184.,244.,170.,12.6970582057
1.30029751058,Sample,14,7,26.,1,false,true,false,true,250.,184.,244.,170.,12.6971114204
1.30029751058,Sample,14,7,31.,1,false,true,false,true,250.,184.,244.,170.,12.6971140853
1.30029751058,Sample,14,7,36.,1,false,true,false,true,250.,184.,244.,170.,12.6971142221
1.30029751058,Sample,14,7,41.,1,false,true,false,true,250.,184.,244.,170.,12.6971142292
1.30029751058,Sample,14,7,46.,1,false,true,false,true,250.,184.,244.,170.,12.6971142296
1.30029751058,Sample,14,7,51.,1,false,true,false,true,250.,184.,244.,170.,12.6971142296
0.880229745865,Voter,14,3,1.,1,false,true,false,true,2.,2.,4.,4.,0.
0.880229745865,Voter,14,3,6.,1,false,true,false,true,6.,6.,0.,0.,10.0219903532
0.880229745865,Voter,14,3,11.,1,false,true,false,true,6.,6.,0.,0.,10.1694475449
0.880229745865,Voter,14,3,16.,1,false,true,false,true,6.,6.,0.,0.,10.1718590995
0.880229745865,Voter,14,3,21.,1,false,true,false,true,6.,6.,0.,0.,10.1719018135
0.880229745865,Voter,14,3,26.,1,false,true,false,true,6.,6.,0.,0.,10.1719026159
0.880229745865,Voter,14,3,31.,1,false,true,false,true,6.,6.,0.,0.,10.1719026317
0.880229745865,Voter,14,3,36.,1,false,true,false,true,6.,6.,0.,0.,10.171902632
0.880229745865,Voter,14,3,41.,1,false,true,false,true,6.,6.,0.,0.,10.171902632
0.880229745865,Voter,14,3,46.,1,false,true,false,true,6.,6.,0.,0.,10.171902632
0.880229745865,Voter,14,3,51.,1,false,true,false,true,6.,6.,0.,0.,10.171902632
0.956097275222,Sample,14,4,1.,1,false,true,false,true,4.,4.,20.,18.,0.
0.956097275222,Sample,14,4,6.,1,false,true,false,true,24.,24.,4.,4.,10.5066208861
0.956097275222,Sample,14,4,11.,1,false,true,false,true,24.,24.,4.,4.,10.7040729328
0.956097275222,Sample,14,4,16.,1,false,true,false,true,24.,24.,4.,4.,10.7081356317
0.956097275222,Sample,14,4,21.,1,false,true,false,true,24.,24.,4.,4.,10.7082253425
0.956097275222,Sample,14,4,26.,1,false,true,false,true,24.,24.,4.,4.,10.7082274327
0.956097275222,Sample,14,4,31.,1,false,true,false,true,24.,24.,4.,4.,10.7082274834
0.956097275222,Sample,14,4,36.,1,false,true,false,true,24.,24.,4.,4.,10.7082274847
0.956097275222,Sample,14,4,41.,1,false,true,false,true,24.,24.,4.,4.,10.7082274847
0.956097275222,Sample,14,4,46.,1,false,true,false,true,24.,24.,4.,4.,10.7082274847
0.956097275222,Sample,14,4,51.,1,false,true,false,true,24.,24.,4.,4.,10.7082274847
1.36747148286,Sample,14,4,1.,1,false,true,false,true,16.,16.,38.,30.,0.
1.36747148286,Sample,14,4,6.,1,false,true,false,true,46.,44.,44.,44.,12.3883014338
1.36747148286,Sample,14,4,11.,1,false,true,false,true,48.,46.,38.,38.,12.9859659728
1.36747148286,Sample,14,4,16.,1,false,true,false,true,48.,46.,38.,38.,13.0161429703
1.36747148286,Sample,14,4,21.,1,false,true,false,true,48.,46.,38.,38.,13.0177279748
1.36747148286,Sample,14,4,26.,1,false,true,false,true,48.,46.,38.,38.,13.0178140453
1.36747148286,Sample,14,4,31.,1,false,true,false,true,48.,46.,38.,38.,13.0178188508
1.36747148286,Sample,14,4,36.,1,false,true,false,true,48.,46.,38.,38.,13.0178191254
1.36747148286,Sample,14,4,41.,1,false,true,false,true,48.,46.,38.,38.,13.0178191414
1.36747148286,Sample,14,4,46.,1,false,true,false,true,48.,46.,38.,38.,13.0178191423
1.36747148286,Sample,14,4,51.,1,false,true,false,true,48.,46.,38.,38.,13.0178191424
1.20348158876,Voter,14,5,1.,1,false,true,false,true,24.,22.,34.,28.,0.
1.20348158876,Voter,14,5,6.,1,false,true,false,true,58.,46.,28.,28.,11.7699821155
1.20348158876,Voter,14,5,11.,1,false,true,false,true,58.,46.,28.,28.,12.1843909865
1.20348158876,Voter,14,5,16.,1,false,true,false,true,58.,46.,28.,28.,12.1998591774
1.20348158876,Voter,14,5,21.,1,false,true,false,true,58.,46.,28.,28.,12.2004655492
1.20348158876,Voter,14,5,26.,1,false,true,false,true,58.,46.,28.,28.,12.2004902904
1.20348158876,Voter,14,5,31.,1,false,true,false,true,58.,46.,28.,28.,12.2004913331
1.20348158876,Voter,14,5,36.,1,false,true,false,true,58.,46.,28.,28.,12.2004913782
1.20348158876,Voter,14,5,41.,1,false,true,false,true,58.,46.,28.,28.,12.2004913802
1.20348158876,Voter,14,5,46.,1,false,true,false,true,58.,46.,28.,28.,12.2004913802
1.20348158876,Voter,14,5,51.,1,false,true,false,true,58.,46.,28.,28.,12.2004913802
1.34267835302,Voter,14,5,1.,1,false,true,false,true,20.,20.,66.,52.,0.
1.34267835302,Voter,14,5,6.,1,false,true,false,true,46.,36.,60.,50.,12.304365503
1.34267835302,Voter,14,5,11.,1,false,true,false,true,48.,38.,58.,50.,12.8726167163
1.34267835302,Voter,14,5,16.,1,false,true,false,true,48.,38.,58.,50.,12.9001282512
1.34267835302,Voter,14,5,21.,1,false,true,false,true,48.,38.,58.,50.,12.9015155675
1.34267835302,Voter,14,5,26.,1,false,true,false,true,48.,38.,58.,50.,12.9015879616
1.34267835302,Voter,14,5,31.,1,false,true,false,true,48.,38.,58.,50.,12.9015918482
1.34267835302,Voter,14,5,36.,1,false,true,false,true,48.,38.,58.,50.,12.9015920618
1.34267835302,Voter,14,5,41.,1,false,true,false,true,48.,38.,58.,50.,12.9015920738
1.34267835302,Voter,14,5,46.,1,false,true,false,true,48.,38.,58.,50.,12.9015920745
1.34267835302,Voter,14,5,51.,1,false,true,false,true,48.,38.,58.,50.,12.9015920745
0.92346834673,Voter,14,7,1.,1,false,true,false,true,56.,46.,62.,52.,0.
0.92346834673,Voter,14,7,6.,1,false,true,false,true,100.,84.,42.,40.,10.3044590836
0.92346834673,Voter,14,7,11.,1,false,true,false,true,100.,84.,42.,40.,10.4794119188
0.92346834673,Voter,14,7,16.,1,false,true,false,true,100.,84.,42.,40.,10.4826839482
0.92346834673,Voter,14,7,21.,1,false,true,false,true,100.,84.,42.,40.,10.4827498685
0.92346834673,Voter,14,7,26.,1,false,true,false,true,100.,84.,42.,40.,10.4827512729
0.92346834673,Voter,14,7,31.,1,false,true,false,true,100.,84.,42.,40.,10.4827513041
0.92346834673,Voter,14,7,36.,1,false,true,false,true,100.,84.,42.,40.,10.4827513048
0.92346834673,Voter,14,7,41.,1,false,true,false,true,100.,84.,42.,40.,10.4827513048
0.92346834673,Voter,14,7,46.,1,false,true,false,true,100.,84.,42.,40.,10.4827513048
0.92346834673,Voter,14,7,51.,1,false,true,false,true,100.,84.,42.,40.,10.4827513048
1.00550722128,Voter,14,4,1.,1,false,true,false,true,10.,10.,20.,18.,0.
1.00550722128,Voter,14,4,6.,1,false,true,false,true,40.,40.,34.,34.,10.7956818941
1.00550722128,Voter,14,4,11.,1,false,true,false,true,40.,40.,34.,34.,11.0300317042
1.00550722128,Voter,14,4,16.,1,false,true,false,true,40.,40.,34.,34.,11.0355558352
1.00550722128,Voter,14,4,21.,1,false,true,false,true,40.,40.,34.,34.,11.035694854
1.00550722128,Voter,14,4,26.,1,false,true,false,true,40.,40.,34.,34.,11.0356985339
1.00550722128,Voter,14,4,31.,1,false,true,false,true,40.,40.,34.,34.,11.0356986352
1.00550722128,Voter,14,4,36.,1,false,true,false,true,40.,40.,34.,34.,11.0356986381
1.00550722128,Voter,14,4,41.,1,false,true,false,true,40.,40.,34.,34.,11.0356986382
1.00550722128,Voter,14,4,46.,1,false,true,false,true,40.,40.,34.,34.,11.0356986382
1.00550722128,Voter,14,4,51.,1,false,true,false,true,40.,40.,34.,34.,11.0356986382
0.894068342317,Voter,14,4,1.,1,false,true,false,true,18.,18.,20.,18.,0.
0.894068342317,Voter,14,4,6.,1,false,true,false,true,26.,26.,12.,12.,10.1142507482
0.894068342317,Voter,14,4,11.,1,false,true,false,true,26.,26.,12.,12.,10.2702190614
0.894068342317,Voter,14,4,16.,1,false,true,false,true,26.,26.,12.,12.,10.272884378
0.894068342317,Voter,14,4,21.,1,false,true,false,true,26.,26.,12.,12.,10.2729336196
0.894068342317,Voter,14,4,26.,1,false,true,false,true,26.,26.,12.,12.,10.2729345836
0.894068342317,Voter,14,4,31.,1,false,true,false,true,26.,26.,12.,12.,10.2729346033
0.894068342317,Voter,14,4,36.,1,false,true,false,true,26.,26.,12.,12.,10.2729346037
0.894068342317,Voter,14,4,41.,1,false,true,false,true,26.,26.,12.,12.,10.2729346037
0.894068342317,Voter,14,4,46.,1,false,true,false,true,26.,26.,12.,12.,10.2729346037
0.894068342317,Voter,14,4,51.,1,false,true,false,true,26.,26.,12.,12.,10.2729346037
1.27388178563,Voter,14,5,1.,1,false,true,false,true,38.,32.,38.,36.,0.
1.27388178563,Voter,14,5,6.,1,false,true,false,true,76.,62.,60.,54.,12.0541562302
1.27388178563,Voter,14,5,11.,1,false,true,false,true,74.,62.,58.,52.,12.5438620273
1.27388178563,Voter,14,5,16.,1,false,true,false,true,74.,62.,58.,52.,12.5648244368
1.27388178563,Voter,14,5,21.,1,false,true,false,true,74.,62.,58.,52.,12.5657626409
1.27388178563,Voter,14,5,26.,1,false,true,false,true,74.,62.,58.,52.,12.5658062121
1.27388178563,Voter,14,5,31.,1,false,true,false,true,74.,62.,58.,52.,12.5658082978
1.27388178563,Voter,14,5,36.,1,false,true,false,true,74.,62.,58.,52.,12.5658084002
1.27388178563,Voter,14,5,41.,1,false,true,false,true,74.,62.,58.,52.,12.5658084053
1.27388178563,Voter,14,5,46.,1,false,true,false,true,74.,62.,58.,52.,12.5658084055
1.27388178563,Voter,14,5,51.,1,false,true,false,true,74.,62.,58.,52.,12.5658084056
1.09488998104,Sample,14,6,1.,1,false,true,false,true,56.,54.,122.,100.,0.
1.09488998104,Sample,14,6,6.,1,false,true,false,true,190.,148.,184.,142.,11.2699482396
1.09488998104,Sample,14,6,11.,1,false,true,false,true,194.,148.,184.,140.,11.5794373566
1.09488998104,Sample,14,6,16.,1,false,true,false,true,194.,148.,184.,140.,11.5885531233
1.09488998104,Sample,14,6,21.,1,false,true,false,true,194.,148.,184.,140.,11.5888374304
1.09488998104,Sample,14,6,26.,1,false,true,false,true,194.,148.,184.,140.,11.5888467096
1.09488998104,Sample,14,6,31.,1,false,true,false,true,194.,148.,184.,140.,11.5888470235
1.09488998104,Sample,14,6,36.,1,false,true,false,true,194.,148.,184.,140.,11.5888470344
1.09488998104,Sample,14,6,41.,1,false,true,false,true,194.,148.,184.,140.,11.5888470348
1.09488998104,Sample,14,6,46.,1,false,true,false,true,194.,148.,184.,140.,11.5888470348
1.09488998104,Sample,14,6,51.,1,false,true,false,true,194.,148.,184.,140.,11.5888470348
1.2569304428,Voter,14,4,1.,1,false,true,false,true,4.,4.,12.,12.,0.
1.2569304428,Voter,14,4,6.,1,false,true,false,true,16.,14.,0.,0.,11.9884224102
1.2569304428,Voter,14,4,11.,1,false,true,false,true,16.,14.,0.,0.,12.4595089042
1.2569304428,Voter,14,4,16.,1,false,true,false,true,16.,14.,0.,0.,12.4790408856
1.2569304428,Voter,14,4,21.,1,false,true,false,true,16.,14.,0.,0.,12.4798884754
1.2569304428,Voter,14,4,26.,1,false,true,false,true,16.,14.,0.,0.,12.479926668
1.2569304428,Voter,14,4,31.,1,false,true,false,true,16.,14.,0.,0.,12.4799284428
1.2569304428,Voter,14,4,36.,1,false,true,false,true,16.,14.,0.,0.,12.4799285274
1.2569304428,Voter,14,4,41.,1,false,true,false,true,16.,14.,0.,0.,12.4799285315
1.2569304428,Voter,14,4,46.,1,false,true,false,true,16.,14.,0.,0.,12.4799285317
1.2569304428,Voter,14,4,51.,1,false,true,false,true,16.,14.,0.,0.,12.4799285317
1.09930342882,Sample,14,3,1.,1,false,true,false,true,6.,6.,18.,16.,0.
1.09930342882,Sample,14,3,6.,1,false,true,false,true,20.,18.,20.,20.,11.2918369218
1.09930342882,Sample,14,3,11.,1,false,true,false,true,20.,18.,20.,20.,11.6053069726
1.09930342882,Sample,14,3,16.,1,false,true,false,true,20.,18.,20.,20.,11.6146356097
1.09930342882,Sample,14,3,21.,1,false,true,false,true,20.,18.,20.,20.,11.6149294605
1.09930342882,Sample,14,3,26.,1,false,true,false,true,20.,18.,20.,20.,11.6149391447
1.09930342882,Sample,14,3,31.,1,false,true,false,true,20.,18.,20.,20.,11.6149394754
1.09930342882,Sample,14,3,36.,1,false,true,false,true,20.,18.,20.,20.,11.6149394871
1.09930342882,Sample,14,3,41.,1,false,true,false,true,20.,18.,20.,20.,11.6149394875
1.09930342882,Sample,14,3,46.,1,false,true,false,true,20.,18.,20.,20.,11.6149394875
1.09930342882,Sample,14,3,51.,1,false,true,false,true,20.,18.,20.,20.,11.6149394875
1.27190263773,Sample,14,7,1.,1,false,true,false,true,28.,26.,128.,104.,0.
1.27190263773,Sample,14,7,6.,1,false,true,false,true,152.,132.,104.,104.,12.0465671122
1.27190263773,Sample,14,7,11.,1,false,true,false,true,162.,142.,102.,102.,12.5340835267
1.27190263773,Sample,14,7,16.,1,false,true,false,true,162.,142.,102.,102.,12.5548752998
1.27190263773,Sample,14,7,21.,1,false,true,false,true,162.,142.,102.,102.,12.5558025459
1.27190263773,Sample,14,7,26.,1,false,true,false,true,162.,142.,102.,102.,12.5558454581
1.27190263773,Sample,14,7,31.,1,false,true,false,true,162.,142.,102.,102.,12.5558475052
1.27190263773,Sample,14,7,36.,1,false,true,false,true,162.,142.,102.,102.,12.5558476053
1.27190263773,Sample,14,7,41.,1,false,true,false,true,162.,142.,102.,102.,12.5558476103
1.27190263773,Sample,14,7,46.,1,false,true,false,true,162.,142.,102.,102.,12.5558476106
1.27190263773,Sample,14,7,51.,1,false,true,false,true,162.,142.,102.,102.,12.5558476106
0.96624574891,Voter,14,3,1.,1,false,true,false,true,10.,10.,12.,12.,0.
0.96624574891,Voter,14,3,6.,1,false,true,false,true,18.,16.,12.,12.,10.5676399351
0.96624574891,Voter,14,3,11.,1,false,true,false,true,18.,16.,12.,12.,10.7723942813
0.96624574891,Voter,14,3,16.,1,false,true,false,true,18.,16.,12.,12.,10.7767300761
0.96624574891,Voter,14,3,21.,1,false,true,false,true,18.,16.,12.,12.,10.7768284991
0.96624574891,Voter,14,3,26.,1,false,true,false,true,18.,16.,12.,12.,10.776830855
0.96624574891,Voter,14,3,31.,1,false,true,false,true,18.,16.,12.,12.,10.7768309137
0.96624574891,Voter,14,3,36.,1,false,true,false,true,18.,16.,12.,12.,10.7768309152
0.96624574891,Voter,14,3,41.,1,false,true,false,true,18.,16.,12.,12.,10.7768309153
0.96624574891,Voter,14,3,46.,1,false,true,false,true,18.,16.,12.,12.,10.7768309153
0.96624574891,Voter,14,3,51.,1,false,true,false,true,18.,16.,12.,12.,10.7768309153
1.21753385637,Sample,14,7,1.,1,false,true,false,true,74.,68.,140.,112.,0.
1.21753385637,Sample,14,7,6.,1,false,true,false,true,162.,134.,100.,86.,11.829094438
1.21753385637,Sample,14,7,11.,1,false,true,false,true,170.,142.,104.,90.,12.258098162
1.21753385637,Sample,14,7,16.,1,false,true,false,true,172.,142.,102.,88.,12.2745708307
1.21753385637,Sample,14,7,21.,1,false,true,false,true,172.,142.,102.,88.,12.2752344942
1.21753385637,Sample,14,7,26.,1,false,true,false,true,172.,142.,102.,88.,12.2752623064
1.21753385637,Sample,14,7,31.,1,false,true,false,true,172.,142.,102.,88.,12.2752635098
1.21753385637,Sample,14,7,36.,1,false,true,false,true,172.,142.,102.,88.,12.2752635632
1.21753385637,Sample,14,7,41.,1,false,true,false,true,172.,142.,102.,88.,12.2752635656
1.21753385637,Sample,14,7,46.,1,false,true,false,true,172.,142.,102.,88.,12.2752635657
1.21753385637,Sample,14,7,51.,1,false,true,false,true,172.,142.,102.,88.,12.2752635657
0.996459785928,Voter,14,5,1.,1,false,true,false,true,14.,14.,40.,36.,0.
0.996459785928,Voter,14,5,6.,1,false,true,false,true,44.,42.,26.,26.,10.7442432455
0.996459785928,Voter,14,5,11.,1,false,true,false,true,44.,42.,26.,26.,10.9715847737
0.996459785928,Voter,14,5,16.,1,false,true,false,true,44.,42.,26.,26.,10.9768157665
0.996459785928,Voter,14,5,21.,1,false,true,false,true,44.,42.,26.,26.,10.9769443834
0.996459785928,Voter,14,5,26.,1,false,true,false,true,44.,42.,26.,26.,10.9769477115
0.996459785928,Voter,14,5,31.,1,false,true,false,true,44.,42.,26.,26.,10.9769478011
0.996459785928,Voter,14,5,36.,1,false,true,false,true,44.,42.,26.,26.,10.9769478036
0.996459785928,Voter,14,5,41.,1,false,true,false,true,44.,42.,26.,26.,10.9769478037
0.996459785928,Voter,14,5,46.,1,false,true,false,true,44.,42.,26.,26.,10.9769478037
0.996459785928,Voter,14,5,51.,1,false,true,false,true,44.,42.,26.,26.,10.9769478037
0.917287382566,Sample,14,5,1.,1,false,true,false,true,22.,20.,60.,50.,0.
0.917287382566,Sample,14,5,6.,1,false,true,false,true,90.,82.,84.,74.,10.2651145114
0.917287382566,Sample,14,5,11.,1,false,true,false,true,94.,84.,80.,74.,10.4359743966
0.917287382566,Sample,14,5,16.,1,false,true,false,true,94.,84.,80.,74.,10.4391109078
0.917287382566,Sample,14,5,21.,1,false,true,false,true,94.,84.,80.,74.,10.4391729777
0.917287382566,Sample,14,5,26.,1,false,true,false,true,94.,84.,80.,74.,10.4391742771
0.917287382566,Sample,14,5,31.,1,false,true,false,true,94.,84.,80.,74.,10.4391743055
0.917287382566,Sample,14,5,36.,1,false,true,false,true,94.,84.,80.,74.,10.4391743061
0.917287382566,Sample,14,5,41.,1,false,true,false,true,94.,84.,80.,74.,10.4391743061
0.917287382566,Sample,14,5,46.,1,false,true,false,true,94.,84.,80.,74.,10.4391743061
0.917287382566,Sample,14,5,51.,1,false,true,false,true,94.,84.,80.,74.,10.4391743061
1.27006927318,Sample,14,5,1.,1,false,true,false,true,18.,18.,46.,42.,0.
1.27006927318,Sample,14,5,6.,1,false,true,false,true,78.,74.,66.,66.,12.0395169187
1.27006927318,Sample,14,5,11.,1,false,true,false,true,78.,74.,66.,66.,12.5250088513
1.27006927318,Sample,14,5,16.,1,false,true,false,true,78.,74.,66.,66.,12.5456434176
1.27006927318,Sample,14,5,21.,1,false,true,false,true,78.,74.,66.,66.,12.5465606035
1.27006927318,Sample,14,5,26.,1,false,true,false,true,78.,74.,66.,66.,12.5466029126
1.27006927318,Sample,14,5,31.,1,false,true,false,true,78.,74.,66.,66.,12.5466049246
1.27006927318,Sample,14,5,36.,1,false,true,false,true,78.,74.,66.,66.,12.5466050226
1.27006927318,Sample,14,5,41.,1,false,true,false,true,78.,74.,66.,66.,12.5466050275
1.27006927318,Sample,14,5,46.,1,false,true,false,true,78.,74.,66.,66.,12.5466050278
1.27006927318,Sample,14,5,51.,1,false,true,false,true,78.,74.,66.,66.,12.5466050278
1.15914830519,Sample,14,3,1.,1,false,true,false,true,0.,0.,10.,10.,0.
1.15914830519,Sample,14,3,6.,1,false,true,false,true,10.,10.,8.,8.,11.5753075327
1.15914830519,Sample,14,3,11.,1,false,true,false,true,16.,16.,10.,10.,11.9451629241
1.15914830519,Sample,14,3,16.,1,false,true,false,true,16.,16.,10.,10.,11.9577462715
1.15914830519,Sample,14,3,21.,1,false,true,false,true,16.,16.,10.,10.,11.9581973076
1.15914830519,Sample,14,3,26.,1,false,true,false,true,16.,16.,10.,10.,11.95821417
1.15914830519,Sample,14,3,31.,1,false,true,false,true,16.,16.,10.,10.,11.9582148221
1.15914830519,Sample,14,3,36.,1,false,true,false,true,16.,16.,10.,10.,11.958214848
1.15914830519,Sample,14,3,41.,1,false,true,false,true,16.,16.,10.,10.,11.9582148491
1.15914830519,Sample,14,3,46.,1,false,true,false,true,16.,16.,10.,10.,11.9582148491
1.15914830519,Sample,14,3,51.,1,false,true,false,true,16.,16.,10.,10.,11.9582148491
0.990379981035,Sample,14,5,1.,1,false,true,false,true,16.,16.,72.,60.,0.
0.990379981035,Sample,14,5,6.,1,false,true,false,true,78.,66.,46.,46.,10.709306719
0.990379981035,Sample,14,5,11.,1,false,true,false,true,80.,66.,44.,44.,10.9320018197
0.990379981035,Sample,14,5,16.,1,false,true,false,true,80.,66.,44.,44.,10.9370424644
0.990379981035,Sample,14,5,21.,1,false,true,false,true,80.,66.,44.,44.,10.9371644593
0.990379981035,Sample,14,5,26.,1,false,true,false,true,80.,66.,44.,44.,10.9371675678
0.990379981035,Sample,14,5,31.,1,false,true,false,true,80.,66.,44.,44.,10.9371676502
0.990379981035,Sample,14,5,36.,1,false,true,false,true,80.,66.,44.,44.,10.9371676525
0.990379981035,Sample,14,5,41.,1,false,true,false,true,80.,66.,44.,44.,10.9371676525
0.990379981035,Sample,14,5,46.,1,false,true,false,true,80.,66.,44.,44.,10.9371676525
0.990379981035,Sample,14,5,51.,1,false,true,false,true,80.,66.,44.,44.,10.9371676525
0.809490504555,Voter,14,7,1.,1,false,true,false,true,86.,76.,126.,100.,0.
0.809490504555,Voter,14,7,6.,1,false,true,false,true,152.,130.,120.,92.,9.52169833466
0.809490504555,Voter,14,7,11.,1,false,true,false,true,152.,130.,120.,92.,9.62990360165
0.809490504555,Voter,14,7,16.,1,false,true,false,true,152.,130.,120.,92.,9.6312946284
0.809490504555,Voter,14,7,21.,1,false,true,false,true,152.,130.,120.,92.,9.63131418832
0.809490504555,Voter,14,7,26.,1,false,true,false,true,152.,130.,120.,92.,9.63131448161
0.809490504555,Voter,14,7,31.,1,false,true,false,true,152.,130.,120.,92.,9.63131448621
0.809490504555,Voter,14,7,36.,1,false,true,false,true,152.,130.,120.,92.,9.63131448629
0.809490504555,Voter,14,7,41.,1,false,true,false,true,152.,130.,120.,92.,9.63131448629
0.809490504555,Voter,14,7,46.,1,false,true,false,true,152.,130.,120.,92.,9.63131448629
0.809490504555,Voter,14,7,51.,1,false,true,false,true,152.,130.,120.,92.,9.63131448629
1.2587768932,Sample,14,6,1.,1,false,true,false,true,74.,68.,124.,106.,0.
1.2587768932,Sample,14,6,6.,1,false,true,false,true,212.,164.,218.,168.,11.9956635699
1.2587768932,Sample,14,6,11.,1,false,true,false,true,216.,168.,218.,168.,12.4687635266
1.2587768932,Sample,14,6,16.,1,false,true,false,true,218.,170.,216.,166.,12.4884479251
1.2587768932,Sample,14,6,21.,1,false,true,false,true,218.,170.,216.,166.,12.4893050343
1.2587768932,Sample,14,6,26.,1,false,true,false,true,218.,170.,216.,166.,12.4893437842
1.2587768932,Sample,14,6,31.,1,false,true,false,true,218.,170.,216.,166.,12.4893455908
1.2587768932,Sample,14,6,36.,1,false,true,false,true,218.,170.,216.,166.,12.4893456772
1.2587768932,Sample,14,6,41.,1,false,true,false,true,218.,170.,216.,166.,12.4893456814
1.2587768932,Sample,14,6,46.,1,false,true,false,true,218.,170.,216.,166.,12.4893456816
1.2587768932,Sample,14,6,51.,1,false,true,false,true,218.,170.,216.,166.,12.4893456816
1.39169833216,Sample,14,7,1.,1,false,true,false,true,36.,32.,124.,98.,0.
1.39169833216,Sample,14,7,6.,1,false,true,false,true,136.,108.,104.,102.,12.4672764274
1.39169833216,Sample,14,7,11.,1,false,true,false,true,138.,110.,98.,96.,13.0942131182
1.39169833216,Sample,14,7,16.,1,false,true,false,true,138.,110.,98.,96.,13.1271574005
1.39169833216,Sample,14,7,21.,1,false,true,false,true,138.,110.,98.,96.,13.1289560962
1.39169833216,Sample,14,7,26.,1,false,true,false,true,138.,110.,98.,96.,13.1290575411
1.39169833216,Sample,14,7,31.,1,false,true,false,true,138.,110.,98.,96.,13.1290634201
1.39169833216,Sample,14,7,36.,1,false,true,false,true,138.,110.,98.,96.,13.1290637686
1.39169833216,Sample,14,7,41.,1,false,true,false,true,138.,110.,98.,96.,13.1290637897
1.39169833216,Sample,14,7,46.,1,false,true,false,true,138.,110.,98.,96.,13.129063791
1.39169833216,Sample,14,7,51.,1,false,true,false,true,138.,110.,98.,96.,13.129063791
0.875111876213,Sample,14,6,1.,1,false,true,false,true,118.,112.,178.,154.,0.
0.875111876213,Sample,14,6,6.,1,false,true,false,true,230.,184.,250.,208.,9.98741825811
0.875111876213,Sample,14,6,11.,1,false,true,false,true,232.,184.,252.,208.,10.1317968402
0.875111876213,Sample,14,6,16.,1,false,true,false,true,232.,184.,252.,208.,10.134119415
0.875111876213,Sample,14,6,21.,1,false,true,false,true,232.,184.,252.,208.,10.1341599069
0.875111876213,Sample,14,6,26.,1,false,true,false,true,232.,184.,252.,208.,10.1341606559
0.875111876213,Sample,14,6,31.,1,false,true,false,true,232.,184.,252.,208.,10.1341606704
0.875111876213,Sample,14,6,36.,1,false,true,false,true,232.,184.,252.,208.,10.1341606707
0.875111876213,Sample,14,6,41.,1,false,true,false,true,232.,184.,252.,208.,10.1341606707
0.875111876213,Sample,14,6,46.,1,false,true,false,true,232.,184.,252.,208.,10.1341606707
0.875111876213,Sample,14,6,51.,1,false,true,false,true,232.,184.,252.,208.,10.1341606707
1.28068986703,Sample,14,4,1.,1,false,true,false,true,6.,6.,28.,26.,0.
1.28068986703,Sample,14,4,6.,1,false,true,false,true,46.,42.,32.,32.,12.0800908841
1.28068986703,Sample,14,4,11.,1,false,true,false,true,46.,42.,32.,32.,12.5773588743
1.28068986703,Sample,14,4,16.,1,false,true,false,true,46.,42.,32.,32.,12.5989156558
1.28068986703,Sample,14,4,21.,1,false,true,false,true,46.,42.,32.,32.,12.5998923379
1.28068986703,Sample,14,4,26.,1,false,true,false,true,46.,42.,32.,32.,12.5999382415
1.28068986703,Sample,14,4,31.,1,false,true,false,true,46.,42.,32.,32.,12.5999404649
1.28068986703,Sample,14,4,36.,1,false,true,false,true,46.,42.,32.,32.,12.5999405753
1.28068986703,Sample,14,4,41.,1,false,true,false,true,46.,42.,32.,32.,12.5999405809
1.28068986703,Sample,14,4,46.,1,false,true,false,true,46.,42.,32.,32.,12.5999405812
1.28068986703,Sample,14,4,51.,1,false,true,false,true,46.,42.,32.,32.,12.5999405812
1.35117011812,Voter,14,7,1.,1,false,true,false,true,38.,36.,76.,66.,0.
1.35117011812,Voter,14,7,6.,1,false,true,false,true,88.,82.,62.,56.,12.3334745178
1.35117011812,Voter,14,7,11.,1,false,true,false,true,84.,78.,62.,54.,12.9117366398
1.35117011812,Voter,14,7,16.,1,false,true,false,true,84.,78.,62.,54.,12.9401423917
1.35117011812,Voter,14,7,21.,1,false,true,false,true,84.,78.,62.,54.,12.9415951146
1.35117011812,Voter,14,7,26.,1,false,true,false,true,84.,78.,62.,54.,12.9416719725
1.35117011812,Voter,14,7,31.,1,false,true,false,true,84.,78.,62.,54.,12.941676155
1.35117011812,Voter,14,7,36.,1,false,true,false,true,84.,78.,62.,54.,12.941676388
1.35117011812,Voter,14,7,41.,1,false,true,false,true,84.,78.,62.,54.,12.9416764012
1.35117011812,Voter,14,7,46.,1,false,true,false,true,84.,78.,62.,54.,12.941676402
1.35117011812,Voter,14,7,51.,1,false,true,false,true,84.,78.,62.,54.,12.9416764021
0.818575690209,Sample,14,6,1.,1,false,true,false,true,130.,100.,190.,140.,0.
0.818575690209,Sample,14,6,6.,1,false,true,false,true,250.,186.,254.,206.,9.58872730017
0.818575690209,Sample,14,6,11.,1,false,true,false,true,250.,186.,254.,206.,9.70157636433
0.818575690209,Sample,14,6,16.,1,false,true,false,true,250.,186.,254.,206.,9.70307504998
0.818575690209,Sample,14,6,21.,1,false,true,false,true,250.,186.,254.,206.,9.70309679095
0.818575690209,Sample,14,6,26.,1,false,true,false,true,250.,186.,254.,206.,9.70309712703
0.818575690209,Sample,14,6,31.,1,false,true,false,true,250.,186.,254.,206.,9.70309713247
0.818575690209,Sample,14,6,36.,1,false,true,false,true,250.,186.,254.,206.,9.70309713256
0.818575690209,Sample,14,6,41.,1,false,true,false,true,250.,186.,254.,206.,9.70309713256
0.818575690209,Sample,14,6,46.,1,false,true,false,true,250.,186.,254.,206.,9.70309713256
0.818575690209,Sample,14,6,51.,1,false,true,false,true,250.,186.,254.,206.,9.70309713256
1.25684583603,Sample,14,4,1.,1,false,true,false,true,10.,10.,28.,28.,0.
1.25684583603,Sample,14,4,6.,1,false,true,false,true,38.,38.,28.,28.,11.988090133
1.25684583603,Sample,14,4,11.,1,false,true,false,true,38.,38.,28.,28.,12.4590844542
1.25684583603,Sample,14,4,16.,1,false,true,false,true,38.,38.,28.,28.,12.4786094714
1.25684583603,Sample,14,4,21.,1,false,true,false,true,38.,38.,28.,28.,12.4794566269
1.25684583603,Sample,14,4,26.,1,false,true,false,true,38.,38.,28.,28.,12.4794947943
1.25684583603,Sample,14,4,31.,1,false,true,false,true,38.,38.,28.,28.,12.4794965676
1.25684583603,Sample,14,4,36.,1,false,true,false,true,38.,38.,28.,28.,12.4794966521
1.25684583603,Sample,14,4,41.,1,false,true,false,true,38.,38.,28.,28.,12.4794966562
1.25684583603,Sample,14,4,46.,1,false,true,false,true,38.,38.,28.,28.,12.4794966564
1.25684583603,Sample,14,4,51.,1,false,true,false,true,38.,38.,28.,28.,12.4794966564
1.13765694132,Voter,14,7,1.,1,false,true,false,true,34.,34.,72.,66.,0.
1.13765694132,Voter,14,7,6.,1,false,true,false,true,80.,72.,30.,30.,11.4763162632
1.13765694132,Voter,14,7,11.,1,false,true,false,true,82.,74.,28.,28.,11.8254143096
1.13765694132,Voter,14,7,16.,1,false,true,false,true,82.,74.,28.,28.,11.8367476573
1.13765694132,Voter,14,7,21.,1,false,true,false,true,82.,74.,28.,28.,11.8371359181
1.13765694132,Voter,14,7,26.,1,false,true,false,true,82.,74.,28.,28.,11.8371498064
1.13765694132,Voter,14,7,31.,1,false,true,false,true,82.,74.,28.,28.,11.8371503205
1.13765694132,Voter,14,7,36.,1,false,true,false,true,82.,74.,28.,28.,11.8371503401
1.13765694132,Voter,14,7,41.,1,false,true,false,true,82.,74.,28.,28.,11.8371503409
1.13765694132,Voter,14,7,46.,1,false,true,false,true,82.,74.,28.,28.,11.8371503409
1.13765694132,Voter,14,7,51.,1,false,true,false,true,82.,74.,28.,28.,11.8371503409
0.910856160528,Sample,14,3,1.,1,false,true,false,true,2.,2.,8.,8.,0.
0.910856160528,Sample,14,3,6.,1,false,true,false,true,24.,22.,22.,22.,10.2238154586
0.910856160528,Sample,14,3,11.,1,false,true,false,true,24.,22.,22.,22.,10.3904740926
0.910856160528,Sample,14,3,16.,1,false,true,false,true,24.,22.,22.,22.,10.3934741862
0.910856160528,Sample,14,3,21.,1,false,true,false,true,24.,22.,22.,22.,10.3935324512
0.910856160528,Sample,14,3,26.,1,false,true,false,true,24.,22.,22.,22.,10.3935336488
0.910856160528,Sample,14,3,31.,1,false,true,false,true,24.,22.,22.,22.,10.3935336745
0.910856160528,Sample,14,3,36.,1,false,true,false,true,24.,22.,22.,22.,10.3935336751
0.910856160528,Sample,14,3,41.,1,false,true,false,true,24.,22.,22.,22.,10.3935336751
0.910856160528,Sample,14,3,46.,1,false,true,false,true,24.,22.,22.,22.,10.3935336751
0.910856160528,Sample,14,3,51.,1,false,true,false,true,24.,22.,22.,22.,10.3935336751
1.17495800664,Sample,14,5,1.,1,false,true,false,true,18.,18.,54.,48.,0.
1.17495800664,Sample,14,5,6.,1,false,true,false,true,90.,82.,70.,70.,11.6461806744
1.17495800664,Sample,14,5,11.,1,false,true,false,true,92.,84.,72.,72.,12.0316600264
1.17495800664,Sample,14,5,16.,1,false,true,false,true,92.,84.,72.,72.,12.0452237797
1.17495800664,Sample,14,5,21.,1,false,true,false,true,92.,84.,72.,72.,12.0457260186
1.17495800664,Sample,14,5,26.,1,false,true,false,true,92.,84.,72.,72.,12.0457454009
1.17495800664,Sample,14,5,31.,1,false,true,false,true,92.,84.,72.,72.,12.0457461741
1.17495800664,Sample,14,5,36.,1,false,true,false,true,92.,84.,72.,72.,12.0457462058
1.17495800664,Sample,14,5,41.,1,false,true,false,true,92.,84.,72.,72.,12.0457462071
1.17495800664,Sample,14,5,46.,1,false,true,false,true,92.,84.,72.,72.,12.0457462072
1.17495800664,Sample,14,5,51.,1,false,true,false,true,92.,84.,72.,72.,12.0457462072
1.21890229195,Sample,14,4,1.,1,false,true,false,true,22.,22.,58.,54.,0.
1.21890229195,Sample,14,4,6.,1,false,true,false,true,46.,42.,54.,54.,11.8347858016
1.21890229195,Sample,14,4,11.,1,false,true,false,true,50.,46.,54.,54.,12.2652226661
1.21890229195,Sample,14,4,16.,1,false,true,false,true,50.,46.,54.,54.,12.2817955439
1.21890229195,Sample,14,4,21.,1,false,true,false,true,50.,46.,54.,54.,12.2824650095
1.21890229195,Sample,14,4,26.,1,false,true,false,true,50.,46.,54.,54.,12.2824931373
1.21890229195,Sample,14,4,31.,1,false,true,false,true,50.,46.,54.,54.,12.2824943574
1.21890229195,Sample,14,4,36.,1,false,true,false,true,50.,46.,54.,54.,12.2824944117
1.21890229195,Sample,14,4,41.,1,false,true,false,true,50.,46.,54.,54.,12.2824944142
1.21890229195,Sample,14,4,46.,1,false,true,false,true,50.,46.,54.,54.,12.2824944143
1.21890229195,Sample,14,4,51.,1,false,true,false,true,50.,46.,54.,54.,12.2824944143
0.943897964107,Voter,14,7,1.,1,false,true,false,true,48.,42.,56.,52.,0.
0.943897964107,Voter,14,7,6.,1,false,true,false,true,82.,72.,34.,32.,10.4321137858
0.943897964107,Voter,14,7,11.,1,false,true,false,true,82.,72.,34.,32.,10.6209785848
0.943897964107,Voter,14,7,16.,1,false,true,false,true,82.,72.,34.,32.,10.6247304266
0.943897964107,Voter,14,7,21.,1,false,true,false,true,82.,72.,34.,32.,10.6248105227
0.943897964107,Voter,14,7,26.,1,false,true,false,true,82.,72.,34.,32.,10.6248123283
0.943897964107,Voter,14,7,31.,1,false,true,false,true,82.,72.,34.,32.,10.6248123708
0.943897964107,Voter,14,7,36.,1,false,true,false,true,82.,72.,34.,32.,10.6248123718
0.943897964107,Voter,14,7,41.,1,false,true,false,true,82.,72.,34.,32.,10.6248123718
0.943897964107,Voter,14,7,46.,1,false,true,false,true,82.,72.,34.,32.,10.6248123718
0.943897964107,Voter,14,7,51.,1,false,true,false,true,82.,72.,34.,32.,10.6248123718
0.817736626349,Voter,14,6,1.,1,false,true,false,true,16.,16.,38.,34.,0.
0.817736626349,Voter,14,6,6.,1,false,true,false,true,48.,42.,10.,10.,9.58257206551
0.817736626349,Voter,14,6,11.,1,false,true,false,true,46.,40.,8.,8.,9.69498736169
0.817736626349,Voter,14,6,16.,1,false,true,false,true,46.,40.,8.,8.,9.69647584007
0.817736626349,Voter,14,6,21.,1,false,true,false,true,46.,40.,8.,8.,9.69649737133
0.817736626349,Voter,14,6,26.,1,false,true,false,true,46.,40.,8.,8.,9.69649770323
0.817736626349,Voter,14,6,31.,1,false,true,false,true,46.,40.,8.,8.,9.69649770859
0.817736626349,Voter,14,6,36.,1,false,true,false,true,46.,40.,8.,8.,9.69649770868
0.817736626349,Voter,14,6,41.,1,false,true,false,true,46.,40.,8.,8.,9.69649770868
0.817736626349,Voter,14,6,46.,1,false,true,false,true,46.,40.,8.,8.,9.69649770868
0.817736626349,Voter,14,6,51.,1,false,true,false,true,46.,40.,8.,8.,9.69649770868
1.08220841313,Sample,14,7,1.,1,false,true,false,true,44.,42.,106.,86.,0.
1.08220841313,Sample,14,7,6.,1,false,true,false,true,154.,116.,108.,80.,11.2062778743
1.08220841313,Sample,14,7,11.,1,false,true,false,true,154.,116.,108.,80.,11.5044670865
1.08220841313,Sample,14,7,16.,1,false,true,false,true,154.,116.,108.,80.,11.5129908844
1.08220841313,Sample,14,7,21.,1,false,true,false,true,154.,116.,108.,80.,11.5132491629
1.08220841313,Sample,14,7,26.,1,false,true,false,true,154.,116.,108.,80.,11.5132573583
1.08220841313,Sample,14,7,31.,1,false,true,false,true,154.,116.,108.,80.,11.513257628
1.08220841313,Sample,14,7,36.,1,false,true,false,true,154.,116.,108.,80.,11.5132576371
1.08220841313,Sample,14,7,41.,1,false,true,false,true,154.,116.,108.,80.,11.5132576374
1.08220841313,Sample,14,7,46.,1,false,true,false,true,154.,116.,108.,80.,11.5132576374
1.08220841313,Sample,14,7,51.,1,false,true,false,true,154.,116.,108.,80.,11.5132576374
1.26480909245,Sample,14,6,1.,1,false,true,false,true,64.,60.,128.,106.,0.
1.26480909245,Sample,14,6,6.,1,false,true,false,true,156.,130.,136.,116.,12.019181297
1.26480909245,Sample,14,6,11.,1,false,true,false,true,166.,140.,142.,120.,12.4988841776
1.26480909245,Sample,14,6,16.,1,false,true,false,true,166.,140.,142.,120.,12.519072271
1.26480909245,Sample,14,6,21.,1,false,true,false,true,166.,140.,142.,120.,12.5199610711
1.26480909245,Sample,14,6,26.,1,false,true,false,true,166.,140.,142.,120.,12.5200016895
1.26480909245,Sample,14,6,31.,1,false,true,false,true,166.,140.,142.,120.,12.5200036034
1.26480909245,Sample,14,6,36.,1,false,true,false,true,166.,140.,142.,120.,12.5200036959
1.26480909245,Sample,14,6,41.,1,false,true,false,true,166.,140.,142.,120.,12.5200037004
1.26480909245,Sample,14,6,46.,1,false,true,false,true,166.,140.,142.,120.,12.5200037007
1.26480909245,Sample,14,6,51.,1,false,true,false,true,166.,140.,142.,120.,12.5200037007
1.3921326706,Sample,14,4,1.,1,false,true,false,true,34.,28.,76.,62.,0.
1.3921326706,Sample,14,4,6.,1,false,true,false,true,88.,72.,130.,102.,12.468665374
1.3921326706,Sample,14,4,11.,1,false,true,false,true,92.,74.,134.,102.,13.0961315047
1.3921326706,Sample,14,4,16.,1,false,true,false,true,92.,74.,134.,102.,13.1291268891
1.3921326706,Sample,14,4,21.,1,false,true,false,true,92.,74.,134.,102.,13.1309296095
1.3921326706,Sample,14,4,26.,1,false,true,false,true,92.,74.,134.,102.,13.1310313495
1.3921326706,Sample,14,4,31.,1,false,true,false,true,92.,74.,134.,102.,13.1310372494
1.3921326706,Sample,14,4,36.,1,false,true,false,true,92.,74.,134.,102.,13.1310375994
1.3921326706,Sample,14,4,41.,1,false,true,false,true,92.,74.,134.,102.,13.1310376206
1.3921326706,Sample,14,4,46.,1,false,true,false,true,92.,74.,134.,102.,13.1310376219
1.3921326706,Sample,14,4,51.,1,false,true,false,true,92.,74.,134.,102.,13.131037622
1.35629373966,Sample,14,6,1.,1,false,true,false,true,52.,46.,108.,92.,0.
1.35629373966,Sample,14,6,6.,1,false,true,false,true,142.,106.,118.,96.,12.350855323
1.35629373966,Sample,14,6,11.,1,false,true,false,true,146.,110.,118.,96.,12.9351897606
1.35629373966,Sample,14,6,16.,1,false,true,false,true,146.,110.,118.,96.,12.9641444474
1.35629373966,Sample,14,6,21.,1,false,true,false,true,146.,110.,118.,96.,12.9656377824
1.35629373966,Sample,14,6,26.,1,false,true,false,true,146.,110.,118.,96.,12.9657174428
1.35629373966,Sample,14,6,31.,1,false,true,false,true,146.,110.,118.,96.,12.9657218131
1.35629373966,Sample,14,6,36.,1,false,true,false,true,146.,110.,118.,96.,12.9657220585
1.35629373966,Sample,14,6,41.,1,false,true,false,true,146.,110.,118.,96.,12.9657220726
1.35629373966,Sample,14,6,46.,1,false,true,false,true,146.,110.,118.,96.,12.9657220734
1.35629373966,Sample,14,6,51.,1,false,true,false,true,146.,110.,118.,96.,12.9657220734
1.16883497641,Sample,14,7,1.,1,false,true,false,true,84.,78.,160.,134.,0.
1.16883497641,Sample,14,7,6.,1,false,true,false,true,238.,184.,238.,190.,11.6189252388
1.16883497641,Sample,14,7,11.,1,false,true,false,true,244.,186.,236.,190.,11.9983182764
1.16883497641,Sample,14,7,16.,1,false,true,false,true,244.,186.,236.,190.,12.0114960867
1.16883497641,Sample,14,7,21.,1,false,true,false,true,244.,186.,236.,190.,12.0119779684
1.16883497641,Sample,14,7,26.,1,false,true,false,true,244.,186.,236.,190.,12.0119963392
1.16883497641,Sample,14,7,31.,1,false,true,false,true,244.,186.,236.,190.,12.0119970633
1.16883497641,Sample,14,7,36.,1,false,true,false,true,244.,186.,236.,190.,12.0119970926
1.16883497641,Sample,14,7,41.,1,false,true,false,true,244.,186.,236.,190.,12.0119970939
1.16883497641,Sample,14,7,46.,1,false,true,false,true,244.,186.,236.,190.,12.0119970939
1.16883497641,Sample,14,7,51.,1,false,true,false,true,244.,186.,236.,190.,12.0119970939
1.28829909099,Voter,14,7,1.,1,false,true,false,true,32.,28.,90.,70.,0.
1.28829909099,Voter,14,7,6.,1,false,true,false,true,118.,92.,56.,52.,12.1087655331
1.28829909099,Voter,14,7,11.,1,false,true,false,true,120.,92.,54.,52.,12.6145418579
1.28829909099,Voter,14,7,16.,1,false,true,false,true,120.,92.,54.,52.,12.6367766167
1.28829909099,Voter,14,7,21.,1,false,true,false,true,120.,92.,54.,52.,12.6377977681
1.28829909099,Voter,14,7,26.,1,false,true,false,true,120.,92.,54.,52.,12.6378464018
1.28829909099,Voter,14,7,31.,1,false,true,false,true,120.,92.,54.,52.,12.6378487883
1.28829909099,Voter,14,7,36.,1,false,true,false,true,120.,92.,54.,52.,12.6378489083
1.28829909099,Voter,14,7,41.,1,false,true,false,true,120.,92.,54.,52.,12.6378489145
1.28829909099,Voter,14,7,46.,1,false,true,false,true,120.,92.,54.,52.,12.6378489148
1.28829909099,Voter,14,7,51.,1,false,true,false,true,120.,92.,54.,52.,12.6378489148
0.929117449287,Voter,14,3,1.,1,false,true,false,true,4.,4.,6.,6.,0.
0.929117449287,Voter,14,3,6.,1,false,true,false,true,10.,10.,4.,4.,10.3401226117
0.929117449287,Voter,14,3,11.,1,false,true,false,true,10.,10.,4.,4.,10.518863443
0.929117449287,Voter,14,3,16.,1,false,true,false,true,10.,10.,4.,4.,10.5222631866
0.929117449287,Voter,14,3,21.,1,false,true,false,true,10.,10.,4.,4.,10.5223327987
0.929117449287,Voter,14,3,26.,1,false,true,false,true,10.,10.,4.,4.,10.5223343054
0.929117449287,Voter,14,3,31.,1,false,true,false,true,10.,10.,4.,4.,10.5223343394
0.929117449287,Voter,14,3,36.,1,false,true,false,true,10.,10.,4.,4.,10.5223343402
0.929117449287,Voter,14,3,41.,1,false,true,false,true,10.,10.,4.,4.,10.5223343402
0.929117449287,Voter,14,3,46.,1,false,true,false,true,10.,10.,4.,4.,10.5223343402
0.929117449287,Voter,14,3,51.,1,false,true,false,true,10.,10.,4.,4.,10.5223343402
1.16104949143,Sample,14,6,1.,1,false,true,false,true,66.,66.,124.,110.,0.
1.16104949143,Sample,14,6,6.,1,false,true,false,true,186.,150.,184.,160.,11.5839168502
1.16104949143,Sample,14,6,11.,1,false,true,false,true,188.,150.,178.,158.,11.9556353438
1.16104949143,Sample,14,6,16.,1,false,true,false,true,186.,150.,176.,158.,11.9683338218
1.16104949143,Sample,14,6,21.,1,false,true,false,true,186.,150.,176.,158.,11.9687907828
1.16104949143,Sample,14,6,26.,1,false,true,false,true,186.,150.,176.,158.,11.9688079327
1.16104949143,Sample,14,6,31.,1,false,true,false,true,186.,150.,176.,158.,11.9688085984
1.16104949143,Sample,14,6,36.,1,false,true,false,true,186.,150.,176.,158.,11.9688086249
1.16104949143,Sample,14,6,41.,1,false,true,false,true,186.,150.,176.,158.,11.968808626
1.16104949143,Sample,14,6,46.,1,false,true,false,true,186.,150.,176.,158.,11.9688086261
1.16104949143,Sample,14,6,51.,1,false,true,false,true,186.,150.,176.,158.,11.9688086261
1.39418413914,Sample,14,5,1.,1,false,true,false,true,16.,16.,58.,50.,0.
1.39418413914,Sample,14,5,6.,1,false,true,false,true,96.,90.,106.,102.,12.4752129724
1.39418413914,Sample,14,5,11.,1,false,true,false,true,104.,96.,98.,98.,13.1051819336
1.39418413914,Sample,14,5,16.,1,false,true,false,true,106.,98.,100.,100.,13.1384193988
1.39418413914,Sample,14,5,21.,1,false,true,false,true,106.,98.,100.,100.,13.1402412226
1.39418413914,Sample,14,5,26.,1,false,true,false,true,106.,98.,100.,100.,13.1403443662
1.39418413914,Sample,14,5,31.,1,false,true,false,true,106.,98.,100.,100.,13.1403503661
1.39418413914,Sample,14,5,36.,1,false,true,false,true,106.,98.,100.,100.,13.1403507231
1.39418413914,Sample,14,5,41.,1,false,true,false,true,106.,98.,100.,100.,13.1403507448
1.39418413914,Sample,14,5,46.,1,false,true,false,true,106.,98.,100.,100.,13.1403507461
1.39418413914,Sample,14,5,51.,1,false,true,false,true,106.,98.,100.,100.,13.1403507462
1.18732023605,Sample,14,6,1.,1,false,true,false,true,48.,46.,100.,80.,0.
1.18732023605,Sample,14,6,6.,1,false,true,false,true,190.,152.,194.,154.,11.7004718662
1.18732023605,Sample,14,6,11.,1,false,true,false,true,198.,156.,194.,154.,12.0983735782
1.18732023605,Sample,14,6,16.,1,false,true,false,true,198.,156.,194.,154.,12.1127409575
1.18732023605,Sample,14,6,21.,1,false,true,false,true,198.,156.,194.,154.,12.1132864029
1.18732023605,Sample,14,6,26.,1,false,true,false,true,198.,156.,194.,154.,12.113307972
1.18732023605,Sample,14,6,31.,1,false,true,false,true,198.,156.,194.,154.,12.1133088535
1.18732023605,Sample,14,6,36.,1,false,true,false,true,198.,156.,194.,154.,12.1133088904
1.18732023605,Sample,14,6,41.,1,false,true,false,true,198.,156.,194.,154.,12.113308892
1.18732023605,Sample,14,6,46.,1,false,true,false,true,198.,156.,194.,154.,12.1133088921
1.18732023605,Sample,14,6,51.,1,false,true,false,true,198.,156.,194.,154.,12.1133088921
1.05835912518,Sample,14,4,1.,1,false,true,false,true,4.,4.,24.,20.,0.
1.05835912518,Sample,14,4,6.,1,false,true,false,true,24.,22.,8.,8.,11.0833677339
1.05835912518,Sample,14,4,11.,1,false,true,false,true,26.,24.,6.,6.,11.3608707415
1.05835912518,Sample,14,4,16.,1,false,true,false,true,26.,24.,6.,6.,11.3683580812
1.05835912518,Sample,14,4,21.,1,false,true,false,true,26.,24.,6.,6.,11.368572673
1.05835912518,Sample,14,4,26.,1,false,true,false,true,26.,24.,6.,6.,11.3685791222
1.05835912518,Sample,14,4,31.,1,false,true,false,true,26.,24.,6.,6.,11.3685793233
1.05835912518,Sample,14,4,36.,1,false,true,false,true,26.,24.,6.,6.,11.3685793298
1.05835912518,Sample,14,4,41.,1,false,true,false,true,26.,24.,6.,6.,11.36857933
1.05835912518,Sample,14,4,46.,1,false,true,false,true,26.,24.,6.,6.,11.36857933
1.05835912518,Sample,14,4,51.,1,false,true,false,true,26.,24.,6.,6.,11.36857933
1.07970439553,Sample,14,6,1.,1,false,true,false,true,80.,70.,150.,120.,0.
1.07970439553,Sample,14,6,6.,1,false,true,false,true,268.,178.,298.,192.,11.1935688119
1.07970439553,Sample,14,6,11.,1,false,true,false,true,272.,178.,302.,192.,11.4895513192
1.07970439553,Sample,14,6,16.,1,false,true,false,true,272.,178.,302.,192.,11.4979616363
1.07970439553,Sample,14,6,21.,1,false,true,false,true,272.,178.,302.,192.,11.4982150128
1.07970439553,Sample,14,6,26.,1,false,true,false,true,272.,178.,302.,192.,11.4982230076
1.07970439553,Sample,14,6,31.,1,false,true,false,true,272.,178.,302.,192.,11.4982232692
1.07970439553,Sample,14,6,36.,1,false,true,false,true,272.,178.,302.,192.,11.498223278
1.07970439553,Sample,14,6,41.,1,false,true,false,true,272.,178.,302.,192.,11.4982232783
1.07970439553,Sample,14,6,46.,1,false,true,false,true,272.,178.,302.,192.,11.4982232783
1.07970439553,Sample,14,6,51.,1,false,true,false,true,272.,178.,302.,192.,11.4982232783
1.01297275232,Sample,14,5,1.,1,false,true,false,true,44.,40.,78.,64.,0.
1.01297275232,Sample,14,5,6.,1,false,true,false,true,76.,72.,66.,64.,10.8376352215
1.01297275232,Sample,14,5,11.,1,false,true,false,true,82.,74.,64.,64.,11.0778521426
1.01297275232,Sample,14,5,16.,1,false,true,false,true,82.,74.,64.,64.,11.0836272396
1.01297275232,Sample,14,5,21.,1,false,true,false,true,82.,74.,64.,64.,11.0837753557
1.01297275232,Sample,14,5,26.,1,false,true,false,true,82.,74.,64.,64.,11.0837793497
1.01297275232,Sample,14,5,31.,1,false,true,false,true,82.,74.,64.,64.,11.0837794616
1.01297275232,Sample,14,5,36.,1,false,true,false,true,82.,74.,64.,64.,11.0837794648
1.01297275232,Sample,14,5,41.,1,false,true,false,true,82.,74.,64.,64.,11.0837794649
1.01297275232,Sample,14,5,46.,1,false,true,false,true,82.,74.,64.,64.,11.0837794649
1.01297275232,Sample,14,5,51.,1,false,true,false,true,82.,74.,64.,64.,11.0837794649
1.25198473979,Sample,14,6,1.,1,false,true,false,true,54.,50.,118.,100.,0.
1.25198473979,Sample,14,6,6.,1,false,true,false,true,228.,164.,256.,178.,11.9689285934
1.25198473979,Sample,14,6,11.,1,false,true,false,true,230.,164.,254.,178.,12.4346398969
1.25198473979,Sample,14,6,16.,1,false,true,false,true,230.,164.,254.,178.,12.4537676787
1.25198473979,Sample,14,6,21.,1,false,true,false,true,230.,164.,254.,178.,12.4545901831
1.25198473979,Sample,14,6,26.,1,false,true,false,true,230.,164.,254.,178.,12.4546269163
1.25198473979,Sample,14,6,31.,1,false,true,false,true,230.,164.,254.,178.,12.4546286084
1.25198473979,Sample,14,6,36.,1,false,true,false,true,230.,164.,254.,178.,12.4546286883
1.25198473979,Sample,14,6,41.,1,false,true,false,true,230.,164.,254.,178.,12.4546286922
1.25198473979,Sample,14,6,46.,1,false,true,false,true,230.,164.,254.,178.,12.4546286923
1.25198473979,Sample,14,6,51.,1,false,true,false,true,230.,164.,254.,178.,12.4546286924
1.39441301946,Sample,14,6,1.,1,false,true,false,true,30.,30.,80.,68.,0.
1.39441301946,Sample,14,6,6.,1,false,true,false,true,170.,146.,184.,162.,12.4759421853
1.39441301946,Sample,14,6,11.,1,false,true,false,true,178.,148.,180.,158.,13.1061906074
1.39441301946,Sample,14,6,16.,1,false,true,false,true,178.,148.,180.,158.,13.1394551546
1.39441301946,Sample,14,6,21.,1,false,true,false,true,178.,148.,180.,158.,13.1412791195
1.39441301946,Sample,14,6,26.,1,false,true,false,true,178.,148.,180.,158.,13.1413824206
1.39441301946,Sample,14,6,31.,1,false,true,false,true,178.,148.,180.,158.,13.1413884318
1.39441301946,Sample,14,6,36.,1,false,true,false,true,178.,148.,180.,158.,13.1413887896
1.39441301946,Sample,14,6,41.,1,false,true,false,true,178.,148.,180.,158.,13.1413888113
1.39441301946,Sample,14,6,46.,1,false,true,false,true,178.,148.,180.,158.,13.1413888126
1.39441301946,Sample,14,6,51.,1,false,true,false,true,178.,148.,180.,158.,13.1413888127
1.00573394153,Sample,14,3,1.,1,false,true,false,true,0.,0.,10.,10.,0.
1.00573394153,Sample,14,3,6.,1,false,true,false,true,12.,12.,6.,6.,10.79696249
1.00573394153,Sample,14,3,11.,1,false,true,false,true,16.,16.,10.,10.,11.0314893591
1.00573394153,Sample,14,3,16.,1,false,true,false,true,16.,16.,10.,10.,11.0370209899
1.00573394153,Sample,14,3,21.,1,false,true,false,true,16.,16.,10.,10.,11.037160278
1.00573394153,Sample,14,3,26.,1,false,true,false,true,16.,16.,10.,10.,11.0371639671
1.00573394153,Sample,14,3,31.,1,false,true,false,true,16.,16.,10.,10.,11.0371640687
1.00573394153,Sample,14,3,36.,1,false,true,false,true,16.,16.,10.,10.,11.0371640716
1.00573394153,Sample,14,3,41.,1,false,true,false,true,16.,16.,10.,10.,11.0371640717
1.00573394153,Sample,14,3,46.,1,false,true,false,true,16.,16.,10.,10.,11.0371640717
1.00573394153,Sample,14,3,51.,1,false,true,false,true,16.,16.,10.,10.,11.0371640717
1.00976183472,Sample,14,5,1.,1,false,true,false,true,14.,14.,70.,58.,0.
1.00976183472,Sample,14,5,6.,1,false,true,false,true,78.,66.,46.,46.,10.8196453002
1.00976183472,Sample,14,5,11.,1,false,true,false,true,80.,66.,44.,44.,11.0573294763
1.00976183472,Sample,14,5,16.,1,false,true,false,true,80.,66.,44.,44.,11.0629956148
1.00976183472,Sample,14,5,21.,1,false,true,false,true,80.,66.,44.,44.,11.0631397598
1.00976183472,Sample,14,5,26.,1,false,true,false,true,80.,66.,44.,44.,11.0631436159
1.00976183472,Sample,14,5,31.,1,false,true,false,true,80.,66.,44.,44.,11.0631437232
1.00976183472,Sample,14,5,36.,1,false,true,false,true,80.,66.,44.,44.,11.0631437263
1.00976183472,Sample,14,5,41.,1,false,true,false,true,80.,66.,44.,44.,11.0631437264
1.00976183472,Sample,14,5,46.,1,false,true,false,true,80.,66.,44.,44.,11.0631437264
1.00976183472,Sample,14,5,51.,1,false,true,false,true,80.,66.,44.,44.,11.0631437264
1.18761393089,Voter,14,7,1.,1,false,true,false,true,54.,46.,52.,48.,0.
1.18761393089,Voter,14,7,6.,1,false,true,false,true,102.,82.,52.,44.,11.7017497924
1.18761393089,Voter,14,7,11.,1,false,true,false,true,102.,82.,52.,44.,12.0999487959
1.18761393089,Voter,14,7,16.,1,false,true,false,true,102.,82.,52.,44.,12.1143356686
1.18761393089,Voter,14,7,21.,1,false,true,false,true,102.,82.,52.,44.,12.1148821756
1.18761393089,Voter,14,7,26.,1,false,true,false,true,102.,82.,52.,44.,12.1149037991
1.18761393089,Voter,14,7,31.,1,false,true,false,true,102.,82.,52.,44.,12.1149046832
1.18761393089,Voter,14,7,36.,1,false,true,false,true,102.,82.,52.,44.,12.1149047204
1.18761393089,Voter,14,7,41.,1,false,true,false,true,102.,82.,52.,44.,12.114904722
1.18761393089,Voter,14,7,46.,1,false,true,false,true,102.,82.,52.,44.,12.114904722
1.18761393089,Voter,14,7,51.,1,false,true,false,true,102.,82.,52.,44.,12.114904722
0.964017711298,Voter,14,4,1.,1,false,true,false,true,30.,26.,28.,24.,0.
0.964017711298,Voter,14,4,6.,1,false,true,false,true,38.,32.,24.,20.,10.554317826
0.964017711298,Voter,14,4,11.,1,false,true,false,true,38.,32.,24.,20.,10.7574566826
0.964017711298,Voter,14,4,16.,1,false,true,false,true,38.,32.,24.,20.,10.7617313697
0.964017711298,Voter,14,4,21.,1,false,true,false,true,38.,32.,24.,20.,10.7618278222
0.964017711298,Voter,14,4,26.,1,false,true,false,true,38.,32.,24.,20.,10.7618301174
0.964017711298,Voter,14,4,31.,1,false,true,false,true,38.,32.,24.,20.,10.7618301743
0.964017711298,Voter,14,4,36.,1,false,true,false,true,38.,32.,24.,20.,10.7618301757
0.964017711298,Voter,14,4,41.,1,false,true,false,true,38.,32.,24.,20.,10.7618301757
0.964017711298,Voter,14,4,46.,1,false,true,false,true,38.,32.,24.,20.,10.7618301757
0.964017711298,Voter,14,4,51.,1,false,true,false,true,38.,32.,24.,20.,10.7618301757
0.943399142207,Voter,14,5,1.,1,false,true,false,true,32.,28.,40.,32.,0.
0.943399142207,Voter,14,5,6.,1,false,true,false,true,54.,46.,38.,36.,10.4290400937
0.943399142207,Voter,14,5,11.,1,false,true,false,true,54.,46.,38.,36.,10.6175582096
0.943399142207,Voter,14,5,16.,1,false,true,false,true,54.,46.,38.,36.,10.6212977361
0.943399142207,Voter,14,5,21.,1,false,true,false,true,54.,46.,38.,36.,10.6213774581
0.943399142207,Voter,14,5,26.,1,false,true,false,true,54.,46.,38.,36.,10.6213792529
0.943399142207,Voter,14,5,31.,1,false,true,false,true,54.,46.,38.,36.,10.621379295
0.943399142207,Voter,14,5,36.,1,false,true,false,true,54.,46.,38.,36.,10.621379296
0.943399142207,Voter,14,5,41.,1,false,true,false,true,54.,46.,38.,36.,10.621379296
0.943399142207,Voter,14,5,46.,1,false,true,false,true,54.,46.,38.,36.,10.621379296
0.943399142207,Voter,14,5,51.,1,false,true,false,true,54.,46.,38.,36.,10.621379296
0.984998519989,Sample,14,7,1.,1,false,true,false,true,42.,38.,100.,74.,0.
0.984998519989,Sample,14,7,6.,1,false,true,false,true,138.,108.,100.,82.,10.6781327178
0.984998519989,Sample,14,7,11.,1,false,true,false,true,144.,110.,102.,80.,10.8967575544
0.984998519989,Sample,14,7,16.,1,false,true,false,true,144.,110.,102.,80.,10.9016340836
0.984998519989,Sample,14,7,21.,1,false,true,false,true,144.,110.,102.,80.,10.9017504548
0.984998519989,Sample,14,7,26.,1,false,true,false,true,144.,110.,102.,80.,10.9017533796
0.984998519989,Sample,14,7,31.,1,false,true,false,true,144.,110.,102.,80.,10.901753456
0.984998519989,Sample,14,7,36.,1,false,true,false,true,144.,110.,102.,80.,10.9017534581
0.984998519989,Sample,14,7,41.,1,false,true,false,true,144.,110.,102.,80.,10.9017534582
0.984998519989,Sample,14,7,46.,1,false,true,false,true,144.,110.,102.,80.,10.9017534582
0.984998519989,Sample,14,7,51.,1,false,true,false,true,144.,110.,102.,80.,10.9017534582
0.869640858397,Voter,14,6,1.,1,false,true,false,true,34.,26.,38.,36.,0.
0.869640858397,Voter,14,6,6.,1,false,true,false,true,64.,52.,16.,16.,9.95018791512
0.869640858397,Voter,14,6,11.,1,false,true,false,true,64.,52.,16.,16.,10.0913166882
0.869640858397,Voter,14,6,16.,1,false,true,false,true,64.,52.,16.,16.,10.0935469635
0.869640858397,Voter,14,6,21.,1,false,true,false,true,64.,52.,16.,16.,10.0935851885
0.869640858397,Voter,14,6,26.,1,false,true,false,true,64.,52.,16.,16.,10.0935858839
0.869640858397,Voter,14,6,31.,1,false,true,false,true,64.,52.,16.,16.,10.0935858971
0.869640858397,Voter,14,6,36.,1,false,true,false,true,64.,52.,16.,16.,10.0935858974
0.869640858397,Voter,14,6,41.,1,false,true,false,true,64.,52.,16.,16.,10.0935858974
0.869640858397,Voter,14,6,46.,1,false,true,false,true,64.,52.,16.,16.,10.0935858974
0.869640858397,Voter,14,6,51.,1,false,true,false,true,64.,52.,16.,16.,10.0935858974
0.826798839768,Sample,14,3,1.,1,false,true,false,true,10.,10.,12.,12.,0.
0.826798839768,Sample,14,3,6.,1,false,true,false,true,18.,18.,12.,12.,9.64867437601
0.826798839768,Sample,14,3,11.,1,false,true,false,true,18.,18.,12.,12.,9.76582727327
0.826798839768,Sample,14,3,16.,1,false,true,false,true,18.,18.,12.,12.,9.76742891416
0.826798839768,Sample,14,3,21.,1,false,true,false,true,18.,18.,12.,12.,9.76745280382
0.826798839768,Sample,14,3,26.,1,false,true,false,true,18.,18.,12.,12.,9.76745318328
0.826798839768,Sample,14,3,31.,1,false,true,false,true,18.,18.,12.,12.,9.76745318959
0.826798839768,Sample,14,3,36.,1,false,true,false,true,18.,18.,12.,12.,9.7674531897
0.826798839768,Sample,14,3,41.,1,false,true,false,true,18.,18.,12.,12.,9.7674531897
0.826798839768,Sample,14,3,46.,1,false,true,false,true,18.,18.,12.,12.,9.7674531897
0.826798839768,Sample,14,3,51.,1,false,true,false,true,18.,18.,12.,12.,9.7674531897
0.806562926895,Sample,14,3,1.,1,false,true,false,true,8.,8.,18.,16.,0.
0.806562926895,Sample,14,3,6.,1,false,true,false,true,38.,30.,32.,26.,9.49991916272
0.806562926895,Sample,14,3,11.,1,false,true,false,true,38.,30.,32.,26.,9.60665285361
0.806562926895,Sample,14,3,16.,1,false,true,false,true,38.,30.,32.,26.,9.60801051091
0.806562926895,Sample,14,3,21.,1,false,true,false,true,38.,30.,32.,26.,9.60802940888
0.806562926895,Sample,14,3,26.,1,false,true,false,true,38.,30.,32.,26.,9.60802968945
0.806562926895,Sample,14,3,31.,1,false,true,false,true,38.,30.,32.,26.,9.60802969381
0.806562926895,Sample,14,3,36.,1,false,true,false,true,38.,30.,32.,26.,9.60802969388
0.806562926895,Sample,14,3,41.,1,false,true,false,true,38.,30.,32.,26.,9.60802969388
0.806562926895,Sample,14,3,46.,1,false,true,false,true,38.,30.,32.,26.,9.60802969388
0.806562926895,Sample,14,3,51.,1,false,true,false,true,38.,30.,32.,26.,9.60802969388
0.86171739366,Voter,14,4,1.,1,false,true,false,true,8.,8.,16.,16.,0.
0.86171739366,Voter,14,4,6.,1,false,true,false,true,24.,20.,0.,0.,9.89576506949
0.86171739366,Voter,14,4,11.,1,false,true,false,true,24.,20.,0.,0.,10.0322628159
0.86171739366,Voter,14,4,16.,1,false,true,false,true,24.,20.,0.,0.,10.034364465
0.86171739366,Voter,14,4,21.,1,false,true,false,true,24.,20.,0.,0.,10.034399597
0.86171739366,Voter,14,4,26.,1,false,true,false,true,24.,20.,0.,0.,10.0344002207
0.86171739366,Voter,14,4,31.,1,false,true,false,true,24.,20.,0.,0.,10.0344002323
0.86171739366,Voter,14,4,36.,1,false,true,false,true,24.,20.,0.,0.,10.0344002325
0.86171739366,Voter,14,4,41.,1,false,true,false,true,24.,20.,0.,0.,10.0344002325
0.86171739366,Voter,14,4,46.,1,false,true,false,true,24.,20.,0.,0.,10.0344002325
0.86171739366,Voter,14,4,51.,1,false,true,false,true,24.,20.,0.,0.,10.0344002325
1.08482705282,Sample,14,3,1.,1,false,true,false,true,2.,2.,10.,10.,0.
1.08482705282,Sample,14,3,6.,1,false,true,false,true,8.,8.,0.,0.,11.2195201179
1.08482705282,Sample,14,3,11.,1,false,true,false,true,8.,8.,0.,0.,11.520025715
1.08482705282,Sample,14,3,16.,1,false,true,false,true,8.,8.,0.,0.,11.5286693809
1.08482705282,Sample,14,3,21.,1,false,true,false,true,8.,8.,0.,0.,11.5289328683
1.08482705282,Sample,14,3,26.,1,false,true,false,true,8.,8.,0.,0.,11.5289412781
1.08482705282,Sample,14,3,31.,1,false,true,false,true,8.,8.,0.,0.,11.5289415564
1.08482705282,Sample,14,3,36.,1,false,true,false,true,8.,8.,0.,0.,11.5289415659
1.08482705282,Sample,14,3,41.,1,false,true,false,true,8.,8.,0.,0.,11.5289415662
1.08482705282,Sample,14,3,46.,1,false,true,false,true,8.,8.,0.,0.,11.5289415663
1.08482705282,Sample,14,3,51.,1,false,true,false,true,8.,8.,0.,0.,11.5289415663
1.29002812457,Voter,14,7,1.,1,false,true,false,true,36.,36.,92.,80.,0.
1.29002812457,Voter,14,7,6.,1,false,true,false,true,96.,82.,72.,60.,12.1152356305
1.29002812457,Voter,14,7,11.,1,false,true,false,true,96.,82.,72.,60.,12.6229535073
1.29002812457,Voter,14,7,16.,1,false,true,false,true,96.,82.,72.,60.,12.6453443464
1.29002812457,Voter,14,7,21.,1,false,true,false,true,96.,82.,72.,60.,12.6463758216
1.29002812457,Voter,14,7,26.,1,false,true,false,true,96.,82.,72.,60.,12.6464250942
1.29002812457,Voter,14,7,31.,1,false,true,false,true,96.,82.,72.,60.,12.6464275192
1.29002812457,Voter,14,7,36.,1,false,true,false,true,96.,82.,72.,60.,12.6464276415
1.29002812457,Voter,14,7,41.,1,false,true,false,true,96.,82.,72.,60.,12.6464276478
1.29002812457,Voter,14,7,46.,1,false,true,false,true,96.,82.,72.,60.,12.6464276482
1.29002812457,Voter,14,7,51.,1,false,true,false,true,96.,82.,72.,60.,12.6464276482
0.843461948635,Sample,14,6,1.,1,false,true,false,true,56.,50.,110.,90.,0.
0.843461948635,Sample,14,6,6.,1,false,true,false,true,180.,142.,162.,134.,9.76807713639
0.843461948635,Sample,14,6,11.,1,false,true,false,true,184.,144.,158.,130.,9.89424520287
0.843461948635,Sample,14,6,16.,1,false,true,false,true,184.,144.,158.,130.,9.8960723242
0.843461948635,Sample,14,6,21.,1,false,true,false,true,184.,144.,158.,130.,9.89610112367
0.843461948635,Sample,14,6,26.,1,false,true,false,true,184.,144.,158.,130.,9.89610160646
0.843461948635,Sample,14,6,31.,1,false,true,false,true,184.,144.,158.,130.,9.89610161493
0.843461948635,Sample,14,6,36.,1,false,true,false,true,184.,144.,158.,130.,9.89610161508
0.843461948635,Sample,14,6,41.,1,false,true,false,true,184.,144.,158.,130.,9.89610161509
0.843461948635,Sample,14,6,46.,1,false,true,false,true,184.,144.,158.,130.,9.89610161509
0.843461948635,Sample,14,6,51.,1,false,true,false,true,184.,144.,158.,130.,9.89610161509
1.01378144599,Voter,14,5,1.,1,false,true,false,true,14.,14.,32.,26.,0.
1.01378144599,Voter,14,5,6.,1,false,true,false,true,50.,48.,44.,42.,10.8421532745
1.01378144599,Voter,14,5,11.,1,false,true,false,true,50.,48.,44.,42.,11.083010297
1.01378144599,Voter,14,5,16.,1,false,true,false,true,50.,48.,44.,42.,11.0888130803
1.01378144599,Voter,14,5,21.,1,false,true,false,true,50.,48.,44.,42.,11.0889622106
1.01378144599,Voter,14,5,26.,1,false,true,false,true,50.,48.,44.,42.,11.0889662399
1.01378144599,Voter,14,5,31.,1,false,true,false,true,50.,48.,44.,42.,11.088966353
1.01378144599,Voter,14,5,36.,1,false,true,false,true,50.,48.,44.,42.,11.0889663563
1.01378144599,Voter,14,5,41.,1,false,true,false,true,50.,48.,44.,42.,11.0889663564
1.01378144599,Voter,14,5,46.,1,false,true,false,true,50.,48.,44.,42.,11.0889663564
1.01378144599,Voter,14,5,51.,1,false,true,false,true,50.,48.,44.,42.,11.0889663564
1.35761111668,Voter,14,6,1.,1,false,true,false,true,70.,62.,106.,84.,0.
1.35761111668,Voter,14,6,6.,1,false,true,false,true,138.,104.,90.,74.,12.3553021789
1.35761111668,Voter,14,6,11.,1,false,true,false,true,138.,104.,90.,74.,12.9412017918
1.35761111668,Voter,14,6,16.,1,false,true,false,true,138.,104.,90.,74.,12.9702987686
1.35761111668,Voter,14,6,21.,1,false,true,false,true,138.,104.,90.,74.,12.9718026873
1.35761111668,Voter,14,6,26.,1,false,true,false,true,138.,104.,90.,74.,12.9718830819
1.35761111668,Voter,14,6,31.,1,false,true,false,true,138.,104.,90.,74.,12.9718875017
1.35761111668,Voter,14,6,36.,1,false,true,false,true,138.,104.,90.,74.,12.9718877504
1.35761111668,Voter,14,6,41.,1,false,true,false,true,138.,104.,90.,74.,12.9718877647
1.35761111668,Voter,14,6,46.,1,false,true,false,true,138.,104.,90.,74.,12.9718877655
1.35761111668,Voter,14,6,51.,1,false,true,false,true,138.,104.,90.,74.,12.9718877655
0.981741729759,Sample,14,7,1.,1,false,true,false,true,80.,72.,188.,140.,0.
0.981741729759,Sample,14,7,6.,1,false,true,false,true,238.,164.,258.,176.,10.6591517039
0.981741729759,Sample,14,7,11.,1,false,true,false,true,242.,170.,258.,174.,10.8753326864
0.981741729759,Sample,14,7,16.,1,false,true,false,true,242.,170.,258.,174.,10.8801118605
0.981741729759,Sample,14,7,21.,1,false,true,false,true,242.,170.,258.,174.,10.8802249338
0.981741729759,Sample,14,7,26.,1,false,true,false,true,242.,170.,258.,174.,10.880227752
0.981741729759,Sample,14,7,31.,1,false,true,false,true,242.,170.,258.,174.,10.8802278251
0.981741729759,Sample,14,7,36.,1,false,true,false,true,242.,170.,258.,174.,10.880227827
0.981741729759,Sample,14,7,41.,1,false,true,false,true,242.,170.,258.,174.,10.8802278271
0.981741729759,Sample,14,7,46.,1,false,true,false,true,242.,170.,258.,174.,10.8802278271
0.981741729759,Sample,14,7,51.,1,false,true,false,true,242.,170.,258.,174.,10.8802278271
0.809631982538,Voter,14,4,1.,1,false,true,false,true,32.,32.,42.,42.,0.
0.809631982538,Voter,14,4,6.,1,false,true,false,true,42.,42.,36.,36.,9.5227486027
0.809631982538,Voter,14,4,11.,1,false,true,false,true,42.,42.,36.,36.,9.63102529122
0.809631982538,Voter,14,4,16.,1,false,true,false,true,42.,42.,36.,36.,9.63241794669
0.809631982538,Voter,14,4,21.,1,false,true,false,true,42.,42.,36.,36.,9.63243753909
0.809631982538,Voter,14,4,26.,1,false,true,false,true,42.,42.,36.,36.,9.632437833
0.809631982538,Voter,14,4,31.,1,false,true,false,true,42.,42.,36.,36.,9.63243783762
0.809631982538,Voter,14,4,36.,1,false,true,false,true,42.,42.,36.,36.,9.6324378377
0.809631982538,Voter,14,4,41.,1,false,true,false,true,42.,42.,36.,36.,9.6324378377
0.809631982538,Voter,14,4,46.,1,false,true,false,true,42.,42.,36.,36.,9.6324378377
0.809631982538,Voter,14,4,51.,1,false,true,false,true,42.,42.,36.,36.,9.6324378377
1.20495417178,Voter,14,6,1.,1,false,true,false,true,22.,18.,38.,36.,0.
1.20495417178,Voter,14,6,6.,1,false,true,false,true,52.,48.,20.,16.,11.7762341627
1.20495417178,Voter,14,6,11.,1,false,true,false,true,54.,48.,22.,18.,12.1921619975
1.20495417178,Voter,14,6,16.,1,false,true,false,true,54.,48.,22.,18.,12.2077333669
1.20495417178,Voter,14,6,21.,1,false,true,false,true,54.,48.,22.,18.,12.20834555
1.20495417178,Voter,14,6,26.,1,false,true,false,true,54.,48.,22.,18.,12.2083705989
1.20495417178,Voter,14,6,31.,1,false,true,false,true,54.,48.,22.,18.,12.2083716575
1.20495417178,Voter,14,6,36.,1,false,true,false,true,54.,48.,22.,18.,12.2083717034
1.20495417178,Voter,14,6,41.,1,false,true,false,true,54.,48.,22.,18.,12.2083717054
1.20495417178,Voter,14,6,46.,1,false,true,false,true,54.,48.,22.,18.,12.2083717055
1.20495417178,Voter,14,6,51.,1,false,true,false,true,54.,48.,22.,18.,12.2083717055
0.806274410735,Voter,14,4,1.,1,false,true,false,true,22.,20.,28.,24.,0.
0.806274410735,Voter,14,4,6.,1,false,true,false,true,32.,28.,10.,10.,9.49776802487
0.806274410735,Voter,14,4,11.,1,false,true,false,true,32.,28.,10.,10.,9.60435734439
0.806274410735,Voter,14,4,16.,1,false,true,false,true,32.,28.,10.,10.,9.60571174734
0.806274410735,Voter,14,4,21.,1,false,true,false,true,32.,28.,10.,10.,9.60573058112
0.806274410735,Voter,14,4,26.,1,false,true,false,true,32.,28.,10.,10.,9.60573086046
0.806274410735,Voter,14,4,31.,1,false,true,false,true,32.,28.,10.,10.,9.60573086481
0.806274410735,Voter,14,4,36.,1,false,true,false,true,32.,28.,10.,10.,9.60573086488
0.806274410735,Voter,14,4,41.,1,false,true,false,true,32.,28.,10.,10.,9.60573086488
0.806274410735,Voter,14,4,46.,1,false,true,false,true,32.,28.,10.,10.,9.60573086488
0.806274410735,Voter,14,4,51.,1,false,true,false,true,32.,28.,10.,10.,9.60573086488
0.976864399209,Sample,14,4,1.,1,false,true,false,true,12.,12.,30.,28.,0.
0.976864399209,Sample,14,4,6.,1,false,true,false,true,58.,54.,52.,52.,10.6305629885
0.976864399209,Sample,14,4,11.,1,false,true,false,true,60.,54.,50.,50.,10.843111527
0.976864399209,Sample,14,4,16.,1,false,true,false,true,60.,54.,50.,50.,10.8477476397
0.976864399209,Sample,14,4,21.,1,false,true,false,true,60.,54.,50.,50.,10.8478559192
0.976864399209,Sample,14,4,26.,1,false,true,false,true,60.,54.,50.,50.,10.847858584
0.976864399209,Sample,14,4,31.,1,false,true,false,true,60.,54.,50.,50.,10.8478586523
0.976864399209,Sample,14,4,36.,1,false,true,false,true,60.,54.,50.,50.,10.8478586541
0.976864399209,Sample,14,4,41.,1,false,true,false,true,60.,54.,50.,50.,10.8478586541
0.976864399209,Sample,14,4,46.,1,false,true,false,true,60.,54.,50.,50.,10.8478586541
0.976864399209,Sample,14,4,51.,1,false,true,false,true,60.,54.,50.,50.,10.8478586541
1.12898504542,Voter,14,7,1.,1,false,true,false,true,88.,76.,120.,98.,0.
1.12898504542,Voter,14,7,6.,1,false,true,false,true,146.,112.,142.,114.,11.4354923832
1.12898504542,Voter,14,7,11.,1,false,true,false,true,144.,110.,140.,112.,11.7763744257
1.12898504542,Voter,14,7,16.,1,false,true,false,true,144.,110.,140.,112.,11.7872296414
1.12898504542,Voter,14,7,21.,1,false,true,false,true,144.,110.,140.,112.,11.787594664
1.12898504542,Voter,14,7,26.,1,false,true,false,true,144.,110.,140.,112.,11.7876074859
1.12898504542,Voter,14,7,31.,1,false,true,false,true,144.,110.,140.,112.,11.7876079522
1.12898504542,Voter,14,7,36.,1,false,true,false,true,144.,110.,140.,112.,11.7876079696
1.12898504542,Voter,14,7,41.,1,false,true,false,true,144.,110.,140.,112.,11.7876079703
1.12898504542,Voter,14,7,46.,1,false,true,false,true,144.,110.,140.,112.,11.7876079703
1.12898504542,Voter,14,7,51.,1,false,true,false,true,144.,110.,140.,112.,11.7876079703
1.04462678032,Voter,14,4,1.,1,false,true,false,true,10.,10.,20.,20.,0.
1.04462678032,Voter,14,4,6.,1,false,true,false,true,20.,20.,10.,10.,11.0106793402
1.04462678032,Voter,14,4,11.,1,false,true,false,true,20.,20.,10.,10.,11.2766103646
1.04462678032,Voter,14,4,16.,1,false,true,false,true,20.,20.,10.,10.,11.2835447209
1.04462678032,Voter,14,4,21.,1,false,true,false,true,20.,20.,10.,10.,11.2837370364
1.04462678032,Voter,14,4,26.,1,false,true,false,true,20.,20.,10.,10.,11.2837426335
1.04462678032,Voter,14,4,31.,1,false,true,false,true,20.,20.,10.,10.,11.2837428027
1.04462678032,Voter,14,4,36.,1,false,true,false,true,20.,20.,10.,10.,11.2837428079
1.04462678032,Voter,14,4,41.,1,false,true,false,true,20.,20.,10.,10.,11.2837428081
1.04462678032,Voter,14,4,46.,1,false,true,false,true,20.,20.,10.,10.,11.2837428081
1.04462678032,Voter,14,4,51.,1,false,true,false,true,20.,20.,10.,10.,11.2837428081
0.813216970205,Sample,14,3,1.,1,false,true,false,true,18.,18.,24.,24.,0.
0.813216970205,Sample,14,3,6.,1,false,true,false,true,32.,30.,30.,30.,9.54929347134
0.813216970205,Sample,14,3,11.,1,false,true,false,true,34.,32.,32.,32.,9.65938937703
0.813216970205,Sample,14,3,16.,1,false,true,false,true,34.,32.,32.,32.,9.66082380406
0.813216970205,Sample,14,3,21.,1,false,true,false,true,34.,32.,32.,32.,9.66084423496
0.813216970205,Sample,14,3,26.,1,false,true,false,true,34.,32.,32.,32.,9.66084454518
0.813216970205,Sample,14,3,31.,1,false,true,false,true,34.,32.,32.,32.,9.66084455011
0.813216970205,Sample,14,3,36.,1,false,true,false,true,34.,32.,32.,32.,9.66084455019
0.813216970205,Sample,14,3,41.,1,false,true,false,true,34.,32.,32.,32.,9.66084455019
0.813216970205,Sample,14,3,46.,1,false,true,false,true,34.,32.,32.,32.,9.66084455019
0.813216970205,Sample,14,3,51.,1,false,true,false,true,34.,32.,32.,32.,9.66084455019
0.952071804229,Voter,14,4,1.,1,false,true,false,true,14.,14.,22.,20.,0.
0.952071804229,Voter,14,4,6.,1,false,true,false,true,30.,28.,10.,10.,10.4821758778
0.952071804229,Voter,14,4,11.,1,false,true,false,true,30.,28.,10.,10.,10.6767712848
0.952071804229,Voter,14,4,16.,1,false,true,false,true,30.,28.,10.,10.,10.6807293355
0.952071804229,Voter,14,4,21.,1,false,true,false,true,30.,28.,10.,10.,10.680815773
0.952071804229,Voter,14,4,26.,1,false,true,false,true,30.,28.,10.,10.,10.6808177653
0.952071804229,Voter,14,4,31.,1,false,true,false,true,30.,28.,10.,10.,10.6808178131
0.952071804229,Voter,14,4,36.,1,false,true,false,true,30.,28.,10.,10.,10.6808178143
0.952071804229,Voter,14,4,41.,1,false,true,false,true,30.,28.,10.,10.,10.6808178143
0.952071804229,Voter,14,4,46.,1,false,true,false,true,30.,28.,10.,10.,10.6808178143
0.952071804229,Voter,14,4,51.,1,false,true,false,true,30.,28.,10.,10.,10.6808178143
1.34691349653,Voter,14,3,1.,1,false,true,false,true,14.,14.,8.,8.,0.
1.34691349653,Voter,14,3,6.,1,false,true,false,true,26.,26.,4.,4.,12.3189305399
1.34691349653,Voter,14,3,11.,1,false,true,false,true,26.,26.,4.,4.,12.8921662092
1.34691349653,Voter,14,3,16.,1,false,true,false,true,26.,26.,4.,4.,12.920121301
1.34691349653,Voter,14,3,21.,1,false,true,false,true,26.,26.,4.,4.,12.9215409439
1.34691349653,Voter,14,3,26.,1,false,true,false,true,26.,26.,4.,4.,12.9216155364
1.34691349653,Voter,14,3,31.,1,false,true,false,true,26.,26.,4.,4.,12.9216195683
1.34691349653,Voter,14,3,36.,1,false,true,false,true,26.,26.,4.,4.,12.9216197914
1.34691349653,Voter,14,3,41.,1,false,true,false,true,26.,26.,4.,4.,12.9216198039
1.34691349653,Voter,14,3,46.,1,false,true,false,true,26.,26.,4.,4.,12.9216198047
1.34691349653,Voter,14,3,51.,1,false,true,false,true,26.,26.,4.,4.,12.9216198047
1.02899365552,Voter,14,5,1.,1,false,true,false,true,14.,12.,30.,28.,0.
1.02899365552,Voter,14,5,6.,1,false,true,false,true,52.,48.,36.,36.,10.9261864047
1.02899365552,Voter,14,5,11.,1,false,true,false,true,54.,48.,34.,34.,11.1792493628
1.02899365552,Voter,14,5,16.,1,false,true,false,true,54.,48.,34.,34.,11.1855915557
1.02899365552,Voter,14,5,21.,1,false,true,false,true,54.,48.,34.,34.,11.1857608572
1.02899365552,Voter,14,5,26.,1,false,true,false,true,54.,48.,34.,34.,11.1857656043
1.02899365552,Voter,14,5,31.,1,false,true,false,true,54.,48.,34.,34.,11.1857657425
1.02899365552,Voter,14,5,36.,1,false,true,false,true,54.,48.,34.,34.,11.1857657467
1.02899365552,Voter,14,5,41.,1,false,true,false,true,54.,48.,34.,34.,11.1857657468
1.02899365552,Voter,14,5,46.,1,false,true,false,true,54.,48.,34.,34.,11.1857657468
1.02899365552,Voter,14,5,51.,1,false,true,false,true,54.,48.,34.,34.,11.1857657468
0.907175628322,Voter,14,6,1.,1,false,true,false,true,42.,40.,92.,76.,0.
0.907175628322,Voter,14,6,6.,1,false,true,false,true,94.,80.,108.,86.,10.2000133516
0.907175628322,Voter,14,6,11.,1,false,true,false,true,94.,80.,108.,86.,10.3642940214
0.907175628322,Voter,14,6,16.,1,false,true,false,true,94.,80.,108.,86.,10.3672181109
0.907175628322,Voter,14,6,21.,1,false,true,false,true,94.,80.,108.,86.,10.3672742876
0.907175628322,Voter,14,6,26.,1,false,true,false,true,94.,80.,108.,86.,10.3672754301
0.907175628322,Voter,14,6,31.,1,false,true,false,true,94.,80.,108.,86.,10.3672754544
0.907175628322,Voter,14,6,36.,1,false,true,false,true,94.,80.,108.,86.,10.3672754549
0.907175628322,Voter,14,6,41.,1,false,true,false,true,94.,80.,108.,86.,10.3672754549
0.907175628322,Voter,14,6,46.,1,false,true,false,true,94.,80.,108.,86.,10.3672754549
0.907175628322,Voter,14,6,51.,1,false,true,false,true,94.,80.,108.,86.,10.3672754549
0.906375647067,Voter,14,7,1.,1,false,true,false,true,66.,58.,66.,56.,0.
0.906375647067,Voter,14,7,6.,1,false,true,false,true,106.,92.,42.,40.,10.1948236888
0.906375647067,Voter,14,7,11.,1,false,true,false,true,108.,94.,40.,38.,10.3585900388
0.906375647067,Voter,14,7,16.,1,false,true,false,true,108.,94.,40.,38.,10.3614978049
0.906375647067,Voter,14,7,21.,1,false,true,false,true,108.,94.,40.,38.,10.3615535361
0.906375647067,Voter,14,7,26.,1,false,true,false,true,108.,94.,40.,38.,10.361554667
0.906375647067,Voter,14,7,31.,1,false,true,false,true,108.,94.,40.,38.,10.361554691
0.906375647067,Voter,14,7,36.,1,false,true,false,true,108.,94.,40.,38.,10.3615546915
0.906375647067,Voter,14,7,41.,1,false,true,false,true,108.,94.,40.,38.,10.3615546915
0.906375647067,Voter,14,7,46.,1,false,true,false,true,108.,94.,40.,38.,10.3615546915
0.906375647067,Voter,14,7,51.,1,false,true,false,true,108.,94.,40.,38.,10.3615546915
1.05545306333,Sample,14,3,1.,1,false,true,false,true,10.,8.,14.,12.,0.
1.05545306333,Sample,14,3,6.,1,false,true,false,true,50.,46.,54.,48.,11.0681034619
1.05545306333,Sample,14,3,11.,1,false,true,false,true,52.,48.,52.,46.,11.3431367733
1.05545306333,Sample,14,3,16.,1,false,true,false,true,52.,48.,52.,46.,11.3505044744
1.05545306333,Sample,14,3,21.,1,false,true,false,true,52.,48.,52.,46.,11.3507141842
1.05545306333,Sample,14,3,26.,1,false,true,false,true,52.,48.,52.,46.,11.3507204443
1.05545306333,Sample,14,3,31.,1,false,true,false,true,52.,48.,52.,46.,11.3507206382
1.05545306333,Sample,14,3,36.,1,false,true,false,true,52.,48.,52.,46.,11.3507206444
1.05545306333,Sample,14,3,41.,1,false,true,false,true,52.,48.,52.,46.,11.3507206446
1.05545306333,Sample,14,3,46.,1,false,true,false,true,52.,48.,52.,46.,11.3507206446
1.05545306333,Sample,14,3,51.,1,false,true,false,true,52.,48.,52.,46.,11.3507206446
1.30664013922,Sample,14,4,1.,1,false,true,false,true,26.,24.,44.,42.,0.
1.30664013922,Sample,14,4,6.,1,false,true,false,true,58.,52.,48.,48.,12.1765466578
1.30664013922,Sample,14,4,11.,1,false,true,false,true,58.,52.,48.,48.,12.7030713824
1.30664013922,Sample,14,4,16.,1,false,true,false,true,58.,52.,48.,48.,12.7270004002
1.30664013922,Sample,14,4,21.,1,false,true,false,true,58.,52.,48.,48.,12.7281353132
1.30664013922,Sample,14,4,26.,1,false,true,false,true,58.,52.,48.,48.,12.7281910921
1.30664013922,Sample,14,4,31.,1,false,true,false,true,58.,52.,48.,48.,12.7281939153
1.30664013922,Sample,14,4,36.,1,false,true,false,true,58.,52.,48.,48.,12.7281940617
1.30664013922,Sample,14,4,41.,1,false,true,false,true,58.,52.,48.,48.,12.7281940694
1.30664013922,Sample,14,4,46.,1,false,true,false,true,58.,52.,48.,48.,12.7281940698
1.30664013922,Sample,14,4,51.,1,false,true,false,true,58.,52.,48.,48.,12.7281940698
1.09727983303,Sample,14,3,1.,1,false,true,false,true,0.,0.,6.,6.,0.
1.09727983303,Sample,14,3,6.,1,false,true,false,true,6.,6.,0.,0.,11.2818180069
1.09727983303,Sample,14,3,11.,1,false,true,false,true,6.,6.,0.,0.,11.5934596882
1.09727983303,Sample,14,3,16.,1,false,true,false,true,6.,6.,0.,0.,11.6026902788
1.09727983303,Sample,14,3,21.,1,false,true,false,true,6.,6.,0.,0.,11.6029797219
1.09727983303,Sample,14,3,26.,1,false,true,false,true,6.,6.,0.,0.,11.6029892185
1.09727983303,Sample,14,3,31.,1,false,true,false,true,6.,6.,0.,0.,11.6029895415
1.09727983303,Sample,14,3,36.,1,false,true,false,true,6.,6.,0.,0.,11.6029895528
1.09727983303,Sample,14,3,41.,1,false,true,false,true,6.,6.,0.,0.,11.6029895532
1.09727983303,Sample,14,3,46.,1,false,true,false,true,6.,6.,0.,0.,11.6029895532
1.09727983303,Sample,14,3,51.,1,false,true,false,true,6.,6.,0.,0.,11.6029895532
1.29858985005,Sample,14,6,1.,1,false,true,false,true,36.,36.,106.,84.,0.
1.29858985005,Sample,14,6,6.,1,false,true,false,true,144.,126.,154.,130.,12.1470268027
1.29858985005,Sample,14,6,11.,1,false,true,false,true,156.,130.,146.,124.,12.6644031705
1.29858985005,Sample,14,6,16.,1,false,true,false,true,156.,130.,146.,124.,12.6875780071
1.29858985005,Sample,14,6,21.,1,false,true,false,true,156.,130.,146.,124.,12.6886618215
1.29858985005,Sample,14,6,26.,1,false,true,false,true,156.,130.,146.,124.,12.688714363
1.29858985005,Sample,14,6,31.,1,false,true,false,true,156.,130.,146.,124.,12.6887169866
1.29858985005,Sample,14,6,36.,1,false,true,false,true,156.,130.,146.,124.,12.6887171209
1.29858985005,Sample,14,6,41.,1,false,true,false,true,156.,130.,146.,124.,12.6887171279
1.29858985005,Sample,14,6,46.,1,false,true,false,true,156.,130.,146.,124.,12.6887171283
1.29858985005,Sample,14,6,51.,1,false,true,false,true,156.,130.,146.,124.,12.6887171283
0.878036712246,Voter,14,5,1.,1,false,true,false,true,22.,22.,42.,40.,0.
0.878036712246,Voter,14,5,6.,1,false,true,false,true,50.,50.,30.,30.,10.0072061119
0.878036712246,Voter,14,5,11.,1,false,true,false,true,50.,50.,30.,30.,10.1533395384
0.878036712246,Voter,14,5,16.,1,false,true,false,true,50.,50.,30.,30.,10.1557126492
0.878036712246,Voter,14,5,21.,1,false,true,false,true,50.,50.,30.,30.,10.1557543988
0.878036712246,Voter,14,5,26.,1,false,true,false,true,50.,50.,30.,30.,10.155755178
0.878036712246,Voter,14,5,31.,1,false,true,false,true,50.,50.,30.,30.,10.1557551932
0.878036712246,Voter,14,5,36.,1,false,true,false,true,50.,50.,30.,30.,10.1557551935
0.878036712246,Voter,14,5,41.,1,false,true,false,true,50.,50.,30.,30.,10.1557551935
0.878036712246,Voter,14,5,46.,1,false,true,false,true,50.,50.,30.,30.,10.1557551935
0.878036712246,Voter,14,5,51.,1,false,true,false,true,50.,50.,30.,30.,10.1557551935
1.21153971608,Sample,14,5,1.,1,false,true,false,true,20.,20.,58.,52.,0.
1.21153971608,Sample,14,5,6.,1,false,true,false,true,70.,64.,56.,56.,11.8040289242
1.21153971608,Sample,14,5,11.,1,false,true,false,true,72.,66.,54.,54.,12.2267798156
1.21153971608,Sample,14,5,16.,1,false,true,false,true,72.,66.,54.,54.,12.2428185614
1.21153971608,Sample,14,5,21.,1,false,true,false,true,72.,66.,54.,54.,12.2434572807
1.21153971608,Sample,14,5,26.,1,false,true,false,true,72.,66.,54.,54.,12.2434837456
1.21153971608,Sample,14,5,31.,1,false,true,false,true,72.,66.,54.,54.,12.2434848779
1.21153971608,Sample,14,5,36.,1,false,true,false,true,72.,66.,54.,54.,12.2434849277
1.21153971608,Sample,14,5,41.,1,false,true,false,true,72.,66.,54.,54.,12.2434849299
1.21153971608,Sample,14,5,46.,1,false,true,false,true,72.,66.,54.,54.,12.24348493
1.21153971608,Sample,14,5,51.,1,false,true,false,true,72.,66.,54.,54.,12.24348493
1.32902296794,Voter,14,4,1.,1,false,true,false,true,12.,10.,24.,20.,0.
1.32902296794,Voter,14,4,6.,1,false,true,false,true,26.,24.,22.,20.,12.2567561364
1.32902296794,Voter,14,4,11.,1,false,true,false,true,26.,24.,22.,20.,12.8090503403
1.32902296794,Voter,14,4,16.,1,false,true,false,true,26.,24.,22.,20.,12.8351642665
1.32902296794,Voter,14,4,21.,1,false,true,false,true,26.,24.,22.,20.,12.8364512527
1.32902296794,Voter,14,4,26.,1,false,true,false,true,26.,24.,22.,20.,12.8365169227
1.32902296794,Voter,14,4,31.,1,false,true,false,true,26.,24.,22.,20.,12.8365203714
1.32902296794,Voter,14,4,36.,1,false,true,false,true,26.,24.,22.,20.,12.8365205569
1.32902296794,Voter,14,4,41.,1,false,true,false,true,26.,24.,22.,20.,12.8365205671
1.32902296794,Voter,14,4,46.,1,false,true,false,true,26.,24.,22.,20.,12.8365205677
1.32902296794,Voter,14,4,51.,1,false,true,false,true,26.,24.,22.,20.,12.8365205677
0.895329321027,Sample,14,4,1.,1,false,true,false,true,14.,14.,34.,28.,0.
0.895329321027,Sample,14,4,6.,1,false,true,false,true,44.,44.,40.,40.,10.1225696534
0.895329321027,Sample,14,4,11.,1,false,true,false,true,48.,48.,40.,40.,10.279327042
0.895329321027,Sample,14,4,16.,1,false,true,false,true,48.,48.,40.,40.,10.2820164606
0.895329321027,Sample,14,4,21.,1,false,true,false,true,48.,48.,40.,40.,10.2820663365
0.895329321027,Sample,14,4,26.,1,false,true,false,true,48.,48.,40.,40.,10.2820673165
0.895329321027,Sample,14,4,31.,1,false,true,false,true,48.,48.,40.,40.,10.2820673366
0.895329321027,Sample,14,4,36.,1,false,true,false,true,48.,48.,40.,40.,10.282067337
0.895329321027,Sample,14,4,41.,1,false,true,false,true,48.,48.,40.,40.,10.282067337
0.895329321027,Sample,14,4,46.,1,false,true,false,true,48.,48.,40.,40.,10.282067337
0.895329321027,Sample,14,4,51.,1,false,true,false,true,48.,48.,40.,40.,10.282067337
1.0728269114,Voter,14,6,1.,1,false,true,false,true,74.,62.,86.,72.,0.
1.0728269114,Voter,14,6,6.,1,false,true,false,true,110.,96.,70.,58.,11.1584275394
1.0728269114,Voter,14,6,11.,1,false,true,false,true,112.,98.,72.,60.,11.4483909866
1.0728269114,Voter,14,6,16.,1,false,true,false,true,112.,98.,72.,60.,11.4564953054
1.0728269114,Voter,14,6,21.,1,false,true,false,true,112.,98.,72.,60.,11.4567356073
1.0728269114,Voter,14,6,26.,1,false,true,false,true,112.,98.,72.,60.,11.4567430726
1.0728269114,Voter,14,6,31.,1,false,true,false,true,112.,98.,72.,60.,11.4567433132
1.0728269114,Voter,14,6,36.,1,false,true,false,true,112.,98.,72.,60.,11.4567433211
1.0728269114,Voter,14,6,41.,1,false,true,false,true,112.,98.,72.,60.,11.4567433214
1.0728269114,Voter,14,6,46.,1,false,true,false,true,112.,98.,72.,60.,11.4567433214
1.0728269114,Voter,14,6,51.,1,false,true,false,true,112.,98.,72.,60.,11.4567433214
0.907782284352,Voter,14,6,1.,1,false,true,false,true,52.,48.,58.,54.,0.
0.907782284352,Voter,14,6,6.,1,false,true,false,true,76.,66.,42.,38.,10.2039450164
0.907782284352,Voter,14,6,11.,1,false,true,false,true,76.,66.,42.,38.,10.3686163198
0.907782284352,Voter,14,6,16.,1,false,true,false,true,76.,66.,42.,38.,10.3715528344
0.907782284352,Voter,14,6,21.,1,false,true,false,true,76.,66.,42.,38.,10.371609351
0.907782284352,Voter,14,6,26.,1,false,true,false,true,76.,66.,42.,38.,10.3716105024
0.907782284352,Voter,14,6,31.,1,false,true,false,true,76.,66.,42.,38.,10.3716105269
0.907782284352,Voter,14,6,36.,1,false,true,false,true,76.,66.,42.,38.,10.3716105274
0.907782284352,Voter,14,6,41.,1,false,true,false,true,76.,66.,42.,38.,10.3716105274
0.907782284352,Voter,14,6,46.,1,false,true,false,true,76.,66.,42.,38.,10.3716105274
0.907782284352,Voter,14,6,51.,1,false,true,false,true,76.,66.,42.,38.,10.3716105274
1.28865954546,Voter,14,5,1.,1,false,true,false,true,32.,30.,44.,40.,0.
1.28865954546,Voter,14,5,6.,1,false,true,false,true,60.,50.,24.,24.,12.1101157538
1.28865954546,Voter,14,5,11.,1,false,true,false,true,60.,50.,24.,24.,12.6162965871
1.28865954546,Voter,14,5,16.,1,false,true,false,true,60.,50.,24.,24.,12.6385638222
1.28865954546,Voter,14,5,21.,1,false,true,false,true,60.,50.,24.,24.,12.6395871191
1.28865954546,Voter,14,5,26.,1,false,true,false,true,60.,50.,24.,24.,12.6396358854
1.28865954546,Voter,14,5,31.,1,false,true,false,true,60.,50.,24.,24.,12.6396382799
1.28865954546,Voter,14,5,36.,1,false,true,false,true,60.,50.,24.,24.,12.6396384004
1.28865954546,Voter,14,5,41.,1,false,true,false,true,60.,50.,24.,24.,12.6396384065
1.28865954546,Voter,14,5,46.,1,false,true,false,true,60.,50.,24.,24.,12.6396384069
1.28865954546,Voter,14,5,51.,1,false,true,false,true,60.,50.,24.,24.,12.6396384069
0.949588239167,Sample,14,3,1.,1,false,true,false,true,4.,4.,10.,10.,0.
0.949588239167,Sample,14,3,6.,1,false,true,false,true,14.,14.,0.,0.,10.4670253642
0.949588239167,Sample,14,3,11.,1,false,true,false,true,14.,14.,0.,0.,10.659869653
0.949588239167,Sample,14,3,16.,1,false,true,false,true,14.,14.,0.,0.,10.6637641641
0.949588239167,Sample,14,3,21.,1,false,true,false,true,14.,14.,0.,0.,10.6638486322
0.949588239167,Sample,14,3,26.,1,false,true,false,true,14.,14.,0.,0.,10.663850566
0.949588239167,Sample,14,3,31.,1,false,true,false,true,14.,14.,0.,0.,10.6638506122
0.949588239167,Sample,14,3,36.,1,false,true,false,true,14.,14.,0.,0.,10.6638506133
0.949588239167,Sample,14,3,41.,1,false,true,false,true,14.,14.,0.,0.,10.6638506133
0.949588239167,Sample,14,3,46.,1,false,true,false,true,14.,14.,0.,0.,10.6638506133
0.949588239167,Sample,14,3,51.,1,false,true,false,true,14.,14.,0.,0.,10.6638506133
1.04294471304,Sample,14,6,1.,1,false,true,false,true,66.,60.,106.,80.,0.
1.04294471304,Sample,14,6,6.,1,false,true,false,true,128.,108.,88.,80.,11.0016778898
1.04294471304,Sample,14,6,11.,1,false,true,false,true,128.,108.,88.,80.,11.2662086746
1.04294471304,Sample,14,6,16.,1,false,true,false,true,128.,108.,88.,80.,11.2730774302
1.04294471304,Sample,14,6,21.,1,false,true,false,true,128.,108.,88.,80.,11.2732671526
1.04294471304,Sample,14,6,26.,1,false,true,false,true,128.,108.,88.,80.,11.2732726524
1.04294471304,Sample,14,6,31.,1,false,true,false,true,128.,108.,88.,80.,11.273272818
1.04294471304,Sample,14,6,36.,1,false,true,false,true,128.,108.,88.,80.,11.2732728231
1.04294471304,Sample,14,6,41.,1,false,true,false,true,128.,108.,88.,80.,11.2732728233
1.04294471304,Sample,14,6,46.,1,false,true,false,true,128.,108.,88.,80.,11.2732728233
1.04294471304,Sample,14,6,51.,1,false,true,false,true,128.,108.,88.,80.,11.2732728233
1.38505740047,Sample,14,4,1.,1,false,true,false,true,26.,24.,60.,54.,0.
1.38505740047,Sample,14,4,6.,1,false,true,false,true,92.,78.,98.,98.,12.4459225234
1.38505740047,Sample,14,4,11.,1,false,true,false,true,92.,78.,98.,98.,13.0647843854
1.38505740047,Sample,14,4,16.,1,false,true,false,true,92.,78.,98.,98.,13.0969539006
1.38505740047,Sample,14,4,21.,1,false,true,false,true,92.,78.,98.,98.,13.0986919234
1.38505740047,Sample,14,4,26.,1,false,true,false,true,92.,78.,98.,98.,13.0987889437
1.38505740047,Sample,14,4,31.,1,false,true,false,true,92.,78.,98.,98.,13.0987945097
1.38505740047,Sample,14,4,36.,1,false,true,false,true,92.,78.,98.,98.,13.0987948363
1.38505740047,Sample,14,4,41.,1,false,true,false,true,92.,78.,98.,98.,13.0987948559
1.38505740047,Sample,14,4,46.,1,false,true,false,true,92.,78.,98.,98.,13.0987948571
1.38505740047,Sample,14,4,51.,1,false,true,false,true,92.,78.,98.,98.,13.0987948571
0.881267946188,Sample,14,4,1.,1,false,true,false,true,44.,40.,58.,50.,0.
0.881267946188,Sample,14,4,6.,1,false,true,false,true,70.,62.,60.,54.,10.0289736458
0.881267946188,Sample,14,4,11.,1,false,true,false,true,70.,62.,60.,54.,10.1770599061
0.881267946188,Sample,14,4,16.,1,false,true,false,true,70.,62.,60.,54.,10.1794898267
0.881267946188,Sample,14,4,21.,1,false,true,false,true,70.,62.,60.,54.,10.1795330037
0.881267946188,Sample,14,4,26.,1,false,true,false,true,70.,62.,60.,54.,10.1795338174
0.881267946188,Sample,14,4,31.,1,false,true,false,true,70.,62.,60.,54.,10.1795338334
0.881267946188,Sample,14,4,36.,1,false,true,false,true,70.,62.,60.,54.,10.1795338337
0.881267946188,Sample,14,4,41.,1,false,true,false,true,70.,62.,60.,54.,10.1795338337
0.881267946188,Sample,14,4,46.,1,false,true,false,true,70.,62.,60.,54.,10.1795338337
0.881267946188,Sample,14,4,51.,1,false,true,false,true,70.,62.,60.,54.,10.1795338337
1.15236507053,Voter,14,6,1.,1,false,true,false,true,34.,30.,38.,34.,0.
1.15236507053,Voter,14,6,6.,1,false,true,false,true,68.,58.,16.,16.,11.5443958805
1.15236507053,Voter,14,6,11.,1,false,true,false,true,70.,60.,18.,18.,11.9076392936
1.15236507053,Voter,14,6,16.,1,false,true,false,true,70.,60.,18.,18.,11.9198179503
1.15236507053,Voter,14,6,21.,1,false,true,false,true,70.,60.,18.,18.,11.9202483488
1.15236507053,Voter,14,6,26.,1,false,true,false,true,70.,60.,18.,18.,11.920264219
1.15236507053,Voter,14,6,31.,1,false,true,false,true,70.,60.,18.,18.,11.9202648244
1.15236507053,Voter,14,6,36.,1,false,true,false,true,70.,60.,18.,18.,11.9202648481
1.15236507053,Voter,14,6,41.,1,false,true,false,true,70.,60.,18.,18.,11.9202648491
1.15236507053,Voter,14,6,46.,1,false,true,false,true,70.,60.,18.,18.,11.9202648491
1.15236507053,Voter,14,6,51.,1,false,true,false,true,70.,60.,18.,18.,11.9202648491
1.12652393648,Voter,14,4,1.,1,false,true,false,true,6.,4.,14.,14.,0.
1.12652393648,Voter,14,4,6.,1,false,true,false,true,20.,16.,0.,0.,11.4238130045
1.12652393648,Voter,14,4,11.,1,false,true,false,true,20.,16.,0.,0.,11.7623802395
1.12652393648,Voter,14,4,16.,1,false,true,false,true,20.,16.,0.,0.,11.7731024535
1.12652393648,Voter,14,4,21.,1,false,true,false,true,20.,16.,0.,0.,11.7734610903
1.12652393648,Voter,14,4,26.,1,false,true,false,true,20.,16.,0.,0.,11.7734736226
1.12652393648,Voter,14,4,31.,1,false,true,false,true,20.,16.,0.,0.,11.7734740761
1.12652393648,Voter,14,4,36.,1,false,true,false,true,20.,16.,0.,0.,11.7734740929
1.12652393648,Voter,14,4,41.,1,false,true,false,true,20.,16.,0.,0.,11.7734740936
1.12652393648,Voter,14,4,46.,1,false,true,false,true,20.,16.,0.,0.,11.7734740936
1.12652393648,Voter,14,4,51.,1,false,true,false,true,20.,16.,0.,0.,11.7734740936
1.36392592678,Sample,14,5,1.,1,false,true,false,true,6.,6.,40.,36.,0.
1.36392592678,Sample,14,5,6.,1,false,true,false,true,50.,48.,28.,28.,12.3764933519
1.36392592678,Sample,14,5,11.,1,false,true,false,true,54.,52.,28.,28.,12.9699174218
1.36392592678,Sample,14,5,16.,1,false,true,false,true,54.,52.,28.,28.,12.9997030142
1.36392592678,Sample,14,5,21.,1,false,true,false,true,54.,52.,28.,28.,13.0012584799
1.36392592678,Sample,14,5,26.,1,false,true,false,true,54.,52.,28.,28.,13.0013424723
1.36392592678,Sample,14,5,31.,1,false,true,false,true,54.,52.,28.,28.,13.0013471359
1.36392592678,Sample,14,5,36.,1,false,true,false,true,54.,52.,28.,28.,13.0013474009
1.36392592678,Sample,14,5,41.,1,false,true,false,true,54.,52.,28.,28.,13.0013474163
1.36392592678,Sample,14,5,46.,1,false,true,false,true,54.,52.,28.,28.,13.0013474172
1.36392592678,Sample,14,5,51.,1,false,true,false,true,54.,52.,28.,28.,13.0013474172
0.930223085734,Sample,14,7,1.,1,false,true,false,true,104.,90.,166.,132.,0.
0.930223085734,Sample,14,7,6.,1,false,true,false,true,236.,188.,230.,174.,10.3470697985
0.930223085734,Sample,14,7,11.,1,false,true,false,true,236.,190.,230.,172.,10.5265572855
0.930223085734,Sample,14,7,16.,1,false,true,false,true,236.,190.,230.,172.,10.5299824624
0.930223085734,Sample,14,7,21.,1,false,true,false,true,236.,190.,230.,172.,10.5300528168
0.930223085734,Sample,14,7,26.,1,false,true,false,true,236.,190.,230.,172.,10.5300543442
0.930223085734,Sample,14,7,31.,1,false,true,false,true,236.,190.,230.,172.,10.5300543788
0.930223085734,Sample,14,7,36.,1,false,true,false,true,236.,190.,230.,172.,10.5300543796
0.930223085734,Sample,14,7,41.,1,false,true,false,true,236.,190.,230.,172.,10.5300543796
0.930223085734,Sample,14,7,46.,1,false,true,false,true,236.,190.,230.,172.,10.5300543796
0.930223085734,Sample,14,7,51.,1,false,true,false,true,236.,190.,230.,172.,10.5300543796
1.36561972223,Sample,14,6,1.,1,false,true,false,true,42.,40.,92.,80.,0.
1.36561972223,Sample,14,6,6.,1,false,true,false,true,102.,88.,76.,72.,12.3821424039
1.36561972223,Sample,14,6,11.,1,false,true,false,true,106.,92.,72.,70.,12.9775908401
1.36561972223,Sample,14,6,16.,1,false,true,false,true,106.,92.,72.,70.,13.0075629868
1.36561972223,Sample,14,6,21.,1,false,true,false,true,106.,92.,72.,70.,13.00913251
1.36561972223,Sample,14,6,26.,1,false,true,false,true,106.,92.,72.,70.,13.0092174899
1.36561972223,Sample,14,6,31.,1,false,true,false,true,106.,92.,72.,70.,13.0092222208
1.36561972223,Sample,14,6,36.,1,false,true,false,true,106.,92.,72.,70.,13.0092224904
1.36561972223,Sample,14,6,41.,1,false,true,false,true,106.,92.,72.,70.,13.009222506
1.36561972223,Sample,14,6,46.,1,false,true,false,true,106.,92.,72.,70.,13.009222507
1.36561972223,Sample,14,6,51.,1,false,true,false,true,106.,92.,72.,70.,13.009222507
1.00521470421,Sample,14,6,1.,1,false,true,false,true,76.,68.,140.,114.,0.
1.00521470421,Sample,14,6,6.,1,false,true,false,true,190.,136.,170.,122.,10.7940290494
1.00521470421,Sample,14,6,11.,1,false,true,false,true,190.,136.,170.,122.,11.0281505196
1.00521470421,Sample,14,6,16.,1,false,true,false,true,190.,136.,170.,122.,11.0336649857
1.00521470421,Sample,14,6,21.,1,false,true,false,true,190.,136.,170.,122.,11.0338036576
1.00521470421,Sample,14,6,26.,1,false,true,false,true,190.,136.,170.,122.,11.0338073257
1.00521470421,Sample,14,6,31.,1,false,true,false,true,190.,136.,170.,122.,11.0338074266
1.00521470421,Sample,14,6,36.,1,false,true,false,true,190.,136.,170.,122.,11.0338074294
1.00521470421,Sample,14,6,41.,1,false,true,false,true,190.,136.,170.,122.,11.0338074295
1.00521470421,Sample,14,6,46.,1,false,true,false,true,190.,136.,170.,122.,11.0338074295
1.00521470421,Sample,14,6,51.,1,false,true,false,true,190.,136.,170.,122.,11.0338074295
1.14623560813,Sample,14,5,1.,1,false,true,false,true,16.,16.,44.,38.,0.
1.14623560813,Sample,14,5,6.,1,false,true,false,true,82.,66.,58.,52.,11.5162006006
1.14623560813,Sample,14,5,11.,1,false,true,false,true,84.,68.,56.,50.,11.8735170871
1.14623560813,Sample,14,5,16.,1,false,true,false,true,86.,68.,54.,48.,11.8853381584
1.14623560813,Sample,14,5,21.,1,false,true,false,true,86.,68.,54.,48.,11.8857505698
1.14623560813,Sample,14,5,26.,1,false,true,false,true,86.,68.,54.,48.,11.8857655866
1.14623560813,Sample,14,5,31.,1,false,true,false,true,86.,68.,54.,48.,11.8857661524
1.14623560813,Sample,14,5,36.,1,false,true,false,true,86.,68.,54.,48.,11.8857661743
1.14623560813,Sample,14,5,41.,1,false,true,false,true,86.,68.,54.,48.,11.8857661752
1.14623560813,Sample,14,5,46.,1,false,true,false,true,86.,68.,54.,48.,11.8857661752
1.14623560813,Sample,14,5,51.,1,false,true,false,true,86.,68.,54.,48.,11.8857661752
0.852083127633,Voter,14,5,1.,1,false,true,false,true,82.,66.,90.,76.,0.
0.852083127633,Voter,14,5,6.,1,false,true,false,true,96.,72.,84.,74.,9.82878074718
0.852083127633,Voter,14,5,11.,1,false,true,false,true,96.,72.,84.,74.,9.95976794667
0.852083127633,Voter,14,5,16.,1,false,true,false,true,96.,72.,84.,74.,9.96172100823
0.852083127633,Voter,14,5,21.,1,false,true,false,true,96.,72.,84.,74.,9.96175266608
0.852083127633,Voter,14,5,26.,1,false,true,false,true,96.,72.,84.,74.,9.96175321149
0.852083127633,Voter,14,5,31.,1,false,true,false,true,96.,72.,84.,74.,9.96175322131
0.852083127633,Voter,14,5,36.,1,false,true,false,true,96.,72.,84.,74.,9.9617532215
0.852083127633,Voter,14,5,41.,1,false,true,false,true,96.,72.,84.,74.,9.9617532215
0.852083127633,Voter,14,5,46.,1,false,true,false,true,96.,72.,84.,74.,9.9617532215
0.852083127633,Voter,14,5,51.,1,false,true,false,true,96.,72.,84.,74.,9.9617532215
0.840886798911,Sample,14,4,1.,1,false,true,false,true,12.,12.,30.,28.,0.
0.840886798911,Sample,14,4,6.,1,false,true,false,true,38.,38.,28.,28.,9.74980388102
0.840886798911,Sample,14,4,11.,1,false,true,false,true,38.,38.,28.,28.,9.87455296662
0.840886798911,Sample,14,4,16.,1,false,true,false,true,38.,38.,28.,28.,9.87634372073
0.840886798911,Sample,14,4,21.,1,false,true,false,true,38.,38.,28.,28.,9.87637170997
0.840886798911,Sample,14,4,26.,1,false,true,false,true,38.,38.,28.,28.,9.87637217533
0.840886798911,Sample,14,4,31.,1,false,true,false,true,38.,38.,28.,28.,9.87637218342
0.840886798911,Sample,14,4,36.,1,false,true,false,true,38.,38.,28.,28.,9.87637218357
0.840886798911,Sample,14,4,41.,1,false,true,false,true,38.,38.,28.,28.,9.87637218357
0.840886798911,Sample,14,4,46.,1,false,true,false,true,38.,38.,28.,28.,9.87637218357
0.840886798911,Sample,14,4,51.,1,false,true,false,true,38.,38.,28.,28.,9.87637218357
1.25369296988,Sample,14,5,1.,1,false,true,false,true,60.,56.,94.,84.,0.
1.25369296988,Sample,14,5,6.,1,false,true,false,true,172.,138.,182.,156.,11.9756779332
1.25369296988,Sample,14,5,11.,1,false,true,false,true,172.,138.,182.,156.,12.4432428642
1.25369296988,Sample,14,5,16.,1,false,true,false,true,172.,138.,182.,156.,12.4625095903
1.25369296988,Sample,14,5,21.,1,false,true,false,true,172.,138.,182.,156.,12.4633406916
1.25369296988,Sample,14,5,26.,1,false,true,false,true,172.,138.,182.,156.,12.4633779235
1.25369296988,Sample,14,5,31.,1,false,true,false,true,172.,138.,182.,156.,12.4633796437
1.25369296988,Sample,14,5,36.,1,false,true,false,true,172.,138.,182.,156.,12.4633797252
1.25369296988,Sample,14,5,41.,1,false,true,false,true,172.,138.,182.,156.,12.4633797292
1.25369296988,Sample,14,5,46.,1,false,true,false,true,172.,138.,182.,156.,12.4633797294
1.25369296988,Sample,14,5,51.,1,false,true,false,true,172.,138.,182.,156.,12.4633797294
0.95612010427,Sample,14,3,1.,1,false,true,false,true,12.,12.,20.,20.,0.
0.95612010427,Sample,14,3,6.,1,false,true,false,true,44.,42.,48.,48.,10.5067591248
0.95612010427,Sample,14,3,11.,1,false,true,false,true,44.,42.,48.,48.,10.7042274367
0.95612010427,Sample,14,3,16.,1,false,true,false,true,44.,42.,48.,48.,10.7082907349
0.95612010427,Sample,14,3,21.,1,false,true,false,true,44.,42.,48.,48.,10.7083804646
0.95612010427,Sample,14,3,26.,1,false,true,false,true,44.,42.,48.,48.,10.7083825553
0.95612010427,Sample,14,3,31.,1,false,true,false,true,44.,42.,48.,48.,10.7083826061
0.95612010427,Sample,14,3,36.,1,false,true,false,true,44.,42.,48.,48.,10.7083826073
0.95612010427,Sample,14,3,41.,1,false,true,false,true,44.,42.,48.,48.,10.7083826074
0.95612010427,Sample,14,3,46.,1,false,true,false,true,44.,42.,48.,48.,10.7083826074
0.95612010427,Sample,14,3,51.,1,false,true,false,true,44.,42.,48.,48.,10.7083826074
1.31199954989,Voter,14,5,1.,1,false,true,false,true,12.,12.,22.,22.,0.
1.31199954989,Voter,14,5,6.,1,false,true,false,true,34.,32.,4.,4.,12.1960009451
1.31199954989,Voter,14,5,11.,1,false,true,false,true,34.,32.,4.,4.,12.728651618
1.31199954989,Voter,14,5,16.,1,false,true,false,true,34.,32.,4.,4.,12.7530919496
1.31199954989,Voter,14,5,21.,1,false,true,false,true,34.,32.,4.,4.,12.7542619177
1.31199954989,Voter,14,5,26.,1,false,true,false,true,34.,32.,4.,4.,12.7543199432
1.31199954989,Voter,14,5,31.,1,false,true,false,true,34.,32.,4.,4.,12.7543229064
1.31199954989,Voter,14,5,36.,1,false,true,false,true,34.,32.,4.,4.,12.7543230614
1.31199954989,Voter,14,5,41.,1,false,true,false,true,34.,32.,4.,4.,12.7543230697
1.31199954989,Voter,14,5,46.,1,false,true,false,true,34.,32.,4.,4.,12.7543230701
1.31199954989,Voter,14,5,51.,1,false,true,false,true,34.,32.,4.,4.,12.7543230702
0.857924532951,Sample,14,6,1.,1,false,true,false,true,68.,64.,110.,94.,0.
0.857924532951,Sample,14,6,6.,1,false,true,false,true,128.,106.,110.,94.,9.86950111458
0.857924532951,Sample,14,6,11.,1,false,true,false,true,128.,106.,110.,94.,10.0038136783
0.857924532951,Sample,14,6,16.,1,false,true,false,true,128.,106.,110.,94.,10.0058558232
0.857924532951,Sample,14,6,21.,1,false,true,false,true,128.,106.,110.,94.,10.005889551
0.857924532951,Sample,14,6,26.,1,false,true,false,true,128.,106.,110.,94.,10.0058901428
0.857924532951,Sample,14,6,31.,1,false,true,false,true,128.,106.,110.,94.,10.0058901536
0.857924532951,Sample,14,6,36.,1,false,true,false,true,128.,106.,110.,94.,10.0058901538
0.857924532951,Sample,14,6,41.,1,false,true,false,true,128.,106.,110.,94.,10.0058901538
0.857924532951,Sample,14,6,46.,1,false,true,false,true,128.,106.,110.,94.,10.0058901538
0.857924532951,Sample,14,6,51.,1,false,true,false,true,128.,106.,110.,94.,10.0058901538
1.34208327839,Voter,14,5,1.,1,false,true,false,true,16.,16.,32.,30.,0.
1.34208327839,Voter,14,5,6.,1,false,true,false,true,32.,30.,20.,20.,12.3023114124
1.34208327839,Voter,14,5,11.,1,false,true,false,true,34.,32.,22.,22.,12.8698636023
1.34208327839,Voter,14,5,16.,1,false,true,false,true,34.,32.,22.,22.,12.8973131983
1.34208327839,Voter,14,5,21.,1,false,true,false,true,34.,32.,22.,22.,12.898696019
1.34208327839,Voter,14,5,26.,1,false,true,false,true,34.,32.,22.,22.,12.8987681085
1.34208327839,Voter,14,5,31.,1,false,true,false,true,34.,32.,22.,22.,12.8987719751
1.34208327839,Voter,14,5,36.,1,false,true,false,true,34.,32.,22.,22.,12.8987721874
1.34208327839,Voter,14,5,41.,1,false,true,false,true,34.,32.,22.,22.,12.8987721993
1.34208327839,Voter,14,5,46.,1,false,true,false,true,34.,32.,22.,22.,12.8987722
1.34208327839,Voter,14,5,51.,1,false,true,false,true,34.,32.,22.,22.,12.8987722
1.29091257114,Voter,14,4,1.,1,false,true,false,true,6.,6.,14.,14.,0.
1.29091257114,Voter,14,4,6.,1,false,true,false,true,20.,18.,0.,0.,12.1185387551
1.29091257114,Voter,14,4,11.,1,false,true,false,true,20.,18.,0.,0.,12.6272509574
1.29091257114,Voter,14,4,16.,1,false,true,false,true,20.,18.,0.,0.,12.6497219268
1.29091257114,Voter,14,4,21.,1,false,true,false,true,20.,18.,0.,0.,12.6507587146
1.29091257114,Voter,14,4,26.,1,false,true,false,true,20.,18.,0.,0.,12.6508083168
1.29091257114,Voter,14,4,31.,1,false,true,false,true,20.,18.,0.,0.,12.6508107617
1.29091257114,Voter,14,4,36.,1,false,true,false,true,20.,18.,0.,0.,12.6508108852
1.29091257114,Voter,14,4,41.,1,false,true,false,true,20.,18.,0.,0.,12.6508108915
1.29091257114,Voter,14,4,46.,1,false,true,false,true,20.,18.,0.,0.,12.6508108919
1.29091257114,Voter,14,4,51.,1,false,true,false,true,20.,18.,0.,0.,12.6508108919
0.866568542941,Sample,14,4,1.,1,false,true,false,true,40.,40.,62.,56.,0.
0.866568542941,Sample,14,4,6.,1,false,true,false,true,84.,74.,78.,78.,9.92915649318
0.866568542941,Sample,14,4,11.,1,false,true,false,true,84.,74.,78.,78.,10.0684789811
0.866568542941,Sample,14,4,16.,1,false,true,false,true,84.,74.,78.,78.,10.0706586806
0.866568542941,Sample,14,4,21.,1,false,true,false,true,84.,74.,78.,78.,10.0706956801
0.866568542941,Sample,14,4,26.,1,false,true,false,true,84.,74.,78.,78.,10.0706963469
0.866568542941,Sample,14,4,31.,1,false,true,false,true,84.,74.,78.,78.,10.0706963595
0.866568542941,Sample,14,4,36.,1,false,true,false,true,84.,74.,78.,78.,10.0706963597
0.866568542941,Sample,14,4,41.,1,false,true,false,true,84.,74.,78.,78.,10.0706963597
0.866568542941,Sample,14,4,46.,1,false,true,false,true,84.,74.,78.,78.,10.0706963597
0.866568542941,Sample,14,4,51.,1,false,true,false,true,84.,74.,78.,78.,10.0706963597
1.37641067347,Sample,14,4,1.,1,false,true,false,true,10.,10.,44.,38.,0.
1.37641067347,Sample,14,4,6.,1,false,true,false,true,54.,52.,52.,52.,12.4177870776
1.37641067347,Sample,14,4,11.,1,false,true,false,true,58.,56.,52.,52.,13.0261925431
1.37641067347,Sample,14,4,16.,1,false,true,false,true,58.,56.,52.,52.,13.0573716866
1.37641067347,Sample,14,4,21.,1,false,true,false,true,58.,56.,52.,52.,13.0590331038
1.37641067347,Sample,14,4,26.,1,false,true,false,true,58.,56.,52.,52.,13.0591246042
1.37641067347,Sample,14,4,31.,1,false,true,false,true,58.,56.,52.,52.,13.0591297842
1.37641067347,Sample,14,4,36.,1,false,true,false,true,58.,56.,52.,52.,13.0591300843
1.37641067347,Sample,14,4,41.,1,false,true,false,true,58.,56.,52.,52.,13.059130102
1.37641067347,Sample,14,4,46.,1,false,true,false,true,58.,56.,52.,52.,13.059130103
1.37641067347,Sample,14,4,51.,1,false,true,false,true,58.,56.,52.,52.,13.0591301031
1.26367964425,Sample,14,5,1.,1,false,true,false,true,34.,32.,74.,62.,0.
1.26367964425,Sample,14,5,6.,1,false,true,false,true,74.,62.,62.,56.,12.0147940165
1.26367964425,Sample,14,5,11.,1,false,true,false,true,76.,62.,60.,56.,12.493257672
1.26367964425,Sample,14,5,16.,1,false,true,false,true,76.,62.,60.,56.,12.5133507821
1.26367964425,Sample,14,5,21.,1,false,true,false,true,76.,62.,60.,56.,12.514233579
1.26367964425,Sample,14,5,26.,1,false,true,false,true,76.,62.,60.,56.,12.514273842
1.26367964425,Sample,14,5,31.,1,false,true,false,true,76.,62.,60.,56.,12.5142757353
1.26367964425,Sample,14,5,36.,1,false,true,false,true,76.,62.,60.,56.,12.5142758266
1.26367964425,Sample,14,5,41.,1,false,true,false,true,76.,62.,60.,56.,12.5142758311
1.26367964425,Sample,14,5,46.,1,false,true,false,true,76.,62.,60.,56.,12.5142758314
1.26367964425,Sample,14,5,51.,1,false,true,false,true,76.,62.,60.,56.,12.5142758314
1.34125994246,Sample,14,5,1.,1,false,true,false,true,38.,32.,70.,58.,0.
1.34125994246,Sample,14,5,6.,1,false,true,false,true,110.,90.,126.,98.,12.2994663198
1.34125994246,Sample,14,5,11.,1,false,true,false,true,112.,92.,124.,100.,12.8660518965
1.34125994246,Sample,14,5,16.,1,false,true,false,true,112.,92.,124.,100.,12.8934159509
1.34125994246,Sample,14,5,21.,1,false,true,false,true,112.,92.,124.,100.,12.8947925701
1.34125994246,Sample,14,5,26.,1,false,true,false,true,112.,92.,124.,100.,12.8948642401
1.34125994246,Sample,14,5,31.,1,false,true,false,true,112.,92.,124.,100.,12.8948680791
1.34125994246,Sample,14,5,36.,1,false,true,false,true,112.,92.,124.,100.,12.8948682896
1.34125994246,Sample,14,5,41.,1,false,true,false,true,112.,92.,124.,100.,12.8948683014
1.34125994246,Sample,14,5,46.,1,false,true,false,true,112.,92.,124.,100.,12.8948683021
1.34125994246,Sample,14,5,51.,1,false,true,false,true,112.,92.,124.,100.,12.8948683021
1.12495609419,Voter,14,4,1.,1,false,true,false,true,30.,26.,32.,28.,0.
1.12495609419,Voter,14,4,6.,1,false,true,false,true,40.,36.,14.,14.,11.4163510353
1.12495609419,Voter,14,4,11.,1,false,true,false,true,40.,36.,14.,14.,11.7534475458
1.12495609419,Voter,14,4,16.,1,false,true,false,true,40.,36.,14.,14.,11.7640856474
1.12495609419,Voter,14,4,21.,1,false,true,false,true,40.,36.,14.,14.,11.7644402635
1.12495609419,Voter,14,4,26.,1,false,true,false,true,40.,36.,14.,14.,11.7644526143
1.12495609419,Voter,14,4,31.,1,false,true,false,true,40.,36.,14.,14.,11.7644530597
1.12495609419,Voter,14,4,36.,1,false,true,false,true,40.,36.,14.,14.,11.7644530762
1.12495609419,Voter,14,4,41.,1,false,true,false,true,40.,36.,14.,14.,11.7644530769
1.12495609419,Voter,14,4,46.,1,false,true,false,true,40.,36.,14.,14.,11.7644530769
1.12495609419,Voter,14,4,51.,1,false,true,false,true,40.,36.,14.,14.,11.7644530769
1.16147892588,Sample,14,6,1.,1,false,true,false,true,68.,56.,130.,96.,0.
1.16147892588,Sample,14,6,6.,1,false,true,false,true,168.,124.,186.,134.,11.5858582056
1.16147892588,Sample,14,6,11.,1,false,true,false,true,174.,128.,184.,132.,11.9579981303
1.16147892588,Sample,14,6,16.,1,false,true,false,true,174.,128.,184.,132.,11.9707227176
1.16147892588,Sample,14,6,21.,1,false,true,false,true,174.,128.,184.,132.,11.9711810256
1.16147892588,Sample,14,6,26.,1,false,true,false,true,174.,128.,184.,132.,11.971198241
1.16147892588,Sample,14,6,31.,1,false,true,false,true,174.,128.,184.,132.,11.9711989098
1.16147892588,Sample,14,6,36.,1,false,true,false,true,174.,128.,184.,132.,11.9711989365
1.16147892588,Sample,14,6,41.,1,false,true,false,true,174.,128.,184.,132.,11.9711989376
1.16147892588,Sample,14,6,46.,1,false,true,false,true,174.,128.,184.,132.,11.9711989376
1.16147892588,Sample,14,6,51.,1,false,true,false,true,174.,128.,184.,132.,11.9711989376
0.891219805442,Sample,14,5,1.,1,false,true,false,true,10.,10.,42.,36.,0.
0.891219805442,Sample,14,5,6.,1,false,true,false,true,68.,52.,44.,38.,10.0954046485
0.891219805442,Sample,14,5,11.,1,false,true,false,true,68.,52.,44.,38.,10.2495987694
0.891219805442,Sample,14,5,16.,1,false,true,false,true,68.,52.,44.,38.,10.2522102499
0.891219805442,Sample,14,5,21.,1,false,true,false,true,68.,52.,44.,38.,10.2522580836
0.891219805442,Sample,14,5,26.,1,false,true,false,true,68.,52.,44.,38.,10.2522590121
0.891219805442,Sample,14,5,31.,1,false,true,false,true,68.,52.,44.,38.,10.2522590309
0.891219805442,Sample,14,5,36.,1,false,true,false,true,68.,52.,44.,38.,10.2522590313
0.891219805442,Sample,14,5,41.,1,false,true,false,true,68.,52.,44.,38.,10.2522590314
0.891219805442,Sample,14,5,46.,1,false,true,false,true,68.,52.,44.,38.,10.2522590314
0.891219805442,Sample,14,5,51.,1,false,true,false,true,68.,52.,44.,38.,10.2522590314
0.904696790396,Sample,14,3,1.,1,false,true,false,true,0.,0.,6.,6.,0.
0.904696790396,Sample,14,3,6.,1,false,true,false,true,6.,6.,0.,0.,10.183913745
0.904696790396,Sample,14,3,11.,1,false,true,false,true,6.,6.,0.,0.,10.3466036855
0.904696790396,Sample,14,3,16.,1,false,true,false,true,6.,6.,0.,0.,10.3494774218
0.904696790396,Sample,14,3,21.,1,false,true,false,true,6.,6.,0.,0.,10.3495322277
0.904696790396,Sample,14,3,26.,1,false,true,false,true,6.,6.,0.,0.,10.3495333344
0.904696790396,Sample,14,3,31.,1,false,true,false,true,6.,6.,0.,0.,10.3495333577
0.904696790396,Sample,14,3,36.,1,false,true,false,true,6.,6.,0.,0.,10.3495333582
0.904696790396,Sample,14,3,41.,1,false,true,false,true,6.,6.,0.,0.,10.3495333582
0.904696790396,Sample,14,3,46.,1,false,true,false,true,6.,6.,0.,0.,10.3495333582
0.904696790396,Sample,14,3,51.,1,false,true,false,true,6.,6.,0.,0.,10.3495333582
0.866115948256,Sample,14,3,1.,1,false,true,false,true,6.,6.,14.,14.,0.
0.866115948256,Sample,14,3,6.,1,false,true,false,true,30.,28.,22.,22.,9.92605068967
0.866115948256,Sample,14,3,11.,1,false,true,false,true,30.,28.,22.,22.,10.0651082224
0.866115948256,Sample,14,3,16.,1,false,true,false,true,30.,28.,22.,22.,10.0672805468
0.866115948256,Sample,14,3,21.,1,false,true,false,true,30.,28.,22.,22.,10.0673173686
0.866115948256,Sample,14,3,26.,1,false,true,false,true,30.,28.,22.,22.,10.0673180313
0.866115948256,Sample,14,3,31.,1,false,true,false,true,30.,28.,22.,22.,10.0673180438
0.866115948256,Sample,14,3,36.,1,false,true,false,true,30.,28.,22.,22.,10.067318044
0.866115948256,Sample,14,3,41.,1,false,true,false,true,30.,28.,22.,22.,10.067318044
0.866115948256,Sample,14,3,46.,1,false,true,false,true,30.,28.,22.,22.,10.067318044
0.866115948256,Sample,14,3,51.,1,false,true,false,true,30.,28.,22.,22.,10.067318044
0.921958869863,Sample,14,6,1.,1,false,true,false,true,72.,66.,124.,102.,0.
0.921958869863,Sample,14,6,6.,1,false,true,false,true,138.,108.,126.,110.,10.2948818716
0.921958869863,Sample,14,6,11.,1,false,true,false,true,140.,110.,124.,110.,10.4688301646
0.921958869863,Sample,14,6,16.,1,false,true,false,true,140.,110.,124.,110.,10.4720686948
0.921958869863,Sample,14,6,21.,1,false,true,false,true,140.,110.,124.,110.,10.4721336568
0.921958869863,Sample,14,6,26.,1,false,true,false,true,140.,110.,124.,110.,10.4721350349
0.921958869863,Sample,14,6,31.,1,false,true,false,true,140.,110.,124.,110.,10.4721350654
0.921958869863,Sample,14,6,36.,1,false,true,false,true,140.,110.,124.,110.,10.4721350661
0.921958869863,Sample,14,6,41.,1,false,true,false,true,140.,110.,124.,110.,10.4721350661
0.921958869863,Sample,14,6,46.,1,false,true,false,true,140.,110.,124.,110.,10.4721350661
0.921958869863,Sample,14,6,51.,1,false,true,false,true,140.,110.,124.,110.,10.4721350661
1.23053178352,Sample,14,3,1.,1,false,true,false,true,2.,2.,10.,10.,0.
1.23053178352,Sample,14,3,6.,1,false,true,false,true,12.,12.,0.,0.,11.8826919251
1.23053178352,Sample,14,3,11.,1,false,true,false,true,12.,12.,0.,0.,12.3253922034
1.23053178352,Sample,14,3,16.,1,false,true,false,true,12.,12.,0.,0.,12.3428340602
1.23053178352,Sample,14,3,21.,1,false,true,false,true,12.,12.,0.,0.,12.3435544855
1.23053178352,Sample,14,3,26.,1,false,true,false,true,12.,12.,0.,0.,12.3435854196
1.23053178352,Sample,14,3,31.,1,false,true,false,true,12.,12.,0.,0.,12.3435867905
1.23053178352,Sample,14,3,36.,1,false,true,false,true,12.,12.,0.,0.,12.3435868528
1.23053178352,Sample,14,3,41.,1,false,true,false,true,12.,12.,0.,0.,12.3435868557
1.23053178352,Sample,14,3,46.,1,false,true,false,true,12.,12.,0.,0.,12.3435868558
1.23053178352,Sample,14,3,51.,1,false,true,false,true,12.,12.,0.,0.,12.3435868558
0.945140993329,Sample,14,3,1.,1,false,true,false,true,2.,2.,8.,6.,0.
0.945140993329,Sample,14,3,6.,1,false,true,false,true,6.,6.,0.,0.,10.439763889
0.945140993329,Sample,14,3,11.,1,false,true,false,true,6.,6.,0.,0.,10.6294941191
0.945140993329,Sample,14,3,16.,1,false,true,false,true,6.,6.,0.,0.,10.6332767832
0.945140993329,Sample,14,3,21.,1,false,true,false,true,6.,6.,0.,0.,10.6333578179
0.945140993329,Sample,14,3,26.,1,false,true,false,true,6.,6.,0.,0.,10.6333596509
0.945140993329,Sample,14,3,31.,1,false,true,false,true,6.,6.,0.,0.,10.6333596941
0.945140993329,Sample,14,3,36.,1,false,true,false,true,6.,6.,0.,0.,10.6333596951
0.945140993329,Sample,14,3,41.,1,false,true,false,true,6.,6.,0.,0.,10.6333596952
0.945140993329,Sample,14,3,46.,1,false,true,false,true,6.,6.,0.,0.,10.6333596952
0.945140993329,Sample,14,3,51.,1,false,true,false,true,6.,6.,0.,0.,10.6333596952
0.833540493245,Voter,14,6,1.,1,false,true,false,true,14.,14.,34.,34.,0.
0.833540493245,Voter,14,6,6.,1,false,true,false,true,56.,52.,32.,32.,9.69731499811
0.833540493245,Voter,14,6,11.,1,false,true,false,true,56.,52.,32.,32.,9.81806783041
0.833540493245,Voter,14,6,16.,1,false,true,false,true,56.,52.,32.,32.,9.81975792147
0.833540493245,Voter,14,6,21.,1,false,true,false,true,56.,52.,32.,32.,9.81978370444
0.833540493245,Voter,14,6,26.,1,false,true,false,true,56.,52.,32.,32.,9.81978412308
0.833540493245,Voter,14,6,31.,1,false,true,false,true,56.,52.,32.,32.,9.8197841302
0.833540493245,Voter,14,6,36.,1,false,true,false,true,56.,52.,32.,32.,9.81978413032
0.833540493245,Voter,14,6,41.,1,false,true,false,true,56.,52.,32.,32.,9.81978413033
0.833540493245,Voter,14,6,46.,1,false,true,false,true,56.,52.,32.,32.,9.81978413033
0.833540493245,Voter,14,6,51.,1,false,true,false,true,56.,52.,32.,32.,9.81978413033
0.909714894121,Sample,14,4,1.,1,false,true,false,true,12.,12.,28.,22.,0.
0.909714894121,Sample,14,4,6.,1,false,true,false,true,50.,48.,46.,46.,10.2164479039
0.909714894121,Sample,14,4,11.,1,false,true,false,true,50.,48.,46.,46.,10.3823671195
0.909714894121,Sample,14,4,16.,1,false,true,false,true,50.,48.,46.,46.,10.385343486
0.909714894121,Sample,14,4,21.,1,false,true,false,true,50.,48.,46.,46.,10.3854010966
0.909714894121,Sample,14,4,26.,1,false,true,false,true,50.,48.,46.,46.,10.3854022769
0.909714894121,Sample,14,4,31.,1,false,true,false,true,50.,48.,46.,46.,10.3854023021
0.909714894121,Sample,14,4,36.,1,false,true,false,true,50.,48.,46.,46.,10.3854023027
0.909714894121,Sample,14,4,41.,1,false,true,false,true,50.,48.,46.,46.,10.3854023027
0.909714894121,Sample,14,4,46.,1,false,true,false,true,50.,48.,46.,46.,10.3854023027
0.909714894121,Sample,14,4,51.,1,false,true,false,true,50.,48.,46.,46.,10.3854023027
0.959886239307,Voter,14,7,1.,1,false,true,false,true,42.,40.,66.,58.,0.
0.959886239307,Voter,14,7,6.,1,false,true,false,true,94.,86.,62.,56.,10.5295041168
0.959886239307,Voter,14,7,11.,1,false,true,false,true,94.,86.,62.,56.,10.7296656778
0.959886239307,Voter,14,7,16.,1,false,true,false,true,94.,86.,62.,56.,10.7338287725
0.959886239307,Voter,14,7,21.,1,false,true,false,true,94.,86.,62.,56.,10.7339216578
0.959886239307,Voter,14,7,26.,1,false,true,false,true,94.,86.,62.,56.,10.733923844
0.959886239307,Voter,14,7,31.,1,false,true,false,true,94.,86.,62.,56.,10.7339238976
0.959886239307,Voter,14,7,36.,1,false,true,false,true,94.,86.,62.,56.,10.7339238989
0.959886239307,Voter,14,7,41.,1,false,true,false,true,94.,86.,62.,56.,10.733923899
0.959886239307,Voter,14,7,46.,1,false,true,false,true,94.,86.,62.,56.,10.733923899
0.959886239307,Voter,14,7,51.,1,false,true,false,true,94.,86.,62.,56.,10.733923899
0.830186012455,Voter,14,4,1.,1,false,true,false,true,32.,26.,48.,44.,0.
0.830186012455,Voter,14,4,6.,1,false,true,false,true,56.,50.,32.,32.,9.67316934877
0.830186012455,Voter,14,4,11.,1,false,true,false,true,56.,50.,32.,32.,9.79212288425
0.830186012455,Voter,14,4,16.,1,false,true,false,true,56.,50.,32.,32.,9.79376850179
0.830186012455,Voter,14,4,21.,1,false,true,false,true,56.,50.,32.,32.,9.79379332741
0.830186012455,Voter,14,4,26.,1,false,true,false,true,56.,50.,32.,32.,9.79379372613
0.830186012455,Voter,14,4,31.,1,false,true,false,true,56.,50.,32.,32.,9.79379373283
0.830186012455,Voter,14,4,36.,1,false,true,false,true,56.,50.,32.,32.,9.79379373295
0.830186012455,Voter,14,4,41.,1,false,true,false,true,56.,50.,32.,32.,9.79379373295
0.830186012455,Voter,14,4,46.,1,false,true,false,true,56.,50.,32.,32.,9.79379373295
0.830186012455,Voter,14,4,51.,1,false,true,false,true,56.,50.,32.,32.,9.79379373295
1.05571704696,Sample,14,3,1.,1,false,true,false,true,18.,16.,44.,34.,0.
1.05571704696,Sample,14,3,6.,1,false,true,false,true,52.,42.,58.,50.,11.0694926601
1.05571704696,Sample,14,3,11.,1,false,true,false,true,52.,42.,58.,50.,11.3447498559
1.05571704696,Sample,14,3,16.,1,false,true,false,true,52.,42.,58.,50.,11.3521283664
1.05571704696,Sample,14,3,21.,1,false,true,false,true,52.,42.,58.,50.,11.3523385158
1.05571704696,Sample,14,3,26.,1,false,true,false,true,52.,42.,58.,50.,11.3523447929
1.05571704696,Sample,14,3,31.,1,false,true,false,true,52.,42.,58.,50.,11.3523449875
1.05571704696,Sample,14,3,36.,1,false,true,false,true,52.,42.,58.,50.,11.3523449937
1.05571704696,Sample,14,3,41.,1,false,true,false,true,52.,42.,58.,50.,11.3523449939
1.05571704696,Sample,14,3,46.,1,false,true,false,true,52.,42.,58.,50.,11.3523449939
1.05571704696,Sample,14,3,51.,1,false,true,false,true,52.,42.,58.,50.,11.3523449939
1.29780366738,Sample,14,7,1.,1,false,true,false,true,62.,60.,142.,128.,0.
1.29780366738,Sample,14,7,6.,1,false,true,false,true,194.,162.,206.,172.,12.1441246469
1.29780366738,Sample,14,7,11.,1,false,true,false,true,194.,164.,206.,174.,12.6606110533
1.29780366738,Sample,14,7,16.,1,false,true,false,true,194.,164.,206.,174.,12.6837131241
1.29780366738,Sample,14,7,21.,1,false,true,false,true,194.,164.,206.,174.,12.6847920471
1.29780366738,Sample,14,7,26.,1,false,true,false,true,194.,164.,206.,174.,12.684844281
1.29780366738,Sample,14,7,31.,1,false,true,false,true,194.,164.,206.,174.,12.6848468858
1.29780366738,Sample,14,7,36.,1,false,true,false,true,194.,164.,206.,174.,12.6848470189
1.29780366738,Sample,14,7,41.,1,false,true,false,true,194.,164.,206.,174.,12.6848470259
1.29780366738,Sample,14,7,46.,1,false,true,false,true,194.,164.,206.,174.,12.6848470262
1.29780366738,Sample,14,7,51.,1,false,true,false,true,194.,164.,206.,174.,12.6848470263
0.955734258101,Voter,14,4,1.,1,false,true,false,true,30.,26.,22.,18.,0.
0.955734258101,Voter,14,4,6.,1,false,true,false,true,44.,36.,16.,16.,10.5044220828
0.955734258101,Voter,14,4,11.,1,false,true,false,true,44.,36.,16.,16.,10.7016155872
0.955734258101,Voter,14,4,16.,1,false,true,false,true,44.,36.,16.,16.,10.7056687641
0.955734258101,Voter,14,4,21.,1,false,true,false,true,44.,36.,16.,16.,10.7057581756
0.955734258101,Voter,14,4,26.,1,false,true,false,true,44.,36.,16.,16.,10.7057602568
0.955734258101,Voter,14,4,31.,1,false,true,false,true,44.,36.,16.,16.,10.7057603072
0.955734258101,Voter,14,4,36.,1,false,true,false,true,44.,36.,16.,16.,10.7057603085
0.955734258101,Voter,14,4,41.,1,false,true,false,true,44.,36.,16.,16.,10.7057603085
0.955734258101,Voter,14,4,46.,1,false,true,false,true,44.,36.,16.,16.,10.7057603085
0.955734258101,Voter,14,4,51.,1,false,true,false,true,44.,36.,16.,16.,10.7057603085
1.29160617208,Voter,14,3,1.,1,false,true,false,true,14.,14.,24.,22.,0.
1.29160617208,Voter,14,3,6.,1,false,true,false,true,26.,20.,20.,20.,12.1211260578
1.29160617208,Voter,14,3,11.,1,false,true,false,true,26.,20.,20.,20.,12.6306185834
1.29160617208,Voter,14,3,16.,1,false,true,false,true,26.,20.,20.,20.,12.6531525306
1.29160617208,Voter,14,3,21.,1,false,true,false,true,26.,20.,20.,20.,12.6541934997
1.29160617208,Voter,14,3,26.,1,false,true,false,true,26.,20.,20.,20.,12.6542433616
1.29160617208,Voter,14,3,31.,1,false,true,false,true,26.,20.,20.,20.,12.6542458222
1.29160617208,Voter,14,3,36.,1,false,true,false,true,26.,20.,20.,20.,12.6542459466
1.29160617208,Voter,14,3,41.,1,false,true,false,true,26.,20.,20.,20.,12.6542459531
1.29160617208,Voter,14,3,46.,1,false,true,false,true,26.,20.,20.,20.,12.6542459534
1.29160617208,Voter,14,3,51.,1,false,true,false,true,26.,20.,20.,20.,12.6542459534
1.12132770486,Voter,14,3,1.,1,false,true,false,true,8.,8.,16.,16.,0.
1.12132770486,Voter,14,3,6.,1,false,true,false,true,16.,16.,16.,16.,11.399017287
1.12132770486,Voter,14,3,11.,1,false,true,false,true,16.,16.,16.,16.,11.7327218842
1.12132770486,Voter,14,3,16.,1,false,true,false,true,16.,16.,16.,16.,11.7431671571
1.12132770486,Voter,14,3,21.,1,false,true,false,true,16.,16.,16.,16.,11.7435126083
1.12132770486,Voter,14,3,26.,1,false,true,false,true,16.,16.,16.,16.,11.7435245476
1.12132770486,Voter,14,3,31.,1,false,true,false,true,16.,16.,16.,16.,11.7435249749
1.12132770486,Voter,14,3,36.,1,false,true,false,true,16.,16.,16.,16.,11.7435249906
1.12132770486,Voter,14,3,41.,1,false,true,false,true,16.,16.,16.,16.,11.7435249912
1.12132770486,Voter,14,3,46.,1,false,true,false,true,16.,16.,16.,16.,11.7435249912
1.12132770486,Voter,14,3,51.,1,false,true,false,true,16.,16.,16.,16.,11.7435249912
0.895613683489,Voter,14,3,1.,1,false,true,false,true,0.,0.,6.,6.,0.
0.895613683489,Voter,14,3,6.,1,false,true,false,true,6.,6.,0.,0.,10.1244436288
0.895613683489,Voter,14,3,11.,1,false,true,false,true,6.,6.,0.,0.,10.2813792736
0.895613683489,Voter,14,3,16.,1,false,true,false,true,6.,6.,0.,0.,10.2840741505
0.895613683489,Voter,14,3,21.,1,false,true,false,true,6.,6.,0.,0.,10.2841241703
0.895613683489,Voter,14,3,26.,1,false,true,false,true,6.,6.,0.,0.,10.284125154
0.895613683489,Voter,14,3,31.,1,false,true,false,true,6.,6.,0.,0.,10.2841251742
0.895613683489,Voter,14,3,36.,1,false,true,false,true,6.,6.,0.,0.,10.2841251746
0.895613683489,Voter,14,3,41.,1,false,true,false,true,6.,6.,0.,0.,10.2841251746
0.895613683489,Voter,14,3,46.,1,false,true,false,true,6.,6.,0.,0.,10.2841251746
0.895613683489,Voter,14,3,51.,1,false,true,false,true,6.,6.,0.,0.,10.2841251746
1.20036912937,Voter,14,5,1.,1,false,true,false,true,38.,36.,36.,30.,0.
1.20036912937,Voter,14,5,6.,1,false,true,false,true,60.,52.,30.,28.,11.756723171
1.20036912937,Voter,14,5,11.,1,false,true,false,true,56.,50.,26.,26.,12.1679296815
1.20036912937,Voter,14,5,16.,1,false,true,false,true,56.,50.,26.,26.,12.183181385
1.20036912937,Voter,14,5,21.,1,false,true,false,true,56.,50.,26.,26.,12.1837756191
1.20036912937,Voter,14,5,26.,1,false,true,false,true,56.,50.,26.,26.,12.1837997204
1.20036912937,Voter,14,5,31.,1,false,true,false,true,56.,50.,26.,26.,12.1838007301
1.20036912937,Voter,14,5,36.,1,false,true,false,true,56.,50.,26.,26.,12.1838007736
1.20036912937,Voter,14,5,41.,1,false,true,false,true,56.,50.,26.,26.,12.1838007755
1.20036912937,Voter,14,5,46.,1,false,true,false,true,56.,50.,26.,26.,12.1838007755
1.20036912937,Voter,14,5,51.,1,false,true,false,true,56.,50.,26.,26.,12.1838007755
1.15603312406,Voter,14,4,1.,1,false,true,false,true,22.,22.,24.,24.,0.
1.15603312406,Voter,14,4,6.,1,false,true,false,true,54.,46.,32.,32.,11.5611492503
1.15603312406,Voter,14,4,11.,1,false,true,false,true,54.,46.,32.,32.,11.9279612351
1.15603312406,Voter,14,4,16.,1,false,true,false,true,54.,46.,32.,32.,11.9403575529
1.15603312406,Voter,14,4,21.,1,false,true,false,true,54.,46.,32.,32.,11.9407990145
1.15603312406,Voter,14,4,26.,1,false,true,false,true,54.,46.,32.,32.,11.9408154149
1.15603312406,Voter,14,4,31.,1,false,true,false,true,54.,46.,32.,32.,11.9408160451
1.15603312406,Voter,14,4,36.,1,false,true,false,true,54.,46.,32.,32.,11.94081607
1.15603312406,Voter,14,4,41.,1,false,true,false,true,54.,46.,32.,32.,11.940816071
1.15603312406,Voter,14,4,46.,1,false,true,false,true,54.,46.,32.,32.,11.940816071
1.15603312406,Voter,14,4,51.,1,false,true,false,true,54.,46.,32.,32.,11.940816071
1.10529842365,Sample,14,6,1.,1,false,true,false,true,78.,74.,136.,114.,0.
1.10529842365,Sample,14,6,6.,1,false,true,false,true,154.,132.,156.,140.,11.3213482271
1.10529842365,Sample,14,6,11.,1,false,true,false,true,156.,134.,158.,142.,11.6402654678
1.10529842365,Sample,14,6,16.,1,false,true,false,true,156.,134.,158.,142.,11.6498890174
1.10529842365,Sample,14,6,21.,1,false,true,false,true,156.,134.,158.,142.,11.6501962478
1.10529842365,Sample,14,6,26.,1,false,true,false,true,156.,134.,158.,142.,11.6502065062
1.10529842365,Sample,14,6,31.,1,false,true,false,true,156.,134.,158.,142.,11.6502068611
1.10529842365,Sample,14,6,36.,1,false,true,false,true,156.,134.,158.,142.,11.6502068738
1.10529842365,Sample,14,6,41.,1,false,true,false,true,156.,134.,158.,142.,11.6502068742
1.10529842365,Sample,14,6,46.,1,false,true,false,true,156.,134.,158.,142.,11.6502068742
1.10529842365,Sample,14,6,51.,1,false,true,false,true,156.,134.,158.,142.,11.6502068742
1.38186055665,Sample,14,6,1.,1,false,true,false,true,38.,34.,92.,76.,0.
1.38186055665,Sample,14,6,6.,1,false,true,false,true,192.,150.,214.,164.,12.4355642823
1.38186055665,Sample,14,6,11.,1,false,true,false,true,220.,166.,222.,168.,13.0505526363
1.38186055665,Sample,14,6,16.,1,false,true,false,true,220.,166.,218.,166.,13.0823535757
1.38186055665,Sample,14,6,21.,1,false,true,false,true,220.,166.,218.,166.,13.0840629635
1.38186055665,Sample,14,6,26.,1,false,true,false,true,220.,166.,218.,166.,13.0841579117
1.38186055665,Sample,14,6,31.,1,false,true,false,true,220.,166.,218.,166.,13.0841633322
1.38186055665,Sample,14,6,36.,1,false,true,false,true,220.,166.,218.,166.,13.0841636488
1.38186055665,Sample,14,6,41.,1,false,true,false,true,220.,166.,218.,166.,13.0841636676
1.38186055665,Sample,14,6,46.,1,false,true,false,true,220.,166.,218.,166.,13.0841636688
1.38186055665,Sample,14,6,51.,1,false,true,false,true,220.,166.,218.,166.,13.0841636688
1.16976392164,Sample,14,3,1.,1,false,true,false,true,4.,4.,8.,8.,0.
1.16976392164,Sample,14,3,6.,1,false,true,false,true,8.,8.,0.,0.,11.6230759192
1.16976392164,Sample,14,3,11.,1,false,true,false,true,10.,10.,2.,2.,12.0033894779
1.16976392164,Sample,14,3,16.,1,false,true,false,true,10.,10.,2.,2.,12.0166253305
1.16976392164,Sample,14,3,21.,1,false,true,false,true,10.,10.,2.,2.,12.0171102571
1.16976392164,Sample,14,3,26.,1,false,true,false,true,10.,10.,2.,2.,12.0171287784
1.16976392164,Sample,14,3,31.,1,false,true,false,true,10.,10.,2.,2.,12.0171295098
1.16976392164,Sample,14,3,36.,1,false,true,false,true,10.,10.,2.,2.,12.0171295395
1.16976392164,Sample,14,3,41.,1,false,true,false,true,10.,10.,2.,2.,12.0171295407
1.16976392164,Sample,14,3,46.,1,false,true,false,true,10.,10.,2.,2.,12.0171295408
1.16976392164,Sample,14,3,51.,1,false,true,false,true,10.,10.,2.,2.,12.0171295408
1.12858619869,Voter,14,3,1.,1,false,true,false,true,2.,2.,6.,6.,0.
1.12858619869,Voter,14,3,6.,1,false,true,false,true,8.,8.,0.,0.,11.4336024414
1.12858619869,Voter,14,3,11.,1,false,true,false,true,8.,8.,0.,0.,11.7741088374
1.12858619869,Voter,14,3,16.,1,false,true,false,true,8.,8.,0.,0.,11.7849424185
1.12858619869,Voter,14,3,21.,1,false,true,false,true,8.,8.,0.,0.,11.7853064
1.12858619869,Voter,14,3,26.,1,false,true,false,true,8.,8.,0.,0.,11.7853191745
1.12858619869,Voter,14,3,31.,1,false,true,false,true,8.,8.,0.,0.,11.7853196387
1.12858619869,Voter,14,3,36.,1,false,true,false,true,8.,8.,0.,0.,11.7853196561
1.12858619869,Voter,14,3,41.,1,false,true,false,true,8.,8.,0.,0.,11.7853196567
1.12858619869,Voter,14,3,46.,1,false,true,false,true,8.,8.,0.,0.,11.7853196568
1.12858619869,Voter,14,3,51.,1,false,true,false,true,8.,8.,0.,0.,11.7853196568
0.830281613143,Voter,14,4,1.,1,false,true,false,true,12.,10.,12.,12.,0.
0.830281613143,Voter,14,4,6.,1,false,true,false,true,24.,22.,0.,0.,9.67385903832
0.830281613143,Voter,14,4,11.,1,false,true,false,true,24.,22.,0.,0.,9.79286363169
0.830281613143,Voter,14,4,16.,1,false,true,false,true,24.,22.,0.,0.,9.79451050394
0.830281613143,Voter,14,4,21.,1,false,true,false,true,24.,22.,0.,0.,9.79453535642
0.830281613143,Voter,14,4,26.,1,false,true,false,true,24.,22.,0.,0.,9.79453575569
0.830281613143,Voter,14,4,31.,1,false,true,false,true,24.,22.,0.,0.,9.79453576241
0.830281613143,Voter,14,4,36.,1,false,true,false,true,24.,22.,0.,0.,9.79453576253
0.830281613143,Voter,14,4,41.,1,false,true,false,true,24.,22.,0.,0.,9.79453576253
0.830281613143,Voter,14,4,46.,1,false,true,false,true,24.,22.,0.,0.,9.79453576253
0.830281613143,Voter,14,4,51.,1,false,true,false,true,24.,22.,0.,0.,9.79453576253
0.832127961108,Sample,14,6,1.,1,false,true,false,true,98.,84.,152.,114.,0.
0.832127961108,Sample,14,6,6.,1,false,true,false,true,210.,162.,212.,164.,9.68716121379
0.832127961108,Sample,14,6,11.,1,false,true,false,true,210.,162.,212.,164.,9.80715443753
0.832127961108,Sample,14,6,16.,1,false,true,false,true,210.,162.,212.,164.,9.80882568872
0.832127961108,Sample,14,6,21.,1,false,true,false,true,210.,162.,212.,164.,9.80885106483
0.832127961108,Sample,14,6,26.,1,false,true,false,true,210.,162.,212.,164.,9.80885147497
0.832127961108,Sample,14,6,31.,1,false,true,false,true,210.,162.,212.,164.,9.80885148191
0.832127961108,Sample,14,6,36.,1,false,true,false,true,210.,162.,212.,164.,9.80885148204
0.832127961108,Sample,14,6,41.,1,false,true,false,true,210.,162.,212.,164.,9.80885148204
0.832127961108,Sample,14,6,46.,1,false,true,false,true,210.,162.,212.,164.,9.80885148204
0.832127961108,Sample,14,6,51.,1,false,true,false,true,210.,162.,212.,164.,9.80885148204
1.21947990568,Voter,14,6,1.,1,false,true,false,true,46.,38.,66.,52.,0.
1.21947990568,Voter,14,6,6.,1,false,true,false,true,94.,76.,54.,50.,11.8371846685
1.21947990568,Voter,14,6,11.,1,false,true,false,true,94.,76.,50.,46.,12.2682270865
1.21947990568,Voter,14,6,16.,1,false,true,false,true,94.,76.,50.,46.,12.2848423907
1.21947990568,Voter,14,6,21.,1,false,true,false,true,94.,76.,50.,46.,12.2855143175
1.21947990568,Voter,14,6,26.,1,false,true,false,true,94.,76.,50.,46.,12.2855425794
1.21947990568,Voter,14,6,31.,1,false,true,false,true,94.,76.,50.,46.,12.2855438066
1.21947990568,Voter,14,6,36.,1,false,true,false,true,94.,76.,50.,46.,12.2855438613
1.21947990568,Voter,14,6,41.,1,false,true,false,true,94.,76.,50.,46.,12.2855438638
1.21947990568,Voter,14,6,46.,1,false,true,false,true,94.,76.,50.,46.,12.2855438639
1.21947990568,Voter,14,6,51.,1,false,true,false,true,94.,76.,50.,46.,12.2855438639
0.897975386381,Sample,14,6,1.,1,false,true,false,true,88.,70.,136.,100.,0.
0.897975386381,Sample,14,6,6.,1,false,true,false,true,164.,122.,176.,128.,10.1399788636
0.897975386381,Sample,14,6,11.,1,false,true,false,true,164.,122.,176.,128.,10.2983994116
0.897975386381,Sample,14,6,16.,1,false,true,false,true,164.,122.,176.,128.,10.3011399492
0.897975386381,Sample,14,6,21.,1,false,true,false,true,164.,122.,176.,128.,10.3011911784
0.897975386381,Sample,14,6,26.,1,false,true,false,true,164.,122.,176.,128.,10.3011921929
0.897975386381,Sample,14,6,31.,1,false,true,false,true,164.,122.,176.,128.,10.3011922139
0.897975386381,Sample,14,6,36.,1,false,true,false,true,164.,122.,176.,128.,10.3011922143
0.897975386381,Sample,14,6,41.,1,false,true,false,true,164.,122.,176.,128.,10.3011922143
0.897975386381,Sample,14,6,46.,1,false,true,false,true,164.,122.,176.,128.,10.3011922143
0.897975386381,Sample,14,6,51.,1,false,true,false,true,164.,122.,176.,128.,10.3011922143
1.13718924922,Sample,14,3,1.,1,false,true,false,true,6.,6.,12.,12.,0.
1.13718924922,Sample,14,3,6.,1,false,true,false,true,28.,28.,26.,26.,11.4741275816
1.13718924922,Sample,14,3,11.,1,false,true,false,true,28.,28.,26.,26.,11.8227801623
1.13718924922,Sample,14,3,16.,1,false,true,false,true,28.,28.,26.,26.,11.8340873437
1.13718924922,Sample,14,3,21.,1,false,true,false,true,28.,28.,26.,26.,11.8344743214
1.13718924922,Sample,14,3,26.,1,false,true,false,true,28.,28.,26.,26.,11.8344881503
1.13718924922,Sample,14,3,31.,1,false,true,false,true,28.,28.,26.,26.,11.8344886618
1.13718924922,Sample,14,3,36.,1,false,true,false,true,28.,28.,26.,26.,11.8344886813
1.13718924922,Sample,14,3,41.,1,false,true,false,true,28.,28.,26.,26.,11.834488682
1.13718924922,Sample,14,3,46.,1,false,true,false,true,28.,28.,26.,26.,11.834488682
1.13718924922,Sample,14,3,51.,1,false,true,false,true,28.,28.,26.,26.,11.834488682
1.30825867138,Voter,14,5,1.,1,false,true,false,true,10.,10.,34.,30.,0.
1.30825867138,Voter,14,5,6.,1,false,true,false,true,34.,28.,6.,6.,12.1824384585
1.30825867138,Voter,14,5,11.,1,false,true,false,true,36.,30.,4.,4.,12.7108102316
1.30825867138,Voter,14,5,16.,1,false,true,false,true,36.,30.,4.,4.,12.7348928852
1.30825867138,Voter,14,5,21.,1,false,true,false,true,36.,30.,4.,4.,12.7360382966
1.30825867138,Voter,14,5,26.,1,false,true,false,true,36.,30.,4.,4.,12.7360947461
1.30825867138,Voter,14,5,31.,1,false,true,false,true,36.,30.,4.,4.,12.736097611
1.30825867138,Voter,14,5,36.,1,false,true,false,true,36.,30.,4.,4.,12.7360977599
1.30825867138,Voter,14,5,41.,1,false,true,false,true,36.,30.,4.,4.,12.7360977678
1.30825867138,Voter,14,5,46.,1,false,true,false,true,36.,30.,4.,4.,12.7360977682
1.30825867138,Voter,14,5,51.,1,false,true,false,true,36.,30.,4.,4.,12.7360977683
0.880151496802,Sample,14,7,1.,1,false,true,false,true,56.,54.,106.,88.,0.
0.880151496802,Sample,14,7,6.,1,false,true,false,true,226.,174.,208.,168.,10.0214636149
0.880151496802,Sample,14,7,11.,1,false,true,false,true,228.,174.,202.,162.,10.1688734559
0.880151496802,Sample,14,7,16.,1,false,true,false,true,228.,174.,202.,162.,10.1712836306
0.880151496802,Sample,14,7,21.,1,false,true,false,true,228.,174.,202.,162.,10.1713263098
0.880151496802,Sample,14,7,26.,1,false,true,false,true,228.,174.,202.,162.,10.1713271114
0.880151496802,Sample,14,7,31.,1,false,true,false,true,228.,174.,202.,162.,10.1713271272
0.880151496802,Sample,14,7,36.,1,false,true,false,true,228.,174.,202.,162.,10.1713271275
0.880151496802,Sample,14,7,41.,1,false,true,false,true,228.,174.,202.,162.,10.1713271275
0.880151496802,Sample,14,7,46.,1,false,true,false,true,228.,174.,202.,162.,10.1713271275
0.880151496802,Sample,14,7,51.,1,false,true,false,true,228.,174.,202.,162.,10.1713271275
1.01843335735,Voter,14,3,1.,1,false,true,false,true,4.,4.,8.,8.,0.
1.01843335735,Voter,14,3,6.,1,false,true,false,true,12.,12.,0.,0.,10.8680428167
1.01843335735,Voter,14,3,11.,1,false,true,false,true,12.,12.,0.,0.,11.11259919
1.01843335735,Voter,14,3,16.,1,false,true,false,true,12.,12.,0.,0.,11.1185631564
1.01843335735,Voter,14,3,21.,1,false,true,false,true,12.,12.,0.,0.,11.1187182327
1.01843335735,Voter,14,3,26.,1,false,true,false,true,12.,12.,0.,0.,11.1187224708
1.01843335735,Voter,14,3,31.,1,false,true,false,true,12.,12.,0.,0.,11.1187225911
1.01843335735,Voter,14,3,36.,1,false,true,false,true,12.,12.,0.,0.,11.1187225947
1.01843335735,Voter,14,3,41.,1,false,true,false,true,12.,12.,0.,0.,11.1187225948
1.01843335735,Voter,14,3,46.,1,false,true,false,true,12.,12.,0.,0.,11.1187225948
1.01843335735,Voter,14,3,51.,1,false,true,false,true,12.,12.,0.,0.,11.1187225948
1.1822385284,Voter,14,7,1.,1,false,true,false,true,52.,50.,76.,68.,0.
1.1822385284,Voter,14,7,6.,1,false,true,false,true,112.,96.,40.,38.,11.6782731731
1.1822385284,Voter,14,7,11.,1,false,true,false,true,112.,96.,40.,38.,12.0710468352
1.1822385284,Voter,14,7,16.,1,false,true,false,true,112.,96.,40.,38.,12.0850798868
1.1822385284,Voter,14,7,21.,1,false,true,false,true,112.,96.,40.,38.,12.0856072246
1.1822385284,Voter,14,7,26.,1,false,true,false,true,112.,96.,40.,38.,12.0856278707
1.1822385284,Voter,14,7,31.,1,false,true,false,true,112.,96.,40.,38.,12.0856287061
1.1822385284,Voter,14,7,36.,1,false,true,false,true,112.,96.,40.,38.,12.0856287408
1.1822385284,Voter,14,7,41.,1,false,true,false,true,112.,96.,40.,38.,12.0856287423
1.1822385284,Voter,14,7,46.,1,false,true,false,true,112.,96.,40.,38.,12.0856287424
1.1822385284,Voter,14,7,51.,1,false,true,false,true,112.,96.,40.,38.,12.0856287424
1.30329551829,Voter,14,6,1.,1,false,true,false,true,24.,22.,50.,42.,0.
1.30329551829,Voter,14,6,6.,1,false,true,false,true,56.,46.,38.,36.,12.1643257421
1.30329551829,Voter,14,6,11.,1,false,true,false,true,56.,46.,38.,36.,12.6870418252
1.30329551829,Voter,14,6,16.,1,false,true,false,true,56.,46.,38.,36.,12.7106554932
1.30329551829,Voter,14,6,21.,1,false,true,false,true,56.,46.,38.,36.,12.7117689515
1.30329551829,Voter,14,6,26.,1,false,true,false,true,56.,46.,38.,36.,12.7118233657
1.30329551829,Voter,14,6,31.,1,false,true,false,true,56.,46.,38.,36.,12.7118261044
1.30329551829,Voter,14,6,36.,1,false,true,false,true,56.,46.,38.,36.,12.7118262456
1.30329551829,Voter,14,6,41.,1,false,true,false,true,56.,46.,38.,36.,12.7118262531
1.30329551829,Voter,14,6,46.,1,false,true,false,true,56.,46.,38.,36.,12.7118262535
1.30329551829,Voter,14,6,51.,1,false,true,false,true,56.,46.,38.,36.,12.7118262535
1.09911224788,Sample,14,7,1.,1,false,true,false,true,70.,56.,146.,118.,0.
1.09911224788,Sample,14,7,6.,1,false,true,false,true,214.,174.,206.,168.,11.2908916197
1.09911224788,Sample,14,7,11.,1,false,true,false,true,220.,178.,208.,170.,11.6041887106
1.09911224788,Sample,14,7,16.,1,false,true,false,true,220.,178.,208.,170.,11.6135080523
1.09911224788,Sample,14,7,21.,1,false,true,false,true,220.,178.,208.,170.,11.6138014845
1.09911224788,Sample,14,7,26.,1,false,true,false,true,220.,178.,208.,170.,11.6138111508
1.09911224788,Sample,14,7,31.,1,false,true,false,true,220.,178.,208.,170.,11.6138114808
1.09911224788,Sample,14,7,36.,1,false,true,false,true,220.,178.,208.,170.,11.6138114924
1.09911224788,Sample,14,7,41.,1,false,true,false,true,220.,178.,208.,170.,11.6138114928
1.09911224788,Sample,14,7,46.,1,false,true,false,true,220.,178.,208.,170.,11.6138114928
1.09911224788,Sample,14,7,51.,1,false,true,false,true,220.,178.,208.,170.,11.6138114928
1.33814709494,Voter,14,5,1.,1,false,true,false,true,18.,18.,28.,28.,0.
1.33814709494,Voter,14,5,6.,1,false,true,false,true,40.,38.,10.,10.,12.2886772403
1.33814709494,Voter,14,5,11.,1,false,true,false,true,40.,38.,10.,10.,12.8516139983
1.33814709494,Voter,14,5,16.,1,false,true,false,true,40.,38.,10.,10.,12.8786562734
1.33814709494,Voter,14,5,21.,1,false,true,false,true,40.,38.,10.,10.,12.8800096428
1.33814709494,Voter,14,5,26.,1,false,true,false,true,40.,38.,10.,10.,12.8800797447
1.33814709494,Voter,14,5,31.,1,false,true,false,true,40.,38.,10.,10.,12.880083481
1.33814709494,Voter,14,5,36.,1,false,true,false,true,40.,38.,10.,10.,12.8800836849
1.33814709494,Voter,14,5,41.,1,false,true,false,true,40.,38.,10.,10.,12.8800836962
1.33814709494,Voter,14,5,46.,1,false,true,false,true,40.,38.,10.,10.,12.8800836969
1.33814709494,Voter,14,5,51.,1,false,true,false,true,40.,38.,10.,10.,12.8800836969
0.912397609174,Voter,14,3,1.,1,false,true,false,true,6.,6.,10.,10.,0.
0.912397609174,Voter,14,3,6.,1,false,true,false,true,10.,10.,6.,6.,10.2337478514
0.912397609174,Voter,14,3,11.,1,false,true,false,true,10.,10.,6.,6.,10.4014081102
0.912397609174,Voter,14,3,16.,1,false,true,false,true,10.,10.,6.,6.,10.4044404797
0.912397609174,Voter,14,3,21.,1,false,true,false,true,10.,10.,6.,6.,10.4044996383
0.912397609174,Voter,14,3,26.,1,false,true,false,true,10.,10.,6.,6.,10.4045008597
0.912397609174,Voter,14,3,31.,1,false,true,false,true,10.,10.,6.,6.,10.404500886
0.912397609174,Voter,14,3,36.,1,false,true,false,true,10.,10.,6.,6.,10.4045008866
0.912397609174,Voter,14,3,41.,1,false,true,false,true,10.,10.,6.,6.,10.4045008866
0.912397609174,Voter,14,3,46.,1,false,true,false,true,10.,10.,6.,6.,10.4045008866
0.912397609174,Voter,14,3,51.,1,false,true,false,true,10.,10.,6.,6.,10.4045008866
0.920417670676,Sample,14,3,1.,1,false,true,false,true,0.,0.,10.,8.,0.
0.920417670676,Sample,14,3,6.,1,false,true,false,true,8.,6.,2.,2.,10.2850825642
0.920417670676,Sample,14,3,11.,1,false,true,false,true,8.,6.,2.,2.,10.4580085286
0.920417670676,Sample,14,3,16.,1,false,true,false,true,8.,6.,2.,2.,10.4612131258
0.920417670676,Sample,14,3,21.,1,false,true,false,true,8.,6.,2.,2.,10.4612771215
0.920417670676,Sample,14,3,26.,1,false,true,false,true,8.,6.,2.,2.,10.4612784731
0.920417670676,Sample,14,3,31.,1,false,true,false,true,8.,6.,2.,2.,10.4612785029
0.920417670676,Sample,14,3,36.,1,false,true,false,true,8.,6.,2.,2.,10.4612785036
0.920417670676,Sample,14,3,41.,1,false,true,false,true,8.,6.,2.,2.,10.4612785036
0.920417670676,Sample,14,3,46.,1,false,true,false,true,8.,6.,2.,2.,10.4612785036
0.920417670676,Sample,14,3,51.,1,false,true,false,true,8.,6.,2.,2.,10.4612785036
0.88149559471,Voter,14,6,1.,1,false,true,false,true,36.,30.,46.,42.,0.
0.88149559471,Voter,14,6,6.,1,false,true,false,true,64.,52.,18.,18.,10.0305035423
0.88149559471,Voter,14,6,11.,1,false,true,false,true,64.,52.,18.,18.,10.178727945
0.88149559471,Voter,14,6,16.,1,false,true,false,true,64.,52.,18.,18.,10.1811619071
0.88149559471,Voter,14,6,21.,1,false,true,false,true,64.,52.,18.,18.,10.1812051861
0.88149559471,Voter,14,6,26.,1,false,true,false,true,64.,52.,18.,18.,10.1812060023
0.88149559471,Voter,14,6,31.,1,false,true,false,true,64.,52.,18.,18.,10.1812060184
0.88149559471,Voter,14,6,36.,1,false,true,false,true,64.,52.,18.,18.,10.1812060187
0.88149559471,Voter,14,6,41.,1,false,true,false,true,64.,52.,18.,18.,10.1812060187
0.88149559471,Voter,14,6,46.,1,false,true,false,true,64.,52.,18.,18.,10.1812060187
0.88149559471,Voter,14,6,51.,1,false,true,false,true,64.,52.,18.,18.,10.1812060187
1.05182227521,Voter,14,3,1.,1,false,true,false,true,16.,14.,10.,10.,0.
1.05182227521,Voter,14,3,6.,1,false,true,false,true,18.,18.,4.,4.,11.0489436429
1.05182227521,Voter,14,3,11.,1,false,true,false,true,18.,18.,4.,4.,11.3209070276
1.05182227521,Voter,14,3,16.,1,false,true,false,true,18.,18.,4.,4.,11.3281272383
1.05182227521,Voter,14,3,21.,1,false,true,false,true,18.,18.,4.,4.,11.3283309766
1.05182227521,Voter,14,3,26.,1,false,true,false,true,18.,18.,4.,4.,11.3283370072
1.05182227521,Voter,14,3,31.,1,false,true,false,true,18.,18.,4.,4.,11.3283371925
1.05182227521,Voter,14,3,36.,1,false,true,false,true,18.,18.,4.,4.,11.3283371983
1.05182227521,Voter,14,3,41.,1,false,true,false,true,18.,18.,4.,4.,11.3283371985
1.05182227521,Voter,14,3,46.,1,false,true,false,true,18.,18.,4.,4.,11.3283371985
1.05182227521,Voter,14,3,51.,1,false,true,false,true,18.,18.,4.,4.,11.3283371985
1.27819081586,Voter,14,6,1.,1,false,true,false,true,18.,18.,32.,30.,0.
1.27819081586,Voter,14,6,6.,1,false,true,false,true,66.,58.,20.,20.,12.0706017549
1.27819081586,Voter,14,6,11.,1,false,true,false,true,66.,58.,20.,20.,12.5650883316
1.27819081586,Voter,14,6,16.,1,false,true,false,true,66.,58.,20.,20.,12.5864256008
1.27819081586,Voter,14,6,21.,1,false,true,false,true,66.,58.,20.,20.,12.5873880167
1.27819081586,Voter,14,6,26.,1,false,true,false,true,66.,58.,20.,20.,12.5874330523
1.27819081586,Voter,14,6,31.,1,false,true,false,true,66.,58.,20.,20.,12.5874352242
1.27819081586,Voter,14,6,36.,1,false,true,false,true,66.,58.,20.,20.,12.5874353316
1.27819081586,Voter,14,6,41.,1,false,true,false,true,66.,58.,20.,20.,12.587435337
1.27819081586,Voter,14,6,46.,1,false,true,false,true,66.,58.,20.,20.,12.5874353373
1.27819081586,Voter,14,6,51.,1,false,true,false,true,66.,58.,20.,20.,12.5874353373
0.845407575613,Voter,14,6,1.,1,false,true,false,true,46.,40.,36.,34.,0.
0.845407575613,Voter,14,6,6.,1,false,true,false,true,66.,58.,36.,36.,9.78184014055
0.845407575613,Voter,14,6,11.,1,false,true,false,true,68.,60.,38.,38.,9.90908655399
0.845407575613,Voter,14,6,16.,1,false,true,false,true,68.,60.,38.,38.,9.91094153044
0.845407575613,Voter,14,6,21.,1,false,true,false,true,68.,60.,38.,38.,9.91097095514
0.845407575613,Voter,14,6,26.,1,false,true,false,true,68.,60.,38.,38.,9.91097145148
0.845407575613,Voter,14,6,31.,1,false,true,false,true,68.,60.,38.,38.,9.91097146024
0.845407575613,Voter,14,6,36.,1,false,true,false,true,68.,60.,38.,38.,9.9109714604
0.845407575613,Voter,14,6,41.,1,false,true,false,true,68.,60.,38.,38.,9.91097146041
0.845407575613,Voter,14,6,46.,1,false,true,false,true,68.,60.,38.,38.,9.91097146041
0.845407575613,Voter,14,6,51.,1,false,true,false,true,68.,60.,38.,38.,9.91097146041
1.24398113196,Sample,14,6,1.,1,false,true,false,true,12.,12.,56.,46.,0.
1.24398113196,Sample,14,6,6.,1,false,true,false,true,74.,66.,30.,30.,11.9370763487
1.24398113196,Sample,14,6,11.,1,false,true,false,true,74.,66.,30.,30.,12.394144468
1.24398113196,Sample,14,6,16.,1,false,true,false,true,74.,66.,30.,30.,12.4126305418
1.24398113196,Sample,14,6,21.,1,false,true,false,true,74.,66.,30.,30.,12.4134137021
1.24398113196,Sample,14,6,26.,1,false,true,false,true,74.,66.,30.,30.,12.413448173
1.24398113196,Sample,14,6,31.,1,false,true,false,true,74.,66.,30.,30.,12.4134497383
1.24398113196,Sample,14,6,36.,1,false,true,false,true,74.,66.,30.,30.,12.4134498112
1.24398113196,Sample,14,6,41.,1,false,true,false,true,74.,66.,30.,30.,12.4134498147
1.24398113196,Sample,14,6,46.,1,false,true,false,true,74.,66.,30.,30.,12.4134498148
1.24398113196,Sample,14,6,51.,1,false,true,false,true,74.,66.,30.,30.,12.4134498148
0.877757435333,Voter,14,5,1.,1,false,true,false,true,36.,32.,50.,46.,0.
0.877757435333,Voter,14,5,6.,1,false,true,false,true,74.,62.,28.,28.,10.0053201444
0.877757435333,Voter,14,5,11.,1,false,true,false,true,72.,62.,26.,26.,10.1512854844
0.877757435333,Voter,14,5,16.,1,false,true,false,true,72.,62.,26.,26.,10.1536537335
0.877757435333,Voter,14,5,21.,1,false,true,false,true,72.,62.,26.,26.,10.1536953616
0.877757435333,Voter,14,5,26.,1,false,true,false,true,72.,62.,26.,26.,10.1536961379
0.877757435333,Voter,14,5,31.,1,false,true,false,true,72.,62.,26.,26.,10.153696153
0.877757435333,Voter,14,5,36.,1,false,true,false,true,72.,62.,26.,26.,10.1536961533
0.877757435333,Voter,14,5,41.,1,false,true,false,true,72.,62.,26.,26.,10.1536961533
0.877757435333,Voter,14,5,46.,1,false,true,false,true,72.,62.,26.,26.,10.1536961533
0.877757435333,Voter,14,5,51.,1,false,true,false,true,72.,62.,26.,26.,10.1536961533
1.21365493192,Sample,14,5,1.,1,false,true,false,true,26.,26.,70.,54.,0.
1.21365493192,Sample,14,5,6.,1,false,true,false,true,90.,74.,74.,64.,11.8128993415
1.21365493192,Sample,14,5,11.,1,false,true,false,true,98.,80.,74.,66.,12.2378521276
1.21365493192,Sample,14,5,16.,1,false,true,false,true,98.,80.,74.,66.,12.2540430654
1.21365493192,Sample,14,5,21.,1,false,true,false,true,98.,80.,74.,66.,12.2546904999
1.21365493192,Sample,14,5,26.,1,false,true,false,true,98.,80.,74.,66.,12.2547174338
1.21365493192,Sample,14,5,31.,1,false,true,false,true,98.,80.,74.,66.,12.2547185908
1.21365493192,Sample,14,5,36.,1,false,true,false,true,98.,80.,74.,66.,12.2547186418
1.21365493192,Sample,14,5,41.,1,false,true,false,true,98.,80.,74.,66.,12.2547186441
1.21365493192,Sample,14,5,46.,1,false,true,false,true,98.,80.,74.,66.,12.2547186442
1.21365493192,Sample,14,5,51.,1,false,true,false,true,98.,80.,74.,66.,12.2547186442
1.22465937652,Voter,14,7,1.,1,false,true,false,true,82.,72.,88.,72.,0.
1.22465937652,Voter,14,7,6.,1,false,true,false,true,124.,100.,54.,50.,11.858604206
1.22465937652,Voter,14,7,11.,1,false,true,false,true,124.,100.,54.,50.,12.2950932358
1.22465937652,Voter,14,7,16.,1,false,true,false,true,124.,100.,54.,50.,12.3120923971
1.22465937652,Voter,14,7,21.,1,false,true,false,true,124.,100.,54.,50.,12.3127867175
1.22465937652,Voter,14,7,26.,1,false,true,false,true,124.,100.,54.,50.,12.3128162064
1.22465937652,Voter,14,7,31.,1,false,true,false,true,124.,100.,54.,50.,12.3128174992
1.22465937652,Voter,14,7,36.,1,false,true,false,true,124.,100.,54.,50.,12.3128175573
1.22465937652,Voter,14,7,41.,1,false,true,false,true,124.,100.,54.,50.,12.31281756
1.22465937652,Voter,14,7,46.,1,false,true,false,true,124.,100.,54.,50.,12.3128175601
1.22465937652,Voter,14,7,51.,1,false,true,false,true,124.,100.,54.,50.,12.3128175601
1.29210274719,Sample,14,4,1.,1,false,true,false,true,18.,18.,56.,46.,0.
1.29210274719,Sample,14,4,6.,1,false,true,false,true,74.,58.,96.,70.,12.1229767467
1.29210274719,Sample,14,4,11.,1,false,true,false,true,76.,60.,98.,72.,12.6330282336
1.29210274719,Sample,14,4,16.,1,false,true,false,true,76.,60.,98.,72.,12.6556073435
1.29210274719,Sample,14,4,21.,1,false,true,false,true,76.,60.,98.,72.,12.6566513143
1.29210274719,Sample,14,4,26.,1,false,true,false,true,76.,60.,98.,72.,12.6567013629
1.29210274719,Sample,14,4,31.,1,false,true,false,true,76.,60.,98.,72.,12.6567038348
1.29210274719,Sample,14,4,36.,1,false,true,false,true,76.,60.,98.,72.,12.6567039599
1.29210274719,Sample,14,4,41.,1,false,true,false,true,76.,60.,98.,72.,12.6567039664
1.29210274719,Sample,14,4,46.,1,false,true,false,true,76.,60.,98.,72.,12.6567039667
1.29210274719,Sample,14,4,51.,1,false,true,false,true,76.,60.,98.,72.,12.6567039668
1.38240573847,Sample,14,3,1.,1,false,true,false,true,6.,6.,30.,28.,0.
1.38240573847,Sample,14,3,6.,1,false,true,false,true,46.,42.,70.,52.,12.4373343865
1.38240573847,Sample,14,3,11.,1,false,true,false,true,48.,42.,72.,52.,13.0529826906
1.38240573847,Sample,14,3,16.,1,false,true,false,true,48.,42.,72.,52.,13.084846285
1.38240573847,Sample,14,3,21.,1,false,true,false,true,48.,42.,72.,52.,13.0865605301
1.38240573847,Sample,14,3,26.,1,false,true,false,true,48.,42.,72.,52.,13.0866558291
1.38240573847,Sample,14,3,31.,1,false,true,false,true,48.,42.,72.,52.,13.0866612741
1.38240573847,Sample,14,3,36.,1,false,true,false,true,48.,42.,72.,52.,13.0866615924
1.38240573847,Sample,14,3,41.,1,false,true,false,true,48.,42.,72.,52.,13.0866616114
1.38240573847,Sample,14,3,46.,1,false,true,false,true,48.,42.,72.,52.,13.0866616125
1.38240573847,Sample,14,3,51.,1,false,true,false,true,48.,42.,72.,52.,13.0866616126
1.00557183751,Voter,14,6,1.,1,false,true,false,true,40.,36.,40.,38.,0.
1.00557183751,Voter,14,6,6.,1,false,true,false,true,70.,60.,18.,18.,10.7960469111
1.00557183751,Voter,14,6,11.,1,false,true,false,true,70.,60.,18.,18.,11.0304471766
1.00557183751,Voter,14,6,16.,1,false,true,false,true,70.,60.,18.,18.,11.0359734443
1.00557183751,Voter,14,6,21.,1,false,true,false,true,70.,60.,18.,18.,11.0361125398
1.00557183751,Voter,14,6,26.,1,false,true,false,true,70.,60.,18.,18.,11.0361162223
1.00557183751,Voter,14,6,31.,1,false,true,false,true,70.,60.,18.,18.,11.0361163237
1.00557183751,Voter,14,6,36.,1,false,true,false,true,70.,60.,18.,18.,11.0361163266
1.00557183751,Voter,14,6,41.,1,false,true,false,true,70.,60.,18.,18.,11.0361163267
1.00557183751,Voter,14,6,46.,1,false,true,false,true,70.,60.,18.,18.,11.0361163267
1.00557183751,Voter,14,6,51.,1,false,true,false,true,70.,60.,18.,18.,11.0361163267
0.912660205731,Sample,14,4,1.,1,false,true,false,true,18.,18.,44.,34.,0.
0.912660205731,Sample,14,4,6.,1,false,true,false,true,82.,66.,88.,68.,10.2354377785
0.912660205731,Sample,14,4,11.,1,false,true,false,true,82.,66.,88.,68.,10.4032690068
0.912660205731,Sample,14,4,16.,1,false,true,false,true,82.,66.,88.,68.,10.406306901
0.912660205731,Sample,14,4,21.,1,false,true,false,true,82.,66.,88.,68.,10.4063662131
0.912660205731,Sample,14,4,26.,1,false,true,false,true,82.,66.,88.,68.,10.4063674385
0.912660205731,Sample,14,4,31.,1,false,true,false,true,82.,66.,88.,68.,10.4063674649
0.912660205731,Sample,14,4,36.,1,false,true,false,true,82.,66.,88.,68.,10.4063674655
0.912660205731,Sample,14,4,41.,1,false,true,false,true,82.,66.,88.,68.,10.4063674655
0.912660205731,Sample,14,4,46.,1,false,true,false,true,82.,66.,88.,68.,10.4063674655
0.912660205731,Sample,14,4,51.,1,false,true,false,true,82.,66.,88.,68.,10.4063674655
0.935677768723,Voter,14,3,1.,1,false,true,false,true,0.,0.,6.,6.,0.
0.935677768723,Voter,14,3,6.,1,false,true,false,true,6.,6.,0.,0.,10.3811873616
0.935677768723,Voter,14,3,11.,1,false,true,false,true,6.,6.,0.,0.,10.5643837281
0.935677768723,Voter,14,3,16.,1,false,true,false,true,6.,6.,0.,0.,10.5679365036
0.935677768723,Voter,14,3,21.,1,false,true,false,true,6.,6.,0.,0.,10.568010618
0.935677768723,Voter,14,3,26.,1,false,true,false,true,6.,6.,0.,0.,10.5680122516
0.935677768723,Voter,14,3,31.,1,false,true,false,true,6.,6.,0.,0.,10.5680122891
0.935677768723,Voter,14,3,36.,1,false,true,false,true,6.,6.,0.,0.,10.56801229
0.935677768723,Voter,14,3,41.,1,false,true,false,true,6.,6.,0.,0.,10.56801229
0.935677768723,Voter,14,3,46.,1,false,true,false,true,6.,6.,0.,0.,10.56801229
0.935677768723,Voter,14,3,51.,1,false,true,false,true,6.,6.,0.,0.,10.56801229
1.32066617073,Sample,14,5,1.,1,false,true,false,true,46.,44.,86.,76.,0.
1.32066617073,Sample,14,5,6.,1,false,true,false,true,134.,118.,130.,126.,12.2271277197
1.32066617073,Sample,14,5,11.,1,false,true,false,true,138.,120.,130.,126.,12.7697439479
1.32066617073,Sample,14,5,16.,1,false,true,false,true,138.,120.,130.,126.,12.795026852
1.32066617073,Sample,14,5,21.,1,false,true,false,true,138.,120.,130.,126.,12.7962553009
1.32066617073,Sample,14,5,26.,1,false,true,false,true,138.,120.,130.,126.,12.7963171194
1.32066617073,Sample,14,5,31.,1,false,true,false,true,138.,120.,130.,126.,12.7963203218
1.32066617073,Sample,14,5,36.,1,false,true,false,true,138.,120.,130.,126.,12.7963204917
1.32066617073,Sample,14,5,41.,1,false,true,false,true,138.,120.,130.,126.,12.7963205009
1.32066617073,Sample,14,5,46.,1,false,true,false,true,138.,120.,130.,126.,12.7963205014
1.32066617073,Sample,14,5,51.,1,false,true,false,true,138.,120.,130.,126.,12.7963205014
0.938753021035,Sample,14,3,1.,1,false,true,false,true,4.,4.,14.,12.,0.
0.938753021035,Sample,14,3,6.,1,false,true,false,true,12.,12.,6.,6.,10.400307947
0.938753021035,Sample,14,3,11.,1,false,true,false,true,16.,16.,6.,6.,10.5856137954
0.938753021035,Sample,14,3,16.,1,false,true,false,true,16.,16.,6.,6.,10.5892400812
0.938753021035,Sample,14,3,21.,1,false,true,false,true,16.,16.,6.,6.,10.5893163882
0.938753021035,Sample,14,3,26.,1,false,true,false,true,16.,16.,6.,6.,10.5893180844
0.938753021035,Sample,14,3,31.,1,false,true,false,true,16.,16.,6.,6.,10.5893181237
0.938753021035,Sample,14,3,36.,1,false,true,false,true,16.,16.,6.,6.,10.5893181246
0.938753021035,Sample,14,3,41.,1,false,true,false,true,16.,16.,6.,6.,10.5893181246
0.938753021035,Sample,14,3,46.,1,false,true,false,true,16.,16.,6.,6.,10.5893181246
0.938753021035,Sample,14,3,51.,1,false,true,false,true,16.,16.,6.,6.,10.5893181246
0.871298093337,Voter,14,4,1.,1,false,true,false,true,16.,14.,10.,10.,0.
0.871298093337,Voter,14,4,6.,1,false,true,false,true,24.,20.,10.,10.,9.96149528294
0.871298093337,Voter,14,4,11.,1,false,true,false,true,24.,20.,10.,10.,10.103603962
0.871298093337,Voter,14,4,16.,1,false,true,false,true,24.,20.,10.,10.,10.1058618917
0.871298093337,Voter,14,4,21.,1,false,true,false,true,24.,20.,10.,10.,10.1059007918
0.871298093337,Voter,14,4,26.,1,false,true,false,true,24.,20.,10.,10.,10.1059015031
0.871298093337,Voter,14,4,31.,1,false,true,false,true,24.,20.,10.,10.,10.1059015167
0.871298093337,Voter,14,4,36.,1,false,true,false,true,24.,20.,10.,10.,10.1059015169
0.871298093337,Voter,14,4,41.,1,false,true,false,true,24.,20.,10.,10.,10.1059015169
0.871298093337,Voter,14,4,46.,1,false,true,false,true,24.,20.,10.,10.,10.1059015169
0.871298093337,Voter,14,4,51.,1,false,true,false,true,24.,20.,10.,10.,10.1059015169
0.930840878702,Voter,14,6,1.,1,false,true,false,true,32.,32.,40.,34.,0.
0.930840878702,Voter,14,6,6.,1,false,true,false,true,60.,50.,12.,12.,10.3509469886
0.930840878702,Voter,14,6,11.,1,false,true,false,true,60.,50.,12.,12.,10.5308524333
0.930840878702,Voter,14,6,16.,1,false,true,false,true,60.,50.,12.,12.,10.5342918843
0.930840878702,Voter,14,6,21.,1,false,true,false,true,60.,50.,12.,12.,10.5343626564
0.930840878702,Voter,14,6,26.,1,false,true,false,true,60.,50.,12.,12.,10.5343641955
0.930840878702,Voter,14,6,31.,1,false,true,false,true,60.,50.,12.,12.,10.5343642304
0.930840878702,Voter,14,6,36.,1,false,true,false,true,60.,50.,12.,12.,10.5343642312
0.930840878702,Voter,14,6,41.,1,false,true,false,true,60.,50.,12.,12.,10.5343642313
0.930840878702,Voter,14,6,46.,1,false,true,false,true,60.,50.,12.,12.,10.5343642313
0.930840878702,Voter,14,6,51.,1,false,true,false,true,60.,50.,12.,12.,10.5343642313
1.02272364049,Voter,14,7,1.,1,false,true,false,true,22.,20.,38.,38.,0.
1.02272364049,Voter,14,7,6.,1,false,true,false,true,70.,58.,14.,14.,10.891769347
1.02272364049,Voter,14,7,11.,1,false,true,false,true,70.,58.,14.,14.,11.1397634847
1.02272364049,Voter,14,7,16.,1,false,true,false,true,70.,58.,14.,14.,11.1458790318
1.02272364049,Voter,14,7,21.,1,false,true,false,true,70.,58.,14.,14.,11.1460397636
1.02272364049,Voter,14,7,26.,1,false,true,false,true,70.,58.,14.,14.,11.1460442025
1.02272364049,Voter,14,7,31.,1,false,true,false,true,70.,58.,14.,14.,11.1460443298
1.02272364049,Voter,14,7,36.,1,false,true,false,true,70.,58.,14.,14.,11.1460443336
1.02272364049,Voter,14,7,41.,1,false,true,false,true,70.,58.,14.,14.,11.1460443337
1.02272364049,Voter,14,7,46.,1,false,true,false,true,70.,58.,14.,14.,11.1460443337
1.02272364049,Voter,14,7,51.,1,false,true,false,true,70.,58.,14.,14.,11.1460443337
0.821707194696,Voter,14,6,1.,1,false,true,false,true,32.,30.,54.,52.,0.
0.821707194696,Voter,14,6,6.,1,false,true,false,true,74.,70.,56.,56.,9.6116365241
0.821707194696,Voter,14,6,11.,1,false,true,false,true,76.,72.,54.,54.,9.72611326748
0.821707194696,Voter,14,6,16.,1,false,true,false,true,76.,72.,54.,54.,9.72765053175
0.821707194696,Voter,14,6,21.,1,false,true,false,true,76.,72.,54.,54.,9.72767307078
0.821707194696,Voter,14,6,26.,1,false,true,false,true,76.,72.,54.,54.,9.72767342283
0.821707194696,Voter,14,6,31.,1,false,true,false,true,76.,72.,54.,54.,9.72767342859
0.821707194696,Voter,14,6,36.,1,false,true,false,true,76.,72.,54.,54.,9.72767342869
0.821707194696,Voter,14,6,41.,1,false,true,false,true,76.,72.,54.,54.,9.72767342869
0.821707194696,Voter,14,6,46.,1,false,true,false,true,76.,72.,54.,54.,9.72767342869
0.821707194696,Voter,14,6,51.,1,false,true,false,true,76.,72.,54.,54.,9.72767342869
0.987124249581,Sample,14,3,1.,1,false,true,false,true,4.,4.,16.,14.,0.
0.987124249581,Sample,14,3,6.,1,false,true,false,true,14.,12.,2.,2.,10.6904749576
0.987124249581,Sample,14,3,11.,1,false,true,false,true,14.,12.,2.,2.,10.9107028159
0.987124249581,Sample,14,3,16.,1,false,true,false,true,14.,12.,2.,2.,10.9156436865
0.987124249581,Sample,14,3,21.,1,false,true,false,true,14.,12.,2.,2.,10.9157622528
0.987124249581,Sample,14,3,26.,1,false,true,false,true,14.,12.,2.,2.,10.915765249
0.987124249581,Sample,14,3,31.,1,false,true,false,true,14.,12.,2.,2.,10.9157653278
0.987124249581,Sample,14,3,36.,1,false,true,false,true,14.,12.,2.,2.,10.9157653299
0.987124249581,Sample,14,3,41.,1,false,true,false,true,14.,12.,2.,2.,10.91576533
0.987124249581,Sample,14,3,46.,1,false,true,false,true,14.,12.,2.,2.,10.91576533
0.987124249581,Sample,14,3,51.,1,false,true,false,true,14.,12.,2.,2.,10.91576533
0.961957768684,Voter,14,4,1.,1,false,true,false,true,20.,20.,34.,30.,0.
0.961957768684,Voter,14,4,6.,1,false,true,false,true,26.,24.,32.,28.,10.541963728
0.961957768684,Voter,14,4,11.,1,false,true,false,true,26.,24.,32.,28.,10.7436151342
0.961957768684,Voter,14,4,16.,1,false,true,false,true,26.,24.,32.,28.,10.7478339033
0.961957768684,Voter,14,4,21.,1,false,true,false,true,26.,24.,32.,28.,10.7479285633
0.961957768684,Voter,14,4,26.,1,false,true,false,true,26.,24.,32.,28.,10.7479308035
0.961957768684,Voter,14,4,31.,1,false,true,false,true,26.,24.,32.,28.,10.7479308587
0.961957768684,Voter,14,4,36.,1,false,true,false,true,26.,24.,32.,28.,10.7479308601
0.961957768684,Voter,14,4,41.,1,false,true,false,true,26.,24.,32.,28.,10.7479308602
0.961957768684,Voter,14,4,46.,1,false,true,false,true,26.,24.,32.,28.,10.7479308602
0.961957768684,Voter,14,4,51.,1,false,true,false,true,26.,24.,32.,28.,10.7479308602
1.06476243148,Sample,14,6,1.,1,false,true,false,true,72.,70.,122.,112.,0.
1.06476243148,Sample,14,6,6.,1,false,true,false,true,166.,146.,188.,176.,11.1167794671
1.06476243148,Sample,14,6,11.,1,false,true,false,true,174.,150.,192.,180.,11.3997635144
1.06476243148,Sample,14,6,16.,1,false,true,false,true,174.,150.,192.,180.,11.4075195035
1.06476243148,Sample,14,6,21.,1,false,true,false,true,174.,150.,192.,180.,11.4077451814
1.06476243148,Sample,14,6,26.,1,false,true,false,true,174.,150.,192.,180.,11.4077520646
1.06476243148,Sample,14,6,31.,1,false,true,false,true,174.,150.,192.,180.,11.4077522824
1.06476243148,Sample,14,6,36.,1,false,true,false,true,174.,150.,192.,180.,11.4077522895
1.06476243148,Sample,14,6,41.,1,false,true,false,true,174.,150.,192.,180.,11.4077522898
1.06476243148,Sample,14,6,46.,1,false,true,false,true,174.,150.,192.,180.,11.4077522898
1.06476243148,Sample,14,6,51.,1,false,true,false,true,174.,150.,192.,180.,11.4077522898
1.188527515,Voter,14,4,1.,1,false,true,false,true,8.,8.,12.,12.,0.
1.188527515,Voter,14,4,6.,1,false,true,false,true,22.,20.,6.,6.,11.7057214739
1.188527515,Voter,14,4,11.,1,false,true,false,true,22.,20.,6.,6.,12.104845889
1.188527515,Voter,14,4,16.,1,false,true,false,true,22.,20.,6.,6.,12.1192935192
1.188527515,Voter,14,4,21.,1,false,true,false,true,22.,20.,6.,6.,12.119843339
1.188527515,Voter,14,4,26.,1,false,true,false,true,22.,20.,6.,6.,12.1198651325
1.188527515,Voter,14,4,31.,1,false,true,false,true,22.,20.,6.,6.,12.1198660251
1.188527515,Voter,14,4,36.,1,false,true,false,true,22.,20.,6.,6.,12.1198660627
1.188527515,Voter,14,4,41.,1,false,true,false,true,22.,20.,6.,6.,12.1198660643
1.188527515,Voter,14,4,46.,1,false,true,false,true,22.,20.,6.,6.,12.1198660644
1.188527515,Voter,14,4,51.,1,false,true,false,true,22.,20.,6.,6.,12.1198660644
0.808009495343,Sample,14,7,1.,1,false,true,false,true,136.,124.,216.,172.,0.
0.808009495343,Sample,14,7,6.,1,false,true,false,true,228.,186.,216.,184.,9.51069165778
0.808009495343,Sample,14,7,11.,1,false,true,false,true,228.,186.,216.,184.,9.6181509701
0.808009495343,Sample,14,7,16.,1,false,true,false,true,228.,186.,216.,184.,9.61952503655
0.808009495343,Sample,14,7,21.,1,false,true,false,true,228.,186.,216.,184.,9.61954425918
0.808009495343,Sample,14,7,26.,1,false,true,false,true,228.,186.,216.,184.,9.61954454597
0.808009495343,Sample,14,7,31.,1,false,true,false,true,228.,186.,216.,184.,9.61954455045
0.808009495343,Sample,14,7,36.,1,false,true,false,true,228.,186.,216.,184.,9.61954455052
0.808009495343,Sample,14,7,41.,1,false,true,false,true,228.,186.,216.,184.,9.61954455053
0.808009495343,Sample,14,7,46.,1,false,true,false,true,228.,186.,216.,184.,9.61954455053
0.808009495343,Sample,14,7,51.,1,false,true,false,true,228.,186.,216.,184.,9.61954455053
1.25380138094,Sample,14,3,1.,1,false,true,false,true,6.,6.,12.,12.,0.
1.25380138094,Sample,14,3,6.,1,false,true,false,true,32.,32.,26.,26.,11.9761056942
1.25380138094,Sample,14,3,11.,1,false,true,false,true,32.,32.,26.,26.,12.4437883688
1.25380138094,Sample,14,3,16.,1,false,true,false,true,32.,32.,26.,26.,12.4630639365
1.25380138094,Sample,14,3,21.,1,false,true,false,true,32.,32.,26.,26.,12.4638955858
1.25380138094,Sample,14,3,26.,1,false,true,false,true,32.,32.,26.,26.,12.4639328495
1.25380138094,Sample,14,3,31.,1,false,true,false,true,32.,32.,26.,26.,12.4639345716
1.25380138094,Sample,14,3,36.,1,false,true,false,true,32.,32.,26.,26.,12.4639346532
1.25380138094,Sample,14,3,41.,1,false,true,false,true,32.,32.,26.,26.,12.4639346571
1.25380138094,Sample,14,3,46.,1,false,true,false,true,32.,32.,26.,26.,12.4639346573
1.25380138094,Sample,14,3,51.,1,false,true,false,true,32.,32.,26.,26.,12.4639346573
1.16887400119,Sample,14,6,1.,1,false,true,false,true,64.,54.,126.,92.,0.
1.16887400119,Sample,14,6,6.,1,false,true,false,true,168.,124.,186.,134.,11.619099721
1.16887400119,Sample,14,6,11.,1,false,true,false,true,174.,128.,184.,132.,11.9985314089
1.16887400119,Sample,14,6,16.,1,false,true,false,true,174.,128.,184.,132.,12.0117116539
1.16887400119,Sample,14,6,21.,1,false,true,false,true,174.,128.,184.,132.,12.0121936631
1.16887400119,Sample,14,6,26.,1,false,true,false,true,174.,128.,184.,132.,12.0122120402
1.16887400119,Sample,14,6,31.,1,false,true,false,true,174.,128.,184.,132.,12.0122127647
1.16887400119,Sample,14,6,36.,1,false,true,false,true,174.,128.,184.,132.,12.012212794
1.16887400119,Sample,14,6,41.,1,false,true,false,true,174.,128.,184.,132.,12.0122127953
1.16887400119,Sample,14,6,46.,1,false,true,false,true,174.,128.,184.,132.,12.0122127953
1.16887400119,Sample,14,6,51.,1,false,true,false,true,174.,128.,184.,132.,12.0122127953
1.36786630601,Voter,14,6,1.,1,false,true,false,true,22.,20.,52.,46.,0.
1.36786630601,Voter,14,6,6.,1,false,true,false,true,50.,46.,28.,28.,12.3896123574
1.36786630601,Voter,14,6,11.,1,false,true,false,true,50.,46.,28.,28.,12.9877497992
1.36786630601,Voter,14,6,16.,1,false,true,false,true,50.,46.,28.,28.,13.0179705955
1.36786630601,Voter,14,6,21.,1,false,true,false,true,50.,46.,28.,28.,13.0195589161
1.36786630601,Voter,14,6,26.,1,false,true,false,true,50.,46.,28.,28.,13.0196452207
1.36786630601,Voter,14,6,31.,1,false,true,false,true,50.,46.,28.,28.,13.0196500422
1.36786630601,Voter,14,6,36.,1,false,true,false,true,50.,46.,28.,28.,13.0196503179
1.36786630601,Voter,14,6,41.,1,false,true,false,true,50.,46.,28.,28.,13.019650334
1.36786630601,Voter,14,6,46.,1,false,true,false,true,50.,46.,28.,28.,13.0196503349
1.36786630601,Voter,14,6,51.,1,false,true,false,true,50.,46.,28.,28.,13.019650335
1.04841537724,Sample,14,6,1.,1,false,true,false,true,48.,40.,98.,76.,0.
1.04841537724,Sample,14,6,6.,1,false,true,false,true,164.,132.,170.,132.,11.0308751454
1.04841537724,Sample,14,6,11.,1,false,true,false,true,166.,132.,168.,130.,11.2999737813
1.04841537724,Sample,14,6,16.,1,false,true,false,true,166.,132.,168.,130.,11.3070575851
1.04841537724,Sample,14,6,21.,1,false,true,false,true,166.,132.,168.,130.,11.3072558476
1.04841537724,Sample,14,6,26.,1,false,true,false,true,166.,132.,168.,130.,11.3072616696
1.04841537724,Sample,14,6,31.,1,false,true,false,true,166.,132.,168.,130.,11.307261847
1.04841537724,Sample,14,6,36.,1,false,true,false,true,166.,132.,168.,130.,11.3072618526
1.04841537724,Sample,14,6,41.,1,false,true,false,true,166.,132.,168.,130.,11.3072618528
1.04841537724,Sample,14,6,46.,1,false,true,false,true,166.,132.,168.,130.,11.3072618528
1.04841537724,Sample,14,6,51.,1,false,true,false,true,166.,132.,168.,130.,11.3072618528
1.1026718909,Sample,14,7,1.,1,false,true,false,true,80.,74.,164.,134.,0.
1.1026718909,Sample,14,7,6.,1,false,true,false,true,174.,136.,174.,130.,11.3084499595
1.1026718909,Sample,14,7,11.,1,false,true,false,true,178.,136.,170.,126.,11.6249750567
1.1026718909,Sample,14,7,16.,1,false,true,false,true,178.,136.,170.,126.,11.6344685777
1.1026718909,Sample,14,7,21.,1,false,true,false,true,178.,136.,170.,126.,11.6347698866
1.1026718909,Sample,14,7,26.,1,false,true,false,true,178.,136.,170.,126.,11.63477989
1.1026718909,Sample,14,7,31.,1,false,true,false,true,178.,136.,170.,126.,11.6347802341
1.1026718909,Sample,14,7,36.,1,false,true,false,true,178.,136.,170.,126.,11.6347802463
1.1026718909,Sample,14,7,41.,1,false,true,false,true,178.,136.,170.,126.,11.6347802467
1.1026718909,Sample,14,7,46.,1,false,true,false,true,178.,136.,170.,126.,11.6347802467
1.1026718909,Sample,14,7,51.,1,false,true,false,true,178.,136.,170.,126.,11.6347802467
1.35046543336,Voter,14,5,1.,1,false,true,false,true,18.,16.,26.,22.,0.
1.35046543336,Voter,14,5,6.,1,false,true,false,true,46.,38.,26.,24.,12.3310733113
1.35046543336,Voter,14,5,11.,1,false,true,false,true,46.,38.,26.,24.,12.9085021501
1.35046543336,Voter,14,5,16.,1,false,true,false,true,46.,38.,26.,24.,12.9368329581
1.35046543336,Voter,14,5,21.,1,false,true,false,true,46.,38.,26.,24.,12.9382801636
1.35046543336,Voter,14,5,26.,1,false,true,false,true,46.,38.,26.,24.,12.9383566425
1.35046543336,Voter,14,5,31.,1,false,true,false,true,46.,38.,26.,24.,12.9383607997
1.35046543336,Voter,14,5,36.,1,false,true,false,true,46.,38.,26.,24.,12.9383610311
1.35046543336,Voter,14,5,41.,1,false,true,false,true,46.,38.,26.,24.,12.9383610442
1.35046543336,Voter,14,5,46.,1,false,true,false,true,46.,38.,26.,24.,12.938361045
1.35046543336,Voter,14,5,51.,1,false,true,false,true,46.,38.,26.,24.,12.938361045
1.36742323115,Sample,14,6,1.,1,false,true,false,true,40.,38.,104.,88.,0.
1.36742323115,Sample,14,6,6.,1,false,true,false,true,138.,120.,158.,140.,12.3881411698
1.36742323115,Sample,14,6,11.,1,false,true,false,true,150.,130.,158.,140.,12.9857479245
1.36742323115,Sample,14,6,16.,1,false,true,false,true,150.,130.,158.,140.,13.0159195722
1.36742323115,Sample,14,6,21.,1,false,true,false,true,150.,130.,158.,140.,13.0175041718
1.36742323115,Sample,14,6,26.,1,false,true,false,true,150.,130.,158.,140.,13.0175902137
1.36742323115,Sample,14,6,31.,1,false,true,false,true,150.,130.,158.,140.,13.0175950173
1.36742323115,Sample,14,6,36.,1,false,true,false,true,150.,130.,158.,140.,13.0175952918
1.36742323115,Sample,14,6,41.,1,false,true,false,true,150.,130.,158.,140.,13.0175953077
1.36742323115,Sample,14,6,46.,1,false,true,false,true,150.,130.,158.,140.,13.0175953087
1.36742323115,Sample,14,6,51.,1,false,true,false,true,150.,130.,158.,140.,13.0175953087
0.918514358982,Voter,14,4,1.,1,false,true,false,true,14.,14.,16.,16.,0.
0.918514358982,Voter,14,4,6.,1,false,true,false,true,28.,26.,10.,10.,10.2729517593
0.918514358982,Voter,14,4,11.,1,false,true,false,true,28.,26.,10.,10.,10.4446198313
0.918514358982,Voter,14,4,16.,1,false,true,false,true,28.,26.,10.,10.,10.4477828973
0.918514358982,Voter,14,4,21.,1,false,true,false,true,28.,26.,10.,10.,10.4478457162
0.918514358982,Voter,14,4,26.,1,false,true,false,true,28.,26.,10.,10.,10.4478470359
0.918514358982,Voter,14,4,31.,1,false,true,false,true,28.,26.,10.,10.,10.4478470648
0.918514358982,Voter,14,4,36.,1,false,true,false,true,28.,26.,10.,10.,10.4478470655
0.918514358982,Voter,14,4,41.,1,false,true,false,true,28.,26.,10.,10.,10.4478470655
0.918514358982,Voter,14,4,46.,1,false,true,false,true,28.,26.,10.,10.,10.4478470655
0.918514358982,Voter,14,4,51.,1,false,true,false,true,28.,26.,10.,10.,10.4478470655
0.910982278414,Voter,14,3,1.,1,false,true,false,true,2.,2.,6.,6.,0.
0.910982278414,Voter,14,3,6.,1,false,true,false,true,8.,8.,0.,0.,10.2246289063
0.910982278414,Voter,14,3,11.,1,false,true,false,true,8.,8.,0.,0.,10.3913693645
0.910982278414,Voter,14,3,16.,1,false,true,false,true,8.,8.,0.,0.,10.3943720889
0.910982278414,Voter,14,3,21.,1,false,true,false,true,8.,8.,0.,0.,10.3944304266
0.910982278414,Voter,14,3,26.,1,false,true,false,true,8.,8.,0.,0.,10.3944316261
0.910982278414,Voter,14,3,31.,1,false,true,false,true,8.,8.,0.,0.,10.3944316518
0.910982278414,Voter,14,3,36.,1,false,true,false,true,8.,8.,0.,0.,10.3944316524
0.910982278414,Voter,14,3,41.,1,false,true,false,true,8.,8.,0.,0.,10.3944316524
0.910982278414,Voter,14,3,46.,1,false,true,false,true,8.,8.,0.,0.,10.3944316524
0.910982278414,Voter,14,3,51.,1,false,true,false,true,8.,8.,0.,0.,10.3944316524
0.845488089726,Sample,14,4,1.,1,false,true,false,true,36.,34.,54.,52.,0.
0.845488089726,Sample,14,4,6.,1,false,true,false,true,64.,54.,50.,50.,9.78240888359
0.845488089726,Sample,14,4,11.,1,false,true,false,true,64.,54.,50.,50.,9.90970003724
0.845488089726,Sample,14,4,16.,1,false,true,false,true,64.,54.,50.,50.,9.91155617345
0.845488089726,Sample,14,4,21.,1,false,true,false,true,64.,54.,50.,50.,9.91158562427
0.845488089726,Sample,14,4,26.,1,false,true,false,true,64.,54.,50.,50.,9.91158612118
0.845488089726,Sample,14,4,31.,1,false,true,false,true,64.,54.,50.,50.,9.91158612995
0.845488089726,Sample,14,4,36.,1,false,true,false,true,64.,54.,50.,50.,9.91158613011
0.845488089726,Sample,14,4,41.,1,false,true,false,true,64.,54.,50.,50.,9.91158613012
0.845488089726,Sample,14,4,46.,1,false,true,false,true,64.,54.,50.,50.,9.91158613012
0.845488089726,Sample,14,4,51.,1,false,true,false,true,64.,54.,50.,50.,9.91158613012
1.32835248418,Sample,14,6,1.,1,false,true,false,true,30.,30.,80.,66.,0.
1.32835248418,Sample,14,6,6.,1,false,true,false,true,134.,114.,104.,100.,12.2543928626
1.32835248418,Sample,14,6,11.,1,false,true,false,true,142.,122.,104.,102.,12.8059081153
1.32835248418,Sample,14,6,16.,1,false,true,false,true,142.,122.,104.,102.,12.83195469
1.32835248418,Sample,14,6,21.,1,false,true,false,true,142.,122.,104.,102.,12.8332369006
1.32835248418,Sample,14,6,26.,1,false,true,false,true,142.,122.,104.,102.,12.8333022543
1.32835248418,Sample,14,6,31.,1,false,true,false,true,142.,122.,104.,102.,12.8333056827
1.32835248418,Sample,14,6,36.,1,false,true,false,true,142.,122.,104.,102.,12.8333058669
1.32835248418,Sample,14,6,41.,1,false,true,false,true,142.,122.,104.,102.,12.833305877
1.32835248418,Sample,14,6,46.,1,false,true,false,true,142.,122.,104.,102.,12.8333058776
1.32835248418,Sample,14,6,51.,1,false,true,false,true,142.,122.,104.,102.,12.8333058776
1.338817814,Voter,14,6,1.,1,false,true,false,true,26.,26.,54.,48.,0.
1.338817814,Voter,14,6,6.,1,false,true,false,true,68.,60.,28.,28.,12.2910062822
1.338817814,Voter,14,6,11.,1,false,true,false,true,70.,62.,30.,30.,12.8547284768
1.338817814,Voter,14,6,16.,1,false,true,false,true,70.,62.,30.,30.,12.8818398669
1.338817814,Voter,14,6,21.,1,false,true,false,true,70.,62.,30.,30.,12.8831982197
1.338817814,Voter,14,6,26.,1,false,true,false,true,70.,62.,30.,30.,12.8832686571
1.338817814,Voter,14,6,31.,1,false,true,false,true,70.,62.,30.,30.,12.8832724153
1.338817814,Voter,14,6,36.,1,false,true,false,true,70.,62.,30.,30.,12.8832726206
1.338817814,Voter,14,6,41.,1,false,true,false,true,70.,62.,30.,30.,12.883272632
1.338817814,Voter,14,6,46.,1,false,true,false,true,70.,62.,30.,30.,12.8832726327
1.338817814,Voter,14,6,51.,1,false,true,false,true,70.,62.,30.,30.,12.8832726327
1.22818275312,Sample,14,4,1.,1,false,true,false,true,4.,4.,26.,22.,0.
1.22818275312,Sample,14,4,6.,1,false,true,false,true,38.,36.,28.,28.,11.8730816495
1.22818275312,Sample,14,4,11.,1,false,true,false,true,38.,36.,28.,28.,12.3132927882
1.22818275312,Sample,14,4,16.,1,false,true,false,true,38.,36.,28.,28.,12.3305566032
1.22818275312,Sample,14,4,21.,1,false,true,false,true,38.,36.,28.,28.,12.3312664941
1.22818275312,Sample,14,4,26.,1,false,true,false,true,38.,36.,28.,28.,12.3312968431
1.22818275312,Sample,14,4,31.,1,false,true,false,true,38.,36.,28.,28.,12.3312981822
1.22818275312,Sample,14,4,36.,1,false,true,false,true,38.,36.,28.,28.,12.3312982429
1.22818275312,Sample,14,4,41.,1,false,true,false,true,38.,36.,28.,28.,12.3312982457
1.22818275312,Sample,14,4,46.,1,false,true,false,true,38.,36.,28.,28.,12.3312982458
1.22818275312,Sample,14,4,51.,1,false,true,false,true,38.,36.,28.,28.,12.3312982458
1.03991294579,Sample,14,6,1.,1,false,true,false,true,28.,28.,78.,64.,0.
1.03991294579,Sample,14,6,6.,1,false,true,false,true,82.,74.,56.,48.,10.9853992576
1.03991294579,Sample,14,6,11.,1,false,true,false,true,82.,74.,56.,48.,11.2474157689
1.03991294579,Sample,14,6,16.,1,false,true,false,true,82.,74.,56.,48.,11.2541674444
1.03991294579,Sample,14,6,21.,1,false,true,false,true,82.,74.,56.,48.,11.2543525656
1.03991294579,Sample,14,6,26.,1,false,true,false,true,82.,74.,56.,48.,11.2543578936
1.03991294579,Sample,14,6,31.,1,false,true,false,true,82.,74.,56.,48.,11.2543580529
1.03991294579,Sample,14,6,36.,1,false,true,false,true,82.,74.,56.,48.,11.2543580578
1.03991294579,Sample,14,6,41.,1,false,true,false,true,82.,74.,56.,48.,11.254358058
1.03991294579,Sample,14,6,46.,1,false,true,false,true,82.,74.,56.,48.,11.254358058
1.03991294579,Sample,14,6,51.,1,false,true,false,true,82.,74.,56.,48.,11.254358058
0.844475271769,Sample,14,4,1.,1,false,true,false,true,6.,6.,20.,18.,0.
0.844475271769,Sample,14,4,6.,1,false,true,false,true,22.,20.,0.,0.,9.7752498245
0.844475271769,Sample,14,4,11.,1,false,true,false,true,22.,20.,0.,0.,9.90197884507
0.844475271769,Sample,14,4,16.,1,false,true,false,true,22.,20.,0.,0.,9.9038204331
0.844475271769,Sample,14,4,21.,1,false,true,false,true,22.,20.,0.,0.,9.90384955679
0.844475271769,Sample,14,4,26.,1,false,true,false,true,22.,20.,0.,0.,9.9038500466
0.844475271769,Sample,14,4,31.,1,false,true,false,true,22.,20.,0.,0.,9.90385005522
0.844475271769,Sample,14,4,36.,1,false,true,false,true,22.,20.,0.,0.,9.90385005537
0.844475271769,Sample,14,4,41.,1,false,true,false,true,22.,20.,0.,0.,9.90385005538
0.844475271769,Sample,14,4,46.,1,false,true,false,true,22.,20.,0.,0.,9.90385005538
0.844475271769,Sample,14,4,51.,1,false,true,false,true,22.,20.,0.,0.,9.90385005538
0.912519479297,Sample,14,3,1.,1,false,true,false,true,8.,8.,14.,14.,0.
0.912519479297,Sample,14,3,6.,1,false,true,false,true,24.,24.,26.,26.,10.2345322174
0.912519479297,Sample,14,3,11.,1,false,true,false,true,22.,22.,28.,28.,10.4022718104
0.912519479297,Sample,14,3,16.,1,false,true,false,true,22.,22.,28.,28.,10.4053067429
0.912519479297,Sample,14,3,21.,1,false,true,false,true,22.,22.,28.,28.,10.4053659727
0.912519479297,Sample,14,3,26.,1,false,true,false,true,22.,22.,28.,28.,10.405367196
0.912519479297,Sample,14,3,31.,1,false,true,false,true,22.,22.,28.,28.,10.4053672223
0.912519479297,Sample,14,3,36.,1,false,true,false,true,22.,22.,28.,28.,10.4053672229
0.912519479297,Sample,14,3,41.,1,false,true,false,true,22.,22.,28.,28.,10.4053672229
0.912519479297,Sample,14,3,46.,1,false,true,false,true,22.,22.,28.,28.,10.4053672229
0.912519479297,Sample,14,3,51.,1,false,true,false,true,22.,22.,28.,28.,10.4053672229
1.24087081414,Sample,14,4,1.,1,false,true,false,true,16.,16.,34.,28.,0.
1.24087081414,Sample,14,4,6.,1,false,true,false,true,82.,64.,72.,62.,11.9245955521
1.24087081414,Sample,14,4,11.,1,false,true,false,true,82.,64.,72.,62.,12.3783234388
1.24087081414,Sample,14,4,16.,1,false,true,false,true,82.,64.,72.,62.,12.3965642429
1.24087081414,Sample,14,4,21.,1,false,true,false,true,82.,64.,72.,62.,12.3973325232
1.24087081414,Sample,14,4,26.,1,false,true,false,true,82.,64.,72.,62.,12.3973661473
1.24087081414,Sample,14,4,31.,1,false,true,false,true,82.,64.,72.,62.,12.3973676656
1.24087081414,Sample,14,4,36.,1,false,true,false,true,82.,64.,72.,62.,12.3973677359
1.24087081414,Sample,14,4,41.,1,false,true,false,true,82.,64.,72.,62.,12.3973677392
1.24087081414,Sample,14,4,46.,1,false,true,false,true,82.,64.,72.,62.,12.3973677394
1.24087081414,Sample,14,4,51.,1,false,true,false,true,82.,64.,72.,62.,12.3973677394
1.01546818429,Voter,14,4,1.,1,false,true,false,true,2.,2.,16.,14.,0.
1.01546818429,Voter,14,4,6.,1,false,true,false,true,18.,16.,0.,0.,10.8515602429
1.01546818429,Voter,14,4,11.,1,false,true,false,true,18.,16.,0.,0.,11.0937552207
1.01546818429,Voter,14,4,16.,1,false,true,false,true,18.,16.,0.,0.,11.0996160682
1.01546818429,Voter,14,4,21.,1,false,true,false,true,18.,16.,0.,0.,11.0997673323
1.01546818429,Voter,14,4,26.,1,false,true,false,true,18.,16.,0.,0.,11.0997714363
1.01546818429,Voter,14,4,31.,1,false,true,false,true,18.,16.,0.,0.,11.099771552
1.01546818429,Voter,14,4,36.,1,false,true,false,true,18.,16.,0.,0.,11.0997715554
1.01546818429,Voter,14,4,41.,1,false,true,false,true,18.,16.,0.,0.,11.0997715555
1.01546818429,Voter,14,4,46.,1,false,true,false,true,18.,16.,0.,0.,11.0997715555
1.01546818429,Voter,14,4,51.,1,false,true,false,true,18.,16.,0.,0.,11.0997715555
1.17641175373,Voter,14,7,1.,1,false,true,false,true,64.,58.,70.,62.,0.
1.17641175373,Voter,14,7,6.,1,false,true,false,true,120.,92.,78.,64.,11.6526160662
1.17641175373,Voter,14,7,11.,1,false,true,false,true,122.,94.,80.,66.,12.0395469466
1.17641175373,Voter,14,7,16.,1,false,true,false,true,122.,94.,80.,66.,12.0532035012
1.17641175373,Voter,14,7,21.,1,false,true,false,true,122.,94.,80.,66.,12.0537106735
1.17641175373,Voter,14,7,26.,1,false,true,false,true,122.,94.,80.,66.,12.0537303026
1.17641175373,Voter,14,7,31.,1,false,true,false,true,122.,94.,80.,66.,12.053731088
1.17641175373,Voter,14,7,36.,1,false,true,false,true,122.,94.,80.,66.,12.0537311203
1.17641175373,Voter,14,7,41.,1,false,true,false,true,122.,94.,80.,66.,12.0537311216
1.17641175373,Voter,14,7,46.,1,false,true,false,true,122.,94.,80.,66.,12.0537311217
1.17641175373,Voter,14,7,51.,1,false,true,false,true,122.,94.,80.,66.,12.0537311217
1.22431137227,Sample,14,5,1.,1,false,true,false,true,40.,38.,66.,54.,0.
1.22431137227,Sample,14,5,6.,1,false,true,false,true,116.,92.,114.,86.,11.8571701731
1.22431137227,Sample,14,5,11.,1,false,true,false,true,118.,94.,112.,86.,12.2932923156
1.22431137227,Sample,14,5,16.,1,false,true,false,true,118.,94.,112.,86.,12.3102654925
1.22431137227,Sample,14,5,21.,1,false,true,false,true,118.,94.,112.,86.,12.31095829
1.22431137227,Sample,14,5,26.,1,false,true,false,true,118.,94.,112.,86.,12.310987695
1.22431137227,Sample,14,5,31.,1,false,true,false,true,118.,94.,112.,86.,12.3109889833
1.22431137227,Sample,14,5,36.,1,false,true,false,true,118.,94.,112.,86.,12.3109890412
1.22431137227,Sample,14,5,41.,1,false,true,false,true,118.,94.,112.,86.,12.3109890439
1.22431137227,Sample,14,5,46.,1,false,true,false,true,118.,94.,112.,86.,12.310989044
1.22431137227,Sample,14,5,51.,1,false,true,false,true,118.,94.,112.,86.,12.310989044
0.917237180144,Voter,14,7,1.,1,false,true,false,true,56.,50.,110.,92.,0.
0.917237180144,Voter,14,7,6.,1,false,true,false,true,118.,100.,68.,54.,10.2647935605
0.917237180144,Voter,14,7,11.,1,false,true,false,true,118.,100.,68.,54.,10.4356204236
0.917237180144,Voter,14,7,16.,1,false,true,false,true,118.,100.,68.,54.,10.438755852
0.917237180144,Voter,14,7,21.,1,false,true,false,true,118.,100.,68.,54.,10.4388178914
0.917237180144,Voter,14,7,26.,1,false,true,false,true,118.,100.,68.,54.,10.43881919
0.917237180144,Voter,14,7,31.,1,false,true,false,true,118.,100.,68.,54.,10.4388192183
0.917237180144,Voter,14,7,36.,1,false,true,false,true,118.,100.,68.,54.,10.438819219
0.917237180144,Voter,14,7,41.,1,false,true,false,true,118.,100.,68.,54.,10.438819219
0.917237180144,Voter,14,7,46.,1,false,true,false,true,118.,100.,68.,54.,10.438819219
0.917237180144,Voter,14,7,51.,1,false,true,false,true,118.,100.,68.,54.,10.438819219
1.16343473986,Sample,14,7,1.,1,false,true,false,true,70.,66.,148.,114.,0.
1.16343473986,Sample,14,7,6.,1,false,true,false,true,192.,158.,154.,142.,11.5946845849
1.16343473986,Sample,14,7,11.,1,false,true,false,true,198.,158.,152.,140.,11.9687466612
1.16343473986,Sample,14,7,16.,1,false,true,false,true,198.,158.,152.,140.,11.9815906461
1.16343473986,Sample,14,7,21.,1,false,true,false,true,198.,158.,152.,140.,11.9820551292
1.16343473986,Sample,14,7,26.,1,false,true,false,true,198.,158.,152.,140.,11.9820726456
1.16343473986,Sample,14,7,31.,1,false,true,false,true,198.,158.,152.,140.,11.9820733287
1.16343473986,Sample,14,7,36.,1,false,true,false,true,198.,158.,152.,140.,11.9820733561
1.16343473986,Sample,14,7,41.,1,false,true,false,true,198.,158.,152.,140.,11.9820733572
1.16343473986,Sample,14,7,46.,1,false,true,false,true,198.,158.,152.,140.,11.9820733572
1.16343473986,Sample,14,7,51.,1,false,true,false,true,198.,158.,152.,140.,11.9820733572
1.37430874613,Voter,14,7,1.,1,false,true,false,true,42.,38.,80.,72.,0.
1.37430874613,Voter,14,7,6.,1,false,true,false,true,116.,92.,38.,36.,12.4108905272
1.37430874613,Voter,14,7,11.,1,false,true,false,true,114.,92.,40.,38.,13.0167640511
1.37430874613,Voter,14,7,16.,1,false,true,false,true,114.,92.,40.,38.,13.0477055745
1.37430874613,Voter,14,7,21.,1,false,true,false,true,114.,92.,40.,38.,13.0493487723
1.37430874613,Voter,14,7,26.,1,false,true,false,true,114.,92.,40.,38.,13.049438971
1.37430874613,Voter,14,7,31.,1,false,true,false,true,114.,92.,40.,38.,13.0494440608
1.37430874613,Voter,14,7,36.,1,false,true,false,true,114.,92.,40.,38.,13.0494443547
1.37430874613,Voter,14,7,41.,1,false,true,false,true,114.,92.,40.,38.,13.049444372
1.37430874613,Voter,14,7,46.,1,false,true,false,true,114.,92.,40.,38.,13.049444373
1.37430874613,Voter,14,7,51.,1,false,true,false,true,114.,92.,40.,38.,13.049444373
1.18555623284,Voter,14,7,1.,1,false,true,false,true,62.,56.,76.,66.,0.
1.18555623284,Voter,14,7,6.,1,false,true,false,true,114.,92.,68.,56.,11.6927847635
1.18555623284,Voter,14,7,11.,1,false,true,false,true,114.,92.,68.,56.,12.088902979
1.18555623284,Voter,14,7,16.,1,false,true,false,true,114.,92.,68.,56.,12.10315367
1.18555623284,Voter,14,7,21.,1,false,true,false,true,114.,92.,68.,56.,12.1036927741
1.18555623284,Voter,14,7,26.,1,false,true,false,true,114.,92.,68.,56.,12.1037140189
1.18555623284,Voter,14,7,31.,1,false,true,false,true,114.,92.,68.,56.,12.1037148841
1.18555623284,Voter,14,7,36.,1,false,true,false,true,114.,92.,68.,56.,12.1037149203
1.18555623284,Voter,14,7,41.,1,false,true,false,true,114.,92.,68.,56.,12.1037149218
1.18555623284,Voter,14,7,46.,1,false,true,false,true,114.,92.,68.,56.,12.1037149219
1.18555623284,Voter,14,7,51.,1,false,true,false,true,114.,92.,68.,56.,12.1037149219
1.26746411211,Voter,14,7,1.,1,false,true,false,true,48.,42.,74.,60.,0.
1.26746411211,Voter,14,7,6.,1,false,true,false,true,86.,76.,44.,38.,12.0294654693
1.26746411211,Voter,14,7,11.,1,false,true,false,true,86.,76.,44.,38.,12.5120866947
1.26746411211,Voter,14,7,16.,1,false,true,false,true,86.,76.,44.,38.,12.532499294
1.26746411211,Voter,14,7,21.,1,false,true,false,true,86.,76.,44.,38.,12.5334023332
1.26746411211,Voter,14,7,26.,1,false,true,false,true,86.,76.,44.,38.,12.5334437978
1.26746411211,Voter,14,7,31.,1,false,true,false,true,86.,76.,44.,38.,12.5334457606
1.26746411211,Voter,14,7,36.,1,false,true,false,true,86.,76.,44.,38.,12.5334458559
1.26746411211,Voter,14,7,41.,1,false,true,false,true,86.,76.,44.,38.,12.5334458606
1.26746411211,Voter,14,7,46.,1,false,true,false,true,86.,76.,44.,38.,12.5334458609
1.26746411211,Voter,14,7,51.,1,false,true,false,true,86.,76.,44.,38.,12.5334458609
1.02286889483,Sample,14,3,1.,1,false,true,false,true,4.,4.,10.,10.,0.
1.02286889483,Sample,14,3,6.,1,false,true,false,true,14.,14.,12.,12.,10.8925701298
1.02286889483,Sample,14,3,11.,1,false,true,false,true,14.,14.,12.,12.,11.1406810941
1.02286889483,Sample,14,3,16.,1,false,true,false,true,14.,14.,12.,12.,11.1468018227
1.02286889483,Sample,14,3,21.,1,false,true,false,true,14.,14.,12.,12.,11.1469627489
1.02286889483,Sample,14,3,26.,1,false,true,false,true,14.,14.,12.,12.,11.1469671947
1.02286889483,Sample,14,3,31.,1,false,true,false,true,14.,14.,12.,12.,11.1469673224
1.02286889483,Sample,14,3,36.,1,false,true,false,true,14.,14.,12.,12.,11.1469673261
1.02286889483,Sample,14,3,41.,1,false,true,false,true,14.,14.,12.,12.,11.1469673263
1.02286889483,Sample,14,3,46.,1,false,true,false,true,14.,14.,12.,12.,11.1469673263
1.02286889483,Sample,14,3,51.,1,false,true,false,true,14.,14.,12.,12.,11.1469673263
1.08186147521,Sample,14,6,1.,1,false,true,false,true,20.,20.,74.,60.,0.
1.08186147521,Sample,14,6,6.,1,false,true,false,true,76.,60.,18.,18.,11.2045197153
1.08186147521,Sample,14,6,11.,1,false,true,false,true,76.,60.,14.,14.,11.502402699
1.08186147521,Sample,14,6,16.,1,false,true,false,true,76.,60.,14.,14.,11.5109107075
1.08186147521,Sample,14,6,21.,1,false,true,false,true,76.,60.,14.,14.,11.5111683022
1.08186147521,Sample,14,6,26.,1,false,true,false,true,76.,60.,14.,14.,11.5111764696
1.08186147521,Sample,14,6,31.,1,false,true,false,true,76.,60.,14.,14.,11.5111767381
1.08186147521,Sample,14,6,36.,1,false,true,false,true,76.,60.,14.,14.,11.5111767472
1.08186147521,Sample,14,6,41.,1,false,true,false,true,76.,60.,14.,14.,11.5111767475
1.08186147521,Sample,14,6,46.,1,false,true,false,true,76.,60.,14.,14.,11.5111767475
1.08186147521,Sample,14,6,51.,1,false,true,false,true,76.,60.,14.,14.,11.5111767475
0.897877203801,Voter,14,3,1.,1,false,true,false,true,6.,6.,12.,12.,0.
0.897877203801,Voter,14,3,6.,1,false,true,false,true,18.,16.,0.,0.,10.1393340369
0.897877203801,Voter,14,3,11.,1,false,true,false,true,18.,16.,0.,0.,10.2976926954
0.897877203801,Voter,14,3,16.,1,false,true,false,true,18.,16.,0.,0.,10.3004313231
0.897877203801,Voter,14,3,21.,1,false,true,false,true,18.,16.,0.,0.,10.3004825015
0.897877203801,Voter,14,3,26.,1,false,true,false,true,18.,16.,0.,0.,10.3004835147
0.897877203801,Voter,14,3,31.,1,false,true,false,true,18.,16.,0.,0.,10.3004835356
0.897877203801,Voter,14,3,36.,1,false,true,false,true,18.,16.,0.,0.,10.3004835361
0.897877203801,Voter,14,3,41.,1,false,true,false,true,18.,16.,0.,0.,10.3004835361
0.897877203801,Voter,14,3,46.,1,false,true,false,true,18.,16.,0.,0.,10.3004835361
0.897877203801,Voter,14,3,51.,1,false,true,false,true,18.,16.,0.,0.,10.3004835361
1.01971776139,Sample,14,6,1.,1,false,true,false,true,26.,24.,80.,64.,0.
1.01971776139,Sample,14,6,6.,1,false,true,false,true,104.,84.,42.,40.,10.8751610498
1.01971776139,Sample,14,6,11.,1,false,true,false,true,110.,86.,44.,44.,11.1207439917
1.01971776139,Sample,14,6,16.,1,false,true,false,true,110.,86.,44.,44.,11.1267530415
1.01971776139,Sample,14,6,21.,1,false,true,false,true,110.,86.,44.,44.,11.1269097934
1.01971776139,Sample,14,6,26.,1,false,true,false,true,110.,86.,44.,44.,11.1269140908
1.01971776139,Sample,14,6,31.,1,false,true,false,true,110.,86.,44.,44.,11.1269142132
1.01971776139,Sample,14,6,36.,1,false,true,false,true,110.,86.,44.,44.,11.1269142168
1.01971776139,Sample,14,6,41.,1,false,true,false,true,110.,86.,44.,44.,11.1269142169
1.01971776139,Sample,14,6,46.,1,false,true,false,true,110.,86.,44.,44.,11.1269142169
1.01971776139,Sample,14,6,51.,1,false,true,false,true,110.,86.,44.,44.,11.1269142169
1.04988457648,Voter,14,3,1.,1,false,true,false,true,2.,2.,6.,6.,0.
1.04988457648,Voter,14,3,6.,1,false,true,false,true,8.,8.,0.,0.,11.038677779
1.04988457648,Voter,14,3,11.,1,false,true,false,true,8.,8.,0.,0.,11.3090099291
1.04988457648,Voter,14,3,16.,1,false,true,false,true,8.,8.,0.,0.,11.3161523223
1.04988457648,Voter,14,3,21.,1,false,true,false,true,8.,8.,0.,0.,11.3163529312
1.04988457648,Voter,14,3,26.,1,false,true,false,true,8.,8.,0.,0.,11.3163588424
1.04988457648,Voter,14,3,31.,1,false,true,false,true,8.,8.,0.,0.,11.3163590232
1.04988457648,Voter,14,3,36.,1,false,true,false,true,8.,8.,0.,0.,11.3163590289
1.04988457648,Voter,14,3,41.,1,false,true,false,true,8.,8.,0.,0.,11.316359029
1.04988457648,Voter,14,3,46.,1,false,true,false,true,8.,8.,0.,0.,11.3163590291
1.04988457648,Voter,14,3,51.,1,false,true,false,true,8.,8.,0.,0.,11.3163590291
1.22228367251,Sample,14,5,1.,1,false,true,false,true,22.,22.,54.,50.,0.
1.22228367251,Sample,14,5,6.,1,false,true,false,true,88.,76.,60.,60.,11.8487998879
1.22228367251,Sample,14,5,11.,1,false,true,false,true,88.,76.,60.,60.,12.2827869784
1.22228367251,Sample,14,5,16.,1,false,true,false,true,88.,76.,60.,60.,12.2996093083
1.22228367251,Sample,14,5,21.,1,false,true,false,true,88.,76.,60.,60.,12.3002932846
1.22228367251,Sample,14,5,26.,1,false,true,false,true,88.,76.,60.,60.,12.3003222052
1.22228367251,Sample,14,5,31.,1,false,true,false,true,88.,76.,60.,60.,12.3003234676
1.22228367251,Sample,14,5,36.,1,false,true,false,true,88.,76.,60.,60.,12.3003235241
1.22228367251,Sample,14,5,41.,1,false,true,false,true,88.,76.,60.,60.,12.3003235267
1.22228367251,Sample,14,5,46.,1,false,true,false,true,88.,76.,60.,60.,12.3003235268
1.22228367251,Sample,14,5,51.,1,false,true,false,true,88.,76.,60.,60.,12.3003235268
0.83629427647,Voter,14,3,1.,1,false,true,false,true,22.,22.,20.,20.,0.
0.83629427647,Voter,14,3,6.,1,false,true,false,true,26.,24.,16.,16.,9.71705318178
0.83629427647,Voter,14,3,11.,1,false,true,false,true,26.,24.,16.,16.,9.83929504115
0.83629427647,Voter,14,3,16.,1,false,true,false,true,26.,24.,16.,16.,9.84102233613
0.83629427647,Voter,14,3,21.,1,false,true,false,true,26.,24.,16.,16.,9.84104892822
0.83629427647,Voter,14,3,26.,1,false,true,false,true,26.,24.,16.,16.,9.84104936386
0.83629427647,Voter,14,3,31.,1,false,true,false,true,26.,24.,16.,16.,9.84104937133
0.83629427647,Voter,14,3,36.,1,false,true,false,true,26.,24.,16.,16.,9.84104937146
0.83629427647,Voter,14,3,41.,1,false,true,false,true,26.,24.,16.,16.,9.84104937147
0.83629427647,Voter,14,3,46.,1,false,true,false,true,26.,24.,16.,16.,9.84104937147
0.83629427647,Voter,14,3,51.,1,false,true,false,true,26.,24.,16.,16.,9.84104937147
1.18772593143,Sample,14,6,1.,1,false,true,false,true,62.,52.,124.,92.,0.
1.18772593143,Sample,14,6,6.,1,false,true,false,true,168.,124.,186.,134.,11.702236985
1.18772593143,Sample,14,6,11.,1,false,true,false,true,174.,128.,184.,132.,12.1005493869
1.18772593143,Sample,14,6,16.,1,false,true,false,true,174.,128.,184.,132.,12.1149436984
1.18772593143,Sample,14,6,21.,1,false,true,false,true,174.,128.,184.,132.,12.1154906107
1.18772593143,Sample,14,6,26.,1,false,true,false,true,174.,128.,184.,132.,12.115512255
1.18772593143,Sample,14,6,31.,1,false,true,false,true,174.,128.,184.,132.,12.1155131402
1.18772593143,Sample,14,6,36.,1,false,true,false,true,174.,128.,184.,132.,12.1155131773
1.18772593143,Sample,14,6,41.,1,false,true,false,true,174.,128.,184.,132.,12.1155131789
1.18772593143,Sample,14,6,46.,1,false,true,false,true,174.,128.,184.,132.,12.115513179
1.18772593143,Sample,14,6,51.,1,false,true,false,true,174.,128.,184.,132.,12.115513179
1.37116956938,Sample,14,4,1.,1,false,true,false,true,24.,22.,54.,46.,0.
1.37116956938,Sample,14,4,6.,1,false,true,false,true,52.,44.,58.,54.,12.4005488694
1.37116956938,Sample,14,4,11.,1,false,true,false,true,58.,48.,52.,48.,13.0026482674
1.37116956938,Sample,14,4,16.,1,false,true,false,true,58.,48.,52.,48.,13.0332371796
1.37116956938,Sample,14,4,21.,1,false,true,false,true,58.,48.,52.,48.,13.0348534566
1.37116956938,Sample,14,4,26.,1,false,true,false,true,58.,48.,52.,48.,13.03494174
1.37116956938,Sample,14,4,31.,1,false,true,false,true,58.,48.,52.,48.,13.0349466975
1.37116956938,Sample,14,4,36.,1,false,true,false,true,58.,48.,52.,48.,13.0349469824
1.37116956938,Sample,14,4,41.,1,false,true,false,true,58.,48.,52.,48.,13.0349469991
1.37116956938,Sample,14,4,46.,1,false,true,false,true,58.,48.,52.,48.,13.0349470001
1.37116956938,Sample,14,4,51.,1,false,true,false,true,58.,48.,52.,48.,13.0349470001
0.958056136234,Sample,14,4,1.,1,false,true,false,true,14.,14.,36.,32.,0.
0.958056136234,Sample,14,4,6.,1,false,true,false,true,36.,32.,30.,30.,10.5184664796
0.958056136234,Sample,14,4,11.,1,false,true,false,true,36.,32.,30.,30.,10.7173168158
0.958056136234,Sample,14,4,16.,1,false,true,false,true,36.,32.,30.,30.,10.7214311875
0.958056136234,Sample,14,4,21.,1,false,true,false,true,36.,32.,30.,30.,10.7215225281
0.958056136234,Sample,14,4,26.,1,false,true,false,true,36.,32.,30.,30.,10.7215246674
0.958056136234,Sample,14,4,31.,1,false,true,false,true,36.,32.,30.,30.,10.7215247196
0.958056136234,Sample,14,4,36.,1,false,true,false,true,36.,32.,30.,30.,10.7215247209
0.958056136234,Sample,14,4,41.,1,false,true,false,true,36.,32.,30.,30.,10.7215247209
0.958056136234,Sample,14,4,46.,1,false,true,false,true,36.,32.,30.,30.,10.7215247209
0.958056136234,Sample,14,4,51.,1,false,true,false,true,36.,32.,30.,30.,10.7215247209
1.32836915826,Sample,14,7,1.,1,false,true,false,true,34.,34.,112.,90.,0.
1.32836915826,Sample,14,7,6.,1,false,true,false,true,198.,166.,212.,182.,12.2544516635
1.32836915826,Sample,14,7,11.,1,false,true,false,true,204.,166.,214.,182.,12.8059862825
1.32836915826,Sample,14,7,16.,1,false,true,false,true,204.,166.,214.,182.,12.8320345307
1.32836915826,Sample,14,7,21.,1,false,true,false,true,204.,166.,214.,182.,12.8333168599
1.32836915826,Sample,14,7,26.,1,false,true,false,true,204.,166.,214.,182.,12.8333822215
1.32836915826,Sample,14,7,31.,1,false,true,false,true,204.,166.,214.,182.,12.8333856504
1.32836915826,Sample,14,7,36.,1,false,true,false,true,204.,166.,214.,182.,12.8333858346
1.32836915826,Sample,14,7,41.,1,false,true,false,true,204.,166.,214.,182.,12.8333858447
1.32836915826,Sample,14,7,46.,1,false,true,false,true,204.,166.,214.,182.,12.8333858453
1.32836915826,Sample,14,7,51.,1,false,true,false,true,204.,166.,214.,182.,12.8333858453
1.05528401052,Sample,14,5,1.,1,false,true,false,true,24.,22.,58.,50.,0.
1.05528401052,Sample,14,5,6.,1,false,true,false,true,128.,96.,118.,92.,11.0672135575
1.05528401052,Sample,14,5,11.,1,false,true,false,true,134.,100.,120.,94.,11.3421035435
1.05528401052,Sample,14,5,16.,1,false,true,false,true,134.,100.,120.,94.,11.3494643286
1.05528401052,Sample,14,5,21.,1,false,true,false,true,134.,100.,120.,94.,11.3496737571
1.05528401052,Sample,14,5,26.,1,false,true,false,true,134.,100.,120.,94.,11.3496800064
1.05528401052,Sample,14,5,31.,1,false,true,false,true,134.,100.,120.,94.,11.3496801999
1.05528401052,Sample,14,5,36.,1,false,true,false,true,134.,100.,120.,94.,11.3496802061
1.05528401052,Sample,14,5,41.,1,false,true,false,true,134.,100.,120.,94.,11.3496802063
1.05528401052,Sample,14,5,46.,1,false,true,false,true,134.,100.,120.,94.,11.3496802063
1.05528401052,Sample,14,5,51.,1,false,true,false,true,134.,100.,120.,94.,11.3496802063
1.39424243477,Sample,14,6,1.,1,false,true,false,true,48.,46.,92.,78.,0.
1.39424243477,Sample,14,6,6.,1,false,true,false,true,110.,94.,102.,84.,12.475398727
1.39424243477,Sample,14,6,11.,1,false,true,false,true,130.,104.,102.,86.,13.1054388624
1.39424243477,Sample,14,6,16.,1,false,true,false,true,130.,104.,102.,86.,13.138683224
1.39424243477,Sample,14,6,21.,1,false,true,false,true,130.,104.,102.,86.,13.140505593
1.39424243477,Sample,14,6,26.,1,false,true,false,true,130.,104.,102.,86.,13.1406087766
1.39424243477,Sample,14,6,31.,1,false,true,false,true,130.,104.,102.,86.,13.1406147795
1.39424243477,Sample,14,6,36.,1,false,true,false,true,130.,104.,102.,86.,13.1406151367
1.39424243477,Sample,14,6,41.,1,false,true,false,true,130.,104.,102.,86.,13.1406151583
1.39424243477,Sample,14,6,46.,1,false,true,false,true,130.,104.,102.,86.,13.1406151597
1.39424243477,Sample,14,6,51.,1,false,true,false,true,130.,104.,102.,86.,13.1406151598
0.896475911811,Voter,14,7,1.,1,false,true,false,true,40.,40.,66.,58.,0.
0.896475911811,Voter,14,7,6.,1,false,true,false,true,92.,84.,30.,30.,10.1301212659
0.896475911811,Voter,14,7,11.,1,false,true,false,true,92.,84.,30.,30.,10.2875981117
0.896475911811,Voter,14,7,16.,1,false,true,false,true,92.,84.,30.,30.,10.2903095906
0.896475911811,Voter,14,7,21.,1,false,true,false,true,92.,84.,30.,30.,10.2903600492
0.896475911811,Voter,14,7,26.,1,false,true,false,true,92.,84.,30.,30.,10.290361044
0.896475911811,Voter,14,7,31.,1,false,true,false,true,92.,84.,30.,30.,10.2903610645
0.896475911811,Voter,14,7,36.,1,false,true,false,true,92.,84.,30.,30.,10.2903610649
0.896475911811,Voter,14,7,41.,1,false,true,false,true,92.,84.,30.,30.,10.2903610649
0.896475911811,Voter,14,7,46.,1,false,true,false,true,92.,84.,30.,30.,10.2903610649
0.896475911811,Voter,14,7,51.,1,false,true,false,true,92.,84.,30.,30.,10.2903610649
0.830954498141,Sample,14,4,1.,1,false,true,false,true,78.,70.,110.,88.,0.
0.830954498141,Sample,14,4,6.,1,false,true,false,true,112.,90.,124.,104.,9.67871083438
0.830954498141,Sample,14,4,11.,1,false,true,false,true,112.,90.,124.,104.,9.79807516516
0.830954498141,Sample,14,4,16.,1,false,true,false,true,112.,90.,124.,104.,9.79973088981
0.830954498141,Sample,14,4,21.,1,false,true,false,true,112.,90.,124.,104.,9.79975593205
0.830954498141,Sample,14,4,26.,1,false,true,false,true,112.,90.,124.,104.,9.79975633526
0.830954498141,Sample,14,4,31.,1,false,true,false,true,112.,90.,124.,104.,9.79975634205
0.830954498141,Sample,14,4,36.,1,false,true,false,true,112.,90.,124.,104.,9.79975634217
0.830954498141,Sample,14,4,41.,1,false,true,false,true,112.,90.,124.,104.,9.79975634217
0.830954498141,Sample,14,4,46.,1,false,true,false,true,112.,90.,124.,104.,9.79975634217
0.830954498141,Sample,14,4,51.,1,false,true,false,true,112.,90.,124.,104.,9.79975634217
1.33747201334,Voter,14,3,1.,1,false,true,false,true,2.,2.,6.,6.,0.
1.33747201334,Voter,14,3,6.,1,false,true,false,true,8.,6.,0.,0.,12.2863306385
1.33747201334,Voter,14,3,11.,1,false,true,false,true,8.,6.,0.,0.,12.8484772775
1.33747201334,Voter,14,3,16.,1,false,true,false,true,8.,6.,0.,0.,12.8754501091
1.33747201334,Voter,14,3,21.,1,false,true,false,true,8.,6.,0.,0.,12.876798477
1.33747201334,Voter,14,3,26.,1,false,true,false,true,8.,6.,0.,0.,12.8768682428
1.33747201334,Voter,14,3,31.,1,false,true,false,true,8.,6.,0.,0.,12.8768719571
1.33747201334,Voter,14,3,36.,1,false,true,false,true,8.,6.,0.,0.,12.8768721596
1.33747201334,Voter,14,3,41.,1,false,true,false,true,8.,6.,0.,0.,12.8768721708
1.33747201334,Voter,14,3,46.,1,false,true,false,true,8.,6.,0.,0.,12.8768721714
1.33747201334,Voter,14,3,51.,1,false,true,false,true,8.,6.,0.,0.,12.8768721715
0.814428128748,Voter,14,5,1.,1,false,true,false,true,50.,48.,48.,48.,0.
0.814428128748,Voter,14,5,6.,1,false,true,false,true,72.,66.,50.,48.,9.55823174071
0.814428128748,Voter,14,5,11.,1,false,true,false,true,72.,66.,50.,48.,9.66894635544
0.814428128748,Voter,14,5,16.,1,false,true,false,true,72.,66.,50.,48.,9.67039511388
0.814428128748,Voter,14,5,21.,1,false,true,false,true,72.,66.,50.,48.,9.67041583486
0.814428128748,Voter,14,5,26.,1,false,true,false,true,72.,66.,50.,48.,9.67041615076
0.814428128748,Voter,14,5,31.,1,false,true,false,true,72.,66.,50.,48.,9.67041615581
0.814428128748,Voter,14,5,36.,1,false,true,false,true,72.,66.,50.,48.,9.67041615589
0.814428128748,Voter,14,5,41.,1,false,true,false,true,72.,66.,50.,48.,9.67041615589
0.814428128748,Voter,14,5,46.,1,false,true,false,true,72.,66.,50.,48.,9.67041615589
0.814428128748,Voter,14,5,51.,1,false,true,false,true,72.,66.,50.,48.,9.67041615589
0.991818157801,Sample,14,4,1.,1,false,true,false,true,14.,14.,40.,34.,0.
0.991818157801,Sample,14,4,6.,1,false,true,false,true,48.,42.,26.,26.,10.7175979699
0.991818157801,Sample,14,4,11.,1,false,true,false,true,50.,42.,24.,24.,10.941387592
0.991818157801,Sample,14,4,16.,1,false,true,false,true,50.,42.,24.,24.,10.9464727878
0.991818157801,Sample,14,4,21.,1,false,true,false,true,50.,42.,24.,24.,10.946596323
0.991818157801,Sample,14,4,26.,1,false,true,false,true,50.,42.,24.,24.,10.9465994823
0.991818157801,Sample,14,4,31.,1,false,true,false,true,50.,42.,24.,24.,10.9465995664
0.991818157801,Sample,14,4,36.,1,false,true,false,true,50.,42.,24.,24.,10.9465995687
0.991818157801,Sample,14,4,41.,1,false,true,false,true,50.,42.,24.,24.,10.9465995688
0.991818157801,Sample,14,4,46.,1,false,true,false,true,50.,42.,24.,24.,10.9465995688
0.991818157801,Sample,14,4,51.,1,false,true,false,true,50.,42.,24.,24.,10.9465995688
1.20036946388,Sample,14,7,1.,1,false,true,false,true,30.,30.,110.,94.,0.
1.20036946388,Sample,14,7,6.,1,false,true,false,true,182.,140.,154.,120.,11.7567245993
1.20036946388,Sample,14,7,11.,1,false,true,false,true,190.,146.,150.,116.,12.1679314533
1.20036946388,Sample,14,7,16.,1,false,true,false,true,190.,146.,150.,116.,12.18318318
1.20036946388,Sample,14,7,21.,1,false,true,false,true,190.,146.,150.,116.,12.1837774153
1.20036946388,Sample,14,7,26.,1,false,true,false,true,190.,146.,150.,116.,12.1838015167
1.20036946388,Sample,14,7,31.,1,false,true,false,true,190.,146.,150.,116.,12.1838025265
1.20036946388,Sample,14,7,36.,1,false,true,false,true,190.,146.,150.,116.,12.1838025699
1.20036946388,Sample,14,7,41.,1,false,true,false,true,190.,146.,150.,116.,12.1838025718
1.20036946388,Sample,14,7,46.,1,false,true,false,true,190.,146.,150.,116.,12.1838025719
1.20036946388,Sample,14,7,51.,1,false,true,false,true,190.,146.,150.,116.,12.1838025719
1.27682782407,Voter,14,3,1.,1,false,true,false,true,14.,14.,16.,16.,0.
1.27682782407,Voter,14,3,6.,1,false,true,false,true,28.,26.,14.,14.,12.065411341
1.27682782407,Voter,14,3,11.,1,false,true,false,true,28.,26.,14.,14.,12.5583836334
1.27682782407,Voter,14,3,16.,1,false,true,false,true,28.,26.,14.,14.,12.5796018334
1.27682782407,Voter,14,3,21.,1,false,true,false,true,28.,26.,14.,14.,12.5805565381
1.27682782407,Voter,14,3,26.,1,false,true,false,true,28.,26.,14.,14.,12.5806011061
1.27682782407,Voter,14,3,31.,1,false,true,false,true,28.,26.,14.,14.,12.5806032504
1.27682782407,Voter,14,3,36.,1,false,true,false,true,28.,26.,14.,14.,12.5806033562
1.27682782407,Voter,14,3,41.,1,false,true,false,true,28.,26.,14.,14.,12.5806033615
1.27682782407,Voter,14,3,46.,1,false,true,false,true,28.,26.,14.,14.,12.5806033618
1.27682782407,Voter,14,3,51.,1,false,true,false,true,28.,26.,14.,14.,12.5806033618
1.15893372724,Sample,14,7,1.,1,false,true,false,true,56.,52.,128.,98.,0.
1.15893372724,Sample,14,7,6.,1,false,true,false,true,206.,158.,210.,154.,11.5743343446
1.15893372724,Sample,14,7,11.,1,false,true,false,true,214.,164.,218.,160.,11.9439797284
1.15893372724,Sample,14,7,16.,1,false,true,false,true,214.,164.,218.,160.,11.9565501286
1.15893372724,Sample,14,7,21.,1,false,true,false,true,214.,164.,218.,160.,11.9570004998
1.15893372724,Sample,14,7,26.,1,false,true,false,true,214.,164.,218.,160.,11.9570173301
1.15893372724,Sample,14,7,31.,1,false,true,false,true,214.,164.,218.,160.,11.9570179806
1.15893372724,Sample,14,7,36.,1,false,true,false,true,214.,164.,218.,160.,11.9570180065
1.15893372724,Sample,14,7,41.,1,false,true,false,true,214.,164.,218.,160.,11.9570180075
1.15893372724,Sample,14,7,46.,1,false,true,false,true,214.,164.,218.,160.,11.9570180076
1.15893372724,Sample,14,7,51.,1,false,true,false,true,214.,164.,218.,160.,11.9570180076
1.05406628461,Voter,14,5,1.,1,false,true,false,true,34.,30.,28.,28.,0.
1.05406628461,Voter,14,5,6.,1,false,true,false,true,66.,56.,20.,18.,11.0607970473
1.05406628461,Voter,14,5,11.,1,false,true,false,true,66.,56.,20.,18.,11.3346557436
1.05406628461,Voter,14,5,16.,1,false,true,false,true,66.,56.,20.,18.,11.3419668515
1.05406628461,Voter,14,5,21.,1,false,true,false,true,66.,56.,20.,18.,11.3421742638
1.05406628461,Voter,14,5,26.,1,false,true,false,true,66.,56.,20.,18.,11.3421804354
1.05406628461,Voter,14,5,31.,1,false,true,false,true,66.,56.,20.,18.,11.342180626
1.05406628461,Voter,14,5,36.,1,false,true,false,true,66.,56.,20.,18.,11.342180632
1.05406628461,Voter,14,5,41.,1,false,true,false,true,66.,56.,20.,18.,11.3421806322
1.05406628461,Voter,14,5,46.,1,false,true,false,true,66.,56.,20.,18.,11.3421806322
1.05406628461,Voter,14,5,51.,1,false,true,false,true,66.,56.,20.,18.,11.3421806322
1.04704607555,Voter,14,6,1.,1,false,true,false,true,28.,28.,54.,50.,0.
1.04704607555,Voter,14,6,6.,1,false,true,false,true,60.,56.,38.,38.,11.0235883708
1.04704607555,Voter,14,6,11.,1,false,true,false,true,60.,56.,38.,38.,11.2915399444
1.04704607555,Voter,14,6,16.,1,false,true,false,true,60.,56.,38.,38.,11.2985694625
1.04704607555,Voter,14,6,21.,1,false,true,false,true,60.,56.,38.,38.,11.2987655585
1.04704607555,Voter,14,6,26.,1,false,true,false,true,60.,56.,38.,38.,11.2987712983
1.04704607555,Voter,14,6,31.,1,false,true,false,true,60.,56.,38.,38.,11.2987714727
1.04704607555,Voter,14,6,36.,1,false,true,false,true,60.,56.,38.,38.,11.2987714782
1.04704607555,Voter,14,6,41.,1,false,true,false,true,60.,56.,38.,38.,11.2987714783
1.04704607555,Voter,14,6,46.,1,false,true,false,true,60.,56.,38.,38.,11.2987714783
1.04704607555,Voter,14,6,51.,1,false,true,false,true,60.,56.,38.,38.,11.2987714783
1.07465433684,Voter,14,3,1.,1,false,true,false,true,2.,2.,6.,6.,0.
1.07465433684,Voter,14,3,6.,1,false,true,false,true,8.,6.,0.,0.,11.1677986648
1.07465433684,Voter,14,3,11.,1,false,true,false,true,8.,6.,0.,0.,11.4593554488
1.07465433684,Voter,14,3,16.,1,false,true,false,true,8.,6.,0.,0.,11.467540266
1.07465433684,Voter,14,3,21.,1,false,true,false,true,8.,6.,0.,0.,11.467783987
1.07465433684,Voter,14,3,26.,1,false,true,false,true,8.,6.,0.,0.,11.46779159
1.07465433684,Voter,14,3,31.,1,false,true,false,true,8.,6.,0.,0.,11.467791836
1.07465433684,Voter,14,3,36.,1,false,true,false,true,8.,6.,0.,0.,11.4677918442
1.07465433684,Voter,14,3,41.,1,false,true,false,true,8.,6.,0.,0.,11.4677918445
1.07465433684,Voter,14,3,46.,1,false,true,false,true,8.,6.,0.,0.,11.4677918445
1.07465433684,Voter,14,3,51.,1,false,true,false,true,8.,6.,0.,0.,11.4677918445
1.2203476678,Voter,14,7,1.,1,false,true,false,true,64.,54.,70.,60.,0.
1.2203476678,Voter,14,7,6.,1,false,true,false,true,108.,88.,46.,40.,11.8407847001
1.2203476678,Voter,14,7,11.,1,false,true,false,true,108.,88.,46.,40.,12.2727375544
1.2203476678,Voter,14,7,16.,1,false,true,false,true,108.,88.,46.,40.,12.2894167403
1.2203476678,Voter,14,7,21.,1,false,true,false,true,108.,88.,46.,40.,12.2900923782
1.2203476678,Voter,14,7,26.,1,false,true,false,true,108.,88.,46.,40.,12.2901208426
1.2203476678,Voter,14,7,31.,1,false,true,false,true,108.,88.,46.,40.,12.2901220806
1.2203476678,Voter,14,7,36.,1,false,true,false,true,108.,88.,46.,40.,12.2901221358
1.2203476678,Voter,14,7,41.,1,false,true,false,true,108.,88.,46.,40.,12.2901221384
1.2203476678,Voter,14,7,46.,1,false,true,false,true,108.,88.,46.,40.,12.2901221385
1.2203476678,Voter,14,7,51.,1,false,true,false,true,108.,88.,46.,40.,12.2901221385
1.36674293746,Voter,14,7,1.,1,false,true,false,true,54.,46.,82.,74.,0.
1.36674293746,Voter,14,7,6.,1,false,true,false,true,114.,86.,50.,48.,12.3858803615
1.36674293746,Voter,14,7,11.,1,false,true,false,true,116.,88.,52.,50.,12.9826726445
1.36674293746,Voter,14,7,16.,1,false,true,false,true,116.,88.,52.,50.,13.0127689347
1.36674293746,Voter,14,7,21.,1,false,true,false,true,116.,88.,52.,50.,13.0143478342
1.36674293746,Voter,14,7,26.,1,false,true,false,true,116.,88.,52.,50.,13.0144334743
1.36674293746,Voter,14,7,31.,1,false,true,false,true,116.,88.,52.,50.,13.0144382504
1.36674293746,Voter,14,7,36.,1,false,true,false,true,116.,88.,52.,50.,13.0144385229
1.36674293746,Voter,14,7,41.,1,false,true,false,true,116.,88.,52.,50.,13.0144385388
1.36674293746,Voter,14,7,46.,1,false,true,false,true,116.,88.,52.,50.,13.0144385397
1.36674293746,Voter,14,7,51.,1,false,true,false,true,116.,88.,52.,50.,13.0144385398
1.17267797364,Sample,14,7,1.,1,false,true,false,true,74.,68.,156.,132.,0.
1.17267797364,Sample,14,7,6.,1,false,true,false,true,204.,182.,150.,140.,11.6360599857
1.17267797364,Sample,14,7,11.,1,false,true,false,true,204.,184.,150.,140.,12.0192677997
1.17267797364,Sample,14,7,16.,1,false,true,false,true,204.,184.,150.,140.,12.032686911
1.17267797364,Sample,14,7,21.,1,false,true,false,true,204.,184.,150.,140.,12.0331814902
1.17267797364,Sample,14,7,26.,1,false,true,false,true,204.,184.,150.,140.,12.0332004904
1.17267797364,Sample,14,7,31.,1,false,true,false,true,204.,184.,150.,140.,12.0332012451
1.17267797364,Sample,14,7,36.,1,false,true,false,true,204.,184.,150.,140.,12.0332012759
1.17267797364,Sample,14,7,41.,1,false,true,false,true,204.,184.,150.,140.,12.0332012772
1.17267797364,Sample,14,7,46.,1,false,true,false,true,204.,184.,150.,140.,12.0332012772
1.17267797364,Sample,14,7,51.,1,false,true,false,true,204.,184.,150.,140.,12.0332012772
1.04152393345,Sample,14,5,1.,1,false,true,false,true,32.,32.,92.,78.,0.
1.04152393345,Sample,14,5,6.,1,false,true,false,true,94.,78.,70.,60.,10.9940579398
1.04152393345,Sample,14,5,11.,1,false,true,false,true,94.,78.,70.,60.,11.2574089317
1.04152393345,Sample,14,5,16.,1,false,true,false,true,94.,78.,70.,60.,11.2642226348
1.04152393345,Sample,14,5,21.,1,false,true,false,true,94.,78.,70.,60.,11.2644101894
1.04152393345,Sample,14,5,26.,1,false,true,false,true,94.,78.,70.,60.,11.2644156081
1.04152393345,Sample,14,5,31.,1,false,true,false,true,94.,78.,70.,60.,11.2644157707
1.04152393345,Sample,14,5,36.,1,false,true,false,true,94.,78.,70.,60.,11.2644157757
1.04152393345,Sample,14,5,41.,1,false,true,false,true,94.,78.,70.,60.,11.2644157759
1.04152393345,Sample,14,5,46.,1,false,true,false,true,94.,78.,70.,60.,11.2644157759
1.04152393345,Sample,14,5,51.,1,false,true,false,true,94.,78.,70.,60.,11.2644157759
0.890808067574,Voter,14,5,1.,1,false,true,false,true,8.,6.,22.,22.,0.
0.890808067574,Voter,14,5,6.,1,false,true,false,true,48.,42.,26.,26.,10.0926743849
0.890808067574,Voter,14,5,11.,1,false,true,false,true,48.,42.,26.,26.,10.246613012
0.890808067574,Voter,14,5,16.,1,false,true,false,true,48.,42.,26.,26.,10.2492167804
0.890808067574,Voter,14,5,21.,1,false,true,false,true,48.,42.,26.,26.,10.2492644133
0.890808067574,Voter,14,5,26.,1,false,true,false,true,48.,42.,26.,26.,10.2492653369
0.890808067574,Voter,14,5,31.,1,false,true,false,true,48.,42.,26.,26.,10.2492653556
0.890808067574,Voter,14,5,36.,1,false,true,false,true,48.,42.,26.,26.,10.249265356
0.890808067574,Voter,14,5,41.,1,false,true,false,true,48.,42.,26.,26.,10.249265356
0.890808067574,Voter,14,5,46.,1,false,true,false,true,48.,42.,26.,26.,10.249265356
0.890808067574,Voter,14,5,51.,1,false,true,false,true,48.,42.,26.,26.,10.249265356
1.37388307811,Sample,14,6,1.,1,false,true,false,true,24.,24.,82.,72.,0.
1.37388307811,Sample,14,6,6.,1,false,true,false,true,174.,144.,184.,156.,12.4094911523
1.37388307811,Sample,14,6,11.,1,false,true,false,true,192.,158.,190.,158.,13.0148523991
1.37388307811,Sample,14,6,16.,1,false,true,false,true,192.,158.,190.,158.,13.0457459497
1.37388307811,Sample,14,6,21.,1,false,true,false,true,192.,158.,190.,158.,13.0473854768
1.37388307811,Sample,14,6,26.,1,false,true,false,true,192.,158.,190.,158.,13.0474754138
1.37388307811,Sample,14,6,31.,1,false,true,false,true,192.,158.,190.,158.,13.0474804855
1.37388307811,Sample,14,6,36.,1,false,true,false,true,192.,158.,190.,158.,13.0474807781
1.37388307811,Sample,14,6,41.,1,false,true,false,true,192.,158.,190.,158.,13.0474807953
1.37388307811,Sample,14,6,46.,1,false,true,false,true,192.,158.,190.,158.,13.0474807964
1.37388307811,Sample,14,6,51.,1,false,true,false,true,192.,158.,190.,158.,13.0474807964
1.29904250142,Voter,14,3,1.,1,false,true,false,true,10.,10.,12.,12.,0.
1.29904250142,Voter,14,3,6.,1,false,true,false,true,18.,18.,4.,4.,12.1486961827
1.29904250142,Voter,14,3,11.,1,false,true,false,true,18.,18.,4.,4.,12.6665852335
1.29904250142,Voter,14,3,16.,1,false,true,false,true,18.,18.,4.,4.,12.689802037
1.29904250142,Voter,14,3,21.,1,false,true,false,true,18.,18.,4.,4.,12.6908886757
1.29904250142,Voter,14,3,26.,1,false,true,false,true,18.,18.,4.,4.,12.6909413949
1.29904250142,Voter,14,3,31.,1,false,true,false,true,18.,18.,4.,4.,12.6909440295
1.29904250142,Voter,14,3,36.,1,false,true,false,true,18.,18.,4.,4.,12.6909441644
1.29904250142,Voter,14,3,41.,1,false,true,false,true,18.,18.,4.,4.,12.6909441714
1.29904250142,Voter,14,3,46.,1,false,true,false,true,18.,18.,4.,4.,12.6909441718
1.29904250142,Voter,14,3,51.,1,false,true,false,true,18.,18.,4.,4.,12.6909441718
1.27170679988,Sample,14,6,1.,1,false,true,false,true,42.,42.,126.,100.,0.
1.27170679988,Sample,14,6,6.,1,false,true,false,true,160.,124.,168.,126.,12.0458149413
1.27170679988,Sample,14,6,11.,1,false,true,false,true,174.,134.,170.,124.,12.5331149361
1.27170679988,Sample,14,6,16.,1,false,true,false,true,176.,136.,172.,126.,12.5538898771
1.27170679988,Sample,14,6,21.,1,false,true,false,true,176.,136.,172.,126.,12.5548160445
1.27170679988,Sample,14,6,26.,1,false,true,false,true,176.,136.,172.,126.,12.5548588919
1.27170679988,Sample,14,6,31.,1,false,true,false,true,176.,136.,172.,126.,12.5548609353
1.27170679988,Sample,14,6,36.,1,false,true,false,true,176.,136.,172.,126.,12.5548610352
1.27170679988,Sample,14,6,41.,1,false,true,false,true,176.,136.,172.,126.,12.5548610402
1.27170679988,Sample,14,6,46.,1,false,true,false,true,176.,136.,172.,126.,12.5548610404
1.27170679988,Sample,14,6,51.,1,false,true,false,true,176.,136.,172.,126.,12.5548610404
1.09418535267,Voter,14,6,1.,1,false,true,false,true,48.,42.,54.,50.,0.
1.09418535267,Voter,14,6,6.,1,false,true,false,true,88.,72.,38.,38.,11.2664407666
1.09418535267,Voter,14,6,11.,1,false,true,false,true,88.,72.,38.,38.,11.5752966103
1.09418535267,Voter,14,6,16.,1,false,true,false,true,88.,72.,38.,38.,11.5843787217
1.09418535267,Voter,14,6,21.,1,false,true,false,true,88.,72.,38.,38.,11.5846615286
1.09418535267,Voter,14,6,26.,1,false,true,false,true,88.,72.,38.,38.,11.5846707445
1.09418535267,Voter,14,6,31.,1,false,true,false,true,88.,72.,38.,38.,11.5846710558
1.09418535267,Voter,14,6,36.,1,false,true,false,true,88.,72.,38.,38.,11.5846710667
1.09418535267,Voter,14,6,41.,1,false,true,false,true,88.,72.,38.,38.,11.584671067
1.09418535267,Voter,14,6,46.,1,false,true,false,true,88.,72.,38.,38.,11.5846710671
1.09418535267,Voter,14,6,51.,1,false,true,false,true,88.,72.,38.,38.,11.5846710671
1.22199746671,Sample,14,6,1.,1,false,true,false,true,34.,34.,98.,80.,0.
1.22199746671,Sample,14,6,6.,1,false,true,false,true,122.,110.,122.,112.,11.8476164192
1.22199746671,Sample,14,6,11.,1,false,true,false,true,138.,122.,126.,118.,12.2813025192
1.22199746671,Sample,14,6,16.,1,false,true,false,true,140.,122.,124.,118.,12.2981036335
1.22199746671,Sample,14,6,21.,1,false,true,false,true,140.,122.,124.,118.,12.298786372
1.22199746671,Sample,14,6,26.,1,false,true,false,true,140.,122.,124.,118.,12.2988152248
1.22199746671,Sample,14,6,31.,1,false,true,false,true,140.,122.,124.,118.,12.2988164835
1.22199746671,Sample,14,6,36.,1,false,true,false,true,140.,122.,124.,118.,12.2988165398
1.22199746671,Sample,14,6,41.,1,false,true,false,true,140.,122.,124.,118.,12.2988165424
1.22199746671,Sample,14,6,46.,1,false,true,false,true,140.,122.,124.,118.,12.2988165425
1.22199746671,Sample,14,6,51.,1,false,true,false,true,140.,122.,124.,118.,12.2988165425
1.14424567693,Voter,14,4,1.,1,false,true,false,true,14.,14.,22.,22.,0.
1.14424567693,Voter,14,4,6.,1,false,true,false,true,24.,24.,8.,8.,11.5069930006
1.14424567693,Voter,14,4,11.,1,false,true,false,true,24.,24.,8.,8.,11.862395116
1.14424567693,Voter,14,4,16.,1,false,true,false,true,24.,24.,8.,8.,11.8741017358
1.14424567693,Voter,14,4,21.,1,false,true,false,true,24.,24.,8.,8.,11.8745084399
1.14424567693,Voter,14,4,26.,1,false,true,false,true,24.,24.,8.,8.,11.8745231882
1.14424567693,Voter,14,4,31.,1,false,true,false,true,24.,24.,8.,8.,11.8745237417
1.14424567693,Voter,14,4,36.,1,false,true,false,true,24.,24.,8.,8.,11.874523763
1.14424567693,Voter,14,4,41.,1,false,true,false,true,24.,24.,8.,8.,11.8745237638
1.14424567693,Voter,14,4,46.,1,false,true,false,true,24.,24.,8.,8.,11.8745237639
1.14424567693,Voter,14,4,51.,1,false,true,false,true,24.,24.,8.,8.,11.8745237639
0.817020663121,Sample,14,7,1.,1,false,true,false,true,104.,94.,172.,138.,0.
0.817020663121,Sample,14,7,6.,1,false,true,false,true,232.,194.,228.,202.,9.57731422591
0.817020663121,Sample,14,7,11.,1,false,true,false,true,234.,196.,230.,204.,9.68936018032
0.817020663121,Sample,14,7,16.,1,false,true,false,true,234.,196.,230.,204.,9.69083999196
0.817020663121,Sample,14,7,21.,1,false,true,false,true,234.,196.,230.,204.,9.69086134563
0.817020663121,Sample,14,7,26.,1,false,true,false,true,234.,196.,230.,204.,9.69086167401
0.817020663121,Sample,14,7,31.,1,false,true,false,true,234.,196.,230.,204.,9.69086167931
0.817020663121,Sample,14,7,36.,1,false,true,false,true,234.,196.,230.,204.,9.69086167939
0.817020663121,Sample,14,7,41.,1,false,true,false,true,234.,196.,230.,204.,9.69086167939
0.817020663121,Sample,14,7,46.,1,false,true,false,true,234.,196.,230.,204.,9.69086167939
0.817020663121,Sample,14,7,51.,1,false,true,false,true,234.,196.,230.,204.,9.69086167939
1.3195722669,Voter,14,7,1.,1,false,true,false,true,50.,48.,96.,82.,0.
1.3195722669,Voter,14,7,6.,1,false,true,false,true,108.,90.,74.,62.,12.2232214263
1.3195722669,Voter,14,7,11.,1,false,true,false,true,108.,90.,74.,62.,12.7645757795
1.3195722669,Voter,14,7,16.,1,false,true,false,true,108.,90.,74.,62.,12.7897512563
1.3195722669,Voter,14,7,21.,1,false,true,false,true,108.,90.,74.,62.,12.7909721998
1.3195722669,Voter,14,7,26.,1,false,true,false,true,108.,90.,74.,62.,12.7910335285
1.3195722669,Voter,14,7,31.,1,false,true,false,true,108.,90.,74.,62.,12.7910366998
1.3195722669,Voter,14,7,36.,1,false,true,false,true,108.,90.,74.,62.,12.7910368677
1.3195722669,Voter,14,7,41.,1,false,true,false,true,108.,90.,74.,62.,12.7910368768
1.3195722669,Voter,14,7,46.,1,false,true,false,true,108.,90.,74.,62.,12.7910368773
1.3195722669,Voter,14,7,51.,1,false,true,false,true,108.,90.,74.,62.,12.7910368773
0.994728451794,Voter,14,4,1.,1,false,true,false,true,30.,28.,26.,26.,0.
0.994728451794,Voter,14,4,6.,1,false,true,false,true,48.,42.,32.,26.,10.7343248775
0.994728451794,Voter,14,4,11.,1,false,true,false,true,48.,42.,32.,26.,10.9603380775
0.994728451794,Voter,14,4,16.,1,false,true,false,true,48.,42.,32.,26.,10.9655143272
0.994728451794,Voter,14,4,21.,1,false,true,false,true,48.,42.,32.,26.,10.9656410287
0.994728451794,Voter,14,4,26.,1,false,true,false,true,48.,42.,32.,26.,10.965644293
0.994728451794,Voter,14,4,31.,1,false,true,false,true,48.,42.,32.,26.,10.9656443805
0.994728451794,Voter,14,4,36.,1,false,true,false,true,48.,42.,32.,26.,10.9656443829
0.994728451794,Voter,14,4,41.,1,false,true,false,true,48.,42.,32.,26.,10.965644383
0.994728451794,Voter,14,4,46.,1,false,true,false,true,48.,42.,32.,26.,10.965644383
0.994728451794,Voter,14,4,51.,1,false,true,false,true,48.,42.,32.,26.,10.965644383
1.30054130624,Voter,14,5,1.,1,false,true,false,true,18.,18.,42.,40.,0.
1.30054130624,Voter,14,5,6.,1,false,true,false,true,50.,50.,30.,30.,12.1542156485
1.30054130624,Voter,14,5,11.,1,false,true,false,true,50.,50.,30.,30.,12.6738037382
1.30054130624,Voter,14,5,16.,1,false,true,false,true,50.,50.,30.,30.,12.6971598738
1.30054130624,Voter,14,5,21.,1,false,true,false,true,50.,50.,30.,30.,12.6982559053
1.30054130624,Voter,14,5,26.,1,false,true,false,true,50.,50.,30.,30.,12.6983092167
1.30054130624,Voter,14,5,31.,1,false,true,false,true,50.,50.,30.,30.,12.6983118876
1.30054130624,Voter,14,5,36.,1,false,true,false,true,50.,50.,30.,30.,12.6983120247
1.30054130624,Voter,14,5,41.,1,false,true,false,true,50.,50.,30.,30.,12.6983120319
1.30054130624,Voter,14,5,46.,1,false,true,false,true,50.,50.,30.,30.,12.6983120323
1.30054130624,Voter,14,5,51.,1,false,true,false,true,50.,50.,30.,30.,12.6983120323
1.25931785244,Sample,14,7,1.,1,false,true,false,true,94.,82.,170.,126.,0.
1.25931785244,Sample,14,7,6.,1,false,true,false,true,212.,186.,208.,176.,11.9977812577
1.25931785244,Sample,14,7,11.,1,false,true,false,true,218.,186.,198.,176.,12.4714717878
1.25931785244,Sample,14,7,16.,1,false,true,false,true,218.,186.,198.,176.,12.4912009965
1.25931785244,Sample,14,7,21.,1,false,true,false,true,218.,186.,198.,176.,12.4920609106
1.25931785244,Sample,14,7,26.,1,false,true,false,true,218.,186.,198.,176.,12.4920998251
1.25931785244,Sample,14,7,31.,1,false,true,false,true,218.,186.,198.,176.,12.492101641
1.25931785244,Sample,14,7,36.,1,false,true,false,true,218.,186.,198.,176.,12.4921017279
1.25931785244,Sample,14,7,41.,1,false,true,false,true,218.,186.,198.,176.,12.4921017322
1.25931785244,Sample,14,7,46.,1,false,true,false,true,218.,186.,198.,176.,12.4921017324
1.25931785244,Sample,14,7,51.,1,false,true,false,true,218.,186.,198.,176.,12.4921017324
1.00107507926,Sample,14,7,1.,1,false,true,false,true,74.,72.,158.,126.,0.
1.00107507926,Sample,14,7,6.,1,false,true,false,true,236.,188.,208.,180.,10.7705651789
1.00107507926,Sample,14,7,11.,1,false,true,false,true,236.,188.,208.,180.,11.0014677812
1.00107507926,Sample,14,7,16.,1,false,true,false,true,236.,188.,208.,180.,11.0068468193
1.00107507926,Sample,14,7,21.,1,false,true,false,true,236.,188.,208.,180.,11.006980659
1.00107507926,Sample,14,7,26.,1,false,true,false,true,236.,188.,208.,180.,11.0069841627
1.00107507926,Sample,14,7,31.,1,false,true,false,true,236.,188.,208.,180.,11.0069842581
1.00107507926,Sample,14,7,36.,1,false,true,false,true,236.,188.,208.,180.,11.0069842608
1.00107507926,Sample,14,7,41.,1,false,true,false,true,236.,188.,208.,180.,11.0069842609
1.00107507926,Sample,14,7,46.,1,false,true,false,true,236.,188.,208.,180.,11.0069842609
1.00107507926,Sample,14,7,51.,1,false,true,false,true,236.,188.,208.,180.,11.0069842609
0.958334980861,Sample,14,7,1.,1,false,true,false,true,142.,128.,222.,184.,0.
0.958334980861,Sample,14,7,6.,1,false,true,false,true,290.,224.,306.,238.,10.5201500632
0.958334980861,Sample,14,7,11.,1,false,true,false,true,292.,224.,304.,238.,10.7191998826
0.958334980861,Sample,14,7,16.,1,false,true,false,true,292.,224.,304.,238.,10.7233216501
0.958334980861,Sample,14,7,21.,1,false,true,false,true,292.,224.,304.,238.,10.7234132246
0.958334980861,Sample,14,7,26.,1,false,true,false,true,292.,224.,304.,238.,10.723415371
0.958334980861,Sample,14,7,31.,1,false,true,false,true,292.,224.,304.,238.,10.7234154234
0.958334980861,Sample,14,7,36.,1,false,true,false,true,292.,224.,304.,238.,10.7234154248
0.958334980861,Sample,14,7,41.,1,false,true,false,true,292.,224.,304.,238.,10.7234154248
0.958334980861,Sample,14,7,46.,1,false,true,false,true,292.,224.,304.,238.,10.7234154248
0.958334980861,Sample,14,7,51.,1,false,true,false,true,292.,224.,304.,238.,10.7234154248
1.08018764546,Sample,14,5,1.,1,false,true,false,true,10.,10.,58.,48.,0.
1.08018764546,Sample,14,5,6.,1,false,true,false,true,64.,60.,40.,40.,11.196025075
1.08018764546,Sample,14,5,11.,1,false,true,false,true,72.,68.,32.,32.,11.4924328221
1.08018764546,Sample,14,5,16.,1,false,true,false,true,72.,68.,32.,32.,11.5008649532
1.08018764546,Sample,14,5,21.,1,false,true,false,true,72.,68.,32.,32.,11.5011192698
1.08018764546,Sample,14,5,26.,1,false,true,false,true,72.,68.,32.,32.,11.501127303
1.08018764546,Sample,14,5,31.,1,false,true,false,true,72.,68.,32.,32.,11.5011275662
1.08018764546,Sample,14,5,36.,1,false,true,false,true,72.,68.,32.,32.,11.501127575
1.08018764546,Sample,14,5,41.,1,false,true,false,true,72.,68.,32.,32.,11.5011275753
1.08018764546,Sample,14,5,46.,1,false,true,false,true,72.,68.,32.,32.,11.5011275753
1.08018764546,Sample,14,5,51.,1,false,true,false,true,72.,68.,32.,32.,11.5011275753
1.17726371611,Sample,14,4,1.,1,false,true,false,true,8.,8.,26.,24.,0.
1.17726371611,Sample,14,4,6.,1,false,true,false,true,52.,48.,42.,42.,11.6563811607
1.17726371611,Sample,14,4,11.,1,false,true,false,true,54.,48.,40.,40.,12.0441638585
1.17726371611,Sample,14,4,16.,1,false,true,false,true,54.,48.,40.,40.,12.0578750085
1.17726371611,Sample,14,4,21.,1,false,true,false,true,54.,48.,40.,40.,12.05838509
1.17726371611,Sample,14,4,26.,1,false,true,false,true,54.,48.,40.,40.,12.0584048651
1.17726371611,Sample,14,4,31.,1,false,true,false,true,54.,48.,40.,40.,12.0584056576
1.17726371611,Sample,14,4,36.,1,false,true,false,true,54.,48.,40.,40.,12.0584056903
1.17726371611,Sample,14,4,41.,1,false,true,false,true,54.,48.,40.,40.,12.0584056916
1.17726371611,Sample,14,4,46.,1,false,true,false,true,54.,48.,40.,40.,12.0584056917
1.17726371611,Sample,14,4,51.,1,false,true,false,true,54.,48.,40.,40.,12.0584056917
1.11208065192,Sample,14,7,1.,1,false,true,false,true,70.,60.,146.,118.,0.
1.11208065192,Sample,14,7,6.,1,false,true,false,true,176.,144.,160.,132.,11.354429873
1.11208065192,Sample,14,7,11.,1,false,true,false,true,178.,146.,162.,134.,11.6795644464
1.11208065192,Sample,14,7,16.,1,false,true,false,true,178.,146.,162.,134.,11.6895297314
1.11208065192,Sample,14,7,21.,1,false,true,false,true,178.,146.,162.,134.,11.6898526907
1.11208065192,Sample,14,7,26.,1,false,true,false,true,178.,146.,162.,134.,11.6898636337
1.11208065192,Sample,14,7,31.,1,false,true,false,true,178.,146.,162.,134.,11.6898640178
1.11208065192,Sample,14,7,36.,1,false,true,false,true,178.,146.,162.,134.,11.6898640317
1.11208065192,Sample,14,7,41.,1,false,true,false,true,178.,146.,162.,134.,11.6898640322
1.11208065192,Sample,14,7,46.,1,false,true,false,true,178.,146.,162.,134.,11.6898640322
1.11208065192,Sample,14,7,51.,1,false,true,false,true,178.,146.,162.,134.,11.6898640322
1.15528749073,Sample,14,5,1.,1,false,true,false,true,18.,18.,58.,46.,0.
1.15528749073,Sample,14,5,6.,1,false,true,false,true,98.,86.,94.,82.,11.5577508853
1.15528749073,Sample,14,5,11.,1,false,true,false,true,100.,86.,88.,78.,11.9238361464
1.15528749073,Sample,14,5,16.,1,false,true,false,true,100.,86.,88.,78.,11.9361879947
1.15528749073,Sample,14,5,21.,1,false,true,false,true,100.,86.,88.,78.,11.9366271891
1.15528749073,Sample,14,5,26.,1,false,true,false,true,100.,86.,88.,78.,11.9366434805
1.15528749073,Sample,14,5,31.,1,false,true,false,true,100.,86.,88.,78.,11.9366441056
1.15528749073,Sample,14,5,36.,1,false,true,false,true,100.,86.,88.,78.,11.9366441303
1.15528749073,Sample,14,5,41.,1,false,true,false,true,100.,86.,88.,78.,11.9366441313
1.15528749073,Sample,14,5,46.,1,false,true,false,true,100.,86.,88.,78.,11.9366441313
1.15528749073,Sample,14,5,51.,1,false,true,false,true,100.,86.,88.,78.,11.9366441313
0.990368929063,Voter,14,4,1.,1,false,true,false,true,14.,14.,16.,16.,0.
0.990368929063,Voter,14,4,6.,1,false,true,false,true,24.,24.,10.,10.,10.7092429382
0.990368929063,Voter,14,4,11.,1,false,true,false,true,24.,24.,10.,10.,10.9319296387
0.990368929063,Voter,14,4,16.,1,false,true,false,true,24.,24.,10.,10.,10.9369699423
0.990368929063,Voter,14,4,21.,1,false,true,false,true,24.,24.,10.,10.,10.9370919254
0.990368929063,Voter,14,4,26.,1,false,true,false,true,24.,24.,10.,10.,10.9370950335
0.990368929063,Voter,14,4,31.,1,false,true,false,true,24.,24.,10.,10.,10.9370951159
0.990368929063,Voter,14,4,36.,1,false,true,false,true,24.,24.,10.,10.,10.9370951182
0.990368929063,Voter,14,4,41.,1,false,true,false,true,24.,24.,10.,10.,10.9370951182
0.990368929063,Voter,14,4,46.,1,false,true,false,true,24.,24.,10.,10.,10.9370951182
0.990368929063,Voter,14,4,51.,1,false,true,false,true,24.,24.,10.,10.,10.9370951182
1.02557039898,Voter,14,3,1.,1,false,true,false,true,10.,10.,16.,16.,0.
1.02557039898,Voter,14,3,6.,1,false,true,false,true,18.,18.,16.,16.,10.907433489
1.02557039898,Voter,14,3,11.,1,false,true,false,true,18.,18.,16.,16.,11.157722439
1.02557039898,Voter,14,3,16.,1,false,true,false,true,18.,18.,16.,16.,11.1639401315
1.02557039898,Voter,14,3,21.,1,false,true,false,true,18.,18.,16.,16.,11.1641047088
1.02557039898,Voter,14,3,26.,1,false,true,false,true,18.,18.,16.,16.,11.1641092854
1.02557039898,Voter,14,3,31.,1,false,true,false,true,18.,18.,16.,16.,11.1641094176
1.02557039898,Voter,14,3,36.,1,false,true,false,true,18.,18.,16.,16.,11.1641094216
1.02557039898,Voter,14,3,41.,1,false,true,false,true,18.,18.,16.,16.,11.1641094217
1.02557039898,Voter,14,3,46.,1,false,true,false,true,18.,18.,16.,16.,11.1641094217
1.02557039898,Voter,14,3,51.,1,false,true,false,true,18.,18.,16.,16.,11.1641094217
1.28409979926,Voter,14,6,1.,1,false,true,false,true,30.,30.,46.,40.,0.
1.28409979926,Voter,14,6,6.,1,false,true,false,true,74.,62.,34.,32.,12.0929814353
1.28409979926,Voter,14,6,11.,1,false,true,false,true,76.,62.,32.,30.,12.5940549709
1.28409979926,Voter,14,6,16.,1,false,true,false,true,76.,62.,32.,30.,12.6159137843
1.28409979926,Voter,14,6,21.,1,false,true,false,true,76.,62.,32.,30.,12.6169102015
1.28409979926,Voter,14,6,26.,1,false,true,false,true,76.,62.,32.,30.,12.6169573121
1.28409979926,Voter,14,6,31.,1,false,true,false,true,76.,62.,32.,30.,12.6169596074
1.28409979926,Voter,14,6,36.,1,false,true,false,true,76.,62.,32.,30.,12.616959722
1.28409979926,Voter,14,6,41.,1,false,true,false,true,76.,62.,32.,30.,12.6169597278
1.28409979926,Voter,14,6,46.,1,false,true,false,true,76.,62.,32.,30.,12.6169597281
1.28409979926,Voter,14,6,51.,1,false,true,false,true,76.,62.,32.,30.,12.6169597281
1.04022855761,Sample,14,4,1.,1,false,true,false,true,10.,10.,24.,24.,0.
1.04022855761,Sample,14,4,6.,1,false,true,false,true,32.,30.,26.,26.,10.9870971565
1.04022855761,Sample,14,4,11.,1,false,true,false,true,32.,30.,26.,26.,11.2493748357
1.04022855761,Sample,14,4,16.,1,false,true,false,true,32.,30.,26.,26.,11.2561386302
1.04022855761,Sample,14,4,21.,1,false,true,false,true,32.,30.,26.,26.,11.256324226
1.04022855761,Sample,14,4,26.,1,false,true,false,true,32.,30.,26.,26.,11.2563295717
1.04022855761,Sample,14,4,31.,1,false,true,false,true,32.,30.,26.,26.,11.2563297316
1.04022855761,Sample,14,4,36.,1,false,true,false,true,32.,30.,26.,26.,11.2563297365
1.04022855761,Sample,14,4,41.,1,false,true,false,true,32.,30.,26.,26.,11.2563297367
1.04022855761,Sample,14,4,46.,1,false,true,false,true,32.,30.,26.,26.,11.2563297367
1.04022855761,Sample,14,4,51.,1,false,true,false,true,32.,30.,26.,26.,11.2563297367
0.855992498018,Voter,14,6,1.,1,false,true,false,true,38.,36.,50.,44.,0.
0.855992498018,Voter,14,6,6.,1,false,true,false,true,58.,52.,30.,28.,9.85606939862
0.855992498018,Voter,14,6,11.,1,false,true,false,true,58.,52.,30.,28.,9.98927672958
0.855992498018,Voter,14,6,16.,1,false,true,false,true,58.,52.,30.,28.,9.9912890694
0.855992498018,Voter,14,6,21.,1,false,true,false,true,58.,52.,30.,28.,9.99132210025
0.855992498018,Voter,14,6,26.,1,false,true,false,true,58.,52.,30.,28.,9.99132267633
0.855992498018,Voter,14,6,31.,1,false,true,false,true,58.,52.,30.,28.,9.99132268684
0.855992498018,Voter,14,6,36.,1,false,true,false,true,58.,52.,30.,28.,9.99132268704
0.855992498018,Voter,14,6,41.,1,false,true,false,true,58.,52.,30.,28.,9.99132268705
0.855992498018,Voter,14,6,46.,1,false,true,false,true,58.,52.,30.,28.,9.99132268705
0.855992498018,Voter,14,6,51.,1,false,true,false,true,58.,52.,30.,28.,9.99132268705
1.26799067028,Voter,14,7,1.,1,false,true,false,true,48.,46.,72.,62.,0.
1.26799067028,Voter,14,7,6.,1,false,true,false,true,94.,86.,54.,52.,12.0315002385
1.26799067028,Voter,14,7,11.,1,false,true,false,true,94.,86.,54.,52.,12.5147011231
1.26799067028,Voter,14,7,16.,1,false,true,false,true,94.,86.,54.,52.,12.5351584524
1.26799067028,Voter,14,7,21.,1,false,true,false,true,94.,86.,54.,52.,12.536064337
1.26799067028,Voter,14,7,26.,1,false,true,false,true,94.,86.,54.,52.,12.5361059711
1.26799067028,Voter,14,7,31.,1,false,true,false,true,94.,86.,54.,52.,12.5361079438
1.26799067028,Voter,14,7,36.,1,false,true,false,true,94.,86.,54.,52.,12.5361080396
1.26799067028,Voter,14,7,41.,1,false,true,false,true,94.,86.,54.,52.,12.5361080443
1.26799067028,Voter,14,7,46.,1,false,true,false,true,94.,86.,54.,52.,12.5361080446
1.26799067028,Voter,14,7,51.,1,false,true,false,true,94.,86.,54.,52.,12.5361080446
1.27094299163,Sample,14,6,1.,1,false,true,false,true,68.,58.,112.,86.,0.
1.27094299163,Sample,14,6,6.,1,false,true,false,true,164.,128.,168.,130.,12.0428792108
1.27094299163,Sample,14,6,11.,1,false,true,false,true,164.,128.,168.,130.,12.5293355055
1.27094299163,Sample,14,6,16.,1,false,true,false,true,164.,128.,168.,130.,12.5500448881
1.27094299163,Sample,14,6,21.,1,false,true,false,true,164.,128.,168.,130.,12.5509668575
1.27094299163,Sample,14,6,26.,1,false,true,false,true,164.,128.,168.,130.,12.5510094531
1.27094299163,Sample,14,6,31.,1,false,true,false,true,164.,128.,168.,130.,12.5510114818
1.27094299163,Sample,14,6,36.,1,false,true,false,true,164.,128.,168.,130.,12.5510115808
1.27094299163,Sample,14,6,41.,1,false,true,false,true,164.,128.,168.,130.,12.5510115858
1.27094299163,Sample,14,6,46.,1,false,true,false,true,164.,128.,168.,130.,12.551011586
1.27094299163,Sample,14,6,51.,1,false,true,false,true,164.,128.,168.,130.,12.551011586
0.859748185487,Voter,14,7,1.,1,false,true,false,true,54.,46.,48.,48.,0.
0.859748185487,Voter,14,7,6.,1,false,true,false,true,88.,76.,30.,28.,9.88214637826
0.859748185487,Voter,14,7,11.,1,false,true,false,true,88.,76.,30.,28.,10.017507048
0.859748185487,Voter,14,7,16.,1,false,true,false,true,88.,76.,30.,28.,10.0195776383
0.859748185487,Voter,14,7,21.,1,false,true,false,true,88.,76.,30.,28.,10.0196120351
0.859748185487,Voter,14,7,26.,1,false,true,false,true,88.,76.,30.,28.,10.0196126421
0.859748185487,Voter,14,7,31.,1,false,true,false,true,88.,76.,30.,28.,10.0196126533
0.859748185487,Voter,14,7,36.,1,false,true,false,true,88.,76.,30.,28.,10.0196126535
0.859748185487,Voter,14,7,41.,1,false,true,false,true,88.,76.,30.,28.,10.0196126535
0.859748185487,Voter,14,7,46.,1,false,true,false,true,88.,76.,30.,28.,10.0196126535
0.859748185487,Voter,14,7,51.,1,false,true,false,true,88.,76.,30.,28.,10.0196126535
1.21215358726,Sample,14,3,1.,1,false,true,false,true,10.,10.,16.,14.,0.
1.21215358726,Sample,14,3,6.,1,false,true,false,true,28.,28.,26.,26.,11.8066061146
1.21215358726,Sample,14,3,11.,1,false,true,false,true,30.,30.,28.,28.,12.229995514
1.21215358726,Sample,14,3,16.,1,false,true,false,true,30.,30.,28.,28.,12.2460783242
1.21215358726,Sample,14,3,21.,1,false,true,false,true,30.,30.,28.,28.,12.246719563
1.21215358726,Sample,14,3,26.,1,false,true,false,true,30.,30.,28.,28.,12.2467461634
1.21215358726,Sample,14,3,31.,1,false,true,false,true,30.,30.,28.,28.,12.2467473028
1.21215358726,Sample,14,3,36.,1,false,true,false,true,30.,30.,28.,28.,12.2467473529
1.21215358726,Sample,14,3,41.,1,false,true,false,true,30.,30.,28.,28.,12.2467473552
1.21215358726,Sample,14,3,46.,1,false,true,false,true,30.,30.,28.,28.,12.2467473553
1.21215358726,Sample,14,3,51.,1,false,true,false,true,30.,30.,28.,28.,12.2467473553
0.813493804716,Sample,14,3,1.,1,false,true,false,true,6.,6.,14.,12.,0.
0.813493804716,Sample,14,3,6.,1,false,true,false,true,20.,20.,8.,8.,9.55133781158
0.813493804716,Sample,14,3,11.,1,false,true,false,true,20.,20.,8.,8.,9.6615749529
0.813493804716,Sample,14,3,16.,1,false,true,false,true,20.,20.,8.,8.,9.66301264585
0.813493804716,Sample,14,3,21.,1,false,true,false,true,20.,20.,8.,8.,9.66303314274
0.813493804716,Sample,14,3,26.,1,false,true,false,true,20.,20.,8.,8.,9.66303345425
0.813493804716,Sample,14,3,31.,1,false,true,false,true,20.,20.,8.,8.,9.66303345921
0.813493804716,Sample,14,3,36.,1,false,true,false,true,20.,20.,8.,8.,9.66303345929
0.813493804716,Sample,14,3,41.,1,false,true,false,true,20.,20.,8.,8.,9.66303345929
0.813493804716,Sample,14,3,46.,1,false,true,false,true,20.,20.,8.,8.,9.66303345929
0.813493804716,Sample,14,3,51.,1,false,true,false,true,20.,20.,8.,8.,9.66303345929
1.37688334596,Sample,14,6,1.,1,false,true,false,true,82.,72.,138.,112.,0.
1.37688334596,Sample,14,6,6.,1,false,true,false,true,184.,162.,172.,160.,12.4193348577
1.37688334596,Sample,14,6,11.,1,false,true,false,true,184.,164.,168.,158.,13.0283102311
1.37688334596,Sample,14,6,16.,1,false,true,false,true,184.,164.,168.,158.,13.0595429777
1.37688334596,Sample,14,6,21.,1,false,true,false,true,184.,164.,168.,158.,13.0612085135
1.37688334596,Sample,14,6,26.,1,false,true,false,true,184.,164.,168.,158.,13.0613003088
1.37688334596,Sample,14,6,31.,1,false,true,false,true,184.,164.,168.,158.,13.0613055093
1.37688334596,Sample,14,6,36.,1,false,true,false,true,184.,164.,168.,158.,13.0613058107
1.37688334596,Sample,14,6,41.,1,false,true,false,true,184.,164.,168.,158.,13.0613058286
1.37688334596,Sample,14,6,46.,1,false,true,false,true,184.,164.,168.,158.,13.0613058296
1.37688334596,Sample,14,6,51.,1,false,true,false,true,184.,164.,168.,158.,13.0613058297
1.17671641281,Voter,14,6,1.,1,false,true,false,true,34.,34.,44.,42.,0.
1.17671641281,Voter,14,6,6.,1,false,true,false,true,80.,72.,54.,46.,11.65396299
1.17671641281,Voter,14,6,11.,1,false,true,false,true,82.,74.,52.,44.,12.0411983796
1.17671641281,Voter,14,6,16.,1,false,true,false,true,82.,74.,52.,44.,12.0548744395
1.17671641281,Voter,14,6,21.,1,false,true,false,true,82.,74.,52.,44.,12.0553826506
1.17671641281,Voter,14,6,26.,1,false,true,false,true,82.,74.,52.,44.,12.0554023319
1.17671641281,Voter,14,6,31.,1,false,true,false,true,82.,74.,52.,44.,12.0554031198
1.17671641281,Voter,14,6,36.,1,false,true,false,true,82.,74.,52.,44.,12.0554031522
1.17671641281,Voter,14,6,41.,1,false,true,false,true,82.,74.,52.,44.,12.0554031535
1.17671641281,Voter,14,6,46.,1,false,true,false,true,82.,74.,52.,44.,12.0554031536
1.17671641281,Voter,14,6,51.,1,false,true,false,true,82.,74.,52.,44.,12.0554031536
1.12171731016,Sample,14,4,1.,1,false,true,false,true,22.,22.,52.,42.,0.
1.12171731016,Sample,14,4,6.,1,false,true,false,true,94.,72.,104.,82.,11.4008828796
1.12171731016,Sample,14,4,11.,1,false,true,false,true,96.,74.,106.,82.,11.7349509044
1.12171731016,Sample,14,4,16.,1,false,true,false,true,96.,74.,106.,82.,11.7454167606
1.12171731016,Sample,14,4,21.,1,false,true,false,true,96.,74.,106.,82.,11.7457631866
1.12171731016,Sample,14,4,26.,1,false,true,false,true,96.,74.,106.,82.,11.7457751695
1.12171731016,Sample,14,4,31.,1,false,true,false,true,96.,74.,106.,82.,11.7457755987
1.12171731016,Sample,14,4,36.,1,false,true,false,true,96.,74.,106.,82.,11.7457756145
1.12171731016,Sample,14,4,41.,1,false,true,false,true,96.,74.,106.,82.,11.7457756151
1.12171731016,Sample,14,4,46.,1,false,true,false,true,96.,74.,106.,82.,11.7457756151
1.12171731016,Sample,14,4,51.,1,false,true,false,true,96.,74.,106.,82.,11.7457756151
1.12275166752,Voter,14,6,1.,1,false,true,false,true,30.,30.,78.,62.,0.
1.12275166752,Voter,14,6,6.,1,false,true,false,true,62.,52.,62.,50.,11.4058307341
1.12275166752,Voter,14,6,11.,1,false,true,false,true,62.,52.,62.,50.,11.7408645351
1.12275166752,Voter,14,6,16.,1,false,true,false,true,62.,52.,62.,50.,11.7513851798
1.12275166752,Voter,14,6,21.,1,false,true,false,true,62.,52.,62.,50.,11.7517342047
1.12275166752,Voter,14,6,26.,1,false,true,false,true,62.,52.,62.,50.,11.751746304
1.12275166752,Voter,14,6,31.,1,false,true,false,true,62.,52.,62.,50.,11.7517467383
1.12275166752,Voter,14,6,36.,1,false,true,false,true,62.,52.,62.,50.,11.7517467544
1.12275166752,Voter,14,6,41.,1,false,true,false,true,62.,52.,62.,50.,11.751746755
1.12275166752,Voter,14,6,46.,1,false,true,false,true,62.,52.,62.,50.,11.751746755
1.12275166752,Voter,14,6,51.,1,false,true,false,true,62.,52.,62.,50.,11.751746755
1.12827485447,Voter,14,6,1.,1,false,true,false,true,36.,34.,78.,70.,0.
1.12827485447,Voter,14,6,6.,1,false,true,false,true,104.,90.,78.,74.,11.4321263754
1.12827485447,Voter,14,6,11.,1,false,true,false,true,106.,92.,80.,76.,11.7723396743
1.12827485447,Voter,14,6,16.,1,false,true,false,true,106.,92.,80.,76.,11.7831563888
1.12827485447,Voter,14,6,21.,1,false,true,false,true,106.,92.,80.,76.,11.7835195593
1.12827485447,Voter,14,6,26.,1,false,true,false,true,106.,92.,80.,76.,11.783532297
1.12827485447,Voter,14,6,31.,1,false,true,false,true,106.,92.,80.,76.,11.7835327596
1.12827485447,Voter,14,6,36.,1,false,true,false,true,106.,92.,80.,76.,11.7835327769
1.12827485447,Voter,14,6,41.,1,false,true,false,true,106.,92.,80.,76.,11.7835327775
1.12827485447,Voter,14,6,46.,1,false,true,false,true,106.,92.,80.,76.,11.7835327775
1.12827485447,Voter,14,6,51.,1,false,true,false,true,106.,92.,80.,76.,11.7835327775
0.993727689259,Sample,14,5,1.,1,false,true,false,true,22.,22.,40.,34.,0.
0.993727689259,Sample,14,5,6.,1,false,true,false,true,62.,58.,36.,36.,10.7285807275
0.993727689259,Sample,14,5,11.,1,false,true,false,true,64.,58.,34.,34.,10.9538279923
0.993727689259,Sample,14,5,16.,1,false,true,false,true,64.,58.,34.,34.,10.9589727949
0.993727689259,Sample,14,5,21.,1,false,true,false,true,64.,58.,34.,34.,10.9590984002
0.993727689259,Sample,14,5,26.,1,false,true,false,true,64.,58.,34.,34.,10.9591016281
0.993727689259,Sample,14,5,31.,1,false,true,false,true,64.,58.,34.,34.,10.9591017144
0.993727689259,Sample,14,5,36.,1,false,true,false,true,64.,58.,34.,34.,10.9591017167
0.993727689259,Sample,14,5,41.,1,false,true,false,true,64.,58.,34.,34.,10.9591017168
0.993727689259,Sample,14,5,46.,1,false,true,false,true,64.,58.,34.,34.,10.9591017168
0.993727689259,Sample,14,5,51.,1,false,true,false,true,64.,58.,34.,34.,10.9591017168
1.34046035214,Sample,14,5,1.,1,false,true,false,true,16.,16.,44.,36.,0.
1.34046035214,Sample,14,5,6.,1,false,true,false,true,50.,42.,22.,22.,12.2966998507
1.34046035214,Sample,14,5,11.,1,false,true,false,true,52.,44.,24.,24.,12.8623472979
1.34046035214,Sample,14,5,16.,1,false,true,false,true,52.,44.,24.,24.,12.889628451
1.34046035214,Sample,14,5,21.,1,false,true,false,true,52.,44.,24.,24.,12.8909990686
1.34046035214,Sample,14,5,26.,1,false,true,false,true,52.,44.,24.,24.,12.891070333
1.34046035214,Sample,14,5,31.,1,false,true,false,true,52.,44.,24.,24.,12.8910741453
1.34046035214,Sample,14,5,36.,1,false,true,false,true,52.,44.,24.,24.,12.8910743542
1.34046035214,Sample,14,5,41.,1,false,true,false,true,52.,44.,24.,24.,12.8910743658
1.34046035214,Sample,14,5,46.,1,false,true,false,true,52.,44.,24.,24.,12.8910743665
1.34046035214,Sample,14,5,51.,1,false,true,false,true,52.,44.,24.,24.,12.8910743665
1.05475739719,Voter,14,7,1.,1,false,true,false,true,78.,62.,72.,62.,0.
1.05475739719,Voter,14,7,6.,1,false,true,false,true,118.,94.,44.,38.,11.0644400605
1.05475739719,Voter,14,7,11.,1,false,true,false,true,118.,94.,44.,38.,11.3388838183
1.05475739719,Voter,14,7,16.,1,false,true,false,true,118.,94.,44.,38.,11.3462230898
1.05475739719,Voter,14,7,21.,1,false,true,false,true,118.,94.,44.,38.,11.3464316444
1.05475739719,Voter,14,7,26.,1,false,true,false,true,118.,94.,44.,38.,11.34643786
1.05475739719,Voter,14,7,31.,1,false,true,false,true,118.,94.,44.,38.,11.3464380522
1.05475739719,Voter,14,7,36.,1,false,true,false,true,118.,94.,44.,38.,11.3464380584
1.05475739719,Voter,14,7,41.,1,false,true,false,true,118.,94.,44.,38.,11.3464380586
1.05475739719,Voter,14,7,46.,1,false,true,false,true,118.,94.,44.,38.,11.3464380586
1.05475739719,Voter,14,7,51.,1,false,true,false,true,118.,94.,44.,38.,11.3464380586
0.896183728901,Voter,14,3,1.,1,false,true,false,true,6.,6.,6.,6.,0.
0.896183728901,Voter,14,3,6.,1,false,true,false,true,12.,12.,0.,0.,10.1281980504
0.896183728901,Voter,14,3,11.,1,false,true,false,true,12.,12.,0.,0.,10.2854913813
0.896183728901,Voter,14,3,16.,1,false,true,false,true,12.,12.,0.,0.,10.2881972256
0.896183728901,Voter,14,3,21.,1,false,true,false,true,12.,12.,0.,0.,10.2882475351
0.896183728901,Voter,14,3,26.,1,false,true,false,true,12.,12.,0.,0.,10.2882485261
0.896183728901,Voter,14,3,31.,1,false,true,false,true,12.,12.,0.,0.,10.2882485465
0.896183728901,Voter,14,3,36.,1,false,true,false,true,12.,12.,0.,0.,10.2882485469
0.896183728901,Voter,14,3,41.,1,false,true,false,true,12.,12.,0.,0.,10.288248547
0.896183728901,Voter,14,3,46.,1,false,true,false,true,12.,12.,0.,0.,10.288248547
0.896183728901,Voter,14,3,51.,1,false,true,false,true,12.,12.,0.,0.,10.288248547
1.05859473945,Voter,14,3,1.,1,false,true,false,true,8.,8.,8.,8.,0.
1.05859473945,Voter,14,3,6.,1,false,true,false,true,12.,12.,4.,4.,11.0846025485
1.05859473945,Voter,14,3,11.,1,false,true,false,true,12.,12.,4.,4.,11.3623062792
1.05859473945,Voter,14,3,16.,1,false,true,false,true,12.,12.,4.,4.,11.3698033811
1.05859473945,Voter,14,3,21.,1,false,true,false,true,12.,12.,4.,4.,11.3700183727
1.05859473945,Voter,14,3,26.,1,false,true,false,true,12.,12.,4.,4.,11.3700248374
1.05859473945,Voter,14,3,31.,1,false,true,false,true,12.,12.,4.,4.,11.3700250392
1.05859473945,Voter,14,3,36.,1,false,true,false,true,12.,12.,4.,4.,11.3700250457
1.05859473945,Voter,14,3,41.,1,false,true,false,true,12.,12.,4.,4.,11.3700250459
1.05859473945,Voter,14,3,46.,1,false,true,false,true,12.,12.,4.,4.,11.3700250459
1.05859473945,Voter,14,3,51.,1,false,true,false,true,12.,12.,4.,4.,11.3700250459
0.994963618599,Voter,14,4,1.,1,false,true,false,true,42.,34.,60.,52.,0.
0.994963618599,Voter,14,4,6.,1,false,true,false,true,50.,44.,56.,50.,10.7356735074
0.994963618599,Voter,14,4,11.,1,false,true,false,true,50.,44.,56.,50.,10.9618668924
0.994963618599,Voter,14,4,16.,1,false,true,false,true,50.,44.,56.,50.,10.9670505526
0.994963618599,Voter,14,4,21.,1,false,true,false,true,50.,44.,56.,50.,10.9671775129
0.994963618599,Voter,14,4,26.,1,false,true,false,true,50.,44.,56.,50.,10.9671807858
0.994963618599,Voter,14,4,31.,1,false,true,false,true,50.,44.,56.,50.,10.9671808736
0.994963618599,Voter,14,4,36.,1,false,true,false,true,50.,44.,56.,50.,10.967180876
0.994963618599,Voter,14,4,41.,1,false,true,false,true,50.,44.,56.,50.,10.9671808761
0.994963618599,Voter,14,4,46.,1,false,true,false,true,50.,44.,56.,50.,10.9671808761
0.994963618599,Voter,14,4,51.,1,false,true,false,true,50.,44.,56.,50.,10.9671808761
0.868948869582,Voter,14,4,1.,1,false,true,false,true,6.,6.,22.,20.,0.
0.868948869582,Voter,14,4,6.,1,false,true,false,true,30.,28.,18.,18.,9.94545875114
0.868948869582,Voter,14,4,11.,1,false,true,false,true,30.,28.,18.,18.,10.0861795155
0.868948869582,Voter,14,4,16.,1,false,true,false,true,30.,28.,18.,18.,10.0883983212
0.868948869582,Voter,14,4,21.,1,false,true,false,true,30.,28.,18.,18.,10.0884362673
0.868948869582,Voter,14,4,26.,1,false,true,false,true,30.,28.,18.,18.,10.0884369561
0.868948869582,Voter,14,4,31.,1,false,true,false,true,30.,28.,18.,18.,10.0884369692
0.868948869582,Voter,14,4,36.,1,false,true,false,true,30.,28.,18.,18.,10.0884369695
0.868948869582,Voter,14,4,41.,1,false,true,false,true,30.,28.,18.,18.,10.0884369695
0.868948869582,Voter,14,4,46.,1,false,true,false,true,30.,28.,18.,18.,10.0884369695
0.868948869582,Voter,14,4,51.,1,false,true,false,true,30.,28.,18.,18.,10.0884369695
1.39148721548,Sample,14,5,1.,1,false,true,false,true,40.,36.,74.,60.,0.
1.39148721548,Sample,14,5,6.,1,false,true,false,true,86.,68.,92.,78.,12.4666009701
1.39148721548,Sample,14,5,11.,1,false,true,false,true,88.,70.,94.,78.,13.0932803769
1.39148721548,Sample,14,5,16.,1,false,true,false,true,88.,70.,94.,78.,13.1261998394
1.39148721548,Sample,14,5,21.,1,false,true,false,true,88.,70.,94.,78.,13.1279965814
1.39148721548,Sample,14,5,26.,1,false,true,false,true,88.,70.,94.,78.,13.1280978832
1.39148721548,Sample,14,5,31.,1,false,true,false,true,88.,70.,94.,78.,13.1281037519
1.39148721548,Sample,14,5,36.,1,false,true,false,true,88.,70.,94.,78.,13.1281040997
1.39148721548,Sample,14,5,41.,1,false,true,false,true,88.,70.,94.,78.,13.1281041207
1.39148721548,Sample,14,5,46.,1,false,true,false,true,88.,70.,94.,78.,13.128104122
1.39148721548,Sample,14,5,51.,1,false,true,false,true,88.,70.,94.,78.,13.1281041221
1.11343160534,Sample,14,3,1.,1,false,true,false,true,12.,12.,34.,30.,0.
1.11343160534,Sample,14,3,6.,1,false,true,false,true,46.,40.,28.,26.,11.3609809722
1.11343160534,Sample,14,3,11.,1,false,true,false,true,46.,40.,28.,26.,11.6873609007
1.11343160534,Sample,14,3,16.,1,false,true,false,true,46.,40.,28.,26.,11.6973952925
1.11343160534,Sample,14,3,21.,1,false,true,false,true,46.,40.,28.,26.,11.6977214616
1.11343160534,Sample,14,3,26.,1,false,true,false,true,46.,40.,28.,26.,11.6977325456
1.11343160534,Sample,14,3,31.,1,false,true,false,true,46.,40.,28.,26.,11.6977329357
1.11343160534,Sample,14,3,36.,1,false,true,false,true,46.,40.,28.,26.,11.6977329498
1.11343160534,Sample,14,3,41.,1,false,true,false,true,46.,40.,28.,26.,11.6977329504
1.11343160534,Sample,14,3,46.,1,false,true,false,true,46.,40.,28.,26.,11.6977329504
1.11343160534,Sample,14,3,51.,1,false,true,false,true,46.,40.,28.,26.,11.6977329504
1.34361088548,Sample,14,3,1.,1,false,true,false,true,2.,2.,12.,12.,0.
1.34361088548,Sample,14,3,6.,1,false,true,false,true,14.,14.,8.,8.,12.3075806778
1.34361088548,Sample,14,3,11.,1,false,true,false,true,12.,12.,6.,6.,12.8769279835
1.34361088548,Sample,14,3,16.,1,false,true,false,true,12.,12.,6.,6.,12.9045367723
1.34361088548,Sample,14,3,21.,1,false,true,false,true,12.,12.,6.,6.,12.9059311568
1.34361088548,Sample,14,3,26.,1,false,true,false,true,12.,12.,6.,6.,12.9060040302
1.34361088548,Sample,14,3,31.,1,false,true,false,true,12.,12.,6.,6.,12.9060079484
1.34361088548,Sample,14,3,36.,1,false,true,false,true,12.,12.,6.,6.,12.9060081641
1.34361088548,Sample,14,3,41.,1,false,true,false,true,12.,12.,6.,6.,12.9060081762
1.34361088548,Sample,14,3,46.,1,false,true,false,true,12.,12.,6.,6.,12.9060081769
1.34361088548,Sample,14,3,51.,1,false,true,false,true,12.,12.,6.,6.,12.9060081769
1.22182869182,Voter,14,5,1.,1,false,true,false,true,26.,26.,38.,36.,0.
1.22182869182,Voter,14,5,6.,1,false,true,false,true,54.,52.,38.,38.,11.846918296
1.22182869182,Voter,14,5,11.,1,false,true,false,true,56.,54.,40.,40.,12.2804269454
1.22182869182,Voter,14,5,16.,1,false,true,false,true,56.,54.,40.,40.,12.2972155577
1.22182869182,Voter,14,5,21.,1,false,true,false,true,56.,54.,40.,40.,12.2978975671
1.22182869182,Voter,14,5,26.,1,false,true,false,true,56.,54.,40.,40.,12.2979263799
1.22182869182,Voter,14,5,31.,1,false,true,false,true,56.,54.,40.,40.,12.2979276365
1.22182869182,Voter,14,5,36.,1,false,true,false,true,56.,54.,40.,40.,12.2979276928
1.22182869182,Voter,14,5,41.,1,false,true,false,true,56.,54.,40.,40.,12.2979276953
1.22182869182,Voter,14,5,46.,1,false,true,false,true,56.,54.,40.,40.,12.2979276954
1.22182869182,Voter,14,5,51.,1,false,true,false,true,56.,54.,40.,40.,12.2979276955
1.24755968807,Voter,14,4,1.,1,false,true,false,true,6.,6.,22.,20.,0.
1.24755968807,Voter,14,4,6.,1,false,true,false,true,22.,20.,10.,10.,11.9513649091
1.24755968807,Voter,14,4,11.,1,false,true,false,true,22.,20.,10.,10.,12.4122890403
1.24755968807,Voter,14,4,16.,1,false,true,false,true,22.,20.,10.,10.,12.4310601458
1.24755968807,Voter,14,4,21.,1,false,true,false,true,22.,20.,10.,10.,12.4318607085
1.24755968807,Voter,14,4,26.,1,false,true,false,true,22.,20.,10.,10.,12.4318961759
1.24755968807,Voter,14,4,31.,1,false,true,false,true,22.,20.,10.,10.,12.4318977968
1.24755968807,Voter,14,4,36.,1,false,true,false,true,22.,20.,10.,10.,12.4318978728
1.24755968807,Voter,14,4,41.,1,false,true,false,true,22.,20.,10.,10.,12.4318978764
1.24755968807,Voter,14,4,46.,1,false,true,false,true,22.,20.,10.,10.,12.4318978766
1.24755968807,Voter,14,4,51.,1,false,true,false,true,22.,20.,10.,10.,12.4318978766
1.39295003046,Voter,14,7,1.,1,false,true,false,true,30.,26.,54.,50.,0.
1.39295003046,Voter,14,7,6.,1,false,true,false,true,82.,66.,18.,18.,12.4712766186
1.39295003046,Voter,14,7,11.,1,false,true,false,true,82.,66.,18.,18.,13.0997395132
1.39295003046,Voter,14,7,16.,1,false,true,false,true,82.,66.,18.,18.,13.1328312076
1.39295003046,Voter,14,7,21.,1,false,true,false,true,82.,66.,18.,18.,13.1346415206
1.39295003046,Voter,14,7,26.,1,false,true,false,true,82.,66.,18.,18.,13.1347438179
1.39295003046,Voter,14,7,31.,1,false,true,false,true,82.,66.,18.,18.,13.1347497575
1.39295003046,Voter,14,7,36.,1,false,true,false,true,82.,66.,18.,18.,13.1347501103
1.39295003046,Voter,14,7,41.,1,false,true,false,true,82.,66.,18.,18.,13.1347501317
1.39295003046,Voter,14,7,46.,1,false,true,false,true,82.,66.,18.,18.,13.134750133
1.39295003046,Voter,14,7,51.,1,false,true,false,true,82.,66.,18.,18.,13.1347501331
0.948660777217,Voter,14,7,1.,1,false,true,false,true,30.,24.,56.,52.,0.
0.948660777217,Voter,14,7,6.,1,false,true,false,true,82.,64.,24.,24.,10.461354042
0.948660777217,Voter,14,7,11.,1,false,true,false,true,82.,64.,24.,24.,10.6535466114
0.948660777217,Voter,14,7,16.,1,false,true,false,true,82.,64.,24.,24.,10.6574175932
0.948660777217,Voter,14,7,21.,1,false,true,false,true,82.,64.,24.,24.,10.6575013355
0.948660777217,Voter,14,7,26.,1,false,true,false,true,82.,64.,24.,24.,10.6575032479
0.948660777217,Voter,14,7,31.,1,false,true,false,true,82.,64.,24.,24.,10.6575032934
0.948660777217,Voter,14,7,36.,1,false,true,false,true,82.,64.,24.,24.,10.6575032945
0.948660777217,Voter,14,7,41.,1,false,true,false,true,82.,64.,24.,24.,10.6575032946
0.948660777217,Voter,14,7,46.,1,false,true,false,true,82.,64.,24.,24.,10.6575032946
0.948660777217,Voter,14,7,51.,1,false,true,false,true,82.,64.,24.,24.,10.6575032946
1.1649907961,Sample,14,3,1.,1,false,true,false,true,0.,0.,14.,12.,0.
1.1649907961,Sample,14,3,6.,1,false,true,false,true,46.,42.,52.,44.,11.601688984
1.1649907961,Sample,14,3,11.,1,false,true,false,true,46.,42.,52.,44.,11.9772835954
1.1649907961,Sample,14,3,16.,1,false,true,false,true,46.,42.,52.,44.,11.990223144
1.1649907961,Sample,14,3,21.,1,false,true,false,true,46.,42.,52.,44.,11.9906925876
1.1649907961,Sample,14,3,26.,1,false,true,false,true,46.,42.,52.,44.,11.9907103467
1.1649907961,Sample,14,3,31.,1,false,true,false,true,46.,42.,52.,44.,11.9907110414
1.1649907961,Sample,14,3,36.,1,false,true,false,true,46.,42.,52.,44.,11.9907110693
1.1649907961,Sample,14,3,41.,1,false,true,false,true,46.,42.,52.,44.,11.9907110705
1.1649907961,Sample,14,3,46.,1,false,true,false,true,46.,42.,52.,44.,11.9907110705
1.1649907961,Sample,14,3,51.,1,false,true,false,true,46.,42.,52.,44.,11.9907110705
1.18864857238,Sample,14,4,1.,1,false,true,false,true,8.,8.,20.,18.,0.
1.18864857238,Sample,14,4,6.,1,false,true,false,true,52.,48.,44.,44.,11.706247356
1.18864857238,Sample,14,4,11.,1,false,true,false,true,52.,48.,44.,44.,12.1054944682
1.18864857238,Sample,14,4,16.,1,false,true,false,true,52.,48.,44.,44.,12.119950163
1.18864857238,Sample,14,4,21.,1,false,true,false,true,52.,48.,44.,44.,12.1205004229
1.18864857238,Sample,14,4,26.,1,false,true,false,true,52.,48.,44.,44.,12.120522239
1.18864857238,Sample,14,4,31.,1,false,true,false,true,52.,48.,44.,44.,12.1205231328
1.18864857238,Sample,14,4,36.,1,false,true,false,true,52.,48.,44.,44.,12.1205231704
1.18864857238,Sample,14,4,41.,1,false,true,false,true,52.,48.,44.,44.,12.120523172
1.18864857238,Sample,14,4,46.,1,false,true,false,true,52.,48.,44.,44.,12.1205231721
1.18864857238,Sample,14,4,51.,1,false,true,false,true,52.,48.,44.,44.,12.1205231721
0.88273715691,Sample,14,3,1.,1,false,true,false,true,12.,12.,24.,22.,0.
0.88273715691,Sample,14,3,6.,1,false,true,false,true,22.,20.,26.,26.,10.0388388678
0.88273715691,Sample,14,3,11.,1,false,true,false,true,22.,20.,26.,26.,10.1878179768
0.88273715691,Sample,14,3,16.,1,false,true,false,true,22.,20.,26.,26.,10.1902740717
0.88273715691,Sample,14,3,21.,1,false,true,false,true,22.,20.,26.,26.,10.1903179111
0.88273715691,Sample,14,3,26.,1,false,true,false,true,22.,20.,26.,26.,10.1903187409
0.88273715691,Sample,14,3,31.,1,false,true,false,true,22.,20.,26.,26.,10.1903187573
0.88273715691,Sample,14,3,36.,1,false,true,false,true,22.,20.,26.,26.,10.1903187577
0.88273715691,Sample,14,3,41.,1,false,true,false,true,22.,20.,26.,26.,10.1903187577
0.88273715691,Sample,14,3,46.,1,false,true,false,true,22.,20.,26.,26.,10.1903187577
0.88273715691,Sample,14,3,51.,1,false,true,false,true,22.,20.,26.,26.,10.1903187577
1.02843560981,Sample,14,3,1.,1,false,true,false,true,2.,2.,14.,12.,0.
1.02843560981,Sample,14,3,6.,1,false,true,false,true,44.,42.,52.,50.,10.923135575
1.02843560981,Sample,14,3,11.,1,false,true,false,true,44.,42.,48.,48.,11.1757452486
1.02843560981,Sample,14,3,16.,1,false,true,false,true,44.,42.,48.,48.,11.1820670209
1.02843560981,Sample,14,3,21.,1,false,true,false,true,44.,42.,48.,48.,11.1822355448
1.02843560981,Sample,14,3,26.,1,false,true,false,true,44.,42.,48.,48.,11.1822402637
1.02843560981,Sample,14,3,31.,1,false,true,false,true,44.,42.,48.,48.,11.182240401
1.02843560981,Sample,14,3,36.,1,false,true,false,true,44.,42.,48.,48.,11.1822404051
1.02843560981,Sample,14,3,41.,1,false,true,false,true,44.,42.,48.,48.,11.1822404052
1.02843560981,Sample,14,3,46.,1,false,true,false,true,44.,42.,48.,48.,11.1822404052
1.02843560981,Sample,14,3,51.,1,false,true,false,true,44.,42.,48.,48.,11.1822404052
0.922153742283,Sample,14,7,1.,1,false,true,false,true,106.,90.,166.,138.,0.
0.922153742283,Sample,14,7,6.,1,false,true,false,true,224.,178.,172.,152.,10.2961194169
0.922153742283,Sample,14,7,11.,1,false,true,false,true,226.,180.,170.,152.,10.4701972145
0.922153742283,Sample,14,7,16.,1,false,true,false,true,226.,180.,170.,152.,10.4734400547
0.922153742283,Sample,14,7,21.,1,false,true,false,true,226.,180.,170.,152.,10.4735051398
0.922153742283,Sample,14,7,26.,1,false,true,false,true,226.,180.,170.,152.,10.4735065212
0.922153742283,Sample,14,7,31.,1,false,true,false,true,226.,180.,170.,152.,10.4735065518
0.922153742283,Sample,14,7,36.,1,false,true,false,true,226.,180.,170.,152.,10.4735065525
0.922153742283,Sample,14,7,41.,1,false,true,false,true,226.,180.,170.,152.,10.4735065525
0.922153742283,Sample,14,7,46.,1,false,true,false,true,226.,180.,170.,152.,10.4735065525
0.922153742283,Sample,14,7,51.,1,false,true,false,true,226.,180.,170.,152.,10.4735065525
1.34910183148,Voter,14,4,1.,1,false,true,false,true,30.,28.,26.,22.,0.
1.34910183148,Voter,14,4,6.,1,false,true,false,true,44.,36.,24.,24.,12.3264194743
1.34910183148,Voter,14,4,11.,1,false,true,false,true,46.,38.,26.,26.,12.9022371637
1.34910183148,Voter,14,4,16.,1,false,true,false,true,46.,38.,26.,26.,12.9304233314
1.34910183148,Voter,14,4,21.,1,false,true,false,true,46.,38.,26.,26.,12.9318599066
1.34910183148,Voter,14,4,26.,1,false,true,false,true,46.,38.,26.,26.,12.9319356566
1.34910183148,Voter,14,4,31.,1,false,true,false,true,46.,38.,26.,26.,12.9319397653
1.34910183148,Voter,14,4,36.,1,false,true,false,true,46.,38.,26.,26.,12.9319399935
1.34910183148,Voter,14,4,41.,1,false,true,false,true,46.,38.,26.,26.,12.9319400064
1.34910183148,Voter,14,4,46.,1,false,true,false,true,46.,38.,26.,26.,12.9319400071
1.34910183148,Voter,14,4,51.,1,false,true,false,true,46.,38.,26.,26.,12.9319400072
0.948682489667,Voter,14,6,1.,1,false,true,false,true,28.,26.,50.,42.,0.
0.948682489667,Voter,14,6,6.,1,false,true,false,true,62.,54.,24.,24.,10.4614868953
0.948682489667,Voter,14,6,11.,1,false,true,false,true,62.,54.,24.,24.,10.653694708
0.948682489667,Voter,14,6,16.,1,false,true,false,true,62.,54.,24.,24.,10.6575662395
0.948682489667,Voter,14,6,21.,1,false,true,false,true,62.,54.,24.,24.,10.6576499986
0.948682489667,Voter,14,6,26.,1,false,true,false,true,62.,54.,24.,24.,10.6576519116
0.948682489667,Voter,14,6,31.,1,false,true,false,true,62.,54.,24.,24.,10.6576519571
0.948682489667,Voter,14,6,36.,1,false,true,false,true,62.,54.,24.,24.,10.6576519582
0.948682489667,Voter,14,6,41.,1,false,true,false,true,62.,54.,24.,24.,10.6576519583
0.948682489667,Voter,14,6,46.,1,false,true,false,true,62.,54.,24.,24.,10.6576519583
0.948682489667,Voter,14,6,51.,1,false,true,false,true,62.,54.,24.,24.,10.6576519583
1.34352481742,Voter,14,3,1.,1,false,true,false,true,14.,14.,32.,32.,0.
1.34352481742,Voter,14,3,6.,1,false,true,false,true,28.,28.,26.,26.,12.3072841255
1.34352481742,Voter,14,3,11.,1,false,true,false,true,28.,28.,26.,26.,12.8765302335
1.34352481742,Voter,14,3,16.,1,false,true,false,true,28.,28.,26.,26.,12.9041300365
1.34352481742,Voter,14,3,21.,1,false,true,false,true,28.,28.,26.,26.,12.9055237674
1.34352481742,Voter,14,3,26.,1,false,true,false,true,28.,28.,26.,26.,12.9055965965
1.34352481742,Voter,14,3,31.,1,false,true,false,true,28.,28.,26.,26.,12.9056005117
1.34352481742,Voter,14,3,36.,1,false,true,false,true,28.,28.,26.,26.,12.9056007272
1.34352481742,Voter,14,3,41.,1,false,true,false,true,28.,28.,26.,26.,12.9056007393
1.34352481742,Voter,14,3,46.,1,false,true,false,true,28.,28.,26.,26.,12.90560074
1.34352481742,Voter,14,3,51.,1,false,true,false,true,28.,28.,26.,26.,12.9056007401
0.938801979793,Sample,14,5,1.,1,false,true,false,true,20.,20.,50.,40.,0.
0.938801979793,Sample,14,5,6.,1,false,true,false,true,96.,70.,102.,76.,10.4006116874
0.938801979793,Sample,14,5,11.,1,false,true,false,true,96.,70.,102.,76.,10.5859512269
0.938801979793,Sample,14,5,16.,1,false,true,false,true,96.,70.,102.,76.,10.5895786923
0.938801979793,Sample,14,5,21.,1,false,true,false,true,96.,70.,102.,76.,10.5896550346
0.938801979793,Sample,14,5,26.,1,false,true,false,true,96.,70.,102.,76.,10.5896567318
0.938801979793,Sample,14,5,31.,1,false,true,false,true,96.,70.,102.,76.,10.5896567711
0.938801979793,Sample,14,5,36.,1,false,true,false,true,96.,70.,102.,76.,10.5896567721
0.938801979793,Sample,14,5,41.,1,false,true,false,true,96.,70.,102.,76.,10.5896567721
0.938801979793,Sample,14,5,46.,1,false,true,false,true,96.,70.,102.,76.,10.5896567721
0.938801979793,Sample,14,5,51.,1,false,true,false,true,96.,70.,102.,76.,10.5896567721
1.37224364416,Voter,14,6,1.,1,false,true,false,true,26.,26.,54.,46.,0.
1.37224364416,Voter,14,6,6.,1,false,true,false,true,100.,82.,72.,64.,12.4040929342
1.37224364416,Voter,14,6,11.,1,false,true,false,true,100.,82.,68.,60.,13.007482674
1.37224364416,Voter,14,6,16.,1,false,true,false,true,100.,82.,68.,60.,13.0381919272
1.37224364416,Voter,14,6,21.,1,false,true,false,true,100.,82.,68.,60.,13.0398173763
1.37224364416,Voter,14,6,26.,1,false,true,false,true,100.,82.,68.,60.,13.0399063112
1.37224364416,Voter,14,6,31.,1,false,true,false,true,100.,82.,68.,60.,13.0399113137
1.37224364416,Voter,14,6,36.,1,false,true,false,true,100.,82.,68.,60.,13.0399116016
1.37224364416,Voter,14,6,41.,1,false,true,false,true,100.,82.,68.,60.,13.0399116185
1.37224364416,Voter,14,6,46.,1,false,true,false,true,100.,82.,68.,60.,13.0399116195
1.37224364416,Voter,14,6,51.,1,false,true,false,true,100.,82.,68.,60.,13.0399116195
0.964459358598,Sample,14,7,1.,1,false,true,false,true,34.,34.,130.,104.,0.
0.964459358598,Sample,14,7,6.,1,false,true,false,true,152.,126.,132.,120.,10.5569618769
0.964459358598,Sample,14,7,11.,1,false,true,false,true,162.,132.,134.,124.,10.7604204101
0.964459358598,Sample,14,7,16.,1,false,true,false,true,162.,132.,134.,124.,10.7647071582
0.964459358598,Sample,14,7,21.,1,false,true,false,true,162.,132.,134.,124.,10.7648039987
0.964459358598,Sample,14,7,26.,1,false,true,false,true,162.,132.,134.,124.,10.7648063058
0.964459358598,Sample,14,7,31.,1,false,true,false,true,162.,132.,134.,124.,10.7648063631
0.964459358598,Sample,14,7,36.,1,false,true,false,true,162.,132.,134.,124.,10.7648063645
0.964459358598,Sample,14,7,41.,1,false,true,false,true,162.,132.,134.,124.,10.7648063646
0.964459358598,Sample,14,7,46.,1,false,true,false,true,162.,132.,134.,124.,10.7648063646
0.964459358598,Sample,14,7,51.,1,false,true,false,true,162.,132.,134.,124.,10.7648063646
1.3706792956,Voter,14,6,1.,1,false,true,false,true,18.,18.,36.,36.,0.
1.3706792956,Voter,14,6,6.,1,false,true,false,true,72.,64.,42.,40.,12.3989291843
1.3706792956,Voter,14,6,11.,1,false,true,false,true,74.,66.,44.,42.,13.0004399312
1.3706792956,Voter,14,6,16.,1,false,true,false,true,74.,66.,44.,42.,13.0309740178
1.3706792956,Voter,14,6,21.,1,false,true,false,true,74.,66.,44.,42.,13.0325861215
1.3706792956,Voter,14,6,26.,1,false,true,false,true,74.,66.,44.,42.,13.0326741089
1.3706792956,Voter,14,6,31.,1,false,true,false,true,74.,66.,44.,42.,13.032679046
1.3706792956,Voter,14,6,36.,1,false,true,false,true,74.,66.,44.,42.,13.0326793295
1.3706792956,Voter,14,6,41.,1,false,true,false,true,74.,66.,44.,42.,13.0326793461
1.3706792956,Voter,14,6,46.,1,false,true,false,true,74.,66.,44.,42.,13.0326793471
1.3706792956,Voter,14,6,51.,1,false,true,false,true,74.,66.,44.,42.,13.0326793471
1.20091086498,Voter,14,3,1.,1,false,true,false,true,0.,0.,6.,6.,0.
1.20091086498,Voter,14,3,6.,1,false,true,false,true,6.,6.,0.,0.,11.7590352997
1.20091086498,Voter,14,3,11.,1,false,true,false,true,6.,6.,0.,0.,12.1707983987
1.20091086498,Voter,14,3,16.,1,false,true,false,true,6.,6.,0.,0.,12.1860876277
1.20091086498,Voter,14,3,21.,1,false,true,false,true,6.,6.,0.,0.,12.1866839603
1.20091086498,Voter,14,3,26.,1,false,true,false,true,6.,6.,0.,0.,12.186708172
1.20091086498,Voter,14,3,31.,1,false,true,false,true,6.,6.,0.,0.,12.1867091874
1.20091086498,Voter,14,3,36.,1,false,true,false,true,6.,6.,0.,0.,12.1867092311
1.20091086498,Voter,14,3,41.,1,false,true,false,true,6.,6.,0.,0.,12.186709233
1.20091086498,Voter,14,3,46.,1,false,true,false,true,6.,6.,0.,0.,12.1867092331
1.20091086498,Voter,14,3,51.,1,false,true,false,true,6.,6.,0.,0.,12.1867092331
1.02082769991,Sample,14,5,1.,1,false,true,false,true,104.,86.,144.,120.,0.
1.02082769991,Sample,14,5,6.,1,false,true,false,true,172.,130.,196.,156.,10.8813019835
1.02082769991,Sample,14,5,11.,1,false,true,false,true,176.,130.,192.,156.,11.1277738504
1.02082769991,Sample,14,5,16.,1,false,true,false,true,176.,130.,192.,156.,11.1338220632
1.02082769991,Sample,14,5,21.,1,false,true,false,true,176.,130.,192.,156.,11.1339802752
1.02082769991,Sample,14,5,26.,1,false,true,false,true,176.,130.,192.,156.,11.1339846243
1.02082769991,Sample,14,5,31.,1,false,true,false,true,176.,130.,192.,156.,11.1339847486
1.02082769991,Sample,14,5,36.,1,false,true,false,true,176.,130.,192.,156.,11.1339847522
1.02082769991,Sample,14,5,41.,1,false,true,false,true,176.,130.,192.,156.,11.1339847523
1.02082769991,Sample,14,5,46.,1,false,true,false,true,176.,130.,192.,156.,11.1339847523
1.02082769991,Sample,14,5,51.,1,false,true,false,true,176.,130.,192.,156.,11.1339847523
0.894338162726,Voter,14,4,1.,1,false,true,false,true,14.,14.,28.,24.,0.
0.894338162726,Voter,14,4,6.,1,false,true,false,true,46.,44.,44.,44.,10.1160320295
0.894338162726,Voter,14,4,11.,1,false,true,false,true,46.,44.,44.,44.,10.2721689966
0.894338162726,Voter,14,4,16.,1,false,true,false,true,46.,44.,44.,44.,10.2748394565
0.894338162726,Voter,14,4,21.,1,false,true,false,true,46.,44.,44.,44.,10.2748888332
0.894338162726,Voter,14,4,26.,1,false,true,false,true,46.,44.,44.,44.,10.2748898006
0.894338162726,Voter,14,4,31.,1,false,true,false,true,46.,44.,44.,44.,10.2748898204
0.894338162726,Voter,14,4,36.,1,false,true,false,true,46.,44.,44.,44.,10.2748898208
0.894338162726,Voter,14,4,41.,1,false,true,false,true,46.,44.,44.,44.,10.2748898208
0.894338162726,Voter,14,4,46.,1,false,true,false,true,46.,44.,44.,44.,10.2748898208
0.894338162726,Voter,14,4,51.,1,false,true,false,true,46.,44.,44.,44.,10.2748898208
1.3094828522,Sample,14,5,1.,1,false,true,false,true,16.,16.,64.,52.,0.
1.3094828522,Sample,14,5,6.,1,false,true,false,true,64.,58.,28.,28.,12.1868851621
1.3094828522,Sample,14,5,11.,1,false,true,false,true,66.,60.,26.,26.,12.7166556679
1.3094828522,Sample,14,5,16.,1,false,true,false,true,66.,60.,26.,26.,12.7408549722
1.3094828522,Sample,14,5,21.,1,false,true,false,true,66.,60.,26.,26.,12.7420083746
1.3094828522,Sample,14,5,26.,1,false,true,false,true,66.,60.,26.,26.,12.7420653359
1.3094828522,Sample,14,5,31.,1,false,true,false,true,66.,60.,26.,26.,12.7420682326
1.3094828522,Sample,14,5,36.,1,false,true,false,true,66.,60.,26.,26.,12.7420683835
1.3094828522,Sample,14,5,41.,1,false,true,false,true,66.,60.,26.,26.,12.7420683915
1.3094828522,Sample,14,5,46.,1,false,true,false,true,66.,60.,26.,26.,12.742068392
1.3094828522,Sample,14,5,51.,1,false,true,false,true,66.,60.,26.,26.,12.742068392
1.0694183958,Sample,14,3,1.,1,false,true,false,true,2.,2.,10.,10.,0.
1.0694183958,Sample,14,3,6.,1,false,true,false,true,10.,10.,2.,2.,11.1408830767
1.0694183958,Sample,14,3,11.,1,false,true,false,true,10.,10.,2.,2.,11.4278862584
1.0694183958,Sample,14,3,16.,1,false,true,false,true,10.,10.,2.,2.,11.4358419832
1.0694183958,Sample,14,3,21.,1,false,true,false,true,10.,10.,2.,2.,11.4360760125
1.0694183958,Sample,14,3,26.,1,false,true,false,true,10.,10.,2.,2.,11.4360832268
1.0694183958,Sample,14,3,31.,1,false,true,false,true,10.,10.,2.,2.,11.4360834576
1.0694183958,Sample,14,3,36.,1,false,true,false,true,10.,10.,2.,2.,11.4360834652
1.0694183958,Sample,14,3,41.,1,false,true,false,true,10.,10.,2.,2.,11.4360834654
1.0694183958,Sample,14,3,46.,1,false,true,false,true,10.,10.,2.,2.,11.4360834654
1.0694183958,Sample,14,3,51.,1,false,true,false,true,10.,10.,2.,2.,11.4360834654
0.822278122671,Sample,14,7,1.,1,false,true,false,true,136.,114.,258.,180.,0.
0.822278122671,Sample,14,7,6.,1,false,true,false,true,256.,196.,310.,230.,9.61580259073
0.822278122671,Sample,14,7,11.,1,false,true,false,true,260.,200.,310.,232.,9.73057758441
0.822278122671,Sample,14,7,16.,1,false,true,false,true,260.,200.,310.,232.,9.732121965
0.822278122671,Sample,14,7,21.,1,false,true,false,true,260.,200.,310.,232.,9.73214465219
0.822278122671,Sample,14,7,26.,1,false,true,false,true,260.,200.,310.,232.,9.73214500722
0.822278122671,Sample,14,7,31.,1,false,true,false,true,260.,200.,310.,232.,9.73214501304
0.822278122671,Sample,14,7,36.,1,false,true,false,true,260.,200.,310.,232.,9.73214501314
0.822278122671,Sample,14,7,41.,1,false,true,false,true,260.,200.,310.,232.,9.73214501314
0.822278122671,Sample,14,7,46.,1,false,true,false,true,260.,200.,310.,232.,9.73214501314
0.822278122671,Sample,14,7,51.,1,false,true,false,true,260.,200.,310.,232.,9.73214501314
1.04653884767,Sample,14,4,1.,1,false,true,false,true,22.,22.,50.,44.,0.
1.04653884767,Sample,14,4,6.,1,false,true,false,true,90.,74.,90.,74.,11.020885545
1.04653884767,Sample,14,4,11.,1,false,true,false,true,92.,74.,92.,76.,11.2884128468
1.04653884767,Sample,14,4,16.,1,false,true,false,true,92.,74.,92.,76.,11.295422334
1.04653884767,Sample,14,4,21.,1,false,true,false,true,92.,74.,92.,76.,11.2956176323
1.04653884767,Sample,14,4,26.,1,false,true,false,true,92.,74.,92.,76.,11.2956233419
1.04653884767,Sample,14,4,31.,1,false,true,false,true,92.,74.,92.,76.,11.2956235152
1.04653884767,Sample,14,4,36.,1,false,true,false,true,92.,74.,92.,76.,11.2956235207
1.04653884767,Sample,14,4,41.,1,false,true,false,true,92.,74.,92.,76.,11.2956235208
1.04653884767,Sample,14,4,46.,1,false,true,false,true,92.,74.,92.,76.,11.2956235208
1.04653884767,Sample,14,4,51.,1,false,true,false,true,92.,74.,92.,76.,11.2956235208
1.11098041709,Voter,14,6,1.,1,false,true,false,true,12.,12.,38.,34.,0.
1.11098041709,Voter,14,6,6.,1,false,true,false,true,64.,56.,26.,26.,11.3490851555
1.11098041709,Voter,14,6,11.,1,false,true,false,true,64.,56.,26.,26.,11.6732071911
1.11098041709,Voter,14,6,16.,1,false,true,false,true,64.,56.,26.,26.,11.6831164499
1.11098041709,Voter,14,6,21.,1,false,true,false,true,64.,56.,26.,26.,11.6834368142
1.11098041709,Voter,14,6,26.,1,false,true,false,true,64.,56.,26.,26.,11.6834476435
1.11098041709,Voter,14,6,31.,1,false,true,false,true,64.,56.,26.,26.,11.6834480228
1.11098041709,Voter,14,6,36.,1,false,true,false,true,64.,56.,26.,26.,11.6834480364
1.11098041709,Voter,14,6,41.,1,false,true,false,true,64.,56.,26.,26.,11.6834480369
1.11098041709,Voter,14,6,46.,1,false,true,false,true,64.,56.,26.,26.,11.683448037
1.11098041709,Voter,14,6,51.,1,false,true,false,true,64.,56.,26.,26.,11.683448037
1.29745785353,Voter,14,4,1.,1,false,true,false,true,24.,22.,38.,32.,0.
1.29745785353,Voter,14,4,6.,1,false,true,false,true,52.,42.,26.,24.,12.1428470013
1.29745785353,Voter,14,4,11.,1,false,true,false,true,52.,42.,26.,24.,12.658942141
1.29745785353,Voter,14,4,16.,1,false,true,false,true,52.,42.,26.,24.,12.6820122544
1.29745785353,Voter,14,4,21.,1,false,true,false,true,52.,42.,26.,24.,12.6830890314
1.29745785353,Voter,14,4,26.,1,false,true,false,true,52.,42.,26.,24.,12.6831411305
1.29745785353,Voter,14,4,31.,1,false,true,false,true,52.,42.,26.,24.,12.6831437271
1.29745785353,Voter,14,4,36.,1,false,true,false,true,52.,42.,26.,24.,12.6831438597
1.29745785353,Voter,14,4,41.,1,false,true,false,true,52.,42.,26.,24.,12.6831438666
1.29745785353,Voter,14,4,46.,1,false,true,false,true,52.,42.,26.,24.,12.683143867
1.29745785353,Voter,14,4,51.,1,false,true,false,true,52.,42.,26.,24.,12.683143867
1.3899834253,Sample,14,3,1.,1,false,true,false,true,0.,0.,12.,12.,0.
1.3899834253,Sample,14,3,6.,1,false,true,false,true,10.,10.,2.,2.,12.4617832441
1.3899834253,Sample,14,3,11.,1,false,true,false,true,12.,12.,0.,0.,13.0866311154
1.3899834253,Sample,14,3,16.,1,false,true,false,true,12.,12.,0.,0.,13.1193741465
1.3899834253,Sample,14,3,21.,1,false,true,false,true,12.,12.,0.,0.,13.1211570198
1.3899834253,Sample,14,3,26.,1,false,true,false,true,12.,12.,0.,0.,13.1212573064
1.3899834253,Sample,14,3,31.,1,false,true,false,true,12.,12.,0.,0.,13.1212631031
1.3899834253,Sample,14,3,36.,1,false,true,false,true,12.,12.,0.,0.,13.1212634459
1.3899834253,Sample,14,3,41.,1,false,true,false,true,12.,12.,0.,0.,13.1212634665
1.3899834253,Sample,14,3,46.,1,false,true,false,true,12.,12.,0.,0.,13.1212634678
1.3899834253,Sample,14,3,51.,1,false,true,false,true,12.,12.,0.,0.,13.1212634678
1.26391451645,Voter,14,5,1.,1,false,true,false,true,20.,20.,36.,28.,0.
1.26391451645,Voter,14,5,6.,1,false,true,false,true,50.,44.,30.,26.,12.0157069744
1.26391451645,Voter,14,5,11.,1,false,true,false,true,50.,44.,30.,26.,12.4944282202
1.26391451645,Voter,14,5,16.,1,false,true,false,true,50.,44.,30.,26.,12.5145410567
1.26391451645,Voter,14,5,21.,1,false,true,false,true,50.,44.,30.,26.,12.5154250994
1.26391451645,Voter,14,5,26.,1,false,true,false,true,50.,44.,30.,26.,12.5154654361
1.26391451645,Voter,14,5,31.,1,false,true,false,true,50.,44.,30.,26.,12.5154673337
1.26391451645,Voter,14,5,36.,1,false,true,false,true,50.,44.,30.,26.,12.5154674252
1.26391451645,Voter,14,5,41.,1,false,true,false,true,50.,44.,30.,26.,12.5154674297
1.26391451645,Voter,14,5,46.,1,false,true,false,true,50.,44.,30.,26.,12.5154674299
1.26391451645,Voter,14,5,51.,1,false,true,false,true,50.,44.,30.,26.,12.5154674299
1.04868436949,Sample,14,3,1.,1,false,true,false,true,12.,12.,22.,20.,0.
1.04868436949,Sample,14,3,6.,1,false,true,false,true,58.,48.,68.,52.,11.0323049296
1.04868436949,Sample,14,3,11.,1,false,true,false,true,60.,48.,70.,52.,11.3016291925
1.04868436949,Sample,14,3,16.,1,false,true,false,true,60.,48.,70.,52.,11.3087236968
1.04868436949,Sample,14,3,21.,1,false,true,false,true,60.,48.,70.,52.,11.3089223872
1.04868436949,Sample,14,3,26.,1,false,true,false,true,60.,48.,70.,52.,11.3089282254
1.04868436949,Sample,14,3,31.,1,false,true,false,true,60.,48.,70.,52.,11.3089284035
1.04868436949,Sample,14,3,36.,1,false,true,false,true,60.,48.,70.,52.,11.3089284091
1.04868436949,Sample,14,3,41.,1,false,true,false,true,60.,48.,70.,52.,11.3089284092
1.04868436949,Sample,14,3,46.,1,false,true,false,true,60.,48.,70.,52.,11.3089284092
1.04868436949,Sample,14,3,51.,1,false,true,false,true,60.,48.,70.,52.,11.3089284092
1.17467813385,Sample,14,5,1.,1,false,true,false,true,54.,52.,102.,90.,0.
1.17467813385,Sample,14,5,6.,1,false,true,false,true,148.,124.,168.,142.,11.6449401767
1.17467813385,Sample,14,5,11.,1,false,true,false,true,148.,124.,168.,142.,12.0301403688
1.17467813385,Sample,14,5,16.,1,false,true,false,true,148.,124.,168.,142.,12.0436863078
1.17467813385,Sample,14,5,21.,1,false,true,false,true,148.,124.,168.,142.,12.0441876014
1.17467813385,Sample,14,5,26.,1,false,true,false,true,148.,124.,168.,142.,12.0442069364
1.17467813385,Sample,14,5,31.,1,false,true,false,true,148.,124.,168.,142.,12.0442077073
1.17467813385,Sample,14,5,36.,1,false,true,false,true,148.,124.,168.,142.,12.0442077389
1.17467813385,Sample,14,5,41.,1,false,true,false,true,148.,124.,168.,142.,12.0442077402
1.17467813385,Sample,14,5,46.,1,false,true,false,true,148.,124.,168.,142.,12.0442077403
1.17467813385,Sample,14,5,51.,1,false,true,false,true,148.,124.,168.,142.,12.0442077403
0.849674320333,Voter,14,3,1.,1,false,true,false,true,8.,8.,8.,8.,0.
0.849674320333,Voter,14,3,6.,1,false,true,false,true,14.,14.,6.,6.,9.8118927381
0.849674320333,Voter,14,3,11.,1,false,true,false,true,14.,14.,6.,6.,9.94152280263
0.849674320333,Voter,14,3,16.,1,false,true,false,true,14.,14.,6.,6.,9.94344001866
0.849674320333,Voter,14,3,21.,1,false,true,false,true,14.,14.,6.,6.,9.94347085476
0.849674320333,Voter,14,3,26.,1,false,true,false,true,14.,14.,6.,6.,9.94347138199
0.849674320333,Voter,14,3,31.,1,false,true,false,true,14.,14.,6.,6.,9.94347139142
0.849674320333,Voter,14,3,36.,1,false,true,false,true,14.,14.,6.,6.,9.94347139159
0.849674320333,Voter,14,3,41.,1,false,true,false,true,14.,14.,6.,6.,9.94347139159
0.849674320333,Voter,14,3,46.,1,false,true,false,true,14.,14.,6.,6.,9.94347139159
0.849674320333,Voter,14,3,51.,1,false,true,false,true,14.,14.,6.,6.,9.94347139159
1.05848120751,Voter,14,5,1.,1,false,true,false,true,18.,18.,50.,42.,0.
1.05848120751,Voter,14,5,6.,1,false,true,false,true,62.,54.,22.,22.,11.0840075984
1.05848120751,Voter,14,5,11.,1,false,true,false,true,62.,54.,22.,22.,11.3616146006
1.05848120751,Voter,14,5,16.,1,false,true,false,true,62.,54.,22.,22.,11.3691069973
1.05848120751,Voter,14,5,21.,1,false,true,false,true,62.,54.,22.,22.,11.3693217962
1.05848120751,Voter,14,5,26.,1,false,true,false,true,62.,54.,22.,22.,11.3693282534
1.05848120751,Voter,14,5,31.,1,false,true,false,true,62.,54.,22.,22.,11.3693284549
1.05848120751,Voter,14,5,36.,1,false,true,false,true,62.,54.,22.,22.,11.3693284614
1.05848120751,Voter,14,5,41.,1,false,true,false,true,62.,54.,22.,22.,11.3693284616
1.05848120751,Voter,14,5,46.,1,false,true,false,true,62.,54.,22.,22.,11.3693284616
1.05848120751,Voter,14,5,51.,1,false,true,false,true,62.,54.,22.,22.,11.3693284616
1.08379205229,Voter,14,6,1.,1,false,true,false,true,22.,22.,60.,48.,0.
1.08379205229,Voter,14,6,6.,1,false,true,false,true,66.,58.,24.,24.,11.214292132
1.08379205229,Voter,14,6,11.,1,false,true,false,true,66.,58.,24.,24.,11.513881135
1.08379205229,Voter,14,6,16.,1,false,true,false,true,66.,58.,24.,24.,11.5224772776
1.08379205229,Voter,14,6,21.,1,false,true,false,true,66.,58.,24.,24.,11.5227386961
1.08379205229,Voter,14,6,26.,1,false,true,false,true,66.,58.,24.,24.,11.5227470206
1.08379205229,Voter,14,6,31.,1,false,true,false,true,66.,58.,24.,24.,11.5227472955
1.08379205229,Voter,14,6,36.,1,false,true,false,true,66.,58.,24.,24.,11.5227473048
1.08379205229,Voter,14,6,41.,1,false,true,false,true,66.,58.,24.,24.,11.5227473051
1.08379205229,Voter,14,6,46.,1,false,true,false,true,66.,58.,24.,24.,11.5227473051
1.08379205229,Voter,14,6,51.,1,false,true,false,true,66.,58.,24.,24.,11.5227473051
1.20959645595,Voter,14,4,1.,1,false,true,false,true,8.,8.,20.,18.,0.
1.20959645595,Voter,14,4,6.,1,false,true,false,true,26.,24.,6.,6.,11.7958552427
1.20959645595,Voter,14,4,11.,1,false,true,false,true,26.,24.,6.,6.,12.2165876864
1.20959645595,Voter,14,4,16.,1,false,true,false,true,26.,24.,6.,6.,12.232487504
1.20959645595,Voter,14,4,21.,1,false,true,false,true,26.,24.,6.,6.,12.2331182992
1.20959645595,Voter,14,4,26.,1,false,true,false,true,26.,24.,6.,6.,12.2331443394
1.20959645595,Voter,14,4,31.,1,false,true,false,true,26.,24.,6.,6.,12.2331454496
1.20959645595,Voter,14,4,36.,1,false,true,false,true,26.,24.,6.,6.,12.2331454981
1.20959645595,Voter,14,4,41.,1,false,true,false,true,26.,24.,6.,6.,12.2331455003
1.20959645595,Voter,14,4,46.,1,false,true,false,true,26.,24.,6.,6.,12.2331455004
1.20959645595,Voter,14,4,51.,1,false,true,false,true,26.,24.,6.,6.,12.2331455004
1.14518811545,Voter,14,3,1.,1,false,true,false,true,8.,8.,8.,8.,0.
1.14518811545,Voter,14,3,6.,1,false,true,false,true,16.,16.,0.,0.,11.5113570617
1.14518811545,Voter,14,3,11.,1,false,true,false,true,16.,16.,0.,0.,11.8676652294
1.14518811545,Voter,14,3,16.,1,false,true,false,true,16.,16.,0.,0.,11.8794259541
1.14518811545,Voter,14,3,21.,1,false,true,false,true,16.,16.,0.,0.,11.8798353532
1.14518811545,Voter,14,3,26.,1,false,true,false,true,16.,16.,0.,0.,11.8798502282
1.14518811545,Voter,14,3,31.,1,false,true,false,true,16.,16.,0.,0.,11.8798507874
1.14518811545,Voter,14,3,36.,1,false,true,false,true,16.,16.,0.,0.,11.879850809
1.14518811545,Voter,14,3,41.,1,false,true,false,true,16.,16.,0.,0.,11.8798508099
1.14518811545,Voter,14,3,46.,1,false,true,false,true,16.,16.,0.,0.,11.8798508099
1.14518811545,Voter,14,3,51.,1,false,true,false,true,16.,16.,0.,0.,11.8798508099
1.30370424446,Sample,14,5,1.,1,false,true,false,true,34.,34.,88.,68.,0.
1.30370424446,Sample,14,5,6.,1,false,true,false,true,130.,108.,128.,114.,12.1658225031
1.30370424446,Sample,14,5,11.,1,false,true,false,true,130.,108.,128.,114.,12.6890034236
1.30370424446,Sample,14,5,16.,1,false,true,false,true,130.,108.,128.,114.,12.7126554748
1.30370424446,Sample,14,5,21.,1,false,true,false,true,130.,108.,128.,114.,12.7137715377
1.30370424446,Sample,14,5,26.,1,false,true,false,true,130.,108.,128.,114.,12.7138261171
1.30370424446,Sample,14,5,31.,1,false,true,false,true,130.,108.,128.,114.,12.7138288661
1.30370424446,Sample,14,5,36.,1,false,true,false,true,130.,108.,128.,114.,12.7138290079
1.30370424446,Sample,14,5,41.,1,false,true,false,true,130.,108.,128.,114.,12.7138290154
1.30370424446,Sample,14,5,46.,1,false,true,false,true,130.,108.,128.,114.,12.7138290158
1.30370424446,Sample,14,5,51.,1,false,true,false,true,130.,108.,128.,114.,12.7138290158
1.17510263069,Sample,14,4,1.,1,false,true,false,true,26.,22.,46.,36.,0.
1.17510263069,Sample,14,4,6.,1,false,true,false,true,126.,90.,134.,94.,11.6468215022
1.17510263069,Sample,14,4,11.,1,false,true,false,true,124.,90.,136.,94.,12.0324451461
1.17510263069,Sample,14,4,16.,1,false,true,false,true,124.,90.,136.,94.,12.0460181114
1.17510263069,Sample,14,4,21.,1,false,true,false,true,124.,90.,136.,94.,12.0465208394
1.17510263069,Sample,14,4,26.,1,false,true,false,true,124.,90.,136.,94.,12.0465402461
1.17510263069,Sample,14,4,31.,1,false,true,false,true,124.,90.,136.,94.,12.0465410205
1.17510263069,Sample,14,4,36.,1,false,true,false,true,124.,90.,136.,94.,12.0465410523
1.17510263069,Sample,14,4,41.,1,false,true,false,true,124.,90.,136.,94.,12.0465410536
1.17510263069,Sample,14,4,46.,1,false,true,false,true,124.,90.,136.,94.,12.0465410537
1.17510263069,Sample,14,4,51.,1,false,true,false,true,124.,90.,136.,94.,12.0465410537
1.30808282204,Voter,14,6,1.,1,false,true,false,true,34.,30.,38.,36.,0.
1.30808282204,Voter,14,6,6.,1,false,true,false,true,70.,60.,10.,10.,12.181799028
1.30808282204,Voter,14,6,11.,1,false,true,false,true,74.,64.,14.,14.,12.709969999
1.30808282204,Voter,14,6,16.,1,false,true,false,true,74.,64.,14.,14.,12.7340359278
1.30808282204,Voter,14,6,21.,1,false,true,false,true,74.,64.,14.,14.,12.7351801949
1.30808282204,Voter,14,6,26.,1,false,true,false,true,74.,64.,14.,14.,12.7352365713
1.30808282204,Voter,14,6,31.,1,false,true,false,true,74.,64.,14.,14.,12.7352394316
1.30808282204,Voter,14,6,36.,1,false,true,false,true,74.,64.,14.,14.,12.7352395802
1.30808282204,Voter,14,6,41.,1,false,true,false,true,74.,64.,14.,14.,12.7352395881
1.30808282204,Voter,14,6,46.,1,false,true,false,true,74.,64.,14.,14.,12.7352395885
1.30808282204,Voter,14,6,51.,1,false,true,false,true,74.,64.,14.,14.,12.7352395886
1.02601791097,Sample,14,6,1.,1,false,true,false,true,70.,68.,134.,116.,0.
1.02601791097,Sample,14,6,6.,1,false,true,false,true,152.,132.,148.,146.,10.9098901669
1.02601791097,Sample,14,6,11.,1,false,true,false,true,152.,132.,148.,146.,11.1605408573
1.02601791097,Sample,14,6,16.,1,false,true,false,true,152.,132.,148.,146.,11.1667747215
1.02601791097,Sample,14,6,21.,1,false,true,false,true,152.,132.,148.,146.,11.1669399102
1.02601791097,Sample,14,6,26.,1,false,true,false,true,152.,132.,148.,146.,11.1669445087
1.02601791097,Sample,14,6,31.,1,false,true,false,true,152.,132.,148.,146.,11.1669446417
1.02601791097,Sample,14,6,36.,1,false,true,false,true,152.,132.,148.,146.,11.1669446457
1.02601791097,Sample,14,6,41.,1,false,true,false,true,152.,132.,148.,146.,11.1669446458
1.02601791097,Sample,14,6,46.,1,false,true,false,true,152.,132.,148.,146.,11.1669446458
1.02601791097,Sample,14,6,51.,1,false,true,false,true,152.,132.,148.,146.,11.1669446458
1.3226209535,Voter,14,7,1.,1,false,true,false,true,14.,14.,82.,70.,0.
1.3226209535,Voter,14,7,6.,1,false,true,false,true,136.,126.,128.,112.,12.2340920369
1.3226209535,Voter,14,7,11.,1,false,true,false,true,146.,134.,134.,118.,12.7789660839
1.3226209535,Voter,14,7,16.,1,false,true,false,true,146.,134.,134.,118.,12.8044417367
1.3226209535,Voter,14,7,21.,1,false,true,false,true,146.,134.,134.,118.,12.8056836874
1.3226209535,Voter,14,7,26.,1,false,true,false,true,146.,134.,134.,118.,12.8057463895
1.3226209535,Voter,14,7,31.,1,false,true,false,true,146.,134.,134.,118.,12.8057496481
1.3226209535,Voter,14,7,36.,1,false,true,false,true,146.,134.,134.,118.,12.8057498216
1.3226209535,Voter,14,7,41.,1,false,true,false,true,146.,134.,134.,118.,12.805749831
1.3226209535,Voter,14,7,46.,1,false,true,false,true,146.,134.,134.,118.,12.8057498315
1.3226209535,Voter,14,7,51.,1,false,true,false,true,146.,134.,134.,118.,12.8057498315
0.833384922815,Voter,14,5,1.,1,false,true,false,true,10.,10.,16.,16.,0.
0.833384922815,Voter,14,5,6.,1,false,true,false,true,26.,24.,0.,0.,9.69619767503
0.833384922815,Voter,14,5,11.,1,false,true,false,true,26.,24.,0.,0.,9.81686670844
0.833384922815,Voter,14,5,16.,1,false,true,false,true,26.,24.,0.,0.,9.81855471649
0.833384922815,Voter,14,5,21.,1,false,true,false,true,26.,24.,0.,0.,9.81858045439
0.833384922815,Voter,14,5,26.,1,false,true,false,true,26.,24.,0.,0.,9.81858087208
0.833384922815,Voter,14,5,31.,1,false,true,false,true,26.,24.,0.,0.,9.81858087918
0.833384922815,Voter,14,5,36.,1,false,true,false,true,26.,24.,0.,0.,9.81858087931
0.833384922815,Voter,14,5,41.,1,false,true,false,true,26.,24.,0.,0.,9.81858087931
0.833384922815,Voter,14,5,46.,1,false,true,false,true,26.,24.,0.,0.,9.81858087931
0.833384922815,Voter,14,5,51.,1,false,true,false,true,26.,24.,0.,0.,9.81858087931
1.13692606087,Voter,14,4,1.,1,false,true,false,true,8.,8.,14.,14.,0.
1.13692606087,Voter,14,4,6.,1,false,true,false,true,20.,18.,6.,6.,11.4728952751
1.13692606087,Voter,14,4,11.,1,false,true,false,true,20.,18.,6.,6.,11.8212972932
1.13692606087,Voter,14,4,16.,1,false,true,false,true,20.,18.,6.,6.,11.8325897689
1.13692606087,Voter,14,4,21.,1,false,true,false,true,20.,18.,6.,6.,11.8329760261
1.13692606087,Voter,14,4,26.,1,false,true,false,true,20.,18.,6.,6.,11.8329898217
1.13692606087,Voter,14,4,31.,1,false,true,false,true,20.,18.,6.,6.,11.8329903317
1.13692606087,Voter,14,4,36.,1,false,true,false,true,20.,18.,6.,6.,11.8329903511
1.13692606087,Voter,14,4,41.,1,false,true,false,true,20.,18.,6.,6.,11.8329903518
1.13692606087,Voter,14,4,46.,1,false,true,false,true,20.,18.,6.,6.,11.8329903518
1.13692606087,Voter,14,4,51.,1,false,true,false,true,20.,18.,6.,6.,11.8329903518
0.921553718791,Voter,14,5,1.,1,false,true,false,true,22.,22.,42.,36.,0.
0.921553718791,Voter,14,5,6.,1,false,true,false,true,40.,38.,28.,28.,10.2923078661
0.921553718791,Voter,14,5,11.,1,false,true,false,true,40.,38.,28.,28.,10.4659870834
0.921553718791,Voter,14,5,16.,1,false,true,false,true,40.,38.,28.,28.,10.4692166669
0.921553718791,Voter,14,5,21.,1,false,true,false,true,40.,38.,28.,28.,10.4692813737
0.921553718791,Voter,14,5,26.,1,false,true,false,true,40.,38.,28.,28.,10.4692827448
0.921553718791,Voter,14,5,31.,1,false,true,false,true,40.,38.,28.,28.,10.4692827751
0.921553718791,Voter,14,5,36.,1,false,true,false,true,40.,38.,28.,28.,10.4692827758
0.921553718791,Voter,14,5,41.,1,false,true,false,true,40.,38.,28.,28.,10.4692827758
0.921553718791,Voter,14,5,46.,1,false,true,false,true,40.,38.,28.,28.,10.4692827758
0.921553718791,Voter,14,5,51.,1,false,true,false,true,40.,38.,28.,28.,10.4692827758
1.24363503951,Sample,14,5,1.,1,false,true,false,true,32.,32.,56.,50.,0.
1.24363503951,Sample,14,5,6.,1,false,true,false,true,132.,104.,120.,94.,11.9356904286
1.24363503951,Sample,14,5,11.,1,false,true,false,true,136.,108.,120.,94.,12.3923863546
1.24363503951,Sample,14,5,16.,1,false,true,false,true,136.,108.,120.,94.,12.4108450234
1.24363503951,Sample,14,5,21.,1,false,true,false,true,136.,108.,120.,94.,12.4116265168
1.24363503951,Sample,14,5,26.,1,false,true,false,true,136.,108.,120.,94.,12.4116608926
1.24363503951,Sample,14,5,31.,1,false,true,false,true,136.,108.,120.,94.,12.4116624526
1.24363503951,Sample,14,5,36.,1,false,true,false,true,136.,108.,120.,94.,12.4116625252
1.24363503951,Sample,14,5,41.,1,false,true,false,true,136.,108.,120.,94.,12.4116625286
1.24363503951,Sample,14,5,46.,1,false,true,false,true,136.,108.,120.,94.,12.4116625288
1.24363503951,Sample,14,5,51.,1,false,true,false,true,136.,108.,120.,94.,12.4116625288
0.988190994711,Sample,14,3,1.,1,false,true,false,true,2.,2.,10.,10.,0.
0.988190994711,Sample,14,3,6.,1,false,true,false,true,8.,8.,4.,4.,10.6966547153
0.988190994711,Sample,14,3,11.,1,false,true,false,true,8.,8.,4.,4.,10.9176893598
0.988190994711,Sample,14,3,16.,1,false,true,false,true,8.,8.,4.,4.,10.9226627571
0.988190994711,Sample,14,3,21.,1,false,true,false,true,8.,8.,4.,4.,10.9227824379
0.988190994711,Sample,14,3,26.,1,false,true,false,true,8.,8.,4.,4.,10.9227854705
0.988190994711,Sample,14,3,31.,1,false,true,false,true,8.,8.,4.,4.,10.9227855505
0.988190994711,Sample,14,3,36.,1,false,true,false,true,8.,8.,4.,4.,10.9227855526
0.988190994711,Sample,14,3,41.,1,false,true,false,true,8.,8.,4.,4.,10.9227855527
0.988190994711,Sample,14,3,46.,1,false,true,false,true,8.,8.,4.,4.,10.9227855527
0.988190994711,Sample,14,3,51.,1,false,true,false,true,8.,8.,4.,4.,10.9227855527
1.361788732,Sample,14,3,1.,1,false,true,false,true,0.,0.,12.,12.,0.
1.361788732,Sample,14,3,6.,1,false,true,false,true,14.,14.,2.,2.,12.3693444279
1.361788732,Sample,14,3,11.,1,false,true,false,true,14.,14.,2.,2.,12.9602178761
1.361788732,Sample,14,3,16.,1,false,true,false,true,14.,14.,2.,2.,12.9897691963
1.361788732,Sample,14,3,21.,1,false,true,false,true,14.,14.,2.,2.,12.9913070647
1.361788732,Sample,14,3,26.,1,false,true,false,true,14.,14.,2.,2.,12.9913898248
1.361788732,Sample,14,3,31.,1,false,true,false,true,14.,14.,2.,2.,12.9913944046
1.361788732,Sample,14,3,36.,1,false,true,false,true,14.,14.,2.,2.,12.991394664
1.361788732,Sample,14,3,41.,1,false,true,false,true,14.,14.,2.,2.,12.991394679
1.361788732,Sample,14,3,46.,1,false,true,false,true,14.,14.,2.,2.,12.9913946799
1.361788732,Sample,14,3,51.,1,false,true,false,true,14.,14.,2.,2.,12.9913946799
1.25774125978,Sample,14,4,1.,1,false,true,false,true,6.,6.,18.,14.,0.
1.25774125978,Sample,14,4,6.,1,false,true,false,true,22.,20.,2.,2.,11.9916046174
1.25774125978,Sample,14,4,11.,1,false,true,false,true,24.,20.,0.,0.,12.463574822
1.25774125978,Sample,14,4,16.,1,false,true,false,true,24.,20.,0.,0.,12.4831736317
1.25774125978,Sample,14,4,21.,1,false,true,false,true,24.,20.,0.,0.,12.4840253912
1.25774125978,Sample,14,4,26.,1,false,true,false,true,24.,20.,0.,0.,12.4840638278
1.25774125978,Sample,14,4,31.,1,false,true,false,true,24.,20.,0.,0.,12.4840656165
1.25774125978,Sample,14,4,36.,1,false,true,false,true,24.,20.,0.,0.,12.4840657018
1.25774125978,Sample,14,4,41.,1,false,true,false,true,24.,20.,0.,0.,12.484065706
1.25774125978,Sample,14,4,46.,1,false,true,false,true,24.,20.,0.,0.,12.4840657062
1.25774125978,Sample,14,4,51.,1,false,true,false,true,24.,20.,0.,0.,12.4840657062
1.21127451804,Sample,14,5,1.,1,false,true,false,true,10.,10.,48.,42.,0.
1.21127451804,Sample,14,5,6.,1,false,true,false,true,130.,94.,144.,94.,11.8029148334
1.21127451804,Sample,14,5,11.,1,false,true,false,true,136.,96.,142.,90.,12.2253900148
1.21127451804,Sample,14,5,16.,1,false,true,false,true,136.,96.,142.,90.,12.2414097508
1.21127451804,Sample,14,5,21.,1,false,true,false,true,136.,96.,142.,90.,12.2420473839
1.21127451804,Sample,14,5,26.,1,false,true,false,true,136.,96.,142.,90.,12.2420737906
1.21127451804,Sample,14,5,31.,1,false,true,false,true,136.,96.,142.,90.,12.2420749199
1.21127451804,Sample,14,5,36.,1,false,true,false,true,136.,96.,142.,90.,12.2420749694
1.21127451804,Sample,14,5,41.,1,false,true,false,true,136.,96.,142.,90.,12.2420749717
1.21127451804,Sample,14,5,46.,1,false,true,false,true,136.,96.,142.,90.,12.2420749718
1.21127451804,Sample,14,5,51.,1,false,true,false,true,136.,96.,142.,90.,12.2420749718
0.831621328795,Voter,14,6,1.,1,false,true,false,true,24.,24.,48.,44.,0.
0.831621328795,Voter,14,6,6.,1,false,true,false,true,54.,50.,22.,22.,9.68351452038
0.831621328795,Voter,14,6,11.,1,false,true,false,true,54.,50.,22.,22.,9.80323598547
0.831621328795,Voter,14,6,16.,1,false,true,false,true,54.,50.,22.,22.,9.80490051936
0.831621328795,Voter,14,6,21.,1,false,true,false,true,54.,50.,22.,22.,9.80492575087
0.831621328795,Voter,14,6,26.,1,false,true,false,true,54.,50.,22.,22.,9.804926158
0.831621328795,Voter,14,6,31.,1,false,true,false,true,54.,50.,22.,22.,9.80492616488
0.831621328795,Voter,14,6,36.,1,false,true,false,true,54.,50.,22.,22.,9.804926165
0.831621328795,Voter,14,6,41.,1,false,true,false,true,54.,50.,22.,22.,9.804926165
0.831621328795,Voter,14,6,46.,1,false,true,false,true,54.,50.,22.,22.,9.804926165
0.831621328795,Voter,14,6,51.,1,false,true,false,true,54.,50.,22.,22.,9.804926165
1.01955110595,Voter,14,7,1.,1,false,true,false,true,106.,88.,134.,114.,0.
1.01955110595,Voter,14,7,6.,1,false,true,false,true,166.,138.,114.,96.,10.8742381663
1.01955110595,Voter,14,7,11.,1,false,true,false,true,166.,138.,114.,96.,11.1196877816
1.01955110595,Voter,14,7,16.,1,false,true,false,true,166.,138.,114.,96.,11.1256909674
1.01955110595,Voter,14,7,21.,1,false,true,false,true,166.,138.,114.,96.,11.1258475011
1.01955110595,Voter,14,7,26.,1,false,true,false,true,166.,138.,114.,96.,11.1258517907
1.01955110595,Voter,14,7,31.,1,false,true,false,true,166.,138.,114.,96.,11.1258519129
1.01955110595,Voter,14,7,36.,1,false,true,false,true,166.,138.,114.,96.,11.1258519165
1.01955110595,Voter,14,7,41.,1,false,true,false,true,166.,138.,114.,96.,11.1258519166
1.01955110595,Voter,14,7,46.,1,false,true,false,true,166.,138.,114.,96.,11.1258519166
1.01955110595,Voter,14,7,51.,1,false,true,false,true,166.,138.,114.,96.,11.1258519166
1.38307729974,Sample,14,4,1.,1,false,true,false,true,38.,32.,82.,68.,0.
1.38307729974,Sample,14,4,6.,1,false,true,false,true,98.,72.,110.,84.,12.4395127648
1.38307729974,Sample,14,4,11.,1,false,true,false,true,100.,74.,112.,84.,13.0559743588
1.38307729974,Sample,14,4,16.,1,false,true,false,true,100.,74.,112.,84.,13.0879152458
1.38307729974,Sample,14,4,21.,1,false,true,false,true,100.,74.,112.,84.,13.0896354889
1.38307729974,Sample,14,4,26.,1,false,true,false,true,100.,74.,112.,84.,13.0897312214
1.38307729974,Sample,14,4,31.,1,false,true,false,true,100.,74.,112.,84.,13.0897366968
1.38307729974,Sample,14,4,36.,1,false,true,false,true,100.,74.,112.,84.,13.0897370172
1.38307729974,Sample,14,4,41.,1,false,true,false,true,100.,74.,112.,84.,13.0897370363
1.38307729974,Sample,14,4,46.,1,false,true,false,true,100.,74.,112.,84.,13.0897370375
1.38307729974,Sample,14,4,51.,1,false,true,false,true,100.,74.,112.,84.,13.0897370376
1.20807919296,Sample,14,5,1.,1,false,true,false,true,8.,8.,50.,42.,0.
1.20807919296,Sample,14,5,6.,1,false,true,false,true,82.,68.,44.,44.,11.7894571089
1.20807919296,Sample,14,5,11.,1,false,true,false,true,84.,70.,46.,46.,12.2086165503
1.20807919296,Sample,14,5,16.,1,false,true,false,true,84.,70.,46.,46.,12.2244084869
1.20807919296,Sample,14,5,21.,1,false,true,false,true,84.,70.,46.,46.,12.22503315
1.20807919296,Sample,14,5,26.,1,false,true,false,true,84.,70.,46.,46.,12.2250588626
1.20807919296,Sample,14,5,31.,1,false,true,false,true,84.,70.,46.,46.,12.2250599557
1.20807919296,Sample,14,5,36.,1,false,true,false,true,84.,70.,46.,46.,12.2250600034
1.20807919296,Sample,14,5,41.,1,false,true,false,true,84.,70.,46.,46.,12.2250600055
1.20807919296,Sample,14,5,46.,1,false,true,false,true,84.,70.,46.,46.,12.2250600056
1.20807919296,Sample,14,5,51.,1,false,true,false,true,84.,70.,46.,46.,12.2250600056
0.936318601624,Voter,14,6,1.,1,false,true,false,true,48.,40.,54.,46.,0.
0.936318601624,Voter,14,6,6.,1,false,true,false,true,84.,68.,38.,34.,10.3851785617
0.936318601624,Voter,14,6,11.,1,false,true,false,true,84.,68.,38.,34.,10.5688134117
0.936318601624,Voter,14,6,16.,1,false,true,false,true,84.,68.,38.,34.,10.5723814115
0.936318601624,Voter,14,6,21.,1,false,true,false,true,84.,68.,38.,34.,10.5724559784
0.936318601624,Voter,14,6,26.,1,false,true,false,true,84.,68.,38.,34.,10.5724576248
0.936318601624,Voter,14,6,31.,1,false,true,false,true,84.,68.,38.,34.,10.5724576627
0.936318601624,Voter,14,6,36.,1,false,true,false,true,84.,68.,38.,34.,10.5724576636
0.936318601624,Voter,14,6,41.,1,false,true,false,true,84.,68.,38.,34.,10.5724576636
0.936318601624,Voter,14,6,46.,1,false,true,false,true,84.,68.,38.,34.,10.5724576636
0.936318601624,Voter,14,6,51.,1,false,true,false,true,84.,68.,38.,34.,10.5724576636
1.34501671352,Sample,14,3,1.,1,false,true,false,true,8.,8.,20.,20.,0.
1.34501671352,Sample,14,3,6.,1,false,true,false,true,24.,24.,8.,8.,12.3124190101
1.34501671352,Sample,14,3,11.,1,false,true,false,true,26.,26.,6.,6.,12.8834202452
1.34501671352,Sample,14,3,16.,1,false,true,false,true,26.,26.,6.,6.,12.911176088
1.34501671352,Sample,14,3,21.,1,false,true,false,true,26.,26.,6.,6.,12.912581181
1.34501671352,Sample,14,3,26.,1,false,true,false,true,26.,26.,6.,6.,12.9126547821
1.34501671352,Sample,14,3,31.,1,false,true,false,true,26.,26.,6.,6.,12.9126587483
1.34501671352,Sample,14,3,36.,1,false,true,false,true,26.,26.,6.,6.,12.9126589671
1.34501671352,Sample,14,3,41.,1,false,true,false,true,26.,26.,6.,6.,12.9126589794
1.34501671352,Sample,14,3,46.,1,false,true,false,true,26.,26.,6.,6.,12.9126589801
1.34501671352,Sample,14,3,51.,1,false,true,false,true,26.,26.,6.,6.,12.9126589802
1.05811971724,Voter,14,6,1.,1,false,true,false,true,16.,16.,46.,42.,0.
1.05811971724,Voter,14,6,6.,1,false,true,false,true,74.,62.,36.,36.,11.0821126132
1.05811971724,Voter,14,6,11.,1,false,true,false,true,74.,62.,36.,36.,11.3594117407
1.05811971724,Voter,14,6,16.,1,false,true,false,true,74.,62.,36.,36.,11.3668891707
1.05811971724,Voter,14,6,21.,1,false,true,false,true,74.,62.,36.,36.,11.3671033568
1.05811971724,Voter,14,6,26.,1,false,true,false,true,74.,62.,36.,36.,11.3671097902
1.05811971724,Voter,14,6,31.,1,false,true,false,true,74.,62.,36.,36.,11.3671099908
1.05811971724,Voter,14,6,36.,1,false,true,false,true,74.,62.,36.,36.,11.3671099972
1.05811971724,Voter,14,6,41.,1,false,true,false,true,74.,62.,36.,36.,11.3671099974
1.05811971724,Voter,14,6,46.,1,false,true,false,true,74.,62.,36.,36.,11.3671099974
1.05811971724,Voter,14,6,51.,1,false,true,false,true,74.,62.,36.,36.,11.3671099974
0.912106003107,Voter,14,6,1.,1,false,true,false,true,20.,18.,40.,38.,0.
0.912106003107,Voter,14,6,6.,1,false,true,false,true,52.,44.,12.,12.,10.2318705103
0.912106003107,Voter,14,6,11.,1,false,true,false,true,52.,44.,12.,12.,10.3993410269
0.912106003107,Voter,14,6,16.,1,false,true,false,true,52.,44.,12.,12.,10.4023672703
0.912106003107,Voter,14,6,21.,1,false,true,false,true,52.,44.,12.,12.,10.402426259
0.912106003107,Voter,14,6,26.,1,false,true,false,true,52.,44.,12.,12.,10.4024274758
0.912106003107,Voter,14,6,31.,1,false,true,false,true,52.,44.,12.,12.,10.402427502
0.912106003107,Voter,14,6,36.,1,false,true,false,true,52.,44.,12.,12.,10.4024275026
0.912106003107,Voter,14,6,41.,1,false,true,false,true,52.,44.,12.,12.,10.4024275026
0.912106003107,Voter,14,6,46.,1,false,true,false,true,52.,44.,12.,12.,10.4024275026
0.912106003107,Voter,14,6,51.,1,false,true,false,true,52.,44.,12.,12.,10.4024275026
1.03484152547,Sample,14,7,1.,1,false,true,false,true,112.,98.,172.,142.,0.
1.03484152547,Sample,14,7,6.,1,false,true,false,true,202.,152.,182.,130.,10.9580120303
1.03484152547,Sample,14,7,11.,1,false,true,false,true,208.,158.,188.,132.,11.2158502212
1.03484152547,Sample,14,7,16.,1,false,true,false,true,208.,158.,188.,132.,11.2224093556
1.03484152547,Sample,14,7,21.,1,false,true,false,true,208.,158.,188.,132.,11.222586985
1.03484152547,Sample,14,7,26.,1,false,true,false,true,208.,158.,188.,132.,11.2225920359
1.03484152547,Sample,14,7,31.,1,false,true,false,true,208.,158.,188.,132.,11.2225921851
1.03484152547,Sample,14,7,36.,1,false,true,false,true,208.,158.,188.,132.,11.2225921897
1.03484152547,Sample,14,7,41.,1,false,true,false,true,208.,158.,188.,132.,11.2225921898
1.03484152547,Sample,14,7,46.,1,false,true,false,true,208.,158.,188.,132.,11.2225921898
1.03484152547,Sample,14,7,51.,1,false,true,false,true,208.,158.,188.,132.,11.2225921898
1.18567283848,Voter,14,6,1.,1,false,true,false,true,24.,22.,58.,50.,0.
1.18567283848,Voter,14,6,6.,1,false,true,false,true,60.,52.,30.,30.,11.6932935153
1.18567283848,Voter,14,6,11.,1,false,true,false,true,60.,52.,30.,30.,12.0895295134
1.18567283848,Voter,14,6,16.,1,false,true,false,true,60.,52.,30.,30.,12.103787897
1.18567283848,Voter,14,6,21.,1,false,true,false,true,60.,52.,30.,30.,12.1043274184
1.18567283848,Voter,14,6,26.,1,false,true,false,true,60.,52.,30.,30.,12.1043486846
1.18567283848,Voter,14,6,31.,1,false,true,false,true,60.,52.,30.,30.,12.1043495508
1.18567283848,Voter,14,6,36.,1,false,true,false,true,60.,52.,30.,30.,12.1043495871
1.18567283848,Voter,14,6,41.,1,false,true,false,true,60.,52.,30.,30.,12.1043495886
1.18567283848,Voter,14,6,46.,1,false,true,false,true,60.,52.,30.,30.,12.1043495887
1.18567283848,Voter,14,6,51.,1,false,true,false,true,60.,52.,30.,30.,12.1043495887
1.15462152653,Voter,14,3,1.,1,false,true,false,true,4.,4.,10.,8.,0.
1.15462152653,Voter,14,3,6.,1,false,true,false,true,8.,8.,6.,6.,11.5547125152
1.15462152653,Voter,14,3,11.,1,false,true,false,true,8.,8.,6.,6.,11.9201492672
1.15462152653,Voter,14,3,16.,1,false,true,false,true,8.,8.,6.,6.,11.9324614942
1.15462152653,Voter,14,3,21.,1,false,true,false,true,8.,8.,6.,6.,11.9328986715
1.15462152653,Voter,14,3,26.,1,false,true,false,true,8.,8.,6.,6.,11.9329148661
1.15462152653,Voter,14,3,31.,1,false,true,false,true,8.,8.,6.,6.,11.9329154867
1.15462152653,Voter,14,3,36.,1,false,true,false,true,8.,8.,6.,6.,11.9329155111
1.15462152653,Voter,14,3,41.,1,false,true,false,true,8.,8.,6.,6.,11.9329155121
1.15462152653,Voter,14,3,46.,1,false,true,false,true,8.,8.,6.,6.,11.9329155121
1.15462152653,Voter,14,3,51.,1,false,true,false,true,8.,8.,6.,6.,11.9329155121
1.35737445149,Sample,14,3,1.,1,false,true,false,true,4.,4.,18.,18.,0.
1.35737445149,Sample,14,3,6.,1,false,true,false,true,14.,14.,16.,16.,12.3545039701
1.35737445149,Sample,14,3,11.,1,false,true,false,true,16.,14.,18.,18.,12.9401222849
1.35737445149,Sample,14,3,16.,1,false,true,false,true,16.,14.,18.,18.,12.9691936648
1.35737445149,Sample,14,3,21.,1,false,true,false,true,16.,14.,18.,18.,12.9706956778
1.35737445149,Sample,14,3,26.,1,false,true,false,true,16.,14.,18.,18.,12.9707759401
1.35737445149,Sample,14,3,31.,1,false,true,false,true,16.,14.,18.,18.,12.970780351
1.35737445149,Sample,14,3,36.,1,false,true,false,true,16.,14.,18.,18.,12.9707805991
1.35737445149,Sample,14,3,41.,1,false,true,false,true,16.,14.,18.,18.,12.9707806133
1.35737445149,Sample,14,3,46.,1,false,true,false,true,16.,14.,18.,18.,12.9707806141
1.35737445149,Sample,14,3,51.,1,false,true,false,true,16.,14.,18.,18.,12.9707806142
1.30862826423,Sample,14,3,1.,1,false,true,false,true,10.,10.,16.,16.,0.
1.30862826423,Sample,14,3,6.,1,false,true,false,true,40.,40.,46.,44.,12.1837818326
1.30862826423,Sample,14,3,11.,1,false,true,false,true,46.,44.,48.,48.,12.7125757423
1.30862826423,Sample,14,3,16.,1,false,true,false,true,46.,44.,48.,48.,12.7366935732
1.30862826423,Sample,14,3,21.,1,false,true,false,true,46.,44.,48.,48.,12.7378413925
1.30862826423,Sample,14,3,26.,1,false,true,false,true,46.,44.,48.,48.,12.7378979962
1.30862826423,Sample,14,3,31.,1,false,true,false,true,46.,44.,48.,48.,12.7379008706
1.30862826423,Sample,14,3,36.,1,false,true,false,true,46.,44.,48.,48.,12.7379010202
1.30862826423,Sample,14,3,41.,1,false,true,false,true,46.,44.,48.,48.,12.7379010281
1.30862826423,Sample,14,3,46.,1,false,true,false,true,46.,44.,48.,48.,12.7379010285
1.30862826423,Sample,14,3,51.,1,false,true,false,true,46.,44.,48.,48.,12.7379010285
1.09125259916,Sample,14,4,1.,1,false,true,false,true,16.,16.,44.,38.,0.
1.09125259916,Sample,14,4,6.,1,false,true,false,true,52.,46.,20.,20.,11.2518041131
1.09125259916,Sample,14,4,11.,1,false,true,false,true,56.,48.,20.,20.,11.5580310183
1.09125259916,Sample,14,4,16.,1,false,true,false,true,56.,48.,20.,20.,11.5669740231
1.09125259916,Sample,14,4,21.,1,false,true,false,true,56.,48.,20.,20.,11.5672506555
1.09125259916,Sample,14,4,26.,1,false,true,false,true,56.,48.,20.,20.,11.567259612
1.09125259916,Sample,14,4,31.,1,false,true,false,true,56.,48.,20.,20.,11.5672599126
1.09125259916,Sample,14,4,36.,1,false,true,false,true,56.,48.,20.,20.,11.5672599229
1.09125259916,Sample,14,4,41.,1,false,true,false,true,56.,48.,20.,20.,11.5672599233
1.09125259916,Sample,14,4,46.,1,false,true,false,true,56.,48.,20.,20.,11.5672599233
1.09125259916,Sample,14,4,51.,1,false,true,false,true,56.,48.,20.,20.,11.5672599233
1.2052839754,Voter,14,7,1.,1,false,true,false,true,74.,68.,70.,68.,0.
1.2052839754,Voter,14,7,6.,1,false,true,false,true,134.,112.,58.,56.,11.7776325344
1.2052839754,Voter,14,7,11.,1,false,true,false,true,136.,112.,60.,58.,12.1939008983
1.2052839754,Voter,14,7,16.,1,false,true,false,true,136.,112.,60.,58.,12.2094954423
1.2052839754,Voter,14,7,21.,1,false,true,false,true,136.,112.,60.,58.,12.2101089331
1.2052839754,Voter,14,7,26.,1,false,true,false,true,136.,112.,60.,58.,12.2101340513
1.2052839754,Voter,14,7,31.,1,false,true,false,true,136.,112.,60.,58.,12.2101351135
1.2052839754,Voter,14,7,36.,1,false,true,false,true,136.,112.,60.,58.,12.2101351596
1.2052839754,Voter,14,7,41.,1,false,true,false,true,136.,112.,60.,58.,12.2101351616
1.2052839754,Voter,14,7,46.,1,false,true,false,true,136.,112.,60.,58.,12.2101351617
1.2052839754,Voter,14,7,51.,1,false,true,false,true,136.,112.,60.,58.,12.2101351617
0.940248181437,Sample,14,4,1.,1,false,true,false,true,24.,24.,38.,36.,0.
0.940248181437,Sample,14,4,6.,1,false,true,false,true,40.,40.,26.,26.,10.4095745614
0.940248181437,Sample,14,4,11.,1,false,true,false,true,40.,40.,26.,26.,10.595910831
0.940248181437,Sample,14,4,16.,1,false,true,false,true,40.,40.,26.,26.,10.5995732708
0.940248181437,Sample,14,4,21.,1,false,true,false,true,40.,40.,26.,26.,10.5996506631
0.940248181437,Sample,14,4,26.,1,false,true,false,true,40.,40.,26.,26.,10.5996523905
0.940248181437,Sample,14,4,31.,1,false,true,false,true,40.,40.,26.,26.,10.5996524307
0.940248181437,Sample,14,4,36.,1,false,true,false,true,40.,40.,26.,26.,10.5996524317
0.940248181437,Sample,14,4,41.,1,false,true,false,true,40.,40.,26.,26.,10.5996524317
0.940248181437,Sample,14,4,46.,1,false,true,false,true,40.,40.,26.,26.,10.5996524317
0.940248181437,Sample,14,4,51.,1,false,true,false,true,40.,40.,26.,26.,10.5996524317
0.883206577114,Sample,14,3,1.,1,false,true,false,true,4.,4.,6.,6.,0.
0.883206577114,Sample,14,3,6.,1,false,true,false,true,6.,4.,0.,0.,10.0419866136
0.883206577114,Sample,14,3,11.,1,false,true,false,true,6.,4.,0.,0.,10.1912516398
0.883206577114,Sample,14,3,16.,1,false,true,false,true,6.,4.,0.,0.,10.193716143
0.883206577114,Sample,14,3,21.,1,false,true,false,true,6.,4.,0.,0.,10.1937601959
0.883206577114,Sample,14,3,26.,1,false,true,false,true,6.,4.,0.,0.,10.1937610309
0.883206577114,Sample,14,3,31.,1,false,true,false,true,6.,4.,0.,0.,10.1937610475
0.883206577114,Sample,14,3,36.,1,false,true,false,true,6.,4.,0.,0.,10.1937610478
0.883206577114,Sample,14,3,41.,1,false,true,false,true,6.,4.,0.,0.,10.1937610478
0.883206577114,Sample,14,3,46.,1,false,true,false,true,6.,4.,0.,0.,10.1937610478
0.883206577114,Sample,14,3,51.,1,false,true,false,true,6.,4.,0.,0.,10.1937610478
1.11152197107,Voter,14,5,1.,1,false,true,false,true,32.,30.,46.,44.,0.
1.11152197107,Voter,14,5,6.,1,false,true,false,true,72.,62.,42.,38.,11.3517169718
1.11152197107,Voter,14,5,11.,1,false,true,false,true,74.,62.,44.,40.,11.676337205
1.11152197107,Voter,14,5,16.,1,false,true,false,true,74.,62.,44.,40.,11.6862740121
1.11152197107,Voter,14,5,21.,1,false,true,false,true,74.,62.,44.,40.,11.6865956516
1.11152197107,Voter,14,5,26.,1,false,true,false,true,74.,62.,44.,40.,11.6866065368
1.11152197107,Voter,14,5,31.,1,false,true,false,true,74.,62.,44.,40.,11.6866069185
1.11152197107,Voter,14,5,36.,1,false,true,false,true,74.,62.,44.,40.,11.6866069322
1.11152197107,Voter,14,5,41.,1,false,true,false,true,74.,62.,44.,40.,11.6866069327
1.11152197107,Voter,14,5,46.,1,false,true,false,true,74.,62.,44.,40.,11.6866069327
1.11152197107,Voter,14,5,51.,1,false,true,false,true,74.,62.,44.,40.,11.6866069327
1.07903197492,Voter,14,4,1.,1,false,true,false,true,42.,32.,44.,38.,0.
1.07903197492,Voter,14,4,6.,1,false,true,false,true,50.,38.,52.,46.,11.1901482088
1.07903197492,Voter,14,4,11.,1,false,true,false,true,50.,38.,52.,46.,11.4855395172
1.07903197492,Voter,14,4,16.,1,false,true,false,true,50.,38.,52.,46.,11.4939195496
1.07903197492,Voter,14,4,21.,1,false,true,false,true,50.,38.,52.,46.,11.4941716227
1.07903197492,Voter,14,4,26.,1,false,true,false,true,50.,38.,52.,46.,11.4941795644
1.07903197492,Voter,14,4,31.,1,false,true,false,true,50.,38.,52.,46.,11.4941798239
1.07903197492,Voter,14,4,36.,1,false,true,false,true,50.,38.,52.,46.,11.4941798326
1.07903197492,Voter,14,4,41.,1,false,true,false,true,50.,38.,52.,46.,11.4941798329
1.07903197492,Voter,14,4,46.,1,false,true,false,true,50.,38.,52.,46.,11.4941798329
1.07903197492,Voter,14,4,51.,1,false,true,false,true,50.,38.,52.,46.,11.4941798329
0.971319987451,Voter,14,3,1.,1,false,true,false,true,18.,18.,8.,8.,0.
0.971319987451,Voter,14,3,6.,1,false,true,false,true,20.,18.,10.,10.,10.5978254064
0.971319987451,Voter,14,3,11.,1,false,true,false,true,20.,18.,10.,10.,10.8062847427
0.971319987451,Voter,14,3,16.,1,false,true,false,true,20.,18.,10.,10.,10.810762161
0.971319987451,Voter,14,3,21.,1,false,true,false,true,20.,18.,10.,10.,10.8108651968
0.971319987451,Voter,14,3,26.,1,false,true,false,true,20.,18.,10.,10.,10.8108676961
0.971319987451,Voter,14,3,31.,1,false,true,false,true,20.,18.,10.,10.,10.8108677593
0.971319987451,Voter,14,3,36.,1,false,true,false,true,20.,18.,10.,10.,10.8108677609
0.971319987451,Voter,14,3,41.,1,false,true,false,true,20.,18.,10.,10.,10.8108677609
0.971319987451,Voter,14,3,46.,1,false,true,false,true,20.,18.,10.,10.,10.8108677609
0.971319987451,Voter,14,3,51.,1,false,true,false,true,20.,18.,10.,10.,10.8108677609
1.26568562172,Voter,14,5,1.,1,false,true,false,true,10.,10.,26.,24.,0.
1.26568562172,Voter,14,5,6.,1,false,true,false,true,40.,34.,4.,4.,12.0225810302
1.26568562172,Voter,14,5,11.,1,false,true,false,true,40.,34.,4.,4.,12.5032465575
1.26568562172,Voter,14,5,16.,1,false,true,false,true,40.,34.,4.,4.,12.5235085789
1.26568562172,Voter,14,5,21.,1,false,true,false,true,40.,34.,4.,4.,12.5244020601
1.26568562172,Voter,14,5,26.,1,false,true,false,true,40.,34.,4.,4.,12.5244429563
1.26568562172,Voter,14,5,31.,1,false,true,false,true,40.,34.,4.,4.,12.5244448862
1.26568562172,Voter,14,5,36.,1,false,true,false,true,40.,34.,4.,4.,12.5244449796
1.26568562172,Voter,14,5,41.,1,false,true,false,true,40.,34.,4.,4.,12.5244449842
1.26568562172,Voter,14,5,46.,1,false,true,false,true,40.,34.,4.,4.,12.5244449844
1.26568562172,Voter,14,5,51.,1,false,true,false,true,40.,34.,4.,4.,12.5244449844
1.39762164354,Voter,14,5,1.,1,false,true,false,true,12.,12.,32.,30.,0.
1.39762164354,Voter,14,5,6.,1,false,true,false,true,30.,28.,14.,14.,12.486137533
1.39762164354,Voter,14,5,11.,1,false,true,false,true,30.,28.,14.,14.,13.120308346
1.39762164354,Voter,14,5,16.,1,false,true,false,true,30.,28.,14.,14.,13.1539541002
1.39762164354,Voter,14,5,21.,1,false,true,false,true,30.,28.,14.,14.,13.1558082854
1.39762164354,Voter,14,5,26.,1,false,true,false,true,30.,28.,14.,14.,13.1559138166
1.39762164354,Voter,14,5,31.,1,false,true,false,true,30.,28.,14.,14.,13.1559199875
1.39762164354,Voter,14,5,36.,1,false,true,false,true,30.,28.,14.,14.,13.1559203565
1.39762164354,Voter,14,5,41.,1,false,true,false,true,30.,28.,14.,14.,13.155920379
1.39762164354,Voter,14,5,46.,1,false,true,false,true,30.,28.,14.,14.,13.1559203804
1.39762164354,Voter,14,5,51.,1,false,true,false,true,30.,28.,14.,14.,13.1559203805
1.01332940837,Sample,14,3,1.,1,false,true,false,true,12.,12.,24.,22.,0.
1.01332940837,Sample,14,3,6.,1,false,true,false,true,26.,24.,26.,26.,10.8396284426
1.01332940837,Sample,14,3,11.,1,false,true,false,true,26.,24.,26.,26.,11.0801275564
1.01332940837,Sample,14,3,16.,1,false,true,false,true,26.,24.,26.,26.,11.0859148517
1.01332940837,Sample,14,3,21.,1,false,true,false,true,26.,24.,26.,26.,11.0860634144
1.01332940837,Sample,14,3,26.,1,false,true,false,true,26.,24.,26.,26.,11.0860674239
1.01332940837,Sample,14,3,31.,1,false,true,false,true,26.,24.,26.,26.,11.0860675364
1.01332940837,Sample,14,3,36.,1,false,true,false,true,26.,24.,26.,26.,11.0860675396
1.01332940837,Sample,14,3,41.,1,false,true,false,true,26.,24.,26.,26.,11.0860675397
1.01332940837,Sample,14,3,46.,1,false,true,false,true,26.,24.,26.,26.,11.0860675397
1.01332940837,Sample,14,3,51.,1,false,true,false,true,26.,24.,26.,26.,11.0860675397
0.808730861049,Sample,14,4,1.,1,false,true,false,true,36.,36.,52.,48.,0.
0.808730861049,Sample,14,4,6.,1,false,true,false,true,130.,96.,142.,104.,9.51605557348
0.808730861049,Sample,14,4,11.,1,false,true,false,true,130.,96.,142.,104.,9.62387783677
0.808730861049,Sample,14,4,16.,1,false,true,false,true,130.,96.,142.,104.,9.62526014385
0.808730861049,Sample,14,4,21.,1,false,true,false,true,130.,96.,142.,104.,9.62527953014
0.808730861049,Sample,14,4,26.,1,false,true,false,true,130.,96.,142.,104.,9.62527982008
0.808730861049,Sample,14,4,31.,1,false,true,false,true,130.,96.,142.,104.,9.62527982463
0.808730861049,Sample,14,4,36.,1,false,true,false,true,130.,96.,142.,104.,9.6252798247
0.808730861049,Sample,14,4,41.,1,false,true,false,true,130.,96.,142.,104.,9.6252798247
0.808730861049,Sample,14,4,46.,1,false,true,false,true,130.,96.,142.,104.,9.6252798247
0.808730861049,Sample,14,4,51.,1,false,true,false,true,130.,96.,142.,104.,9.6252798247
0.841651642513,Sample,14,4,1.,1,false,true,false,true,18.,16.,38.,34.,0.
0.841651642513,Sample,14,4,6.,1,false,true,false,true,58.,52.,54.,50.,9.75523801441
0.841651642513,Sample,14,4,11.,1,false,true,false,true,64.,56.,52.,48.,9.88040756677
0.841651642513,Sample,14,4,16.,1,false,true,false,true,64.,56.,52.,48.,9.88220906304
0.841651642513,Sample,14,4,21.,1,false,true,false,true,64.,56.,52.,48.,9.88223729089
0.841651642513,Sample,14,4,26.,1,false,true,false,true,64.,56.,52.,48.,9.88223776137
0.841651642513,Sample,14,4,31.,1,false,true,false,true,64.,56.,52.,48.,9.88223776957
0.841651642513,Sample,14,4,36.,1,false,true,false,true,64.,56.,52.,48.,9.88223776972
0.841651642513,Sample,14,4,41.,1,false,true,false,true,64.,56.,52.,48.,9.88223776972
0.841651642513,Sample,14,4,46.,1,false,true,false,true,64.,56.,52.,48.,9.88223776972
0.841651642513,Sample,14,4,51.,1,false,true,false,true,64.,56.,52.,48.,9.88223776972
1.28392355889,Voter,14,5,1.,1,false,true,false,true,20.,20.,40.,38.,0.
1.28392355889,Voter,14,5,6.,1,false,true,false,true,36.,32.,20.,20.,12.0923168109
1.28392355889,Voter,14,5,11.,1,false,true,false,true,36.,32.,20.,20.,12.5931933677
1.28392355889,Voter,14,5,16.,1,false,true,false,true,36.,32.,20.,20.,12.6150364997
1.28392355889,Voter,14,5,21.,1,false,true,false,true,36.,32.,20.,20.,12.6160318892
1.28392355889,Voter,14,5,26.,1,false,true,false,true,36.,32.,20.,20.,12.6160789368
1.28392355889,Voter,14,5,31.,1,false,true,false,true,36.,32.,20.,20.,12.6160812283
1.28392355889,Voter,14,5,36.,1,false,true,false,true,36.,32.,20.,20.,12.6160813426
1.28392355889,Voter,14,5,41.,1,false,true,false,true,36.,32.,20.,20.,12.6160813485
1.28392355889,Voter,14,5,46.,1,false,true,false,true,36.,32.,20.,20.,12.6160813488
1.28392355889,Voter,14,5,51.,1,false,true,false,true,36.,32.,20.,20.,12.6160813488
0.97621259333,Voter,14,5,1.,1,false,true,false,true,48.,38.,46.,38.,0.
0.97621259333,Voter,14,5,6.,1,false,true,false,true,64.,52.,38.,32.,10.6267275364
0.97621259333,Voter,14,5,11.,1,false,true,false,true,64.,52.,38.,32.,10.8387931321
0.97621259333,Voter,14,5,16.,1,false,true,false,true,64.,52.,38.,32.,10.8434103726
0.97621259333,Voter,14,5,21.,1,false,true,false,true,64.,52.,38.,32.,10.8435180244
0.97621259333,Voter,14,5,26.,1,false,true,false,true,64.,52.,38.,32.,10.8435206693
0.97621259333,Voter,14,5,31.,1,false,true,false,true,64.,52.,38.,32.,10.8435207369
0.97621259333,Voter,14,5,36.,1,false,true,false,true,64.,52.,38.,32.,10.8435207387
0.97621259333,Voter,14,5,41.,1,false,true,false,true,64.,52.,38.,32.,10.8435207387
0.97621259333,Voter,14,5,46.,1,false,true,false,true,64.,52.,38.,32.,10.8435207387
0.97621259333,Voter,14,5,51.,1,false,true,false,true,64.,52.,38.,32.,10.8435207387
1.37288914062,Voter,14,7,1.,1,false,true,false,true,56.,46.,72.,60.,0.
1.37288914062,Voter,14,7,6.,1,false,true,false,true,96.,76.,24.,20.,12.4062200146
1.37288914062,Voter,14,7,11.,1,false,true,false,true,96.,76.,24.,22.,13.0103857146
1.37288914062,Voter,14,7,16.,1,false,true,false,true,96.,76.,24.,22.,13.0411674431
1.37288914062,Voter,14,7,21.,1,false,true,false,true,96.,76.,24.,22.,13.0427984239
1.37288914062,Voter,14,7,26.,1,false,true,false,true,96.,76.,24.,22.,13.0428877522
1.37288914062,Voter,14,7,31.,1,false,true,false,true,96.,76.,24.,22.,13.0428927818
1.37288914062,Voter,14,7,36.,1,false,true,false,true,96.,76.,24.,22.,13.0428930716
1.37288914062,Voter,14,7,41.,1,false,true,false,true,96.,76.,24.,22.,13.0428930886
1.37288914062,Voter,14,7,46.,1,false,true,false,true,96.,76.,24.,22.,13.0428930896
1.37288914062,Voter,14,7,51.,1,false,true,false,true,96.,76.,24.,22.,13.0428930897
1.09904114307,Voter,14,5,1.,1,false,true,false,true,50.,40.,72.,58.,0.
1.09904114307,Voter,14,5,6.,1,false,true,false,true,78.,56.,56.,42.,11.2905399729
1.09904114307,Voter,14,5,11.,1,false,true,false,true,80.,56.,54.,42.,11.6037727476
1.09904114307,Voter,14,5,16.,1,false,true,false,true,80.,56.,54.,42.,11.613088634
1.09904114307,Voter,14,5,21.,1,false,true,false,true,80.,56.,54.,42.,11.6133819105
1.09904114307,Voter,14,5,26.,1,false,true,false,true,80.,56.,54.,42.,11.6133915702
1.09904114307,Voter,14,5,31.,1,false,true,false,true,80.,56.,54.,42.,11.6133918999
1.09904114307,Voter,14,5,36.,1,false,true,false,true,80.,56.,54.,42.,11.6133919115
1.09904114307,Voter,14,5,41.,1,false,true,false,true,80.,56.,54.,42.,11.6133919119
1.09904114307,Voter,14,5,46.,1,false,true,false,true,80.,56.,54.,42.,11.6133919119
1.09904114307,Voter,14,5,51.,1,false,true,false,true,80.,56.,54.,42.,11.6133919119
1.27142373532,Sample,14,4,1.,1,false,true,false,true,10.,10.,18.,18.,0.
1.27142373532,Sample,14,4,6.,1,false,true,false,true,42.,36.,26.,26.,12.0447273616
1.27142373532,Sample,14,4,11.,1,false,true,false,true,42.,36.,26.,26.,12.5317146135
1.27142373532,Sample,14,4,16.,1,false,true,false,true,42.,36.,26.,26.,12.552465242
1.27142373532,Sample,14,4,21.,1,false,true,false,true,42.,36.,26.,26.,12.5533898519
1.27142373532,Sample,14,4,26.,1,false,true,false,true,42.,36.,26.,26.,12.5534326059
1.27142373532,Sample,14,4,31.,1,false,true,false,true,42.,36.,26.,26.,12.5534346437
1.27142373532,Sample,14,4,36.,1,false,true,false,true,42.,36.,26.,26.,12.5534347433
1.27142373532,Sample,14,4,41.,1,false,true,false,true,42.,36.,26.,26.,12.5534347483
1.27142373532,Sample,14,4,46.,1,false,true,false,true,42.,36.,26.,26.,12.5534347485
1.27142373532,Sample,14,4,51.,1,false,true,false,true,42.,36.,26.,26.,12.5534347485
1.00108545885,Sample,14,6,1.,1,false,true,false,true,98.,82.,168.,136.,0.
1.00108545885,Sample,14,6,6.,1,false,true,false,true,228.,182.,270.,212.,10.770624183
1.00108545885,Sample,14,6,11.,1,false,true,false,true,230.,184.,272.,214.,11.0015348269
1.00108545885,Sample,14,6,16.,1,false,true,false,true,230.,184.,272.,214.,11.0069142015
1.00108545885,Sample,14,6,21.,1,false,true,false,true,230.,184.,272.,214.,11.007048053
1.00108545885,Sample,14,6,26.,1,false,true,false,true,230.,184.,272.,214.,11.0070515572
1.00108545885,Sample,14,6,31.,1,false,true,false,true,230.,184.,272.,214.,11.0070516526
1.00108545885,Sample,14,6,36.,1,false,true,false,true,230.,184.,272.,214.,11.0070516553
1.00108545885,Sample,14,6,41.,1,false,true,false,true,230.,184.,272.,214.,11.0070516554
1.00108545885,Sample,14,6,46.,1,false,true,false,true,230.,184.,272.,214.,11.0070516554
1.00108545885,Sample,14,6,51.,1,false,true,false,true,230.,184.,272.,214.,11.0070516554
1.07732030596,Voter,14,4,1.,1,false,true,false,true,8.,8.,12.,12.,0.
1.07732030596,Voter,14,4,6.,1,false,true,false,true,18.,16.,6.,6.,11.1814261065
1.07732030596,Voter,14,4,11.,1,false,true,false,true,18.,16.,6.,6.,11.4753151434
1.07732030596,Voter,14,4,16.,1,false,true,false,true,18.,16.,6.,6.,11.4836184451
1.07732030596,Voter,14,4,21.,1,false,true,false,true,18.,16.,6.,6.,11.4838672251
1.07732030596,Voter,14,4,26.,1,false,true,false,true,18.,16.,6.,6.,11.4838750328
1.07732030596,Voter,14,4,31.,1,false,true,false,true,18.,16.,6.,6.,11.483875287
1.07732030596,Voter,14,4,36.,1,false,true,false,true,18.,16.,6.,6.,11.4838752955
1.07732030596,Voter,14,4,41.,1,false,true,false,true,18.,16.,6.,6.,11.4838752958
1.07732030596,Voter,14,4,46.,1,false,true,false,true,18.,16.,6.,6.,11.4838752958
1.07732030596,Voter,14,4,51.,1,false,true,false,true,18.,16.,6.,6.,11.4838752958
0.842506539616,Sample,14,7,1.,1,false,true,false,true,106.,82.,180.,136.,0.
0.842506539616,Sample,14,7,6.,1,false,true,false,true,226.,172.,200.,148.,9.76130515977
0.842506539616,Sample,14,7,11.,1,false,true,false,true,230.,172.,200.,146.,9.88694566898
0.842506539616,Sample,14,7,16.,1,false,true,false,true,230.,172.,200.,146.,9.88875923138
0.842506539616,Sample,14,7,21.,1,false,true,false,true,230.,172.,200.,146.,9.88878772797
0.842506539616,Sample,14,7,26.,1,false,true,false,true,230.,172.,200.,146.,9.88878820422
0.842506539616,Sample,14,7,31.,1,false,true,false,true,230.,172.,200.,146.,9.88878821255
0.842506539616,Sample,14,7,36.,1,false,true,false,true,230.,172.,200.,146.,9.8887882127
0.842506539616,Sample,14,7,41.,1,false,true,false,true,230.,172.,200.,146.,9.88878821271
0.842506539616,Sample,14,7,46.,1,false,true,false,true,230.,172.,200.,146.,9.88878821271
0.842506539616,Sample,14,7,51.,1,false,true,false,true,230.,172.,200.,146.,9.88878821271
1.04486429311,Sample,14,5,1.,1,false,true,false,true,30.,30.,68.,62.,0.
1.04486429311,Sample,14,5,6.,1,false,true,false,true,92.,82.,78.,78.,11.0119486401
1.04486429311,Sample,14,5,11.,1,false,true,false,true,92.,82.,78.,78.,11.2780776861
1.04486429311,Sample,14,5,16.,1,false,true,false,true,92.,82.,78.,78.,11.2850213424
1.04486429311,Sample,14,5,21.,1,false,true,false,true,92.,82.,78.,78.,11.2852140264
1.04486429311,Sample,14,5,26.,1,false,true,false,true,92.,82.,78.,78.,11.2852196374
1.04486429311,Sample,14,5,31.,1,false,true,false,true,92.,82.,78.,78.,11.2852198071
1.04486429311,Sample,14,5,36.,1,false,true,false,true,92.,82.,78.,78.,11.2852198124
1.04486429311,Sample,14,5,41.,1,false,true,false,true,92.,82.,78.,78.,11.2852198125
1.04486429311,Sample,14,5,46.,1,false,true,false,true,92.,82.,78.,78.,11.2852198126
1.04486429311,Sample,14,5,51.,1,false,true,false,true,92.,82.,78.,78.,11.2852198126
0.827660970279,Sample,14,6,1.,1,false,true,false,true,66.,56.,126.,102.,0.
0.827660970279,Sample,14,6,6.,1,false,true,false,true,140.,112.,140.,102.,9.65491993077
0.827660970279,Sample,14,6,11.,1,false,true,false,true,142.,112.,138.,102.,9.77252959779
0.827660970279,Sample,14,6,16.,1,false,true,false,true,142.,112.,138.,102.,9.77414234402
0.827660970279,Sample,14,6,21.,1,false,true,false,true,142.,112.,138.,102.,9.77416646902
0.827660970279,Sample,14,6,26.,1,false,true,false,true,142.,112.,138.,102.,9.7741668533
0.827660970279,Sample,14,6,31.,1,false,true,false,true,142.,112.,138.,102.,9.77416685971
0.827660970279,Sample,14,6,36.,1,false,true,false,true,142.,112.,138.,102.,9.77416685982
0.827660970279,Sample,14,6,41.,1,false,true,false,true,142.,112.,138.,102.,9.77416685982
0.827660970279,Sample,14,6,46.,1,false,true,false,true,142.,112.,138.,102.,9.77416685982
0.827660970279,Sample,14,6,51.,1,false,true,false,true,142.,112.,138.,102.,9.77416685982
0.804327781884,Voter,14,7,1.,1,false,true,false,true,34.,30.,52.,48.,0.
0.804327781884,Voter,14,7,6.,1,false,true,false,true,64.,54.,22.,20.,9.48323177727
0.804327781884,Voter,14,7,11.,1,false,true,false,true,64.,54.,22.,20.,9.58885008359
0.804327781884,Voter,14,7,16.,1,false,true,false,true,64.,54.,22.,20.,9.59018268877
0.804327781884,Voter,14,7,21.,1,false,true,false,true,64.,54.,22.,20.,9.59020109426
0.804327781884,Voter,14,7,26.,1,false,true,false,true,64.,54.,22.,20.,9.59020136545
0.804327781884,Voter,14,7,31.,1,false,true,false,true,64.,54.,22.,20.,9.59020136964
0.804327781884,Voter,14,7,36.,1,false,true,false,true,64.,54.,22.,20.,9.5902013697
0.804327781884,Voter,14,7,41.,1,false,true,false,true,64.,54.,22.,20.,9.59020136971
0.804327781884,Voter,14,7,46.,1,false,true,false,true,64.,54.,22.,20.,9.59020136971
0.804327781884,Voter,14,7,51.,1,false,true,false,true,64.,54.,22.,20.,9.59020136971
0.992860017256,Voter,14,7,1.,1,false,true,false,true,34.,30.,48.,44.,0.
0.992860017256,Voter,14,7,6.,1,false,true,false,true,80.,66.,18.,16.,10.7235939319
0.992860017256,Voter,14,7,11.,1,false,true,false,true,80.,66.,18.,16.,10.9481782369
0.992860017256,Voter,14,7,16.,1,false,true,false,true,80.,66.,18.,16.,10.9532958903
0.992860017256,Voter,14,7,21.,1,false,true,false,true,80.,66.,18.,16.,10.9534205514
0.992860017256,Voter,14,7,26.,1,false,true,false,true,80.,66.,18.,16.,10.953423748
0.992860017256,Voter,14,7,31.,1,false,true,false,true,80.,66.,18.,16.,10.9534238332
0.992860017256,Voter,14,7,36.,1,false,true,false,true,80.,66.,18.,16.,10.9534238356
0.992860017256,Voter,14,7,41.,1,false,true,false,true,80.,66.,18.,16.,10.9534238357
0.992860017256,Voter,14,7,46.,1,false,true,false,true,80.,66.,18.,16.,10.9534238357
0.992860017256,Voter,14,7,51.,1,false,true,false,true,80.,66.,18.,16.,10.9534238357
1.37533196839,Voter,14,6,1.,1,false,true,false,true,30.,28.,44.,44.,0.
1.37533196839,Voter,14,6,6.,1,false,true,false,true,70.,54.,36.,32.,12.4142505827
1.37533196839,Voter,14,6,11.,1,false,true,false,true,70.,54.,36.,32.,13.0213561743
1.37533196839,Voter,14,6,16.,1,false,true,false,true,70.,54.,36.,32.,13.0524132192
1.37533196839,Voter,14,6,21.,1,false,true,false,true,70.,54.,36.,32.,13.0540652668
1.37533196839,Voter,14,6,26.,1,false,true,false,true,70.,54.,36.,32.,13.0541560972
1.37533196839,Voter,14,6,31.,1,false,true,false,true,70.,54.,36.,32.,13.0541612308
1.37533196839,Voter,14,6,36.,1,false,true,false,true,70.,54.,36.,32.,13.0541615276
1.37533196839,Voter,14,6,41.,1,false,true,false,true,70.,54.,36.,32.,13.0541615451
1.37533196839,Voter,14,6,46.,1,false,true,false,true,70.,54.,36.,32.,13.0541615462
1.37533196839,Voter,14,6,51.,1,false,true,false,true,70.,54.,36.,32.,13.0541615462
1.29726967372,Voter,14,4,1.,1,false,true,false,true,24.,24.,20.,18.,0.
1.29726967372,Voter,14,4,6.,1,false,true,false,true,36.,30.,24.,20.,12.1421514713
1.29726967372,Voter,14,4,11.,1,false,true,false,true,36.,30.,24.,20.,12.6580337476
1.29726967372,Voter,14,4,16.,1,false,true,false,true,36.,30.,24.,20.,12.6810864837
1.29726967372,Voter,14,4,21.,1,false,true,false,true,36.,30.,24.,20.,12.6821620942
1.29726967372,Voter,14,4,26.,1,false,true,false,true,36.,30.,24.,20.,12.6822141201
1.29726967372,Voter,14,4,31.,1,false,true,false,true,36.,30.,24.,20.,12.6822167122
1.29726967372,Voter,14,4,36.,1,false,true,false,true,36.,30.,24.,20.,12.6822168446
1.29726967372,Voter,14,4,41.,1,false,true,false,true,36.,30.,24.,20.,12.6822168515
1.29726967372,Voter,14,4,46.,1,false,true,false,true,36.,30.,24.,20.,12.6822168518
1.29726967372,Voter,14,4,51.,1,false,true,false,true,36.,30.,24.,20.,12.6822168519
1.13168989362,Voter,14,4,1.,1,false,true,false,true,34.,30.,46.,38.,0.
1.13168989362,Voter,14,4,6.,1,false,true,false,true,48.,40.,48.,42.,11.4482806744
1.13168989362,Voter,14,4,11.,1,false,true,false,true,48.,40.,48.,42.,11.7917154197
1.13168989362,Voter,14,4,16.,1,false,true,false,true,48.,40.,48.,42.,11.8027181774
1.13168989362,Voter,14,4,21.,1,false,true,false,true,48.,40.,48.,42.,11.803090324
1.13168989362,Voter,14,4,26.,1,false,true,false,true,48.,40.,48.,42.,11.8031034708
1.13168989362,Voter,14,4,31.,1,false,true,false,true,48.,40.,48.,42.,11.8031039515
1.13168989362,Voter,14,4,36.,1,false,true,false,true,48.,40.,48.,42.,11.8031039696
1.13168989362,Voter,14,4,41.,1,false,true,false,true,48.,40.,48.,42.,11.8031039703
1.13168989362,Voter,14,4,46.,1,false,true,false,true,48.,40.,48.,42.,11.8031039703
1.13168989362,Voter,14,4,51.,1,false,true,false,true,48.,40.,48.,42.,11.8031039703
1.19973235248,Sample,14,7,1.,1,false,true,false,true,100.,80.,190.,140.,0.
1.19973235248,Sample,14,7,6.,1,false,true,false,true,248.,180.,274.,192.,11.7540030541
1.19973235248,Sample,14,7,11.,1,false,true,false,true,260.,184.,270.,192.,12.1645557578
1.19973235248,Sample,14,7,16.,1,false,true,false,true,260.,184.,270.,192.,12.1797634356
1.19973235248,Sample,14,7,21.,1,false,true,false,true,260.,184.,270.,192.,12.1803552106
1.19973235248,Sample,14,7,26.,1,false,true,false,true,260.,184.,270.,192.,12.1803791827
1.19973235248,Sample,14,7,31.,1,false,true,false,true,260.,184.,270.,192.,12.1803801859
1.19973235248,Sample,14,7,36.,1,false,true,false,true,260.,184.,270.,192.,12.180380229
1.19973235248,Sample,14,7,41.,1,false,true,false,true,260.,184.,270.,192.,12.1803802309
1.19973235248,Sample,14,7,46.,1,false,true,false,true,260.,184.,270.,192.,12.1803802309
1.19973235248,Sample,14,7,51.,1,false,true,false,true,260.,184.,270.,192.,12.1803802309
1.19422939107,Sample,14,7,1.,1,false,true,false,true,72.,62.,160.,124.,0.
1.19422939107,Sample,14,7,6.,1,false,true,false,true,274.,216.,306.,234.,11.7303899032
1.19422939107,Sample,14,7,11.,1,false,true,false,true,292.,220.,296.,234.,12.1353118366
1.19422939107,Sample,14,7,16.,1,false,true,false,true,292.,220.,296.,234.,12.1501427875
1.19422939107,Sample,14,7,21.,1,false,true,false,true,292.,220.,296.,234.,12.1507136485
1.19422939107,Sample,14,7,26.,1,false,true,false,true,292.,220.,296.,234.,12.1507365287
1.19422939107,Sample,14,7,31.,1,false,true,false,true,292.,220.,296.,234.,12.1507374761
1.19422939107,Sample,14,7,36.,1,false,true,false,true,292.,220.,296.,234.,12.1507375164
1.19422939107,Sample,14,7,41.,1,false,true,false,true,292.,220.,296.,234.,12.1507375182
1.19422939107,Sample,14,7,46.,1,false,true,false,true,292.,220.,296.,234.,12.1507375182
1.19422939107,Sample,14,7,51.,1,false,true,false,true,292.,220.,296.,234.,12.1507375182
1.35816610214,Sample,14,6,1.,1,false,true,false,true,64.,58.,142.,116.,0.
1.35816610214,Sample,14,6,6.,1,false,true,false,true,188.,154.,242.,180.,12.3571728583
1.35816610214,Sample,14,6,11.,1,false,true,false,true,210.,170.,240.,182.,12.9437323216
1.35816610214,Sample,14,6,16.,1,false,true,false,true,210.,170.,240.,182.,12.9728893834
1.35816610214,Sample,14,6,21.,1,false,true,false,true,210.,170.,240.,182.,12.9743977783
1.35816610214,Sample,14,6,26.,1,false,true,false,true,210.,170.,240.,182.,12.9744784839
1.35816610214,Sample,14,6,31.,1,false,true,false,true,210.,170.,240.,182.,12.9744829246
1.35816610214,Sample,14,6,36.,1,false,true,false,true,210.,170.,240.,182.,12.9744831747
1.35816610214,Sample,14,6,41.,1,false,true,false,true,210.,170.,240.,182.,12.9744831891
1.35816610214,Sample,14,6,46.,1,false,true,false,true,210.,170.,240.,182.,12.9744831899
1.35816610214,Sample,14,6,51.,1,false,true,false,true,210.,170.,240.,182.,12.97448319
1.1667857704,Voter,14,5,1.,1,false,true,false,true,32.,32.,38.,34.,0.
1.1667857704,Voter,14,5,6.,1,false,true,false,true,54.,44.,28.,28.,11.6097491657
1.1667857704,Voter,14,5,11.,1,false,true,false,true,56.,46.,30.,30.,11.9871152011
1.1667857704,Voter,14,5,16.,1,false,true,false,true,56.,46.,30.,30.,12.0001656157
1.1667857704,Voter,14,5,21.,1,false,true,false,true,56.,46.,30.,30.,12.0006408345
1.1667857704,Voter,14,5,26.,1,false,true,false,true,56.,46.,30.,30.,12.000658877
1.1667857704,Voter,14,5,31.,1,false,true,false,true,56.,46.,30.,30.,12.0006595854
1.1667857704,Voter,14,5,36.,1,false,true,false,true,56.,46.,30.,30.,12.0006596139
1.1667857704,Voter,14,5,41.,1,false,true,false,true,56.,46.,30.,30.,12.0006596151
1.1667857704,Voter,14,5,46.,1,false,true,false,true,56.,46.,30.,30.,12.0006596152
1.1667857704,Voter,14,5,51.,1,false,true,false,true,56.,46.,30.,30.,12.0006596152
0.818136371777,Sample,14,5,1.,1,false,true,false,true,20.,20.,76.,60.,0.
0.818136371777,Sample,14,5,6.,1,false,true,false,true,78.,66.,46.,46.,9.58550542323
0.818136371777,Sample,14,5,11.,1,false,true,false,true,80.,66.,44.,44.,9.69812725025
0.818136371777,Sample,14,5,16.,1,false,true,false,true,80.,66.,44.,44.,9.69962058476
0.818136371777,Sample,14,5,21.,1,false,true,false,true,80.,66.,44.,44.,9.69964221571
0.818136371777,Sample,14,5,26.,1,false,true,false,true,80.,66.,44.,44.,9.6996425496
0.818136371777,Sample,14,5,31.,1,false,true,false,true,80.,66.,44.,44.,9.699642555
0.818136371777,Sample,14,5,36.,1,false,true,false,true,80.,66.,44.,44.,9.69964255509
0.818136371777,Sample,14,5,41.,1,false,true,false,true,80.,66.,44.,44.,9.69964255509
0.818136371777,Sample,14,5,46.,1,false,true,false,true,80.,66.,44.,44.,9.69964255509
0.818136371777,Sample,14,5,51.,1,false,true,false,true,80.,66.,44.,44.,9.69964255509
0.972933287166,Sample,14,6,1.,1,false,true,false,true,14.,14.,72.,58.,0.
0.972933287166,Sample,14,6,6.,1,false,true,false,true,90.,80.,48.,48.,10.6073776105
0.972933287166,Sample,14,6,11.,1,false,true,false,true,90.,80.,48.,48.,10.8170224104
0.972933287166,Sample,14,6,16.,1,false,true,false,true,90.,80.,48.,48.,10.8215455772
0.972933287166,Sample,14,6,21.,1,false,true,false,true,90.,80.,48.,48.,10.8216501165
0.972933287166,Sample,14,6,26.,1,false,true,false,true,90.,80.,48.,48.,10.8216526631
0.972933287166,Sample,14,6,31.,1,false,true,false,true,90.,80.,48.,48.,10.8216527277
0.972933287166,Sample,14,6,36.,1,false,true,false,true,90.,80.,48.,48.,10.8216527294
0.972933287166,Sample,14,6,41.,1,false,true,false,true,90.,80.,48.,48.,10.8216527294
0.972933287166,Sample,14,6,46.,1,false,true,false,true,90.,80.,48.,48.,10.8216527294
0.972933287166,Sample,14,6,51.,1,false,true,false,true,90.,80.,48.,48.,10.8216527294
1.07134756029,Voter,14,3,1.,1,false,true,false,true,18.,16.,44.,38.,0.
1.07134756029,Voter,14,3,6.,1,false,true,false,true,26.,22.,52.,44.,11.1508234352
1.07134756029,Voter,14,3,11.,1,false,true,false,true,26.,22.,52.,44.,11.439500218
1.07134756029,Voter,14,3,16.,1,false,true,false,true,26.,22.,52.,44.,11.447539797
1.07134756029,Voter,14,3,21.,1,false,true,false,true,26.,22.,52.,44.,11.4477773599
1.07134756029,Voter,14,3,26.,1,false,true,false,true,26.,22.,52.,44.,11.4477847153
1.07134756029,Voter,14,3,31.,1,false,true,false,true,26.,22.,52.,44.,11.4477849516
1.07134756029,Voter,14,3,36.,1,false,true,false,true,26.,22.,52.,44.,11.4477849594
1.07134756029,Voter,14,3,41.,1,false,true,false,true,26.,22.,52.,44.,11.4477849597
1.07134756029,Voter,14,3,46.,1,false,true,false,true,26.,22.,52.,44.,11.4477849597
1.07134756029,Voter,14,3,51.,1,false,true,false,true,26.,22.,52.,44.,11.4477849597
0.933265420437,Voter,14,3,1.,1,false,true,false,true,8.,8.,10.,10.,0.
0.933265420437,Voter,14,3,6.,1,false,true,false,true,14.,14.,8.,8.,10.3661308265
0.933265420437,Voter,14,3,11.,1,false,true,false,true,14.,14.,8.,8.,10.5476817573
0.933265420437,Voter,14,3,16.,1,false,true,false,true,14.,14.,8.,8.,10.5511776646
0.933265420437,Voter,14,3,21.,1,false,true,false,true,14.,14.,8.,8.,10.551250096
0.933265420437,Voter,14,3,26.,1,false,true,false,true,14.,14.,8.,8.,10.5512516818
0.933265420437,Voter,14,3,31.,1,false,true,false,true,14.,14.,8.,8.,10.551251718
0.933265420437,Voter,14,3,36.,1,false,true,false,true,14.,14.,8.,8.,10.5512517189
0.933265420437,Voter,14,3,41.,1,false,true,false,true,14.,14.,8.,8.,10.5512517189
0.933265420437,Voter,14,3,46.,1,false,true,false,true,14.,14.,8.,8.,10.5512517189
0.933265420437,Voter,14,3,51.,1,false,true,false,true,14.,14.,8.,8.,10.5512517189
1.09434520061,Sample,14,4,1.,1,false,true,false,true,4.,4.,20.,20.,0.
1.09434520061,Sample,14,4,6.,1,false,true,false,true,46.,40.,26.,26.,11.2672367624
1.09434520061,Sample,14,4,11.,1,false,true,false,true,46.,40.,26.,26.,11.5762362112
1.09434520061,Sample,14,4,16.,1,false,true,false,true,46.,40.,26.,26.,11.5853259495
1.09434520061,Sample,14,4,21.,1,false,true,false,true,46.,40.,26.,26.,11.5856090961
1.09434520061,Sample,14,4,26.,1,false,true,false,true,46.,40.,26.,26.,11.5856183264
1.09434520061,Sample,14,4,31.,1,false,true,false,true,46.,40.,26.,26.,11.5856186382
1.09434520061,Sample,14,4,36.,1,false,true,false,true,46.,40.,26.,26.,11.5856186491
1.09434520061,Sample,14,4,41.,1,false,true,false,true,46.,40.,26.,26.,11.5856186495
1.09434520061,Sample,14,4,46.,1,false,true,false,true,46.,40.,26.,26.,11.5856186495
1.09434520061,Sample,14,4,51.,1,false,true,false,true,46.,40.,26.,26.,11.5856186495
1.23259415426,Voter,14,7,1.,1,false,true,false,true,46.,42.,58.,56.,0.
1.23259415426,Voter,14,7,6.,1,false,true,false,true,102.,90.,34.,32.,11.8911019368
1.23259415426,Voter,14,7,11.,1,false,true,false,true,102.,90.,34.,32.,12.3359926018
1.23259415426,Voter,14,7,16.,1,false,true,false,true,102.,90.,34.,32.,12.3535918313
1.23259415426,Voter,14,7,21.,1,false,true,false,true,102.,90.,34.,32.,12.3543216077
1.23259415426,Voter,14,7,26.,1,false,true,false,true,102.,90.,34.,32.,12.3543530633
1.23259415426,Voter,14,7,31.,1,false,true,false,true,102.,90.,34.,32.,12.3543544625
1.23259415426,Voter,14,7,36.,1,false,true,false,true,102.,90.,34.,32.,12.3543545264
1.23259415426,Voter,14,7,41.,1,false,true,false,true,102.,90.,34.,32.,12.3543545294
1.23259415426,Voter,14,7,46.,1,false,true,false,true,102.,90.,34.,32.,12.3543545295
1.23259415426,Voter,14,7,51.,1,false,true,false,true,102.,90.,34.,32.,12.3543545295
1.25366467048,Sample,14,7,1.,1,false,true,false,true,96.,86.,194.,156.,0.
1.25366467048,Sample,14,7,6.,1,false,true,false,true,242.,200.,272.,222.,11.97556626
1.25366467048,Sample,14,7,11.,1,false,true,false,true,254.,204.,268.,222.,12.4431004575
1.25366467048,Sample,14,7,16.,1,false,true,false,true,256.,206.,266.,222.,12.4623648761
1.25366467048,Sample,14,7,21.,1,false,true,false,true,256.,206.,266.,222.,12.4631958344
1.25366467048,Sample,14,7,26.,1,false,true,false,true,256.,206.,266.,222.,12.463233058
1.25366467048,Sample,14,7,31.,1,false,true,false,true,256.,206.,266.,222.,12.4632347777
1.25366467048,Sample,14,7,36.,1,false,true,false,true,256.,206.,266.,222.,12.4632348592
1.25366467048,Sample,14,7,41.,1,false,true,false,true,256.,206.,266.,222.,12.4632348632
1.25366467048,Sample,14,7,46.,1,false,true,false,true,256.,206.,266.,222.,12.4632348634
1.25366467048,Sample,14,7,51.,1,false,true,false,true,256.,206.,266.,222.,12.4632348634
1.07374705789,Sample,14,7,1.,1,false,true,false,true,64.,56.,132.,102.,0.
1.07374705789,Sample,14,7,6.,1,false,true,false,true,172.,142.,152.,130.,11.16314915
1.07374705789,Sample,14,7,11.,1,false,true,false,true,172.,142.,152.,130.,11.4539143319
1.07374705789,Sample,14,7,16.,1,false,true,false,true,172.,142.,152.,130.,11.4620591105
1.07374705789,Sample,14,7,21.,1,false,true,false,true,172.,142.,152.,130.,11.4623011291
1.07374705789,Sample,14,7,26.,1,false,true,false,true,172.,142.,152.,130.,11.4623086635
1.07374705789,Sample,14,7,31.,1,false,true,false,true,172.,142.,152.,130.,11.4623089067
1.07374705789,Sample,14,7,36.,1,false,true,false,true,172.,142.,152.,130.,11.4623089148
1.07374705789,Sample,14,7,41.,1,false,true,false,true,172.,142.,152.,130.,11.4623089151
1.07374705789,Sample,14,7,46.,1,false,true,false,true,172.,142.,152.,130.,11.4623089151
1.07374705789,Sample,14,7,51.,1,false,true,false,true,172.,142.,152.,130.,11.4623089151
1.11529470195,Sample,14,6,1.,1,false,true,false,true,26.,26.,102.,86.,0.
1.11529470195,Sample,14,6,6.,1,false,true,false,true,114.,92.,90.,76.,11.3699947134
1.11529470195,Sample,14,6,11.,1,false,true,false,true,116.,94.,80.,72.,11.6980958693
1.11529470195,Sample,14,6,16.,1,false,true,false,true,116.,94.,80.,72.,11.7082261349
1.11529470195,Sample,14,6,21.,1,false,true,false,true,116.,94.,80.,72.,11.7085567729
1.11529470195,Sample,14,6,26.,1,false,true,false,true,116.,94.,80.,72.,11.7085680538
1.11529470195,Sample,14,6,31.,1,false,true,false,true,116.,94.,80.,72.,11.7085684525
1.11529470195,Sample,14,6,36.,1,false,true,false,true,116.,94.,80.,72.,11.708568467
1.11529470195,Sample,14,6,41.,1,false,true,false,true,116.,94.,80.,72.,11.7085684675
1.11529470195,Sample,14,6,46.,1,false,true,false,true,116.,94.,80.,72.,11.7085684676
1.11529470195,Sample,14,6,51.,1,false,true,false,true,116.,94.,80.,72.,11.7085684676
1.15091310572,Sample,14,4,1.,1,false,true,false,true,44.,44.,68.,56.,0.
1.15091310572,Sample,14,4,6.,1,false,true,false,true,82.,70.,82.,64.,11.5377395366
1.15091310572,Sample,14,4,11.,1,false,true,false,true,84.,70.,80.,62.,11.8995748497
1.15091310572,Sample,14,4,16.,1,false,true,false,true,84.,70.,80.,62.,11.9116681089
1.15091310572,Sample,14,4,21.,1,false,true,false,true,84.,70.,80.,62.,11.9120941905
1.15091310572,Sample,14,4,26.,1,false,true,false,true,84.,70.,80.,62.,11.9121098548
1.15091310572,Sample,14,4,31.,1,false,true,false,true,84.,70.,80.,62.,11.9121104507
1.15091310572,Sample,14,4,36.,1,false,true,false,true,84.,70.,80.,62.,11.9121104739
1.15091310572,Sample,14,4,41.,1,false,true,false,true,84.,70.,80.,62.,11.9121104749
1.15091310572,Sample,14,4,46.,1,false,true,false,true,84.,70.,80.,62.,11.9121104749
1.15091310572,Sample,14,4,51.,1,false,true,false,true,84.,70.,80.,62.,11.9121104749
1.05131668463,Voter,14,3,1.,1,false,true,false,true,0.,0.,8.,8.,0.
1.05131668463,Voter,14,3,6.,1,false,true,false,true,26.,26.,26.,26.,11.0462677663
1.05131668463,Voter,14,3,11.,1,false,true,false,true,26.,26.,26.,26.,11.3178050443
1.05131668463,Voter,14,3,16.,1,false,true,false,true,26.,26.,26.,26.,11.3250048907
1.05131668463,Voter,14,3,21.,1,false,true,false,true,26.,26.,26.,26.,11.3252078086
1.05131668463,Voter,14,3,26.,1,false,true,false,true,26.,26.,26.,26.,11.3252138079
1.05131668463,Voter,14,3,31.,1,false,true,false,true,26.,26.,26.,26.,11.325213992
1.05131668463,Voter,14,3,36.,1,false,true,false,true,26.,26.,26.,26.,11.3252139978
1.05131668463,Voter,14,3,41.,1,false,true,false,true,26.,26.,26.,26.,11.325213998
1.05131668463,Voter,14,3,46.,1,false,true,false,true,26.,26.,26.,26.,11.325213998
1.05131668463,Voter,14,3,51.,1,false,true,false,true,26.,26.,26.,26.,11.325213998
1.24543552257,Sample,14,7,1.,1,false,true,false,true,78.,70.,168.,142.,0.
1.24543552257,Sample,14,7,6.,1,false,true,false,true,246.,190.,280.,220.,11.9428926456
1.24543552257,Sample,14,7,11.,1,false,true,false,true,256.,198.,286.,224.,12.4015262533
1.24543552257,Sample,14,7,16.,1,false,true,false,true,256.,198.,286.,224.,12.4201278021
1.24543552257,Sample,14,7,21.,1,false,true,false,true,256.,198.,286.,224.,12.4209179984
1.24543552257,Sample,14,7,26.,1,false,true,false,true,256.,198.,286.,224.,12.4209528715
1.24543552257,Sample,14,7,31.,1,false,true,false,true,256.,198.,286.,224.,12.4209544592
1.24543552257,Sample,14,7,36.,1,false,true,false,true,256.,198.,286.,224.,12.4209545333
1.24543552257,Sample,14,7,41.,1,false,true,false,true,256.,198.,286.,224.,12.4209545368
1.24543552257,Sample,14,7,46.,1,false,true,false,true,256.,198.,286.,224.,12.420954537
1.24543552257,Sample,14,7,51.,1,false,true,false,true,256.,198.,286.,224.,12.420954537
1.3598927158,Sample,14,4,1.,1,false,true,false,true,22.,22.,42.,36.,0.
1.3598927158,Sample,14,4,6.,1,false,true,false,true,112.,94.,128.,104.,12.3629825216
1.3598927158,Sample,14,4,11.,1,false,true,false,true,114.,94.,130.,104.,12.9515966301
1.3598927158,Sample,14,4,16.,1,false,true,false,true,114.,94.,130.,104.,12.9809411575
1.3598927158,Sample,14,4,21.,1,false,true,false,true,114.,94.,130.,104.,12.9824635447
1.3598927158,Sample,14,4,26.,1,false,true,false,true,114.,94.,130.,104.,12.9825452241
1.3598927158,Sample,14,4,31.,1,false,true,false,true,114.,94.,130.,104.,12.9825497306
1.3598927158,Sample,14,4,36.,1,false,true,false,true,114.,94.,130.,104.,12.9825499851
1.3598927158,Sample,14,4,41.,1,false,true,false,true,114.,94.,130.,104.,12.9825499998
1.3598927158,Sample,14,4,46.,1,false,true,false,true,114.,94.,130.,104.,12.9825500006
1.3598927158,Sample,14,4,51.,1,false,true,false,true,114.,94.,130.,104.,12.9825500007
0.8808230608,Voter,14,3,1.,1,false,true,false,true,8.,8.,12.,10.,0.
0.8808230608,Voter,14,3,6.,1,false,true,false,true,14.,14.,10.,10.,10.0259824267
0.8808230608,Voter,14,3,11.,1,false,true,false,true,14.,14.,10.,10.,10.1737989332
0.8808230608,Voter,14,3,16.,1,false,true,false,true,14.,14.,10.,10.,10.1762209706
0.8808230608,Voter,14,3,21.,1,false,true,false,true,14.,14.,10.,10.,10.1762639486
0.8808230608,Voter,14,3,26.,1,false,true,false,true,14.,14.,10.,10.,10.1762647575
0.8808230608,Voter,14,3,31.,1,false,true,false,true,14.,14.,10.,10.,10.1762647734
0.8808230608,Voter,14,3,36.,1,false,true,false,true,14.,14.,10.,10.,10.1762647737
0.8808230608,Voter,14,3,41.,1,false,true,false,true,14.,14.,10.,10.,10.1762647737
0.8808230608,Voter,14,3,46.,1,false,true,false,true,14.,14.,10.,10.,10.1762647737
0.8808230608,Voter,14,3,51.,1,false,true,false,true,14.,14.,10.,10.,10.1762647737
1.3301441162,Voter,14,6,1.,1,false,true,false,true,14.,14.,54.,48.,0.
1.3301441162,Voter,14,6,6.,1,false,true,false,true,52.,50.,36.,32.,12.2607024919
1.3301441162,Voter,14,6,11.,1,false,true,false,true,52.,50.,36.,32.,12.8143001743
1.3301441162,Voter,14,6,16.,1,false,true,false,true,52.,50.,36.,32.,12.8405269869
1.3301441162,Voter,14,6,21.,1,false,true,false,true,52.,50.,36.,32.,12.8418219898
1.3301441162,Voter,14,6,26.,1,false,true,false,true,52.,50.,36.,32.,12.8418881915
1.3301441162,Voter,14,6,31.,1,false,true,false,true,52.,50.,36.,32.,12.8418916744
1.3301441162,Voter,14,6,36.,1,false,true,false,true,52.,50.,36.,32.,12.8418918621
1.3301441162,Voter,14,6,41.,1,false,true,false,true,52.,50.,36.,32.,12.8418918724
1.3301441162,Voter,14,6,46.,1,false,true,false,true,52.,50.,36.,32.,12.841891873
1.3301441162,Voter,14,6,51.,1,false,true,false,true,52.,50.,36.,32.,12.841891873
0.927590147241,Voter,14,6,1.,1,false,true,false,true,44.,44.,64.,58.,0.
0.927590147241,Voter,14,6,6.,1,false,true,false,true,84.,76.,44.,42.,10.3305082671
0.927590147241,Voter,14,6,11.,1,false,true,false,true,84.,76.,44.,42.,10.5082205229
0.927590147241,Voter,14,6,16.,1,false,true,false,true,84.,76.,44.,42.,10.5115853699
0.927590147241,Voter,14,6,21.,1,false,true,false,true,84.,76.,44.,42.,10.5116539673
0.927590147241,Voter,14,6,26.,1,false,true,false,true,84.,76.,44.,42.,10.5116554456
0.927590147241,Voter,14,6,31.,1,false,true,false,true,84.,76.,44.,42.,10.5116554789
0.927590147241,Voter,14,6,36.,1,false,true,false,true,84.,76.,44.,42.,10.5116554796
0.927590147241,Voter,14,6,41.,1,false,true,false,true,84.,76.,44.,42.,10.5116554797
0.927590147241,Voter,14,6,46.,1,false,true,false,true,84.,76.,44.,42.,10.5116554797
0.927590147241,Voter,14,6,51.,1,false,true,false,true,84.,76.,44.,42.,10.5116554797
1.05880281957,Voter,14,7,1.,1,false,true,false,true,38.,34.,48.,48.,0.
1.05880281957,Voter,14,7,6.,1,false,true,false,true,80.,70.,14.,14.,11.0856927169
1.05880281957,Voter,14,7,11.,1,false,true,false,true,80.,70.,14.,14.,11.3635737748
1.05880281957,Voter,14,7,16.,1,false,true,false,true,80.,70.,14.,14.,11.3710795058
1.05880281957,Voter,14,7,21.,1,false,true,false,true,80.,70.,14.,14.,11.3712948511
1.05880281957,Voter,14,7,26.,1,false,true,false,true,80.,70.,14.,14.,11.3713013296
1.05880281957,Voter,14,7,31.,1,false,true,false,true,80.,70.,14.,14.,11.3713015318
1.05880281957,Voter,14,7,36.,1,false,true,false,true,80.,70.,14.,14.,11.3713015383
1.05880281957,Voter,14,7,41.,1,false,true,false,true,80.,70.,14.,14.,11.3713015385
1.05880281957,Voter,14,7,46.,1,false,true,false,true,80.,70.,14.,14.,11.3713015385
1.05880281957,Voter,14,7,51.,1,false,true,false,true,80.,70.,14.,14.,11.3713015385
1.21325221652,Sample,14,4,1.,1,false,true,false,true,6.,6.,22.,20.,0.
1.21325221652,Sample,14,4,6.,1,false,true,false,true,34.,32.,26.,26.,11.8112126339
1.21325221652,Sample,14,4,11.,1,false,true,false,true,34.,32.,26.,26.,12.2357458138
1.21325221652,Sample,14,4,16.,1,false,true,false,true,34.,32.,26.,26.,12.2519076977
1.21325221652,Sample,14,4,21.,1,false,true,false,true,34.,32.,26.,26.,12.2525534657
1.21325221652,Sample,14,4,26.,1,false,true,false,true,34.,32.,26.,26.,12.2525803098
1.21325221652,Sample,14,4,31.,1,false,true,false,true,34.,32.,26.,26.,12.252581462
1.21325221652,Sample,14,4,36.,1,false,true,false,true,34.,32.,26.,26.,12.2525815128
1.21325221652,Sample,14,4,41.,1,false,true,false,true,34.,32.,26.,26.,12.2525815151
1.21325221652,Sample,14,4,46.,1,false,true,false,true,34.,32.,26.,26.,12.2525815152
1.21325221652,Sample,14,4,51.,1,false,true,false,true,34.,32.,26.,26.,12.2525815152
1.18181683377,Sample,14,6,1.,1,false,true,false,true,50.,46.,130.,104.,0.
1.18181683377,Sample,14,6,6.,1,false,true,false,true,168.,132.,188.,150.,11.6764236409
1.18181683377,Sample,14,6,11.,1,false,true,false,true,174.,136.,186.,146.,12.0687731156
1.18181683377,Sample,14,6,16.,1,false,true,false,true,174.,136.,186.,146.,12.0827786746
1.18181683377,Sample,14,6,21.,1,false,true,false,true,174.,136.,186.,146.,12.0833045317
1.18181683377,Sample,14,6,26.,1,false,true,false,true,174.,136.,186.,146.,12.0833251027
1.18181683377,Sample,14,6,31.,1,false,true,false,true,174.,136.,186.,146.,12.0833259345
1.18181683377,Sample,14,6,36.,1,false,true,false,true,174.,136.,186.,146.,12.083325969
1.18181683377,Sample,14,6,41.,1,false,true,false,true,174.,136.,186.,146.,12.0833259705
1.18181683377,Sample,14,6,46.,1,false,true,false,true,174.,136.,186.,146.,12.0833259705
1.18181683377,Sample,14,6,51.,1,false,true,false,true,174.,136.,186.,146.,12.0833259705
1.32998763513,Sample,14,3,1.,1,false,true,false,true,4.,4.,16.,14.,0.
1.32998763513,Sample,14,3,6.,1,false,true,false,true,14.,12.,2.,2.,12.2601520953
1.32998763513,Sample,14,3,11.,1,false,true,false,true,14.,12.,2.,2.,12.8135677766
1.32998763513,Sample,14,3,16.,1,false,true,false,true,14.,12.,2.,2.,12.8397788135
1.32998763513,Sample,14,3,21.,1,false,true,false,true,14.,12.,2.,2.,12.8410726951
1.32998763513,Sample,14,3,26.,1,false,true,false,true,14.,12.,2.,2.,12.8411388224
1.32998763513,Sample,14,3,31.,1,false,true,false,true,14.,12.,2.,2.,12.8411423005
1.32998763513,Sample,14,3,36.,1,false,true,false,true,14.,12.,2.,2.,12.8411424879
1.32998763513,Sample,14,3,41.,1,false,true,false,true,14.,12.,2.,2.,12.8411424982
1.32998763513,Sample,14,3,46.,1,false,true,false,true,14.,12.,2.,2.,12.8411424988
1.32998763513,Sample,14,3,51.,1,false,true,false,true,14.,12.,2.,2.,12.8411424988
1.39420671905,Sample,14,7,1.,1,false,true,false,true,132.,118.,256.,200.,0.
1.39420671905,Sample,14,7,6.,1,false,true,false,true,256.,206.,292.,244.,12.4752849236
1.39420671905,Sample,14,7,11.,1,false,true,false,true,268.,208.,284.,240.,13.1052814526
1.39420671905,Sample,14,7,16.,1,false,true,false,true,272.,208.,280.,238.,13.138521589
1.39420671905,Sample,14,7,21.,1,false,true,false,true,272.,208.,280.,238.,13.1403436239
1.39420671905,Sample,14,7,26.,1,false,true,false,true,272.,208.,280.,238.,13.140446783
1.39420671905,Sample,14,7,31.,1,false,true,false,true,272.,208.,280.,238.,13.1404527841
1.39420671905,Sample,14,7,36.,1,false,true,false,true,272.,208.,280.,238.,13.1404531412
1.39420671905,Sample,14,7,41.,1,false,true,false,true,272.,208.,280.,238.,13.1404531628
1.39420671905,Sample,14,7,46.,1,false,true,false,true,272.,208.,280.,238.,13.1404531642
1.39420671905,Sample,14,7,51.,1,false,true,false,true,272.,208.,280.,238.,13.1404531643
0.842197619638,Voter,14,6,1.,1,false,true,false,true,48.,42.,46.,42.,0.
0.842197619638,Voter,14,6,6.,1,false,true,false,true,78.,62.,44.,38.,9.75911360499
0.842197619638,Voter,14,6,11.,1,false,true,false,true,78.,62.,44.,38.,9.88458381249
0.842197619638,Voter,14,6,16.,1,false,true,false,true,78.,62.,44.,38.,9.88639300753
0.842197619638,Voter,14,6,21.,1,false,true,false,true,78.,62.,44.,38.,9.88642140676
0.842197619638,Voter,14,6,26.,1,false,true,false,true,78.,62.,44.,38.,9.88642188092
0.842197619638,Voter,14,6,31.,1,false,true,false,true,78.,62.,44.,38.,9.8864218892
0.842197619638,Voter,14,6,36.,1,false,true,false,true,78.,62.,44.,38.,9.88642188935
0.842197619638,Voter,14,6,41.,1,false,true,false,true,78.,62.,44.,38.,9.88642188935
0.842197619638,Voter,14,6,46.,1,false,true,false,true,78.,62.,44.,38.,9.88642188935
0.842197619638,Voter,14,6,51.,1,false,true,false,true,78.,62.,44.,38.,9.88642188935
1.34971991557,Voter,14,6,1.,1,false,true,false,true,38.,36.,58.,50.,0.
1.34971991557,Voter,14,6,6.,1,false,true,false,true,82.,74.,42.,38.,12.3285301396
1.34971991557,Voter,14,6,11.,1,false,true,false,true,82.,74.,42.,38.,12.9050779076
1.34971991557,Voter,14,6,16.,1,false,true,false,true,82.,74.,42.,38.,12.9333295748
1.34971991557,Voter,14,6,21.,1,false,true,false,true,82.,74.,42.,38.,12.9347709608
1.34971991557,Voter,14,6,26.,1,false,true,false,true,82.,74.,42.,38.,12.9348470405
1.34971991557,Voter,14,6,31.,1,false,true,false,true,82.,74.,42.,38.,12.9348511712
1.34971991557,Voter,14,6,36.,1,false,true,false,true,82.,74.,42.,38.,12.9348514008
1.34971991557,Voter,14,6,41.,1,false,true,false,true,82.,74.,42.,38.,12.9348514138
1.34971991557,Voter,14,6,46.,1,false,true,false,true,82.,74.,42.,38.,12.9348514145
1.34971991557,Voter,14,6,51.,1,false,true,false,true,82.,74.,42.,38.,12.9348514146
1.16238532325,Voter,14,5,1.,1,false,true,false,true,10.,10.,44.,40.,0.
1.16238532325,Voter,14,5,6.,1,false,true,false,true,42.,36.,24.,24.,11.5899518018
1.16238532325,Voter,14,5,11.,1,false,true,false,true,42.,36.,24.,24.,11.9629819553
1.16238532325,Voter,14,5,16.,1,false,true,false,true,42.,36.,24.,24.,11.9757617768
1.16238532325,Voter,14,5,21.,1,false,true,false,true,42.,36.,24.,24.,11.9762229383
1.16238532325,Voter,14,5,26.,1,false,true,false,true,42.,36.,24.,24.,11.9762402927
1.16238532325,Voter,14,5,31.,1,false,true,false,true,42.,36.,24.,24.,11.9762409681
1.16238532325,Voter,14,5,36.,1,false,true,false,true,42.,36.,24.,24.,11.9762409951
1.16238532325,Voter,14,5,41.,1,false,true,false,true,42.,36.,24.,24.,11.9762409962
1.16238532325,Voter,14,5,46.,1,false,true,false,true,42.,36.,24.,24.,11.9762409962
1.16238532325,Voter,14,5,51.,1,false,true,false,true,42.,36.,24.,24.,11.9762409962
0.872648589499,Voter,14,3,1.,1,false,true,false,true,6.,6.,22.,20.,0.
0.872648589499,Voter,14,3,6.,1,false,true,false,true,12.,12.,20.,20.,9.97069054877
0.872648589499,Voter,14,3,11.,1,false,true,false,true,12.,12.,20.,20.,10.1136006538
0.872648589499,Voter,14,3,16.,1,false,true,false,true,12.,12.,20.,20.,10.1158813141
0.872648589499,Voter,14,3,21.,1,false,true,false,true,12.,12.,20.,20.,10.1159207718
0.872648589499,Voter,14,3,26.,1,false,true,false,true,12.,12.,20.,20.,10.1159214962
0.872648589499,Voter,14,3,31.,1,false,true,false,true,12.,12.,20.,20.,10.1159215101
0.872648589499,Voter,14,3,36.,1,false,true,false,true,12.,12.,20.,20.,10.1159215104
0.872648589499,Voter,14,3,41.,1,false,true,false,true,12.,12.,20.,20.,10.1159215104
0.872648589499,Voter,14,3,46.,1,false,true,false,true,12.,12.,20.,20.,10.1159215104
0.872648589499,Voter,14,3,51.,1,false,true,false,true,12.,12.,20.,20.,10.1159215104
1.05204309107,Voter,14,6,1.,1,false,true,false,true,10.,10.,38.,36.,0.
1.05204309107,Voter,14,6,6.,1,false,true,false,true,42.,40.,6.,6.,11.0501117244
1.05204309107,Voter,14,6,11.,1,false,true,false,true,42.,40.,6.,6.,11.3222613167
1.05204309107,Voter,14,6,16.,1,false,true,false,true,42.,40.,6.,6.,11.3294904347
1.05204309107,Voter,14,6,21.,1,false,true,false,true,42.,40.,6.,6.,11.3296945322
1.05204309107,Voter,14,6,26.,1,false,true,false,true,42.,40.,6.,6.,11.3297005765
1.05204309107,Voter,14,6,31.,1,false,true,false,true,42.,40.,6.,6.,11.3297007623
1.05204309107,Voter,14,6,36.,1,false,true,false,true,42.,40.,6.,6.,11.3297007682
1.05204309107,Voter,14,6,41.,1,false,true,false,true,42.,40.,6.,6.,11.3297007684
1.05204309107,Voter,14,6,46.,1,false,true,false,true,42.,40.,6.,6.,11.3297007684
1.05204309107,Voter,14,6,51.,1,false,true,false,true,42.,40.,6.,6.,11.3297007684
0.969997777445,Sample,14,7,1.,1,false,true,false,true,102.,90.,158.,118.,0.
0.969997777445,Sample,14,7,6.,1,false,true,false,true,206.,150.,166.,124.,10.589980576
0.969997777445,Sample,14,7,11.,1,false,true,false,true,210.,152.,166.,124.,10.7974710406
0.969997777445,Sample,14,7,16.,1,false,true,false,true,210.,152.,166.,124.,10.8019112251
0.969997777445,Sample,14,7,21.,1,false,true,false,true,210.,152.,166.,124.,10.802013042
0.969997777445,Sample,14,7,26.,1,false,true,false,true,210.,152.,166.,124.,10.8020155033
0.969997777445,Sample,14,7,31.,1,false,true,false,true,210.,152.,166.,124.,10.8020155652
0.969997777445,Sample,14,7,36.,1,false,true,false,true,210.,152.,166.,124.,10.8020155668
0.969997777445,Sample,14,7,41.,1,false,true,false,true,210.,152.,166.,124.,10.8020155669
0.969997777445,Sample,14,7,46.,1,false,true,false,true,210.,152.,166.,124.,10.8020155669
0.969997777445,Sample,14,7,51.,1,false,true,false,true,210.,152.,166.,124.,10.8020155669
0.878377743457,Voter,14,6,1.,1,false,true,false,true,54.,46.,80.,70.,0.
0.878377743457,Voter,14,6,6.,1,false,true,false,true,80.,70.,74.,62.,10.0095081168
0.878377743457,Voter,14,6,11.,1,false,true,false,true,80.,70.,74.,62.,10.155846948
0.878377743457,Voter,14,6,16.,1,false,true,false,true,80.,70.,74.,62.,10.1582260059
0.878377743457,Voter,14,6,21.,1,false,true,false,true,80.,70.,74.,62.,10.1582679042
0.878377743457,Voter,14,6,26.,1,false,true,false,true,80.,70.,74.,62.,10.158268687
0.878377743457,Voter,14,6,31.,1,false,true,false,true,80.,70.,74.,62.,10.1582687023
0.878377743457,Voter,14,6,36.,1,false,true,false,true,80.,70.,74.,62.,10.1582687026
0.878377743457,Voter,14,6,41.,1,false,true,false,true,80.,70.,74.,62.,10.1582687026
0.878377743457,Voter,14,6,46.,1,false,true,false,true,80.,70.,74.,62.,10.1582687026
0.878377743457,Voter,14,6,51.,1,false,true,false,true,80.,70.,74.,62.,10.1582687026
1.07980658253,Sample,14,3,1.,1,false,true,false,true,14.,14.,30.,28.,0.
1.07980658253,Sample,14,3,6.,1,false,true,false,true,40.,40.,52.,52.,11.1940883495
1.07980658253,Sample,14,3,11.,1,false,true,false,true,40.,40.,52.,52.,11.4901607519
1.07980658253,Sample,14,3,16.,1,false,true,false,true,40.,40.,52.,52.,11.4985756783
1.07980658253,Sample,14,3,21.,1,false,true,false,true,40.,40.,52.,52.,11.4988292533
1.07980658253,Sample,14,3,26.,1,false,true,false,true,40.,40.,52.,52.,11.4988372562
1.07980658253,Sample,14,3,31.,1,false,true,false,true,40.,40.,52.,52.,11.4988375182
1.07980658253,Sample,14,3,36.,1,false,true,false,true,40.,40.,52.,52.,11.498837527
1.07980658253,Sample,14,3,41.,1,false,true,false,true,40.,40.,52.,52.,11.4988375273
1.07980658253,Sample,14,3,46.,1,false,true,false,true,40.,40.,52.,52.,11.4988375273
1.07980658253,Sample,14,3,51.,1,false,true,false,true,40.,40.,52.,52.,11.4988375273
1.08933920228,Voter,14,6,1.,1,false,true,false,true,42.,38.,50.,48.,0.
1.08933920228,Voter,14,6,6.,1,false,true,false,true,70.,58.,30.,30.,11.2422216232
1.08933920228,Voter,14,6,11.,1,false,true,false,true,70.,58.,30.,30.,11.5467392907
1.08933920228,Voter,14,6,16.,1,false,true,false,true,70.,58.,30.,30.,11.5555923805
1.08933920228,Voter,14,6,21.,1,false,true,false,true,70.,58.,30.,30.,11.5558650439
1.08933920228,Voter,14,6,26.,1,false,true,false,true,70.,58.,30.,30.,11.5558738345
1.08933920228,Voter,14,6,31.,1,false,true,false,true,70.,58.,30.,30.,11.5558741283
1.08933920228,Voter,14,6,36.,1,false,true,false,true,70.,58.,30.,30.,11.5558741384
1.08933920228,Voter,14,6,41.,1,false,true,false,true,70.,58.,30.,30.,11.5558741388
1.08933920228,Voter,14,6,46.,1,false,true,false,true,70.,58.,30.,30.,11.5558741388
1.08933920228,Voter,14,6,51.,1,false,true,false,true,70.,58.,30.,30.,11.5558741388
0.920764678944,Voter,14,3,1.,1,false,true,false,true,22.,22.,20.,20.,0.
0.920764678944,Voter,14,3,6.,1,false,true,false,true,26.,24.,16.,16.,10.2872907622
0.920764678944,Voter,14,3,11.,1,false,true,false,true,26.,24.,16.,16.,10.4604466156
0.920764678944,Voter,14,3,16.,1,false,true,false,true,26.,24.,16.,16.,10.4636588292
0.920764678944,Voter,14,3,21.,1,false,true,false,true,26.,24.,16.,16.,10.4637230414
0.920764678944,Voter,14,3,26.,1,false,true,false,true,26.,24.,16.,16.,10.463724399
0.920764678944,Voter,14,3,31.,1,false,true,false,true,26.,24.,16.,16.,10.4637244289
0.920764678944,Voter,14,3,36.,1,false,true,false,true,26.,24.,16.,16.,10.4637244296
0.920764678944,Voter,14,3,41.,1,false,true,false,true,26.,24.,16.,16.,10.4637244296
0.920764678944,Voter,14,3,46.,1,false,true,false,true,26.,24.,16.,16.,10.4637244296
0.920764678944,Voter,14,3,51.,1,false,true,false,true,26.,24.,16.,16.,10.4637244296
1.32680176293,Sample,14,6,1.,1,false,true,false,true,54.,44.,116.,86.,0.
1.32680176293,Sample,14,6,6.,1,false,true,false,true,168.,124.,186.,134.,12.2489177374
1.32680176293,Sample,14,6,11.,1,false,true,false,true,174.,128.,184.,132.,12.7986330441
1.32680176293,Sample,14,6,16.,1,false,true,false,true,174.,128.,184.,132.,12.824524299
1.32680176293,Sample,14,6,21.,1,false,true,false,true,174.,128.,184.,132.,12.8257955174
1.32680176293,Sample,14,6,26.,1,false,true,false,true,174.,128.,184.,132.,12.8258601447
1.32680176293,Sample,14,6,31.,1,false,true,false,true,174.,128.,184.,132.,12.8258635264
1.32680176293,Sample,14,6,36.,1,false,true,false,true,174.,128.,184.,132.,12.8258637076
1.32680176293,Sample,14,6,41.,1,false,true,false,true,174.,128.,184.,132.,12.8258637175
1.32680176293,Sample,14,6,46.,1,false,true,false,true,174.,128.,184.,132.,12.825863718
1.32680176293,Sample,14,6,51.,1,false,true,false,true,174.,128.,184.,132.,12.8258637181
1.2832845889,Voter,14,3,1.,1,false,true,false,true,6.,6.,6.,6.,0.
1.2832845889,Voter,14,3,6.,1,false,true,false,true,12.,12.,0.,0.,12.0899057
1.2832845889,Voter,14,3,11.,1,false,true,false,true,12.,12.,0.,0.,12.5900683642
1.2832845889,Voter,14,3,16.,1,false,true,false,true,12.,12.,0.,0.,12.6118547071
1.2832845889,Voter,14,3,21.,1,false,true,false,true,12.,12.,0.,0.,12.6128463778
1.2832845889,Voter,14,3,26.,1,false,true,false,true,12.,12.,0.,0.,12.6128931975
1.2832845889,Voter,14,3,31.,1,false,true,false,true,12.,12.,0.,0.,12.6128954754
1.2832845889,Voter,14,3,36.,1,false,true,false,true,12.,12.,0.,0.,12.612895589
1.2832845889,Voter,14,3,41.,1,false,true,false,true,12.,12.,0.,0.,12.6128955948
1.2832845889,Voter,14,3,46.,1,false,true,false,true,12.,12.,0.,0.,12.6128955951
1.2832845889,Voter,14,3,51.,1,false,true,false,true,12.,12.,0.,0.,12.6128955951
1.0147521395,Sample,14,6,1.,1,false,true,false,true,48.,44.,102.,76.,0.
1.0147521395,Sample,14,6,6.,1,false,true,false,true,212.,160.,218.,154.,10.8475695865
1.0147521395,Sample,14,6,11.,1,false,true,false,true,216.,160.,222.,154.,11.089196111
1.0147521395,Sample,14,6,16.,1,false,true,false,true,216.,160.,222.,154.,11.0950322568
1.0147521395,Sample,14,6,21.,1,false,true,false,true,216.,160.,222.,154.,11.095182612
1.0147521395,Sample,14,6,26.,1,false,true,false,true,216.,160.,222.,154.,11.0951866842
1.0147521395,Sample,14,6,31.,1,false,true,false,true,216.,160.,222.,154.,11.0951867988
1.0147521395,Sample,14,6,36.,1,false,true,false,true,216.,160.,222.,154.,11.0951868021
1.0147521395,Sample,14,6,41.,1,false,true,false,true,216.,160.,222.,154.,11.0951868022
1.0147521395,Sample,14,6,46.,1,false,true,false,true,216.,160.,222.,154.,11.0951868022
1.0147521395,Sample,14,6,51.,1,false,true,false,true,216.,160.,222.,154.,11.0951868022
1.177769156,Sample,14,4,1.,1,false,true,false,true,10.,10.,32.,28.,0.
1.177769156,Sample,14,4,6.,1,false,true,false,true,42.,40.,32.,32.,11.6586126497
1.177769156,Sample,14,4,11.,1,false,true,false,true,42.,40.,32.,32.,12.0469011043
1.177769156,Sample,14,4,16.,1,false,true,false,true,42.,40.,32.,32.,12.0606447173
1.177769156,Sample,14,4,21.,1,false,true,false,true,42.,40.,32.,32.,12.061156531
1.177769156,Sample,14,4,26.,1,false,true,false,true,42.,40.,32.,32.,12.0611763932
1.177769156,Sample,14,4,31.,1,false,true,false,true,42.,40.,32.,32.,12.06117719
1.177769156,Sample,14,4,36.,1,false,true,false,true,42.,40.,32.,32.,12.0611772228
1.177769156,Sample,14,4,41.,1,false,true,false,true,42.,40.,32.,32.,12.0611772242
1.177769156,Sample,14,4,46.,1,false,true,false,true,42.,40.,32.,32.,12.0611772242
1.177769156,Sample,14,4,51.,1,false,true,false,true,42.,40.,32.,32.,12.0611772242
0.876431819274,Sample,14,4,1.,1,false,true,false,true,14.,14.,30.,24.,0.
0.876431819274,Sample,14,4,6.,1,false,true,false,true,26.,22.,2.,2.,9.99635822741
0.876431819274,Sample,14,4,11.,1,false,true,false,true,26.,22.,2.,2.,10.1415272418
0.876431819274,Sample,14,4,16.,1,false,true,false,true,26.,22.,2.,2.,10.1438725192
0.876431819274,Sample,14,4,21.,1,false,true,false,true,26.,22.,2.,2.,10.1439135747
0.876431819274,Sample,14,4,26.,1,false,true,false,true,26.,22.,2.,2.,10.1439143372
0.876431819274,Sample,14,4,31.,1,false,true,false,true,26.,22.,2.,2.,10.143914352
0.876431819274,Sample,14,4,36.,1,false,true,false,true,26.,22.,2.,2.,10.1439143523
0.876431819274,Sample,14,4,41.,1,false,true,false,true,26.,22.,2.,2.,10.1439143523
0.876431819274,Sample,14,4,46.,1,false,true,false,true,26.,22.,2.,2.,10.1439143523
0.876431819274,Sample,14,4,51.,1,false,true,false,true,26.,22.,2.,2.,10.1439143523
0.976182266096,Voter,14,7,1.,1,false,true,false,true,28.,26.,52.,48.,0.
0.976182266096,Voter,14,7,6.,1,false,true,false,true,100.,86.,44.,42.,10.626548995
0.976182266096,Voter,14,7,11.,1,false,true,false,true,100.,86.,44.,42.,10.8385921346
0.976182266096,Voter,14,7,16.,1,false,true,false,true,100.,86.,44.,42.,10.8432084984
0.976182266096,Voter,14,7,21.,1,false,true,false,true,100.,86.,44.,42.,10.8433161211
0.976182266096,Voter,14,7,26.,1,false,true,false,true,100.,86.,44.,42.,10.843318765
0.976182266096,Voter,14,7,31.,1,false,true,false,true,100.,86.,44.,42.,10.8433188326
0.976182266096,Voter,14,7,36.,1,false,true,false,true,100.,86.,44.,42.,10.8433188344
0.976182266096,Voter,14,7,41.,1,false,true,false,true,100.,86.,44.,42.,10.8433188345
0.976182266096,Voter,14,7,46.,1,false,true,false,true,100.,86.,44.,42.,10.8433188345
0.976182266096,Voter,14,7,51.,1,false,true,false,true,100.,86.,44.,42.,10.8433188345
1.32813154788,Sample,14,4,1.,1,false,true,false,true,18.,18.,34.,28.,0.
1.32813154788,Sample,14,4,6.,1,false,true,false,true,66.,52.,70.,50.,12.2536135932
1.32813154788,Sample,14,4,11.,1,false,true,false,true,68.,54.,72.,52.,12.8048722615
1.32813154788,Sample,14,4,16.,1,false,true,false,true,68.,54.,72.,52.,12.8308966687
1.32813154788,Sample,14,4,21.,1,false,true,false,true,68.,54.,72.,52.,12.8321773086
1.32813154788,Sample,14,4,26.,1,false,true,false,true,68.,54.,72.,52.,12.8322425585
1.32813154788,Sample,14,4,31.,1,false,true,false,true,68.,54.,72.,52.,12.8322459802
1.32813154788,Sample,14,4,36.,1,false,true,false,true,68.,54.,72.,52.,12.8322461639
1.32813154788,Sample,14,4,41.,1,false,true,false,true,68.,54.,72.,52.,12.832246174
1.32813154788,Sample,14,4,46.,1,false,true,false,true,68.,54.,72.,52.,12.8322461745
1.32813154788,Sample,14,4,51.,1,false,true,false,true,68.,54.,72.,52.,12.8322461746
0.913635131157,Voter,14,6,1.,1,false,true,false,true,34.,30.,76.,64.,0.
0.913635131157,Voter,14,6,6.,1,false,true,false,true,74.,58.,48.,44.,10.2417064561
0.913635131157,Voter,14,6,11.,1,false,true,false,true,74.,58.,48.,44.,10.4101732868
0.913635131157,Voter,14,6,16.,1,false,true,false,true,74.,58.,48.,44.,10.4132317596
0.913635131157,Voter,14,6,21.,1,false,true,false,true,74.,58.,48.,44.,10.413291644
0.913635131157,Voter,14,6,26.,1,false,true,false,true,74.,58.,48.,44.,10.4132928847
0.913635131157,Voter,14,6,31.,1,false,true,false,true,74.,58.,48.,44.,10.4132929116
0.913635131157,Voter,14,6,36.,1,false,true,false,true,74.,58.,48.,44.,10.4132929122
0.913635131157,Voter,14,6,41.,1,false,true,false,true,74.,58.,48.,44.,10.4132929122
0.913635131157,Voter,14,6,46.,1,false,true,false,true,74.,58.,48.,44.,10.4132929122
0.913635131157,Voter,14,6,51.,1,false,true,false,true,74.,58.,48.,44.,10.4132929122
1.33047090471,Sample,14,6,1.,1,false,true,false,true,64.,54.,132.,94.,0.
1.33047090471,Sample,14,6,6.,1,false,true,false,true,156.,120.,164.,122.,12.261851494
1.33047090471,Sample,14,6,11.,1,false,true,false,true,162.,126.,166.,124.,12.815829335
1.33047090471,Sample,14,6,16.,1,false,true,false,true,162.,126.,166.,124.,12.8420891138
1.33047090471,Sample,14,6,21.,1,false,true,false,true,162.,126.,166.,124.,12.8433864607
1.33047090471,Sample,14,6,26.,1,false,true,false,true,162.,126.,166.,124.,12.843452818
1.33047090471,Sample,14,6,31.,1,false,true,false,true,162.,126.,166.,124.,12.843456311
1.33047090471,Sample,14,6,36.,1,false,true,false,true,162.,126.,166.,124.,12.8434564993
1.33047090471,Sample,14,6,41.,1,false,true,false,true,162.,126.,166.,124.,12.8434565096
1.33047090471,Sample,14,6,46.,1,false,true,false,true,162.,126.,166.,124.,12.8434565102
1.33047090471,Sample,14,6,51.,1,false,true,false,true,162.,126.,166.,124.,12.8434565102
1.24219430897,Voter,14,4,1.,1,false,true,false,true,6.,6.,22.,20.,0.
1.24219430897,Voter,14,4,6.,1,false,true,false,true,22.,20.,10.,10.,11.9299133937
1.24219430897,Voter,14,4,11.,1,false,true,false,true,24.,22.,8.,8.,12.3850613276
1.24219430897,Voter,14,4,16.,1,false,true,false,true,24.,22.,8.,8.,12.4034062186
1.24219430897,Voter,14,4,21.,1,false,true,false,true,24.,22.,8.,8.,12.4041808028
1.24219430897,Voter,14,4,26.,1,false,true,false,true,24.,22.,8.,8.,12.4042147851
1.24219430897,Voter,14,4,31.,1,false,true,false,true,24.,22.,8.,8.,12.4042163232
1.24219430897,Voter,14,4,36.,1,false,true,false,true,24.,22.,8.,8.,12.4042163946
1.24219430897,Voter,14,4,41.,1,false,true,false,true,24.,22.,8.,8.,12.404216398
1.24219430897,Voter,14,4,46.,1,false,true,false,true,24.,22.,8.,8.,12.4042163982
1.24219430897,Voter,14,4,51.,1,false,true,false,true,24.,22.,8.,8.,12.4042163982
0.842660491575,Sample,14,3,1.,1,false,true,false,true,0.,0.,10.,10.,0.
0.842660491575,Sample,14,3,6.,1,false,true,false,true,20.,20.,14.,14.,9.76239698303
0.842660491575,Sample,14,3,11.,1,false,true,false,true,26.,26.,16.,16.,9.88812241368
0.842660491575,Sample,14,3,16.,1,false,true,false,true,26.,26.,16.,16.,9.88993815562
0.842660491575,Sample,14,3,21.,1,false,true,false,true,26.,26.,16.,16.,9.88996670083
0.842660491575,Sample,14,3,26.,1,false,true,false,true,26.,26.,16.,16.,9.88996717814
0.842660491575,Sample,14,3,31.,1,false,true,false,true,26.,26.,16.,16.,9.88996718649
0.842660491575,Sample,14,3,36.,1,false,true,false,true,26.,26.,16.,16.,9.88996718664
0.842660491575,Sample,14,3,41.,1,false,true,false,true,26.,26.,16.,16.,9.88996718664
0.842660491575,Sample,14,3,46.,1,false,true,false,true,26.,26.,16.,16.,9.88996718664
0.842660491575,Sample,14,3,51.,1,false,true,false,true,26.,26.,16.,16.,9.88996718664
1.29843875159,Voter,14,5,1.,1,false,true,false,true,26.,26.,30.,26.,0.
1.29843875159,Voter,14,5,6.,1,false,true,false,true,50.,46.,42.,38.,12.1464692971
1.29843875159,Voter,14,5,11.,1,false,true,false,true,50.,46.,42.,38.,12.663674573
1.29843875159,Voter,14,5,16.,1,false,true,false,true,50.,46.,42.,38.,12.6868354123
1.29843875159,Voter,14,5,21.,1,false,true,false,true,50.,46.,42.,38.,12.6879182853
1.29843875159,Voter,14,5,26.,1,false,true,false,true,50.,46.,42.,38.,12.6879707676
1.29843875159,Voter,14,5,31.,1,false,true,false,true,50.,46.,42.,38.,12.6879733876
1.29843875159,Voter,14,5,36.,1,false,true,false,true,50.,46.,42.,38.,12.6879735216
1.29843875159,Voter,14,5,41.,1,false,true,false,true,50.,46.,42.,38.,12.6879735286
1.29843875159,Voter,14,5,46.,1,false,true,false,true,50.,46.,42.,38.,12.687973529
1.29843875159,Voter,14,5,51.,1,false,true,false,true,50.,46.,42.,38.,12.687973529
0.822028877193,Sample,14,4,1.,1,false,true,false,true,26.,26.,46.,44.,0.
0.822028877193,Sample,14,4,6.,1,false,true,false,true,40.,40.,40.,38.,9.61398424888
0.822028877193,Sample,14,4,11.,1,false,true,false,true,42.,42.,42.,40.,9.72862898104
0.822028877193,Sample,14,4,16.,1,false,true,false,true,42.,42.,42.,40.,9.73017025176
0.822028877193,Sample,14,4,21.,1,false,true,false,true,42.,42.,42.,40.,9.73019287417
0.822028877193,Sample,14,4,26.,1,false,true,false,true,42.,42.,42.,40.,9.7301932279
0.822028877193,Sample,14,4,31.,1,false,true,false,true,42.,42.,42.,40.,9.73019323369
0.822028877193,Sample,14,4,36.,1,false,true,false,true,42.,42.,42.,40.,9.73019323379
0.822028877193,Sample,14,4,41.,1,false,true,false,true,42.,42.,42.,40.,9.73019323379
0.822028877193,Sample,14,4,46.,1,false,true,false,true,42.,42.,42.,40.,9.73019323379
0.822028877193,Sample,14,4,51.,1,false,true,false,true,42.,42.,42.,40.,9.73019323379
1.34241719023,Sample,14,4,1.,1,false,true,false,true,4.,4.,20.,16.,0.
1.34241719023,Sample,14,4,6.,1,false,true,false,true,42.,38.,34.,34.,12.3034642462
1.34241719023,Sample,14,4,11.,1,false,true,false,true,42.,36.,30.,30.,12.8714086357
1.34241719023,Sample,14,4,16.,1,false,true,false,true,42.,36.,30.,30.,12.8988929756
1.34241719023,Sample,14,4,21.,1,false,true,false,true,42.,36.,30.,30.,12.9002783175
1.34241719023,Sample,14,4,26.,1,false,true,false,true,42.,36.,30.,30.,12.9003505777
1.34241719023,Sample,14,4,31.,1,false,true,false,true,42.,36.,30.,30.,12.9003544556
1.34241719023,Sample,14,4,36.,1,false,true,false,true,42.,36.,30.,30.,12.9003546686
1.34241719023,Sample,14,4,41.,1,false,true,false,true,42.,36.,30.,30.,12.9003546805
1.34241719023,Sample,14,4,46.,1,false,true,false,true,42.,36.,30.,30.,12.9003546812
1.34241719023,Sample,14,4,51.,1,false,true,false,true,42.,36.,30.,30.,12.9003546813
1.30783523655,Sample,14,7,1.,1,false,true,false,true,80.,70.,146.,118.,0.
1.30783523655,Sample,14,7,6.,1,false,true,false,true,216.,158.,214.,152.,12.1808984591
1.30783523655,Sample,14,7,11.,1,false,true,false,true,238.,170.,208.,154.,12.7087867643
1.30783523655,Sample,14,7,16.,1,false,true,false,true,238.,170.,208.,154.,12.7328291591
1.30783523655,Sample,14,7,21.,1,false,true,false,true,238.,170.,208.,154.,12.7339718166
1.30783523655,Sample,14,7,26.,1,false,true,false,true,238.,170.,208.,154.,12.7340280901
1.30783523655,Sample,14,7,31.,1,false,true,false,true,238.,170.,208.,154.,12.734030944
1.30783523655,Sample,14,7,36.,1,false,true,false,true,238.,170.,208.,154.,12.7340310923
1.30783523655,Sample,14,7,41.,1,false,true,false,true,238.,170.,208.,154.,12.7340311001
1.30783523655,Sample,14,7,46.,1,false,true,false,true,238.,170.,208.,154.,12.7340311005
1.30783523655,Sample,14,7,51.,1,false,true,false,true,238.,170.,208.,154.,12.7340311006
1.19097423932,Voter,14,7,1.,1,false,true,false,true,6.,6.,50.,46.,0.
1.19097423932,Voter,14,7,6.,1,false,true,false,true,70.,68.,34.,34.,11.7163321485
1.19097423932,Voter,14,7,11.,1,false,true,false,true,70.,68.,34.,34.,12.1179397268
1.19097423932,Voter,14,7,16.,1,false,true,false,true,70.,68.,34.,34.,12.1325509719
1.19097423932,Voter,14,7,21.,1,false,true,false,true,70.,68.,34.,34.,12.1331097431
1.19097423932,Voter,14,7,26.,1,false,true,false,true,70.,68.,34.,34.,12.1331319974
1.19097423932,Voter,14,7,31.,1,false,true,false,true,70.,68.,34.,34.,12.1331329132
1.19097423932,Voter,14,7,36.,1,false,true,false,true,70.,68.,34.,34.,12.1331329519
1.19097423932,Voter,14,7,41.,1,false,true,false,true,70.,68.,34.,34.,12.1331329536
1.19097423932,Voter,14,7,46.,1,false,true,false,true,70.,68.,34.,34.,12.1331329536
1.19097423932,Voter,14,7,51.,1,false,true,false,true,70.,68.,34.,34.,12.1331329536
1.34388431603,Voter,14,6,1.,1,false,true,false,true,6.,6.,40.,38.,0.
1.34388431603,Voter,14,6,6.,1,false,true,false,true,78.,70.,60.,56.,12.3085225389
1.34388431603,Voter,14,6,11.,1,false,true,false,true,80.,72.,62.,56.,12.8781913865
1.34388431603,Voter,14,6,16.,1,false,true,false,true,80.,72.,62.,56.,12.9058287356
1.34388431603,Voter,14,6,21.,1,false,true,false,true,80.,72.,62.,56.,12.9072251978
1.34388431603,Voter,14,6,26.,1,false,true,false,true,80.,72.,62.,56.,12.9072982122
1.34388431603,Voter,14,6,31.,1,false,true,false,true,80.,72.,62.,56.,12.9073021397
1.34388431603,Voter,14,6,36.,1,false,true,false,true,80.,72.,62.,56.,12.907302356
1.34388431603,Voter,14,6,41.,1,false,true,false,true,80.,72.,62.,56.,12.9073023682
1.34388431603,Voter,14,6,46.,1,false,true,false,true,80.,72.,62.,56.,12.9073023689
1.34388431603,Voter,14,6,51.,1,false,true,false,true,80.,72.,62.,56.,12.9073023689
1.1517269214,Sample,14,3,1.,1,false,true,false,true,8.,8.,22.,22.,0.
1.1517269214,Sample,14,3,6.,1,false,true,false,true,20.,20.,14.,14.,11.5414720958
1.1517269214,Sample,14,3,11.,1,false,true,false,true,22.,22.,12.,12.,11.9040963248
1.1517269214,Sample,14,3,16.,1,false,true,false,true,22.,22.,12.,12.,11.9162373956
1.1517269214,Sample,14,3,21.,1,false,true,false,true,22.,22.,12.,12.,11.9166658925
1.1517269214,Sample,14,3,26.,1,false,true,false,true,22.,22.,12.,12.,11.9166816719
1.1517269214,Sample,14,3,31.,1,false,true,false,true,22.,22.,12.,12.,11.9166822731
1.1517269214,Sample,14,3,36.,1,false,true,false,true,22.,22.,12.,12.,11.9166822966
1.1517269214,Sample,14,3,41.,1,false,true,false,true,22.,22.,12.,12.,11.9166822976
1.1517269214,Sample,14,3,46.,1,false,true,false,true,22.,22.,12.,12.,11.9166822976
1.1517269214,Sample,14,3,51.,1,false,true,false,true,22.,22.,12.,12.,11.9166822976
0.87099567834,Voter,14,5,1.,1,false,true,false,true,14.,14.,30.,30.,0.
0.87099567834,Voter,14,5,6.,1,false,true,false,true,70.,60.,62.,52.,9.959433835
0.87099567834,Voter,14,5,11.,1,false,true,false,true,70.,60.,62.,52.,10.1013634076
0.87099567834,Voter,14,5,16.,1,false,true,false,true,70.,60.,62.,52.,10.1036162712
0.87099567834,Voter,14,5,21.,1,false,true,false,true,70.,60.,62.,52.,10.1036550473
0.87099567834,Voter,14,5,26.,1,false,true,false,true,70.,60.,62.,52.,10.1036557557
0.87099567834,Voter,14,5,31.,1,false,true,false,true,70.,60.,62.,52.,10.1036557692
0.87099567834,Voter,14,5,36.,1,false,true,false,true,70.,60.,62.,52.,10.1036557695
0.87099567834,Voter,14,5,41.,1,false,true,false,true,70.,60.,62.,52.,10.1036557695
0.87099567834,Voter,14,5,46.,1,false,true,false,true,70.,60.,62.,52.,10.1036557695
0.87099567834,Voter,14,5,51.,1,false,true,false,true,70.,60.,62.,52.,10.1036557695
0.990006020111,Voter,14,7,1.,1,false,true,false,true,42.,40.,70.,62.,0.
0.990006020111,Voter,14,7,6.,1,false,true,false,true,86.,74.,38.,38.,10.7071480417
0.990006020111,Voter,14,7,11.,1,false,true,false,true,86.,74.,38.,38.,10.9295590066
0.990006020111,Voter,14,7,16.,1,false,true,false,true,86.,74.,38.,38.,10.934588115
0.990006020111,Voter,14,7,21.,1,false,true,false,true,86.,74.,38.,38.,10.934709712
0.990006020111,Voter,14,7,26.,1,false,true,false,true,86.,74.,38.,38.,10.9347128074
0.990006020111,Voter,14,7,31.,1,false,true,false,true,86.,74.,38.,38.,10.9347128894
0.990006020111,Voter,14,7,36.,1,false,true,false,true,86.,74.,38.,38.,10.9347128916
0.990006020111,Voter,14,7,41.,1,false,true,false,true,86.,74.,38.,38.,10.9347128917
0.990006020111,Voter,14,7,46.,1,false,true,false,true,86.,74.,38.,38.,10.9347128917
0.990006020111,Voter,14,7,51.,1,false,true,false,true,86.,74.,38.,38.,10.9347128917
0.837716557311,Voter,14,3,1.,1,false,true,false,true,8.,8.,8.,8.,0.
0.837716557311,Voter,14,3,6.,1,false,true,false,true,14.,14.,6.,6.,9.72721817701
0.837716557311,Voter,14,3,11.,1,false,true,false,true,14.,14.,6.,6.,9.85023330935
0.837716557311,Voter,14,3,16.,1,false,true,false,true,14.,14.,6.,6.,9.85198006729
0.837716557311,Voter,14,3,21.,1,false,true,false,true,14.,14.,6.,6.,9.85200708561
0.837716557311,Voter,14,3,26.,1,false,true,false,true,14.,14.,6.,6.,9.85200753027
0.837716557311,Voter,14,3,31.,1,false,true,false,true,14.,14.,6.,6.,9.85200753793
0.837716557311,Voter,14,3,36.,1,false,true,false,true,14.,14.,6.,6.,9.85200753807
0.837716557311,Voter,14,3,41.,1,false,true,false,true,14.,14.,6.,6.,9.85200753807
0.837716557311,Voter,14,3,46.,1,false,true,false,true,14.,14.,6.,6.,9.85200753807
0.837716557311,Voter,14,3,51.,1,false,true,false,true,14.,14.,6.,6.,9.85200753807
1.19031172007,Voter,14,3,1.,1,false,true,false,true,10.,10.,10.,8.,0.
1.19031172007,Voter,14,3,6.,1,false,true,false,true,14.,12.,6.,6.,11.7134627625
1.19031172007,Voter,14,3,11.,1,false,true,false,true,14.,12.,6.,6.,12.1143972706
1.19031172007,Voter,14,3,16.,1,false,true,false,true,14.,12.,6.,6.,12.1289640833
1.19031172007,Voter,14,3,21.,1,false,true,false,true,14.,12.,6.,6.,12.1295204191
1.19031172007,Voter,14,3,26.,1,false,true,false,true,14.,12.,6.,6.,12.1295425479
1.19031172007,Voter,14,3,31.,1,false,true,false,true,14.,12.,6.,6.,12.1295434574
1.19031172007,Voter,14,3,36.,1,false,true,false,true,14.,12.,6.,6.,12.1295434958
1.19031172007,Voter,14,3,41.,1,false,true,false,true,14.,12.,6.,6.,12.1295434974
1.19031172007,Voter,14,3,46.,1,false,true,false,true,14.,12.,6.,6.,12.1295434975
1.19031172007,Voter,14,3,51.,1,false,true,false,true,14.,12.,6.,6.,12.1295434975
0.943023586273,Sample,14,3,1.,1,false,true,false,true,10.,10.,16.,14.,0.
0.943023586273,Sample,14,3,6.,1,false,true,false,true,30.,28.,20.,20.,10.4267245393
0.943023586273,Sample,14,3,11.,1,false,true,false,true,30.,28.,20.,20.,10.6149818732
0.943023586273,Sample,14,3,16.,1,false,true,false,true,30.,28.,20.,20.,10.618712148
0.943023586273,Sample,14,3,21.,1,false,true,false,true,30.,28.,20.,20.,10.6187915893
0.943023586273,Sample,14,3,26.,1,false,true,false,true,30.,28.,20.,20.,10.6187933759
0.943023586273,Sample,14,3,31.,1,false,true,false,true,30.,28.,20.,20.,10.6187934178
0.943023586273,Sample,14,3,36.,1,false,true,false,true,30.,28.,20.,20.,10.6187934188
0.943023586273,Sample,14,3,41.,1,false,true,false,true,30.,28.,20.,20.,10.6187934188
0.943023586273,Sample,14,3,46.,1,false,true,false,true,30.,28.,20.,20.,10.6187934188
0.943023586273,Sample,14,3,51.,1,false,true,false,true,30.,28.,20.,20.,10.6187934188
1.04742769515,Voter,14,7,1.,1,false,true,false,true,56.,46.,82.,66.,0.
1.04742769515,Voter,14,7,6.,1,false,true,false,true,88.,74.,58.,50.,11.0256205942
1.04742769515,Voter,14,7,11.,1,false,true,false,true,88.,74.,58.,50.,11.2938915998
1.04742769515,Voter,14,7,16.,1,false,true,false,true,88.,74.,58.,50.,11.3009362162
1.04742769515,Voter,14,7,21.,1,false,true,false,true,88.,74.,58.,50.,11.301132914
1.04742769515,Voter,14,7,26.,1,false,true,false,true,88.,74.,58.,50.,11.3011386766
1.04742769515,Voter,14,7,31.,1,false,true,false,true,88.,74.,58.,50.,11.3011388518
1.04742769515,Voter,14,7,36.,1,false,true,false,true,88.,74.,58.,50.,11.3011388573
1.04742769515,Voter,14,7,41.,1,false,true,false,true,88.,74.,58.,50.,11.3011388575
1.04742769515,Voter,14,7,46.,1,false,true,false,true,88.,74.,58.,50.,11.3011388575
1.04742769515,Voter,14,7,51.,1,false,true,false,true,88.,74.,58.,50.,11.3011388575
1.04785790149,Voter,14,7,1.,1,false,true,false,true,48.,42.,70.,60.,0.
1.04785790149,Voter,14,7,6.,1,false,true,false,true,82.,72.,32.,28.,11.0279102341
1.04785790149,Voter,14,7,11.,1,false,true,false,true,82.,72.,32.,28.,11.2965415728
1.04785790149,Voter,14,7,16.,1,false,true,false,true,82.,72.,32.,28.,11.3036032385
1.04785790149,Voter,14,7,21.,1,false,true,false,true,82.,72.,32.,28.,11.3038006166
1.04785790149,Voter,14,7,26.,1,false,true,false,true,82.,72.,32.,28.,11.3038064049
1.04785790149,Voter,14,7,31.,1,false,true,false,true,82.,72.,32.,28.,11.3038065811
1.04785790149,Voter,14,7,36.,1,false,true,false,true,82.,72.,32.,28.,11.3038065867
1.04785790149,Voter,14,7,41.,1,false,true,false,true,82.,72.,32.,28.,11.3038065869
1.04785790149,Voter,14,7,46.,1,false,true,false,true,82.,72.,32.,28.,11.3038065869
1.04785790149,Voter,14,7,51.,1,false,true,false,true,82.,72.,32.,28.,11.3038065869
1.10611799211,Voter,14,3,1.,1,false,true,false,true,6.,6.,6.,6.,0.
1.10611799211,Voter,14,3,6.,1,false,true,false,true,12.,12.,0.,0.,11.3253629808
1.10611799211,Voter,14,3,11.,1,false,true,false,true,12.,12.,0.,0.,11.6450284414
1.10611799211,Voter,14,3,16.,1,false,true,false,true,12.,12.,0.,0.,11.6546928277
1.10611799211,Voter,14,3,21.,1,false,true,false,true,12.,12.,0.,0.,11.6550019251
1.10611799211,Voter,14,3,26.,1,false,true,false,true,12.,12.,0.,0.,11.6550122643
1.10611799211,Voter,14,3,31.,1,false,true,false,true,12.,12.,0.,0.,11.6550126226
1.10611799211,Voter,14,3,36.,1,false,true,false,true,12.,12.,0.,0.,11.6550126354
1.10611799211,Voter,14,3,41.,1,false,true,false,true,12.,12.,0.,0.,11.6550126359
1.10611799211,Voter,14,3,46.,1,false,true,false,true,12.,12.,0.,0.,11.6550126359
1.10611799211,Voter,14,3,51.,1,false,true,false,true,12.,12.,0.,0.,11.6550126359
1.09175418038,Voter,14,5,1.,1,false,true,false,true,4.,4.,22.,22.,0.
1.09175418038,Voter,14,5,6.,1,false,true,false,true,26.,24.,0.,0.,11.2543117431
1.09175418038,Voter,14,5,11.,1,false,true,false,true,26.,24.,0.,0.,11.5609874878
1.09175418038,Voter,14,5,16.,1,false,true,false,true,26.,24.,0.,0.,11.5699541729
1.09175418038,Voter,14,5,21.,1,false,true,false,true,26.,24.,0.,0.,11.5702318534
1.09175418038,Voter,14,5,26.,1,false,true,false,true,26.,24.,0.,0.,11.5702408538
1.09175418038,Voter,14,5,31.,1,false,true,false,true,26.,24.,0.,0.,11.5702411562
1.09175418038,Voter,14,5,36.,1,false,true,false,true,26.,24.,0.,0.,11.5702411666
1.09175418038,Voter,14,5,41.,1,false,true,false,true,26.,24.,0.,0.,11.570241167
1.09175418038,Voter,14,5,46.,1,false,true,false,true,26.,24.,0.,0.,11.570241167
1.09175418038,Voter,14,5,51.,1,false,true,false,true,26.,24.,0.,0.,11.570241167
1.30819187694,Voter,14,3,1.,1,false,true,false,true,4.,4.,8.,8.,0.
1.30819187694,Voter,14,3,6.,1,false,true,false,true,16.,14.,8.,8.,12.1821955979
1.30819187694,Voter,14,3,11.,1,false,true,false,true,16.,14.,8.,8.,12.710491095
1.30819187694,Voter,14,3,16.,1,false,true,false,true,16.,14.,8.,8.,12.7345673949
1.30819187694,Voter,14,3,21.,1,false,true,false,true,16.,14.,8.,8.,12.7357123715
1.30819187694,Voter,14,3,26.,1,false,true,false,true,16.,14.,8.,8.,12.7357687932
1.30819187694,Voter,14,3,31.,1,false,true,false,true,16.,14.,8.,8.,12.7357716563
1.30819187694,Voter,14,3,36.,1,false,true,false,true,16.,14.,8.,8.,12.7357718052
1.30819187694,Voter,14,3,41.,1,false,true,false,true,16.,14.,8.,8.,12.7357718131
1.30819187694,Voter,14,3,46.,1,false,true,false,true,16.,14.,8.,8.,12.7357718135
1.30819187694,Voter,14,3,51.,1,false,true,false,true,16.,14.,8.,8.,12.7357718135
1.17974665657,Sample,14,5,1.,1,false,true,false,true,44.,38.,84.,70.,0.
1.17974665657,Sample,14,5,6.,1,false,true,false,true,118.,102.,122.,108.,11.6673273978
1.17974665657,Sample,14,5,11.,1,false,true,false,true,120.,104.,120.,106.,12.0575974738
1.17974665657,Sample,14,5,16.,1,false,true,false,true,120.,104.,120.,106.,12.0714686215
1.17974665657,Sample,14,5,21.,1,false,true,false,true,120.,104.,120.,106.,12.071987258
1.17974665657,Sample,14,5,26.,1,false,true,false,true,120.,104.,120.,106.,12.0720074639
1.17974665657,Sample,14,5,31.,1,false,true,false,true,120.,104.,120.,106.,12.0720082776
1.17974665657,Sample,14,5,36.,1,false,true,false,true,120.,104.,120.,106.,12.0720083112
1.17974665657,Sample,14,5,41.,1,false,true,false,true,120.,104.,120.,106.,12.0720083126
1.17974665657,Sample,14,5,46.,1,false,true,false,true,120.,104.,120.,106.,12.0720083127
1.17974665657,Sample,14,5,51.,1,false,true,false,true,120.,104.,120.,106.,12.0720083127
1.12191956512,Voter,14,6,1.,1,false,true,false,true,42.,38.,50.,48.,0.
1.12191956512,Voter,14,6,6.,1,false,true,false,true,70.,58.,30.,30.,11.4018509476
1.12191956512,Voter,14,6,11.,1,false,true,false,true,70.,58.,30.,30.,11.7361077124
1.12191956512,Voter,14,6,16.,1,false,true,false,true,70.,58.,30.,30.,11.7465842655
1.12191956512,Voter,14,6,21.,1,false,true,false,true,70.,58.,30.,30.,11.7469311985
1.12191956512,Voter,14,6,26.,1,false,true,false,true,70.,58.,30.,30.,11.746943204
1.12191956512,Voter,14,6,31.,1,false,true,false,true,70.,58.,30.,30.,11.7469436343
1.12191956512,Voter,14,6,36.,1,false,true,false,true,70.,58.,30.,30.,11.7469436501
1.12191956512,Voter,14,6,41.,1,false,true,false,true,70.,58.,30.,30.,11.7469436507
1.12191956512,Voter,14,6,46.,1,false,true,false,true,70.,58.,30.,30.,11.7469436507
1.12191956512,Voter,14,6,51.,1,false,true,false,true,70.,58.,30.,30.,11.7469436507
1.03800583468,Voter,14,3,1.,1,false,true,false,true,22.,22.,20.,20.,0.
1.03800583468,Voter,14,3,6.,1,false,true,false,true,26.,24.,16.,16.,10.9751233707
1.03800583468,Voter,14,3,11.,1,false,true,false,true,26.,24.,16.,16.,11.2355645851
1.03800583468,Voter,14,3,16.,1,false,true,false,true,26.,24.,16.,16.,11.242243372
1.03800583468,Voter,14,3,21.,1,false,true,false,true,26.,24.,16.,16.,11.242425646
1.03800583468,Voter,14,3,26.,1,false,true,false,true,26.,24.,16.,16.,11.2424308683
1.03800583468,Voter,14,3,31.,1,false,true,false,true,26.,24.,16.,16.,11.2424310237
1.03800583468,Voter,14,3,36.,1,false,true,false,true,26.,24.,16.,16.,11.2424310285
1.03800583468,Voter,14,3,41.,1,false,true,false,true,26.,24.,16.,16.,11.2424310286
1.03800583468,Voter,14,3,46.,1,false,true,false,true,26.,24.,16.,16.,11.2424310286
1.03800583468,Voter,14,3,51.,1,false,true,false,true,26.,24.,16.,16.,11.2424310286
0.951934248626,Sample,14,6,1.,1,false,true,false,true,90.,72.,152.,110.,0.
0.951934248626,Sample,14,6,6.,1,false,true,false,true,168.,124.,186.,134.,10.4813381232
0.951934248626,Sample,14,6,11.,1,false,true,false,true,174.,128.,184.,132.,10.675836316
0.951934248626,Sample,14,6,16.,1,false,true,false,true,174.,128.,184.,132.,10.6797908271
0.951934248626,Sample,14,6,21.,1,false,true,false,true,174.,128.,184.,132.,10.6798771545
0.951934248626,Sample,14,6,26.,1,false,true,false,true,174.,128.,184.,132.,10.6798791435
0.951934248626,Sample,14,6,31.,1,false,true,false,true,174.,128.,184.,132.,10.6798791913
0.951934248626,Sample,14,6,36.,1,false,true,false,true,174.,128.,184.,132.,10.6798791925
0.951934248626,Sample,14,6,41.,1,false,true,false,true,174.,128.,184.,132.,10.6798791925
0.951934248626,Sample,14,6,46.,1,false,true,false,true,174.,128.,184.,132.,10.6798791925
0.951934248626,Sample,14,6,51.,1,false,true,false,true,174.,128.,184.,132.,10.6798791925
1.21409059543,Sample,14,7,1.,1,false,true,false,true,84.,72.,166.,128.,0.
1.21409059543,Sample,14,7,6.,1,false,true,false,true,238.,190.,228.,178.,11.8147229205
1.21409059543,Sample,14,7,11.,1,false,true,false,true,242.,194.,228.,178.,12.2401298482
1.21409059543,Sample,14,7,16.,1,false,true,false,true,242.,194.,228.,178.,12.2563522583
1.21409059543,Sample,14,7,21.,1,false,true,false,true,242.,194.,228.,178.,12.2570014996
1.21409059543,Sample,14,7,26.,1,false,true,false,true,242.,194.,228.,178.,12.257028531
1.21409059543,Sample,14,7,31.,1,false,true,false,true,242.,194.,228.,178.,12.2570296931
1.21409059543,Sample,14,7,36.,1,false,true,false,true,242.,194.,228.,178.,12.2570297444
1.21409059543,Sample,14,7,41.,1,false,true,false,true,242.,194.,228.,178.,12.2570297467
1.21409059543,Sample,14,7,46.,1,false,true,false,true,242.,194.,228.,178.,12.2570297468
1.21409059543,Sample,14,7,51.,1,false,true,false,true,242.,194.,228.,178.,12.2570297468
1.1863070381,Voter,14,3,1.,1,false,true,false,true,6.,6.,14.,14.,0.
1.1863070381,Voter,14,3,6.,1,false,true,false,true,20.,20.,4.,4.,11.6960590175
1.1863070381,Voter,14,3,11.,1,false,true,false,true,22.,22.,6.,6.,12.0929358931
1.1863070381,Voter,14,3,16.,1,false,true,false,true,22.,22.,6.,6.,12.107236167
1.1863070381,Voter,14,3,21.,1,false,true,false,true,22.,22.,6.,6.,12.1077779628
1.1863070381,Voter,14,3,26.,1,false,true,false,true,22.,22.,6.,6.,12.1077993452
1.1863070381,Voter,14,3,31.,1,false,true,false,true,22.,22.,6.,6.,12.1078002173
1.1863070381,Voter,14,3,36.,1,false,true,false,true,22.,22.,6.,6.,12.1078002538
1.1863070381,Voter,14,3,41.,1,false,true,false,true,22.,22.,6.,6.,12.1078002554
1.1863070381,Voter,14,3,46.,1,false,true,false,true,22.,22.,6.,6.,12.1078002554
1.1863070381,Voter,14,3,51.,1,false,true,false,true,22.,22.,6.,6.,12.1078002554
1.19676077886,Voter,14,7,1.,1,false,true,false,true,36.,36.,66.,64.,0.
1.19676077886,Voter,14,7,6.,1,false,true,false,true,74.,66.,44.,42.,11.7412757355
1.19676077886,Voter,14,7,11.,1,false,true,false,true,74.,66.,44.,42.,12.1487835325
1.19676077886,Voter,14,7,16.,1,false,true,false,true,74.,66.,44.,42.,12.1637869489
1.19676077886,Voter,14,7,21.,1,false,true,false,true,74.,66.,44.,42.,12.1643673556
1.19676077886,Voter,14,7,26.,1,false,true,false,true,74.,66.,44.,42.,12.1643907327
1.19676077886,Voter,14,7,31.,1,false,true,false,true,74.,66.,44.,42.,12.1643917054
1.19676077886,Voter,14,7,36.,1,false,true,false,true,74.,66.,44.,42.,12.164391747
1.19676077886,Voter,14,7,41.,1,false,true,false,true,74.,66.,44.,42.,12.1643917488
1.19676077886,Voter,14,7,46.,1,false,true,false,true,74.,66.,44.,42.,12.1643917489
1.19676077886,Voter,14,7,51.,1,false,true,false,true,74.,66.,44.,42.,12.1643917489
1.09589403512,Voter,14,3,1.,1,false,true,false,true,2.,2.,10.,10.,0.
1.09589403512,Voter,14,3,6.,1,false,true,false,true,12.,12.,0.,0.,11.2749400666
1.09589403512,Voter,14,3,11.,1,false,true,false,true,12.,12.,0.,0.,11.5853326571
1.09589403512,Voter,14,3,16.,1,false,true,false,true,12.,12.,0.,0.,11.5944965376
1.09589403512,Voter,14,3,21.,1,false,true,false,true,12.,12.,0.,0.,11.5947829934
1.09589403512,Voter,14,3,26.,1,false,true,false,true,12.,12.,0.,0.,11.5947923634
1.09589403512,Voter,14,3,31.,1,false,true,false,true,12.,12.,0.,0.,11.5947926811
1.09589403512,Voter,14,3,36.,1,false,true,false,true,12.,12.,0.,0.,11.5947926922
1.09589403512,Voter,14,3,41.,1,false,true,false,true,12.,12.,0.,0.,11.5947926926
1.09589403512,Voter,14,3,46.,1,false,true,false,true,12.,12.,0.,0.,11.5947926926
1.09589403512,Voter,14,3,51.,1,false,true,false,true,12.,12.,0.,0.,11.5947926926
0.964042557134,Voter,14,7,1.,1,false,true,false,true,38.,36.,66.,60.,0.
0.964042557134,Voter,14,7,6.,1,false,true,false,true,122.,104.,82.,78.,10.5544666164
0.964042557134,Voter,14,7,11.,1,false,true,false,true,122.,104.,82.,78.,10.7576234499
0.964042557134,Voter,14,7,16.,1,false,true,false,true,122.,104.,82.,78.,10.7618988148
0.964042557134,Voter,14,7,21.,1,false,true,false,true,122.,104.,82.,78.,10.7619952891
0.964042557134,Voter,14,7,26.,1,false,true,false,true,122.,104.,82.,78.,10.7619975849
0.964042557134,Voter,14,7,31.,1,false,true,false,true,122.,104.,82.,78.,10.7619976418
0.964042557134,Voter,14,7,36.,1,false,true,false,true,122.,104.,82.,78.,10.7619976433
0.964042557134,Voter,14,7,41.,1,false,true,false,true,122.,104.,82.,78.,10.7619976433
0.964042557134,Voter,14,7,46.,1,false,true,false,true,122.,104.,82.,78.,10.7619976433
0.964042557134,Voter,14,7,51.,1,false,true,false,true,122.,104.,82.,78.,10.7619976433
0.869294393069,Sample,14,5,1.,1,false,true,false,true,34.,34.,52.,46.,0.
0.869294393069,Sample,14,5,6.,1,false,true,false,true,66.,64.,52.,52.,9.94782068244
0.869294393069,Sample,14,5,11.,1,false,true,false,true,70.,68.,52.,52.,10.0887450883
0.869294393069,Sample,14,5,16.,1,false,true,false,true,70.,68.,52.,52.,10.0909696153
0.869294393069,Sample,14,5,21.,1,false,true,false,true,70.,68.,52.,52.,10.0910077004
0.869294393069,Sample,14,5,26.,1,false,true,false,true,70.,68.,52.,52.,10.0910083925
0.869294393069,Sample,14,5,31.,1,false,true,false,true,70.,68.,52.,52.,10.0910084057
0.869294393069,Sample,14,5,36.,1,false,true,false,true,70.,68.,52.,52.,10.0910084059
0.869294393069,Sample,14,5,41.,1,false,true,false,true,70.,68.,52.,52.,10.091008406
0.869294393069,Sample,14,5,46.,1,false,true,false,true,70.,68.,52.,52.,10.091008406
0.869294393069,Sample,14,5,51.,1,false,true,false,true,70.,68.,52.,52.,10.091008406
1.35979138707,Sample,14,3,1.,1,false,true,false,true,18.,18.,24.,22.,0.
1.35979138707,Sample,14,3,6.,1,false,true,false,true,50.,42.,60.,46.,12.3626419995
1.35979138707,Sample,14,3,11.,1,false,true,false,true,50.,42.,60.,48.,12.9511354537
1.35979138707,Sample,14,3,16.,1,false,true,false,true,50.,42.,60.,48.,12.9804689571
1.35979138707,Sample,14,3,21.,1,false,true,false,true,50.,42.,60.,48.,12.9819905203
1.35979138707,Sample,14,3,26.,1,false,true,false,true,50.,42.,60.,48.,12.9820721423
1.35979138707,Sample,14,3,31.,1,false,true,false,true,50.,42.,60.,48.,12.982076645
1.35979138707,Sample,14,3,36.,1,false,true,false,true,50.,42.,60.,48.,12.9820768992
1.35979138707,Sample,14,3,41.,1,false,true,false,true,50.,42.,60.,48.,12.9820769138
1.35979138707,Sample,14,3,46.,1,false,true,false,true,50.,42.,60.,48.,12.9820769147
1.35979138707,Sample,14,3,51.,1,false,true,false,true,50.,42.,60.,48.,12.9820769147
0.929101846386,Voter,14,5,1.,1,false,true,false,true,20.,20.,36.,32.,0.
0.929101846386,Voter,14,5,6.,1,false,true,false,true,44.,36.,16.,16.,10.3400244952
0.929101846386,Voter,14,5,11.,1,false,true,false,true,44.,36.,16.,16.,10.518754802
0.929101846386,Voter,14,5,16.,1,false,true,false,true,44.,36.,16.,16.,10.5221541877
0.929101846386,Voter,14,5,21.,1,false,true,false,true,44.,36.,16.,16.,10.5222237894
0.929101846386,Voter,14,5,26.,1,false,true,false,true,44.,36.,16.,16.,10.5222252957
0.929101846386,Voter,14,5,31.,1,false,true,false,true,44.,36.,16.,16.,10.5222253297
0.929101846386,Voter,14,5,36.,1,false,true,false,true,44.,36.,16.,16.,10.5222253305
0.929101846386,Voter,14,5,41.,1,false,true,false,true,44.,36.,16.,16.,10.5222253306
0.929101846386,Voter,14,5,46.,1,false,true,false,true,44.,36.,16.,16.,10.5222253306
0.929101846386,Voter,14,5,51.,1,false,true,false,true,44.,36.,16.,16.,10.5222253306
1.12606355037,Sample,14,6,1.,1,false,true,false,true,64.,50.,140.,102.,0.
1.12606355037,Sample,14,6,6.,1,false,true,false,true,178.,126.,210.,148.,11.4216235985
1.12606355037,Sample,14,6,11.,1,false,true,false,true,184.,128.,204.,146.,11.7597586489
1.12606355037,Sample,14,6,16.,1,false,true,false,true,184.,128.,204.,146.,11.7704561143
1.12606355037,Sample,14,6,21.,1,false,true,false,true,184.,128.,204.,146.,11.7708135666
1.12606355037,Sample,14,6,26.,1,false,true,false,true,184.,128.,204.,146.,11.7708260454
1.12606355037,Sample,14,6,31.,1,false,true,false,true,184.,128.,204.,146.,11.7708264965
1.12606355037,Sample,14,6,36.,1,false,true,false,true,184.,128.,204.,146.,11.7708265132
1.12606355037,Sample,14,6,41.,1,false,true,false,true,184.,128.,204.,146.,11.7708265139
1.12606355037,Sample,14,6,46.,1,false,true,false,true,184.,128.,204.,146.,11.7708265139
1.12606355037,Sample,14,6,51.,1,false,true,false,true,184.,128.,204.,146.,11.7708265139
0.988827692255,Sample,14,7,1.,1,false,true,false,true,32.,32.,140.,112.,0.
0.988827692255,Sample,14,7,6.,1,false,true,false,true,148.,124.,124.,108.,10.7003387487
0.988827692255,Sample,14,7,11.,1,false,true,false,true,150.,124.,122.,106.,10.9218556793
0.988827692255,Sample,14,7,16.,1,false,true,false,true,152.,126.,120.,106.,10.9268485668
0.988827692255,Sample,14,7,21.,1,false,true,false,true,152.,126.,120.,106.,10.9269689169
0.988827692255,Sample,14,7,26.,1,false,true,false,true,152.,126.,120.,106.,10.9269719714
0.988827692255,Sample,14,7,31.,1,false,true,false,true,152.,126.,120.,106.,10.9269720521
0.988827692255,Sample,14,7,36.,1,false,true,false,true,152.,126.,120.,106.,10.9269720543
0.988827692255,Sample,14,7,41.,1,false,true,false,true,152.,126.,120.,106.,10.9269720543
0.988827692255,Sample,14,7,46.,1,false,true,false,true,152.,126.,120.,106.,10.9269720543
0.988827692255,Sample,14,7,51.,1,false,true,false,true,152.,126.,120.,106.,10.9269720543
1.3656424696,Voter,14,6,1.,1,false,true,false,true,26.,22.,46.,42.,0.
1.3656424696,Voter,14,6,6.,1,false,true,false,true,62.,56.,18.,18.,12.3822181693
1.3656424696,Voter,14,6,11.,1,false,true,false,true,62.,56.,18.,18.,12.9776938099
1.3656424696,Voter,14,6,16.,1,false,true,false,true,62.,56.,18.,18.,13.0076684674
1.3656424696,Voter,14,6,21.,1,false,true,false,true,62.,56.,18.,18.,13.00923818
1.3656424696,Voter,14,6,26.,1,false,true,false,true,62.,56.,18.,18.,13.0093231732
1.3656424696,Voter,14,6,31.,1,false,true,false,true,62.,56.,18.,18.,13.0093279051
1.3656424696,Voter,14,6,36.,1,false,true,false,true,62.,56.,18.,18.,13.0093281747
1.3656424696,Voter,14,6,41.,1,false,true,false,true,62.,56.,18.,18.,13.0093281904
1.3656424696,Voter,14,6,46.,1,false,true,false,true,62.,56.,18.,18.,13.0093281913
1.3656424696,Voter,14,6,51.,1,false,true,false,true,62.,56.,18.,18.,13.0093281913
1.1571830996,Voter,14,4,1.,1,false,true,false,true,20.,18.,42.,36.,0.
1.1571830996,Voter,14,4,6.,1,false,true,false,true,48.,42.,30.,28.,11.5663832719
1.1571830996,Voter,14,4,11.,1,false,true,false,true,48.,42.,30.,28.,11.9343173792
1.1571830996,Voter,14,4,16.,1,false,true,false,true,48.,42.,30.,28.,11.946782506
1.1571830996,Voter,14,4,21.,1,false,true,false,true,48.,42.,30.,28.,11.9472274828
1.1571830996,Voter,14,4,26.,1,false,true,false,true,48.,42.,30.,28.,11.9472440525
1.1571830996,Voter,14,4,31.,1,false,true,false,true,48.,42.,30.,28.,11.9472446907
1.1571830996,Voter,14,4,36.,1,false,true,false,true,48.,42.,30.,28.,11.947244716
1.1571830996,Voter,14,4,41.,1,false,true,false,true,48.,42.,30.,28.,11.947244717
1.1571830996,Voter,14,4,46.,1,false,true,false,true,48.,42.,30.,28.,11.947244717
1.1571830996,Voter,14,4,51.,1,false,true,false,true,48.,42.,30.,28.,11.947244717
1.01468783001,Voter,14,4,1.,1,false,true,false,true,4.,4.,16.,14.,0.
1.01468783001,Voter,14,4,6.,1,false,true,false,true,38.,34.,26.,26.,10.8472109797
1.01468783001,Voter,14,4,11.,1,false,true,false,true,38.,34.,26.,26.,11.0887864843
1.01468783001,Voter,14,4,16.,1,false,true,false,true,38.,34.,26.,26.,11.0946204154
1.01468783001,Voter,14,4,21.,1,false,true,false,true,38.,34.,26.,26.,11.0947706892
1.01468783001,Voter,14,4,26.,1,false,true,false,true,38.,34.,26.,26.,11.0947747585
1.01468783001,Voter,14,4,31.,1,false,true,false,true,38.,34.,26.,26.,11.094774873
1.01468783001,Voter,14,4,36.,1,false,true,false,true,38.,34.,26.,26.,11.0947748763
1.01468783001,Voter,14,4,41.,1,false,true,false,true,38.,34.,26.,26.,11.0947748764
1.01468783001,Voter,14,4,46.,1,false,true,false,true,38.,34.,26.,26.,11.0947748764
1.01468783001,Voter,14,4,51.,1,false,true,false,true,38.,34.,26.,26.,11.0947748764
1.32843545471,Voter,14,6,1.,1,false,true,false,true,44.,42.,58.,50.,0.
1.32843545471,Voter,14,6,6.,1,false,true,false,true,100.,84.,82.,74.,12.2546854421
1.32843545471,Voter,14,6,11.,1,false,true,false,true,98.,84.,80.,72.,12.8062970647
1.32843545471,Voter,14,6,16.,1,false,true,false,true,98.,84.,80.,72.,12.8323519675
1.32843545471,Voter,14,6,21.,1,false,true,false,true,98.,84.,80.,72.,12.8336347683
1.32843545471,Voter,14,6,26.,1,false,true,false,true,98.,84.,80.,72.,12.8337001611
1.32843545471,Voter,14,6,31.,1,false,true,false,true,98.,84.,80.,72.,12.833703592
1.32843545471,Voter,14,6,36.,1,false,true,false,true,98.,84.,80.,72.,12.8337037764
1.32843545471,Voter,14,6,41.,1,false,true,false,true,98.,84.,80.,72.,12.8337037865
1.32843545471,Voter,14,6,46.,1,false,true,false,true,98.,84.,80.,72.,12.833703787
1.32843545471,Voter,14,6,51.,1,false,true,false,true,98.,84.,80.,72.,12.8337037871
1.30167736096,Sample,14,6,1.,1,false,true,false,true,38.,36.,80.,66.,0.
1.30167736096,Sample,14,6,6.,1,false,true,false,true,122.,114.,112.,104.,12.1583909463
1.30167736096,Sample,14,6,11.,1,false,true,false,true,126.,114.,112.,104.,12.679268354
1.30167736096,Sample,14,6,16.,1,false,true,false,true,126.,114.,112.,104.,12.7027304815
1.30167736096,Sample,14,6,21.,1,false,true,false,true,126.,114.,112.,104.,12.703833675
1.30167736096,Sample,14,6,26.,1,false,true,false,true,126.,114.,112.,104.,12.703887439
1.30167736096,Sample,14,6,31.,1,false,true,false,true,126.,114.,112.,104.,12.7038901376
1.30167736096,Sample,14,6,36.,1,false,true,false,true,126.,114.,112.,104.,12.7038902764
1.30167736096,Sample,14,6,41.,1,false,true,false,true,126.,114.,112.,104.,12.7038902837
1.30167736096,Sample,14,6,46.,1,false,true,false,true,126.,114.,112.,104.,12.7038902841
1.30167736096,Sample,14,6,51.,1,false,true,false,true,126.,114.,112.,104.,12.7038902841
0.981956225975,Sample,14,5,1.,1,false,true,false,true,14.,14.,54.,50.,0.
0.981956225975,Sample,14,5,6.,1,false,true,false,true,72.,64.,60.,60.,10.6604044918
0.981956225975,Sample,14,5,11.,1,false,true,false,true,72.,64.,60.,60.,10.8767459785
0.981956225975,Sample,14,5,16.,1,false,true,false,true,72.,64.,60.,60.,10.8815315193
0.981956225975,Sample,14,5,21.,1,false,true,false,true,72.,64.,60.,60.,10.8816448074
0.981956225975,Sample,14,5,26.,1,false,true,false,true,72.,64.,60.,60.,10.8816476325
0.981956225975,Sample,14,5,31.,1,false,true,false,true,72.,64.,60.,60.,10.8816477058
0.981956225975,Sample,14,5,36.,1,false,true,false,true,72.,64.,60.,60.,10.8816477078
0.981956225975,Sample,14,5,41.,1,false,true,false,true,72.,64.,60.,60.,10.8816477078
0.981956225975,Sample,14,5,46.,1,false,true,false,true,72.,64.,60.,60.,10.8816477078
0.981956225975,Sample,14,5,51.,1,false,true,false,true,72.,64.,60.,60.,10.8816477078
0.822905759718,Voter,14,5,1.,1,false,true,false,true,26.,22.,26.,26.,0.
0.822905759718,Voter,14,5,6.,1,false,true,false,true,40.,34.,12.,12.,9.62037866868
0.822905759718,Voter,14,5,11.,1,false,true,false,true,40.,34.,12.,12.,9.73548206981
0.822905759718,Voter,14,5,16.,1,false,true,false,true,40.,34.,12.,12.,9.73703430321
0.822905759718,Voter,14,5,21.,1,false,true,false,true,40.,34.,12.,12.,9.73705715421
0.822905759718,Voter,14,5,26.,1,false,true,false,true,40.,34.,12.,12.,9.73705751254
0.822905759718,Voter,14,5,31.,1,false,true,false,true,40.,34.,12.,12.,9.73705751843
0.822905759718,Voter,14,5,36.,1,false,true,false,true,40.,34.,12.,12.,9.73705751853
0.822905759718,Voter,14,5,41.,1,false,true,false,true,40.,34.,12.,12.,9.73705751853
0.822905759718,Voter,14,5,46.,1,false,true,false,true,40.,34.,12.,12.,9.73705751853
0.822905759718,Voter,14,5,51.,1,false,true,false,true,40.,34.,12.,12.,9.73705751853
0.938440824737,Voter,14,4,1.,1,false,true,false,true,18.,16.,20.,18.,0.
0.938440824737,Voter,14,4,6.,1,false,true,false,true,38.,34.,28.,28.,10.3983705908
0.938440824737,Voter,14,4,11.,1,false,true,false,true,38.,34.,28.,28.,10.5834616797
0.938440824737,Voter,14,4,16.,1,false,true,false,true,38.,34.,28.,28.,10.5870804506
0.938440824737,Voter,14,4,21.,1,false,true,false,true,38.,34.,28.,28.,10.5871565325
0.938440824737,Voter,14,4,26.,1,false,true,false,true,38.,34.,28.,28.,10.5871582223
0.938440824737,Voter,14,4,31.,1,false,true,false,true,38.,34.,28.,28.,10.5871582614
0.938440824737,Voter,14,4,36.,1,false,true,false,true,38.,34.,28.,28.,10.5871582623
0.938440824737,Voter,14,4,41.,1,false,true,false,true,38.,34.,28.,28.,10.5871582623
0.938440824737,Voter,14,4,46.,1,false,true,false,true,38.,34.,28.,28.,10.5871582623
0.938440824737,Voter,14,4,51.,1,false,true,false,true,38.,34.,28.,28.,10.5871582623
1.08187584842,Sample,14,3,1.,1,false,true,false,true,8.,8.,14.,14.,0.
1.08187584842,Sample,14,3,6.,1,false,true,false,true,44.,40.,46.,38.,11.2045925711
1.08187584842,Sample,14,3,11.,1,false,true,false,true,50.,44.,52.,44.,11.5024882383
1.08187584842,Sample,14,3,16.,1,false,true,false,true,50.,44.,52.,44.,11.5109969005
1.08187584842,Sample,14,3,21.,1,false,true,false,true,50.,44.,52.,44.,11.5112545235
1.08187584842,Sample,14,3,26.,1,false,true,false,true,50.,44.,52.,44.,11.511262692
1.08187584842,Sample,14,3,31.,1,false,true,false,true,50.,44.,52.,44.,11.5112629606
1.08187584842,Sample,14,3,36.,1,false,true,false,true,50.,44.,52.,44.,11.5112629697
1.08187584842,Sample,14,3,41.,1,false,true,false,true,50.,44.,52.,44.,11.51126297
1.08187584842,Sample,14,3,46.,1,false,true,false,true,50.,44.,52.,44.,11.51126297
1.08187584842,Sample,14,3,51.,1,false,true,false,true,50.,44.,52.,44.,11.51126297
0.82563346665,Sample,14,3,1.,1,false,true,false,true,4.,4.,12.,12.,0.
0.82563346665,Sample,14,3,6.,1,false,true,false,true,16.,16.,0.,0.,9.64022018177
0.82563346665,Sample,14,3,11.,1,false,true,false,true,16.,16.,0.,0.,9.7567573212
0.82563346665,Sample,14,3,16.,1,false,true,false,true,16.,16.,0.,0.,9.75834404546
0.82563346665,Sample,14,3,21.,1,false,true,false,true,16.,16.,0.,0.,9.75836762009
0.82563346665,Sample,14,3,26.,1,false,true,false,true,16.,16.,0.,0.,9.75836799311
0.82563346665,Sample,14,3,31.,1,false,true,false,true,16.,16.,0.,0.,9.75836799929
0.82563346665,Sample,14,3,36.,1,false,true,false,true,16.,16.,0.,0.,9.7583679994
0.82563346665,Sample,14,3,41.,1,false,true,false,true,16.,16.,0.,0.,9.7583679994
0.82563346665,Sample,14,3,46.,1,false,true,false,true,16.,16.,0.,0.,9.7583679994
0.82563346665,Sample,14,3,51.,1,false,true,false,true,16.,16.,0.,0.,9.7583679994
0.807548804667,Voter,14,5,1.,1,false,true,false,true,30.,26.,28.,28.,0.
0.807548804667,Voter,14,5,6.,1,false,true,false,true,36.,32.,26.,26.,9.50726326384
0.807548804667,Voter,14,5,11.,1,false,true,false,true,36.,32.,26.,26.,9.6144911663
0.807548804667,Voter,14,5,16.,1,false,true,false,true,36.,32.,26.,26.,9.61585999015
0.807548804667,Voter,14,5,21.,1,false,true,false,true,36.,32.,26.,26.,9.61587910887
0.807548804667,Voter,14,5,26.,1,false,true,false,true,36.,32.,26.,26.,9.61587939367
0.807548804667,Voter,14,5,31.,1,false,true,false,true,36.,32.,26.,26.,9.61587939811
0.807548804667,Voter,14,5,36.,1,false,true,false,true,36.,32.,26.,26.,9.61587939818
0.807548804667,Voter,14,5,41.,1,false,true,false,true,36.,32.,26.,26.,9.61587939818
0.807548804667,Voter,14,5,46.,1,false,true,false,true,36.,32.,26.,26.,9.61587939818
0.807548804667,Voter,14,5,51.,1,false,true,false,true,36.,32.,26.,26.,9.61587939818
0.973857992107,Voter,14,4,1.,1,false,true,false,true,20.,18.,38.,34.,0.
0.973857992107,Voter,14,4,6.,1,false,true,false,true,44.,40.,18.,18.,10.6128429613
0.973857992107,Voter,14,4,11.,1,false,true,false,true,44.,40.,18.,18.,10.8231688707
0.973857992107,Voter,14,4,16.,1,false,true,false,true,44.,40.,18.,18.,10.8277184173
0.973857992107,Voter,14,4,21.,1,false,true,false,true,44.,40.,18.,18.,10.8278238266
0.973857992107,Voter,14,4,26.,1,false,true,false,true,44.,40.,18.,18.,10.8278264006
0.973857992107,Voter,14,4,31.,1,false,true,false,true,44.,40.,18.,18.,10.827826466
0.973857992107,Voter,14,4,36.,1,false,true,false,true,44.,40.,18.,18.,10.8278264677
0.973857992107,Voter,14,4,41.,1,false,true,false,true,44.,40.,18.,18.,10.8278264678
0.973857992107,Voter,14,4,46.,1,false,true,false,true,44.,40.,18.,18.,10.8278264678
0.973857992107,Voter,14,4,51.,1,false,true,false,true,44.,40.,18.,18.,10.8278264678
1.25113567161,Sample,14,5,1.,1,false,true,false,true,14.,12.,48.,38.,0.
1.25113567161,Sample,14,5,6.,1,false,true,false,true,64.,58.,74.,66.,11.9655674739
1.25113567161,Sample,14,5,11.,1,false,true,false,true,62.,56.,64.,62.,12.4303586
1.25113567161,Sample,14,5,16.,1,false,true,false,true,62.,56.,64.,62.,12.4494175805
1.25113567161,Sample,14,5,21.,1,false,true,false,true,62.,56.,64.,62.,12.4502358383
1.25113567161,Sample,14,5,26.,1,false,true,false,true,62.,56.,64.,62.,12.4502723257
1.25113567161,Sample,14,5,31.,1,false,true,false,true,62.,56.,64.,62.,12.4502740039
1.25113567161,Sample,14,5,36.,1,false,true,false,true,62.,56.,64.,62.,12.450274083
1.25113567161,Sample,14,5,41.,1,false,true,false,true,62.,56.,64.,62.,12.4502740869
1.25113567161,Sample,14,5,46.,1,false,true,false,true,62.,56.,64.,62.,12.450274087
1.25113567161,Sample,14,5,51.,1,false,true,false,true,62.,56.,64.,62.,12.450274087
1.01606245655,Sample,14,4,1.,1,false,true,false,true,14.,14.,36.,30.,0.
1.01606245655,Sample,14,4,6.,1,false,true,false,true,32.,32.,26.,26.,10.8548691732
1.01606245655,Sample,14,4,11.,1,false,true,false,true,32.,32.,26.,26.,11.0975364602
1.01606245655,Sample,14,4,16.,1,false,true,false,true,32.,32.,26.,26.,11.1034178674
1.01606245655,Sample,14,4,21.,1,false,true,false,true,32.,32.,26.,26.,11.1035698893
1.01606245655,Sample,14,4,26.,1,false,true,false,true,32.,32.,26.,26.,11.1035740199
1.01606245655,Sample,14,4,31.,1,false,true,false,true,32.,32.,26.,26.,11.1035741365
1.01606245655,Sample,14,4,36.,1,false,true,false,true,32.,32.,26.,26.,11.1035741399
1.01606245655,Sample,14,4,41.,1,false,true,false,true,32.,32.,26.,26.,11.10357414
1.01606245655,Sample,14,4,46.,1,false,true,false,true,32.,32.,26.,26.,11.10357414
1.01606245655,Sample,14,4,51.,1,false,true,false,true,32.,32.,26.,26.,11.10357414
0.92195621095,Voter,14,3,1.,1,false,true,false,true,2.,2.,8.,8.,0.
0.92195621095,Voter,14,3,6.,1,false,true,false,true,10.,10.,8.,8.,10.2948649837
0.92195621095,Voter,14,3,11.,1,false,true,false,true,10.,10.,8.,8.,10.4688115101
0.92195621095,Voter,14,3,16.,1,false,true,false,true,10.,10.,8.,8.,10.4720499815
0.92195621095,Voter,14,3,21.,1,false,true,false,true,10.,10.,8.,8.,10.4721149419
0.92195621095,Voter,14,3,26.,1,false,true,false,true,10.,10.,8.,8.,10.4721163199
0.92195621095,Voter,14,3,31.,1,false,true,false,true,10.,10.,8.,8.,10.4721163504
0.92195621095,Voter,14,3,36.,1,false,true,false,true,10.,10.,8.,8.,10.4721163511
0.92195621095,Voter,14,3,41.,1,false,true,false,true,10.,10.,8.,8.,10.4721163511
0.92195621095,Voter,14,3,46.,1,false,true,false,true,10.,10.,8.,8.,10.4721163511
0.92195621095,Voter,14,3,51.,1,false,true,false,true,10.,10.,8.,8.,10.4721163511
1.33712212881,Sample,14,5,1.,1,false,true,false,true,36.,34.,90.,80.,0.
1.33712212881,Sample,14,5,6.,1,false,true,false,true,162.,128.,204.,156.,12.2851134781
1.33712212881,Sample,14,5,11.,1,false,true,false,true,172.,128.,194.,156.,12.8468507789
1.33712212881,Sample,14,5,16.,1,false,true,false,true,172.,128.,194.,156.,12.8737876666
1.33712212881,Sample,14,5,21.,1,false,true,false,true,172.,128.,194.,156.,12.8751334481
1.33712212881,Sample,14,5,26.,1,false,true,false,true,172.,128.,194.,156.,12.8752030401
1.33712212881,Sample,14,5,31.,1,false,true,false,true,172.,128.,194.,156.,12.875206743
1.33712212881,Sample,14,5,36.,1,false,true,false,true,172.,128.,194.,156.,12.8752069448
1.33712212881,Sample,14,5,41.,1,false,true,false,true,172.,128.,194.,156.,12.875206956
1.33712212881,Sample,14,5,46.,1,false,true,false,true,172.,128.,194.,156.,12.8752069566
1.33712212881,Sample,14,5,51.,1,false,true,false,true,172.,128.,194.,156.,12.8752069566
1.00649730078,Voter,14,7,1.,1,false,true,false,true,78.,70.,116.,98.,0.
1.00649730078,Voter,14,7,6.,1,false,true,false,true,142.,118.,108.,84.,10.8012712025
1.00649730078,Voter,14,7,11.,1,false,true,false,true,144.,120.,106.,84.,11.0363947392
1.00649730078,Voter,14,7,16.,1,false,true,false,true,144.,120.,106.,84.,11.0419516768
1.00649730078,Voter,14,7,21.,1,false,true,false,true,144.,120.,106.,84.,11.0420918749
1.00649730078,Voter,14,7,26.,1,false,true,false,true,144.,120.,106.,84.,11.0420955952
1.00649730078,Voter,14,7,31.,1,false,true,false,true,144.,120.,106.,84.,11.0420956978
1.00649730078,Voter,14,7,36.,1,false,true,false,true,144.,120.,106.,84.,11.0420957007
1.00649730078,Voter,14,7,41.,1,false,true,false,true,144.,120.,106.,84.,11.0420957008
1.00649730078,Voter,14,7,46.,1,false,true,false,true,144.,120.,106.,84.,11.0420957008
1.00649730078,Voter,14,7,51.,1,false,true,false,true,144.,120.,106.,84.,11.0420957008
1.19279871022,Voter,14,3,1.,1,false,true,false,true,4.,4.,6.,6.,0.
1.19279871022,Voter,14,3,6.,1,false,true,false,true,10.,10.,4.,4.,11.7242195973
1.19279871022,Voter,14,3,11.,1,false,true,false,true,10.,10.,4.,4.,12.1276833236
1.19279871022,Voter,14,3,16.,1,false,true,false,true,10.,10.,4.,4.,12.1424174247
1.19279871022,Voter,14,3,21.,1,false,true,false,true,10.,10.,4.,4.,12.1429829465
1.19279871022,Voter,14,3,26.,1,false,true,false,true,10.,10.,4.,4.,12.1430055498
1.19279871022,Voter,14,3,31.,1,false,true,false,true,10.,10.,4.,4.,12.1430064832
1.19279871022,Voter,14,3,36.,1,false,true,false,true,10.,10.,4.,4.,12.1430065228
1.19279871022,Voter,14,3,41.,1,false,true,false,true,10.,10.,4.,4.,12.1430065245
1.19279871022,Voter,14,3,46.,1,false,true,false,true,10.,10.,4.,4.,12.1430065246
1.19279871022,Voter,14,3,51.,1,false,true,false,true,10.,10.,4.,4.,12.1430065246
1.28857386163,Voter,14,5,1.,1,false,true,false,true,30.,30.,42.,38.,0.
1.28857386163,Voter,14,5,6.,1,false,true,false,true,80.,66.,72.,64.,12.1097948584
1.28857386163,Voter,14,5,11.,1,false,true,false,true,82.,68.,74.,66.,12.6158795239
1.28857386163,Voter,14,5,16.,1,false,true,false,true,82.,68.,74.,66.,12.6381390361
1.28857386163,Voter,14,5,21.,1,false,true,false,true,82.,68.,74.,66.,12.6391618226
1.28857386163,Voter,14,5,26.,1,false,true,false,true,82.,68.,74.,66.,12.6392105573
1.28857386163,Voter,14,5,31.,1,false,true,false,true,82.,68.,74.,66.,12.6392129499
1.28857386163,Voter,14,5,36.,1,false,true,false,true,82.,68.,74.,66.,12.6392130703
1.28857386163,Voter,14,5,41.,1,false,true,false,true,82.,68.,74.,66.,12.6392130765
1.28857386163,Voter,14,5,46.,1,false,true,false,true,82.,68.,74.,66.,12.6392130768
1.28857386163,Voter,14,5,51.,1,false,true,false,true,82.,68.,74.,66.,12.6392130768
0.841076101433,Voter,14,4,1.,1,false,true,false,true,18.,18.,16.,16.,0.
0.841076101433,Voter,14,4,6.,1,false,true,false,true,30.,28.,4.,4.,9.75114939159
0.841076101433,Voter,14,4,11.,1,false,true,false,true,30.,28.,4.,4.,9.87600246735
0.841076101433,Voter,14,4,16.,1,false,true,false,true,30.,28.,4.,4.,9.87779587555
0.841076101433,Voter,14,4,21.,1,false,true,false,true,30.,28.,4.,4.,9.87782392369
0.841076101433,Voter,14,4,26.,1,false,true,false,true,30.,28.,4.,4.,9.87782439031
0.841076101433,Voter,14,4,31.,1,false,true,false,true,30.,28.,4.,4.,9.87782439844
0.841076101433,Voter,14,4,36.,1,false,true,false,true,30.,28.,4.,4.,9.87782439858
0.841076101433,Voter,14,4,41.,1,false,true,false,true,30.,28.,4.,4.,9.87782439859
0.841076101433,Voter,14,4,46.,1,false,true,false,true,30.,28.,4.,4.,9.87782439859
0.841076101433,Voter,14,4,51.,1,false,true,false,true,30.,28.,4.,4.,9.87782439859
1.0013968825,Sample,14,4,1.,1,false,true,false,true,16.,16.,44.,38.,0.
1.0013968825,Sample,14,4,6.,1,false,true,false,true,54.,46.,18.,18.,10.7723941098
1.0013968825,Sample,14,4,11.,1,false,true,false,true,56.,48.,20.,20.,11.0035460979
1.0013968825,Sample,14,4,16.,1,false,true,false,true,56.,48.,20.,20.,11.0089355739
1.0013968825,Sample,14,4,21.,1,false,true,false,true,56.,48.,20.,20.,11.0090697841
1.0013968825,Sample,14,4,26.,1,false,true,false,true,56.,48.,20.,20.,11.0090733005
1.0013968825,Sample,14,4,31.,1,false,true,false,true,56.,48.,20.,20.,11.0090733963
1.0013968825,Sample,14,4,36.,1,false,true,false,true,56.,48.,20.,20.,11.009073399
1.0013968825,Sample,14,4,41.,1,false,true,false,true,56.,48.,20.,20.,11.009073399
1.0013968825,Sample,14,4,46.,1,false,true,false,true,56.,48.,20.,20.,11.009073399
1.0013968825,Sample,14,4,51.,1,false,true,false,true,56.,48.,20.,20.,11.009073399
1.18840794575,Sample,14,4,1.,1,false,true,false,true,22.,20.,30.,28.,0.
1.18840794575,Sample,14,4,6.,1,false,true,false,true,64.,60.,56.,56.,11.705201965
1.18840794575,Sample,14,4,11.,1,false,true,false,true,64.,60.,56.,56.,12.1042052078
1.18840794575,Sample,14,4,16.,1,false,true,false,true,64.,60.,56.,56.,12.1186448758
1.18840794575,Sample,14,4,21.,1,false,true,false,true,64.,60.,56.,56.,12.119194261
1.18840794575,Sample,14,4,26.,1,false,true,false,true,64.,60.,56.,56.,12.1192160322
1.18840794575,Sample,14,4,31.,1,false,true,false,true,64.,60.,56.,56.,12.1192169238
1.18840794575,Sample,14,4,36.,1,false,true,false,true,64.,60.,56.,56.,12.1192169613
1.18840794575,Sample,14,4,41.,1,false,true,false,true,64.,60.,56.,56.,12.1192169629
1.18840794575,Sample,14,4,46.,1,false,true,false,true,64.,60.,56.,56.,12.1192169629
1.18840794575,Sample,14,4,51.,1,false,true,false,true,64.,60.,56.,56.,12.1192169629
1.06912657323,Voter,14,6,1.,1,false,true,false,true,40.,36.,48.,42.,0.
1.06912657323,Voter,14,6,6.,1,false,true,false,true,76.,62.,40.,34.,11.1393770266
1.06912657323,Voter,14,6,11.,1,false,true,false,true,76.,62.,40.,34.,11.4261274676
1.06912657323,Voter,14,6,16.,1,false,true,false,true,76.,62.,40.,34.,11.4340705639
1.06912657323,Voter,14,6,21.,1,false,true,false,true,76.,62.,40.,34.,11.4343040625
1.06912657323,Voter,14,6,26.,1,false,true,false,true,76.,62.,40.,34.,11.4343112556
1.06912657323,Voter,14,6,31.,1,false,true,false,true,76.,62.,40.,34.,11.4343114855
1.06912657323,Voter,14,6,36.,1,false,true,false,true,76.,62.,40.,34.,11.4343114931
1.06912657323,Voter,14,6,41.,1,false,true,false,true,76.,62.,40.,34.,11.4343114933
1.06912657323,Voter,14,6,46.,1,false,true,false,true,76.,62.,40.,34.,11.4343114934
1.06912657323,Voter,14,6,51.,1,false,true,false,true,76.,62.,40.,34.,11.4343114934
1.27712585029,Voter,14,3,1.,1,false,true,false,true,4.,4.,8.,8.,0.
1.27712585029,Voter,14,3,6.,1,false,true,false,true,10.,10.,6.,6.,12.0665471619
1.27712585029,Voter,14,3,11.,1,false,true,false,true,10.,10.,6.,6.,12.5598503979
1.27712585029,Voter,14,3,16.,1,false,true,false,true,10.,10.,6.,6.,12.5810945937
1.27712585029,Voter,14,3,21.,1,false,true,false,true,10.,10.,6.,6.,12.5820509804
1.27712585029,Voter,14,3,26.,1,false,true,false,true,10.,10.,6.,6.,12.5820956502
1.27712585029,Voter,14,3,31.,1,false,true,false,true,10.,10.,6.,6.,12.5820978006
1.27712585029,Voter,14,3,36.,1,false,true,false,true,10.,10.,6.,6.,12.5820979067
1.27712585029,Voter,14,3,41.,1,false,true,false,true,10.,10.,6.,6.,12.582097912
1.27712585029,Voter,14,3,46.,1,false,true,false,true,10.,10.,6.,6.,12.5820979123
1.27712585029,Voter,14,3,51.,1,false,true,false,true,10.,10.,6.,6.,12.5820979123
1.35815397397,Sample,14,5,1.,1,false,true,false,true,28.,26.,46.,40.,0.
1.35815397397,Sample,14,5,6.,1,false,true,false,true,76.,66.,58.,58.,12.3571319952
1.35815397397,Sample,14,5,11.,1,false,true,false,true,82.,72.,56.,56.,12.9436770357
1.35815397397,Sample,14,5,16.,1,false,true,false,true,82.,72.,56.,56.,12.9728327836
1.35815397397,Sample,14,5,21.,1,false,true,false,true,82.,72.,56.,56.,12.9743410805
1.35815397397,Sample,14,5,26.,1,false,true,false,true,82.,72.,56.,56.,12.9744217793
1.35815397397,Sample,14,5,31.,1,false,true,false,true,82.,72.,56.,56.,12.9744262196
1.35815397397,Sample,14,5,36.,1,false,true,false,true,82.,72.,56.,56.,12.9744264696
1.35815397397,Sample,14,5,41.,1,false,true,false,true,82.,72.,56.,56.,12.974426484
1.35815397397,Sample,14,5,46.,1,false,true,false,true,82.,72.,56.,56.,12.9744264848
1.35815397397,Sample,14,5,51.,1,false,true,false,true,82.,72.,56.,56.,12.9744264849
0.91279197979,Sample,14,6,1.,1,false,true,false,true,52.,44.,90.,78.,0.
0.91279197979,Sample,14,6,6.,1,false,true,false,true,130.,108.,84.,82.,10.2362855709
0.91279197979,Sample,14,6,11.,1,false,true,false,true,132.,110.,82.,80.,10.4042026306
0.91279197979,Sample,14,6,16.,1,false,true,false,true,132.,110.,82.,80.,10.4072433001
0.91279197979,Sample,14,6,21.,1,false,true,false,true,132.,110.,82.,80.,10.4073026892
0.91279197979,Sample,14,6,26.,1,false,true,false,true,132.,110.,82.,80.,10.4073039167
0.91279197979,Sample,14,6,31.,1,false,true,false,true,132.,110.,82.,80.,10.4073039432
0.91279197979,Sample,14,6,36.,1,false,true,false,true,132.,110.,82.,80.,10.4073039438
0.91279197979,Sample,14,6,41.,1,false,true,false,true,132.,110.,82.,80.,10.4073039438
0.91279197979,Sample,14,6,46.,1,false,true,false,true,132.,110.,82.,80.,10.4073039438
0.91279197979,Sample,14,6,51.,1,false,true,false,true,132.,110.,82.,80.,10.4073039438
1.19944825927,Sample,14,5,1.,1,false,true,false,true,20.,20.,50.,46.,0.
1.19944825927,Sample,14,5,6.,1,false,true,false,true,74.,70.,64.,64.,11.752788674
1.19944825927,Sample,14,5,11.,1,false,true,false,true,76.,72.,66.,66.,12.1630498364
1.19944825927,Sample,14,5,16.,1,false,true,false,true,76.,72.,66.,66.,12.1782379015
1.19944825927,Sample,14,5,21.,1,false,true,false,true,76.,72.,66.,66.,12.178828582
1.19944825927,Sample,14,5,26.,1,false,true,false,true,76.,72.,66.,66.,12.1788524967
1.19944825927,Sample,14,5,31.,1,false,true,false,true,76.,72.,66.,66.,12.1788534969
1.19944825927,Sample,14,5,36.,1,false,true,false,true,76.,72.,66.,66.,12.1788535398
1.19944825927,Sample,14,5,41.,1,false,true,false,true,76.,72.,66.,66.,12.1788535417
1.19944825927,Sample,14,5,46.,1,false,true,false,true,76.,72.,66.,66.,12.1788535418
1.19944825927,Sample,14,5,51.,1,false,true,false,true,76.,72.,66.,66.,12.1788535418
1.10858077235,Sample,14,5,1.,1,false,true,false,true,42.,40.,82.,74.,0.
1.10858077235,Sample,14,5,6.,1,false,true,false,true,160.,130.,184.,146.,11.3373987961
1.10858077235,Sample,14,5,11.,1,false,true,false,true,162.,130.,186.,146.,11.6593177473
1.10858077235,Sample,14,5,16.,1,false,true,false,true,162.,130.,186.,146.,11.669105604
1.10858077235,Sample,14,5,21.,1,false,true,false,true,162.,130.,186.,146.,11.6694203671
1.10858077235,Sample,14,5,26.,1,false,true,false,true,162.,130.,186.,146.,11.6694309521
1.10858077235,Sample,14,5,31.,1,false,true,false,true,162.,130.,186.,146.,11.6694313209
1.10858077235,Sample,14,5,36.,1,false,true,false,true,162.,130.,186.,146.,11.6694313341
1.10858077235,Sample,14,5,41.,1,false,true,false,true,162.,130.,186.,146.,11.6694313346
1.10858077235,Sample,14,5,46.,1,false,true,false,true,162.,130.,186.,146.,11.6694313346
1.10858077235,Sample,14,5,51.,1,false,true,false,true,162.,130.,186.,146.,11.6694313346
1.14881944233,Voter,14,7,1.,1,false,true,false,true,42.,40.,88.,82.,0.
1.14881944233,Voter,14,7,6.,1,false,true,false,true,84.,78.,58.,54.,11.5281166937
1.14881944233,Voter,14,7,11.,1,false,true,false,true,84.,78.,58.,54.,11.8879260852
1.14881944233,Voter,14,7,16.,1,false,true,false,true,84.,78.,58.,54.,11.8998969625
1.14881944233,Voter,14,7,21.,1,false,true,false,true,84.,78.,58.,54.,11.9003168807
1.14881944233,Voter,14,7,26.,1,false,true,false,true,84.,78.,58.,54.,11.9003322524
1.14881944233,Voter,14,7,31.,1,false,true,false,true,84.,78.,58.,54.,11.9003328346
1.14881944233,Voter,14,7,36.,1,false,true,false,true,84.,78.,58.,54.,11.9003328572
1.14881944233,Voter,14,7,41.,1,false,true,false,true,84.,78.,58.,54.,11.9003328581
1.14881944233,Voter,14,7,46.,1,false,true,false,true,84.,78.,58.,54.,11.9003328582
1.14881944233,Voter,14,7,51.,1,false,true,false,true,84.,78.,58.,54.,11.9003328582
1.25308879935,Sample,14,3,1.,1,false,true,false,true,0.,0.,6.,6.,0.
1.25308879935,Sample,14,3,6.,1,false,true,false,true,6.,6.,0.,0.,11.9732927736
1.25308879935,Sample,14,3,11.,1,false,true,false,true,6.,6.,0.,0.,12.4402017536
1.25308879935,Sample,14,3,16.,1,false,true,false,true,6.,6.,0.,0.,12.4594192575
1.25308879935,Sample,14,3,21.,1,false,true,false,true,6.,6.,0.,0.,12.4602473101
1.25308879935,Sample,14,3,26.,1,false,true,false,true,6.,6.,0.,0.,12.460284365
1.25308879935,Sample,14,3,31.,1,false,true,false,true,6.,6.,0.,0.,12.4602860752
1.25308879935,Sample,14,3,36.,1,false,true,false,true,6.,6.,0.,0.,12.4602861562
1.25308879935,Sample,14,3,41.,1,false,true,false,true,6.,6.,0.,0.,12.4602861601
1.25308879935,Sample,14,3,46.,1,false,true,false,true,6.,6.,0.,0.,12.4602861603
1.25308879935,Sample,14,3,51.,1,false,true,false,true,6.,6.,0.,0.,12.4602861603
0.817502528778,Voter,14,7,1.,1,false,true,false,true,46.,44.,52.,50.,0.
0.817502528778,Voter,14,7,6.,1,false,true,false,true,82.,74.,20.,18.,9.58085348932
0.817502528778,Voter,14,7,11.,1,false,true,false,true,82.,74.,20.,18.,9.69314794254
0.817502528778,Voter,14,7,16.,1,false,true,false,true,82.,74.,20.,18.,9.69463358281
0.817502528778,Voter,14,7,21.,1,false,true,false,true,82.,74.,20.,18.,9.69465505587
0.817502528778,Voter,14,7,26.,1,false,true,false,true,82.,74.,20.,18.,9.69465538662
0.817502528778,Voter,14,7,31.,1,false,true,false,true,82.,74.,20.,18.,9.69465539195
0.817502528778,Voter,14,7,36.,1,false,true,false,true,82.,74.,20.,18.,9.69465539204
0.817502528778,Voter,14,7,41.,1,false,true,false,true,82.,74.,20.,18.,9.69465539204
0.817502528778,Voter,14,7,46.,1,false,true,false,true,82.,74.,20.,18.,9.69465539204
0.817502528778,Voter,14,7,51.,1,false,true,false,true,82.,74.,20.,18.,9.69465539204
0.82837216862,Voter,14,4,1.,1,false,true,false,true,6.,6.,14.,12.,0.
0.82837216862,Voter,14,4,6.,1,false,true,false,true,18.,18.,2.,2.,9.66006647814
0.82837216862,Voter,14,4,11.,1,false,true,false,true,18.,18.,2.,2.,9.77805374191
0.82837216862,Voter,14,4,16.,1,false,true,false,true,18.,18.,2.,2.,9.77967569436
0.82837216862,Voter,14,4,21.,1,false,true,false,true,18.,18.,2.,2.,9.77970001498
0.82837216862,Voter,14,4,26.,1,false,true,false,true,18.,18.,2.,2.,9.77970040328
0.82837216862,Voter,14,4,31.,1,false,true,false,true,18.,18.,2.,2.,9.77970040977
0.82837216862,Voter,14,4,36.,1,false,true,false,true,18.,18.,2.,2.,9.77970040989
0.82837216862,Voter,14,4,41.,1,false,true,false,true,18.,18.,2.,2.,9.77970040989
0.82837216862,Voter,14,4,46.,1,false,true,false,true,18.,18.,2.,2.,9.77970040989
0.82837216862,Voter,14,4,51.,1,false,true,false,true,18.,18.,2.,2.,9.77970040989
1.18030640239,Sample,14,3,1.,1,false,true,false,true,8.,8.,30.,30.,0.
1.18030640239,Sample,14,3,6.,1,false,true,false,true,32.,26.,50.,46.,11.6697896037
1.18030640239,Sample,14,3,11.,1,false,true,false,true,32.,26.,50.,46.,12.0606214242
1.18030640239,Sample,14,3,16.,1,false,true,false,true,32.,26.,50.,46.,12.0745288239
1.18030640239,Sample,14,3,21.,1,false,true,false,true,32.,26.,50.,46.,12.0750494048
1.18030640239,Sample,14,3,26.,1,false,true,false,true,32.,26.,50.,46.,12.0750697089
1.18030640239,Sample,14,3,31.,1,false,true,false,true,32.,26.,50.,46.,12.0750705274
1.18030640239,Sample,14,3,36.,1,false,true,false,true,32.,26.,50.,46.,12.0750705613
1.18030640239,Sample,14,3,41.,1,false,true,false,true,32.,26.,50.,46.,12.0750705627
1.18030640239,Sample,14,3,46.,1,false,true,false,true,32.,26.,50.,46.,12.0750705628
1.18030640239,Sample,14,3,51.,1,false,true,false,true,32.,26.,50.,46.,12.0750705628
1.35763348859,Sample,14,7,1.,1,false,true,false,true,44.,40.,130.,106.,0.
1.35763348859,Sample,14,7,6.,1,false,true,false,true,162.,118.,116.,88.,12.3553776184
1.35763348859,Sample,14,7,11.,1,false,true,false,true,170.,124.,112.,86.,12.9413038249
1.35763348859,Sample,14,7,16.,1,false,true,false,true,170.,124.,112.,86.,12.9704032222
1.35763348859,Sample,14,7,21.,1,false,true,false,true,170.,124.,112.,86.,12.9719073212
1.35763348859,Sample,14,7,26.,1,false,true,false,true,170.,124.,112.,86.,12.9719877282
1.35763348859,Sample,14,7,31.,1,false,true,false,true,170.,124.,112.,86.,12.9719921489
1.35763348859,Sample,14,7,36.,1,false,true,false,true,170.,124.,112.,86.,12.9719923976
1.35763348859,Sample,14,7,41.,1,false,true,false,true,170.,124.,112.,86.,12.9719924119
1.35763348859,Sample,14,7,46.,1,false,true,false,true,170.,124.,112.,86.,12.9719924127
1.35763348859,Sample,14,7,51.,1,false,true,false,true,170.,124.,112.,86.,12.9719924128
1.29810475952,Sample,14,6,1.,1,false,true,false,true,16.,14.,70.,60.,0.
1.29810475952,Sample,14,6,6.,1,false,true,false,true,94.,82.,68.,68.,12.1452365209
1.29810475952,Sample,14,6,11.,1,false,true,false,true,100.,88.,66.,66.,12.6620636915
1.29810475952,Sample,14,6,16.,1,false,true,false,true,100.,88.,66.,66.,12.6851936116
1.29810475952,Sample,14,6,21.,1,false,true,false,true,100.,88.,66.,66.,12.6862744059
1.29810475952,Sample,14,6,26.,1,false,true,false,true,100.,88.,66.,66.,12.6863267574
1.29810475952,Sample,14,6,31.,1,false,true,false,true,100.,88.,66.,66.,12.6863293694
1.29810475952,Sample,14,6,36.,1,false,true,false,true,100.,88.,66.,66.,12.686329503
1.29810475952,Sample,14,6,41.,1,false,true,false,true,100.,88.,66.,66.,12.6863295099
1.29810475952,Sample,14,6,46.,1,false,true,false,true,100.,88.,66.,66.,12.6863295103
1.29810475952,Sample,14,6,51.,1,false,true,false,true,100.,88.,66.,66.,12.6863295103
0.961937501857,Sample,14,4,1.,1,false,true,false,true,6.,6.,38.,32.,0.
0.961937501857,Sample,14,4,6.,1,false,true,false,true,54.,44.,30.,30.,10.5418420044
0.961937501857,Sample,14,4,11.,1,false,true,false,true,52.,44.,28.,28.,10.7434788056
0.961937501857,Sample,14,4,16.,1,false,true,false,true,52.,44.,28.,28.,10.7476970274
0.961937501857,Sample,14,4,21.,1,false,true,false,true,52.,44.,28.,28.,10.7477916699
0.961937501857,Sample,14,4,26.,1,false,true,false,true,52.,44.,28.,28.,10.7477939096
0.961937501857,Sample,14,4,31.,1,false,true,false,true,52.,44.,28.,28.,10.7477939648
0.961937501857,Sample,14,4,36.,1,false,true,false,true,52.,44.,28.,28.,10.7477939662
0.961937501857,Sample,14,4,41.,1,false,true,false,true,52.,44.,28.,28.,10.7477939662
0.961937501857,Sample,14,4,46.,1,false,true,false,true,52.,44.,28.,28.,10.7477939662
0.961937501857,Sample,14,4,51.,1,false,true,false,true,52.,44.,28.,28.,10.7477939662
1.1018337279,Sample,14,3,1.,1,false,true,false,true,6.,6.,16.,16.,0.
1.1018337279,Sample,14,3,6.,1,false,true,false,true,26.,24.,16.,16.,11.304323696
1.1018337279,Sample,14,3,11.,1,false,true,false,true,28.,24.,18.,18.,11.6200872688
1.1018337279,Sample,14,3,16.,1,false,true,false,true,28.,24.,18.,18.,11.6295395659
1.1018337279,Sample,14,3,21.,1,false,true,false,true,28.,24.,18.,18.,11.6298390048
1.1018337279,Sample,14,3,26.,1,false,true,false,true,28.,24.,18.,18.,11.6298489279
1.1018337279,Sample,14,3,31.,1,false,true,false,true,28.,24.,18.,18.,11.6298492687
1.1018337279,Sample,14,3,36.,1,false,true,false,true,28.,24.,18.,18.,11.6298492807
1.1018337279,Sample,14,3,41.,1,false,true,false,true,28.,24.,18.,18.,11.6298492812
1.1018337279,Sample,14,3,46.,1,false,true,false,true,28.,24.,18.,18.,11.6298492812
1.1018337279,Sample,14,3,51.,1,false,true,false,true,28.,24.,18.,18.,11.6298492812
1.01773679869,Voter,14,5,1.,1,false,true,false,true,12.,12.,26.,24.,0.
1.01773679869,Voter,14,5,6.,1,false,true,false,true,32.,30.,10.,10.,10.8641770449
1.01773679869,Voter,14,5,11.,1,false,true,false,true,32.,30.,10.,10.,11.1081776235
1.01773679869,Voter,14,5,16.,1,false,true,false,true,32.,30.,10.,10.,11.1141172456
1.01773679869,Voter,14,5,21.,1,false,true,false,true,32.,30.,10.,10.,11.1142714194
1.01773679869,Voter,14,5,26.,1,false,true,false,true,32.,30.,10.,10.,11.1142756256
1.01773679869,Voter,14,5,31.,1,false,true,false,true,32.,30.,10.,10.,11.1142757449
1.01773679869,Voter,14,5,36.,1,false,true,false,true,32.,30.,10.,10.,11.1142757484
1.01773679869,Voter,14,5,41.,1,false,true,false,true,32.,30.,10.,10.,11.1142757485
1.01773679869,Voter,14,5,46.,1,false,true,false,true,32.,30.,10.,10.,11.1142757485
1.01773679869,Voter,14,5,51.,1,false,true,false,true,32.,30.,10.,10.,11.1142757485
1.01112570673,Voter,14,5,1.,1,false,true,false,true,2.,2.,24.,22.,0.
1.01112570673,Voter,14,5,6.,1,false,true,false,true,44.,42.,26.,26.,10.8272966784
1.01112570673,Voter,14,5,11.,1,false,true,false,true,44.,42.,26.,26.,11.0660549513
1.01112570673,Voter,14,5,16.,1,false,true,false,true,44.,42.,26.,26.,11.0717671824
1.01112570673,Voter,14,5,21.,1,false,true,false,true,44.,42.,26.,26.,11.0719130032
1.01112570673,Voter,14,5,26.,1,false,true,false,true,44.,42.,26.,26.,11.0719169174
1.01112570673,Voter,14,5,31.,1,false,true,false,true,44.,42.,26.,26.,11.0719170266
1.01112570673,Voter,14,5,36.,1,false,true,false,true,44.,42.,26.,26.,11.0719170298
1.01112570673,Voter,14,5,41.,1,false,true,false,true,44.,42.,26.,26.,11.0719170299
1.01112570673,Voter,14,5,46.,1,false,true,false,true,44.,42.,26.,26.,11.0719170299
1.01112570673,Voter,14,5,51.,1,false,true,false,true,44.,42.,26.,26.,11.0719170299
1.21046504359,Sample,14,6,1.,1,false,true,false,true,76.,70.,146.,114.,0.
1.21046504359,Sample,14,6,6.,1,false,true,false,true,170.,136.,172.,138.,11.799511559
1.21046504359,Sample,14,6,11.,1,false,true,false,true,178.,144.,176.,142.,12.2211456705
1.21046504359,Sample,14,6,16.,1,false,true,false,true,178.,144.,176.,142.,12.2371074801
1.21046504359,Sample,14,6,21.,1,false,true,false,true,178.,144.,176.,142.,12.2377418074
1.21046504359,Sample,14,6,26.,1,false,true,false,true,178.,144.,176.,142.,12.2377680368
1.21046504359,Sample,14,6,31.,1,false,true,false,true,178.,144.,176.,142.,12.2377691568
1.21046504359,Sample,14,6,36.,1,false,true,false,true,178.,144.,176.,142.,12.2377692059
1.21046504359,Sample,14,6,41.,1,false,true,false,true,178.,144.,176.,142.,12.2377692081
1.21046504359,Sample,14,6,46.,1,false,true,false,true,178.,144.,176.,142.,12.2377692082
1.21046504359,Sample,14,6,51.,1,false,true,false,true,178.,144.,176.,142.,12.2377692082
1.24040068643,Sample,14,5,1.,1,false,true,false,true,30.,30.,50.,40.,0.
1.24040068643,Sample,14,5,6.,1,false,true,false,true,112.,86.,92.,80.,11.9227040497
1.24040068643,Sample,14,5,11.,1,false,true,false,true,112.,86.,92.,80.,12.375927969
1.24040068643,Sample,14,5,16.,1,false,true,false,true,112.,86.,92.,80.,12.3941318993
1.24040068643,Sample,14,5,21.,1,false,true,false,true,112.,86.,92.,80.,12.3948979502
1.24040068643,Sample,14,5,26.,1,false,true,false,true,112.,86.,92.,80.,12.3949314478
1.24040068643,Sample,14,5,31.,1,false,true,false,true,112.,86.,92.,80.,12.3949329591
1.24040068643,Sample,14,5,36.,1,false,true,false,true,112.,86.,92.,80.,12.394933029
1.24040068643,Sample,14,5,41.,1,false,true,false,true,112.,86.,92.,80.,12.3949330323
1.24040068643,Sample,14,5,46.,1,false,true,false,true,112.,86.,92.,80.,12.3949330325
1.24040068643,Sample,14,5,51.,1,false,true,false,true,112.,86.,92.,80.,12.3949330325
0.929645827126,Voter,14,3,1.,1,false,true,false,true,2.,2.,6.,6.,0.
0.929645827126,Voter,14,3,6.,1,false,true,false,true,8.,8.,0.,0.,10.3434439734
0.929645827126,Voter,14,3,11.,1,false,true,false,true,8.,8.,0.,0.,10.5225414124
0.929645827126,Voter,14,3,16.,1,false,true,false,true,8.,8.,0.,0.,10.5259532924
0.929645827126,Voter,14,3,21.,1,false,true,false,true,8.,8.,0.,0.,10.5260232585
0.929645827126,Voter,14,3,26.,1,false,true,false,true,8.,8.,0.,0.,10.526024775
0.929645827126,Voter,14,3,31.,1,false,true,false,true,8.,8.,0.,0.,10.5260248093
0.929645827126,Voter,14,3,36.,1,false,true,false,true,8.,8.,0.,0.,10.5260248101
0.929645827126,Voter,14,3,41.,1,false,true,false,true,8.,8.,0.,0.,10.5260248101
0.929645827126,Voter,14,3,46.,1,false,true,false,true,8.,8.,0.,0.,10.5260248101
0.929645827126,Voter,14,3,51.,1,false,true,false,true,8.,8.,0.,0.,10.5260248101
0.921726292138,Voter,14,5,1.,1,false,true,false,true,18.,18.,34.,34.,0.
0.921726292138,Voter,14,5,6.,1,false,true,false,true,38.,36.,22.,22.,10.2934044368
0.921726292138,Voter,14,5,11.,1,false,true,false,true,38.,36.,22.,22.,10.467198238
0.921726292138,Voter,14,5,16.,1,false,true,false,true,38.,36.,22.,22.,10.47043163
0.921726292138,Voter,14,5,21.,1,false,true,false,true,38.,36.,22.,22.,10.4704964455
0.921726292138,Voter,14,5,26.,1,false,true,false,true,38.,36.,22.,22.,10.4704978195
0.921726292138,Voter,14,5,31.,1,false,true,false,true,38.,36.,22.,22.,10.4704978499
0.921726292138,Voter,14,5,36.,1,false,true,false,true,38.,36.,22.,22.,10.4704978506
0.921726292138,Voter,14,5,41.,1,false,true,false,true,38.,36.,22.,22.,10.4704978506
0.921726292138,Voter,14,5,46.,1,false,true,false,true,38.,36.,22.,22.,10.4704978506
0.921726292138,Voter,14,5,51.,1,false,true,false,true,38.,36.,22.,22.,10.4704978506
1.30193817673,Sample,14,4,1.,1,false,true,false,true,34.,34.,58.,46.,0.
1.30193817673,Sample,14,4,6.,1,false,true,false,true,78.,68.,74.,68.,12.1593485019
1.30193817673,Sample,14,4,11.,1,false,true,false,true,80.,70.,76.,70.,12.6805220927
1.30193817673,Sample,14,4,16.,1,false,true,false,true,82.,72.,78.,72.,12.7040086004
1.30193817673,Sample,14,4,21.,1,false,true,false,true,82.,72.,78.,72.,12.7051134433
1.30193817673,Sample,14,4,26.,1,false,true,false,true,82.,72.,78.,72.,12.7051673117
1.30193817673,Sample,14,4,31.,1,false,true,false,true,82.,72.,78.,72.,12.7051700168
1.30193817673,Sample,14,4,36.,1,false,true,false,true,82.,72.,78.,72.,12.7051701559
1.30193817673,Sample,14,4,41.,1,false,true,false,true,82.,72.,78.,72.,12.7051701632
1.30193817673,Sample,14,4,46.,1,false,true,false,true,82.,72.,78.,72.,12.7051701636
1.30193817673,Sample,14,4,51.,1,false,true,false,true,82.,72.,78.,72.,12.7051701636
1.06185896503,Voter,14,5,1.,1,false,true,false,true,36.,30.,38.,36.,0.
1.06185896503,Voter,14,5,6.,1,false,true,false,true,60.,50.,26.,24.,11.1016672546
1.06185896503,Voter,14,5,11.,1,false,true,false,true,60.,50.,26.,24.,11.3821593438
1.06185896503,Voter,14,5,16.,1,false,true,false,true,60.,50.,26.,24.,11.3897926562
1.06185896503,Voter,14,5,21.,1,false,true,false,true,60.,50.,26.,24.,11.3900132507
1.06185896503,Voter,14,5,26.,1,false,true,false,true,60.,50.,26.,24.,11.3900199341
1.06185896503,Voter,14,5,31.,1,false,true,false,true,60.,50.,26.,24.,11.3900201442
1.06185896503,Voter,14,5,36.,1,false,true,false,true,60.,50.,26.,24.,11.390020151
1.06185896503,Voter,14,5,41.,1,false,true,false,true,60.,50.,26.,24.,11.3900201512
1.06185896503,Voter,14,5,46.,1,false,true,false,true,60.,50.,26.,24.,11.3900201512
1.06185896503,Voter,14,5,51.,1,false,true,false,true,60.,50.,26.,24.,11.3900201512
1.1208843562,Voter,14,4,1.,1,false,true,false,true,10.,10.,12.,12.,0.
1.1208843562,Voter,14,4,6.,1,false,true,false,true,26.,26.,8.,8.,11.3968930742
1.1208843562,Voter,14,4,11.,1,false,true,false,true,26.,26.,8.,8.,11.7301843418
1.1208843562,Voter,14,4,16.,1,false,true,false,true,26.,26.,8.,8.,11.7406062277
1.1208843562,Voter,14,4,21.,1,false,true,false,true,26.,26.,8.,8.,11.7409505724
1.1208843562,Voter,14,4,26.,1,false,true,false,true,26.,26.,8.,8.,11.7409624621
1.1208843562,Voter,14,4,31.,1,false,true,false,true,26.,26.,8.,8.,11.7409628873
1.1208843562,Voter,14,4,36.,1,false,true,false,true,26.,26.,8.,8.,11.7409629029
1.1208843562,Voter,14,4,41.,1,false,true,false,true,26.,26.,8.,8.,11.7409629035
1.1208843562,Voter,14,4,46.,1,false,true,false,true,26.,26.,8.,8.,11.7409629035
1.1208843562,Voter,14,4,51.,1,false,true,false,true,26.,26.,8.,8.,11.7409629035
0.93565902607,Sample,14,7,1.,1,false,true,false,true,112.,98.,198.,150.,0.
0.93565902607,Sample,14,7,6.,1,false,true,false,true,286.,212.,292.,210.,10.3810705758
0.93565902607,Sample,14,7,11.,1,false,true,false,true,286.,212.,292.,210.,10.5642541266
0.93565902607,Sample,14,7,16.,1,false,true,false,true,286.,212.,292.,210.,10.5678064576
0.93565902607,Sample,14,7,21.,1,false,true,false,true,286.,212.,292.,210.,10.5678805588
0.93565902607,Sample,14,7,26.,1,false,true,false,true,286.,212.,292.,210.,10.5678821919
0.93565902607,Sample,14,7,31.,1,false,true,false,true,286.,212.,292.,210.,10.5678822295
0.93565902607,Sample,14,7,36.,1,false,true,false,true,286.,212.,292.,210.,10.5678822304
0.93565902607,Sample,14,7,41.,1,false,true,false,true,286.,212.,292.,210.,10.5678822304
0.93565902607,Sample,14,7,46.,1,false,true,false,true,286.,212.,292.,210.,10.5678822304
0.93565902607,Sample,14,7,51.,1,false,true,false,true,286.,212.,292.,210.,10.5678822304
1.17916822304,Voter,14,6,1.,1,false,true,false,true,32.,30.,48.,40.,0.
1.17916822304,Voter,14,6,6.,1,false,true,false,true,66.,56.,38.,34.,11.6647808729
1.17916822304,Voter,14,6,11.,1,false,true,false,true,66.,56.,38.,34.,12.0544708355
1.17916822304,Voter,14,6,16.,1,false,true,false,true,66.,56.,38.,34.,12.0683045916
1.17916822304,Voter,14,6,21.,1,false,true,false,true,66.,56.,38.,34.,12.0688212249
1.17916822304,Voter,14,6,26.,1,false,true,false,true,66.,56.,38.,34.,12.0688413297
1.17916822304,Voter,14,6,31.,1,false,true,false,true,66.,56.,38.,34.,12.0688421384
1.17916822304,Voter,14,6,36.,1,false,true,false,true,66.,56.,38.,34.,12.0688421718
1.17916822304,Voter,14,6,41.,1,false,true,false,true,66.,56.,38.,34.,12.0688421733
1.17916822304,Voter,14,6,46.,1,false,true,false,true,66.,56.,38.,34.,12.0688421733
1.17916822304,Voter,14,6,51.,1,false,true,false,true,66.,56.,38.,34.,12.0688421733
0.937755039164,Sample,14,3,1.,1,false,true,false,true,2.,2.,10.,10.,0.
0.937755039164,Sample,14,3,6.,1,false,true,false,true,12.,12.,0.,0.,10.3941119313
0.937755039164,Sample,14,3,11.,1,false,true,false,true,12.,12.,0.,0.,10.5787317505
0.937755039164,Sample,14,3,16.,1,false,true,false,true,12.,12.,0.,0.,10.5823340554
0.937755039164,Sample,14,3,21.,1,false,true,false,true,12.,12.,0.,0.,10.582409645
0.937755039164,Sample,14,3,26.,1,false,true,false,true,12.,12.,0.,0.,10.5824113206
0.937755039164,Sample,14,3,31.,1,false,true,false,true,12.,12.,0.,0.,10.5824113594
0.937755039164,Sample,14,3,36.,1,false,true,false,true,12.,12.,0.,0.,10.5824113603
0.937755039164,Sample,14,3,41.,1,false,true,false,true,12.,12.,0.,0.,10.5824113603
0.937755039164,Sample,14,3,46.,1,false,true,false,true,12.,12.,0.,0.,10.5824113603
0.937755039164,Sample,14,3,51.,1,false,true,false,true,12.,12.,0.,0.,10.5824113603
1.19706851951,Voter,14,7,1.,1,false,true,false,true,102.,84.,128.,112.,0.
1.19706851951,Voter,14,7,6.,1,false,true,false,true,180.,136.,102.,84.,11.7425963728
1.19706851951,Voter,14,7,11.,1,false,true,false,true,180.,136.,102.,84.,12.150419035
1.19706851951,Voter,14,7,16.,1,false,true,false,true,180.,136.,102.,84.,12.1654435143
1.19706851951,Voter,14,7,21.,1,false,true,false,true,180.,136.,102.,84.,12.1660250902
1.19706851951,Voter,14,7,26.,1,false,true,false,true,180.,136.,102.,84.,12.1660485283
1.19706851951,Voter,14,7,31.,1,false,true,false,true,180.,136.,102.,84.,12.1660495042
1.19706851951,Voter,14,7,36.,1,false,true,false,true,180.,136.,102.,84.,12.1660495459
1.19706851951,Voter,14,7,41.,1,false,true,false,true,180.,136.,102.,84.,12.1660495477
1.19706851951,Voter,14,7,46.,1,false,true,false,true,180.,136.,102.,84.,12.1660495478
1.19706851951,Voter,14,7,51.,1,false,true,false,true,180.,136.,102.,84.,12.1660495478
0.832252272868,Voter,14,5,1.,1,false,true,false,true,38.,32.,32.,30.,0.
0.832252272868,Voter,14,5,6.,1,false,true,false,true,58.,50.,16.,16.,9.68805560792
0.832252272868,Voter,14,5,11.,1,false,true,false,true,58.,50.,16.,16.,9.80811556839
0.832252272868,Voter,14,5,16.,1,false,true,false,true,58.,50.,16.,16.,9.80978847102
0.832252272868,Voter,14,5,21.,1,false,true,false,true,58.,50.,16.,16.,9.80981388271
0.832252272868,Voter,14,5,26.,1,false,true,false,true,58.,50.,16.,16.,9.8098142936
0.832252272868,Voter,14,5,31.,1,false,true,false,true,58.,50.,16.,16.,9.80981430055
0.832252272868,Voter,14,5,36.,1,false,true,false,true,58.,50.,16.,16.,9.80981430068
0.832252272868,Voter,14,5,41.,1,false,true,false,true,58.,50.,16.,16.,9.80981430068
0.832252272868,Voter,14,5,46.,1,false,true,false,true,58.,50.,16.,16.,9.80981430068
0.832252272868,Voter,14,5,51.,1,false,true,false,true,58.,50.,16.,16.,9.80981430068
1.27501178676,Sample,14,6,1.,1,false,true,false,true,56.,46.,118.,88.,0.
1.27501178676,Sample,14,6,6.,1,false,true,false,true,168.,124.,186.,134.,12.0584791859
1.27501178676,Sample,14,6,11.,1,false,true,false,true,174.,128.,184.,132.,12.5494368393
1.27501178676,Sample,14,6,16.,1,false,true,false,true,174.,128.,184.,132.,12.5704971077
1.27501178676,Sample,14,6,21.,1,false,true,false,true,174.,128.,184.,132.,12.571441614
1.27501178676,Sample,14,6,26.,1,false,true,false,true,174.,128.,184.,132.,12.5714855653
1.27501178676,Sample,14,6,31.,1,false,true,false,true,174.,128.,184.,132.,12.5714876734
1.27501178676,Sample,14,6,36.,1,false,true,false,true,174.,128.,184.,132.,12.571487777
1.27501178676,Sample,14,6,41.,1,false,true,false,true,174.,128.,184.,132.,12.5714877822
1.27501178676,Sample,14,6,46.,1,false,true,false,true,174.,128.,184.,132.,12.5714877825
1.27501178676,Sample,14,6,51.,1,false,true,false,true,174.,128.,184.,132.,12.5714877825
0.918267394776,Sample,14,5,1.,1,false,true,false,true,24.,22.,68.,52.,0.
0.918267394776,Sample,14,5,6.,1,false,true,false,true,74.,62.,38.,36.,10.2713753658
0.918267394776,Sample,14,5,11.,1,false,true,false,true,76.,62.,40.,36.,10.4428805957
0.918267394776,Sample,14,5,16.,1,false,true,false,true,76.,62.,40.,36.,10.4460383031
0.918267394776,Sample,14,5,21.,1,false,true,false,true,76.,62.,40.,36.,10.4461009706
0.918267394776,Sample,14,5,26.,1,false,true,false,true,76.,62.,40.,36.,10.4461022862
0.918267394776,Sample,14,5,31.,1,false,true,false,true,76.,62.,40.,36.,10.446102315
0.918267394776,Sample,14,5,36.,1,false,true,false,true,76.,62.,40.,36.,10.4461023156
0.918267394776,Sample,14,5,41.,1,false,true,false,true,76.,62.,40.,36.,10.4461023157
0.918267394776,Sample,14,5,46.,1,false,true,false,true,76.,62.,40.,36.,10.4461023157
0.918267394776,Sample,14,5,51.,1,false,true,false,true,76.,62.,40.,36.,10.4461023157
0.890319747772,Sample,14,7,1.,1,false,true,false,true,114.,94.,186.,148.,0.
0.890319747772,Sample,14,7,6.,1,false,true,false,true,222.,176.,186.,164.,10.0894342744
0.890319747772,Sample,14,7,11.,1,false,true,false,true,224.,178.,188.,166.,10.243070199
0.890319747772,Sample,14,7,16.,1,false,true,false,true,224.,178.,188.,166.,10.2456648435
0.890319747772,Sample,14,7,21.,1,false,true,false,true,224.,178.,188.,166.,10.2457122394
0.890319747772,Sample,14,7,26.,1,false,true,false,true,224.,178.,188.,166.,10.245713157
0.890319747772,Sample,14,7,31.,1,false,true,false,true,224.,178.,188.,166.,10.2457131756
0.890319747772,Sample,14,7,36.,1,false,true,false,true,224.,178.,188.,166.,10.245713176
0.890319747772,Sample,14,7,41.,1,false,true,false,true,224.,178.,188.,166.,10.245713176
0.890319747772,Sample,14,7,46.,1,false,true,false,true,224.,178.,188.,166.,10.245713176
0.890319747772,Sample,14,7,51.,1,false,true,false,true,224.,178.,188.,166.,10.245713176
0.802061800641,Voter,14,4,1.,1,false,true,false,true,32.,30.,36.,32.,0.
0.802061800641,Voter,14,4,6.,1,false,true,false,true,48.,44.,24.,24.,9.46626146037
0.802061800641,Voter,14,4,11.,1,false,true,false,true,48.,44.,24.,24.,9.57075617712
0.802061800641,Voter,14,4,16.,1,false,true,false,true,48.,44.,24.,24.,9.57206375583
0.802061800641,Voter,14,4,21.,1,false,true,false,true,48.,44.,24.,24.,9.57208167324
0.802061800641,Voter,14,4,26.,1,false,true,false,true,48.,44.,24.,24.,9.5720819352
0.802061800641,Voter,14,4,31.,1,false,true,false,true,48.,44.,24.,24.,9.57208193921
0.802061800641,Voter,14,4,36.,1,false,true,false,true,48.,44.,24.,24.,9.57208193928
0.802061800641,Voter,14,4,41.,1,false,true,false,true,48.,44.,24.,24.,9.57208193928
0.802061800641,Voter,14,4,46.,1,false,true,false,true,48.,44.,24.,24.,9.57208193928
0.802061800641,Voter,14,4,51.,1,false,true,false,true,48.,44.,24.,24.,9.57208193928
0.990298734691,Sample,14,3,1.,1,false,true,false,true,16.,16.,18.,18.,0.
0.990298734691,Sample,14,3,6.,1,false,true,false,true,54.,48.,48.,48.,10.7088378237
0.990298734691,Sample,14,3,11.,1,false,true,false,true,54.,48.,48.,48.,10.931471177
0.990298734691,Sample,14,3,16.,1,false,true,false,true,54.,48.,48.,48.,10.9365093137
0.990298734691,Sample,14,3,21.,1,false,true,false,true,54.,48.,48.,48.,10.936631222
0.990298734691,Sample,14,3,26.,1,false,true,false,true,54.,48.,48.,48.,10.9366343277
0.990298734691,Sample,14,3,31.,1,false,true,false,true,54.,48.,48.,48.,10.93663441
0.990298734691,Sample,14,3,36.,1,false,true,false,true,54.,48.,48.,48.,10.9366344122
0.990298734691,Sample,14,3,41.,1,false,true,false,true,54.,48.,48.,48.,10.9366344123
0.990298734691,Sample,14,3,46.,1,false,true,false,true,54.,48.,48.,48.,10.9366344123
0.990298734691,Sample,14,3,51.,1,false,true,false,true,54.,48.,48.,48.,10.9366344123
1.17954392379,Sample,14,3,1.,1,false,true,false,true,4.,4.,12.,12.,0.
1.17954392379,Sample,14,3,6.,1,false,true,false,true,38.,36.,34.,34.,11.6664351216
1.17954392379,Sample,14,3,11.,1,false,true,false,true,40.,38.,36.,36.,12.0565018314
1.17954392379,Sample,14,3,16.,1,false,true,false,true,40.,38.,36.,36.,12.0703598657
1.17954392379,Sample,14,3,21.,1,false,true,false,true,40.,38.,36.,36.,12.0708777994
1.17954392379,Sample,14,3,26.,1,false,true,false,true,40.,38.,36.,36.,12.0708979698
1.17954392379,Sample,14,3,31.,1,false,true,false,true,40.,38.,36.,36.,12.0708987818
1.17954392379,Sample,14,3,36.,1,false,true,false,true,40.,38.,36.,36.,12.0708988154
1.17954392379,Sample,14,3,41.,1,false,true,false,true,40.,38.,36.,36.,12.0708988168
1.17954392379,Sample,14,3,46.,1,false,true,false,true,40.,38.,36.,36.,12.0708988168
1.17954392379,Sample,14,3,51.,1,false,true,false,true,40.,38.,36.,36.,12.0708988168
1.08257554259,Sample,14,4,1.,1,false,true,false,true,10.,10.,34.,30.,0.
1.08257554259,Sample,14,4,6.,1,false,true,false,true,52.,46.,28.,28.,11.2081374075
1.08257554259,Sample,14,4,11.,1,false,true,false,true,54.,46.,30.,30.,11.5066508397
1.08257554259,Sample,14,4,16.,1,false,true,false,true,56.,48.,32.,32.,11.5151913693
1.08257554259,Sample,14,4,21.,1,false,true,false,true,56.,48.,32.,32.,11.515450373
1.08257554259,Sample,14,4,26.,1,false,true,false,true,56.,48.,32.,32.,11.5154585982
1.08257554259,Sample,14,4,31.,1,false,true,false,true,56.,48.,32.,32.,11.515458869
1.08257554259,Sample,14,4,36.,1,false,true,false,true,56.,48.,32.,32.,11.5154588782
1.08257554259,Sample,14,4,41.,1,false,true,false,true,56.,48.,32.,32.,11.5154588785
1.08257554259,Sample,14,4,46.,1,false,true,false,true,56.,48.,32.,32.,11.5154588785
1.08257554259,Sample,14,4,51.,1,false,true,false,true,56.,48.,32.,32.,11.5154588785
0.942677785959,Sample,14,6,1.,1,false,true,false,true,82.,72.,130.,106.,0.
0.942677785959,Sample,14,6,6.,1,false,true,false,true,140.,110.,132.,104.,10.4245913729
0.942677785959,Sample,14,6,11.,1,false,true,false,true,140.,110.,132.,104.,10.612608762
0.942677785959,Sample,14,6,16.,1,false,true,false,true,140.,110.,132.,104.,10.6163305334
0.942677785959,Sample,14,6,21.,1,false,true,false,true,140.,110.,132.,104.,10.6164097169
0.942677785959,Sample,14,6,26.,1,false,true,false,true,140.,110.,132.,104.,10.6164114961
0.942677785959,Sample,14,6,31.,1,false,true,false,true,140.,110.,132.,104.,10.6164115378
0.942677785959,Sample,14,6,36.,1,false,true,false,true,140.,110.,132.,104.,10.6164115388
0.942677785959,Sample,14,6,41.,1,false,true,false,true,140.,110.,132.,104.,10.6164115388
0.942677785959,Sample,14,6,46.,1,false,true,false,true,140.,110.,132.,104.,10.6164115388
0.942677785959,Sample,14,6,51.,1,false,true,false,true,140.,110.,132.,104.,10.6164115388
0.810955643547,Voter,14,6,1.,1,false,true,false,true,50.,44.,50.,48.,0.
0.810955643547,Voter,14,6,6.,1,false,true,false,true,86.,70.,26.,26.,9.53256491241
0.810955643547,Voter,14,6,11.,1,false,true,false,true,86.,70.,26.,26.,9.6415111856
0.810955643547,Voter,14,6,16.,1,false,true,false,true,86.,70.,26.,26.,9.64291915172
0.810955643547,Voter,14,6,21.,1,false,true,false,true,86.,70.,26.,26.,9.64293905024
0.810955643547,Voter,14,6,26.,1,false,true,false,true,86.,70.,26.,26.,9.64293935008
0.810955643547,Voter,14,6,31.,1,false,true,false,true,86.,70.,26.,26.,9.64293935481
0.810955643547,Voter,14,6,36.,1,false,true,false,true,86.,70.,26.,26.,9.64293935489
0.810955643547,Voter,14,6,41.,1,false,true,false,true,86.,70.,26.,26.,9.64293935489
0.810955643547,Voter,14,6,46.,1,false,true,false,true,86.,70.,26.,26.,9.64293935489
0.810955643547,Voter,14,6,51.,1,false,true,false,true,86.,70.,26.,26.,9.64293935489
0.97546117292,Voter,14,5,1.,1,false,true,false,true,8.,8.,30.,28.,0.
0.97546117292,Voter,14,5,6.,1,false,true,false,true,38.,36.,20.,20.,10.6223015589
0.97546117292,Voter,14,5,11.,1,false,true,false,true,38.,36.,20.,20.,10.8338111354
0.97546117292,Voter,14,5,16.,1,false,true,false,true,38.,36.,20.,20.,10.8384066912
0.97546117292,Voter,14,5,21.,1,false,true,false,true,38.,36.,20.,20.,10.838513623
0.97546117292,Voter,14,5,26.,1,false,true,false,true,38.,36.,20.,20.,10.8385162451
0.97546117292,Voter,14,5,31.,1,false,true,false,true,38.,36.,20.,20.,10.838516312
0.97546117292,Voter,14,5,36.,1,false,true,false,true,38.,36.,20.,20.,10.8385163138
0.97546117292,Voter,14,5,41.,1,false,true,false,true,38.,36.,20.,20.,10.8385163139
0.97546117292,Voter,14,5,46.,1,false,true,false,true,38.,36.,20.,20.,10.8385163139
0.97546117292,Voter,14,5,51.,1,false,true,false,true,38.,36.,20.,20.,10.8385163139
1.09212682469,Sample,14,6,1.,1,false,true,false,true,34.,30.,90.,76.,0.
1.09212682469,Sample,14,6,6.,1,false,true,false,true,110.,98.,98.,88.,11.2561735935
1.09212682469,Sample,14,6,11.,1,false,true,false,true,108.,98.,96.,86.,11.5631830074
1.09212682469,Sample,14,6,16.,1,false,true,false,true,108.,98.,96.,86.,11.5721673149
1.09212682469,Sample,14,6,21.,1,false,true,false,true,108.,98.,96.,86.,11.5724457763
1.09212682469,Sample,14,6,26.,1,false,true,false,true,108.,98.,96.,86.,11.5724548094
1.09212682469,Sample,14,6,31.,1,false,true,false,true,108.,98.,96.,86.,11.5724551132
1.09212682469,Sample,14,6,36.,1,false,true,false,true,108.,98.,96.,86.,11.5724551237
1.09212682469,Sample,14,6,41.,1,false,true,false,true,108.,98.,96.,86.,11.572455124
1.09212682469,Sample,14,6,46.,1,false,true,false,true,108.,98.,96.,86.,11.5724551241
1.09212682469,Sample,14,6,51.,1,false,true,false,true,108.,98.,96.,86.,11.5724551241
0.993319219128,Voter,14,3,1.,1,false,true,false,true,6.,6.,6.,6.,0.
0.993319219128,Voter,14,3,6.,1,false,true,false,true,12.,12.,0.,0.,10.7262338746
0.993319219128,Voter,14,3,11.,1,false,true,false,true,12.,12.,0.,0.,10.9511689117
0.993319219128,Voter,14,3,16.,1,false,true,false,true,12.,12.,0.,0.,10.95630092
0.993319219128,Voter,14,3,21.,1,false,true,false,true,12.,12.,0.,0.,10.9564260801
0.993319219128,Voter,14,3,26.,1,false,true,false,true,12.,12.,0.,0.,10.9564292932
0.993319219128,Voter,14,3,31.,1,false,true,false,true,12.,12.,0.,0.,10.956429379
0.993319219128,Voter,14,3,36.,1,false,true,false,true,12.,12.,0.,0.,10.9564293814
0.993319219128,Voter,14,3,41.,1,false,true,false,true,12.,12.,0.,0.,10.9564293814
0.993319219128,Voter,14,3,46.,1,false,true,false,true,12.,12.,0.,0.,10.9564293815
0.993319219128,Voter,14,3,51.,1,false,true,false,true,12.,12.,0.,0.,10.9564293815
1.31778288343,Voter,14,5,1.,1,false,true,false,true,12.,12.,34.,32.,0.
1.31778288343,Voter,14,5,6.,1,false,true,false,true,36.,34.,14.,14.,12.2168175938
1.31778288343,Voter,14,5,11.,1,false,true,false,true,36.,34.,14.,14.,12.7561102957
1.31778288343,Voter,14,5,16.,1,false,true,false,true,36.,34.,14.,14.,12.7811107178
1.31778288343,Voter,14,5,21.,1,false,true,false,true,36.,34.,14.,14.,12.7823194619
1.31778288343,Voter,14,5,26.,1,false,true,false,true,36.,34.,14.,14.,12.7823799962
1.31778288343,Voter,14,5,31.,1,false,true,false,true,36.,34.,14.,14.,12.7823831172
1.31778288343,Voter,14,5,36.,1,false,true,false,true,36.,34.,14.,14.,12.782383282
1.31778288343,Voter,14,5,41.,1,false,true,false,true,36.,34.,14.,14.,12.7823832909
1.31778288343,Voter,14,5,46.,1,false,true,false,true,36.,34.,14.,14.,12.7823832914
1.31778288343,Voter,14,5,51.,1,false,true,false,true,36.,34.,14.,14.,12.7823832914
1.06707559849,Voter,14,5,1.,1,false,true,false,true,14.,14.,22.,22.,0.
1.06707559849,Voter,14,5,6.,1,false,true,false,true,34.,30.,6.,6.,11.128774572
1.06707559849,Voter,14,5,11.,1,false,true,false,true,34.,30.,6.,6.,11.413751852
1.06707559849,Voter,14,5,16.,1,false,true,false,true,34.,30.,6.,6.,11.4216066077
1.06707559849,Voter,14,5,21.,1,false,true,false,true,34.,30.,6.,6.,11.4218364038
1.06707559849,Voter,14,5,26.,1,false,true,false,true,34.,30.,6.,6.,11.4218434498
1.06707559849,Voter,14,5,31.,1,false,true,false,true,34.,30.,6.,6.,11.4218436739
1.06707559849,Voter,14,5,36.,1,false,true,false,true,34.,30.,6.,6.,11.4218436813
1.06707559849,Voter,14,5,41.,1,false,true,false,true,34.,30.,6.,6.,11.4218436815
1.06707559849,Voter,14,5,46.,1,false,true,false,true,34.,30.,6.,6.,11.4218436815
1.06707559849,Voter,14,5,51.,1,false,true,false,true,34.,30.,6.,6.,11.4218436815
1.2929043159,Sample,14,5,1.,1,false,true,false,true,24.,20.,52.,46.,0.
1.2929043159,Sample,14,5,6.,1,false,true,false,true,82.,76.,66.,66.,12.1259611997
1.2929043159,Sample,14,5,11.,1,false,true,false,true,86.,78.,66.,66.,12.6369154837
1.2929043159,Sample,14,5,16.,1,false,true,false,true,86.,78.,66.,66.,12.6595676264
1.2929043159,Sample,14,5,21.,1,false,true,false,true,86.,78.,66.,66.,12.660616457
1.2929043159,Sample,14,5,26.,1,false,true,false,true,86.,78.,66.,66.,12.6606668082
1.2929043159,Sample,14,5,31.,1,false,true,false,true,86.,78.,66.,66.,12.6606692984
1.2929043159,Sample,14,5,36.,1,false,true,false,true,86.,78.,66.,66.,12.6606694246
1.2929043159,Sample,14,5,41.,1,false,true,false,true,86.,78.,66.,66.,12.6606694311
1.2929043159,Sample,14,5,46.,1,false,true,false,true,86.,78.,66.,66.,12.6606694315
1.2929043159,Sample,14,5,51.,1,false,true,false,true,86.,78.,66.,66.,12.6606694315
0.829076503133,Sample,14,3,1.,1,false,true,false,true,6.,6.,14.,14.,0.
0.829076503133,Sample,14,3,6.,1,false,true,false,true,14.,14.,10.,10.,9.66515836623
0.829076503133,Sample,14,3,11.,1,false,true,false,true,14.,14.,10.,10.,9.78352028931
0.829076503133,Sample,14,3,16.,1,false,true,false,true,14.,14.,10.,10.,9.78515139945
0.829076503133,Sample,14,3,21.,1,false,true,false,true,14.,14.,10.,10.,9.78517591513
0.829076503133,Sample,14,3,26.,1,false,true,false,true,14.,14.,10.,10.,9.78517630744
0.829076503133,Sample,14,3,31.,1,false,true,false,true,14.,14.,10.,10.,9.78517631402
0.829076503133,Sample,14,3,36.,1,false,true,false,true,14.,14.,10.,10.,9.78517631413
0.829076503133,Sample,14,3,41.,1,false,true,false,true,14.,14.,10.,10.,9.78517631413
0.829076503133,Sample,14,3,46.,1,false,true,false,true,14.,14.,10.,10.,9.78517631413
0.829076503133,Sample,14,3,51.,1,false,true,false,true,14.,14.,10.,10.,9.78517631413
0.834741209269,Voter,14,3,1.,1,false,true,false,true,6.,6.,10.,10.,0.
0.834741209269,Voter,14,3,6.,1,false,true,false,true,16.,14.,0.,0.,9.70593057555
0.834741209269,Voter,14,3,11.,1,false,true,false,true,16.,14.,0.,0.,9.82733133602
0.834741209269,Voter,14,3,16.,1,false,true,false,true,16.,14.,0.,0.,9.8290375714
0.834741209269,Voter,14,3,21.,1,false,true,false,true,16.,14.,0.,0.,9.82906370457
0.834741209269,Voter,14,3,26.,1,false,true,false,true,16.,14.,0.,0.,9.82906413055
0.834741209269,Voter,14,3,31.,1,false,true,false,true,16.,14.,0.,0.,9.82906413782
0.834741209269,Voter,14,3,36.,1,false,true,false,true,16.,14.,0.,0.,9.82906413795
0.834741209269,Voter,14,3,41.,1,false,true,false,true,16.,14.,0.,0.,9.82906413795
0.834741209269,Voter,14,3,46.,1,false,true,false,true,16.,14.,0.,0.,9.82906413795
0.834741209269,Voter,14,3,51.,1,false,true,false,true,16.,14.,0.,0.,9.82906413795
1.29529489765,Voter,14,7,1.,1,false,true,false,true,26.,26.,74.,68.,0.
1.29529489765,Voter,14,7,6.,1,false,true,false,true,118.,102.,94.,88.,12.1348406
1.29529489765,Voter,14,7,11.,1,false,true,false,true,118.,102.,94.,88.,12.6484912084
1.29529489765,Voter,14,7,16.,1,false,true,false,true,118.,102.,94.,88.,12.671362128
1.29529489765,Voter,14,7,21.,1,false,true,false,true,118.,102.,94.,88.,12.6724255581
1.29529489765,Voter,14,7,26.,1,false,true,false,true,118.,102.,94.,88.,12.6724768207
1.29529489765,Voter,14,7,31.,1,false,true,false,true,118.,102.,94.,88.,12.6724793663
1.29529489765,Voter,14,7,36.,1,false,true,false,true,118.,102.,94.,88.,12.6724794958
1.29529489765,Voter,14,7,41.,1,false,true,false,true,118.,102.,94.,88.,12.6724795025
1.29529489765,Voter,14,7,46.,1,false,true,false,true,118.,102.,94.,88.,12.6724795029
1.29529489765,Voter,14,7,51.,1,false,true,false,true,118.,102.,94.,88.,12.6724795029
1.18757844009,Sample,14,4,1.,1,false,true,false,true,10.,10.,36.,30.,0.
1.18757844009,Sample,14,4,6.,1,false,true,false,true,42.,38.,28.,28.,11.7015953939
1.18757844009,Sample,14,4,11.,1,false,true,false,true,46.,38.,28.,28.,12.0997584666
1.18757844009,Sample,14,4,16.,1,false,true,false,true,46.,38.,28.,28.,12.1141429827
1.18757844009,Sample,14,4,21.,1,false,true,false,true,46.,38.,28.,28.,12.1146893613
1.18757844009,Sample,14,4,26.,1,false,true,false,true,46.,38.,28.,28.,12.1147109783
1.18757844009,Sample,14,4,31.,1,false,true,false,true,46.,38.,28.,28.,12.1147118621
1.18757844009,Sample,14,4,36.,1,false,true,false,true,46.,38.,28.,28.,12.1147118992
1.18757844009,Sample,14,4,41.,1,false,true,false,true,46.,38.,28.,28.,12.1147119008
1.18757844009,Sample,14,4,46.,1,false,true,false,true,46.,38.,28.,28.,12.1147119008
1.18757844009,Sample,14,4,51.,1,false,true,false,true,46.,38.,28.,28.,12.1147119008
1.30627443298,Sample,14,6,1.,1,false,true,false,true,84.,74.,160.,124.,0.
1.30627443298,Sample,14,6,6.,1,false,true,false,true,218.,166.,230.,180.,12.1752134103
1.30627443298,Sample,14,6,11.,1,false,true,false,true,226.,172.,222.,172.,12.7013211534
1.30627443298,Sample,14,6,16.,1,false,true,false,true,226.,172.,222.,172.,12.7252155506
1.30627443298,Sample,14,6,21.,1,false,true,false,true,226.,172.,222.,172.,12.726348102
1.30627443298,Sample,14,6,26.,1,false,true,false,true,226.,172.,222.,172.,12.7264037303
1.30627443298,Sample,14,6,31.,1,false,true,false,true,226.,172.,222.,172.,12.7264065441
1.30627443298,Sample,14,6,36.,1,false,true,false,true,226.,172.,222.,172.,12.72640669
1.30627443298,Sample,14,6,41.,1,false,true,false,true,226.,172.,222.,172.,12.7264066977
1.30627443298,Sample,14,6,46.,1,false,true,false,true,226.,172.,222.,172.,12.7264066981
1.30627443298,Sample,14,6,51.,1,false,true,false,true,226.,172.,222.,172.,12.7264066981
1.27291538924,Voter,14,3,1.,1,false,true,false,true,4.,4.,16.,14.,0.
1.27291538924,Voter,14,3,6.,1,false,true,false,true,14.,12.,2.,2.,12.050453356
1.27291538924,Voter,14,3,11.,1,false,true,false,true,16.,14.,0.,0.,12.5390895935
1.27291538924,Voter,14,3,16.,1,false,true,false,true,16.,14.,0.,0.,12.5599685625
1.27291538924,Voter,14,3,21.,1,false,true,false,true,16.,14.,0.,0.,12.5609014032
1.27291538924,Voter,14,3,26.,1,false,true,false,true,16.,14.,0.,0.,12.5609446515
1.27291538924,Voter,14,3,31.,1,false,true,false,true,16.,14.,0.,0.,12.5609467183
1.27291538924,Voter,14,3,36.,1,false,true,false,true,16.,14.,0.,0.,12.5609468196
1.27291538924,Voter,14,3,41.,1,false,true,false,true,16.,14.,0.,0.,12.5609468246
1.27291538924,Voter,14,3,46.,1,false,true,false,true,16.,14.,0.,0.,12.5609468249
1.27291538924,Voter,14,3,51.,1,false,true,false,true,16.,14.,0.,0.,12.5609468249
1.25207040867,Voter,14,6,1.,1,false,true,false,true,44.,38.,48.,42.,0.
1.25207040867,Voter,14,6,6.,1,false,true,false,true,72.,68.,16.,16.,11.9692674862
1.25207040867,Voter,14,6,11.,1,false,true,false,true,72.,68.,16.,16.,12.4350716762
1.25207040867,Voter,14,6,16.,1,false,true,false,true,72.,68.,16.,16.,12.4542064094
1.25207040867,Voter,14,6,21.,1,false,true,false,true,72.,68.,16.,16.,12.4550293434
1.25207040867,Voter,14,6,26.,1,false,true,false,true,72.,68.,16.,16.,12.4550661014
1.25207040867,Voter,14,6,31.,1,false,true,false,true,72.,68.,16.,16.,12.4550677949
1.25207040867,Voter,14,6,36.,1,false,true,false,true,72.,68.,16.,16.,12.4550678749
1.25207040867,Voter,14,6,41.,1,false,true,false,true,72.,68.,16.,16.,12.4550678787
1.25207040867,Voter,14,6,46.,1,false,true,false,true,72.,68.,16.,16.,12.4550678789
1.25207040867,Voter,14,6,51.,1,false,true,false,true,72.,68.,16.,16.,12.4550678789
1.29065931364,Sample,14,4,1.,1,false,true,false,true,14.,14.,40.,38.,0.
1.29065931364,Sample,14,4,6.,1,false,true,false,true,46.,40.,52.,52.,12.1175933687
1.29065931364,Sample,14,4,11.,1,false,true,false,true,46.,40.,52.,52.,12.6260207693
1.29065931364,Sample,14,4,16.,1,false,true,false,true,46.,40.,52.,52.,12.6484687736
1.29065931364,Sample,14,4,21.,1,false,true,false,true,46.,40.,52.,52.,12.6495040379
1.29065931364,Sample,14,4,26.,1,false,true,false,true,46.,40.,52.,52.,12.6495535456
1.29065931364,Sample,14,4,31.,1,false,true,false,true,46.,40.,52.,52.,12.6495559848
1.29065931364,Sample,14,4,36.,1,false,true,false,true,46.,40.,52.,52.,12.6495561079
1.29065931364,Sample,14,4,41.,1,false,true,false,true,46.,40.,52.,52.,12.6495561143
1.29065931364,Sample,14,4,46.,1,false,true,false,true,46.,40.,52.,52.,12.6495561146
1.29065931364,Sample,14,4,51.,1,false,true,false,true,46.,40.,52.,52.,12.6495561146
1.12931677818,Sample,14,6,1.,1,false,true,false,true,78.,70.,156.,132.,0.
1.12931677818,Sample,14,6,6.,1,false,true,false,true,234.,186.,284.,230.,11.4370634756
1.12931677818,Sample,14,6,11.,1,false,true,false,true,236.,186.,286.,230.,11.7782581047
1.12931677818,Sample,14,6,16.,1,false,true,false,true,236.,186.,286.,230.,11.7891313382
1.12931677818,Sample,14,6,21.,1,false,true,false,true,236.,186.,286.,230.,11.7894972285
1.12931677818,Sample,14,6,26.,1,false,true,false,true,236.,186.,286.,230.,11.7895100899
1.12931677818,Sample,14,6,31.,1,false,true,false,true,236.,186.,286.,230.,11.789510558
1.12931677818,Sample,14,6,36.,1,false,true,false,true,236.,186.,286.,230.,11.7895105755
1.12931677818,Sample,14,6,41.,1,false,true,false,true,236.,186.,286.,230.,11.7895105761
1.12931677818,Sample,14,6,46.,1,false,true,false,true,236.,186.,286.,230.,11.7895105762
1.12931677818,Sample,14,6,51.,1,false,true,false,true,236.,186.,286.,230.,11.7895105762
0.892059626587,Sample,14,5,1.,1,false,true,false,true,46.,42.,66.,62.,0.
0.892059626587,Sample,14,5,6.,1,false,true,false,true,122.,100.,102.,92.,10.1009687201
0.892059626587,Sample,14,5,11.,1,false,true,false,true,124.,102.,104.,94.,10.2556847189
0.892059626587,Sample,14,5,16.,1,false,true,false,true,124.,102.,104.,94.,10.2583119841
0.892059626587,Sample,14,5,21.,1,false,true,false,true,124.,102.,104.,94.,10.2583602293
0.892059626587,Sample,14,5,26.,1,false,true,false,true,124.,102.,104.,94.,10.2583611682
0.892059626587,Sample,14,5,31.,1,false,true,false,true,124.,102.,104.,94.,10.2583611872
0.892059626587,Sample,14,5,36.,1,false,true,false,true,124.,102.,104.,94.,10.2583611876
0.892059626587,Sample,14,5,41.,1,false,true,false,true,124.,102.,104.,94.,10.2583611876
0.892059626587,Sample,14,5,46.,1,false,true,false,true,124.,102.,104.,94.,10.2583611876
0.892059626587,Sample,14,5,51.,1,false,true,false,true,124.,102.,104.,94.,10.2583611876
1.03485614832,Voter,14,5,1.,1,false,true,false,true,24.,24.,22.,22.,0.
1.03485614832,Voter,14,5,6.,1,false,true,false,true,42.,42.,8.,8.,10.9580912816
1.03485614832,Voter,14,5,11.,1,false,true,false,true,42.,42.,8.,8.,11.2159414707
1.03485614832,Voter,14,5,16.,1,false,true,false,true,42.,42.,8.,8.,11.2225011544
1.03485614832,Voter,14,5,21.,1,false,true,false,true,42.,42.,8.,8.,11.2226788049
1.03485614832,Voter,14,5,26.,1,false,true,false,true,42.,42.,8.,8.,11.2226838567
1.03485614832,Voter,14,5,31.,1,false,true,false,true,42.,42.,8.,8.,11.2226840059
1.03485614832,Voter,14,5,36.,1,false,true,false,true,42.,42.,8.,8.,11.2226840105
1.03485614832,Voter,14,5,41.,1,false,true,false,true,42.,42.,8.,8.,11.2226840106
1.03485614832,Voter,14,5,46.,1,false,true,false,true,42.,42.,8.,8.,11.2226840106
1.03485614832,Voter,14,5,51.,1,false,true,false,true,42.,42.,8.,8.,11.2226840106
1.0887779313,Voter,14,5,1.,1,false,true,false,true,50.,40.,36.,36.,0.
1.0887779313,Voter,14,5,6.,1,false,true,false,true,78.,64.,48.,44.,11.2394057366
1.0887779313,Voter,14,5,11.,1,false,true,false,true,76.,64.,46.,42.,11.5434229122
1.0887779313,Voter,14,5,16.,1,false,true,false,true,76.,64.,46.,42.,11.552249752
1.0887779313,Voter,14,5,21.,1,false,true,false,true,76.,64.,46.,42.,11.5525212601
1.0887779313,Voter,14,5,26.,1,false,true,false,true,76.,64.,46.,42.,11.5525300025
1.0887779313,Voter,14,5,31.,1,false,true,false,true,76.,64.,46.,42.,11.5525302944
1.0887779313,Voter,14,5,36.,1,false,true,false,true,76.,64.,46.,42.,11.5525303044
1.0887779313,Voter,14,5,41.,1,false,true,false,true,76.,64.,46.,42.,11.5525303047
1.0887779313,Voter,14,5,46.,1,false,true,false,true,76.,64.,46.,42.,11.5525303047
1.0887779313,Voter,14,5,51.,1,false,true,false,true,76.,64.,46.,42.,11.5525303047
0.998168426311,Sample,14,5,1.,1,false,true,false,true,28.,26.,64.,58.,0.
0.998168426311,Sample,14,5,6.,1,false,true,false,true,68.,54.,56.,56.,10.7540079211
0.998168426311,Sample,14,5,11.,1,false,true,false,true,68.,56.,56.,56.,10.9826643999
0.998168426311,Sample,14,5,16.,1,false,true,false,true,68.,56.,56.,56.,10.9879498414
0.998168426311,Sample,14,5,21.,1,false,true,false,true,68.,56.,56.,56.,10.9880803718
0.998168426311,Sample,14,5,26.,1,false,true,false,true,68.,56.,56.,56.,10.9880837641
0.998168426311,Sample,14,5,31.,1,false,true,false,true,68.,56.,56.,56.,10.9880838557
0.998168426311,Sample,14,5,36.,1,false,true,false,true,68.,56.,56.,56.,10.9880838583
0.998168426311,Sample,14,5,41.,1,false,true,false,true,68.,56.,56.,56.,10.9880838584
0.998168426311,Sample,14,5,46.,1,false,true,false,true,68.,56.,56.,56.,10.9880838584
0.998168426311,Sample,14,5,51.,1,false,true,false,true,68.,56.,56.,56.,10.9880838584
1.1987707043,Sample,14,4,1.,1,false,true,false,true,14.,14.,34.,30.,0.
1.1987707043,Sample,14,4,6.,1,false,true,false,true,70.,62.,54.,52.,11.7498903644
1.1987707043,Sample,14,4,11.,1,false,true,false,true,70.,62.,54.,52.,12.1594565809
1.1987707043,Sample,14,4,16.,1,false,true,false,true,70.,62.,54.,52.,12.1745979426
1.1987707043,Sample,14,4,21.,1,false,true,false,true,70.,62.,54.,52.,12.1751860193
1.1987707043,Sample,14,4,26.,1,false,true,false,true,70.,62.,54.,52.,12.1752097975
1.1987707043,Sample,14,4,31.,1,false,true,false,true,70.,62.,54.,52.,12.1752107907
1.1987707043,Sample,14,4,36.,1,false,true,false,true,70.,62.,54.,52.,12.1752108333
1.1987707043,Sample,14,4,41.,1,false,true,false,true,70.,62.,54.,52.,12.1752108351
1.1987707043,Sample,14,4,46.,1,false,true,false,true,70.,62.,54.,52.,12.1752108352
1.1987707043,Sample,14,4,51.,1,false,true,false,true,70.,62.,54.,52.,12.1752108352
0.964378239921,Voter,14,7,1.,1,false,true,false,true,32.,30.,48.,42.,0.
0.964378239921,Voter,14,7,6.,1,false,true,false,true,84.,72.,28.,28.,10.5564763589
0.964378239921,Voter,14,7,11.,1,false,true,false,true,84.,72.,28.,28.,10.7598761558
0.964378239921,Voter,14,7,16.,1,false,true,false,true,84.,72.,28.,28.,10.7641606867
0.964378239921,Voter,14,7,21.,1,false,true,false,true,84.,72.,28.,28.,10.7642574559
0.964378239921,Voter,14,7,26.,1,false,true,false,true,84.,72.,28.,28.,10.7642597607
0.964378239921,Voter,14,7,31.,1,false,true,false,true,84.,72.,28.,28.,10.7642598179
0.964378239921,Voter,14,7,36.,1,false,true,false,true,84.,72.,28.,28.,10.7642598194
0.964378239921,Voter,14,7,41.,1,false,true,false,true,84.,72.,28.,28.,10.7642598194
0.964378239921,Voter,14,7,46.,1,false,true,false,true,84.,72.,28.,28.,10.7642598194
0.964378239921,Voter,14,7,51.,1,false,true,false,true,84.,72.,28.,28.,10.7642598194
0.951609632064,Voter,14,5,1.,1,false,true,false,true,34.,34.,40.,36.,0.
0.951609632064,Voter,14,5,6.,1,false,true,false,true,54.,44.,28.,28.,10.4793604719
0.951609632064,Voter,14,5,11.,1,false,true,false,true,56.,46.,30.,30.,10.6736293547
0.951609632064,Voter,14,5,16.,1,false,true,false,true,56.,46.,30.,30.,10.6775755222
0.951609632064,Voter,14,5,21.,1,false,true,false,true,56.,46.,30.,30.,10.6776615904
0.951609632064,Voter,14,5,26.,1,false,true,false,true,56.,46.,30.,30.,10.6776635717
0.951609632064,Voter,14,5,31.,1,false,true,false,true,56.,46.,30.,30.,10.6776636192
0.951609632064,Voter,14,5,36.,1,false,true,false,true,56.,46.,30.,30.,10.6776636204
0.951609632064,Voter,14,5,41.,1,false,true,false,true,56.,46.,30.,30.,10.6776636204
0.951609632064,Voter,14,5,46.,1,false,true,false,true,56.,46.,30.,30.,10.6776636204
0.951609632064,Voter,14,5,51.,1,false,true,false,true,56.,46.,30.,30.,10.6776636204
1.19452307108,Sample,14,5,1.,1,false,true,false,true,12.,12.,68.,56.,0.
1.19452307108,Sample,14,5,6.,1,false,true,false,true,76.,66.,48.,48.,11.7316549001
1.19452307108,Sample,14,5,11.,1,false,true,false,true,80.,66.,44.,44.,12.1368764557
1.19452307108,Sample,14,5,16.,1,false,true,false,true,80.,66.,44.,44.,12.1517273429
1.19452307108,Sample,14,5,21.,1,false,true,false,true,80.,66.,44.,44.,12.1522993048
1.19452307108,Sample,14,5,26.,1,false,true,false,true,80.,66.,44.,44.,12.1523222421
1.19452307108,Sample,14,5,31.,1,false,true,false,true,80.,66.,44.,44.,12.1523231925
1.19452307108,Sample,14,5,36.,1,false,true,false,true,80.,66.,44.,44.,12.1523232329
1.19452307108,Sample,14,5,41.,1,false,true,false,true,80.,66.,44.,44.,12.1523232347
1.19452307108,Sample,14,5,46.,1,false,true,false,true,80.,66.,44.,44.,12.1523232348
1.19452307108,Sample,14,5,51.,1,false,true,false,true,80.,66.,44.,44.,12.1523232348
1.1067492395,Sample,14,4,1.,1,false,true,false,true,12.,12.,34.,34.,0.
1.1067492395,Sample,14,4,6.,1,false,true,false,true,56.,52.,54.,54.,11.3284520005
1.1067492395,Sample,14,4,11.,1,false,true,false,true,58.,54.,52.,52.,11.6486943338
1.1067492395,Sample,14,4,16.,1,false,true,false,true,58.,54.,52.,52.,11.6583902591
1.1067492395,Sample,14,4,21.,1,false,true,false,true,58.,54.,52.,52.,11.6587008008
1.1067492395,Sample,14,4,26.,1,false,true,false,true,58.,54.,52.,52.,11.6587112025
1.1067492395,Sample,14,4,31.,1,false,true,false,true,58.,54.,52.,52.,11.6587115635
1.1067492395,Sample,14,4,36.,1,false,true,false,true,58.,54.,52.,52.,11.6587115763
1.1067492395,Sample,14,4,41.,1,false,true,false,true,58.,54.,52.,52.,11.6587115768
1.1067492395,Sample,14,4,46.,1,false,true,false,true,58.,54.,52.,52.,11.6587115768
1.1067492395,Sample,14,4,51.,1,false,true,false,true,58.,54.,52.,52.,11.6587115768
1.29217060318,Voter,14,4,1.,1,false,true,false,true,2.,2.,14.,14.,0.
1.29217060318,Voter,14,4,6.,1,false,true,false,true,34.,34.,26.,26.,12.1232295321
1.29217060318,Voter,14,4,11.,1,false,true,false,true,34.,34.,26.,26.,12.6333574193
1.29217060318,Voter,14,4,16.,1,false,true,false,true,34.,34.,26.,26.,12.6559427055
1.29217060318,Voter,14,4,21.,1,false,true,false,true,34.,34.,26.,26.,12.656987087
1.29217060318,Voter,14,4,26.,1,false,true,false,true,34.,34.,26.,26.,12.6570371611
1.29217060318,Voter,14,4,31.,1,false,true,false,true,34.,34.,26.,26.,12.6570396346
1.29217060318,Voter,14,4,36.,1,false,true,false,true,34.,34.,26.,26.,12.6570397598
1.29217060318,Voter,14,4,41.,1,false,true,false,true,34.,34.,26.,26.,12.6570397662
1.29217060318,Voter,14,4,46.,1,false,true,false,true,34.,34.,26.,26.,12.6570397666
1.29217060318,Voter,14,4,51.,1,false,true,false,true,34.,34.,26.,26.,12.6570397666
1.27803932857,Voter,14,7,1.,1,false,true,false,true,54.,50.,66.,62.,0.
1.27803932857,Voter,14,7,6.,1,false,true,false,true,106.,88.,66.,58.,12.0700253994
1.27803932857,Voter,14,7,11.,1,false,true,false,true,108.,88.,64.,58.,12.5643435791
1.27803932857,Voter,14,7,16.,1,false,true,false,true,108.,88.,64.,58.,12.5856675918
1.27803932857,Voter,14,7,21.,1,false,true,false,true,108.,88.,64.,58.,12.5866291483
1.27803932857,Voter,14,7,26.,1,false,true,false,true,108.,88.,64.,58.,12.5866741316
1.27803932857,Voter,14,7,31.,1,false,true,false,true,108.,88.,64.,58.,12.5866763005
1.27803932857,Voter,14,7,36.,1,false,true,false,true,108.,88.,64.,58.,12.5866764077
1.27803932857,Voter,14,7,41.,1,false,true,false,true,108.,88.,64.,58.,12.5866764131
1.27803932857,Voter,14,7,46.,1,false,true,false,true,108.,88.,64.,58.,12.5866764134
1.27803932857,Voter,14,7,51.,1,false,true,false,true,108.,88.,64.,58.,12.5866764134
0.848234552535,Sample,14,4,1.,1,false,true,false,true,26.,24.,50.,44.,0.
0.848234552535,Sample,14,4,6.,1,false,true,false,true,72.,54.,76.,52.,9.80177166062
0.848234552535,Sample,14,4,11.,1,false,true,false,true,72.,54.,76.,52.,9.93059449316
0.848234552535,Sample,14,4,16.,1,false,true,false,true,72.,54.,76.,52.,9.93249052885
0.848234552535,Sample,14,4,21.,1,false,true,false,true,72.,54.,76.,52.,9.93252088242
0.848234552535,Sample,14,4,26.,1,false,true,false,true,72.,54.,76.,52.,9.93252139905
0.848234552535,Sample,14,4,31.,1,false,true,false,true,72.,54.,76.,52.,9.93252140825
0.848234552535,Sample,14,4,36.,1,false,true,false,true,72.,54.,76.,52.,9.93252140842
0.848234552535,Sample,14,4,41.,1,false,true,false,true,72.,54.,76.,52.,9.93252140842
0.848234552535,Sample,14,4,46.,1,false,true,false,true,72.,54.,76.,52.,9.93252140842
0.848234552535,Sample,14,4,51.,1,false,true,false,true,72.,54.,76.,52.,9.93252140842
1.09502809431,Voter,14,5,1.,1,false,true,false,true,36.,36.,62.,58.,0.
1.09502809431,Voter,14,5,6.,1,false,true,false,true,80.,72.,46.,46.,11.2706353196
1.09502809431,Voter,14,5,11.,1,false,true,false,true,82.,72.,48.,48.,11.580248638
1.09502809431,Voter,14,5,16.,1,false,true,false,true,82.,72.,48.,48.,11.5893710122
1.09502809431,Voter,14,5,21.,1,false,true,false,true,82.,72.,48.,48.,11.589655614
1.09502809431,Voter,14,5,26.,1,false,true,false,true,82.,72.,48.,48.,11.5896649056
1.09502809431,Voter,14,5,31.,1,false,true,false,true,82.,72.,48.,48.,11.5896652201
1.09502809431,Voter,14,5,36.,1,false,true,false,true,82.,72.,48.,48.,11.589665231
1.09502809431,Voter,14,5,41.,1,false,true,false,true,82.,72.,48.,48.,11.5896652314
1.09502809431,Voter,14,5,46.,1,false,true,false,true,82.,72.,48.,48.,11.5896652314
1.09502809431,Voter,14,5,51.,1,false,true,false,true,82.,72.,48.,48.,11.5896652314
0.823318140184,Voter,14,4,1.,1,false,true,false,true,14.,14.,12.,12.,0.
0.823318140184,Voter,14,4,6.,1,false,true,false,true,26.,26.,4.,4.,9.62338315681
0.823318140184,Voter,14,4,11.,1,false,true,false,true,26.,26.,4.,4.,9.7387026373
0.823318140184,Voter,14,4,16.,1,false,true,false,true,26.,26.,4.,4.,9.74026004721
0.823318140184,Voter,14,4,21.,1,false,true,false,true,26.,26.,4.,4.,9.74028300638
0.823318140184,Voter,14,4,26.,1,false,true,false,true,26.,26.,4.,4.,9.74028336691
0.823318140184,Voter,14,4,31.,1,false,true,false,true,26.,26.,4.,4.,9.74028337284
0.823318140184,Voter,14,4,36.,1,false,true,false,true,26.,26.,4.,4.,9.74028337294
0.823318140184,Voter,14,4,41.,1,false,true,false,true,26.,26.,4.,4.,9.74028337294
0.823318140184,Voter,14,4,46.,1,false,true,false,true,26.,26.,4.,4.,9.74028337294
0.823318140184,Voter,14,4,51.,1,false,true,false,true,26.,26.,4.,4.,9.74028337294
0.839714489805,Sample,14,6,1.,1,false,true,false,true,78.,66.,142.,100.,0.
0.839714489805,Sample,14,6,6.,1,false,true,false,true,150.,120.,146.,116.,9.74146356797
0.839714489805,Sample,14,6,11.,1,false,true,false,true,150.,120.,146.,116.,9.86556979925
0.839714489805,Sample,14,6,16.,1,false,true,false,true,150.,120.,146.,116.,9.86734418504
0.839714489805,Sample,14,6,21.,1,false,true,false,true,150.,120.,146.,116.,9.86737181187
0.839714489805,Sample,14,6,26.,1,false,true,false,true,150.,120.,146.,116.,9.86737226948
0.839714489805,Sample,14,6,31.,1,false,true,false,true,150.,120.,146.,116.,9.86737227741
0.839714489805,Sample,14,6,36.,1,false,true,false,true,150.,120.,146.,116.,9.86737227756
0.839714489805,Sample,14,6,41.,1,false,true,false,true,150.,120.,146.,116.,9.86737227756
0.839714489805,Sample,14,6,46.,1,false,true,false,true,150.,120.,146.,116.,9.86737227756
0.839714489805,Sample,14,6,51.,1,false,true,false,true,150.,120.,146.,116.,9.86737227756
1.25469326667,Voter,14,6,1.,1,false,true,false,true,46.,40.,58.,52.,0.
1.25469326667,Voter,14,6,6.,1,false,true,false,true,80.,68.,60.,56.,11.9796222158
1.25469326667,Voter,14,6,11.,1,false,true,false,true,80.,68.,60.,56.,12.4482740294
1.25469326667,Voter,14,6,16.,1,false,true,false,true,80.,68.,60.,56.,12.4676224433
1.25469326667,Voter,14,6,21.,1,false,true,false,true,80.,68.,60.,56.,12.4684586117
1.25469326667,Voter,14,6,26.,1,false,true,false,true,80.,68.,60.,56.,12.4684961383
1.25469326667,Voter,14,6,31.,1,false,true,false,true,80.,68.,60.,56.,12.4684978752
1.25469326667,Voter,14,6,36.,1,false,true,false,true,80.,68.,60.,56.,12.4684979576
1.25469326667,Voter,14,6,41.,1,false,true,false,true,80.,68.,60.,56.,12.4684979616
1.25469326667,Voter,14,6,46.,1,false,true,false,true,80.,68.,60.,56.,12.4684979618
1.25469326667,Voter,14,6,51.,1,false,true,false,true,80.,68.,60.,56.,12.4684979618
1.14051731864,Sample,14,4,1.,1,false,true,false,true,8.,8.,32.,32.,0.
1.14051731864,Sample,14,4,6.,1,false,true,false,true,32.,28.,28.,28.,11.4896699384
1.14051731864,Sample,14,4,11.,1,false,true,false,true,36.,32.,32.,32.,11.8414982599
1.14051731864,Sample,14,4,16.,1,false,true,false,true,36.,32.,32.,32.,11.8529925888
1.14051731864,Sample,14,4,21.,1,false,true,false,true,36.,32.,32.,32.,11.8533887715
1.14051731864,Sample,14,4,26.,1,false,true,false,true,36.,32.,32.,32.,11.8534030277
1.14051731864,Sample,14,4,31.,1,false,true,false,true,36.,32.,32.,32.,11.8534035586
1.14051731864,Sample,14,4,36.,1,false,true,false,true,36.,32.,32.,32.,11.853403579
1.14051731864,Sample,14,4,41.,1,false,true,false,true,36.,32.,32.,32.,11.8534035798
1.14051731864,Sample,14,4,46.,1,false,true,false,true,36.,32.,32.,32.,11.8534035798
1.14051731864,Sample,14,4,51.,1,false,true,false,true,36.,32.,32.,32.,11.8534035798
0.887140521868,Voter,14,7,1.,1,false,true,false,true,112.,98.,90.,86.,0.
0.887140521868,Voter,14,7,6.,1,false,true,false,true,166.,134.,108.,90.,10.0682855432
0.887140521868,Voter,14,7,11.,1,false,true,false,true,166.,134.,108.,90.,10.2199590026
0.887140521868,Voter,14,7,16.,1,false,true,false,true,166.,134.,108.,90.,10.2224948443
0.887140521868,Voter,14,7,21.,1,false,true,false,true,166.,134.,108.,90.,10.2225407207
0.887140521868,Voter,14,7,26.,1,false,true,false,true,166.,134.,108.,90.,10.2225416005
0.887140521868,Voter,14,7,31.,1,false,true,false,true,166.,134.,108.,90.,10.2225416182
0.887140521868,Voter,14,7,36.,1,false,true,false,true,166.,134.,108.,90.,10.2225416185
0.887140521868,Voter,14,7,41.,1,false,true,false,true,166.,134.,108.,90.,10.2225416185
0.887140521868,Voter,14,7,46.,1,false,true,false,true,166.,134.,108.,90.,10.2225416185
0.887140521868,Voter,14,7,51.,1,false,true,false,true,166.,134.,108.,90.,10.2225416185
1.00024130394,Voter,14,4,1.,1,false,true,false,true,12.,12.,28.,24.,0.
1.00024130394,Voter,14,4,6.,1,false,true,false,true,26.,26.,22.,22.,10.7658226538
1.00024130394,Voter,14,4,11.,1,false,true,false,true,26.,26.,22.,22.,10.9960797702
1.00024130394,Voter,14,4,16.,1,false,true,false,true,26.,26.,22.,22.,11.0014318345
1.00024130394,Voter,14,4,21.,1,false,true,false,true,26.,26.,22.,22.,11.0015647179
1.00024130394,Voter,14,4,26.,1,false,true,false,true,26.,26.,22.,22.,11.0015681893
1.00024130394,Voter,14,4,31.,1,false,true,false,true,26.,26.,22.,22.,11.0015682837
1.00024130394,Voter,14,4,36.,1,false,true,false,true,26.,26.,22.,22.,11.0015682863
1.00024130394,Voter,14,4,41.,1,false,true,false,true,26.,26.,22.,22.,11.0015682864
1.00024130394,Voter,14,4,46.,1,false,true,false,true,26.,26.,22.,22.,11.0015682864
1.00024130394,Voter,14,4,51.,1,false,true,false,true,26.,26.,22.,22.,11.0015682864
0.818832860194,Sample,14,7,1.,1,false,true,false,true,64.,62.,144.,114.,0.
0.818832860194,Sample,14,7,6.,1,false,true,false,true,246.,176.,254.,178.,9.59061242718
0.818832860194,Sample,14,7,11.,1,false,true,false,true,248.,178.,252.,176.,9.70359463901
0.818832860194,Sample,14,7,16.,1,false,true,false,true,248.,178.,252.,176.,9.70509646407
0.818832860194,Sample,14,7,21.,1,false,true,false,true,248.,178.,252.,176.,9.70511826967
0.818832860194,Sample,14,7,26.,1,false,true,false,true,248.,178.,252.,176.,9.70511860703
0.818832860194,Sample,14,7,31.,1,false,true,false,true,248.,178.,252.,176.,9.70511861249
0.818832860194,Sample,14,7,36.,1,false,true,false,true,248.,178.,252.,176.,9.70511861258
0.818832860194,Sample,14,7,41.,1,false,true,false,true,248.,178.,252.,176.,9.70511861259
0.818832860194,Sample,14,7,46.,1,false,true,false,true,248.,178.,252.,176.,9.70511861259
0.818832860194,Sample,14,7,51.,1,false,true,false,true,248.,178.,252.,176.,9.70511861259
1.02270030797,Voter,14,3,1.,1,false,true,false,true,10.,10.,6.,6.,0.
1.02270030797,Voter,14,3,6.,1,false,true,false,true,16.,14.,4.,4.,10.8916407002
1.02270030797,Voter,14,3,11.,1,false,true,false,true,16.,14.,4.,4.,11.1396160745
1.02270030797,Voter,14,3,16.,1,false,true,false,true,16.,14.,4.,4.,11.1457307895
1.02270030797,Voter,14,3,21.,1,false,true,false,true,16.,14.,4.,4.,11.1458914901
1.02270030797,Voter,14,3,26.,1,false,true,false,true,16.,14.,4.,4.,11.1458959279
1.02270030797,Voter,14,3,31.,1,false,true,false,true,16.,14.,4.,4.,11.1458960552
1.02270030797,Voter,14,3,36.,1,false,true,false,true,16.,14.,4.,4.,11.145896059
1.02270030797,Voter,14,3,41.,1,false,true,false,true,16.,14.,4.,4.,11.1458960591
1.02270030797,Voter,14,3,46.,1,false,true,false,true,16.,14.,4.,4.,11.1458960591
1.02270030797,Voter,14,3,51.,1,false,true,false,true,16.,14.,4.,4.,11.1458960591
1.04462430413,Voter,14,7,1.,1,false,true,false,true,32.,32.,60.,54.,0.
1.04462430413,Voter,14,7,6.,1,false,true,false,true,76.,66.,28.,28.,11.0106661048
1.04462430413,Voter,14,7,11.,1,false,true,false,true,76.,66.,28.,28.,11.2765950652
1.04462430413,Voter,14,7,16.,1,false,true,false,true,76.,66.,28.,28.,11.2835293245
1.04462430413,Voter,14,7,21.,1,false,true,false,true,76.,66.,28.,28.,11.2837216362
1.04462430413,Voter,14,7,26.,1,false,true,false,true,76.,66.,28.,28.,11.2837272332
1.04462430413,Voter,14,7,31.,1,false,true,false,true,76.,66.,28.,28.,11.2837274024
1.04462430413,Voter,14,7,36.,1,false,true,false,true,76.,66.,28.,28.,11.2837274076
1.04462430413,Voter,14,7,41.,1,false,true,false,true,76.,66.,28.,28.,11.2837274078
1.04462430413,Voter,14,7,46.,1,false,true,false,true,76.,66.,28.,28.,11.2837274078
1.04462430413,Voter,14,7,51.,1,false,true,false,true,76.,66.,28.,28.,11.2837274078
1.16686265024,Voter,14,3,1.,1,false,true,false,true,2.,2.,14.,14.,0.
1.16686265024,Voter,14,3,6.,1,false,true,false,true,18.,18.,2.,2.,11.610093918
1.16686265024,Voter,14,3,11.,1,false,true,false,true,18.,18.,2.,2.,11.9875359102
1.16686265024,Voter,14,3,16.,1,false,true,false,true,18.,18.,2.,2.,12.0005910884
1.16686265024,Voter,14,3,21.,1,false,true,false,true,18.,18.,2.,2.,12.0010665558
1.16686265024,Voter,14,3,26.,1,false,true,false,true,18.,18.,2.,2.,12.0010846105
1.16686265024,Voter,14,3,31.,1,false,true,false,true,18.,18.,2.,2.,12.0010853195
1.16686265024,Voter,14,3,36.,1,false,true,false,true,18.,18.,2.,2.,12.0010853481
1.16686265024,Voter,14,3,41.,1,false,true,false,true,18.,18.,2.,2.,12.0010853492
1.16686265024,Voter,14,3,46.,1,false,true,false,true,18.,18.,2.,2.,12.0010853493
1.16686265024,Voter,14,3,51.,1,false,true,false,true,18.,18.,2.,2.,12.0010853493
0.866624698176,Voter,14,5,1.,1,false,true,false,true,48.,42.,48.,44.,0.
0.866624698176,Voter,14,5,6.,1,false,true,false,true,62.,52.,50.,48.,9.92954170667
0.866624698176,Voter,14,5,11.,1,false,true,false,true,62.,52.,50.,48.,10.068897089
0.866624698176,Voter,14,5,16.,1,false,true,false,true,62.,52.,50.,48.,10.0710777049
0.866624698176,Voter,14,5,21.,1,false,true,false,true,62.,52.,50.,48.,10.0711147265
0.866624698176,Voter,14,5,26.,1,false,true,false,true,62.,52.,50.,48.,10.0711153938
0.866624698176,Voter,14,5,31.,1,false,true,false,true,62.,52.,50.,48.,10.0711154064
0.866624698176,Voter,14,5,36.,1,false,true,false,true,62.,52.,50.,48.,10.0711154066
0.866624698176,Voter,14,5,41.,1,false,true,false,true,62.,52.,50.,48.,10.0711154066
0.866624698176,Voter,14,5,46.,1,false,true,false,true,62.,52.,50.,48.,10.0711154066
0.866624698176,Voter,14,5,51.,1,false,true,false,true,62.,52.,50.,48.,10.0711154066
0.852177544363,Voter,14,6,1.,1,false,true,false,true,18.,18.,38.,34.,0.
0.852177544363,Voter,14,6,6.,1,false,true,false,true,54.,48.,6.,6.,9.82944154997
0.852177544363,Voter,14,6,11.,1,false,true,false,true,54.,48.,6.,6.,9.96048211247
0.852177544363,Voter,14,6,16.,1,false,true,false,true,54.,48.,6.,6.,9.96243658955
0.852177544363,Voter,14,6,21.,1,false,true,false,true,54.,48.,6.,6.,9.96246827998
0.852177544363,Voter,14,6,26.,1,false,true,false,true,54.,48.,6.,6.,9.96246882611
0.852177544363,Voter,14,6,31.,1,false,true,false,true,54.,48.,6.,6.,9.96246883595
0.852177544363,Voter,14,6,36.,1,false,true,false,true,54.,48.,6.,6.,9.96246883614
0.852177544363,Voter,14,6,41.,1,false,true,false,true,54.,48.,6.,6.,9.96246883614
0.852177544363,Voter,14,6,46.,1,false,true,false,true,54.,48.,6.,6.,9.96246883614
0.852177544363,Voter,14,6,51.,1,false,true,false,true,54.,48.,6.,6.,9.96246883614
1.15079919164,Sample,14,5,1.,1,false,true,false,true,6.,6.,68.,56.,0.
1.15079919164,Sample,14,5,6.,1,false,true,false,true,58.,50.,24.,22.,11.537216719
1.15079919164,Sample,14,5,11.,1,false,true,false,true,62.,52.,20.,18.,11.8989416672
1.15079919164,Sample,14,5,16.,1,false,true,false,true,62.,52.,20.,18.,11.9110282447
1.15079919164,Sample,14,5,21.,1,false,true,false,true,62.,52.,20.,18.,11.9114539891
1.15079919164,Sample,14,5,26.,1,false,true,false,true,62.,52.,20.,18.,11.9114696374
1.15079919164,Sample,14,5,31.,1,false,true,false,true,62.,52.,20.,18.,11.9114702325
1.15079919164,Sample,14,5,36.,1,false,true,false,true,62.,52.,20.,18.,11.9114702558
1.15079919164,Sample,14,5,41.,1,false,true,false,true,62.,52.,20.,18.,11.9114702567
1.15079919164,Sample,14,5,46.,1,false,true,false,true,62.,52.,20.,18.,11.9114702567
1.15079919164,Sample,14,5,51.,1,false,true,false,true,62.,52.,20.,18.,11.9114702567
0.996802563283,Sample,14,3,1.,1,false,true,false,true,0.,0.,12.,10.,0.
0.996802563283,Sample,14,3,6.,1,false,true,false,true,14.,10.,2.,2.,10.7462040622
0.996802563283,Sample,14,3,11.,1,false,true,false,true,14.,10.,2.,2.,10.9738090668
0.996802563283,Sample,14,3,16.,1,false,true,false,true,14.,10.,2.,2.,10.9790509491
0.996802563283,Sample,14,3,21.,1,false,true,false,true,14.,10.,2.,2.,10.9791799479
0.996802563283,Sample,14,3,26.,1,false,true,false,true,14.,10.,2.,2.,10.9791832889
0.996802563283,Sample,14,3,31.,1,false,true,false,true,14.,10.,2.,2.,10.9791833789
0.996802563283,Sample,14,3,36.,1,false,true,false,true,14.,10.,2.,2.,10.9791833814
0.996802563283,Sample,14,3,41.,1,false,true,false,true,14.,10.,2.,2.,10.9791833814
0.996802563283,Sample,14,3,46.,1,false,true,false,true,14.,10.,2.,2.,10.9791833814
0.996802563283,Sample,14,3,51.,1,false,true,false,true,14.,10.,2.,2.,10.9791833814
1.36527715847,Voter,14,7,1.,1,false,true,false,true,34.,30.,74.,68.,0.
1.36527715847,Voter,14,7,6.,1,false,true,false,true,118.,96.,66.,66.,12.381001094
1.36527715847,Voter,14,7,11.,1,false,true,false,true,120.,100.,64.,64.,12.9760399021
1.36527715847,Voter,14,7,16.,1,false,true,false,true,120.,100.,64.,64.,13.0059742556
1.36527715847,Voter,14,7,21.,1,false,true,false,true,120.,100.,64.,64.,13.0075409277
1.36527715847,Voter,14,7,26.,1,false,true,false,true,120.,100.,64.,64.,13.0076257072
1.36527715847,Voter,14,7,31.,1,false,true,false,true,120.,100.,64.,64.,13.0076304244
1.36527715847,Voter,14,7,36.,1,false,true,false,true,120.,100.,64.,64.,13.007630693
1.36527715847,Voter,14,7,41.,1,false,true,false,true,120.,100.,64.,64.,13.0076307086
1.36527715847,Voter,14,7,46.,1,false,true,false,true,120.,100.,64.,64.,13.0076307096
1.36527715847,Voter,14,7,51.,1,false,true,false,true,120.,100.,64.,64.,13.0076307096
1.29440116838,Sample,14,5,1.,1,false,true,false,true,60.,54.,94.,80.,0.
1.29440116838,Sample,14,5,6.,1,false,true,false,true,150.,112.,168.,118.,12.1315247409
1.29440116838,Sample,14,5,11.,1,false,true,false,true,150.,112.,164.,114.,12.6441666441
1.29440116838,Sample,14,5,16.,1,false,true,false,true,150.,112.,164.,114.,12.6669556037
1.29440116838,Sample,14,5,21.,1,false,true,false,true,150.,112.,164.,114.,12.6680135571
1.29440116838,Sample,14,5,26.,1,false,true,false,true,150.,112.,164.,114.,12.6680644773
1.29440116838,Sample,14,5,31.,1,false,true,false,true,150.,112.,164.,114.,12.6680670021
1.29440116838,Sample,14,5,36.,1,false,true,false,true,150.,112.,164.,114.,12.6680671303
1.29440116838,Sample,14,5,41.,1,false,true,false,true,150.,112.,164.,114.,12.668067137
1.29440116838,Sample,14,5,46.,1,false,true,false,true,150.,112.,164.,114.,12.6680671373
1.29440116838,Sample,14,5,51.,1,false,true,false,true,150.,112.,164.,114.,12.6680671374
1.03458553291,Sample,14,3,1.,1,false,true,false,true,18.,18.,32.,30.,0.
1.03458553291,Sample,14,3,6.,1,false,true,false,true,64.,48.,78.,52.,10.9566243644
1.03458553291,Sample,14,3,11.,1,false,true,false,true,64.,48.,78.,52.,11.2142525571
1.03458553291,Sample,14,3,16.,1,false,true,false,true,64.,48.,78.,52.,11.2208020815
1.03458553291,Sample,14,3,21.,1,false,true,false,true,64.,48.,78.,52.,11.2209793394
1.03458553291,Sample,14,3,26.,1,false,true,false,true,64.,48.,78.,52.,11.2209843767
1.03458553291,Sample,14,3,31.,1,false,true,false,true,64.,48.,78.,52.,11.2209845254
1.03458553291,Sample,14,3,36.,1,false,true,false,true,64.,48.,78.,52.,11.2209845299
1.03458553291,Sample,14,3,41.,1,false,true,false,true,64.,48.,78.,52.,11.22098453
1.03458553291,Sample,14,3,46.,1,false,true,false,true,64.,48.,78.,52.,11.2209845301
1.03458553291,Sample,14,3,51.,1,false,true,false,true,64.,48.,78.,52.,11.2209845301
1.16676040876,Voter,14,6,1.,1,false,true,false,true,20.,18.,42.,36.,0.
1.16676040876,Voter,14,6,6.,1,false,true,false,true,60.,52.,14.,14.,11.609635428
1.16676040876,Voter,14,6,11.,1,false,true,false,true,58.,52.,12.,12.,11.9869764078
1.16676040876,Voter,14,6,16.,1,false,true,false,true,58.,52.,12.,12.,12.0000252513
1.16676040876,Voter,14,6,21.,1,false,true,false,true,58.,52.,12.,12.,12.0005003881
1.16676040876,Voter,14,6,26.,1,false,true,false,true,58.,52.,12.,12.,12.0005184266
1.16676040876,Voter,14,6,31.,1,false,true,false,true,58.,52.,12.,12.,12.0005191347
1.16676040876,Voter,14,6,36.,1,false,true,false,true,58.,52.,12.,12.,12.0005191633
1.16676040876,Voter,14,6,41.,1,false,true,false,true,58.,52.,12.,12.,12.0005191645
1.16676040876,Voter,14,6,46.,1,false,true,false,true,58.,52.,12.,12.,12.0005191645
1.16676040876,Voter,14,6,51.,1,false,true,false,true,58.,52.,12.,12.,12.0005191645
1.25571494357,Voter,14,7,1.,1,false,true,false,true,54.,50.,96.,82.,0.
1.25571494357,Voter,14,7,6.,1,false,true,false,true,120.,94.,58.,54.,11.9836447408
1.25571494357,Voter,14,7,11.,1,false,true,false,true,120.,94.,58.,54.,12.4534077678
1.25571494357,Voter,14,7,16.,1,false,true,false,true,120.,94.,58.,54.,12.4728398639
1.25571494357,Voter,14,7,21.,1,false,true,false,true,120.,94.,58.,54.,12.473681233
1.25571494357,Voter,14,7,26.,1,false,true,false,true,120.,94.,58.,54.,12.4737190625
1.25571494357,Voter,14,7,31.,1,false,true,false,true,120.,94.,58.,54.,12.4737208166
1.25571494357,Voter,14,7,36.,1,false,true,false,true,120.,94.,58.,54.,12.4737209
1.25571494357,Voter,14,7,41.,1,false,true,false,true,120.,94.,58.,54.,12.4737209041
1.25571494357,Voter,14,7,46.,1,false,true,false,true,120.,94.,58.,54.,12.4737209043
1.25571494357,Voter,14,7,51.,1,false,true,false,true,120.,94.,58.,54.,12.4737209043
1.17795359409,Voter,14,5,1.,1,false,true,false,true,24.,22.,34.,30.,0.
1.17795359409,Voter,14,5,6.,1,false,true,false,true,46.,40.,16.,16.,11.6594265237
1.17795359409,Voter,14,5,11.,1,false,true,false,true,46.,40.,16.,16.,12.0478996068
1.17795359409,Voter,14,5,16.,1,false,true,false,true,46.,40.,16.,16.,12.0616550792
1.17795359409,Voter,14,5,21.,1,false,true,false,true,46.,40.,16.,16.,12.0621675263
1.17795359409,Voter,14,5,26.,1,false,true,false,true,46.,40.,16.,16.,12.0621874203
1.17795359409,Voter,14,5,31.,1,false,true,false,true,46.,40.,16.,16.,12.0621882186
1.17795359409,Voter,14,5,36.,1,false,true,false,true,46.,40.,16.,16.,12.0621882515
1.17795359409,Voter,14,5,41.,1,false,true,false,true,46.,40.,16.,16.,12.0621882529
1.17795359409,Voter,14,5,46.,1,false,true,false,true,46.,40.,16.,16.,12.062188253
1.17795359409,Voter,14,5,51.,1,false,true,false,true,46.,40.,16.,16.,12.062188253
0.835206416724,Sample,14,4,1.,1,false,true,false,true,32.,30.,50.,46.,0.
0.835206416724,Sample,14,4,6.,1,false,true,false,true,76.,66.,70.,70.,9.70926476238
0.835206416724,Sample,14,4,11.,1,false,true,false,true,76.,66.,70.,70.,9.83091710729
0.835206416724,Sample,14,4,16.,1,false,true,false,true,76.,66.,70.,70.,9.83262962982
0.835206416724,Sample,14,4,21.,1,false,true,false,true,76.,66.,70.,70.,9.83265589974
0.835206416724,Sample,14,4,26.,1,false,true,false,true,76.,66.,70.,70.,9.8326563286
0.835206416724,Sample,14,4,31.,1,false,true,false,true,76.,66.,70.,70.,9.83265633593
0.835206416724,Sample,14,4,36.,1,false,true,false,true,76.,66.,70.,70.,9.83265633606
0.835206416724,Sample,14,4,41.,1,false,true,false,true,76.,66.,70.,70.,9.83265633606
0.835206416724,Sample,14,4,46.,1,false,true,false,true,76.,66.,70.,70.,9.83265633606
0.835206416724,Sample,14,4,51.,1,false,true,false,true,76.,66.,70.,70.,9.83265633606
1.14678268056,Voter,14,6,1.,1,false,true,false,true,28.,26.,42.,38.,0.
1.14678268056,Voter,14,6,6.,1,false,true,false,true,66.,54.,24.,22.,11.5187273075
1.14678268056,Voter,14,6,11.,1,false,true,false,true,66.,54.,24.,22.,11.8765709376
1.14678268056,Voter,14,6,16.,1,false,true,false,true,66.,54.,24.,22.,11.8884236142
1.14678268056,Voter,14,6,21.,1,false,true,false,true,66.,54.,24.,22.,11.8888376059
1.14678268056,Voter,14,6,26.,1,false,true,false,true,66.,54.,24.,22.,11.8888526972
1.14678268056,Voter,14,6,31.,1,false,true,false,true,66.,54.,24.,22.,11.8888532664
1.14678268056,Voter,14,6,36.,1,false,true,false,true,66.,54.,24.,22.,11.8888532885
1.14678268056,Voter,14,6,41.,1,false,true,false,true,66.,54.,24.,22.,11.8888532894
1.14678268056,Voter,14,6,46.,1,false,true,false,true,66.,54.,24.,22.,11.8888532894
1.14678268056,Voter,14,6,51.,1,false,true,false,true,66.,54.,24.,22.,11.8888532894
1.29757193379,Voter,14,5,1.,1,false,true,false,true,22.,20.,50.,48.,0.
1.29757193379,Voter,14,5,6.,1,false,true,false,true,64.,54.,32.,32.,12.1432685565
1.29757193379,Voter,14,5,11.,1,false,true,false,true,62.,54.,30.,30.,12.6594927576
1.29757193379,Voter,14,5,16.,1,false,true,false,true,62.,54.,30.,30.,12.6825734101
1.29757193379,Voter,14,5,21.,1,false,true,false,true,62.,54.,30.,30.,12.6836508946
1.29757193379,Voter,14,5,26.,1,false,true,false,true,62.,54.,30.,30.,12.6837030382
1.29757193379,Voter,14,5,31.,1,false,true,false,true,62.,54.,30.,30.,12.6837056375
1.29757193379,Voter,14,5,36.,1,false,true,false,true,62.,54.,30.,30.,12.6837057703
1.29757193379,Voter,14,5,41.,1,false,true,false,true,62.,54.,30.,30.,12.6837057772
1.29757193379,Voter,14,5,46.,1,false,true,false,true,62.,54.,30.,30.,12.6837057775
1.29757193379,Voter,14,5,51.,1,false,true,false,true,62.,54.,30.,30.,12.6837057776
0.969939458274,Voter,14,4,1.,1,false,true,false,true,8.,8.,14.,14.,0.
0.969939458274,Voter,14,4,6.,1,false,true,false,true,22.,22.,4.,4.,10.5896342261
0.969939458274,Voter,14,4,11.,1,false,true,false,true,22.,22.,4.,4.,10.7970820123
0.969939458274,Voter,14,4,16.,1,false,true,false,true,22.,22.,4.,4.,10.8015205599
0.969939458274,Voter,14,4,21.,1,false,true,false,true,22.,22.,4.,4.,10.8016223234
0.969939458274,Voter,14,4,26.,1,false,true,false,true,22.,22.,4.,4.,10.8016247829
0.969939458274,Voter,14,4,31.,1,false,true,false,true,22.,22.,4.,4.,10.8016248448
0.969939458274,Voter,14,4,36.,1,false,true,false,true,22.,22.,4.,4.,10.8016248465
0.969939458274,Voter,14,4,41.,1,false,true,false,true,22.,22.,4.,4.,10.8016248465
0.969939458274,Voter,14,4,46.,1,false,true,false,true,22.,22.,4.,4.,10.8016248465
0.969939458274,Voter,14,4,51.,1,false,true,false,true,22.,22.,4.,4.,10.8016248465
1.3348274148,Sample,14,7,1.,1,false,true,false,true,50.,46.,138.,104.,0.
1.3348274148,Sample,14,7,6.,1,false,true,false,true,212.,162.,172.,130.,12.2771146065
1.3348274148,Sample,14,7,11.,1,false,true,false,true,218.,164.,170.,126.,12.8361701228
1.3348274148,Sample,14,7,16.,1,false,true,false,true,218.,164.,170.,126.,12.8628720792
1.3348274148,Sample,14,7,21.,1,false,true,false,true,218.,164.,170.,126.,12.8642009933
1.3348274148,Sample,14,7,26.,1,false,true,false,true,218.,164.,170.,126.,12.8642694548
1.3348274148,Sample,14,7,31.,1,false,true,false,true,218.,164.,170.,126.,12.8642730841
1.3348274148,Sample,14,7,36.,1,false,true,false,true,218.,164.,170.,126.,12.8642732811
1.3348274148,Sample,14,7,41.,1,false,true,false,true,218.,164.,170.,126.,12.864273292
1.3348274148,Sample,14,7,46.,1,false,true,false,true,218.,164.,170.,126.,12.8642732926
1.3348274148,Sample,14,7,51.,1,false,true,false,true,218.,164.,170.,126.,12.8642732927
0.832566162186,Voter,14,4,1.,1,false,true,false,true,16.,14.,12.,12.,0.
0.832566162186,Voter,14,4,6.,1,false,true,false,true,26.,24.,6.,6.,9.69031328361
0.832566162186,Voter,14,4,11.,1,false,true,false,true,26.,24.,6.,6.,9.81054185306
0.832566162186,Voter,14,4,16.,1,false,true,false,true,26.,24.,6.,6.,9.81221893125
0.832566162186,Voter,14,4,21.,1,false,true,false,true,26.,24.,6.,6.,9.81224443299
0.832566162186,Voter,14,4,26.,1,false,true,false,true,26.,24.,6.,6.,9.81224484575
0.832566162186,Voter,14,4,31.,1,false,true,false,true,26.,24.,6.,6.,9.81224485275
0.832566162186,Voter,14,4,36.,1,false,true,false,true,26.,24.,6.,6.,9.81224485287
0.832566162186,Voter,14,4,41.,1,false,true,false,true,26.,24.,6.,6.,9.81224485287
0.832566162186,Voter,14,4,46.,1,false,true,false,true,26.,24.,6.,6.,9.81224485287
0.832566162186,Voter,14,4,51.,1,false,true,false,true,26.,24.,6.,6.,9.81224485287
1.17087465181,Voter,14,4,1.,1,false,true,false,true,12.,12.,16.,16.,0.
1.17087465181,Voter,14,4,6.,1,false,true,false,true,24.,24.,4.,4.,11.6280314758
1.17087465181,Voter,14,4,11.,1,false,true,false,true,24.,24.,4.,4.,12.0094470341
1.17087465181,Voter,14,4,16.,1,false,true,false,true,24.,24.,4.,4.,12.0227525263
1.17087465181,Voter,14,4,21.,1,false,true,false,true,24.,24.,4.,4.,12.0232411142
1.17087465181,Voter,14,4,26.,1,false,true,false,true,24.,24.,4.,4.,12.0232598168
1.17087465181,Voter,14,4,31.,1,false,true,false,true,24.,24.,4.,4.,12.023260557
1.17087465181,Voter,14,4,36.,1,false,true,false,true,24.,24.,4.,4.,12.0232605871
1.17087465181,Voter,14,4,41.,1,false,true,false,true,24.,24.,4.,4.,12.0232605883
1.17087465181,Voter,14,4,46.,1,false,true,false,true,24.,24.,4.,4.,12.0232605884
1.17087465181,Voter,14,4,51.,1,false,true,false,true,24.,24.,4.,4.,12.0232605884
1.35140805996,Voter,14,4,1.,1,false,true,false,true,8.,8.,28.,26.,0.
1.35140805996,Voter,14,4,6.,1,false,true,false,true,18.,16.,18.,18.,12.3342847161
1.35140805996,Voter,14,4,11.,1,false,true,false,true,18.,16.,18.,18.,12.9128283052
1.35140805996,Voter,14,4,16.,1,false,true,false,true,18.,16.,18.,18.,12.9412593926
1.35140805996,Voter,14,4,21.,1,false,true,false,true,18.,16.,18.,18.,12.9427139823
1.35140805996,Voter,14,4,26.,1,false,true,false,true,18.,16.,18.,18.,12.9427909685
1.35140805996,Voter,14,4,31.,1,false,true,false,true,18.,16.,18.,18.,12.9427951596
1.35140805996,Voter,14,4,36.,1,false,true,false,true,18.,16.,18.,18.,12.9427953932
1.35140805996,Voter,14,4,41.,1,false,true,false,true,18.,16.,18.,18.,12.9427954064
1.35140805996,Voter,14,4,46.,1,false,true,false,true,18.,16.,18.,18.,12.9427954072
1.35140805996,Voter,14,4,51.,1,false,true,false,true,18.,16.,18.,18.,12.9427954072
0.98147547468,Voter,14,3,1.,1,false,true,false,true,4.,4.,6.,6.,0.
0.98147547468,Voter,14,3,6.,1,false,true,false,true,10.,10.,0.,0.,10.6575960874
0.98147547468,Voter,14,3,11.,1,false,true,false,true,10.,10.,0.,0.,10.8735779238
0.98147547468,Voter,14,3,16.,1,false,true,false,true,10.,10.,0.,0.,10.8783492038
0.98147547468,Voter,14,3,21.,1,false,true,false,true,10.,10.,0.,0.,10.878462011
0.98147547468,Voter,14,3,26.,1,false,true,false,true,10.,10.,0.,0.,10.8784648205
0.98147547468,Voter,14,3,31.,1,false,true,false,true,10.,10.,0.,0.,10.8784648934
0.98147547468,Voter,14,3,36.,1,false,true,false,true,10.,10.,0.,0.,10.8784648953
0.98147547468,Voter,14,3,41.,1,false,true,false,true,10.,10.,0.,0.,10.8784648954
0.98147547468,Voter,14,3,46.,1,false,true,false,true,10.,10.,0.,0.,10.8784648954
0.98147547468,Voter,14,3,51.,1,false,true,false,true,10.,10.,0.,0.,10.8784648954
1.32834478037,Sample,14,7,1.,1,false,true,false,true,34.,32.,128.,102.,0.
1.32834478037,Sample,14,7,6.,1,false,true,false,true,182.,142.,128.,102.,12.2543656948
1.32834478037,Sample,14,7,11.,1,false,true,false,true,192.,152.,126.,104.,12.8058719998
1.32834478037,Sample,14,7,16.,1,false,true,false,true,194.,154.,128.,106.,12.8319178014
1.32834478037,Sample,14,7,21.,1,false,true,false,true,194.,154.,128.,106.,12.8331999571
1.32834478037,Sample,14,7,26.,1,false,true,false,true,194.,154.,128.,106.,12.8332653073
1.32834478037,Sample,14,7,31.,1,false,true,false,true,194.,154.,128.,106.,12.8332687354
1.32834478037,Sample,14,7,36.,1,false,true,false,true,194.,154.,128.,106.,12.8332689196
1.32834478037,Sample,14,7,41.,1,false,true,false,true,194.,154.,128.,106.,12.8332689297
1.32834478037,Sample,14,7,46.,1,false,true,false,true,194.,154.,128.,106.,12.8332689303
1.32834478037,Sample,14,7,51.,1,false,true,false,true,194.,154.,128.,106.,12.8332689303
1.04144855816,Voter,14,4,1.,1,false,true,false,true,4.,4.,10.,10.,0.
1.04144855816,Voter,14,4,6.,1,false,true,false,true,14.,14.,0.,0.,10.9936532564
1.04144855816,Voter,14,4,11.,1,false,true,false,true,14.,14.,0.,0.,11.2569417331
1.04144855816,Voter,14,4,16.,1,false,true,false,true,14.,14.,0.,0.,11.2637525247
1.04144855816,Voter,14,4,21.,1,false,true,false,true,14.,14.,0.,0.,11.2639399648
1.04144855816,Voter,14,4,26.,1,false,true,false,true,14.,14.,0.,0.,11.2639453793
1.04144855816,Voter,14,4,31.,1,false,true,false,true,14.,14.,0.,0.,11.2639455417
1.04144855816,Voter,14,4,36.,1,false,true,false,true,14.,14.,0.,0.,11.2639455467
1.04144855816,Voter,14,4,41.,1,false,true,false,true,14.,14.,0.,0.,11.2639455469
1.04144855816,Voter,14,4,46.,1,false,true,false,true,14.,14.,0.,0.,11.2639455469
1.04144855816,Voter,14,4,51.,1,false,true,false,true,14.,14.,0.,0.,11.2639455469
1.09328866188,Voter,14,7,1.,1,false,true,false,true,80.,68.,96.,82.,0.
1.09328866188,Voter,14,7,6.,1,false,true,false,true,130.,106.,62.,56.,11.2619721282
1.09328866188,Voter,14,7,11.,1,false,true,false,true,130.,106.,62.,56.,11.5700230039
1.09328866188,Voter,14,7,16.,1,false,true,false,true,130.,106.,62.,56.,11.5790624172
1.09328866188,Voter,14,7,21.,1,false,true,false,true,130.,106.,62.,56.,11.5793433245
1.09328866188,Voter,14,7,26.,1,false,true,false,true,130.,106.,62.,56.,11.5793524604
1.09328866188,Voter,14,7,31.,1,false,true,false,true,130.,106.,62.,56.,11.5793527684
1.09328866188,Voter,14,7,36.,1,false,true,false,true,130.,106.,62.,56.,11.5793527791
1.09328866188,Voter,14,7,41.,1,false,true,false,true,130.,106.,62.,56.,11.5793527795
1.09328866188,Voter,14,7,46.,1,false,true,false,true,130.,106.,62.,56.,11.5793527795
1.09328866188,Voter,14,7,51.,1,false,true,false,true,130.,106.,62.,56.,11.5793527795
1.22435249671,Voter,14,7,1.,1,false,true,false,true,44.,44.,106.,90.,0.
1.22435249671,Voter,14,7,6.,1,false,true,false,true,104.,88.,58.,58.,11.8573396744
1.22435249671,Voter,14,7,11.,1,false,true,false,true,104.,88.,58.,58.,12.2935051657
1.22435249671,Voter,14,7,16.,1,false,true,false,true,104.,88.,58.,58.,12.3104814119
1.22435249671,Voter,14,7,21.,1,false,true,false,true,104.,88.,58.,58.,12.3111743892
1.22435249671,Voter,14,7,26.,1,false,true,false,true,104.,88.,58.,58.,12.3112038041
1.22435249671,Voter,14,7,31.,1,false,true,false,true,104.,88.,58.,58.,12.3112050929
1.22435249671,Voter,14,7,36.,1,false,true,false,true,104.,88.,58.,58.,12.3112051509
1.22435249671,Voter,14,7,41.,1,false,true,false,true,104.,88.,58.,58.,12.3112051535
1.22435249671,Voter,14,7,46.,1,false,true,false,true,104.,88.,58.,58.,12.3112051537
1.22435249671,Voter,14,7,51.,1,false,true,false,true,104.,88.,58.,58.,12.3112051537
1.09532245491,Sample,14,4,1.,1,false,true,false,true,2.,2.,28.,24.,0.
1.09532245491,Sample,14,4,6.,1,false,true,false,true,46.,42.,32.,32.,11.2720992384
1.09532245491,Sample,14,4,11.,1,false,true,false,true,46.,42.,32.,32.,11.5819773485
1.09532245491,Sample,14,4,16.,1,false,true,false,true,46.,42.,32.,32.,11.5911138166
1.09532245491,Sample,14,4,21.,1,false,true,false,true,46.,42.,32.,32.,11.5913990476
1.09532245491,Sample,14,4,26.,1,false,true,false,true,46.,42.,32.,32.,11.5914083658
1.09532245491,Sample,14,4,31.,1,false,true,false,true,46.,42.,32.,32.,11.5914086813
1.09532245491,Sample,14,4,36.,1,false,true,false,true,46.,42.,32.,32.,11.5914086923
1.09532245491,Sample,14,4,41.,1,false,true,false,true,46.,42.,32.,32.,11.5914086927
1.09532245491,Sample,14,4,46.,1,false,true,false,true,46.,42.,32.,32.,11.5914086927
1.09532245491,Sample,14,4,51.,1,false,true,false,true,46.,42.,32.,32.,11.5914086927
0.917481303686,Sample,14,3,1.,1,false,true,false,true,6.,6.,26.,22.,0.
0.917481303686,Sample,14,3,6.,1,false,true,false,true,18.,18.,22.,22.,10.2663540646
0.917481303686,Sample,14,3,11.,1,false,true,false,true,18.,18.,22.,22.,10.4373415403
0.917481303686,Sample,14,3,16.,1,false,true,false,true,18.,18.,22.,22.,10.4404822371
0.917481303686,Sample,14,3,21.,1,false,true,false,true,18.,18.,22.,22.,10.4405444248
0.917481303686,Sample,14,3,26.,1,false,true,false,true,18.,18.,22.,22.,10.4405457274
0.917481303686,Sample,14,3,31.,1,false,true,false,true,18.,18.,22.,22.,10.4405457559
0.917481303686,Sample,14,3,36.,1,false,true,false,true,18.,18.,22.,22.,10.4405457565
0.917481303686,Sample,14,3,41.,1,false,true,false,true,18.,18.,22.,22.,10.4405457566
0.917481303686,Sample,14,3,46.,1,false,true,false,true,18.,18.,22.,22.,10.4405457566
0.917481303686,Sample,14,3,51.,1,false,true,false,true,18.,18.,22.,22.,10.4405457566
0.814466472941,Sample,14,5,1.,1,false,true,false,true,42.,40.,80.,70.,0.
0.814466472941,Sample,14,5,6.,1,false,true,false,true,96.,86.,86.,82.,9.5585144739
0.814466472941,Sample,14,5,11.,1,false,true,false,true,94.,86.,84.,82.,9.66924871024
0.814466472941,Sample,14,5,16.,1,false,true,false,true,94.,86.,84.,82.,9.67069792423
0.814466472941,Sample,14,5,21.,1,false,true,false,true,94.,86.,84.,82.,9.67071865445
0.814466472941,Sample,14,5,26.,1,false,true,false,true,94.,86.,84.,82.,9.67071897053
0.814466472941,Sample,14,5,31.,1,false,true,false,true,94.,86.,84.,82.,9.67071897558
0.814466472941,Sample,14,5,36.,1,false,true,false,true,94.,86.,84.,82.,9.67071897566
0.814466472941,Sample,14,5,41.,1,false,true,false,true,94.,86.,84.,82.,9.67071897566
0.814466472941,Sample,14,5,46.,1,false,true,false,true,94.,86.,84.,82.,9.67071897566
0.814466472941,Sample,14,5,51.,1,false,true,false,true,94.,86.,84.,82.,9.67071897566
0.96736107536,Voter,14,5,1.,1,false,true,false,true,30.,28.,32.,32.,0.
0.96736107536,Voter,14,5,6.,1,false,true,false,true,50.,46.,20.,16.,10.5742931906
0.96736107536,Voter,14,5,11.,1,false,true,false,true,50.,46.,20.,16.,10.7798588273
0.96736107536,Voter,14,5,16.,1,false,true,false,true,50.,46.,20.,16.,10.7842254578
0.96736107536,Voter,14,5,21.,1,false,true,false,true,50.,46.,20.,16.,10.7843248798
0.96736107536,Voter,14,5,26.,1,false,true,false,true,50.,46.,20.,16.,10.7843272665
0.96736107536,Voter,14,5,31.,1,false,true,false,true,50.,46.,20.,16.,10.7843273262
0.96736107536,Voter,14,5,36.,1,false,true,false,true,50.,46.,20.,16.,10.7843273277
0.96736107536,Voter,14,5,41.,1,false,true,false,true,50.,46.,20.,16.,10.7843273278
0.96736107536,Voter,14,5,46.,1,false,true,false,true,50.,46.,20.,16.,10.7843273278
0.96736107536,Voter,14,5,51.,1,false,true,false,true,50.,46.,20.,16.,10.7843273278
1.1760983874,Sample,14,4,1.,1,false,true,false,true,8.,8.,28.,24.,0.
1.1760983874,Sample,14,4,6.,1,false,true,false,true,26.,22.,6.,6.,11.651230022
1.1760983874,Sample,14,4,11.,1,false,true,false,true,28.,24.,8.,8.,12.0378478041
1.1760983874,Sample,14,4,16.,1,false,true,false,true,28.,24.,8.,8.,12.0514843166
1.1760983874,Sample,14,4,21.,1,false,true,false,true,28.,24.,8.,8.,12.0519904221
1.1760983874,Sample,14,4,26.,1,false,true,false,true,28.,24.,8.,8.,12.0520099979
1.1760983874,Sample,14,4,31.,1,false,true,false,true,28.,24.,8.,8.,12.0520107806
1.1760983874,Sample,14,4,36.,1,false,true,false,true,28.,24.,8.,8.,12.0520108127
1.1760983874,Sample,14,4,41.,1,false,true,false,true,28.,24.,8.,8.,12.0520108141
1.1760983874,Sample,14,4,46.,1,false,true,false,true,28.,24.,8.,8.,12.0520108142
1.1760983874,Sample,14,4,51.,1,false,true,false,true,28.,24.,8.,8.,12.0520108142
0.929430062862,Voter,14,7,1.,1,false,true,false,true,98.,78.,100.,80.,0.
0.929430062862,Voter,14,7,6.,1,false,true,false,true,136.,100.,122.,90.,10.3420879839
0.929430062862,Voter,14,7,11.,1,false,true,false,true,136.,100.,122.,90.,10.5210397538
0.929430062862,Voter,14,7,16.,1,false,true,false,true,136.,100.,122.,90.,10.5244466739
0.929430062862,Voter,14,7,21.,1,false,true,false,true,136.,100.,122.,90.,10.5245164952
0.929430062862,Voter,14,7,26.,1,false,true,false,true,136.,100.,122.,90.,10.5245180077
0.929430062862,Voter,14,7,31.,1,false,true,false,true,136.,100.,122.,90.,10.5245180419
0.929430062862,Voter,14,7,36.,1,false,true,false,true,136.,100.,122.,90.,10.5245180427
0.929430062862,Voter,14,7,41.,1,false,true,false,true,136.,100.,122.,90.,10.5245180427
0.929430062862,Voter,14,7,46.,1,false,true,false,true,136.,100.,122.,90.,10.5245180427
0.929430062862,Voter,14,7,51.,1,false,true,false,true,136.,100.,122.,90.,10.5245180427
0.805576209359,Sample,14,3,1.,1,false,true,false,true,14.,14.,24.,24.,0.
0.805576209359,Sample,14,3,6.,1,false,true,false,true,26.,26.,28.,28.,9.49255877724
0.805576209359,Sample,14,3,11.,1,false,true,false,true,26.,26.,28.,28.,9.59879920738
0.805576209359,Sample,14,3,16.,1,false,true,false,true,26.,26.,28.,28.,9.60014576019
0.805576209359,Sample,14,3,21.,1,false,true,false,true,26.,26.,28.,28.,9.6001644394
0.805576209359,Sample,14,3,26.,1,false,true,false,true,26.,26.,28.,28.,9.60016471579
0.805576209359,Sample,14,3,31.,1,false,true,false,true,26.,26.,28.,28.,9.60016472007
0.805576209359,Sample,14,3,36.,1,false,true,false,true,26.,26.,28.,28.,9.60016472014
0.805576209359,Sample,14,3,41.,1,false,true,false,true,26.,26.,28.,28.,9.60016472014
0.805576209359,Sample,14,3,46.,1,false,true,false,true,26.,26.,28.,28.,9.60016472014
0.805576209359,Sample,14,3,51.,1,false,true,false,true,26.,26.,28.,28.,9.60016472014
0.833583358017,Voter,14,6,1.,1,false,true,false,true,24.,22.,30.,28.,0.
0.833583358017,Voter,14,6,6.,1,false,true,false,true,46.,42.,12.,12.,9.69762281511
0.833583358017,Voter,14,6,11.,1,false,true,false,true,46.,42.,12.,12.,9.8183987428
0.833583358017,Voter,14,6,16.,1,false,true,false,true,46.,42.,12.,12.,9.82008940814
0.833583358017,Voter,14,6,21.,1,false,true,false,true,46.,42.,12.,12.,9.82011520355
0.833583358017,Voter,14,6,26.,1,false,true,false,true,46.,42.,12.,12.,9.82011562245
0.833583358017,Voter,14,6,31.,1,false,true,false,true,46.,42.,12.,12.,9.82011562957
0.833583358017,Voter,14,6,36.,1,false,true,false,true,46.,42.,12.,12.,9.82011562969
0.833583358017,Voter,14,6,41.,1,false,true,false,true,46.,42.,12.,12.,9.8201156297
0.833583358017,Voter,14,6,46.,1,false,true,false,true,46.,42.,12.,12.,9.8201156297
0.833583358017,Voter,14,6,51.,1,false,true,false,true,46.,42.,12.,12.,9.8201156297
0.990169652798,Voter,14,6,1.,1,false,true,false,true,12.,12.,38.,32.,0.
0.990169652798,Voter,14,6,6.,1,false,true,false,true,44.,38.,6.,6.,10.7080927459
0.990169652798,Voter,14,6,11.,1,false,true,false,true,44.,38.,6.,6.,10.9306280153
0.990169652798,Voter,14,6,16.,1,false,true,false,true,44.,38.,6.,6.,10.9356621692
0.990169652798,Voter,14,6,21.,1,false,true,false,true,44.,38.,6.,6.,10.9357839401
0.990169652798,Voter,14,6,26.,1,false,true,false,true,44.,38.,6.,6.,10.9357870413
0.990169652798,Voter,14,6,31.,1,false,true,false,true,44.,38.,6.,6.,10.9357871235
0.990169652798,Voter,14,6,36.,1,false,true,false,true,44.,38.,6.,6.,10.9357871257
0.990169652798,Voter,14,6,41.,1,false,true,false,true,44.,38.,6.,6.,10.9357871258
0.990169652798,Voter,14,6,46.,1,false,true,false,true,44.,38.,6.,6.,10.9357871258
0.990169652798,Voter,14,6,51.,1,false,true,false,true,44.,38.,6.,6.,10.9357871258
1.32281924473,Sample,14,6,1.,1,false,true,false,true,42.,38.,96.,84.,0.
1.32281924473,Sample,14,6,6.,1,false,true,false,true,104.,86.,70.,60.,12.2347973351
1.32281924473,Sample,14,6,11.,1,false,true,false,true,110.,90.,72.,62.,12.7799006187
1.32281924473,Sample,14,6,16.,1,false,true,false,true,110.,90.,72.,62.,12.8053958796
1.32281924473,Sample,14,6,21.,1,false,true,false,true,110.,90.,72.,62.,12.8066392064
1.32281924473,Sample,14,6,26.,1,false,true,false,true,110.,90.,72.,62.,12.8067019987
1.32281924473,Sample,14,6,31.,1,false,true,false,true,110.,90.,72.,62.,12.806705263
1.32281924473,Sample,14,6,36.,1,false,true,false,true,110.,90.,72.,62.,12.8067054368
1.32281924473,Sample,14,6,41.,1,false,true,false,true,110.,90.,72.,62.,12.8067054463
1.32281924473,Sample,14,6,46.,1,false,true,false,true,110.,90.,72.,62.,12.8067054468
1.32281924473,Sample,14,6,51.,1,false,true,false,true,110.,90.,72.,62.,12.8067054468
1.15898539968,Voter,14,4,1.,1,false,true,false,true,10.,10.,14.,14.,0.
1.15898539968,Voter,14,4,6.,1,false,true,false,true,30.,26.,14.,14.,11.5745687254
1.15898539968,Voter,14,4,11.,1,false,true,false,true,34.,30.,14.,14.,11.944264676
1.15898539968,Voter,14,4,16.,1,false,true,false,true,34.,30.,14.,14.,11.9568381932
1.15898539968,Voter,14,4,21.,1,false,true,false,true,34.,30.,14.,14.,11.9572887244
1.15898539968,Voter,14,4,26.,1,false,true,false,true,34.,30.,14.,14.,11.9573055625
1.15898539968,Voter,14,4,31.,1,false,true,false,true,34.,30.,14.,14.,11.9573062134
1.15898539968,Voter,14,4,36.,1,false,true,false,true,34.,30.,14.,14.,11.9573062392
1.15898539968,Voter,14,4,41.,1,false,true,false,true,34.,30.,14.,14.,11.9573062403
1.15898539968,Voter,14,4,46.,1,false,true,false,true,34.,30.,14.,14.,11.9573062403
1.15898539968,Voter,14,4,51.,1,false,true,false,true,34.,30.,14.,14.,11.9573062403
0.831795044016,Sample,14,7,1.,1,false,true,false,true,80.,76.,168.,140.,0.
0.831795044016,Sample,14,7,6.,1,false,true,false,true,232.,182.,232.,188.,9.68476519487
0.831795044016,Sample,14,7,11.,1,false,true,false,true,240.,186.,228.,186.,9.80457980014
0.831795044016,Sample,14,7,16.,1,false,true,false,true,240.,186.,228.,186.,9.80624663491
0.831795044016,Sample,14,7,21.,1,false,true,false,true,240.,186.,228.,186.,9.80627191592
0.831795044016,Sample,14,7,26.,1,false,true,false,true,240.,186.,228.,186.,9.80627232408
0.831795044016,Sample,14,7,31.,1,false,true,false,true,240.,186.,228.,186.,9.80627233098
0.831795044016,Sample,14,7,36.,1,false,true,false,true,240.,186.,228.,186.,9.8062723311
0.831795044016,Sample,14,7,41.,1,false,true,false,true,240.,186.,228.,186.,9.80627233111
0.831795044016,Sample,14,7,46.,1,false,true,false,true,240.,186.,228.,186.,9.80627233111
0.831795044016,Sample,14,7,51.,1,false,true,false,true,240.,186.,228.,186.,9.80627233111
1.19983568603,Voter,14,5,1.,1,false,true,false,true,46.,34.,56.,46.,0.
1.19983568603,Voter,14,5,6.,1,false,true,false,true,62.,48.,40.,34.,11.7544446364
1.19983568603,Voter,14,5,11.,1,false,true,false,true,66.,50.,40.,34.,12.1651034056
1.19983568603,Voter,14,5,16.,1,false,true,false,true,66.,50.,40.,34.,12.1803182217
1.19983568603,Voter,14,5,21.,1,false,true,false,true,66.,50.,40.,34.,12.1809103951
1.19983568603,Voter,14,5,26.,1,false,true,false,true,66.,50.,40.,34.,12.1809343882
1.19983568603,Voter,14,5,31.,1,false,true,false,true,66.,50.,40.,34.,12.1809353924
1.19983568603,Voter,14,5,36.,1,false,true,false,true,66.,50.,40.,34.,12.1809354355
1.19983568603,Voter,14,5,41.,1,false,true,false,true,66.,50.,40.,34.,12.1809354374
1.19983568603,Voter,14,5,46.,1,false,true,false,true,66.,50.,40.,34.,12.1809354375
1.19983568603,Voter,14,5,51.,1,false,true,false,true,66.,50.,40.,34.,12.1809354375
1.13145331513,Voter,14,7,1.,1,false,true,false,true,32.,30.,78.,68.,0.
1.13145331513,Voter,14,7,6.,1,false,true,false,true,84.,70.,26.,26.,11.4471641438
1.13145331513,Voter,14,7,11.,1,false,true,false,true,84.,70.,26.,26.,11.7903752572
1.13145331513,Voter,14,7,16.,1,false,true,false,true,84.,70.,26.,26.,11.8013650529
1.13145331513,Voter,14,7,21.,1,false,true,false,true,84.,70.,26.,26.,11.8017365719
1.13145331513,Voter,14,7,26.,1,false,true,false,true,84.,70.,26.,26.,11.80174969
1.13145331513,Voter,14,7,31.,1,false,true,false,true,84.,70.,26.,26.,11.8017501695
1.13145331513,Voter,14,7,36.,1,false,true,false,true,84.,70.,26.,26.,11.8017501875
1.13145331513,Voter,14,7,41.,1,false,true,false,true,84.,70.,26.,26.,11.8017501882
1.13145331513,Voter,14,7,46.,1,false,true,false,true,84.,70.,26.,26.,11.8017501882
1.13145331513,Voter,14,7,51.,1,false,true,false,true,84.,70.,26.,26.,11.8017501882
0.925919916644,Sample,14,3,1.,1,false,true,false,true,4.,4.,12.,12.,0.
0.925919916644,Sample,14,3,6.,1,false,true,false,true,30.,30.,26.,26.,10.3199707023
0.925919916644,Sample,14,3,11.,1,false,true,false,true,30.,30.,26.,26.,10.4965618967
0.925919916644,Sample,14,3,16.,1,false,true,false,true,30.,30.,26.,26.,10.4998888941
0.925919916644,Sample,14,3,21.,1,false,true,false,true,30.,30.,26.,26.,10.499956396
0.925919916644,Sample,14,3,26.,1,false,true,false,true,30.,30.,26.,26.,10.499957844
0.925919916644,Sample,14,3,31.,1,false,true,false,true,30.,30.,26.,26.,10.4999578763
0.925919916644,Sample,14,3,36.,1,false,true,false,true,30.,30.,26.,26.,10.4999578771
0.925919916644,Sample,14,3,41.,1,false,true,false,true,30.,30.,26.,26.,10.4999578771
0.925919916644,Sample,14,3,46.,1,false,true,false,true,30.,30.,26.,26.,10.4999578771
0.925919916644,Sample,14,3,51.,1,false,true,false,true,30.,30.,26.,26.,10.4999578771
1.2297435495,Sample,14,5,1.,1,false,true,false,true,2.,2.,40.,32.,0.
1.2297435495,Sample,14,5,6.,1,false,true,false,true,42.,34.,4.,4.,11.8794708499
1.2297435495,Sample,14,5,11.,1,false,true,false,true,42.,34.,4.,4.,12.3213352019
1.2297435495,Sample,14,5,16.,1,false,true,false,true,42.,34.,4.,4.,12.3387171727
1.2297435495,Sample,14,5,21.,1,false,true,false,true,42.,34.,4.,4.,12.3394340493
1.2297435495,Sample,14,5,26.,1,false,true,false,true,42.,34.,4.,4.,12.339464786
1.2297435495,Sample,14,5,31.,1,false,true,false,true,42.,34.,4.,4.,12.3394661461
1.2297435495,Sample,14,5,36.,1,false,true,false,true,42.,34.,4.,4.,12.3394662079
1.2297435495,Sample,14,5,41.,1,false,true,false,true,42.,34.,4.,4.,12.3394662108
1.2297435495,Sample,14,5,46.,1,false,true,false,true,42.,34.,4.,4.,12.3394662109
1.2297435495,Sample,14,5,51.,1,false,true,false,true,42.,34.,4.,4.,12.3394662109
0.859004159552,Sample,14,7,1.,1,false,true,false,true,118.,102.,208.,162.,0.
0.859004159552,Sample,14,7,6.,1,false,true,false,true,246.,182.,256.,190.,9.8769911404
0.859004159552,Sample,14,7,11.,1,false,true,false,true,246.,180.,252.,188.,10.0119236252
0.859004159552,Sample,14,7,16.,1,false,true,false,true,246.,180.,252.,188.,10.0139825734
0.859004159552,Sample,14,7,21.,1,false,true,false,true,246.,180.,252.,188.,10.0140166959
0.859004159552,Sample,14,7,26.,1,false,true,false,true,246.,180.,252.,188.,10.0140172966
0.859004159552,Sample,14,7,31.,1,false,true,false,true,246.,180.,252.,188.,10.0140173077
0.859004159552,Sample,14,7,36.,1,false,true,false,true,246.,180.,252.,188.,10.0140173079
0.859004159552,Sample,14,7,41.,1,false,true,false,true,246.,180.,252.,188.,10.0140173079
0.859004159552,Sample,14,7,46.,1,false,true,false,true,246.,180.,252.,188.,10.0140173079
0.859004159552,Sample,14,7,51.,1,false,true,false,true,246.,180.,252.,188.,10.0140173079
1.21462394664,Sample,14,7,1.,1,false,true,false,true,94.,82.,188.,154.,0.
1.21462394664,Sample,14,7,6.,1,false,true,false,true,292.,254.,330.,294.,11.816953803
1.21462394664,Sample,14,7,11.,1,false,true,false,true,300.,260.,330.,296.,12.2429169937
1.21462394664,Sample,14,7,16.,1,false,true,false,true,300.,260.,330.,296.,12.2591779916
1.21462394664,Sample,14,7,21.,1,false,true,false,true,300.,260.,330.,296.,12.2598294504
1.21462394664,Sample,14,7,26.,1,false,true,false,true,300.,260.,330.,296.,12.2598566015
1.21462394664,Sample,14,7,31.,1,false,true,false,true,300.,260.,330.,296.,12.2598577699
1.21462394664,Sample,14,7,36.,1,false,true,false,true,300.,260.,330.,296.,12.2598578215
1.21462394664,Sample,14,7,41.,1,false,true,false,true,300.,260.,330.,296.,12.2598578238
1.21462394664,Sample,14,7,46.,1,false,true,false,true,300.,260.,330.,296.,12.259857824
1.21462394664,Sample,14,7,51.,1,false,true,false,true,300.,260.,330.,296.,12.259857824
1.24548120004,Voter,14,6,1.,1,false,true,false,true,46.,42.,48.,42.,0.
1.24548120004,Voter,14,6,6.,1,false,true,false,true,74.,60.,24.,24.,11.9430751123
1.24548120004,Voter,14,6,11.,1,false,true,false,true,74.,60.,24.,24.,12.4017579237
1.24548120004,Voter,14,6,16.,1,false,true,false,true,74.,60.,24.,24.,12.4203631073
1.24548120004,Voter,14,6,21.,1,false,true,false,true,74.,60.,24.,24.,12.4211535254
1.24548120004,Voter,14,6,26.,1,false,true,false,true,74.,60.,24.,24.,12.4211884112
1.24548120004,Voter,14,6,31.,1,false,true,false,true,74.,60.,24.,24.,12.4211899995
1.24548120004,Voter,14,6,36.,1,false,true,false,true,74.,60.,24.,24.,12.4211900737
1.24548120004,Voter,14,6,41.,1,false,true,false,true,74.,60.,24.,24.,12.4211900772
1.24548120004,Voter,14,6,46.,1,false,true,false,true,74.,60.,24.,24.,12.4211900774
1.24548120004,Voter,14,6,51.,1,false,true,false,true,74.,60.,24.,24.,12.4211900774
0.833212907207,Sample,14,4,1.,1,false,true,false,true,14.,14.,42.,38.,0.
0.833212907207,Sample,14,4,6.,1,false,true,false,true,40.,38.,24.,24.,9.69496196082
0.833212907207,Sample,14,4,11.,1,false,true,false,true,40.,38.,24.,24.,9.81553837705
0.833212907207,Sample,14,4,16.,1,false,true,false,true,40.,38.,24.,24.,9.81722408422
0.833212907207,Sample,14,4,21.,1,false,true,false,true,40.,38.,24.,24.,9.81724977235
0.833212907207,Sample,14,4,26.,1,false,true,false,true,40.,38.,24.,24.,9.81725018901
0.833212907207,Sample,14,4,31.,1,false,true,false,true,40.,38.,24.,24.,9.81725019608
0.833212907207,Sample,14,4,36.,1,false,true,false,true,40.,38.,24.,24.,9.81725019621
0.833212907207,Sample,14,4,41.,1,false,true,false,true,40.,38.,24.,24.,9.81725019621
0.833212907207,Sample,14,4,46.,1,false,true,false,true,40.,38.,24.,24.,9.81725019621
0.833212907207,Sample,14,4,51.,1,false,true,false,true,40.,38.,24.,24.,9.81725019621
1.34447256877,Sample,14,6,1.,1,false,true,false,true,62.,60.,134.,108.,0.
1.34447256877,Sample,14,6,6.,1,false,true,false,true,158.,126.,142.,120.,12.3105475033
1.34447256877,Sample,14,6,11.,1,false,true,false,true,162.,128.,146.,120.,12.8809083448
1.34447256877,Sample,14,6,16.,1,false,true,false,true,164.,130.,144.,120.,12.9086072056
1.34447256877,Sample,14,6,21.,1,false,true,false,true,164.,130.,144.,120.,12.9100081461
1.34447256877,Sample,14,6,26.,1,false,true,false,true,164.,130.,144.,120.,12.9100814648
1.34447256877,Sample,14,6,31.,1,false,true,false,true,164.,130.,144.,120.,12.9100854124
1.34447256877,Sample,14,6,36.,1,false,true,false,true,164.,130.,144.,120.,12.91008563
1.34447256877,Sample,14,6,41.,1,false,true,false,true,164.,130.,144.,120.,12.9100856422
1.34447256877,Sample,14,6,46.,1,false,true,false,true,164.,130.,144.,120.,12.9100856429
1.34447256877,Sample,14,6,51.,1,false,true,false,true,164.,130.,144.,120.,12.910085643
0.950751192842,Sample,14,3,1.,1,false,true,false,true,10.,10.,10.,8.,0.
0.950751192842,Sample,14,3,6.,1,false,true,false,true,34.,32.,26.,26.,10.4741262973
0.950751192842,Sample,14,3,11.,1,false,true,false,true,34.,32.,26.,26.,10.667789488
0.950751192842,Sample,14,3,16.,1,false,true,false,true,34.,32.,26.,26.,10.6717136553
0.950751192842,Sample,14,3,21.,1,false,true,false,true,34.,32.,26.,26.,10.6717990409
0.950751192842,Sample,14,3,26.,1,false,true,false,true,34.,32.,26.,26.,10.671801002
0.950751192842,Sample,14,3,31.,1,false,true,false,true,34.,32.,26.,26.,10.6718010489
0.950751192842,Sample,14,3,36.,1,false,true,false,true,34.,32.,26.,26.,10.67180105
0.950751192842,Sample,14,3,41.,1,false,true,false,true,34.,32.,26.,26.,10.6718010501
0.950751192842,Sample,14,3,46.,1,false,true,false,true,34.,32.,26.,26.,10.6718010501
0.950751192842,Sample,14,3,51.,1,false,true,false,true,34.,32.,26.,26.,10.6718010501
0.854814959811,Sample,14,4,1.,1,false,true,false,true,22.,22.,50.,44.,0.
0.854814959811,Sample,14,4,6.,1,false,true,false,true,100.,76.,120.,96.,9.84786536317
0.854814959811,Sample,14,4,11.,1,false,true,false,true,102.,78.,122.,96.,9.98040168147
0.854814959811,Sample,14,4,16.,1,false,true,false,true,102.,78.,122.,96.,9.98239602152
0.854814959811,Sample,14,4,21.,1,false,true,false,true,102.,78.,122.,96.,9.98242863363
0.854814959811,Sample,14,4,26.,1,false,true,false,true,102.,78.,122.,96.,9.98242920032
0.854814959811,Sample,14,4,31.,1,false,true,false,true,102.,78.,122.,96.,9.98242921061
0.854814959811,Sample,14,4,36.,1,false,true,false,true,102.,78.,122.,96.,9.98242921081
0.854814959811,Sample,14,4,41.,1,false,true,false,true,102.,78.,122.,96.,9.98242921081
0.854814959811,Sample,14,4,46.,1,false,true,false,true,102.,78.,122.,96.,9.98242921081
0.854814959811,Sample,14,4,51.,1,false,true,false,true,102.,78.,122.,96.,9.98242921081
0.812640465591,Sample,14,5,1.,1,false,true,false,true,22.,22.,78.,62.,0.
0.812640465591,Sample,14,5,6.,1,false,true,false,true,78.,66.,46.,46.,9.54503364422
0.812640465591,Sample,14,5,11.,1,false,true,false,true,80.,66.,44.,44.,9.65483577581
0.812640465591,Sample,14,5,16.,1,false,true,false,true,80.,66.,44.,44.,9.65626342024
0.812640465591,Sample,14,5,21.,1,false,true,false,true,80.,66.,44.,44.,9.65628371427
0.812640465591,Sample,14,5,26.,1,false,true,false,true,80.,66.,44.,44.,9.65628402182
0.812640465591,Sample,14,5,31.,1,false,true,false,true,80.,66.,44.,44.,9.6562840267
0.812640465591,Sample,14,5,36.,1,false,true,false,true,80.,66.,44.,44.,9.65628402678
0.812640465591,Sample,14,5,41.,1,false,true,false,true,80.,66.,44.,44.,9.65628402678
0.812640465591,Sample,14,5,46.,1,false,true,false,true,80.,66.,44.,44.,9.65628402678
0.812640465591,Sample,14,5,51.,1,false,true,false,true,80.,66.,44.,44.,9.65628402678
0.816070774311,Sample,14,4,1.,1,false,true,false,true,10.,10.,40.,36.,0.
0.816070774311,Sample,14,4,6.,1,false,true,false,true,48.,46.,30.,28.,9.57033045976
0.816070774311,Sample,14,4,11.,1,false,true,false,true,50.,48.,28.,28.,9.68188751663
0.816070774311,Sample,14,4,16.,1,false,true,false,true,50.,48.,28.,28.,9.68335589079
0.816070774311,Sample,14,4,21.,1,false,true,false,true,50.,48.,28.,28.,9.68337701077
0.816070774311,Sample,14,4,26.,1,false,true,false,true,50.,48.,28.,28.,9.68337733453
0.816070774311,Sample,14,4,31.,1,false,true,false,true,50.,48.,28.,28.,9.68337733973
0.816070774311,Sample,14,4,36.,1,false,true,false,true,50.,48.,28.,28.,9.68337733981
0.816070774311,Sample,14,4,41.,1,false,true,false,true,50.,48.,28.,28.,9.68337733982
0.816070774311,Sample,14,4,46.,1,false,true,false,true,50.,48.,28.,28.,9.68337733982
0.816070774311,Sample,14,4,51.,1,false,true,false,true,50.,48.,28.,28.,9.68337733982
1.36061154198,Voter,14,4,1.,1,false,true,false,true,10.,10.,16.,14.,0.
1.36061154198,Voter,14,4,6.,1,false,true,false,true,20.,20.,10.,10.,12.3653966617
1.36061154198,Voter,14,4,11.,1,false,true,false,true,20.,20.,10.,10.,12.9548669589
1.36061154198,Voter,14,4,16.,1,false,true,false,true,20.,20.,10.,10.,12.9842897713
1.36061154198,Voter,14,4,21.,1,false,true,false,true,20.,20.,10.,10.,12.9858180135
1.36061154198,Voter,14,4,26.,1,false,true,false,true,20.,20.,10.,10.,12.9859001012
1.36061154198,Voter,14,4,31.,1,false,true,false,true,20.,20.,10.,10.,12.9859046354
1.36061154198,Voter,14,4,36.,1,false,true,false,true,20.,20.,10.,10.,12.9859048917
1.36061154198,Voter,14,4,41.,1,false,true,false,true,20.,20.,10.,10.,12.9859049065
1.36061154198,Voter,14,4,46.,1,false,true,false,true,20.,20.,10.,10.,12.9859049074
1.36061154198,Voter,14,4,51.,1,false,true,false,true,20.,20.,10.,10.,12.9859049074
1.15395666715,Sample,14,6,1.,1,false,true,false,true,26.,26.,78.,66.,0.
1.15395666715,Sample,14,6,6.,1,false,true,false,true,144.,114.,140.,102.,11.5516762539
1.15395666715,Sample,14,6,11.,1,false,true,false,true,150.,114.,138.,100.,11.9164661056
1.15395666715,Sample,14,6,16.,1,false,true,false,true,150.,114.,138.,100.,11.9287388679
1.15395666715,Sample,14,6,21.,1,false,true,false,true,150.,114.,138.,100.,11.929174039
1.15395666715,Sample,14,6,26.,1,false,true,false,true,150.,114.,138.,100.,11.9291901374
1.15395666715,Sample,14,6,31.,1,false,true,false,true,150.,114.,138.,100.,11.9291907535
1.15395666715,Sample,14,6,36.,1,false,true,false,true,150.,114.,138.,100.,11.9291907777
1.15395666715,Sample,14,6,41.,1,false,true,false,true,150.,114.,138.,100.,11.9291907787
1.15395666715,Sample,14,6,46.,1,false,true,false,true,150.,114.,138.,100.,11.9291907788
1.15395666715,Sample,14,6,51.,1,false,true,false,true,150.,114.,138.,100.,11.9291907788
1.25993222745,Sample,14,6,1.,1,false,true,false,true,54.,50.,112.,90.,0.
1.25993222745,Sample,14,6,6.,1,false,true,false,true,248.,176.,282.,186.,12.0001842744
1.25993222745,Sample,14,6,11.,1,false,true,false,true,244.,172.,270.,182.,12.4745459024
1.25993222745,Sample,14,6,16.,1,false,true,false,true,246.,174.,272.,184.,12.4943260886
1.25993222745,Sample,14,6,21.,1,false,true,false,true,246.,174.,272.,184.,12.4951891971
1.25993222745,Sample,14,6,26.,1,false,true,false,true,246.,174.,272.,184.,12.4952282992
1.25993222745,Sample,14,6,31.,1,false,true,false,true,246.,174.,272.,184.,12.4952301259
1.25993222745,Sample,14,6,36.,1,false,true,false,true,246.,174.,272.,184.,12.4952302134
1.25993222745,Sample,14,6,41.,1,false,true,false,true,246.,174.,272.,184.,12.4952302177
1.25993222745,Sample,14,6,46.,1,false,true,false,true,246.,174.,272.,184.,12.4952302179
1.25993222745,Sample,14,6,51.,1,false,true,false,true,246.,174.,272.,184.,12.4952302179
1.05882205722,Sample,14,4,1.,1,false,true,false,true,42.,40.,72.,62.,0.
1.05882205722,Sample,14,4,6.,1,false,true,false,true,106.,82.,124.,94.,11.08579349
1.05882205722,Sample,14,4,11.,1,false,true,false,true,108.,84.,122.,92.,11.3636909453
1.05882205722,Sample,14,4,16.,1,false,true,false,true,108.,84.,122.,92.,11.3711974744
1.05882205722,Sample,14,4,21.,1,false,true,false,true,108.,84.,122.,92.,11.3714128524
1.05882205722,Sample,14,4,26.,1,false,true,false,true,108.,84.,122.,92.,11.3714193321
1.05882205722,Sample,14,4,31.,1,false,true,false,true,108.,84.,122.,92.,11.3714195344
1.05882205722,Sample,14,4,36.,1,false,true,false,true,108.,84.,122.,92.,11.371419541
1.05882205722,Sample,14,4,41.,1,false,true,false,true,108.,84.,122.,92.,11.3714195412
1.05882205722,Sample,14,4,46.,1,false,true,false,true,108.,84.,122.,92.,11.3714195412
1.05882205722,Sample,14,4,51.,1,false,true,false,true,108.,84.,122.,92.,11.3714195412
0.971943457109,Voter,14,5,1.,1,false,true,false,true,40.,34.,74.,54.,0.
0.971943457109,Voter,14,5,6.,1,false,true,false,true,62.,52.,68.,50.,10.6015194793
0.971943457109,Voter,14,5,11.,1,false,true,false,true,62.,52.,68.,50.,10.8104365167
0.971943457109,Voter,14,5,16.,1,false,true,false,true,62.,52.,68.,50.,10.8149315732
0.971943457109,Voter,14,5,21.,1,false,true,false,true,62.,52.,68.,50.,10.8150351879
0.971943457109,Voter,14,5,26.,1,false,true,false,true,62.,52.,68.,50.,10.8150377055
0.971943457109,Voter,14,5,31.,1,false,true,false,true,62.,52.,68.,50.,10.8150377691
0.971943457109,Voter,14,5,36.,1,false,true,false,true,62.,52.,68.,50.,10.8150377708
0.971943457109,Voter,14,5,41.,1,false,true,false,true,62.,52.,68.,50.,10.8150377709
0.971943457109,Voter,14,5,46.,1,false,true,false,true,62.,52.,68.,50.,10.8150377709
0.971943457109,Voter,14,5,51.,1,false,true,false,true,62.,52.,68.,50.,10.8150377709
1.3742636012,Voter,14,3,1.,1,false,true,false,true,4.,4.,6.,6.,0.
1.3742636012,Voter,14,3,6.,1,false,true,false,true,10.,10.,0.,0.,12.4107421578
1.3742636012,Voter,14,3,11.,1,false,true,false,true,10.,10.,0.,0.,13.0165613438
1.3742636012,Voter,14,3,16.,1,false,true,false,true,10.,10.,0.,0.,13.047497777
1.3742636012,Voter,14,3,21.,1,false,true,false,true,10.,10.,0.,0.,13.0491405851
1.3742636012,Voter,14,3,26.,1,false,true,false,true,10.,10.,0.,0.,13.0492307561
1.3742636012,Voter,14,3,31.,1,false,true,false,true,10.,10.,0.,0.,13.0492358439
1.3742636012,Voter,14,3,36.,1,false,true,false,true,10.,10.,0.,0.,13.0492361377
1.3742636012,Voter,14,3,41.,1,false,true,false,true,10.,10.,0.,0.,13.049236155
1.3742636012,Voter,14,3,46.,1,false,true,false,true,10.,10.,0.,0.,13.049236156
1.3742636012,Voter,14,3,51.,1,false,true,false,true,10.,10.,0.,0.,13.049236156
1.08917544708,Voter,14,4,1.,1,false,true,false,true,10.,10.,46.,38.,0.
1.08917544708,Voter,14,4,6.,1,false,true,false,true,28.,28.,44.,42.,11.2414003
1.08917544708,Voter,14,4,11.,1,false,true,false,true,28.,28.,44.,42.,11.5457719033
1.08917544708,Voter,14,4,16.,1,false,true,false,true,28.,28.,44.,42.,11.5546173285
1.08917544708,Voter,14,4,21.,1,false,true,false,true,28.,28.,44.,42.,11.5548896545
1.08917544708,Voter,14,4,26.,1,false,true,false,true,28.,28.,44.,42.,11.554898431
1.08917544708,Voter,14,4,31.,1,false,true,false,true,28.,28.,44.,42.,11.5548987242
1.08917544708,Voter,14,4,36.,1,false,true,false,true,28.,28.,44.,42.,11.5548987343
1.08917544708,Voter,14,4,41.,1,false,true,false,true,28.,28.,44.,42.,11.5548987346
1.08917544708,Voter,14,4,46.,1,false,true,false,true,28.,28.,44.,42.,11.5548987346
1.08917544708,Voter,14,4,51.,1,false,true,false,true,28.,28.,44.,42.,11.5548987346
1.14592233154,Sample,14,7,1.,1,false,true,false,true,90.,86.,200.,156.,0.
1.14592233154,Sample,14,7,6.,1,false,true,false,true,296.,232.,338.,268.,11.5147528002
1.14592233154,Sample,14,7,11.,1,false,true,false,true,302.,238.,340.,268.,11.8717675861
1.14592233154,Sample,14,7,16.,1,false,true,false,true,302.,238.,340.,268.,11.8835705861
1.14592233154,Sample,14,7,21.,1,false,true,false,true,302.,238.,340.,268.,11.8839820947
1.14592233154,Sample,14,7,26.,1,false,true,false,true,302.,238.,340.,268.,11.883997069
1.14592233154,Sample,14,7,31.,1,false,true,false,true,302.,238.,340.,268.,11.8839976328
1.14592233154,Sample,14,7,36.,1,false,true,false,true,302.,238.,340.,268.,11.8839976546
1.14592233154,Sample,14,7,41.,1,false,true,false,true,302.,238.,340.,268.,11.8839976555
1.14592233154,Sample,14,7,46.,1,false,true,false,true,302.,238.,340.,268.,11.8839976555
1.14592233154,Sample,14,7,51.,1,false,true,false,true,302.,238.,340.,268.,11.8839976555
1.16922494108,Sample,14,6,1.,1,false,true,false,true,36.,34.,90.,76.,0.
1.16922494108,Sample,14,6,6.,1,false,true,false,true,112.,100.,90.,80.,11.6206683493
1.16922494108,Sample,14,6,11.,1,false,true,false,true,116.,100.,90.,78.,12.0004476906
1.16922494108,Sample,14,6,16.,1,false,true,false,true,116.,100.,90.,78.,12.0136498445
1.16922494108,Sample,14,6,21.,1,false,true,false,true,116.,100.,90.,78.,12.0141330025
1.16922494108,Sample,14,6,26.,1,false,true,false,true,116.,100.,90.,78.,12.0141514364
1.16922494108,Sample,14,6,31.,1,false,true,false,true,116.,100.,90.,78.,12.0141521636
1.16922494108,Sample,14,6,36.,1,false,true,false,true,116.,100.,90.,78.,12.0141521931
1.16922494108,Sample,14,6,41.,1,false,true,false,true,116.,100.,90.,78.,12.0141521943
1.16922494108,Sample,14,6,46.,1,false,true,false,true,116.,100.,90.,78.,12.0141521943
1.16922494108,Sample,14,6,51.,1,false,true,false,true,116.,100.,90.,78.,12.0141521943
1.34251913453,Sample,14,3,1.,1,false,true,false,true,0.,0.,6.,4.,0.
1.34251913453,Sample,14,3,6.,1,false,true,false,true,6.,4.,0.,0.,12.3038160926
1.34251913453,Sample,14,3,11.,1,false,true,false,true,6.,4.,0.,0.,12.8718802425
1.34251913453,Sample,14,3,16.,1,false,true,false,true,6.,4.,0.,0.,12.8993751958
1.34251913453,Sample,14,3,21.,1,false,true,false,true,6.,4.,0.,0.,12.9007613081
1.34251913453,Sample,14,3,26.,1,false,true,false,true,6.,4.,0.,0.,12.9008336206
1.34251913453,Sample,14,3,31.,1,false,true,false,true,6.,4.,0.,0.,12.9008375018
1.34251913453,Sample,14,3,36.,1,false,true,false,true,6.,4.,0.,0.,12.9008377151
1.34251913453,Sample,14,3,41.,1,false,true,false,true,6.,4.,0.,0.,12.900837727
1.34251913453,Sample,14,3,46.,1,false,true,false,true,6.,4.,0.,0.,12.9008377277
1.34251913453,Sample,14,3,51.,1,false,true,false,true,6.,4.,0.,0.,12.9008377278
0.910675107205,Sample,14,3,1.,1,false,true,false,true,8.,8.,8.,8.,0.
0.910675107205,Sample,14,3,6.,1,false,true,false,true,12.,10.,0.,0.,10.2226474331
0.910675107205,Sample,14,3,11.,1,false,true,false,true,12.,10.,0.,0.,10.3891886407
0.910675107205,Sample,14,3,16.,1,false,true,false,true,12.,10.,0.,0.,10.3921849606
0.910675107205,Sample,14,3,21.,1,false,true,false,true,12.,10.,0.,0.,10.3922431213
0.910675107205,Sample,14,3,26.,1,false,true,false,true,12.,10.,0.,0.,10.3922443162
0.910675107205,Sample,14,3,31.,1,false,true,false,true,12.,10.,0.,0.,10.3922443418
0.910675107205,Sample,14,3,36.,1,false,true,false,true,12.,10.,0.,0.,10.3922443423
0.910675107205,Sample,14,3,41.,1,false,true,false,true,12.,10.,0.,0.,10.3922443424
0.910675107205,Sample,14,3,46.,1,false,true,false,true,12.,10.,0.,0.,10.3922443424
0.910675107205,Sample,14,3,51.,1,false,true,false,true,12.,10.,0.,0.,10.3922443424
1.21365946813,Voter,14,4,1.,1,false,true,false,true,20.,20.,36.,34.,0.
1.21365946813,Voter,14,4,6.,1,false,true,false,true,38.,32.,42.,34.,11.8129183349
1.21365946813,Voter,14,4,11.,1,false,true,false,true,42.,36.,42.,34.,12.2378758486
1.21365946813,Voter,14,4,16.,1,false,true,false,true,40.,36.,40.,34.,12.2540671138
1.21365946813,Voter,14,4,21.,1,false,true,false,true,40.,36.,40.,34.,12.2547145672
1.21365946813,Voter,14,4,26.,1,false,true,false,true,40.,36.,40.,34.,12.2547415021
1.21365946813,Voter,14,4,31.,1,false,true,false,true,40.,36.,40.,34.,12.2547426591
1.21365946813,Voter,14,4,36.,1,false,true,false,true,40.,36.,40.,34.,12.2547427101
1.21365946813,Voter,14,4,41.,1,false,true,false,true,40.,36.,40.,34.,12.2547427124
1.21365946813,Voter,14,4,46.,1,false,true,false,true,40.,36.,40.,34.,12.2547427125
1.21365946813,Voter,14,4,51.,1,false,true,false,true,40.,36.,40.,34.,12.2547427125
1.34404188615,Voter,14,4,1.,1,false,true,false,true,14.,14.,24.,22.,0.
1.34404188615,Voter,14,4,6.,1,false,true,false,true,30.,24.,16.,16.,12.3090651272
1.34404188615,Voter,14,4,11.,1,false,true,false,true,30.,24.,16.,16.,12.8789193017
1.34404188615,Voter,14,4,16.,1,false,true,false,true,30.,24.,16.,16.,12.9065731182
1.34404188615,Voter,14,4,21.,1,false,true,false,true,30.,24.,16.,16.,12.9079707789
1.34404188615,Voter,14,4,26.,1,false,true,false,true,30.,24.,16.,16.,12.9080438748
1.34404188615,Voter,14,4,31.,1,false,true,false,true,30.,24.,16.,16.,12.9080478076
1.34404188615,Voter,14,4,36.,1,false,true,false,true,30.,24.,16.,16.,12.9080480243
1.34404188615,Voter,14,4,41.,1,false,true,false,true,30.,24.,16.,16.,12.9080480365
1.34404188615,Voter,14,4,46.,1,false,true,false,true,30.,24.,16.,16.,12.9080480371
1.34404188615,Voter,14,4,51.,1,false,true,false,true,30.,24.,16.,16.,12.9080480372
0.805794830429,Sample,14,7,1.,1,false,true,false,true,116.,114.,206.,166.,0.
0.805794830429,Sample,14,7,6.,1,false,true,false,true,296.,242.,302.,254.,9.49419043947
0.805794830429,Sample,14,7,11.,1,false,true,false,true,296.,242.,302.,254.,9.6005400401
0.805794830429,Sample,14,7,16.,1,false,true,false,true,296.,242.,302.,254.,9.60188904711
0.805794830429,Sample,14,7,21.,1,false,true,false,true,296.,242.,302.,254.,9.6019077746
0.805794830429,Sample,14,7,26.,1,false,true,false,true,296.,242.,302.,254.,9.60190805191
0.805794830429,Sample,14,7,31.,1,false,true,false,true,296.,242.,302.,254.,9.60190805622
0.805794830429,Sample,14,7,36.,1,false,true,false,true,296.,242.,302.,254.,9.60190805628
0.805794830429,Sample,14,7,41.,1,false,true,false,true,296.,242.,302.,254.,9.60190805629
0.805794830429,Sample,14,7,46.,1,false,true,false,true,296.,242.,302.,254.,9.60190805629
0.805794830429,Sample,14,7,51.,1,false,true,false,true,296.,242.,302.,254.,9.60190805629
0.907170869493,Sample,14,7,1.,1,false,true,false,true,124.,120.,180.,154.,0.
0.907170869493,Sample,14,7,6.,1,false,true,false,true,240.,188.,220.,180.,10.1999824971
0.907170869493,Sample,14,7,11.,1,false,true,false,true,240.,188.,220.,180.,10.3642601047
0.907170869493,Sample,14,7,16.,1,false,true,false,true,240.,188.,220.,180.,10.3671840968
0.907170869493,Sample,14,7,21.,1,false,true,false,true,240.,188.,220.,180.,10.3672402709
0.907170869493,Sample,14,7,26.,1,false,true,false,true,240.,188.,220.,180.,10.3672414133
0.907170869493,Sample,14,7,31.,1,false,true,false,true,240.,188.,220.,180.,10.3672414376
0.907170869493,Sample,14,7,36.,1,false,true,false,true,240.,188.,220.,180.,10.3672414381
0.907170869493,Sample,14,7,41.,1,false,true,false,true,240.,188.,220.,180.,10.3672414381
0.907170869493,Sample,14,7,46.,1,false,true,false,true,240.,188.,220.,180.,10.3672414381
0.907170869493,Sample,14,7,51.,1,false,true,false,true,240.,188.,220.,180.,10.3672414381
0.965437447406,Voter,14,6,1.,1,false,true,false,true,42.,40.,52.,46.,0.
0.965437447406,Voter,14,6,6.,1,false,true,false,true,80.,64.,26.,26.,10.5628116668
0.965437447406,Voter,14,6,11.,1,false,true,false,true,80.,64.,26.,26.,10.7669791359
0.965437447406,Voter,14,6,16.,1,false,true,false,true,80.,64.,26.,26.,10.7712926861
0.965437447406,Voter,14,6,21.,1,false,true,false,true,80.,64.,26.,26.,10.7713903904
0.965437447406,Voter,14,6,26.,1,false,true,false,true,80.,64.,26.,26.,10.7713927241
0.965437447406,Voter,14,6,31.,1,false,true,false,true,80.,64.,26.,26.,10.7713927821
0.965437447406,Voter,14,6,36.,1,false,true,false,true,80.,64.,26.,26.,10.7713927836
0.965437447406,Voter,14,6,41.,1,false,true,false,true,80.,64.,26.,26.,10.7713927837
0.965437447406,Voter,14,6,46.,1,false,true,false,true,80.,64.,26.,26.,10.7713927837
0.965437447406,Voter,14,6,51.,1,false,true,false,true,80.,64.,26.,26.,10.7713927837
1.16203815414,Sample,14,6,1.,1,false,true,false,true,72.,66.,132.,112.,0.
1.16203815414,Sample,14,6,6.,1,false,true,false,true,190.,152.,198.,182.,11.5883845066
1.16203815414,Sample,14,6,11.,1,false,true,false,true,202.,160.,194.,178.,11.9610735678
1.16203815414,Sample,14,6,16.,1,false,true,false,true,202.,160.,194.,178.,11.9738322133
1.16203815414,Sample,14,6,21.,1,false,true,false,true,202.,160.,194.,178.,11.9742922802
1.16203815414,Sample,14,6,26.,1,false,true,false,true,202.,160.,194.,178.,11.9743095812
1.16203815414,Sample,14,6,31.,1,false,true,false,true,202.,160.,194.,178.,11.974310254
1.16203815414,Sample,14,6,36.,1,false,true,false,true,202.,160.,194.,178.,11.9743102809
1.16203815414,Sample,14,6,41.,1,false,true,false,true,202.,160.,194.,178.,11.974310282
1.16203815414,Sample,14,6,46.,1,false,true,false,true,202.,160.,194.,178.,11.9743102821
1.16203815414,Sample,14,6,51.,1,false,true,false,true,202.,160.,194.,178.,11.9743102821
1.36274417544,Voter,14,7,1.,1,false,true,false,true,34.,32.,72.,58.,0.
1.36274417544,Voter,14,7,6.,1,false,true,false,true,116.,98.,82.,78.,12.3725432987
1.36274417544,Voter,14,7,11.,1,false,true,false,true,118.,100.,84.,80.,12.9645565065
1.36274417544,Voter,14,7,16.,1,false,true,false,true,118.,100.,84.,80.,12.9942124052
1.36274417544,Voter,14,7,21.,1,false,true,false,true,118.,100.,84.,80.,12.9957581213
1.36274417544,Voter,14,7,26.,1,false,true,false,true,118.,100.,84.,80.,12.9958414304
1.36274417544,Voter,14,7,31.,1,false,true,false,true,118.,100.,84.,80.,12.9958460475
1.36274417544,Voter,14,7,36.,1,false,true,false,true,118.,100.,84.,80.,12.9958463094
1.36274417544,Voter,14,7,41.,1,false,true,false,true,118.,100.,84.,80.,12.9958463246
1.36274417544,Voter,14,7,46.,1,false,true,false,true,118.,100.,84.,80.,12.9958463255
1.36274417544,Voter,14,7,51.,1,false,true,false,true,118.,100.,84.,80.,12.9958463255
0.944418570865,Voter,14,5,1.,1,false,true,false,true,26.,26.,38.,32.,0.
0.944418570865,Voter,14,5,6.,1,false,true,false,true,52.,50.,16.,16.,10.4353194284
0.944418570865,Voter,14,5,11.,1,false,true,false,true,52.,50.,16.,16.,10.6245464239
0.944418570865,Voter,14,5,16.,1,false,true,false,true,52.,50.,16.,16.,10.6283111515
0.944418570865,Voter,14,5,21.,1,false,true,false,true,52.,50.,16.,16.,10.6283916396
0.944418570865,Voter,14,5,26.,1,false,true,false,true,52.,50.,16.,16.,10.6283934566
0.944418570865,Voter,14,5,31.,1,false,true,false,true,52.,50.,16.,16.,10.6283934994
0.944418570865,Voter,14,5,36.,1,false,true,false,true,52.,50.,16.,16.,10.6283935004
0.944418570865,Voter,14,5,41.,1,false,true,false,true,52.,50.,16.,16.,10.6283935005
0.944418570865,Voter,14,5,46.,1,false,true,false,true,52.,50.,16.,16.,10.6283935005
0.944418570865,Voter,14,5,51.,1,false,true,false,true,52.,50.,16.,16.,10.6283935005
1.03765916447,Voter,14,4,1.,1,false,true,false,true,2.,2.,14.,12.,0.
1.03765916447,Voter,14,4,6.,1,false,true,false,true,16.,14.,0.,0.,10.9732524568
1.03765916447,Voter,14,4,11.,1,false,true,false,true,16.,14.,0.,0.,11.2334078398
1.03765916447,Voter,14,4,16.,1,false,true,false,true,16.,14.,0.,0.,11.2400734398
1.03765916447,Voter,14,4,21.,1,false,true,false,true,16.,14.,0.,0.,11.2402552001
1.03765916447,Voter,14,4,26.,1,false,true,false,true,16.,14.,0.,0.,11.2402604034
1.03765916447,Voter,14,4,31.,1,false,true,false,true,16.,14.,0.,0.,11.2402605581
1.03765916447,Voter,14,4,36.,1,false,true,false,true,16.,14.,0.,0.,11.2402605629
1.03765916447,Voter,14,4,41.,1,false,true,false,true,16.,14.,0.,0.,11.240260563
1.03765916447,Voter,14,4,46.,1,false,true,false,true,16.,14.,0.,0.,11.240260563
1.03765916447,Voter,14,4,51.,1,false,true,false,true,16.,14.,0.,0.,11.240260563
1.32177253126,Sample,14,3,1.,1,false,true,false,true,2.,2.,12.,10.,0.
1.32177253126,Sample,14,3,6.,1,false,true,false,true,32.,28.,26.,26.,12.2310718983
1.32177253126,Sample,14,3,11.,1,false,true,false,true,32.,28.,26.,26.,12.7749655459
1.32177253126,Sample,14,3,16.,1,false,true,false,true,32.,28.,26.,26.,12.8003574185
1.32177253126,Sample,14,3,21.,1,false,true,false,true,32.,28.,26.,26.,12.8015934949
1.32177253126,Sample,14,3,26.,1,false,true,false,true,32.,28.,26.,26.,12.8016558122
1.32177253126,Sample,14,3,31.,1,false,true,false,true,32.,28.,26.,26.,12.8016590463
1.32177253126,Sample,14,3,36.,1,false,true,false,true,32.,28.,26.,26.,12.8016592182
1.32177253126,Sample,14,3,41.,1,false,true,false,true,32.,28.,26.,26.,12.8016592275
1.32177253126,Sample,14,3,46.,1,false,true,false,true,32.,28.,26.,26.,12.801659228
1.32177253126,Sample,14,3,51.,1,false,true,false,true,32.,28.,26.,26.,12.8016592281
1.22967769293,Sample,14,4,1.,1,false,true,false,true,4.,4.,16.,12.,0.
1.22967769293,Sample,14,4,6.,1,false,true,false,true,20.,16.,0.,0.,11.8792015606
1.22967769293,Sample,14,4,11.,1,false,true,false,true,20.,16.,0.,0.,12.3209961023
1.22967769293,Sample,14,4,16.,1,false,true,false,true,20.,16.,0.,0.,12.3383730762
1.22967769293,Sample,14,4,21.,1,false,true,false,true,20.,16.,0.,0.,12.3390896569
1.22967769293,Sample,14,4,26.,1,false,true,false,true,20.,16.,0.,0.,12.3391203772
1.22967769293,Sample,14,4,31.,1,false,true,false,true,20.,16.,0.,0.,12.3391217364
1.22967769293,Sample,14,4,36.,1,false,true,false,true,20.,16.,0.,0.,12.3391217981
1.22967769293,Sample,14,4,41.,1,false,true,false,true,20.,16.,0.,0.,12.339121801
1.22967769293,Sample,14,4,46.,1,false,true,false,true,20.,16.,0.,0.,12.3391218011
1.22967769293,Sample,14,4,51.,1,false,true,false,true,20.,16.,0.,0.,12.3391218011
1.38892575481,Voter,14,4,1.,1,false,true,false,true,6.,6.,16.,14.,0.
1.38892575481,Voter,14,4,6.,1,false,true,false,true,16.,16.,6.,6.,12.4583880058
1.38892575481,Voter,14,4,11.,1,false,true,false,true,16.,16.,6.,6.,13.081948854
1.38892575481,Voter,14,4,16.,1,false,true,false,true,16.,16.,6.,6.,13.1145681736
1.38892575481,Voter,14,4,21.,1,false,true,false,true,16.,16.,6.,6.,13.1163413422
1.38892575481,Voter,14,4,26.,1,false,true,false,true,16.,16.,6.,6.,13.11644092
1.38892575481,Voter,14,4,31.,1,false,true,false,true,16.,16.,6.,6.,13.1164466665
1.38892575481,Voter,14,4,36.,1,false,true,false,true,16.,16.,6.,6.,13.1164470057
1.38892575481,Voter,14,4,41.,1,false,true,false,true,16.,16.,6.,6.,13.1164470261
1.38892575481,Voter,14,4,46.,1,false,true,false,true,16.,16.,6.,6.,13.1164470274
1.38892575481,Voter,14,4,51.,1,false,true,false,true,16.,16.,6.,6.,13.1164470274
1.12522698318,Sample,14,5,1.,1,false,true,false,true,56.,50.,92.,78.,0.
1.12522698318,Sample,14,5,6.,1,false,true,false,true,162.,140.,178.,156.,11.4176415073
1.12522698318,Sample,14,5,11.,1,false,true,false,true,162.,140.,178.,156.,11.7549919089
1.12522698318,Sample,14,5,16.,1,false,true,false,true,162.,140.,178.,156.,11.765644509
1.12522698318,Sample,14,5,21.,1,false,true,false,true,162.,140.,178.,156.,11.7659998172
1.12522698318,Sample,14,5,26.,1,false,true,false,true,162.,140.,178.,156.,11.7660121992
1.12522698318,Sample,14,5,31.,1,false,true,false,true,162.,140.,178.,156.,11.766012646
1.12522698318,Sample,14,5,36.,1,false,true,false,true,162.,140.,178.,156.,11.7660126626
1.12522698318,Sample,14,5,41.,1,false,true,false,true,162.,140.,178.,156.,11.7660126632
1.12522698318,Sample,14,5,46.,1,false,true,false,true,162.,140.,178.,156.,11.7660126632
1.12522698318,Sample,14,5,51.,1,false,true,false,true,162.,140.,178.,156.,11.7660126632
0.873104442662,Voter,14,3,1.,1,false,true,false,true,2.,2.,6.,6.,0.
0.873104442662,Voter,14,3,6.,1,false,true,false,true,8.,6.,0.,0.,9.97379047529
0.873104442662,Voter,14,3,11.,1,false,true,false,true,8.,6.,0.,0.,10.1169716837
0.873104442662,Voter,14,3,16.,1,false,true,false,true,8.,6.,0.,0.,10.1192600564
0.873104442662,Voter,14,3,21.,1,false,true,false,true,8.,6.,0.,0.,10.1192997037
0.873104442662,Voter,14,3,26.,1,false,true,false,true,8.,6.,0.,0.,10.1193004327
0.873104442662,Voter,14,3,31.,1,false,true,false,true,8.,6.,0.,0.,10.1193004467
0.873104442662,Voter,14,3,36.,1,false,true,false,true,8.,6.,0.,0.,10.119300447
0.873104442662,Voter,14,3,41.,1,false,true,false,true,8.,6.,0.,0.,10.119300447
0.873104442662,Voter,14,3,46.,1,false,true,false,true,8.,6.,0.,0.,10.119300447
0.873104442662,Voter,14,3,51.,1,false,true,false,true,8.,6.,0.,0.,10.119300447
1.11678260428,Voter,14,6,1.,1,false,true,false,true,44.,40.,48.,40.,0.
1.11678260428,Voter,14,6,6.,1,false,true,false,true,84.,64.,16.,16.,11.3771759097
1.11678260428,Voter,14,6,11.,1,false,true,false,true,84.,64.,16.,16.,11.7066547957
1.11678260428,Voter,14,6,16.,1,false,true,false,true,82.,64.,14.,14.,11.7168621029
1.11678260428,Voter,14,6,21.,1,false,true,false,true,82.,64.,14.,14.,11.7171963455
1.11678260428,Voter,14,6,26.,1,false,true,false,true,82.,64.,14.,14.,11.7172077858
1.11678260428,Voter,14,6,31.,1,false,true,false,true,82.,64.,14.,14.,11.7172081913
1.11678260428,Voter,14,6,36.,1,false,true,false,true,82.,64.,14.,14.,11.7172082061
1.11678260428,Voter,14,6,41.,1,false,true,false,true,82.,64.,14.,14.,11.7172082067
1.11678260428,Voter,14,6,46.,1,false,true,false,true,82.,64.,14.,14.,11.7172082067
1.11678260428,Voter,14,6,51.,1,false,true,false,true,82.,64.,14.,14.,11.7172082067
1.11740996267,Sample,14,7,1.,1,false,true,false,true,20.,20.,76.,62.,0.
1.11740996267,Sample,14,7,6.,1,false,true,false,true,136.,116.,96.,88.,11.3801991784
1.11740996267,Sample,14,7,11.,1,false,true,false,true,144.,124.,100.,90.,11.7102598011
1.11740996267,Sample,14,7,16.,1,false,true,false,true,144.,124.,100.,90.,11.7204997189
1.11740996267,Sample,14,7,21.,1,false,true,false,true,144.,124.,100.,90.,11.7208354908
1.11740996267,Sample,14,7,26.,1,false,true,false,true,144.,124.,100.,90.,11.7208469989
1.11740996267,Sample,14,7,31.,1,false,true,false,true,144.,124.,100.,90.,11.7208474074
1.11740996267,Sample,14,7,36.,1,false,true,false,true,144.,124.,100.,90.,11.7208474223
1.11740996267,Sample,14,7,41.,1,false,true,false,true,144.,124.,100.,90.,11.7208474228
1.11740996267,Sample,14,7,46.,1,false,true,false,true,144.,124.,100.,90.,11.7208474229
1.11740996267,Sample,14,7,51.,1,false,true,false,true,144.,124.,100.,90.,11.7208474229
1.18618148931,Voter,14,3,1.,1,false,true,false,true,6.,6.,4.,4.,0.
1.18618148931,Voter,14,3,6.,1,false,true,false,true,14.,14.,4.,4.,11.6955117509
1.18618148931,Voter,14,3,11.,1,false,true,false,true,14.,14.,4.,4.,12.0922617186
1.18618148931,Voter,14,3,16.,1,false,true,false,true,14.,14.,4.,4.,12.1065536928
1.18618148931,Voter,14,3,21.,1,false,true,false,true,14.,14.,4.,4.,12.1070950378
1.18618148931,Voter,14,3,26.,1,false,true,false,true,14.,14.,4.,4.,12.1071163971
1.18618148931,Voter,14,3,31.,1,false,true,false,true,14.,14.,4.,4.,12.107117268
1.18618148931,Voter,14,3,36.,1,false,true,false,true,14.,14.,4.,4.,12.1071173045
1.18618148931,Voter,14,3,41.,1,false,true,false,true,14.,14.,4.,4.,12.107117306
1.18618148931,Voter,14,3,46.,1,false,true,false,true,14.,14.,4.,4.,12.1071173061
1.18618148931,Voter,14,3,51.,1,false,true,false,true,14.,14.,4.,4.,12.1071173061
1.22155491557,Sample,14,6,1.,1,false,true,false,true,44.,44.,94.,78.,0.
1.22155491557,Sample,14,6,6.,1,false,true,false,true,166.,140.,164.,140.,11.8457854736
1.22155491557,Sample,14,6,11.,1,false,true,false,true,168.,140.,166.,140.,12.2790063409
1.22155491557,Sample,14,6,16.,1,false,true,false,true,168.,140.,166.,140.,12.2957746871
1.22155491557,Sample,14,6,21.,1,false,true,false,true,168.,140.,166.,140.,12.2964555151
1.22155491557,Sample,14,6,26.,1,false,true,false,true,168.,140.,166.,140.,12.2964842633
1.22155491557,Sample,14,6,31.,1,false,true,false,true,168.,140.,166.,140.,12.2964855164
1.22155491557,Sample,14,6,36.,1,false,true,false,true,168.,140.,166.,140.,12.2964855724
1.22155491557,Sample,14,6,41.,1,false,true,false,true,168.,140.,166.,140.,12.296485575
1.22155491557,Sample,14,6,46.,1,false,true,false,true,168.,140.,166.,140.,12.2964855751
1.22155491557,Sample,14,6,51.,1,false,true,false,true,168.,140.,166.,140.,12.2964855751
1.33358481544,Sample,14,3,1.,1,false,true,false,true,12.,12.,34.,30.,0.
1.33358481544,Sample,14,3,6.,1,false,true,false,true,44.,38.,30.,28.,12.27277147
1.33358481544,Sample,14,3,11.,1,false,true,false,true,46.,40.,28.,26.,12.830376859
1.33358481544,Sample,14,3,16.,1,false,true,false,true,46.,40.,28.,26.,12.8569521819
1.33358481544,Sample,14,3,21.,1,false,true,false,true,46.,40.,28.,26.,12.8582720315
1.33358481544,Sample,14,3,26.,1,false,true,false,true,46.,40.,28.,26.,12.8583398872
1.33358481544,Sample,14,3,31.,1,false,true,false,true,46.,40.,28.,26.,12.8583434772
1.33358481544,Sample,14,3,36.,1,false,true,false,true,46.,40.,28.,26.,12.8583436717
1.33358481544,Sample,14,3,41.,1,false,true,false,true,46.,40.,28.,26.,12.8583436825
1.33358481544,Sample,14,3,46.,1,false,true,false,true,46.,40.,28.,26.,12.8583436831
1.33358481544,Sample,14,3,51.,1,false,true,false,true,46.,40.,28.,26.,12.8583436831
0.926638899274,Voter,14,5,1.,1,false,true,false,true,36.,32.,38.,38.,0.
0.926638899274,Voter,14,5,6.,1,false,true,false,true,58.,50.,36.,34.,10.3245098091
0.926638899274,Voter,14,5,11.,1,false,true,false,true,58.,50.,36.,34.,10.5015831028
0.926638899274,Voter,14,5,16.,1,false,true,false,true,58.,50.,36.,34.,10.5049263534
0.926638899274,Voter,14,5,21.,1,false,true,false,true,58.,50.,36.,34.,10.504994325
0.926638899274,Voter,14,5,26.,1,false,true,false,true,58.,50.,36.,34.,10.504995786
0.926638899274,Voter,14,5,31.,1,false,true,false,true,58.,50.,36.,34.,10.5049958187
0.926638899274,Voter,14,5,36.,1,false,true,false,true,58.,50.,36.,34.,10.5049958195
0.926638899274,Voter,14,5,41.,1,false,true,false,true,58.,50.,36.,34.,10.5049958195
0.926638899274,Voter,14,5,46.,1,false,true,false,true,58.,50.,36.,34.,10.5049958195
0.926638899274,Voter,14,5,51.,1,false,true,false,true,58.,50.,36.,34.,10.5049958195
0.908162612797,Voter,14,3,1.,1,false,true,false,true,16.,16.,28.,28.,0.
0.908162612797,Voter,14,3,6.,1,false,true,false,true,28.,26.,24.,24.,10.2064081859
0.908162612797,Voter,14,3,11.,1,false,true,false,true,28.,26.,24.,24.,10.3713246538
0.908162612797,Voter,14,3,16.,1,false,true,false,true,28.,26.,24.,24.,10.3742689787
0.908162612797,Voter,14,3,21.,1,false,true,false,true,28.,26.,24.,24.,10.3743257092
0.908162612797,Voter,14,3,26.,1,false,true,false,true,28.,26.,24.,24.,10.3743268662
0.908162612797,Voter,14,3,31.,1,false,true,false,true,28.,26.,24.,24.,10.3743268909
0.908162612797,Voter,14,3,36.,1,false,true,false,true,28.,26.,24.,24.,10.3743268914
0.908162612797,Voter,14,3,41.,1,false,true,false,true,28.,26.,24.,24.,10.3743268914
0.908162612797,Voter,14,3,46.,1,false,true,false,true,28.,26.,24.,24.,10.3743268914
0.908162612797,Voter,14,3,51.,1,false,true,false,true,28.,26.,24.,24.,10.3743268914
1.22131059159,Voter,14,4,1.,1,false,true,false,true,10.,8.,12.,12.,0.
1.22131059159,Voter,14,4,6.,1,false,true,false,true,20.,18.,2.,2.,11.8447741312
1.22131059159,Voter,14,4,11.,1,false,true,false,true,22.,20.,4.,4.,12.2777382458
1.22131059159,Voter,14,4,16.,1,false,true,false,true,22.,20.,4.,4.,12.2944885207
1.22131059159,Voter,14,4,21.,1,false,true,false,true,22.,20.,4.,4.,12.2951682957
1.22131059159,Voter,14,4,26.,1,false,true,false,true,22.,20.,4.,4.,12.2951969863
1.22131059159,Voter,14,4,31.,1,false,true,false,true,22.,20.,4.,4.,12.2951982363
1.22131059159,Voter,14,4,36.,1,false,true,false,true,22.,20.,4.,4.,12.2951982922
1.22131059159,Voter,14,4,41.,1,false,true,false,true,22.,20.,4.,4.,12.2951982948
1.22131059159,Voter,14,4,46.,1,false,true,false,true,22.,20.,4.,4.,12.2951982949
1.22131059159,Voter,14,4,51.,1,false,true,false,true,22.,20.,4.,4.,12.2951982949
1.0451448879,Sample,14,3,1.,1,false,true,false,true,6.,6.,16.,14.,0.
1.0451448879,Sample,14,3,6.,1,false,true,false,true,24.,24.,26.,26.,11.0134476247
1.0451448879,Sample,14,3,11.,1,false,true,false,true,24.,24.,26.,26.,11.2798107076
1.0451448879,Sample,14,3,16.,1,false,true,false,true,24.,24.,26.,26.,11.2867653628
1.0451448879,Sample,14,3,21.,1,false,true,false,true,24.,24.,26.,26.,11.2869584829
1.0451448879,Sample,14,3,26.,1,false,true,false,true,24.,24.,26.,26.,11.2869641103
1.0451448879,Sample,14,3,31.,1,false,true,false,true,24.,24.,26.,26.,11.2869642806
1.0451448879,Sample,14,3,36.,1,false,true,false,true,24.,24.,26.,26.,11.2869642859
1.0451448879,Sample,14,3,41.,1,false,true,false,true,24.,24.,26.,26.,11.2869642861
1.0451448879,Sample,14,3,46.,1,false,true,false,true,24.,24.,26.,26.,11.2869642861
1.0451448879,Sample,14,3,51.,1,false,true,false,true,24.,24.,26.,26.,11.2869642861
0.980896136151,Sample,14,4,1.,1,false,true,false,true,6.,6.,26.,22.,0.
0.980896136151,Sample,14,4,6.,1,false,true,false,true,28.,24.,16.,16.,10.6542092439
0.980896136151,Sample,14,4,11.,1,false,true,false,true,30.,26.,14.,14.,10.8697581017
0.980896136151,Sample,14,4,16.,1,false,true,false,true,30.,26.,14.,14.,10.8745122387
0.980896136151,Sample,14,4,21.,1,false,true,false,true,30.,26.,14.,14.,10.8746244686
0.980896136151,Sample,14,4,26.,1,false,true,false,true,30.,26.,14.,14.,10.8746272596
0.980896136151,Sample,14,4,31.,1,false,true,false,true,30.,26.,14.,14.,10.8746273318
0.980896136151,Sample,14,4,36.,1,false,true,false,true,30.,26.,14.,14.,10.8746273338
0.980896136151,Sample,14,4,41.,1,false,true,false,true,30.,26.,14.,14.,10.8746273338
0.980896136151,Sample,14,4,46.,1,false,true,false,true,30.,26.,14.,14.,10.8746273338
0.980896136151,Sample,14,4,51.,1,false,true,false,true,30.,26.,14.,14.,10.8746273338
1.04497854189,Voter,14,4,1.,1,false,true,false,true,22.,22.,18.,18.,0.
1.04497854189,Voter,14,4,6.,1,false,true,false,true,36.,28.,12.,12.,11.0125590484
1.04497854189,Voter,14,4,11.,1,false,true,false,true,36.,28.,12.,12.,11.2787833737
1.04497854189,Voter,14,4,16.,1,false,true,false,true,36.,28.,12.,12.,11.2857315069
1.04497854189,Voter,14,4,21.,1,false,true,false,true,36.,28.,12.,12.,11.2859243684
1.04497854189,Voter,14,4,26.,1,false,true,false,true,36.,28.,12.,12.,11.2859299861
1.04497854189,Voter,14,4,31.,1,false,true,false,true,36.,28.,12.,12.,11.285930156
1.04497854189,Voter,14,4,36.,1,false,true,false,true,36.,28.,12.,12.,11.2859301613
1.04497854189,Voter,14,4,41.,1,false,true,false,true,36.,28.,12.,12.,11.2859301614
1.04497854189,Voter,14,4,46.,1,false,true,false,true,36.,28.,12.,12.,11.2859301614
1.04497854189,Voter,14,4,51.,1,false,true,false,true,36.,28.,12.,12.,11.2859301614
0.82735363679,Voter,14,7,1.,1,false,true,false,true,54.,46.,98.,86.,0.
0.82735363679,Voter,14,7,6.,1,false,true,false,true,114.,94.,66.,52.,9.65269436124
0.82735363679,Voter,14,7,11.,1,false,true,false,true,114.,94.,66.,52.,9.7701410775
0.82735363679,Voter,14,7,16.,1,false,true,false,true,114.,94.,66.,52.,9.77174985802
0.82735363679,Voter,14,7,21.,1,false,true,false,true,114.,94.,66.,52.,9.7717738989
0.82735363679,Voter,14,7,26.,1,false,true,false,true,114.,94.,66.,52.,9.77177428145
0.82735363679,Voter,14,7,31.,1,false,true,false,true,114.,94.,66.,52.,9.77177428783
0.82735363679,Voter,14,7,36.,1,false,true,false,true,114.,94.,66.,52.,9.77177428794
0.82735363679,Voter,14,7,41.,1,false,true,false,true,114.,94.,66.,52.,9.77177428794
0.82735363679,Voter,14,7,46.,1,false,true,false,true,114.,94.,66.,52.,9.77177428794
0.82735363679,Voter,14,7,51.,1,false,true,false,true,114.,94.,66.,52.,9.77177428794
0.927034069784,Voter,14,4,1.,1,false,true,false,true,16.,16.,16.,16.,0.
0.927034069784,Voter,14,4,6.,1,false,true,false,true,24.,24.,8.,8.,10.3270026749
0.927034069784,Voter,14,4,11.,1,false,true,false,true,24.,24.,8.,8.,10.5043412531
0.927034069784,Voter,14,4,16.,1,false,true,false,true,24.,24.,8.,8.,10.5076934625
0.927034069784,Voter,14,4,21.,1,false,true,false,true,24.,24.,8.,8.,10.5077616935
0.927034069784,Voter,14,4,26.,1,false,true,false,true,24.,24.,8.,8.,10.5077631617
0.927034069784,Voter,14,4,31.,1,false,true,false,true,24.,24.,8.,8.,10.5077631946
0.927034069784,Voter,14,4,36.,1,false,true,false,true,24.,24.,8.,8.,10.5077631954
0.927034069784,Voter,14,4,41.,1,false,true,false,true,24.,24.,8.,8.,10.5077631954
0.927034069784,Voter,14,4,46.,1,false,true,false,true,24.,24.,8.,8.,10.5077631954
0.927034069784,Voter,14,4,51.,1,false,true,false,true,24.,24.,8.,8.,10.5077631954
1.39318551713,Sample,14,7,1.,1,false,true,false,true,42.,40.,130.,112.,0.
1.39318551713,Sample,14,7,6.,1,false,true,false,true,196.,184.,220.,200.,12.4720283188
1.39318551713,Sample,14,7,11.,1,false,true,false,true,206.,194.,222.,204.,13.1007784935
1.39318551713,Sample,14,7,16.,1,false,true,false,true,206.,194.,222.,204.,13.1338979701
1.39318551713,Sample,14,7,21.,1,false,true,false,true,206.,194.,222.,204.,13.1357104752
1.39318551713,Sample,14,7,26.,1,false,true,false,true,206.,194.,222.,204.,13.1358129336
1.39318551713,Sample,14,7,31.,1,false,true,false,true,206.,194.,222.,204.,13.1358188847
1.39318551713,Sample,14,7,36.,1,false,true,false,true,206.,194.,222.,204.,13.1358192382
1.39318551713,Sample,14,7,41.,1,false,true,false,true,206.,194.,222.,204.,13.1358192596
1.39318551713,Sample,14,7,46.,1,false,true,false,true,206.,194.,222.,204.,13.135819261
1.39318551713,Sample,14,7,51.,1,false,true,false,true,206.,194.,222.,204.,13.135819261
1.36371068778,Sample,14,6,1.,1,false,true,false,true,74.,74.,122.,114.,0.
1.36371068778,Sample,14,6,6.,1,false,true,false,true,164.,148.,172.,164.,12.3757744422
1.36371068778,Sample,14,6,11.,1,false,true,false,true,166.,148.,170.,164.,12.9689414503
1.36371068778,Sample,14,6,16.,1,false,true,false,true,166.,148.,170.,164.,12.9987033924
1.36371068778,Sample,14,6,21.,1,false,true,false,true,166.,148.,170.,164.,13.0002570788
1.36371068778,Sample,14,6,26.,1,false,true,false,true,166.,148.,170.,164.,13.0003409465
1.36371068778,Sample,14,6,31.,1,false,true,false,true,166.,148.,170.,164.,13.0003456016
1.36371068778,Sample,14,6,36.,1,false,true,false,true,166.,148.,170.,164.,13.000345866
1.36371068778,Sample,14,6,41.,1,false,true,false,true,166.,148.,170.,164.,13.0003458813
1.36371068778,Sample,14,6,46.,1,false,true,false,true,166.,148.,170.,164.,13.0003458822
1.36371068778,Sample,14,6,51.,1,false,true,false,true,166.,148.,170.,164.,13.0003458823
0.902386350259,Sample,14,7,1.,1,false,true,false,true,144.,128.,224.,174.,0.
0.902386350259,Sample,14,7,6.,1,false,true,false,true,296.,224.,308.,234.,10.1688577419
0.902386350259,Sample,14,7,11.,1,false,true,false,true,296.,224.,308.,234.,10.3300728701
0.902386350259,Sample,14,7,16.,1,false,true,false,true,296.,224.,308.,234.,10.3329002738
0.902386350259,Sample,14,7,21.,1,false,true,false,true,296.,224.,308.,234.,10.3329538273
0.902386350259,Sample,14,7,26.,1,false,true,false,true,296.,224.,308.,234.,10.3329549015
0.902386350259,Sample,14,7,31.,1,false,true,false,true,296.,224.,308.,234.,10.332954924
0.902386350259,Sample,14,7,36.,1,false,true,false,true,296.,224.,308.,234.,10.3329549245
0.902386350259,Sample,14,7,41.,1,false,true,false,true,296.,224.,308.,234.,10.3329549245
0.902386350259,Sample,14,7,46.,1,false,true,false,true,296.,224.,308.,234.,10.3329549245
0.902386350259,Sample,14,7,51.,1,false,true,false,true,296.,224.,308.,234.,10.3329549245
1.17702785621,Sample,14,7,1.,1,false,true,false,true,58.,52.,126.,104.,0.
1.17702785621,Sample,14,7,6.,1,false,true,false,true,170.,142.,154.,128.,11.6553392889
1.17702785621,Sample,14,7,11.,1,false,true,false,true,178.,142.,154.,128.,12.0428860815
1.17702785621,Sample,14,7,16.,1,false,true,false,true,178.,142.,154.,128.,12.0565821016
1.17702785621,Sample,14,7,21.,1,false,true,false,true,178.,142.,154.,128.,12.0570913764
1.17702785621,Sample,14,7,26.,1,false,true,false,true,178.,142.,154.,128.,12.057111111
1.17702785621,Sample,14,7,31.,1,false,true,false,true,178.,142.,154.,128.,12.0571119015
1.17702785621,Sample,14,7,36.,1,false,true,false,true,178.,142.,154.,128.,12.0571119341
1.17702785621,Sample,14,7,41.,1,false,true,false,true,178.,142.,154.,128.,12.0571119354
1.17702785621,Sample,14,7,46.,1,false,true,false,true,178.,142.,154.,128.,12.0571119355
1.17702785621,Sample,14,7,51.,1,false,true,false,true,178.,142.,154.,128.,12.0571119355
1.35054354416,Sample,14,4,1.,1,false,true,false,true,2.,2.,20.,20.,0.
1.35054354416,Sample,14,4,6.,1,false,true,false,true,22.,22.,8.,8.,12.3313396011
1.35054354416,Sample,14,4,11.,1,false,true,false,true,26.,24.,8.,8.,12.9088607827
1.35054354416,Sample,14,4,16.,1,false,true,false,true,26.,24.,8.,8.,12.9371998912
1.35054354416,Sample,14,4,21.,1,false,true,false,true,26.,24.,8.,8.,12.9386477074
1.35054354416,Sample,14,4,26.,1,false,true,false,true,26.,24.,8.,8.,12.9387242283
1.35054354416,Sample,14,4,31.,1,false,true,false,true,26.,24.,8.,8.,12.9387283883
1.35054354416,Sample,14,4,36.,1,false,true,false,true,26.,24.,8.,8.,12.9387286199
1.35054354416,Sample,14,4,41.,1,false,true,false,true,26.,24.,8.,8.,12.938728633
1.35054354416,Sample,14,4,46.,1,false,true,false,true,26.,24.,8.,8.,12.9387286337
1.35054354416,Sample,14,4,51.,1,false,true,false,true,26.,24.,8.,8.,12.9387286338
0.973200672199,Voter,14,4,1.,1,false,true,false,true,14.,14.,30.,24.,0.
0.973200672199,Voter,14,4,6.,1,false,true,false,true,34.,28.,14.,14.,10.6089586849
0.973200672199,Voter,14,4,11.,1,false,true,false,true,34.,28.,14.,14.,10.8188003105
0.973200672199,Voter,14,4,16.,1,false,true,false,true,34.,28.,14.,14.,10.8233310933
0.973200672199,Voter,14,4,21.,1,false,true,false,true,34.,28.,14.,14.,10.8234358836
0.973200672199,Voter,14,4,26.,1,false,true,false,true,34.,28.,14.,14.,10.823438438
0.973200672199,Voter,14,4,31.,1,false,true,false,true,34.,28.,14.,14.,10.8234385029
0.973200672199,Voter,14,4,36.,1,false,true,false,true,34.,28.,14.,14.,10.8234385045
0.973200672199,Voter,14,4,41.,1,false,true,false,true,34.,28.,14.,14.,10.8234385046
0.973200672199,Voter,14,4,46.,1,false,true,false,true,34.,28.,14.,14.,10.8234385046
0.973200672199,Voter,14,4,51.,1,false,true,false,true,34.,28.,14.,14.,10.8234385046
0.816582396179,Voter,14,5,1.,1,false,true,false,true,26.,22.,50.,46.,0.
0.816582396179,Voter,14,5,6.,1,false,true,false,true,56.,42.,32.,32.,9.57409314259
0.816582396179,Voter,14,5,11.,1,false,true,false,true,56.,42.,32.,32.,9.68591336721
0.816582396179,Voter,14,5,16.,1,false,true,false,true,56.,42.,32.,32.,9.68738789313
0.816582396179,Voter,14,5,21.,1,false,true,false,true,56.,42.,32.,32.,9.68740913871
0.816582396179,Voter,14,5,26.,1,false,true,false,true,56.,42.,32.,32.,9.68740946495
0.816582396179,Voter,14,5,31.,1,false,true,false,true,56.,42.,32.,32.,9.6874094702
0.816582396179,Voter,14,5,36.,1,false,true,false,true,56.,42.,32.,32.,9.68740947029
0.816582396179,Voter,14,5,41.,1,false,true,false,true,56.,42.,32.,32.,9.68740947029
0.816582396179,Voter,14,5,46.,1,false,true,false,true,56.,42.,32.,32.,9.68740947029
0.816582396179,Voter,14,5,51.,1,false,true,false,true,56.,42.,32.,32.,9.68740947029
1.05814982406,Voter,14,4,1.,1,false,true,false,true,8.,6.,12.,12.,0.
1.05814982406,Voter,14,4,6.,1,false,true,false,true,20.,16.,0.,0.,11.0822704748
1.05814982406,Voter,14,4,11.,1,false,true,false,true,20.,16.,0.,0.,11.3595952372
1.05814982406,Voter,14,4,16.,1,false,true,false,true,20.,16.,0.,0.,11.3670739128
1.05814982406,Voter,14,4,21.,1,false,true,false,true,20.,16.,0.,0.,11.36728815
1.05814982406,Voter,14,4,26.,1,false,true,false,true,20.,16.,0.,0.,11.3672945853
1.05814982406,Voter,14,4,31.,1,false,true,false,true,20.,16.,0.,0.,11.367294786
1.05814982406,Voter,14,4,36.,1,false,true,false,true,20.,16.,0.,0.,11.3672947924
1.05814982406,Voter,14,4,41.,1,false,true,false,true,20.,16.,0.,0.,11.3672947926
1.05814982406,Voter,14,4,46.,1,false,true,false,true,20.,16.,0.,0.,11.3672947926
1.05814982406,Voter,14,4,51.,1,false,true,false,true,20.,16.,0.,0.,11.3672947926
0.893268839392,Voter,14,7,1.,1,false,true,false,true,90.,76.,72.,62.,0.
0.893268839392,Voter,14,7,6.,1,false,true,false,true,122.,96.,68.,60.,10.1089687201
0.893268839392,Voter,14,7,11.,1,false,true,false,true,124.,98.,66.,58.,10.2644379037
0.893268839392,Voter,14,7,16.,1,false,true,false,true,124.,98.,66.,58.,10.2670880249
0.893268839392,Voter,14,7,21.,1,false,true,false,true,124.,98.,66.,58.,10.2671368679
0.893268839392,Voter,14,7,26.,1,false,true,false,true,124.,98.,66.,58.,10.2671378218
0.893268839392,Voter,14,7,31.,1,false,true,false,true,124.,98.,66.,58.,10.2671378413
0.893268839392,Voter,14,7,36.,1,false,true,false,true,124.,98.,66.,58.,10.2671378417
0.893268839392,Voter,14,7,41.,1,false,true,false,true,124.,98.,66.,58.,10.2671378417
0.893268839392,Voter,14,7,46.,1,false,true,false,true,124.,98.,66.,58.,10.2671378417
0.893268839392,Voter,14,7,51.,1,false,true,false,true,124.,98.,66.,58.,10.2671378417
1.09650882229,Voter,14,6,1.,1,false,true,false,true,72.,68.,106.,88.,0.
1.09650882229,Voter,14,6,6.,1,false,true,false,true,128.,102.,150.,118.,11.2779930418
1.09650882229,Voter,14,6,11.,1,false,true,false,true,130.,104.,152.,120.,11.5889394691
1.09650882229,Voter,14,6,16.,1,false,true,false,true,130.,104.,152.,120.,11.598132901
1.09650882229,Voter,14,6,21.,1,false,true,false,true,130.,104.,152.,120.,11.598420679
1.09650882229,Voter,14,6,26.,1,false,true,false,true,130.,104.,152.,120.,11.598430105
1.09650882229,Voter,14,6,31.,1,false,true,false,true,130.,104.,152.,120.,11.598430425
1.09650882229,Voter,14,6,36.,1,false,true,false,true,130.,104.,152.,120.,11.5984304361
1.09650882229,Voter,14,6,41.,1,false,true,false,true,130.,104.,152.,120.,11.5984304365
1.09650882229,Voter,14,6,46.,1,false,true,false,true,130.,104.,152.,120.,11.5984304366
1.09650882229,Voter,14,6,51.,1,false,true,false,true,130.,104.,152.,120.,11.5984304366
0.947462558915,Voter,14,3,1.,1,false,true,false,true,0.,0.,6.,6.,0.
0.947462558915,Voter,14,3,6.,1,false,true,false,true,6.,6.,0.,0.,10.4540161715
0.947462558915,Voter,14,3,11.,1,false,true,false,true,6.,6.,0.,0.,10.6453685498
0.947462558915,Voter,14,3,16.,1,false,true,false,true,6.,6.,0.,0.,10.6492092929
0.947462558915,Voter,14,3,21.,1,false,true,false,true,6.,6.,0.,0.,10.6492921051
0.947462558915,Voter,14,3,26.,1,false,true,false,true,6.,6.,0.,0.,10.6492939901
0.947462558915,Voter,14,3,31.,1,false,true,false,true,6.,6.,0.,0.,10.6492940349
0.947462558915,Voter,14,3,36.,1,false,true,false,true,6.,6.,0.,0.,10.649294036
0.947462558915,Voter,14,3,41.,1,false,true,false,true,6.,6.,0.,0.,10.649294036
0.947462558915,Voter,14,3,46.,1,false,true,false,true,6.,6.,0.,0.,10.649294036
0.947462558915,Voter,14,3,51.,1,false,true,false,true,6.,6.,0.,0.,10.649294036
1.07284762113,Voter,14,5,1.,1,false,true,false,true,14.,14.,38.,34.,0.
1.07284762113,Voter,14,5,6.,1,false,true,false,true,54.,50.,46.,46.,11.1585338769
1.07284762113,Voter,14,5,11.,1,false,true,false,true,54.,50.,46.,46.,11.4485153566
1.07284762113,Voter,14,5,16.,1,false,true,false,true,54.,50.,46.,46.,11.4566205843
1.07284762113,Voter,14,5,21.,1,false,true,false,true,54.,50.,46.,46.,11.4568609248
1.07284762113,Voter,14,5,26.,1,false,true,false,true,54.,50.,46.,46.,11.4568683917
1.07284762113,Voter,14,5,31.,1,false,true,false,true,54.,50.,46.,46.,11.4568686323
1.07284762113,Voter,14,5,36.,1,false,true,false,true,54.,50.,46.,46.,11.4568686403
1.07284762113,Voter,14,5,41.,1,false,true,false,true,54.,50.,46.,46.,11.4568686405
1.07284762113,Voter,14,5,46.,1,false,true,false,true,54.,50.,46.,46.,11.4568686405
1.07284762113,Voter,14,5,51.,1,false,true,false,true,54.,50.,46.,46.,11.4568686405
1.33087223237,Voter,14,4,1.,1,false,true,false,true,12.,12.,28.,24.,0.
1.33087223237,Voter,14,4,6.,1,false,true,false,true,26.,24.,10.,10.,12.2632617963
1.33087223237,Voter,14,4,11.,1,false,true,false,true,26.,24.,10.,10.,12.8177066473
1.33087223237,Voter,14,4,16.,1,false,true,false,true,26.,24.,10.,10.,12.8440069502
1.33087223237,Voter,14,4,21.,1,false,true,false,true,26.,24.,10.,10.,12.8453071804
1.33087223237,Voter,14,4,26.,1,false,true,false,true,26.,24.,10.,10.,12.8453737292
1.33087223237,Voter,14,4,31.,1,false,true,false,true,26.,24.,10.,10.,12.8453772346
1.33087223237,Voter,14,4,36.,1,false,true,false,true,26.,24.,10.,10.,12.8453774237
1.33087223237,Voter,14,4,41.,1,false,true,false,true,26.,24.,10.,10.,12.8453774341
1.33087223237,Voter,14,4,46.,1,false,true,false,true,26.,24.,10.,10.,12.8453774347
1.33087223237,Voter,14,4,51.,1,false,true,false,true,26.,24.,10.,10.,12.8453774347
1.20562399601,Voter,14,7,1.,1,false,true,false,true,118.,100.,124.,110.,0.
1.20562399601,Voter,14,7,6.,1,false,true,false,true,186.,144.,116.,100.,11.7790735168
1.20562399601,Voter,14,7,11.,1,false,true,false,true,186.,144.,116.,100.,12.1956930885
1.20562399601,Voter,14,7,16.,1,false,true,false,true,186.,144.,116.,100.,12.2113115505
1.20562399601,Voter,14,7,21.,1,false,true,false,true,186.,144.,116.,100.,12.2119263917
1.20562399601,Voter,14,7,26.,1,false,true,false,true,186.,144.,116.,100.,12.2119515816
1.20562399601,Voter,14,7,31.,1,false,true,false,true,186.,144.,116.,100.,12.2119526475
1.20562399601,Voter,14,7,36.,1,false,true,false,true,186.,144.,116.,100.,12.2119526938
1.20562399601,Voter,14,7,41.,1,false,true,false,true,186.,144.,116.,100.,12.2119526958
1.20562399601,Voter,14,7,46.,1,false,true,false,true,186.,144.,116.,100.,12.2119526959
1.20562399601,Voter,14,7,51.,1,false,true,false,true,186.,144.,116.,100.,12.2119526959
1.38513942094,Voter,14,3,1.,1,false,true,false,true,4.,4.,8.,6.,0.
1.38513942094,Voter,14,3,6.,1,false,true,false,true,12.,10.,0.,0.,12.4461876061
1.38513942094,Voter,14,3,11.,1,false,true,false,true,12.,10.,0.,0.,13.0651489663
1.38513942094,Voter,14,3,16.,1,false,true,false,true,12.,10.,0.,0.,13.0973279753
1.38513942094,Voter,14,3,21.,1,false,true,false,true,12.,10.,0.,0.,13.0990667376
1.38513942094,Voter,14,3,26.,1,false,true,false,true,12.,10.,0.,0.,13.0991638116
1.38513942094,Voter,14,3,31.,1,false,true,false,true,12.,10.,0.,0.,13.0991693814
1.38513942094,Voter,14,3,36.,1,false,true,false,true,12.,10.,0.,0.,13.0991697083
1.38513942094,Voter,14,3,41.,1,false,true,false,true,12.,10.,0.,0.,13.0991697279
1.38513942094,Voter,14,3,46.,1,false,true,false,true,12.,10.,0.,0.,13.099169729
1.38513942094,Voter,14,3,51.,1,false,true,false,true,12.,10.,0.,0.,13.0991697291
0.994573885068,Voter,14,5,1.,1,false,true,false,true,36.,34.,42.,38.,0.
0.994573885068,Voter,14,5,6.,1,false,true,false,true,56.,52.,38.,38.,10.733438228
0.994573885068,Voter,14,5,11.,1,false,true,false,true,56.,52.,38.,38.,10.9593330402
0.994573885068,Voter,14,5,16.,1,false,true,false,true,56.,52.,38.,38.,10.9645044236
0.994573885068,Voter,14,5,21.,1,false,true,false,true,56.,52.,38.,38.,10.9646309553
0.994573885068,Voter,14,5,26.,1,false,true,false,true,56.,52.,38.,38.,10.964634214
0.994573885068,Voter,14,5,31.,1,false,true,false,true,56.,52.,38.,38.,10.9646343013
0.994573885068,Voter,14,5,36.,1,false,true,false,true,56.,52.,38.,38.,10.9646343037
0.994573885068,Voter,14,5,41.,1,false,true,false,true,56.,52.,38.,38.,10.9646343038
0.994573885068,Voter,14,5,46.,1,false,true,false,true,56.,52.,38.,38.,10.9646343038
0.994573885068,Voter,14,5,51.,1,false,true,false,true,56.,52.,38.,38.,10.9646343038
1.22074828414,Sample,14,6,1.,1,false,true,false,true,40.,40.,94.,78.,0.
1.22074828414,Sample,14,6,6.,1,false,true,false,true,160.,134.,158.,136.,11.8424451581
1.22074828414,Sample,14,6,11.,1,false,true,false,true,168.,142.,154.,136.,12.2748186132
1.22074828414,Sample,14,6,16.,1,false,true,false,true,168.,142.,154.,136.,12.2915273493
1.22074828414,Sample,14,6,21.,1,false,true,false,true,170.,144.,152.,136.,12.2922047059
1.22074828414,Sample,14,6,26.,1,false,true,false,true,170.,144.,152.,136.,12.2922332642
1.22074828414,Sample,14,6,31.,1,false,true,false,true,170.,144.,152.,136.,12.2922345072
1.22074828414,Sample,14,6,36.,1,false,true,false,true,170.,144.,152.,136.,12.2922345628
1.22074828414,Sample,14,6,41.,1,false,true,false,true,170.,144.,152.,136.,12.2922345653
1.22074828414,Sample,14,6,46.,1,false,true,false,true,170.,144.,152.,136.,12.2922345654
1.22074828414,Sample,14,6,51.,1,false,true,false,true,170.,144.,152.,136.,12.2922345654
1.09213526914,Sample,14,5,1.,1,false,true,false,true,34.,34.,92.,76.,0.
1.09213526914,Sample,14,5,6.,1,false,true,false,true,88.,84.,90.,82.,11.2562157731
1.09213526914,Sample,14,5,11.,1,false,true,false,true,90.,86.,92.,84.,11.5632327503
1.09213526914,Sample,14,5,16.,1,false,true,false,true,90.,86.,92.,84.,11.5722174575
1.09213526914,Sample,14,5,21.,1,false,true,false,true,90.,86.,92.,84.,11.5724959366
1.09213526914,Sample,14,5,26.,1,false,true,false,true,90.,86.,92.,84.,11.5725049705
1.09213526914,Sample,14,5,31.,1,false,true,false,true,90.,86.,92.,84.,11.5725052742
1.09213526914,Sample,14,5,36.,1,false,true,false,true,90.,86.,92.,84.,11.5725052848
1.09213526914,Sample,14,5,41.,1,false,true,false,true,90.,86.,92.,84.,11.5725052851
1.09213526914,Sample,14,5,46.,1,false,true,false,true,90.,86.,92.,84.,11.5725052851
1.09213526914,Sample,14,5,51.,1,false,true,false,true,90.,86.,92.,84.,11.5725052851
0.848100327417,Voter,14,7,1.,1,false,true,false,true,96.,84.,122.,102.,0.
0.848100327417,Voter,14,7,6.,1,false,true,false,true,136.,112.,98.,80.,9.80082707445
0.848100327417,Voter,14,7,11.,1,false,true,false,true,136.,112.,98.,80.,9.92957480148
0.848100327417,Voter,14,7,16.,1,false,true,false,true,136.,112.,98.,80.,9.93146887187
0.848100327417,Voter,14,7,21.,1,false,true,false,true,136.,112.,98.,80.,9.93149918079
0.848100327417,Voter,14,7,26.,1,false,true,false,true,136.,112.,98.,80.,9.93149969644
0.848100327417,Voter,14,7,31.,1,false,true,false,true,136.,112.,98.,80.,9.93149970562
0.848100327417,Voter,14,7,36.,1,false,true,false,true,136.,112.,98.,80.,9.93149970579
0.848100327417,Voter,14,7,41.,1,false,true,false,true,136.,112.,98.,80.,9.93149970579
0.848100327417,Voter,14,7,46.,1,false,true,false,true,136.,112.,98.,80.,9.93149970579
0.848100327417,Voter,14,7,51.,1,false,true,false,true,136.,112.,98.,80.,9.93149970579
1.3924321944,Voter,14,6,1.,1,false,true,false,true,8.,8.,40.,36.,0.
1.3924321944,Voter,14,6,6.,1,false,true,false,true,44.,38.,16.,16.,12.4696226576
1.3924321944,Voter,14,6,11.,1,false,true,false,true,44.,38.,16.,16.,13.0974539889
1.3924321944,Voter,14,6,16.,1,false,true,false,true,44.,38.,16.,16.,13.1304846446
1.3924321944,Voter,14,6,21.,1,false,true,false,true,44.,38.,16.,16.,13.1322901445
1.3924321944,Voter,14,6,26.,1,false,true,false,true,44.,38.,16.,16.,13.1323920884
1.3924321944,Voter,14,6,31.,1,false,true,false,true,44.,38.,16.,16.,13.1323980029
1.3924321944,Voter,14,6,36.,1,false,true,false,true,44.,38.,16.,16.,13.1323983539
1.3924321944,Voter,14,6,41.,1,false,true,false,true,44.,38.,16.,16.,13.1323983751
1.3924321944,Voter,14,6,46.,1,false,true,false,true,44.,38.,16.,16.,13.1323983764
1.3924321944,Voter,14,6,51.,1,false,true,false,true,44.,38.,16.,16.,13.1323983765
1.2959543561,Sample,14,7,1.,1,false,true,false,true,48.,46.,124.,102.,0.
1.2959543561,Sample,14,7,6.,1,false,true,false,true,154.,114.,110.,84.,12.1372844198
1.2959543561,Sample,14,7,11.,1,false,true,false,true,162.,118.,110.,84.,12.6516798385
1.2959543561,Sample,14,7,16.,1,false,true,false,true,164.,120.,108.,82.,12.674611364
1.2959543561,Sample,14,7,21.,1,false,true,false,true,164.,120.,108.,82.,12.6756788495
1.2959543561,Sample,14,7,26.,1,false,true,false,true,164.,120.,108.,82.,12.6757303659
1.2959543561,Sample,14,7,31.,1,false,true,false,true,164.,120.,108.,82.,12.675732927
1.2959543561,Sample,14,7,36.,1,false,true,false,true,164.,120.,108.,82.,12.6757330574
1.2959543561,Sample,14,7,41.,1,false,true,false,true,164.,120.,108.,82.,12.6757330642
1.2959543561,Sample,14,7,46.,1,false,true,false,true,164.,120.,108.,82.,12.6757330646
1.2959543561,Sample,14,7,51.,1,false,true,false,true,164.,120.,108.,82.,12.6757330646
0.928609206795,Voter,14,5,1.,1,false,true,false,true,36.,32.,34.,32.,0.
0.928609206795,Voter,14,5,6.,1,false,true,false,true,58.,50.,16.,16.,10.3369255076
0.928609206795,Voter,14,5,11.,1,false,true,false,true,58.,50.,16.,16.,10.5153236928
0.928609206795,Voter,14,5,16.,1,false,true,false,true,58.,50.,16.,16.,10.5187117934
0.928609206795,Voter,14,5,21.,1,false,true,false,true,58.,50.,16.,16.,10.5187810664
0.928609206795,Voter,14,5,26.,1,false,true,false,true,58.,50.,16.,16.,10.5187825636
0.928609206795,Voter,14,5,31.,1,false,true,false,true,58.,50.,16.,16.,10.5187825974
0.928609206795,Voter,14,5,36.,1,false,true,false,true,58.,50.,16.,16.,10.5187825981
0.928609206795,Voter,14,5,41.,1,false,true,false,true,58.,50.,16.,16.,10.5187825982
0.928609206795,Voter,14,5,46.,1,false,true,false,true,58.,50.,16.,16.,10.5187825982
0.928609206795,Voter,14,5,51.,1,false,true,false,true,58.,50.,16.,16.,10.5187825982
1.2594225539,Sample,14,6,1.,1,false,true,false,true,56.,46.,118.,88.,0.
1.2594225539,Sample,14,6,6.,1,false,true,false,true,168.,124.,186.,134.,11.9981909342
1.2594225539,Sample,14,6,11.,1,false,true,false,true,174.,128.,184.,132.,12.4719958042
1.2594225539,Sample,14,6,16.,1,false,true,false,true,174.,128.,184.,132.,12.4917336941
1.2594225539,Sample,14,6,21.,1,false,true,false,true,174.,128.,184.,132.,12.4925941518
1.2594225539,Sample,14,6,26.,1,false,true,false,true,174.,128.,184.,132.,12.4926330983
1.2594225539,Sample,14,6,31.,1,false,true,false,true,174.,128.,184.,132.,12.492634916
1.2594225539,Sample,14,6,36.,1,false,true,false,true,174.,128.,184.,132.,12.492635003
1.2594225539,Sample,14,6,41.,1,false,true,false,true,174.,128.,184.,132.,12.4926350073
1.2594225539,Sample,14,6,46.,1,false,true,false,true,174.,128.,184.,132.,12.4926350075
1.2594225539,Sample,14,6,51.,1,false,true,false,true,174.,128.,184.,132.,12.4926350075
1.38507720275,Sample,14,7,1.,1,false,true,false,true,76.,66.,158.,132.,0.
1.38507720275,Sample,14,7,6.,1,false,true,false,true,190.,150.,160.,132.,12.4459865257
1.38507720275,Sample,14,7,11.,1,false,true,false,true,194.,152.,160.,132.,13.0648724091
1.38507720275,Sample,14,7,16.,1,false,true,false,true,194.,152.,160.,132.,13.0970442162
1.38507720275,Sample,14,7,21.,1,false,true,false,true,194.,152.,160.,132.,13.0987824175
1.38507720275,Sample,14,7,26.,1,false,true,false,true,194.,152.,160.,132.,13.0988794508
1.38507720275,Sample,14,7,31.,1,false,true,false,true,194.,152.,160.,132.,13.0988850177
1.38507720275,Sample,14,7,36.,1,false,true,false,true,194.,152.,160.,132.,13.0988853444
1.38507720275,Sample,14,7,41.,1,false,true,false,true,194.,152.,160.,132.,13.098885364
1.38507720275,Sample,14,7,46.,1,false,true,false,true,194.,152.,160.,132.,13.0988853651
1.38507720275,Sample,14,7,51.,1,false,true,false,true,194.,152.,160.,132.,13.0988853652
1.10808717893,Sample,14,6,1.,1,false,true,false,true,56.,50.,110.,90.,0.
1.10808717893,Sample,14,6,6.,1,false,true,false,true,182.,138.,192.,140.,11.334989975
1.10808717893,Sample,14,6,11.,1,false,true,false,true,186.,138.,192.,140.,11.6564566649
1.10808717893,Sample,14,6,16.,1,false,true,false,true,186.,138.,192.,140.,11.6662196844
1.10808717893,Sample,14,6,21.,1,false,true,false,true,186.,138.,192.,140.,11.6665333052
1.10808717893,Sample,14,6,26.,1,false,true,false,true,186.,138.,192.,140.,11.6665438406
1.10808717893,Sample,14,6,31.,1,false,true,false,true,186.,138.,192.,140.,11.6665442072
1.10808717893,Sample,14,6,36.,1,false,true,false,true,186.,138.,192.,140.,11.6665442203
1.10808717893,Sample,14,6,41.,1,false,true,false,true,186.,138.,192.,140.,11.6665442208
1.10808717893,Sample,14,6,46.,1,false,true,false,true,186.,138.,192.,140.,11.6665442208
1.10808717893,Sample,14,6,51.,1,false,true,false,true,186.,138.,192.,140.,11.6665442208
1.26489192322,Voter,14,7,1.,1,false,true,false,true,28.,28.,74.,64.,0.
1.26489192322,Voter,14,7,6.,1,false,true,false,true,80.,70.,30.,28.,12.0195027574
1.26489192322,Voter,14,7,11.,1,false,true,false,true,82.,72.,28.,26.,12.4992965723
1.26489192322,Voter,14,7,16.,1,false,true,false,true,82.,72.,28.,26.,12.5194916437
1.26489192322,Voter,14,7,21.,1,false,true,false,true,82.,72.,28.,26.,12.5203808854
1.26489192322,Voter,14,7,26.,1,false,true,false,true,82.,72.,28.,26.,12.52042153
1.26489192322,Voter,14,7,31.,1,false,true,false,true,82.,72.,28.,26.,12.5204234454
1.26489192322,Voter,14,7,36.,1,false,true,false,true,82.,72.,28.,26.,12.5204235379
1.26489192322,Voter,14,7,41.,1,false,true,false,true,82.,72.,28.,26.,12.5204235425
1.26489192322,Voter,14,7,46.,1,false,true,false,true,82.,72.,28.,26.,12.5204235427
1.26489192322,Voter,14,7,51.,1,false,true,false,true,82.,72.,28.,26.,12.5204235427
1.13143987006,Sample,14,6,1.,1,false,true,false,true,70.,60.,124.,94.,0.
1.13143987006,Sample,14,6,6.,1,false,true,false,true,188.,142.,194.,152.,11.4471006784
1.13143987006,Sample,14,6,11.,1,false,true,false,true,188.,142.,194.,152.,11.7902990846
1.13143987006,Sample,14,6,16.,1,false,true,false,true,188.,142.,194.,152.,11.801288144
1.13143987006,Sample,14,6,21.,1,false,true,false,true,188.,142.,194.,152.,11.8016596274
1.13143987006,Sample,14,6,26.,1,false,true,false,true,188.,142.,194.,152.,11.8016727438
1.13143987006,Sample,14,6,31.,1,false,true,false,true,188.,142.,194.,152.,11.8016732233
1.13143987006,Sample,14,6,36.,1,false,true,false,true,188.,142.,194.,152.,11.8016732413
1.13143987006,Sample,14,6,41.,1,false,true,false,true,188.,142.,194.,152.,11.801673242
1.13143987006,Sample,14,6,46.,1,false,true,false,true,188.,142.,194.,152.,11.801673242
1.13143987006,Sample,14,6,51.,1,false,true,false,true,188.,142.,194.,152.,11.801673242
1.25998452304,Voter,14,4,1.,1,false,true,false,true,14.,14.,22.,20.,0.
1.25998452304,Voter,14,4,6.,1,false,true,false,true,32.,30.,20.,20.,12.0003887175
1.25998452304,Voter,14,4,11.,1,false,true,false,true,32.,30.,20.,20.,12.4748074877
1.25998452304,Voter,14,4,16.,1,false,true,false,true,32.,30.,20.,20.,12.4945920174
1.25998452304,Voter,14,4,21.,1,false,true,false,true,32.,30.,20.,20.,12.4954553982
1.25998452304,Voter,14,4,26.,1,false,true,false,true,32.,30.,20.,20.,12.4954945163
1.25998452304,Voter,14,4,31.,1,false,true,false,true,32.,30.,20.,20.,12.4954963439
1.25998452304,Voter,14,4,36.,1,false,true,false,true,32.,30.,20.,20.,12.4954964315
1.25998452304,Voter,14,4,41.,1,false,true,false,true,32.,30.,20.,20.,12.4954964357
1.25998452304,Voter,14,4,46.,1,false,true,false,true,32.,30.,20.,20.,12.495496436
1.25998452304,Voter,14,4,51.,1,false,true,false,true,32.,30.,20.,20.,12.495496436
0.881742363196,Voter,14,3,1.,1,false,true,false,true,4.,4.,6.,6.,0.
0.881742363196,Voter,14,3,6.,1,false,true,false,true,10.,8.,0.,0.,10.0321613869
0.881742363196,Voter,14,3,11.,1,false,true,false,true,10.,8.,0.,0.,10.1805356177
0.881742363196,Voter,14,3,16.,1,false,true,false,true,10.,8.,0.,0.,10.1829739665
0.881742363196,Voter,14,3,21.,1,false,true,false,true,10.,8.,0.,0.,10.1830173565
0.881742363196,Voter,14,3,26.,1,false,true,false,true,10.,8.,0.,0.,10.1830181753
0.881742363196,Voter,14,3,31.,1,false,true,false,true,10.,8.,0.,0.,10.1830181915
0.881742363196,Voter,14,3,36.,1,false,true,false,true,10.,8.,0.,0.,10.1830181918
0.881742363196,Voter,14,3,41.,1,false,true,false,true,10.,8.,0.,0.,10.1830181918
0.881742363196,Voter,14,3,46.,1,false,true,false,true,10.,8.,0.,0.,10.1830181918
0.881742363196,Voter,14,3,51.,1,false,true,false,true,10.,8.,0.,0.,10.1830181918
1.35901070631,Voter,14,7,1.,1,false,true,false,true,42.,38.,74.,60.,0.
1.35901070631,Voter,14,7,6.,1,false,true,false,true,106.,86.,42.,40.,12.3600166879
1.35901070631,Voter,14,7,11.,1,false,true,false,true,112.,90.,40.,36.,12.9475808803
1.35901070631,Voter,14,7,16.,1,false,true,false,true,112.,90.,40.,36.,12.976829543
1.35901070631,Voter,14,7,21.,1,false,true,false,true,112.,90.,40.,36.,12.9783447699
1.35901070631,Voter,14,7,26.,1,false,true,false,true,112.,90.,40.,36.,12.9784259506
1.35901070631,Voter,14,7,31.,1,false,true,false,true,112.,90.,40.,36.,12.9784304235
1.35901070631,Voter,14,7,36.,1,false,true,false,true,112.,90.,40.,36.,12.9784306757
1.35901070631,Voter,14,7,41.,1,false,true,false,true,112.,90.,40.,36.,12.9784306902
1.35901070631,Voter,14,7,46.,1,false,true,false,true,112.,90.,40.,36.,12.9784306911
1.35901070631,Voter,14,7,51.,1,false,true,false,true,112.,90.,40.,36.,12.9784306911
1.21510171046,Voter,14,5,1.,1,false,true,false,true,32.,30.,64.,50.,0.
1.21510171046,Voter,14,5,6.,1,false,true,false,true,60.,52.,60.,50.,11.8189506886
1.21510171046,Voter,14,5,11.,1,false,true,false,true,60.,52.,60.,50.,12.2454124381
1.21510171046,Voter,14,5,16.,1,false,true,false,true,60.,52.,60.,50.,12.2617080571
1.21510171046,Voter,14,5,21.,1,false,true,false,true,60.,52.,60.,50.,12.2623615073
1.21510171046,Voter,14,5,26.,1,false,true,false,true,60.,52.,60.,50.,12.262388766
1.21510171046,Voter,14,5,31.,1,false,true,false,true,60.,52.,60.,50.,12.2623899401
1.21510171046,Voter,14,5,36.,1,false,true,false,true,60.,52.,60.,50.,12.262389992
1.21510171046,Voter,14,5,41.,1,false,true,false,true,60.,52.,60.,50.,12.2623899944
1.21510171046,Voter,14,5,46.,1,false,true,false,true,60.,52.,60.,50.,12.2623899945
1.21510171046,Voter,14,5,51.,1,false,true,false,true,60.,52.,60.,50.,12.2623899945
1.37957878035,Sample,14,3,1.,1,false,true,false,true,10.,10.,18.,18.,0.
1.37957878035,Sample,14,3,6.,1,false,true,false,true,36.,36.,40.,38.,12.4281395217
1.37957878035,Sample,14,3,11.,1,false,true,false,true,38.,36.,38.,38.,13.0403685658
1.37957878035,Sample,14,3,16.,1,false,true,false,true,38.,36.,38.,38.,13.0719081678
1.37957878035,Sample,14,3,21.,1,false,true,false,true,38.,36.,38.,38.,13.0735973421
1.37957878035,Sample,14,3,26.,1,false,true,false,true,38.,36.,38.,38.,13.0736908338
1.37957878035,Sample,14,3,31.,1,false,true,false,true,38.,36.,38.,38.,13.0736961525
1.37957878035,Sample,14,3,36.,1,false,true,false,true,38.,36.,38.,38.,13.0736964621
1.37957878035,Sample,14,3,41.,1,false,true,false,true,38.,36.,38.,38.,13.0736964804
1.37957878035,Sample,14,3,46.,1,false,true,false,true,38.,36.,38.,38.,13.0736964815
1.37957878035,Sample,14,3,51.,1,false,true,false,true,38.,36.,38.,38.,13.0736964816
1.32065089222,Voter,14,7,1.,1,false,true,false,true,30.,30.,70.,56.,0.
1.32065089222,Voter,14,7,6.,1,false,true,false,true,90.,82.,46.,46.,12.2270732054
1.32065089222,Voter,14,7,11.,1,false,true,false,true,88.,82.,44.,44.,12.769671801
1.32065089222,Voter,14,7,16.,1,false,true,false,true,88.,82.,44.,44.,12.7949532025
1.32065089222,Voter,14,7,21.,1,false,true,false,true,88.,82.,44.,44.,12.7961815463
1.32065089222,Voter,14,7,26.,1,false,true,false,true,88.,82.,44.,44.,12.796243358
1.32065089222,Voter,14,7,31.,1,false,true,false,true,88.,82.,44.,44.,12.7962465599
1.32065089222,Voter,14,7,36.,1,false,true,false,true,88.,82.,44.,44.,12.7962467298
1.32065089222,Voter,14,7,41.,1,false,true,false,true,88.,82.,44.,44.,12.796246739
1.32065089222,Voter,14,7,46.,1,false,true,false,true,88.,82.,44.,44.,12.7962467395
1.32065089222,Voter,14,7,51.,1,false,true,false,true,88.,82.,44.,44.,12.7962467396
1.38577088156,Voter,14,4,1.,1,false,true,false,true,2.,2.,16.,16.,0.
1.38577088156,Voter,14,4,6.,1,false,true,false,true,30.,30.,24.,24.,12.4482272998
1.38577088156,Voter,14,4,11.,1,false,true,false,true,32.,32.,26.,26.,13.0679548729
1.38577088156,Voter,14,4,16.,1,false,true,false,true,32.,32.,26.,26.,13.1002070362
1.38577088156,Voter,14,4,21.,1,false,true,false,true,32.,32.,26.,26.,13.1019515004
1.38577088156,Voter,14,4,26.,1,false,true,false,true,32.,32.,26.,26.,13.1020489882
1.38577088156,Voter,14,4,31.,1,false,true,false,true,32.,32.,26.,26.,13.1020545871
1.38577088156,Voter,14,4,36.,1,false,true,false,true,32.,32.,26.,26.,13.1020549161
1.38577088156,Voter,14,4,41.,1,false,true,false,true,32.,32.,26.,26.,13.1020549358
1.38577088156,Voter,14,4,46.,1,false,true,false,true,32.,32.,26.,26.,13.102054937
1.38577088156,Voter,14,4,51.,1,false,true,false,true,32.,32.,26.,26.,13.102054937
1.1982155413,Voter,14,7,1.,1,false,true,false,true,52.,46.,100.,84.,0.
1.1982155413,Voter,14,7,6.,1,false,true,false,true,94.,78.,62.,58.,11.7475134499
1.1982155413,Voter,14,7,11.,1,false,true,false,true,94.,78.,62.,58.,12.156510646
1.1982155413,Voter,14,7,16.,1,false,true,false,true,94.,78.,62.,58.,12.1716138163
1.1982155413,Voter,14,7,21.,1,false,true,false,true,94.,78.,62.,58.,12.1721997664
1.1982155413,Voter,14,7,26.,1,false,true,false,true,94.,78.,62.,58.,12.1722234333
1.1982155413,Voter,14,7,31.,1,false,true,false,true,94.,78.,62.,58.,12.1722244208
1.1982155413,Voter,14,7,36.,1,false,true,false,true,94.,78.,62.,58.,12.1722244631
1.1982155413,Voter,14,7,41.,1,false,true,false,true,94.,78.,62.,58.,12.1722244649
1.1982155413,Voter,14,7,46.,1,false,true,false,true,94.,78.,62.,58.,12.172224465
1.1982155413,Voter,14,7,51.,1,false,true,false,true,94.,78.,62.,58.,12.172224465
1.03319321071,Sample,14,6,1.,1,false,true,false,true,52.,48.,94.,76.,0.
1.03319321071,Sample,14,6,6.,1,false,true,false,true,196.,148.,190.,156.,10.9490681433
1.03319321071,Sample,14,6,11.,1,false,true,false,true,196.,148.,190.,156.,11.2055557122
1.03319321071,Sample,14,6,16.,1,false,true,false,true,196.,148.,190.,156.,11.2120531508
1.03319321071,Sample,14,6,21.,1,false,true,false,true,196.,148.,190.,156.,11.2122283995
1.03319321071,Sample,14,6,26.,1,false,true,false,true,196.,148.,190.,156.,11.2122333632
1.03319321071,Sample,14,6,31.,1,false,true,false,true,196.,148.,190.,156.,11.2122335092
1.03319321071,Sample,14,6,36.,1,false,true,false,true,196.,148.,190.,156.,11.2122335136
1.03319321071,Sample,14,6,41.,1,false,true,false,true,196.,148.,190.,156.,11.2122335138
1.03319321071,Sample,14,6,46.,1,false,true,false,true,196.,148.,190.,156.,11.2122335138
1.03319321071,Sample,14,6,51.,1,false,true,false,true,196.,148.,190.,156.,11.2122335138
1.01904095505,Voter,14,4,1.,1,false,true,false,true,28.,26.,20.,20.,0.
1.01904095505,Voter,14,4,6.,1,false,true,false,true,40.,34.,8.,8.,10.8714117652
1.01904095505,Voter,14,4,11.,1,false,true,false,true,42.,36.,6.,6.,11.1164534865
1.01904095505,Voter,14,4,16.,1,false,true,false,true,42.,36.,6.,6.,11.1224387485
1.01904095505,Voter,14,4,21.,1,false,true,false,true,42.,36.,6.,6.,11.1225946157
1.01904095505,Voter,14,4,26.,1,false,true,false,true,42.,36.,6.,6.,11.1225988817
1.01904095505,Voter,14,4,31.,1,false,true,false,true,42.,36.,6.,6.,11.1225990031
1.01904095505,Voter,14,4,36.,1,false,true,false,true,42.,36.,6.,6.,11.1225990066
1.01904095505,Voter,14,4,41.,1,false,true,false,true,42.,36.,6.,6.,11.1225990067
1.01904095505,Voter,14,4,46.,1,false,true,false,true,42.,36.,6.,6.,11.1225990067
1.01904095505,Voter,14,4,51.,1,false,true,false,true,42.,36.,6.,6.,11.1225990067
1.13114693531,Sample,14,6,1.,1,false,true,false,true,40.,38.,86.,74.,0.
1.13114693531,Sample,14,6,6.,1,false,true,false,true,142.,114.,116.,102.,11.4457176193
1.13114693531,Sample,14,6,11.,1,false,true,false,true,146.,114.,120.,104.,11.7886392221
1.13114693531,Sample,14,6,16.,1,false,true,false,true,146.,114.,120.,104.,11.7996122477
1.13114693531,Sample,14,6,21.,1,false,true,false,true,146.,114.,120.,104.,11.7999829553
1.13114693531,Sample,14,6,26.,1,false,true,false,true,146.,114.,120.,104.,11.7999960362
1.13114693531,Sample,14,6,31.,1,false,true,false,true,146.,114.,120.,104.,11.7999965141
1.13114693531,Sample,14,6,36.,1,false,true,false,true,146.,114.,120.,104.,11.799996532
1.13114693531,Sample,14,6,41.,1,false,true,false,true,146.,114.,120.,104.,11.7999965327
1.13114693531,Sample,14,6,46.,1,false,true,false,true,146.,114.,120.,104.,11.7999965328
1.13114693531,Sample,14,6,51.,1,false,true,false,true,146.,114.,120.,104.,11.7999965328
1.29970724905,Sample,14,4,1.,1,false,true,false,true,26.,22.,46.,36.,0.
1.29970724905,Sample,14,4,6.,1,false,true,false,true,126.,90.,146.,102.,12.1511457086
1.29970724905,Sample,14,4,11.,1,false,true,false,true,130.,92.,146.,104.,12.6697880381
1.29970724905,Sample,14,4,16.,1,false,true,false,true,130.,92.,146.,104.,12.6930665673
1.29970724905,Sample,14,4,21.,1,false,true,false,true,130.,92.,146.,104.,12.6941573641
1.29970724905,Sample,14,4,26.,1,false,true,false,true,130.,92.,146.,104.,12.6942103452
1.29970724905,Sample,14,4,31.,1,false,true,false,true,130.,92.,146.,104.,12.6942129958
1.29970724905,Sample,14,4,36.,1,false,true,false,true,130.,92.,146.,104.,12.6942131317
1.29970724905,Sample,14,4,41.,1,false,true,false,true,130.,92.,146.,104.,12.6942131388
1.29970724905,Sample,14,4,46.,1,false,true,false,true,130.,92.,146.,104.,12.6942131392
1.29970724905,Sample,14,4,51.,1,false,true,false,true,130.,92.,146.,104.,12.6942131392
1.25692546331,Voter,14,5,1.,1,false,true,false,true,14.,14.,30.,28.,0.
1.25692546331,Voter,14,5,6.,1,false,true,false,true,44.,38.,16.,16.,11.9884028554
1.25692546331,Voter,14,5,11.,1,false,true,false,true,46.,40.,18.,18.,12.4594839243
1.25692546331,Voter,14,5,16.,1,false,true,false,true,46.,40.,18.,18.,12.4790154958
1.25692546331,Voter,14,5,21.,1,false,true,false,true,46.,40.,18.,18.,12.47986306
1.25692546331,Voter,14,5,26.,1,false,true,false,true,46.,40.,18.,18.,12.4799012512
1.25692546331,Voter,14,5,31.,1,false,true,false,true,46.,40.,18.,18.,12.4799030259
1.25692546331,Voter,14,5,36.,1,false,true,false,true,46.,40.,18.,18.,12.4799031105
1.25692546331,Voter,14,5,41.,1,false,true,false,true,46.,40.,18.,18.,12.4799031146
1.25692546331,Voter,14,5,46.,1,false,true,false,true,46.,40.,18.,18.,12.4799031148
1.25692546331,Voter,14,5,51.,1,false,true,false,true,46.,40.,18.,18.,12.4799031148
0.866034299021,Sample,14,3,1.,1,false,true,false,true,0.,0.,10.,10.,0.
0.866034299021,Sample,14,3,6.,1,false,true,false,true,16.,16.,6.,6.,9.92549018714
0.866034299021,Sample,14,3,11.,1,false,true,false,true,16.,16.,6.,6.,10.0644999523
0.866034299021,Sample,14,3,16.,1,false,true,false,true,16.,16.,6.,6.,10.0666709483
0.866034299021,Sample,14,3,21.,1,false,true,false,true,16.,16.,6.,6.,10.0667077381
0.866034299021,Sample,14,3,26.,1,false,true,false,true,16.,16.,6.,6.,10.0667084001
0.866034299021,Sample,14,3,31.,1,false,true,false,true,16.,16.,6.,6.,10.0667084125
0.866034299021,Sample,14,3,36.,1,false,true,false,true,16.,16.,6.,6.,10.0667084128
0.866034299021,Sample,14,3,41.,1,false,true,false,true,16.,16.,6.,6.,10.0667084128
0.866034299021,Sample,14,3,46.,1,false,true,false,true,16.,16.,6.,6.,10.0667084128
0.866034299021,Sample,14,3,51.,1,false,true,false,true,16.,16.,6.,6.,10.0667084128
0.915241522945,Voter,14,5,1.,1,false,true,false,true,14.,14.,28.,26.,0.
0.915241522945,Voter,14,5,6.,1,false,true,false,true,34.,28.,12.,12.,10.2520168428
0.915241522945,Voter,14,5,11.,1,false,true,false,true,34.,28.,12.,12.,10.4215338977
0.915241522945,Voter,14,5,16.,1,false,true,false,true,34.,28.,12.,12.,10.4246265099
0.915241522945,Voter,14,5,21.,1,false,true,false,true,34.,28.,12.,12.,10.4246873475
0.915241522945,Voter,14,5,26.,1,false,true,false,true,34.,28.,12.,12.,10.4246886137
0.915241522945,Voter,14,5,31.,1,false,true,false,true,34.,28.,12.,12.,10.4246886412
0.915241522945,Voter,14,5,36.,1,false,true,false,true,34.,28.,12.,12.,10.4246886419
0.915241522945,Voter,14,5,41.,1,false,true,false,true,34.,28.,12.,12.,10.4246886419
0.915241522945,Voter,14,5,46.,1,false,true,false,true,34.,28.,12.,12.,10.4246886419
0.915241522945,Voter,14,5,51.,1,false,true,false,true,34.,28.,12.,12.,10.4246886419
1.38989900034,Voter,14,5,1.,1,false,true,false,true,16.,16.,30.,28.,0.
1.38989900034,Voter,14,5,6.,1,false,true,false,true,40.,36.,18.,18.,12.4615124357
1.38989900034,Voter,14,5,11.,1,false,true,false,true,42.,38.,20.,20.,13.0862575395
1.38989900034,Voter,14,5,16.,1,false,true,false,true,42.,38.,20.,20.,13.1189906843
1.38989900034,Voter,14,5,21.,1,false,true,false,true,42.,38.,20.,20.,13.1207727814
1.38989900034,Voter,14,5,26.,1,false,true,false,true,42.,38.,20.,20.,13.1208730113
1.38989900034,Voter,14,5,31.,1,false,true,false,true,42.,38.,20.,20.,13.120878804
1.38989900034,Voter,14,5,36.,1,false,true,false,true,42.,38.,20.,20.,13.1208791464
1.38989900034,Voter,14,5,41.,1,false,true,false,true,42.,38.,20.,20.,13.1208791671
1.38989900034,Voter,14,5,46.,1,false,true,false,true,42.,38.,20.,20.,13.1208791683
1.38989900034,Voter,14,5,51.,1,false,true,false,true,42.,38.,20.,20.,13.1208791684
1.30202860222,Sample,14,4,1.,1,false,true,false,true,22.,20.,42.,38.,0.
1.30202860222,Sample,14,4,6.,1,false,true,false,true,72.,64.,72.,56.,12.1596804008
1.30202860222,Sample,14,4,11.,1,false,true,false,true,76.,66.,72.,58.,12.6809566949
1.30202860222,Sample,14,4,16.,1,false,true,false,true,76.,66.,72.,58.,12.7044516592
1.30202860222,Sample,14,4,21.,1,false,true,false,true,76.,66.,72.,58.,12.7055570745
1.30202860222,Sample,14,4,26.,1,false,true,false,true,76.,66.,72.,58.,12.705610979
1.30202860222,Sample,14,4,31.,1,false,true,false,true,76.,66.,72.,58.,12.7056136864
1.30202860222,Sample,14,4,36.,1,false,true,false,true,76.,66.,72.,58.,12.7056138257
1.30202860222,Sample,14,4,41.,1,false,true,false,true,76.,66.,72.,58.,12.705613833
1.30202860222,Sample,14,4,46.,1,false,true,false,true,76.,66.,72.,58.,12.7056138334
1.30202860222,Sample,14,4,51.,1,false,true,false,true,76.,66.,72.,58.,12.7056138334
1.15837065862,Voter,14,7,1.,1,false,true,false,true,26.,24.,60.,52.,0.
1.15837065862,Voter,14,7,6.,1,false,true,false,true,74.,64.,12.,12.,11.5717791824
1.15837065862,Voter,14,7,11.,1,false,true,false,true,74.,64.,12.,12.,11.9408737532
1.15837065862,Voter,14,7,16.,1,false,true,false,true,74.,64.,12.,12.,11.9534102243
1.15837065862,Voter,14,7,21.,1,false,true,false,true,74.,64.,12.,12.,11.9538588547
1.15837065862,Voter,14,7,26.,1,false,true,false,true,74.,64.,12.,12.,11.9538756008
1.15837065862,Voter,14,7,31.,1,false,true,false,true,74.,64.,12.,12.,11.9538762474
1.15837065862,Voter,14,7,36.,1,false,true,false,true,74.,64.,12.,12.,11.953876273
1.15837065862,Voter,14,7,41.,1,false,true,false,true,74.,64.,12.,12.,11.9538762741
1.15837065862,Voter,14,7,46.,1,false,true,false,true,74.,64.,12.,12.,11.9538762741
1.15837065862,Voter,14,7,51.,1,false,true,false,true,74.,64.,12.,12.,11.9538762741
1.22417487319,Sample,14,6,1.,1,false,true,false,true,16.,16.,62.,50.,0.
1.22417487319,Sample,14,6,6.,1,false,true,false,true,74.,60.,16.,16.,11.8566074955
1.22417487319,Sample,14,6,11.,1,false,true,false,true,76.,62.,18.,18.,12.2925857689
1.22417487319,Sample,14,6,16.,1,false,true,false,true,76.,62.,18.,18.,12.3095487615
1.22417487319,Sample,14,6,21.,1,false,true,false,true,76.,62.,18.,18.,12.3102409624
1.22417487319,Sample,14,6,26.,1,false,true,false,true,76.,62.,18.,18.,12.3102703346
1.22417487319,Sample,14,6,31.,1,false,true,false,true,76.,62.,18.,18.,12.3102716211
1.22417487319,Sample,14,6,36.,1,false,true,false,true,76.,62.,18.,18.,12.3102716789
1.22417487319,Sample,14,6,41.,1,false,true,false,true,76.,62.,18.,18.,12.3102716816
1.22417487319,Sample,14,6,46.,1,false,true,false,true,76.,62.,18.,18.,12.3102716817
1.22417487319,Sample,14,6,51.,1,false,true,false,true,76.,62.,18.,18.,12.3102716817
1.18702557461,Voter,14,6,1.,1,false,true,false,true,36.,28.,76.,58.,0.
1.18702557461,Voter,14,6,6.,1,false,true,false,true,78.,62.,34.,32.,11.699189182
1.18702557461,Voter,14,6,11.,1,false,true,false,true,82.,66.,30.,28.,12.0967927249
1.18702557461,Voter,14,6,16.,1,false,true,false,true,82.,66.,30.,28.,12.1111405654
1.18702557461,Voter,14,6,21.,1,false,true,false,true,82.,66.,30.,28.,12.1116849474
1.18702557461,Voter,14,6,26.,1,false,true,false,true,82.,66.,30.,28.,12.1117064621
1.18702557461,Voter,14,6,31.,1,false,true,false,true,82.,66.,30.,28.,12.1117073408
1.18702557461,Voter,14,6,36.,1,false,true,false,true,82.,66.,30.,28.,12.1117073776
1.18702557461,Voter,14,6,41.,1,false,true,false,true,82.,66.,30.,28.,12.1117073792
1.18702557461,Voter,14,6,46.,1,false,true,false,true,82.,66.,30.,28.,12.1117073793
1.18702557461,Voter,14,6,51.,1,false,true,false,true,82.,66.,30.,28.,12.1117073793
1.25300955671,Voter,14,3,1.,1,false,true,false,true,6.,6.,14.,12.,0.
1.25300955671,Voter,14,3,6.,1,false,true,false,true,16.,16.,12.,12.,11.9729797783
1.25300955671,Voter,14,3,11.,1,false,true,false,true,16.,16.,12.,12.,12.4398027531
1.25300955671,Voter,14,3,16.,1,false,true,false,true,16.,16.,12.,12.,12.4590138075
1.25300955671,Voter,14,3,21.,1,false,true,false,true,16.,16.,12.,12.,12.459841461
1.25300955671,Voter,14,3,26.,1,false,true,false,true,16.,16.,12.,12.,12.4598784927
1.25300955671,Voter,14,3,31.,1,false,true,false,true,16.,16.,12.,12.,12.4598802016
1.25300955671,Voter,14,3,36.,1,false,true,false,true,16.,16.,12.,12.,12.4598802824
1.25300955671,Voter,14,3,41.,1,false,true,false,true,16.,16.,12.,12.,12.4598802864
1.25300955671,Voter,14,3,46.,1,false,true,false,true,16.,16.,12.,12.,12.4598802865
1.25300955671,Voter,14,3,51.,1,false,true,false,true,16.,16.,12.,12.,12.4598802866
0.808233923935,Sample,14,3,1.,1,false,true,false,true,4.,4.,10.,8.,0.
0.808233923935,Sample,14,3,6.,1,false,true,false,true,6.,6.,0.,0.,9.51236103239
0.808233923935,Sample,14,3,11.,1,false,true,false,true,6.,6.,0.,0.,9.619933186
0.808233923935,Sample,14,3,16.,1,false,true,false,true,6.,6.,0.,0.,9.62130981212
0.808233923935,Sample,14,3,21.,1,false,true,false,true,6.,6.,0.,0.,9.62132908554
0.808233923935,Sample,14,3,26.,1,false,true,false,true,6.,6.,0.,0.,9.6213293733
0.808233923935,Sample,14,3,31.,1,false,true,false,true,6.,6.,0.,0.,9.62132937781
0.808233923935,Sample,14,3,36.,1,false,true,false,true,6.,6.,0.,0.,9.62132937788
0.808233923935,Sample,14,3,41.,1,false,true,false,true,6.,6.,0.,0.,9.62132937788
0.808233923935,Sample,14,3,46.,1,false,true,false,true,6.,6.,0.,0.,9.62132937788
0.808233923935,Sample,14,3,51.,1,false,true,false,true,6.,6.,0.,0.,9.62132937788
1.11521302012,Sample,14,7,1.,1,false,true,false,true,42.,40.,112.,94.,0.
1.11521302012,Sample,14,7,6.,1,false,true,false,true,226.,172.,200.,158.,11.3696000396
1.11521302012,Sample,14,7,11.,1,false,true,false,true,232.,178.,206.,162.,11.6976256421
1.11521302012,Sample,14,7,16.,1,false,true,false,true,232.,178.,206.,162.,11.7077516906
1.11521302012,Sample,14,7,21.,1,false,true,false,true,232.,178.,206.,162.,11.7080821316
1.11521302012,Sample,14,7,26.,1,false,true,false,true,232.,178.,206.,162.,11.7080934038
1.11521302012,Sample,14,7,31.,1,false,true,false,true,232.,178.,206.,162.,11.7080938021
1.11521302012,Sample,14,7,36.,1,false,true,false,true,232.,178.,206.,162.,11.7080938166
1.11521302012,Sample,14,7,41.,1,false,true,false,true,232.,178.,206.,162.,11.7080938171
1.11521302012,Sample,14,7,46.,1,false,true,false,true,232.,178.,206.,162.,11.7080938172
1.11521302012,Sample,14,7,51.,1,false,true,false,true,232.,178.,206.,162.,11.7080938172
0.838092692339,Sample,14,5,1.,1,false,true,false,true,104.,86.,154.,120.,0.
0.838092692339,Sample,14,5,6.,1,false,true,false,true,160.,124.,194.,142.,9.72990305675
0.838092692339,Sample,14,5,11.,1,false,true,false,true,160.,124.,194.,142.,9.85312316846
0.838092692339,Sample,14,5,16.,1,false,true,false,true,160.,124.,194.,142.,9.85487510194
0.838092692339,Sample,14,5,21.,1,false,true,false,true,160.,124.,194.,142.,9.85490223395
0.838092692339,Sample,14,5,26.,1,false,true,false,true,160.,124.,194.,142.,9.85490268102
0.838092692339,Sample,14,5,31.,1,false,true,false,true,160.,124.,194.,142.,9.85490268873
0.838092692339,Sample,14,5,36.,1,false,true,false,true,160.,124.,194.,142.,9.85490268887
0.838092692339,Sample,14,5,41.,1,false,true,false,true,160.,124.,194.,142.,9.85490268887
0.838092692339,Sample,14,5,46.,1,false,true,false,true,160.,124.,194.,142.,9.85490268887
0.838092692339,Sample,14,5,51.,1,false,true,false,true,160.,124.,194.,142.,9.85490268887
0.948195114163,Voter,14,3,1.,1,false,true,false,true,12.,12.,14.,14.,0.
0.948195114163,Voter,14,3,6.,1,false,true,false,true,18.,18.,12.,12.,10.4585037899
0.948195114163,Voter,14,3,11.,1,false,true,false,true,18.,18.,12.,12.,10.6503695969
0.948195114163,Voter,14,3,16.,1,false,true,false,true,18.,18.,12.,12.,10.6542288058
0.948195114163,Voter,14,3,21.,1,false,true,false,true,18.,18.,12.,12.,10.6543121855
0.948195114163,Voter,14,3,26.,1,false,true,false,true,18.,18.,12.,12.,10.6543140873
0.948195114163,Voter,14,3,31.,1,false,true,false,true,18.,18.,12.,12.,10.6543141325
0.948195114163,Voter,14,3,36.,1,false,true,false,true,18.,18.,12.,12.,10.6543141336
0.948195114163,Voter,14,3,41.,1,false,true,false,true,18.,18.,12.,12.,10.6543141336
0.948195114163,Voter,14,3,46.,1,false,true,false,true,18.,18.,12.,12.,10.6543141336
0.948195114163,Voter,14,3,51.,1,false,true,false,true,18.,18.,12.,12.,10.6543141336
1.13848024879,Voter,14,6,1.,1,false,true,false,true,12.,12.,40.,36.,0.
1.13848024879,Voter,14,6,6.,1,false,true,false,true,54.,46.,6.,6.,11.4801655404
1.13848024879,Voter,14,6,11.,1,false,true,false,true,54.,46.,6.,6.,11.8300484194
1.13848024879,Voter,14,6,16.,1,false,true,false,true,54.,46.,6.,6.,11.8414279352
1.13848024879,Voter,14,6,21.,1,false,true,false,true,54.,46.,6.,6.,11.8418184629
1.13848024879,Voter,14,6,26.,1,false,true,false,true,54.,46.,6.,6.,11.8418324563
1.13848024879,Voter,14,6,31.,1,false,true,false,true,54.,46.,6.,6.,11.8418329752
1.13848024879,Voter,14,6,36.,1,false,true,false,true,54.,46.,6.,6.,11.841832995
1.13848024879,Voter,14,6,41.,1,false,true,false,true,54.,46.,6.,6.,11.8418329958
1.13848024879,Voter,14,6,46.,1,false,true,false,true,54.,46.,6.,6.,11.8418329958
1.13848024879,Voter,14,6,51.,1,false,true,false,true,54.,46.,6.,6.,11.8418329958
1.31508793803,Voter,14,7,1.,1,false,true,false,true,52.,50.,76.,68.,0.
1.31508793803,Voter,14,7,6.,1,false,true,false,true,112.,96.,40.,38.,12.2071400646
1.31508793803,Voter,14,7,11.,1,false,true,false,true,112.,96.,40.,38.,12.7433336283
1.31508793803,Voter,14,7,16.,1,false,true,false,true,112.,96.,40.,38.,12.768071977
1.31508793803,Voter,14,7,21.,1,false,true,false,true,112.,96.,40.,38.,12.7692625286
1.31508793803,Voter,14,7,26.,1,false,true,false,true,112.,96.,40.,38.,12.7693218828
1.31508793803,Voter,14,7,31.,1,false,true,false,true,112.,96.,40.,38.,12.7693249294
1.31508793803,Voter,14,7,36.,1,false,true,false,true,112.,96.,40.,38.,12.7693250896
1.31508793803,Voter,14,7,41.,1,false,true,false,true,112.,96.,40.,38.,12.7693250982
1.31508793803,Voter,14,7,46.,1,false,true,false,true,112.,96.,40.,38.,12.7693250986
1.31508793803,Voter,14,7,51.,1,false,true,false,true,112.,96.,40.,38.,12.7693250987
0.844905619613,Voter,14,6,1.,1,false,true,false,true,20.,20.,54.,50.,0.
0.844905619613,Voter,14,6,6.,1,false,true,false,true,50.,48.,28.,28.,9.77829294649
0.844905619613,Voter,14,6,11.,1,false,true,false,true,50.,48.,28.,28.,9.90526064005
0.844905619613,Voter,14,6,16.,1,false,true,false,true,50.,48.,28.,28.,9.90710839877
0.844905619613,Voter,14,6,21.,1,false,true,false,true,50.,48.,28.,28.,9.90713766108
0.844905619613,Voter,14,6,26.,1,false,true,false,true,50.,48.,28.,28.,9.90713815389
0.844905619613,Voter,14,6,31.,1,false,true,false,true,50.,48.,28.,28.,9.90713816258
0.844905619613,Voter,14,6,36.,1,false,true,false,true,50.,48.,28.,28.,9.90713816274
0.844905619613,Voter,14,6,41.,1,false,true,false,true,50.,48.,28.,28.,9.90713816274
0.844905619613,Voter,14,6,46.,1,false,true,false,true,50.,48.,28.,28.,9.90713816274
0.844905619613,Voter,14,6,51.,1,false,true,false,true,50.,48.,28.,28.,9.90713816274
0.956130332055,Sample,14,4,1.,1,false,true,false,true,8.,8.,34.,28.,0.
0.956130332055,Sample,14,4,6.,1,false,true,false,true,64.,62.,70.,70.,10.5068210566
0.956130332055,Sample,14,4,11.,1,false,true,false,true,66.,64.,72.,72.,10.7042966557
0.956130332055,Sample,14,4,16.,1,false,true,false,true,66.,64.,72.,72.,10.7083602225
0.956130332055,Sample,14,4,21.,1,false,true,false,true,66.,64.,72.,72.,10.7084499606
0.956130332055,Sample,14,4,26.,1,false,true,false,true,66.,64.,72.,72.,10.7084520516
0.956130332055,Sample,14,4,31.,1,false,true,false,true,66.,64.,72.,72.,10.7084521023
0.956130332055,Sample,14,4,36.,1,false,true,false,true,66.,64.,72.,72.,10.7084521036
0.956130332055,Sample,14,4,41.,1,false,true,false,true,66.,64.,72.,72.,10.7084521037
0.956130332055,Sample,14,4,46.,1,false,true,false,true,66.,64.,72.,72.,10.7084521037
0.956130332055,Sample,14,4,51.,1,false,true,false,true,66.,64.,72.,72.,10.7084521037
1.1183238218,Voter,14,6,1.,1,false,true,false,true,52.,44.,104.,84.,0.
1.1183238218,Voter,14,6,6.,1,false,true,false,true,98.,74.,86.,68.,11.3845982233
1.1183238218,Voter,14,6,11.,1,false,true,false,true,96.,72.,88.,70.,11.7155071303
1.1183238218,Voter,14,6,16.,1,false,true,false,true,96.,72.,88.,70.,11.725794686
1.1183238218,Voter,14,6,21.,1,false,true,false,true,96.,72.,88.,70.,11.7261326958
1.1183238218,Voter,14,6,26.,1,false,true,false,true,96.,72.,88.,70.,11.7261443033
1.1183238218,Voter,14,6,31.,1,false,true,false,true,96.,72.,88.,70.,11.7261447161
1.1183238218,Voter,14,6,36.,1,false,true,false,true,96.,72.,88.,70.,11.7261447312
1.1183238218,Voter,14,6,41.,1,false,true,false,true,96.,72.,88.,70.,11.7261447317
1.1183238218,Voter,14,6,46.,1,false,true,false,true,96.,72.,88.,70.,11.7261447318
1.1183238218,Voter,14,6,51.,1,false,true,false,true,96.,72.,88.,70.,11.7261447318
1.18859233791,Voter,14,5,1.,1,false,true,false,true,8.,8.,20.,20.,0.
1.18859233791,Voter,14,5,6.,1,false,true,false,true,30.,26.,2.,2.,11.7060030809
1.18859233791,Voter,14,5,11.,1,false,true,false,true,30.,26.,2.,2.,12.1051931949
1.18859233791,Voter,14,5,16.,1,false,true,false,true,30.,26.,2.,2.,12.1196451431
1.18859233791,Voter,14,5,21.,1,false,true,false,true,30.,26.,2.,2.,12.1201951985
1.18859233791,Voter,14,5,26.,1,false,true,false,true,30.,26.,2.,2.,12.1202170041
1.18859233791,Voter,14,5,31.,1,false,true,false,true,30.,26.,2.,2.,12.1202178973
1.18859233791,Voter,14,5,36.,1,false,true,false,true,30.,26.,2.,2.,12.1202179349
1.18859233791,Voter,14,5,41.,1,false,true,false,true,30.,26.,2.,2.,12.1202179365
1.18859233791,Voter,14,5,46.,1,false,true,false,true,30.,26.,2.,2.,12.1202179366
1.18859233791,Voter,14,5,51.,1,false,true,false,true,30.,26.,2.,2.,12.1202179366
1.15549591926,Voter,14,3,1.,1,false,true,false,true,8.,8.,22.,20.,0.
1.15549591926,Voter,14,3,6.,1,false,true,false,true,16.,16.,22.,22.,11.5587012083
1.15549591926,Voter,14,3,11.,1,false,true,false,true,16.,16.,22.,22.,11.9249895447
1.15549591926,Voter,14,3,16.,1,false,true,false,true,16.,16.,22.,22.,11.9373538122
1.15549591926,Voter,14,3,21.,1,false,true,false,true,16.,16.,22.,22.,11.9377936393
1.15549591926,Voter,14,3,26.,1,false,true,false,true,16.,16.,22.,22.,11.9378099612
1.15549591926,Voter,14,3,31.,1,false,true,false,true,16.,16.,22.,22.,11.9378105877
1.15549591926,Voter,14,3,36.,1,false,true,false,true,16.,16.,22.,22.,11.9378106124
1.15549591926,Voter,14,3,41.,1,false,true,false,true,16.,16.,22.,22.,11.9378106134
1.15549591926,Voter,14,3,46.,1,false,true,false,true,16.,16.,22.,22.,11.9378106135
1.15549591926,Voter,14,3,51.,1,false,true,false,true,16.,16.,22.,22.,11.9378106135
0.905604306058,Voter,14,4,1.,1,false,true,false,true,6.,6.,10.,10.,0.
0.905604306058,Voter,14,4,6.,1,false,true,false,true,16.,12.,0.,0.,10.1898143448
0.905604306058,Voter,14,4,11.,1,false,true,false,true,16.,12.,0.,0.,10.353085648
0.905604306058,Voter,14,4,16.,1,false,true,false,true,16.,12.,0.,0.,10.3559777412
0.905604306058,Voter,14,4,21.,1,false,true,false,true,16.,12.,0.,0.,10.3560330457
0.905604306058,Voter,14,4,26.,1,false,true,false,true,16.,12.,0.,0.,10.3560341654
0.905604306058,Voter,14,4,31.,1,false,true,false,true,16.,12.,0.,0.,10.3560341891
0.905604306058,Voter,14,4,36.,1,false,true,false,true,16.,12.,0.,0.,10.3560341896
0.905604306058,Voter,14,4,41.,1,false,true,false,true,16.,12.,0.,0.,10.3560341896
0.905604306058,Voter,14,4,46.,1,false,true,false,true,16.,12.,0.,0.,10.3560341896
0.905604306058,Voter,14,4,51.,1,false,true,false,true,16.,12.,0.,0.,10.3560341896
1.29637819214,Sample,14,5,1.,1,false,true,false,true,26.,26.,52.,44.,0.
1.29637819214,Sample,14,5,6.,1,false,true,false,true,96.,78.,98.,72.,12.1388537886
1.29637819214,Sample,14,5,11.,1,false,true,false,true,96.,78.,98.,72.,12.6537281295
1.29637819214,Sample,14,5,16.,1,false,true,false,true,96.,78.,98.,72.,12.6766986648
1.29637819214,Sample,14,5,21.,1,false,true,false,true,96.,78.,98.,72.,12.6777687632
1.29637819214,Sample,14,5,26.,1,false,true,false,true,96.,78.,98.,72.,12.6778204433
1.29637819214,Sample,14,5,31.,1,false,true,false,true,96.,78.,98.,72.,12.6778230143
1.29637819214,Sample,14,5,36.,1,false,true,false,true,96.,78.,98.,72.,12.6778231454
1.29637819214,Sample,14,5,41.,1,false,true,false,true,96.,78.,98.,72.,12.6778231522
1.29637819214,Sample,14,5,46.,1,false,true,false,true,96.,78.,98.,72.,12.6778231526
1.29637819214,Sample,14,5,51.,1,false,true,false,true,96.,78.,98.,72.,12.6778231526
1.1408740042,Voter,14,6,1.,1,false,true,false,true,28.,26.,56.,50.,0.
1.1408740042,Voter,14,6,6.,1,false,true,false,true,60.,54.,32.,32.,11.4913312531
1.1408740042,Voter,14,6,11.,1,false,true,false,true,60.,54.,32.,32.,11.8435007389
1.1408740042,Voter,14,6,16.,1,false,true,false,true,60.,54.,32.,32.,11.8550152566
1.1408740042,Voter,14,6,21.,1,false,true,false,true,60.,54.,32.,32.,11.8554124363
1.1408740042,Voter,14,6,26.,1,false,true,false,true,60.,54.,32.,32.,11.855426739
1.1408740042,Voter,14,6,31.,1,false,true,false,true,60.,54.,32.,32.,11.855427272
1.1408740042,Voter,14,6,36.,1,false,true,false,true,60.,54.,32.,32.,11.8554272924
1.1408740042,Voter,14,6,41.,1,false,true,false,true,60.,54.,32.,32.,11.8554272932
1.1408740042,Voter,14,6,46.,1,false,true,false,true,60.,54.,32.,32.,11.8554272933
1.1408740042,Voter,14,6,51.,1,false,true,false,true,60.,54.,32.,32.,11.8554272933
1.16034640036,Voter,14,3,1.,1,false,true,false,true,4.,4.,10.,10.,0.
1.16034640036,Voter,14,3,6.,1,false,true,false,true,18.,16.,16.,16.,11.5807357502
1.16034640036,Voter,14,3,11.,1,false,true,false,true,20.,18.,18.,18.,11.9517647324
1.16034640036,Voter,14,3,16.,1,false,true,false,true,20.,18.,18.,18.,11.9644205458
1.16034640036,Voter,14,3,21.,1,false,true,false,true,20.,18.,18.,18.,11.9648753084
1.16034640036,Voter,14,3,26.,1,false,true,false,true,20.,18.,18.,18.,11.9648923515
1.16034640036,Voter,14,3,31.,1,false,true,false,true,20.,18.,18.,18.,11.9648930121
1.16034640036,Voter,14,3,36.,1,false,true,false,true,20.,18.,18.,18.,11.9648930384
1.16034640036,Voter,14,3,41.,1,false,true,false,true,20.,18.,18.,18.,11.9648930395
1.16034640036,Voter,14,3,46.,1,false,true,false,true,20.,18.,18.,18.,11.9648930395
1.16034640036,Voter,14,3,51.,1,false,true,false,true,20.,18.,18.,18.,11.9648930395
1.02030336067,Sample,14,6,1.,1,false,true,false,true,48.,44.,94.,84.,0.
1.02030336067,Sample,14,6,6.,1,false,true,false,true,152.,134.,146.,124.,10.8784021836
1.02030336067,Sample,14,6,11.,1,false,true,false,true,158.,138.,148.,128.,11.1244539112
1.02030336067,Sample,14,6,16.,1,false,true,false,true,158.,138.,148.,128.,11.1304835996
1.02030336067,Sample,14,6,21.,1,false,true,false,true,158.,138.,148.,128.,11.1306411205
1.02030336067,Sample,14,6,26.,1,false,true,false,true,158.,138.,148.,128.,11.1306454451
1.02030336067,Sample,14,6,31.,1,false,true,false,true,158.,138.,148.,128.,11.1306455685
1.02030336067,Sample,14,6,36.,1,false,true,false,true,158.,138.,148.,128.,11.1306455722
1.02030336067,Sample,14,6,41.,1,false,true,false,true,158.,138.,148.,128.,11.1306455723
1.02030336067,Sample,14,6,46.,1,false,true,false,true,158.,138.,148.,128.,11.1306455723
1.02030336067,Sample,14,6,51.,1,false,true,false,true,158.,138.,148.,128.,11.1306455723
1.28958021985,Sample,14,4,1.,1,false,true,false,true,8.,8.,34.,30.,0.
1.28958021985,Sample,14,4,6.,1,false,true,false,true,40.,36.,26.,26.,12.113561172
1.28958021985,Sample,14,4,11.,1,false,true,false,true,42.,38.,28.,28.,12.6207758008
1.28958021985,Sample,14,4,16.,1,false,true,false,true,42.,38.,28.,28.,12.6431261352
1.28958021985,Sample,14,4,21.,1,false,true,false,true,42.,38.,28.,28.,12.6441549282
1.28958021985,Sample,14,4,26.,1,false,true,false,true,42.,38.,28.,28.,12.6442040346
1.28958021985,Sample,14,4,31.,1,false,true,false,true,42.,38.,28.,28.,12.6442064496
1.28958021985,Sample,14,4,36.,1,false,true,false,true,42.,38.,28.,28.,12.6442065713
1.28958021985,Sample,14,4,41.,1,false,true,false,true,42.,38.,28.,28.,12.6442065775
1.28958021985,Sample,14,4,46.,1,false,true,false,true,42.,38.,28.,28.,12.6442065779
1.28958021985,Sample,14,4,51.,1,false,true,false,true,42.,38.,28.,28.,12.6442065779
1.36544050547,Sample,14,7,1.,1,false,true,false,true,74.,70.,164.,134.,0.
1.36544050547,Sample,14,7,6.,1,false,true,false,true,214.,180.,200.,186.,12.3815453877
1.36544050547,Sample,14,7,11.,1,false,true,false,true,222.,188.,204.,192.,12.9767795085
1.36544050547,Sample,14,7,16.,1,false,true,false,true,222.,188.,204.,192.,13.0067318792
1.36544050547,Sample,14,7,21.,1,false,true,false,true,222.,188.,204.,192.,13.0082999103
1.36544050547,Sample,14,7,26.,1,false,true,false,true,222.,188.,204.,192.,13.0083847852
1.36544050547,Sample,14,7,31.,1,false,true,false,true,222.,188.,204.,192.,13.008389509
1.36544050547,Sample,14,7,36.,1,false,true,false,true,222.,188.,204.,192.,13.0083897781
1.36544050547,Sample,14,7,41.,1,false,true,false,true,222.,188.,204.,192.,13.0083897937
1.36544050547,Sample,14,7,46.,1,false,true,false,true,222.,188.,204.,192.,13.0083897946
1.36544050547,Sample,14,7,51.,1,false,true,false,true,222.,188.,204.,192.,13.0083897947
0.903265627152,Voter,14,5,1.,1,false,true,false,true,16.,14.,24.,24.,0.
0.903265627152,Voter,14,5,6.,1,false,true,false,true,34.,30.,6.,6.,10.1745932656
0.903265627152,Voter,14,5,11.,1,false,true,false,true,34.,30.,6.,6.,10.3363687653
0.903265627152,Voter,14,5,16.,1,false,true,false,true,34.,30.,6.,6.,10.3392137337
0.903265627152,Voter,14,5,21.,1,false,true,false,true,34.,30.,6.,6.,10.339267761
0.903265627152,Voter,14,5,26.,1,false,true,false,true,34.,30.,6.,6.,10.3392688475
0.903265627152,Voter,14,5,31.,1,false,true,false,true,34.,30.,6.,6.,10.3392688703
0.903265627152,Voter,14,5,36.,1,false,true,false,true,34.,30.,6.,6.,10.3392688708
0.903265627152,Voter,14,5,41.,1,false,true,false,true,34.,30.,6.,6.,10.3392688708
0.903265627152,Voter,14,5,46.,1,false,true,false,true,34.,30.,6.,6.,10.3392688708
0.903265627152,Voter,14,5,51.,1,false,true,false,true,34.,30.,6.,6.,10.3392688708
1.1322787261,Sample,14,3,1.,1,false,true,false,true,2.,2.,10.,10.,0.
1.1322787261,Sample,14,3,6.,1,false,true,false,true,12.,12.,4.,4.,11.4510580092
1.1322787261,Sample,14,3,11.,1,false,true,false,true,14.,14.,2.,2.,11.7950496632
1.1322787261,Sample,14,3,16.,1,false,true,false,true,14.,14.,2.,2.,11.8060847308
1.1322787261,Sample,14,3,21.,1,false,true,false,true,14.,14.,2.,2.,11.806458443
1.1322787261,Sample,14,3,26.,1,false,true,false,true,14.,14.,2.,2.,11.8064716614
1.1322787261,Sample,14,3,31.,1,false,true,false,true,14.,14.,2.,2.,11.8064721454
1.1322787261,Sample,14,3,36.,1,false,true,false,true,14.,14.,2.,2.,11.8064721636
1.1322787261,Sample,14,3,41.,1,false,true,false,true,14.,14.,2.,2.,11.8064721643
1.1322787261,Sample,14,3,46.,1,false,true,false,true,14.,14.,2.,2.,11.8064721644
1.1322787261,Sample,14,3,51.,1,false,true,false,true,14.,14.,2.,2.,11.8064721644
1.21105163511,Voter,14,6,1.,1,false,true,false,true,52.,46.,66.,58.,0.
1.21105163511,Voter,14,6,6.,1,false,true,false,true,90.,70.,88.,74.,11.8019781709
1.21105163511,Voter,14,6,11.,1,false,true,false,true,92.,72.,90.,74.,12.2242216961
1.21105163511,Voter,14,6,16.,1,false,true,false,true,92.,72.,90.,74.,12.2402254677
1.21105163511,Voter,14,6,21.,1,false,true,false,true,92.,72.,90.,74.,12.2408621892
1.21105163511,Voter,14,6,26.,1,false,true,false,true,92.,72.,90.,74.,12.240888547
1.21105163511,Voter,14,6,31.,1,false,true,false,true,92.,72.,90.,74.,12.2408896737
1.21105163511,Voter,14,6,36.,1,false,true,false,true,92.,72.,90.,74.,12.2408897231
1.21105163511,Voter,14,6,41.,1,false,true,false,true,92.,72.,90.,74.,12.2408897253
1.21105163511,Voter,14,6,46.,1,false,true,false,true,92.,72.,90.,74.,12.2408897254
1.21105163511,Voter,14,6,51.,1,false,true,false,true,92.,72.,90.,74.,12.2408897254
0.802105344033,Voter,14,3,1.,1,false,true,false,true,14.,14.,8.,8.,0.
0.802105344033,Voter,14,3,6.,1,false,true,false,true,18.,18.,4.,4.,9.46658806532
0.802105344033,Voter,14,3,11.,1,false,true,false,true,18.,18.,4.,4.,9.571104305
0.802105344033,Voter,14,3,16.,1,false,true,false,true,18.,18.,4.,4.,9.57241236112
0.802105344033,Voter,14,3,21.,1,false,true,false,true,18.,18.,4.,4.,9.57243028781
0.802105344033,Voter,14,3,26.,1,false,true,false,true,18.,18.,4.,4.,9.57243054994
0.802105344033,Voter,14,3,31.,1,false,true,false,true,18.,18.,4.,4.,9.57243055396
0.802105344033,Voter,14,3,36.,1,false,true,false,true,18.,18.,4.,4.,9.57243055402
0.802105344033,Voter,14,3,41.,1,false,true,false,true,18.,18.,4.,4.,9.57243055402
0.802105344033,Voter,14,3,46.,1,false,true,false,true,18.,18.,4.,4.,9.57243055402
0.802105344033,Voter,14,3,51.,1,false,true,false,true,18.,18.,4.,4.,9.57243055402
1.16250346551,Voter,14,6,1.,1,false,true,false,true,32.,28.,52.,44.,0.
1.16250346551,Voter,14,6,6.,1,false,true,false,true,68.,56.,44.,40.,11.5904849747
1.16250346551,Voter,14,6,11.,1,false,true,false,true,68.,56.,44.,40.,11.9636312353
1.16250346551,Voter,14,6,16.,1,false,true,false,true,68.,56.,44.,40.,11.9764182689
1.16250346551,Voter,14,6,21.,1,false,true,false,true,68.,56.,44.,40.,11.9768798033
1.16250346551,Voter,14,6,26.,1,false,true,false,true,68.,56.,44.,40.,11.9768971758
1.16250346551,Voter,14,6,31.,1,false,true,false,true,68.,56.,44.,40.,11.9768978521
1.16250346551,Voter,14,6,36.,1,false,true,false,true,68.,56.,44.,40.,11.9768978792
1.16250346551,Voter,14,6,41.,1,false,true,false,true,68.,56.,44.,40.,11.9768978803
1.16250346551,Voter,14,6,46.,1,false,true,false,true,68.,56.,44.,40.,11.9768978803
1.16250346551,Voter,14,6,51.,1,false,true,false,true,68.,56.,44.,40.,11.9768978803
1.16345393242,Sample,14,4,1.,1,false,true,false,true,12.,12.,32.,28.,0.
1.16345393242,Sample,14,4,6.,1,false,true,false,true,124.,90.,140.,102.,11.5947710745
1.16345393242,Sample,14,4,11.,1,false,true,false,true,124.,90.,140.,102.,11.9688520356
1.16345393242,Sample,14,4,16.,1,false,true,false,true,124.,90.,140.,102.,11.9816971962
1.16345393242,Sample,14,4,21.,1,false,true,false,true,124.,90.,140.,102.,11.9821617402
1.16345393242,Sample,14,4,26.,1,false,true,false,true,124.,90.,140.,102.,11.9821792596
1.16345393242,Sample,14,4,31.,1,false,true,false,true,124.,90.,140.,102.,11.9821799428
1.16345393242,Sample,14,4,36.,1,false,true,false,true,124.,90.,140.,102.,11.9821799702
1.16345393242,Sample,14,4,41.,1,false,true,false,true,124.,90.,140.,102.,11.9821799713
1.16345393242,Sample,14,4,46.,1,false,true,false,true,124.,90.,140.,102.,11.9821799714
1.16345393242,Sample,14,4,51.,1,false,true,false,true,124.,90.,140.,102.,11.9821799714
1.05046263504,Voter,14,4,1.,1,false,true,false,true,8.,8.,14.,14.,0.
1.05046263504,Voter,14,4,6.,1,false,true,false,true,22.,20.,4.,4.,11.0417432738
1.05046263504,Voter,14,4,11.,1,false,true,false,true,22.,20.,4.,4.,11.3125615366
1.05046263504,Voter,14,4,16.,1,false,true,false,true,22.,20.,4.,4.,11.3197270794
1.05046263504,Voter,14,4,21.,1,false,true,false,true,22.,20.,4.,4.,11.3199286178
1.05046263504,Voter,14,4,26.,1,false,true,false,true,22.,20.,4.,4.,11.3199345643
1.05046263504,Voter,14,4,31.,1,false,true,false,true,22.,20.,4.,4.,11.3199347465
1.05046263504,Voter,14,4,36.,1,false,true,false,true,22.,20.,4.,4.,11.3199347522
1.05046263504,Voter,14,4,41.,1,false,true,false,true,22.,20.,4.,4.,11.3199347524
1.05046263504,Voter,14,4,46.,1,false,true,false,true,22.,20.,4.,4.,11.3199347524
1.05046263504,Voter,14,4,51.,1,false,true,false,true,22.,20.,4.,4.,11.3199347524
0.952319538519,Sample,14,7,1.,1,false,true,false,true,36.,34.,112.,96.,0.
0.952319538519,Sample,14,7,6.,1,false,true,false,true,124.,104.,68.,68.,10.4836842467
0.952319538519,Sample,14,7,11.,1,false,true,false,true,124.,104.,68.,68.,10.6784548009
0.952319538519,Sample,14,7,16.,1,false,true,false,true,124.,104.,68.,68.,10.6824192323
0.952319538519,Sample,14,7,21.,1,false,true,false,true,124.,104.,68.,68.,10.6825058684
0.952319538519,Sample,14,7,26.,1,false,true,false,true,124.,104.,68.,68.,10.6825078666
0.952319538519,Sample,14,7,31.,1,false,true,false,true,124.,104.,68.,68.,10.6825079146
0.952319538519,Sample,14,7,36.,1,false,true,false,true,124.,104.,68.,68.,10.6825079158
0.952319538519,Sample,14,7,41.,1,false,true,false,true,124.,104.,68.,68.,10.6825079158
0.952319538519,Sample,14,7,46.,1,false,true,false,true,124.,104.,68.,68.,10.6825079158
0.952319538519,Sample,14,7,51.,1,false,true,false,true,124.,104.,68.,68.,10.6825079158
0.802251216447,Sample,14,7,1.,1,false,true,false,true,98.,92.,206.,162.,0.
0.802251216447,Sample,14,7,6.,1,false,true,false,true,222.,164.,218.,162.,9.46768206408
0.802251216447,Sample,14,7,11.,1,false,true,false,true,226.,168.,214.,160.,9.57227042602
0.802251216447,Sample,14,7,16.,1,false,true,false,true,228.,168.,216.,160.,9.5735800825
0.802251216447,Sample,14,7,21.,1,false,true,false,true,228.,168.,216.,160.,9.57359804028
0.802251216447,Sample,14,7,26.,1,false,true,false,true,228.,168.,216.,160.,9.573598303
0.802251216447,Sample,14,7,31.,1,false,true,false,true,228.,168.,216.,160.,9.57359830703
0.802251216447,Sample,14,7,36.,1,false,true,false,true,228.,168.,216.,160.,9.57359830709
0.802251216447,Sample,14,7,41.,1,false,true,false,true,228.,168.,216.,160.,9.57359830709
0.802251216447,Sample,14,7,46.,1,false,true,false,true,228.,168.,216.,160.,9.57359830709
0.802251216447,Sample,14,7,51.,1,false,true,false,true,228.,168.,216.,160.,9.57359830709
1.23771296914,Sample,14,7,1.,1,false,true,false,true,38.,36.,132.,114.,0.
1.23771296914,Sample,14,7,6.,1,false,true,false,true,220.,182.,198.,184.,11.9118649809
1.23771296914,Sample,14,7,11.,1,false,true,false,true,226.,184.,200.,184.,12.3622123336
1.23771296914,Sample,14,7,16.,1,false,true,false,true,226.,184.,200.,184.,12.3802064563
1.23771296914,Sample,14,7,21.,1,false,true,false,true,226.,184.,200.,184.,12.38095986
1.23771296914,Sample,14,7,26.,1,false,true,false,true,226.,184.,200.,184.,12.3809926423
1.23771296914,Sample,14,7,31.,1,false,true,false,true,226.,184.,200.,184.,12.3809941142
1.23771296914,Sample,14,7,36.,1,false,true,false,true,226.,184.,200.,184.,12.380994182
1.23771296914,Sample,14,7,41.,1,false,true,false,true,226.,184.,200.,184.,12.3809941852
1.23771296914,Sample,14,7,46.,1,false,true,false,true,226.,184.,200.,184.,12.3809941853
1.23771296914,Sample,14,7,51.,1,false,true,false,true,226.,184.,200.,184.,12.3809941853
1.12704346693,Sample,14,7,1.,1,false,true,false,true,66.,58.,162.,126.,0.
1.12704346693,Sample,14,7,6.,1,false,true,false,true,300.,226.,328.,238.,11.4262819306
1.12704346693,Sample,14,7,11.,1,false,true,false,true,312.,232.,328.,238.,11.7653371874
1.12704346693,Sample,14,7,16.,1,false,true,false,true,312.,232.,328.,238.,11.776087379
1.12704346693,Sample,14,7,21.,1,false,true,false,true,312.,232.,328.,238.,11.7764473563
1.12704346693,Sample,14,7,26.,1,false,true,false,true,312.,232.,328.,238.,11.7764599492
1.12704346693,Sample,14,7,31.,1,false,true,false,true,312.,232.,328.,238.,11.7764604054
1.12704346693,Sample,14,7,36.,1,false,true,false,true,312.,232.,328.,238.,11.7764604224
1.12704346693,Sample,14,7,41.,1,false,true,false,true,312.,232.,328.,238.,11.776460423
1.12704346693,Sample,14,7,46.,1,false,true,false,true,312.,232.,328.,238.,11.776460423
1.12704346693,Sample,14,7,51.,1,false,true,false,true,312.,232.,328.,238.,11.776460423
1.03628867617,Sample,14,3,1.,1,false,true,false,true,2.,2.,10.,10.,0.
1.03628867617,Sample,14,3,6.,1,false,true,false,true,8.,8.,0.,0.,10.9658471785
1.03628867617,Sample,14,3,11.,1,false,true,false,true,8.,8.,0.,0.,11.2248741607
1.03628867617,Sample,14,3,16.,1,false,true,false,true,8.,8.,0.,0.,11.2314878179
1.03628867617,Sample,14,3,21.,1,false,true,false,true,8.,8.,0.,0.,11.2316675592
1.03628867617,Sample,14,3,26.,1,false,true,false,true,8.,8.,0.,0.,11.2316726879
1.03628867617,Sample,14,3,31.,1,false,true,false,true,8.,8.,0.,0.,11.2316728399
1.03628867617,Sample,14,3,36.,1,false,true,false,true,8.,8.,0.,0.,11.2316728445
1.03628867617,Sample,14,3,41.,1,false,true,false,true,8.,8.,0.,0.,11.2316728447
1.03628867617,Sample,14,3,46.,1,false,true,false,true,8.,8.,0.,0.,11.2316728447
1.03628867617,Sample,14,3,51.,1,false,true,false,true,8.,8.,0.,0.,11.2316728447
0.818376290474,Sample,14,3,1.,1,false,true,false,true,8.,8.,20.,20.,0.
0.818376290474,Sample,14,3,6.,1,false,true,false,true,26.,26.,26.,26.,9.58726518348
0.818376290474,Sample,14,3,11.,1,false,true,false,true,26.,26.,26.,26.,9.70001107443
0.818376290474,Sample,14,3,16.,1,false,true,false,true,26.,26.,26.,26.,9.70150732943
0.818376290474,Sample,14,3,21.,1,false,true,false,true,26.,26.,26.,26.,9.70152902041
0.818376290474,Sample,14,3,26.,1,false,true,false,true,26.,26.,26.,26.,9.70152935549
0.818376290474,Sample,14,3,31.,1,false,true,false,true,26.,26.,26.,26.,9.70152936091
0.818376290474,Sample,14,3,36.,1,false,true,false,true,26.,26.,26.,26.,9.701529361
0.818376290474,Sample,14,3,41.,1,false,true,false,true,26.,26.,26.,26.,9.701529361
0.818376290474,Sample,14,3,46.,1,false,true,false,true,26.,26.,26.,26.,9.701529361
0.818376290474,Sample,14,3,51.,1,false,true,false,true,26.,26.,26.,26.,9.701529361
1.13303975557,Voter,14,4,1.,1,false,true,false,true,22.,22.,38.,34.,0.
1.13303975557,Voter,14,4,6.,1,false,true,false,true,42.,34.,42.,36.,11.4546440443
1.13303975557,Voter,14,4,11.,1,false,true,false,true,40.,34.,40.,36.,11.7993561018
1.13303975557,Voter,14,4,16.,1,false,true,false,true,40.,34.,40.,36.,11.8104330291
1.13303975557,Voter,14,4,21.,1,false,true,false,true,40.,34.,40.,36.,11.8108087727
1.13303975557,Voter,14,4,26.,1,false,true,false,true,40.,34.,40.,36.,11.8108220842
1.13303975557,Voter,14,4,31.,1,false,true,false,true,40.,34.,40.,36.,11.8108225724
1.13303975557,Voter,14,4,36.,1,false,true,false,true,40.,34.,40.,36.,11.8108225908
1.13303975557,Voter,14,4,41.,1,false,true,false,true,40.,34.,40.,36.,11.8108225915
1.13303975557,Voter,14,4,46.,1,false,true,false,true,40.,34.,40.,36.,11.8108225915
1.13303975557,Voter,14,4,51.,1,false,true,false,true,40.,34.,40.,36.,11.8108225915
0.805095928375,Sample,14,5,1.,1,false,true,false,true,24.,24.,60.,48.,0.
0.805095928375,Sample,14,5,6.,1,false,true,false,true,136.,96.,148.,100.,9.48897250353
0.805095928375,Sample,14,5,11.,1,false,true,false,true,134.,96.,146.,100.,9.59497333731
0.805095928375,Sample,14,5,16.,1,false,true,false,true,134.,96.,146.,100.,9.59631451087
0.805095928375,Sample,14,5,21.,1,false,true,false,true,134.,96.,146.,100.,9.59633308437
0.805095928375,Sample,14,5,26.,1,false,true,false,true,134.,96.,146.,100.,9.59633335875
0.805095928375,Sample,14,5,31.,1,false,true,false,true,134.,96.,146.,100.,9.596333363
0.805095928375,Sample,14,5,36.,1,false,true,false,true,134.,96.,146.,100.,9.59633336306
0.805095928375,Sample,14,5,41.,1,false,true,false,true,134.,96.,146.,100.,9.59633336307
0.805095928375,Sample,14,5,46.,1,false,true,false,true,134.,96.,146.,100.,9.59633336307
0.805095928375,Sample,14,5,51.,1,false,true,false,true,134.,96.,146.,100.,9.59633336307
1.27463336625,Voter,14,6,1.,1,false,true,false,true,22.,22.,80.,68.,0.
1.27463336625,Voter,14,6,6.,1,false,true,false,true,80.,70.,58.,54.,12.0570323074
1.27463336625,Voter,14,6,11.,1,false,true,false,true,80.,70.,58.,54.,12.5475705856
1.27463336625,Voter,14,6,16.,1,false,true,false,true,80.,70.,58.,54.,12.5685980474
1.27463336625,Voter,14,6,21.,1,false,true,false,true,80.,70.,58.,54.,12.5695404395
1.27463336625,Voter,14,6,26.,1,false,true,false,true,80.,70.,58.,54.,12.5695842631
1.27463336625,Voter,14,6,31.,1,false,true,false,true,80.,70.,58.,54.,12.5695863637
1.27463336625,Voter,14,6,36.,1,false,true,false,true,80.,70.,58.,54.,12.5695864669
1.27463336625,Voter,14,6,41.,1,false,true,false,true,80.,70.,58.,54.,12.5695864721
1.27463336625,Voter,14,6,46.,1,false,true,false,true,80.,70.,58.,54.,12.5695864723
1.27463336625,Voter,14,6,51.,1,false,true,false,true,80.,70.,58.,54.,12.5695864724
1.24098523641,Voter,14,5,1.,1,false,true,false,true,10.,10.,30.,28.,0.
1.24098523641,Voter,14,5,6.,1,false,true,false,true,50.,46.,38.,38.,11.9250557167
1.24098523641,Voter,14,5,11.,1,false,true,false,true,52.,48.,40.,40.,12.3789062981
1.24098523641,Voter,14,5,16.,1,false,true,false,true,52.,48.,40.,40.,12.3971560847
1.24098523641,Voter,14,5,21.,1,false,true,false,true,52.,48.,40.,40.,12.3979249084
1.24098523641,Voter,14,5,26.,1,false,true,false,true,52.,48.,40.,40.,12.3979585633
1.24098523641,Voter,14,5,31.,1,false,true,false,true,52.,48.,40.,40.,12.3979600833
1.24098523641,Voter,14,5,36.,1,false,true,false,true,52.,48.,40.,40.,12.3979601537
1.24098523641,Voter,14,5,41.,1,false,true,false,true,52.,48.,40.,40.,12.397960157
1.24098523641,Voter,14,5,46.,1,false,true,false,true,52.,48.,40.,40.,12.3979601572
1.24098523641,Voter,14,5,51.,1,false,true,false,true,52.,48.,40.,40.,12.3979601572
0.929832058368,Voter,14,3,1.,1,false,true,false,true,12.,12.,16.,14.,0.
0.929832058368,Voter,14,3,6.,1,false,true,false,true,16.,14.,12.,12.,10.3446140317
0.929832058368,Voter,14,3,11.,1,false,true,false,true,16.,14.,12.,12.,10.5238372539
0.929832058368,Voter,14,3,16.,1,false,true,false,true,16.,14.,12.,12.,10.5272534194
0.929832058368,Voter,14,3,21.,1,false,true,false,true,16.,14.,12.,12.,10.5273235105
0.929832058368,Voter,14,3,26.,1,false,true,false,true,16.,14.,12.,12.,10.5273250306
0.929832058368,Voter,14,3,31.,1,false,true,false,true,16.,14.,12.,12.,10.527325065
0.929832058368,Voter,14,3,36.,1,false,true,false,true,16.,14.,12.,12.,10.5273250658
0.929832058368,Voter,14,3,41.,1,false,true,false,true,16.,14.,12.,12.,10.5273250658
0.929832058368,Voter,14,3,46.,1,false,true,false,true,16.,14.,12.,12.,10.5273250658
0.929832058368,Voter,14,3,51.,1,false,true,false,true,16.,14.,12.,12.,10.5273250658
1.25041435139,Sample,14,6,1.,1,false,true,false,true,46.,46.,98.,86.,0.
1.25041435139,Sample,14,6,6.,1,false,true,false,true,130.,106.,122.,100.,11.9627087192
1.25041435139,Sample,14,6,11.,1,false,true,false,true,136.,112.,128.,104.,12.4267187206
1.25041435139,Sample,14,6,16.,1,false,true,false,true,136.,112.,128.,104.,12.4457193871
1.25041435139,Sample,14,6,21.,1,false,true,false,true,136.,112.,128.,104.,12.4465340508
1.25041435139,Sample,14,6,26.,1,false,true,false,true,136.,112.,128.,104.,12.4465703306
1.25041435139,Sample,14,6,31.,1,false,true,false,true,136.,112.,128.,104.,12.446571997
1.25041435139,Sample,14,6,36.,1,false,true,false,true,136.,112.,128.,104.,12.4465720755
1.25041435139,Sample,14,6,41.,1,false,true,false,true,136.,112.,128.,104.,12.4465720793
1.25041435139,Sample,14,6,46.,1,false,true,false,true,136.,112.,128.,104.,12.4465720795
1.25041435139,Sample,14,6,51.,1,false,true,false,true,136.,112.,128.,104.,12.4465720795
1.33058395241,Voter,14,7,1.,1,false,true,false,true,52.,42.,72.,60.,0.
1.33058395241,Voter,14,7,6.,1,false,true,false,true,116.,86.,88.,68.,12.2622488413
1.33058395241,Voter,14,7,11.,1,false,true,false,true,116.,86.,88.,68.,12.8163582162
1.33058395241,Voter,14,7,16.,1,false,true,false,true,116.,86.,88.,68.,12.8426294057
1.33058395241,Voter,14,7,21.,1,false,true,false,true,116.,86.,88.,68.,12.8439275642
1.33058395241,Voter,14,7,26.,1,false,true,false,true,116.,86.,88.,68.,12.8439939754
1.33058395241,Voter,14,7,31.,1,false,true,false,true,116.,86.,88.,68.,12.8439974719
1.33058395241,Voter,14,7,36.,1,false,true,false,true,116.,86.,88.,68.,12.8439976605
1.33058395241,Voter,14,7,41.,1,false,true,false,true,116.,86.,88.,68.,12.8439976708
1.33058395241,Voter,14,7,46.,1,false,true,false,true,116.,86.,88.,68.,12.8439976714
1.33058395241,Voter,14,7,51.,1,false,true,false,true,116.,86.,88.,68.,12.8439976714
1.0104981355,Voter,14,5,1.,1,false,true,false,true,32.,28.,66.,58.,0.
1.0104981355,Voter,14,5,6.,1,false,true,false,true,62.,56.,64.,52.,10.8237778075
1.0104981355,Voter,14,5,11.,1,false,true,false,true,62.,56.,64.,52.,11.0620415316
1.0104981355,Voter,14,5,16.,1,false,true,false,true,62.,56.,64.,52.,11.0677325191
1.0104981355,Voter,14,5,21.,1,false,true,false,true,62.,56.,64.,52.,11.0678775669
1.0104981355,Voter,14,5,26.,1,false,true,false,true,62.,56.,64.,52.,11.0678814543
1.0104981355,Voter,14,5,31.,1,false,true,false,true,62.,56.,64.,52.,11.0678815626
1.0104981355,Voter,14,5,36.,1,false,true,false,true,62.,56.,64.,52.,11.0678815657
1.0104981355,Voter,14,5,41.,1,false,true,false,true,62.,56.,64.,52.,11.0678815658
1.0104981355,Voter,14,5,46.,1,false,true,false,true,62.,56.,64.,52.,11.0678815658
1.0104981355,Voter,14,5,51.,1,false,true,false,true,62.,56.,64.,52.,11.0678815658
1.12217929313,Sample,14,5,1.,1,false,true,false,true,18.,18.,54.,50.,0.
1.12217929313,Sample,14,5,6.,1,false,true,false,true,104.,82.,100.,80.,11.4030936895
1.12217929313,Sample,14,5,11.,1,false,true,false,true,104.,82.,96.,80.,11.7375929016
1.12217929313,Sample,14,5,16.,1,false,true,false,true,104.,82.,96.,80.,11.7480832029
1.12217929313,Sample,14,5,21.,1,false,true,false,true,104.,82.,96.,80.,11.7484307877
1.12217929313,Sample,14,5,26.,1,false,true,false,true,104.,82.,96.,80.,11.7484428224
1.12217929313,Sample,14,5,31.,1,false,true,false,true,104.,82.,96.,80.,11.7484432539
1.12217929313,Sample,14,5,36.,1,false,true,false,true,104.,82.,96.,80.,11.7484432699
1.12217929313,Sample,14,5,41.,1,false,true,false,true,104.,82.,96.,80.,11.7484432705
1.12217929313,Sample,14,5,46.,1,false,true,false,true,104.,82.,96.,80.,11.7484432705
1.12217929313,Sample,14,5,51.,1,false,true,false,true,104.,82.,96.,80.,11.7484432705
1.05623383792,Sample,14,4,1.,1,false,true,false,true,2.,2.,22.,18.,0.
1.05623383792,Sample,14,4,6.,1,false,true,false,true,20.,18.,0.,0.,11.0722107319
1.05623383792,Sample,14,4,11.,1,false,true,false,true,20.,18.,0.,0.,11.3479064846
1.05623383792,Sample,14,4,16.,1,false,true,false,true,20.,18.,0.,0.,11.3553061899
1.05623383792,Sample,14,4,21.,1,false,true,false,true,20.,18.,0.,0.,11.3555172023
1.05623383792,Sample,14,4,26.,1,false,true,false,true,20.,18.,0.,0.,11.3555235127
1.05623383792,Sample,14,4,31.,1,false,true,false,true,20.,18.,0.,0.,11.3555237086
1.05623383792,Sample,14,4,36.,1,false,true,false,true,20.,18.,0.,0.,11.3555237148
1.05623383792,Sample,14,4,41.,1,false,true,false,true,20.,18.,0.,0.,11.355523715
1.05623383792,Sample,14,4,46.,1,false,true,false,true,20.,18.,0.,0.,11.355523715
1.05623383792,Sample,14,4,51.,1,false,true,false,true,20.,18.,0.,0.,11.355523715
1.34432681608,Voter,14,5,1.,1,false,true,false,true,20.,18.,28.,26.,0.
1.34432681608,Voter,14,5,6.,1,false,true,false,true,52.,46.,16.,16.,12.3100459433
1.34432681608,Voter,14,5,11.,1,false,true,false,true,52.,46.,16.,16.,12.880235298
1.34432681608,Voter,14,5,16.,1,false,true,false,true,52.,46.,16.,16.,12.9079189092
1.34432681608,Voter,14,5,21.,1,false,true,false,true,52.,46.,16.,16.,12.9093187391
1.34432681608,Voter,14,5,26.,1,false,true,false,true,52.,46.,16.,16.,12.9093919823
1.34432681608,Voter,14,5,31.,1,false,true,false,true,52.,46.,16.,16.,12.9093959249
1.34432681608,Voter,14,5,36.,1,false,true,false,true,52.,46.,16.,16.,12.9093961422
1.34432681608,Voter,14,5,41.,1,false,true,false,true,52.,46.,16.,16.,12.9093961544
1.34432681608,Voter,14,5,46.,1,false,true,false,true,52.,46.,16.,16.,12.9093961551
1.34432681608,Voter,14,5,51.,1,false,true,false,true,52.,46.,16.,16.,12.9093961551
1.20986168857,Voter,14,5,1.,1,false,true,false,true,20.,20.,30.,28.,0.
1.20986168857,Voter,14,5,6.,1,false,true,false,true,42.,40.,16.,16.,11.7969722341
1.20986168857,Voter,14,5,11.,1,false,true,false,true,42.,40.,16.,16.,12.2179799214
1.20986168857,Voter,14,5,16.,1,false,true,false,true,42.,40.,16.,16.,12.2338986509
1.20986168857,Voter,14,5,21.,1,false,true,false,true,42.,40.,16.,16.,12.234530523
1.20986168857,Voter,14,5,26.,1,false,true,false,true,42.,40.,16.,16.,12.2345566208
1.20986168857,Voter,14,5,31.,1,false,true,false,true,42.,40.,16.,16.,12.234557734
1.20986168857,Voter,14,5,36.,1,false,true,false,true,42.,40.,16.,16.,12.2345577827
1.20986168857,Voter,14,5,41.,1,false,true,false,true,42.,40.,16.,16.,12.2345577849
1.20986168857,Voter,14,5,46.,1,false,true,false,true,42.,40.,16.,16.,12.234557785
1.20986168857,Voter,14,5,51.,1,false,true,false,true,42.,40.,16.,16.,12.234557785
0.888121552311,Voter,14,4,1.,1,false,true,false,true,32.,30.,28.,28.,0.
0.888121552311,Voter,14,4,6.,1,false,true,false,true,48.,42.,32.,26.,10.0748214912
0.888121552311,Voter,14,4,11.,1,false,true,false,true,48.,42.,32.,26.,10.2270989853
0.888121552311,Voter,14,4,16.,1,false,true,false,true,48.,42.,32.,26.,10.2296528617
0.888121552311,Voter,14,4,21.,1,false,true,false,true,48.,42.,32.,26.,10.2296992025
0.888121552311,Voter,14,4,26.,1,false,true,false,true,48.,42.,32.,26.,10.2297000939
0.888121552311,Voter,14,4,31.,1,false,true,false,true,48.,42.,32.,26.,10.2297001118
0.888121552311,Voter,14,4,36.,1,false,true,false,true,48.,42.,32.,26.,10.2297001122
0.888121552311,Voter,14,4,41.,1,false,true,false,true,48.,42.,32.,26.,10.2297001122
0.888121552311,Voter,14,4,46.,1,false,true,false,true,48.,42.,32.,26.,10.2297001122
0.888121552311,Voter,14,4,51.,1,false,true,false,true,48.,42.,32.,26.,10.2297001122
1.11918567234,Voter,14,5,1.,1,false,true,false,true,22.,22.,42.,40.,0.
1.11918567234,Voter,14,5,6.,1,false,true,false,true,50.,50.,30.,30.,11.3887416128
1.11918567234,Voter,14,5,11.,1,false,true,false,true,50.,50.,30.,30.,11.7204514844
1.11918567234,Voter,14,5,16.,1,false,true,false,true,50.,50.,30.,30.,11.7307841136
1.11918567234,Voter,14,5,21.,1,false,true,false,true,50.,50.,30.,30.,11.7311242451
1.11918567234,Voter,14,5,26.,1,false,true,false,true,50.,50.,30.,30.,11.7311359469
1.11918567234,Voter,14,5,31.,1,false,true,false,true,50.,50.,30.,30.,11.7311363638
1.11918567234,Voter,14,5,36.,1,false,true,false,true,50.,50.,30.,30.,11.7311363791
1.11918567234,Voter,14,5,41.,1,false,true,false,true,50.,50.,30.,30.,11.7311363797
1.11918567234,Voter,14,5,46.,1,false,true,false,true,50.,50.,30.,30.,11.7311363797
1.11918567234,Voter,14,5,51.,1,false,true,false,true,50.,50.,30.,30.,11.7311363797
